time_utc,water_level_m_navd88,sigma_m,flag_inferred,flag_flat_tolerance,flag_rate_of_change,flag_temp_limit,quality,record_missing,source
2022-09-19 00:00:00+00:00,-0.023,0.007,False,False,False,False,v,False,NOAA CO-OPS 8720218 water_level datum=NAVD units=metric tz=gmt interval=6
2022-09-19 00:06:00+00:00,-0.042,0.007,False,False,False,False,v,False,NOAA CO-OPS 8720218 water_level datum=NAVD units=metric tz=gmt interval=6
2022-09-19 00:12:00+00:00,-0.05,0.007,False,False,False,False,v,False,NOAA CO-OPS 8720218 water_level datum=NAVD units=metric tz=gmt interval=6
2022-09-19 00:18:00+00:00,-0.059,0.006,False,False,False,False,v,False,NOAA CO-OPS 8720218 water_level datum=NAVD units=metric tz=gmt interval=6
2022-09-19 00:24:00+00:00,-0.077,0.008,False,False,False,False,v,False,NOAA CO-OPS 8720218 water_level datum=NAVD units=metric tz=gmt interval=6
2022-09-19 00:30:00+00:00,-0.103,0.007,False,False,False,False,v,False,NOAA CO-OPS 8720218 water_level datum=NAVD units=metric tz=gmt interval=6
2022-09-19 00:36:00+00:00,-0.129,0.007,False,False,False,False,v,False,NOAA CO-OPS 8720218 water_level datum=NAVD units=metric tz=gmt interval=6
2022-09-19 00:42:00+00:00,-0.145,0.007,False,False,False,False,v,False,NOAA CO-OPS 8720218 water_level datum=NAVD units=metric tz=gmt interval=6
2022-09-19 00:48:00+00:00,-0.153,0.008,False,False,False,False,v,False,NOAA CO-OPS 8720218 water_level datum=NAVD units=metric tz=gmt interval=6
2022-09-19 00:54:00+00:00,-0.162,0.008,False,False,False,False,v,False,NOAA CO-OPS 8720218 water_level datum=NAVD units=metric tz=gmt interval=6
2022-09-19 01:00:00+00:00,-0.167,0.013,False,False,False,False,v,False,NOAA CO-OPS 8720218 water_level datum=NAVD units=metric tz=gmt interval=6
2022-09-19 01:06:00+00:00,-0.181,0.011,False,False,False,False,v,False,NOAA CO-OPS 8720218 water_level datum=NAVD units=metric tz=gmt interval=6
2022-09-19 01:12:00+00:00,-0.2,0.008,False,False,False,False,v,False,NOAA CO-OPS 8720218 water_level datum=NAVD units=metric tz=gmt interval=6
2022-09-19 01:18:00+00:00,-0.201,0.006,False,False,False,False,v,False,NOAA CO-OPS 8720218 water_level datum=NAVD units=metric tz=gmt interval=6
2022-09-19 01:24:00+00:00,-0.201,0.008,False,False,False,False,v,False,NOAA CO-OPS 8720218 water_level datum=NAVD units=metric tz=gmt interval=6
2022-09-19 01:30:00+00:00,-0.212,0.006,False,False,False,False,v,False,NOAA CO-OPS 8720218 water_level datum=NAVD units=metric tz=gmt interval=6
2022-09-19 01:36:00+00:00,-0.229,0.008,False,False,False,False,v,False,NOAA CO-OPS 8720218 water_level datum=NAVD units=metric tz=gmt interval=6
2022-09-19 01:42:00+00:00,-0.244,0.005,False,False,False,False,v,False,NOAA CO-OPS 8720218 water_level datum=NAVD units=metric tz=gmt interval=6
2022-09-19 01:48:00+00:00,-0.241,0.006,False,False,False,False,v,False,NOAA CO-OPS 8720218 water_level datum=NAVD units=metric tz=gmt interval=6
2022-09-19 01:54:00+00:00,-0.231,0.008,False,False,False,False,v,False,NOAA CO-OPS 8720218 water_level datum=NAVD units=metric tz=gmt interval=6
2022-09-19 02:00:00+00:00,-0.22,0.007,False,False,False,False,v,False,NOAA CO-OPS 8720218 water_level datum=NAVD units=metric tz=gmt interval=6
2022-09-19 02:06:00+00:00,-0.221,0.006,False,False,False,False,v,False,NOAA CO-OPS 8720218 water_level datum=NAVD units=metric tz=gmt interval=6
2022-09-19 02:12:00+00:00,-0.223,0.005,False,False,False,False,v,False,NOAA CO-OPS 8720218 water_level datum=NAVD units=metric tz=gmt interval=6
2022-09-19 02:18:00+00:00,-0.22,0.006,False,False,False,False,v,False,NOAA CO-OPS 8720218 water_level datum=NAVD units=metric tz=gmt interval=6
2022-09-19 02:24:00+00:00,-0.218,0.007,False,False,False,False,v,False,NOAA CO-OPS 8720218 water_level datum=NAVD units=metric tz=gmt interval=6
2022-09-19 02:30:00+00:00,-0.21,0.005,False,False,False,False,v,False,NOAA CO-OPS 8720218 water_level datum=NAVD units=metric tz=gmt interval=6
2022-09-19 02:36:00+00:00,-0.204,0.005,False,False,False,False,v,False,NOAA CO-OPS 8720218 water_level datum=NAVD units=metric tz=gmt interval=6
2022-09-19 02:42:00+00:00,-0.192,0.005,False,False,False,False,v,False,NOAA CO-OPS 8720218 water_level datum=NAVD units=metric tz=gmt interval=6
2022-09-19 02:48:00+00:00,-0.176,0.006,False,False,False,False,v,False,NOAA CO-OPS 8720218 water_level datum=NAVD units=metric tz=gmt interval=6
2022-09-19 02:54:00+00:00,-0.165,0.005,False,False,False,False,v,False,NOAA CO-OPS 8720218 water_level datum=NAVD units=metric tz=gmt interval=6
2022-09-19 03:00:00+00:00,-0.162,0.006,False,False,False,False,v,False,NOAA CO-OPS 8720218 water_level datum=NAVD units=metric tz=gmt interval=6
2022-09-19 03:06:00+00:00,-0.154,0.006,False,False,False,False,v,False,NOAA CO-OPS 8720218 water_level datum=NAVD units=metric tz=gmt interval=6
2022-09-19 03:12:00+00:00,-0.135,0.007,False,False,False,False,v,False,NOAA CO-OPS 8720218 water_level datum=NAVD units=metric tz=gmt interval=6
2022-09-19 03:18:00+00:00,-0.109,0.007,False,False,False,False,v,False,NOAA CO-OPS 8720218 water_level datum=NAVD units=metric tz=gmt interval=6
2022-09-19 03:24:00+00:00,-0.097,0.006,False,False,False,False,v,False,NOAA CO-OPS 8720218 water_level datum=NAVD units=metric tz=gmt interval=6
2022-09-19 03:30:00+00:00,-0.081,0.006,False,False,False,False,v,False,NOAA CO-OPS 8720218 water_level datum=NAVD units=metric tz=gmt interval=6
2022-09-19 03:36:00+00:00,-0.063,0.006,False,False,False,False,v,False,NOAA CO-OPS 8720218 water_level datum=NAVD units=metric tz=gmt interval=6
2022-09-19 03:42:00+00:00,-0.034,0.006,False,False,False,False,v,False,NOAA CO-OPS 8720218 water_level datum=NAVD units=metric tz=gmt interval=6
2022-09-19 03:48:00+00:00,-0.025,0.005,False,False,False,False,v,False,NOAA CO-OPS 8720218 water_level datum=NAVD units=metric tz=gmt interval=6
2022-09-19 03:54:00+00:00,-0.008,0.01,False,False,False,False,v,False,NOAA CO-OPS 8720218 water_level datum=NAVD units=metric tz=gmt interval=6
2022-09-19 04:00:00+00:00,0.002,0.007,False,False,False,False,v,False,NOAA CO-OPS 8720218 water_level datum=NAVD units=metric tz=gmt interval=6
2022-09-19 04:06:00+00:00,0.011,0.005,False,False,False,False,v,False,NOAA CO-OPS 8720218 water_level datum=NAVD units=metric tz=gmt interval=6
2022-09-19 04:12:00+00:00,0.032,0.006,False,False,False,False,v,False,NOAA CO-OPS 8720218 water_level datum=NAVD units=metric tz=gmt interval=6
2022-09-19 04:18:00+00:00,0.053,0.006,False,False,False,False,v,False,NOAA CO-OPS 8720218 water_level datum=NAVD units=metric tz=gmt interval=6
2022-09-19 04:24:00+00:00,0.064,0.005,False,False,False,False,v,False,NOAA CO-OPS 8720218 water_level datum=NAVD units=metric tz=gmt interval=6
2022-09-19 04:30:00+00:00,0.084,0.005,False,False,False,False,v,False,NOAA CO-OPS 8720218 water_level datum=NAVD units=metric tz=gmt interval=6
2022-09-19 04:36:00+00:00,0.109,0.007,False,False,False,False,v,False,NOAA CO-OPS 8720218 water_level datum=NAVD units=metric tz=gmt interval=6
2022-09-19 04:42:00+00:00,0.129,0.005,False,False,False,False,v,False,NOAA CO-OPS 8720218 water_level datum=NAVD units=metric tz=gmt interval=6
2022-09-19 04:48:00+00:00,0.148,0.005,False,False,False,False,v,False,NOAA CO-OPS 8720218 water_level datum=NAVD units=metric tz=gmt interval=6
2022-09-19 04:54:00+00:00,0.162,0.006,False,False,False,False,v,False,NOAA CO-OPS 8720218 water_level datum=NAVD units=metric tz=gmt interval=6
2022-09-19 05:00:00+00:00,0.177,0.006,False,False,False,False,v,False,NOAA CO-OPS 8720218 water_level datum=NAVD units=metric tz=gmt interval=6
2022-09-19 05:06:00+00:00,0.196,0.005,False,False,False,False,v,False,NOAA CO-OPS 8720218 water_level datum=NAVD units=metric tz=gmt interval=6
2022-09-19 05:12:00+00:00,0.222,0.006,False,False,False,False,v,False,NOAA CO-OPS 8720218 water_level datum=NAVD units=metric tz=gmt interval=6
2022-09-19 05:18:00+00:00,0.248,0.005,False,False,False,False,v,False,NOAA CO-OPS 8720218 water_level datum=NAVD units=metric tz=gmt interval=6
2022-09-19 05:24:00+00:00,0.264,0.006,False,False,False,False,v,False,NOAA CO-OPS 8720218 water_level datum=NAVD units=metric tz=gmt interval=6
2022-09-19 05:30:00+00:00,0.29,0.005,False,False,False,False,v,False,NOAA CO-OPS 8720218 water_level datum=NAVD units=metric tz=gmt interval=6
2022-09-19 05:36:00+00:00,0.316,0.006,False,False,False,False,v,False,NOAA CO-OPS 8720218 water_level datum=NAVD units=metric tz=gmt interval=6
2022-09-19 05:42:00+00:00,0.332,0.008,False,False,False,False,v,False,NOAA CO-OPS 8720218 water_level datum=NAVD units=metric tz=gmt interval=6
2022-09-19 05:48:00+00:00,0.346,0.006,False,False,False,False,v,False,NOAA CO-OPS 8720218 water_level datum=NAVD units=metric tz=gmt interval=6
2022-09-19 05:54:00+00:00,0.365,0.008,False,False,False,False,v,False,NOAA CO-OPS 8720218 water_level datum=NAVD units=metric tz=gmt interval=6
2022-09-19 06:00:00+00:00,0.385,0.008,False,False,False,False,v,False,NOAA CO-OPS 8720218 water_level datum=NAVD units=metric tz=gmt interval=6
2022-09-19 06:06:00+00:00,0.405,0.007,False,False,False,False,v,False,NOAA CO-OPS 8720218 water_level datum=NAVD units=metric tz=gmt interval=6
2022-09-19 06:12:00+00:00,0.412,0.008,False,False,False,False,v,False,NOAA CO-OPS 8720218 water_level datum=NAVD units=metric tz=gmt interval=6
2022-09-19 06:18:00+00:00,0.42,0.009,False,False,False,False,v,False,NOAA CO-OPS 8720218 water_level datum=NAVD units=metric tz=gmt interval=6
2022-09-19 06:24:00+00:00,0.44,0.009,False,False,False,False,v,False,NOAA CO-OPS 8720218 water_level datum=NAVD units=metric tz=gmt interval=6
2022-09-19 06:30:00+00:00,0.456,0.007,False,False,False,False,v,False,NOAA CO-OPS 8720218 water_level datum=NAVD units=metric tz=gmt interval=6
2022-09-19 06:36:00+00:00,0.465,0.008,False,False,False,False,v,False,NOAA CO-OPS 8720218 water_level datum=NAVD units=metric tz=gmt interval=6
2022-09-19 06:42:00+00:00,0.472,0.008,False,False,False,False,v,False,NOAA CO-OPS 8720218 water_level datum=NAVD units=metric tz=gmt interval=6
2022-09-19 06:48:00+00:00,0.481,0.006,False,False,False,False,v,False,NOAA CO-OPS 8720218 water_level datum=NAVD units=metric tz=gmt interval=6
2022-09-19 06:54:00+00:00,0.491,0.007,False,False,False,False,v,False,NOAA CO-OPS 8720218 water_level datum=NAVD units=metric tz=gmt interval=6
2022-09-19 07:00:00+00:00,0.502,0.006,False,False,False,False,v,False,NOAA CO-OPS 8720218 water_level datum=NAVD units=metric tz=gmt interval=6
2022-09-19 07:06:00+00:00,0.508,0.007,False,False,False,False,v,False,NOAA CO-OPS 8720218 water_level datum=NAVD units=metric tz=gmt interval=6
2022-09-19 07:12:00+00:00,0.503,0.007,False,False,False,False,v,False,NOAA CO-OPS 8720218 water_level datum=NAVD units=metric tz=gmt interval=6
2022-09-19 07:18:00+00:00,0.503,0.009,False,False,False,False,v,False,NOAA CO-OPS 8720218 water_level datum=NAVD units=metric tz=gmt interval=6
2022-09-19 07:24:00+00:00,0.53,0.009,False,False,False,False,v,False,NOAA CO-OPS 8720218 water_level datum=NAVD units=metric tz=gmt interval=6
2022-09-19 07:30:00+00:00,0.53,0.006,False,False,False,False,v,False,NOAA CO-OPS 8720218 water_level datum=NAVD units=metric tz=gmt interval=6
2022-09-19 07:36:00+00:00,0.528,0.006,False,False,False,False,v,False,NOAA CO-OPS 8720218 water_level datum=NAVD units=metric tz=gmt interval=6
2022-09-19 07:42:00+00:00,0.519,0.006,False,False,False,False,v,False,NOAA CO-OPS 8720218 water_level datum=NAVD units=metric tz=gmt interval=6
2022-09-19 07:48:00+00:00,0.547,0.035,False,False,False,False,v,False,NOAA CO-OPS 8720218 water_level datum=NAVD units=metric tz=gmt interval=6
2022-09-19 07:54:00+00:00,0.541,0.006,False,False,False,False,v,False,NOAA CO-OPS 8720218 water_level datum=NAVD units=metric tz=gmt interval=6
2022-09-19 08:00:00+00:00,0.54,0.007,False,False,False,False,v,False,NOAA CO-OPS 8720218 water_level datum=NAVD units=metric tz=gmt interval=6
2022-09-19 08:06:00+00:00,0.534,0.007,False,False,False,False,v,False,NOAA CO-OPS 8720218 water_level datum=NAVD units=metric tz=gmt interval=6
2022-09-19 08:12:00+00:00,0.533,0.008,False,False,False,False,v,False,NOAA CO-OPS 8720218 water_level datum=NAVD units=metric tz=gmt interval=6
2022-09-19 08:18:00+00:00,0.533,0.008,False,False,False,False,v,False,NOAA CO-OPS 8720218 water_level datum=NAVD units=metric tz=gmt interval=6
2022-09-19 08:24:00+00:00,0.545,0.008,False,False,False,False,v,False,NOAA CO-OPS 8720218 water_level datum=NAVD units=metric tz=gmt interval=6
2022-09-19 08:30:00+00:00,0.544,0.017,False,False,False,False,v,False,NOAA CO-OPS 8720218 water_level datum=NAVD units=metric tz=gmt interval=6
2022-09-19 08:36:00+00:00,0.544,0.018,False,False,False,False,v,False,NOAA CO-OPS 8720218 water_level datum=NAVD units=metric tz=gmt interval=6
2022-09-19 08:42:00+00:00,0.539,0.015,False,False,False,False,v,False,NOAA CO-OPS 8720218 water_level datum=NAVD units=metric tz=gmt interval=6
2022-09-19 08:48:00+00:00,0.504,0.011,False,False,False,False,v,False,NOAA CO-OPS 8720218 water_level datum=NAVD units=metric tz=gmt interval=6
2022-09-19 08:54:00+00:00,0.509,0.011,False,False,False,False,v,False,NOAA CO-OPS 8720218 water_level datum=NAVD units=metric tz=gmt interval=6
2022-09-19 09:00:00+00:00,0.51,0.014,False,False,False,False,v,False,NOAA CO-OPS 8720218 water_level datum=NAVD units=metric tz=gmt interval=6
2022-09-19 09:06:00+00:00,0.47,0.011,False,False,False,False,v,False,NOAA CO-OPS 8720218 water_level datum=NAVD units=metric tz=gmt interval=6
2022-09-19 09:12:00+00:00,0.532,0.037,False,False,False,False,v,False,NOAA CO-OPS 8720218 water_level datum=NAVD units=metric tz=gmt interval=6
2022-09-19 09:18:00+00:00,0.472,0.008,False,False,False,False,v,False,NOAA CO-OPS 8720218 water_level datum=NAVD units=metric tz=gmt interval=6
2022-09-19 09:24:00+00:00,0.452,0.007,False,False,False,False,v,False,NOAA CO-OPS 8720218 water_level datum=NAVD units=metric tz=gmt interval=6
2022-09-19 09:30:00+00:00,0.452,0.006,False,False,False,False,v,False,NOAA CO-OPS 8720218 water_level datum=NAVD units=metric tz=gmt interval=6
2022-09-19 09:36:00+00:00,0.431,0.025,False,False,False,False,v,False,NOAA CO-OPS 8720218 water_level datum=NAVD units=metric tz=gmt interval=6
2022-09-19 09:42:00+00:00,0.422,0.031,False,False,False,False,v,False,NOAA CO-OPS 8720218 water_level datum=NAVD units=metric tz=gmt interval=6
2022-09-19 09:48:00+00:00,0.404,0.015,False,False,False,False,v,False,NOAA CO-OPS 8720218 water_level datum=NAVD units=metric tz=gmt interval=6
2022-09-19 09:54:00+00:00,0.372,0.012,False,False,False,False,v,False,NOAA CO-OPS 8720218 water_level datum=NAVD units=metric tz=gmt interval=6
2022-09-19 10:00:00+00:00,0.371,0.006,False,False,False,False,v,False,NOAA CO-OPS 8720218 water_level datum=NAVD units=metric tz=gmt interval=6
2022-09-19 10:06:00+00:00,0.343,0.006,False,False,False,False,v,False,NOAA CO-OPS 8720218 water_level datum=NAVD units=metric tz=gmt interval=6
2022-09-19 10:12:00+00:00,0.304,0.004,False,False,False,False,v,False,NOAA CO-OPS 8720218 water_level datum=NAVD units=metric tz=gmt interval=6
2022-09-19 10:18:00+00:00,0.287,0.005,False,False,False,False,v,False,NOAA CO-OPS 8720218 water_level datum=NAVD units=metric tz=gmt interval=6
2022-09-19 10:24:00+00:00,0.259,0.006,False,False,False,False,v,False,NOAA CO-OPS 8720218 water_level datum=NAVD units=metric tz=gmt interval=6
2022-09-19 10:30:00+00:00,0.231,0.004,False,False,False,False,v,False,NOAA CO-OPS 8720218 water_level datum=NAVD units=metric tz=gmt interval=6
2022-09-19 10:36:00+00:00,0.212,0.004,False,False,False,False,v,False,NOAA CO-OPS 8720218 water_level datum=NAVD units=metric tz=gmt interval=6
2022-09-19 10:42:00+00:00,0.177,0.03,False,False,False,False,v,False,NOAA CO-OPS 8720218 water_level datum=NAVD units=metric tz=gmt interval=6
2022-09-19 10:48:00+00:00,0.152,0.024,False,False,False,False,v,False,NOAA CO-OPS 8720218 water_level datum=NAVD units=metric tz=gmt interval=6
2022-09-19 10:54:00+00:00,0.163,0.016,False,False,False,False,v,False,NOAA CO-OPS 8720218 water_level datum=NAVD units=metric tz=gmt interval=6
2022-09-19 11:00:00+00:00,0.119,0.008,False,False,False,False,v,False,NOAA CO-OPS 8720218 water_level datum=NAVD units=metric tz=gmt interval=6
2022-09-19 11:06:00+00:00,0.082,0.007,False,False,False,False,v,False,NOAA CO-OPS 8720218 water_level datum=NAVD units=metric tz=gmt interval=6
2022-09-19 11:12:00+00:00,0.047,0.009,False,False,False,False,v,False,NOAA CO-OPS 8720218 water_level datum=NAVD units=metric tz=gmt interval=6
2022-09-19 11:18:00+00:00,0.003,0.007,False,False,False,False,v,False,NOAA CO-OPS 8720218 water_level datum=NAVD units=metric tz=gmt interval=6
2022-09-19 11:24:00+00:00,-0.025,0.006,False,False,False,False,v,False,NOAA CO-OPS 8720218 water_level datum=NAVD units=metric tz=gmt interval=6
2022-09-19 11:30:00+00:00,-0.059,0.007,False,False,False,False,v,False,NOAA CO-OPS 8720218 water_level datum=NAVD units=metric tz=gmt interval=6
2022-09-19 11:36:00+00:00,-0.084,0.007,False,False,False,False,v,False,NOAA CO-OPS 8720218 water_level datum=NAVD units=metric tz=gmt interval=6
2022-09-19 11:42:00+00:00,-0.117,0.007,False,False,False,False,v,False,NOAA CO-OPS 8720218 water_level datum=NAVD units=metric tz=gmt interval=6
2022-09-19 11:48:00+00:00,-0.131,0.005,False,False,False,False,v,False,NOAA CO-OPS 8720218 water_level datum=NAVD units=metric tz=gmt interval=6
2022-09-19 11:54:00+00:00,-0.143,0.007,False,False,False,False,v,False,NOAA CO-OPS 8720218 water_level datum=NAVD units=metric tz=gmt interval=6
2022-09-19 12:00:00+00:00,-0.162,0.007,False,False,False,False,v,False,NOAA CO-OPS 8720218 water_level datum=NAVD units=metric tz=gmt interval=6
2022-09-19 12:06:00+00:00,-0.185,0.009,False,False,False,False,v,False,NOAA CO-OPS 8720218 water_level datum=NAVD units=metric tz=gmt interval=6
2022-09-19 12:12:00+00:00,-0.212,0.007,False,False,False,False,v,False,NOAA CO-OPS 8720218 water_level datum=NAVD units=metric tz=gmt interval=6
2022-09-19 12:18:00+00:00,-0.232,0.006,False,False,False,False,v,False,NOAA CO-OPS 8720218 water_level datum=NAVD units=metric tz=gmt interval=6
2022-09-19 12:24:00+00:00,-0.245,0.007,False,False,False,False,v,False,NOAA CO-OPS 8720218 water_level datum=NAVD units=metric tz=gmt interval=6
2022-09-19 12:30:00+00:00,-0.263,0.008,False,False,False,False,v,False,NOAA CO-OPS 8720218 water_level datum=NAVD units=metric tz=gmt interval=6
2022-09-19 12:36:00+00:00,-0.273,0.009,False,False,False,False,v,False,NOAA CO-OPS 8720218 water_level datum=NAVD units=metric tz=gmt interval=6
2022-09-19 12:42:00+00:00,-0.291,0.009,False,False,False,False,v,False,NOAA CO-OPS 8720218 water_level datum=NAVD units=metric tz=gmt interval=6
2022-09-19 12:48:00+00:00,-0.308,0.006,False,False,False,False,v,False,NOAA CO-OPS 8720218 water_level datum=NAVD units=metric tz=gmt interval=6
2022-09-19 12:54:00+00:00,-0.31,0.008,False,False,False,False,v,False,NOAA CO-OPS 8720218 water_level datum=NAVD units=metric tz=gmt interval=6
2022-09-19 13:00:00+00:00,-0.313,0.008,False,False,False,False,v,False,NOAA CO-OPS 8720218 water_level datum=NAVD units=metric tz=gmt interval=6
2022-09-19 13:06:00+00:00,-0.316,0.006,False,False,False,False,v,False,NOAA CO-OPS 8720218 water_level datum=NAVD units=metric tz=gmt interval=6
2022-09-19 13:12:00+00:00,-0.314,0.007,False,False,False,False,v,False,NOAA CO-OPS 8720218 water_level datum=NAVD units=metric tz=gmt interval=6
2022-09-19 13:18:00+00:00,-0.314,0.007,False,False,False,False,v,False,NOAA CO-OPS 8720218 water_level datum=NAVD units=metric tz=gmt interval=6
2022-09-19 13:24:00+00:00,-0.317,0.006,False,False,False,False,v,False,NOAA CO-OPS 8720218 water_level datum=NAVD units=metric tz=gmt interval=6
2022-09-19 13:30:00+00:00,-0.323,0.007,False,False,False,False,v,False,NOAA CO-OPS 8720218 water_level datum=NAVD units=metric tz=gmt interval=6
2022-09-19 13:36:00+00:00,-0.318,0.007,False,False,False,False,v,False,NOAA CO-OPS 8720218 water_level datum=NAVD units=metric tz=gmt interval=6
2022-09-19 13:42:00+00:00,-0.32,0.007,False,False,False,False,v,False,NOAA CO-OPS 8720218 water_level datum=NAVD units=metric tz=gmt interval=6
2022-09-19 13:48:00+00:00,-0.324,0.009,False,False,False,False,v,False,NOAA CO-OPS 8720218 water_level datum=NAVD units=metric tz=gmt interval=6
2022-09-19 13:54:00+00:00,-0.322,0.006,False,False,False,False,v,False,NOAA CO-OPS 8720218 water_level datum=NAVD units=metric tz=gmt interval=6
2022-09-19 14:00:00+00:00,-0.311,0.006,False,False,False,False,v,False,NOAA CO-OPS 8720218 water_level datum=NAVD units=metric tz=gmt interval=6
2022-09-19 14:06:00+00:00,-0.301,0.006,False,False,False,False,v,False,NOAA CO-OPS 8720218 water_level datum=NAVD units=metric tz=gmt interval=6
2022-09-19 14:12:00+00:00,-0.293,0.006,False,False,False,False,v,False,NOAA CO-OPS 8720218 water_level datum=NAVD units=metric tz=gmt interval=6
2022-09-19 14:18:00+00:00,-0.3,0.006,False,False,False,False,v,False,NOAA CO-OPS 8720218 water_level datum=NAVD units=metric tz=gmt interval=6
2022-09-19 14:24:00+00:00,-0.302,0.006,False,False,False,False,v,False,NOAA CO-OPS 8720218 water_level datum=NAVD units=metric tz=gmt interval=6
2022-09-19 14:30:00+00:00,-0.293,0.005,False,False,False,False,v,False,NOAA CO-OPS 8720218 water_level datum=NAVD units=metric tz=gmt interval=6
2022-09-19 14:36:00+00:00,-0.278,0.006,False,False,False,False,v,False,NOAA CO-OPS 8720218 water_level datum=NAVD units=metric tz=gmt interval=6
2022-09-19 14:42:00+00:00,-0.268,0.006,False,False,False,False,v,False,NOAA CO-OPS 8720218 water_level datum=NAVD units=metric tz=gmt interval=6
2022-09-19 14:48:00+00:00,-0.269,0.004,False,False,False,False,v,False,NOAA CO-OPS 8720218 water_level datum=NAVD units=metric tz=gmt interval=6
2022-09-19 14:54:00+00:00,-0.266,0.009,False,False,False,False,v,False,NOAA CO-OPS 8720218 water_level datum=NAVD units=metric tz=gmt interval=6
2022-09-19 15:00:00+00:00,-0.243,0.007,False,False,False,False,v,False,NOAA CO-OPS 8720218 water_level datum=NAVD units=metric tz=gmt interval=6
2022-09-19 15:06:00+00:00,-0.217,0.006,False,False,False,False,v,False,NOAA CO-OPS 8720218 water_level datum=NAVD units=metric tz=gmt interval=6
2022-09-19 15:12:00+00:00,-0.193,0.005,False,False,False,False,v,False,NOAA CO-OPS 8720218 water_level datum=NAVD units=metric tz=gmt interval=6
2022-09-19 15:18:00+00:00,-0.174,0.005,False,False,False,False,v,False,NOAA CO-OPS 8720218 water_level datum=NAVD units=metric tz=gmt interval=6
2022-09-19 15:24:00+00:00,-0.161,0.005,False,False,False,False,v,False,NOAA CO-OPS 8720218 water_level datum=NAVD units=metric tz=gmt interval=6
2022-09-19 15:30:00+00:00,-0.156,0.006,False,False,False,False,v,False,NOAA CO-OPS 8720218 water_level datum=NAVD units=metric tz=gmt interval=6
2022-09-19 15:36:00+00:00,-0.155,0.005,False,False,False,False,v,False,NOAA CO-OPS 8720218 water_level datum=NAVD units=metric tz=gmt interval=6
2022-09-19 15:42:00+00:00,-0.144,0.006,False,False,False,False,v,False,NOAA CO-OPS 8720218 water_level datum=NAVD units=metric tz=gmt interval=6
2022-09-19 15:48:00+00:00,-0.128,0.004,False,False,False,False,v,False,NOAA CO-OPS 8720218 water_level datum=NAVD units=metric tz=gmt interval=6
2022-09-19 15:54:00+00:00,-0.108,0.005,False,False,False,False,v,False,NOAA CO-OPS 8720218 water_level datum=NAVD units=metric tz=gmt interval=6
2022-09-19 16:00:00+00:00,-0.075,0.007,False,False,False,False,v,False,NOAA CO-OPS 8720218 water_level datum=NAVD units=metric tz=gmt interval=6
2022-09-19 16:06:00+00:00,-0.037,0.008,False,False,False,False,v,False,NOAA CO-OPS 8720218 water_level datum=NAVD units=metric tz=gmt interval=6
2022-09-19 16:12:00+00:00,-0.016,0.005,False,False,False,False,v,False,NOAA CO-OPS 8720218 water_level datum=NAVD units=metric tz=gmt interval=6
2022-09-19 16:18:00+00:00,-0.001,0.005,False,False,False,False,v,False,NOAA CO-OPS 8720218 water_level datum=NAVD units=metric tz=gmt interval=6
2022-09-19 16:24:00+00:00,0.036,0.014,False,False,False,False,v,False,NOAA CO-OPS 8720218 water_level datum=NAVD units=metric tz=gmt interval=6
2022-09-19 16:30:00+00:00,0.053,0.008,False,False,False,False,v,False,NOAA CO-OPS 8720218 water_level datum=NAVD units=metric tz=gmt interval=6
2022-09-19 16:36:00+00:00,0.069,0.012,False,False,False,False,v,False,NOAA CO-OPS 8720218 water_level datum=NAVD units=metric tz=gmt interval=6
2022-09-19 16:42:00+00:00,0.096,0.007,False,False,False,False,v,False,NOAA CO-OPS 8720218 water_level datum=NAVD units=metric tz=gmt interval=6
2022-09-19 16:48:00+00:00,0.12,0.01,False,False,False,False,v,False,NOAA CO-OPS 8720218 water_level datum=NAVD units=metric tz=gmt interval=6
2022-09-19 16:54:00+00:00,0.152,0.007,False,False,False,False,v,False,NOAA CO-OPS 8720218 water_level datum=NAVD units=metric tz=gmt interval=6
2022-09-19 17:00:00+00:00,0.171,0.009,False,False,False,False,v,False,NOAA CO-OPS 8720218 water_level datum=NAVD units=metric tz=gmt interval=6
2022-09-19 17:06:00+00:00,0.194,0.009,False,False,False,False,v,False,NOAA CO-OPS 8720218 water_level datum=NAVD units=metric tz=gmt interval=6
2022-09-19 17:12:00+00:00,0.214,0.009,False,False,False,False,v,False,NOAA CO-OPS 8720218 water_level datum=NAVD units=metric tz=gmt interval=6
2022-09-19 17:18:00+00:00,0.243,0.006,False,False,False,False,v,False,NOAA CO-OPS 8720218 water_level datum=NAVD units=metric tz=gmt interval=6
2022-09-19 17:24:00+00:00,0.268,0.007,False,False,False,False,v,False,NOAA CO-OPS 8720218 water_level datum=NAVD units=metric tz=gmt interval=6
2022-09-19 17:30:00+00:00,0.304,0.012,False,False,False,False,v,False,NOAA CO-OPS 8720218 water_level datum=NAVD units=metric tz=gmt interval=6
2022-09-19 17:36:00+00:00,0.328,0.009,False,False,False,False,v,False,NOAA CO-OPS 8720218 water_level datum=NAVD units=metric tz=gmt interval=6
2022-09-19 17:42:00+00:00,0.339,0.008,False,False,False,False,v,False,NOAA CO-OPS 8720218 water_level datum=NAVD units=metric tz=gmt interval=6
2022-09-19 17:48:00+00:00,0.374,0.007,False,False,False,False,v,False,NOAA CO-OPS 8720218 water_level datum=NAVD units=metric tz=gmt interval=6
2022-09-19 17:54:00+00:00,0.395,0.008,False,False,False,False,v,False,NOAA CO-OPS 8720218 water_level datum=NAVD units=metric tz=gmt interval=6
2022-09-19 18:00:00+00:00,0.418,0.008,False,False,False,False,v,False,NOAA CO-OPS 8720218 water_level datum=NAVD units=metric tz=gmt interval=6
2022-09-19 18:06:00+00:00,0.436,0.008,False,False,False,False,v,False,NOAA CO-OPS 8720218 water_level datum=NAVD units=metric tz=gmt interval=6
2022-09-19 18:12:00+00:00,0.451,0.008,False,False,False,False,v,False,NOAA CO-OPS 8720218 water_level datum=NAVD units=metric tz=gmt interval=6
2022-09-19 18:18:00+00:00,0.476,0.007,False,False,False,False,v,False,NOAA CO-OPS 8720218 water_level datum=NAVD units=metric tz=gmt interval=6
2022-09-19 18:24:00+00:00,0.504,0.01,False,False,False,False,v,False,NOAA CO-OPS 8720218 water_level datum=NAVD units=metric tz=gmt interval=6
2022-09-19 18:30:00+00:00,0.486,0.023,False,False,False,False,v,False,NOAA CO-OPS 8720218 water_level datum=NAVD units=metric tz=gmt interval=6
2022-09-19 18:36:00+00:00,0.548,0.015,False,False,False,False,v,False,NOAA CO-OPS 8720218 water_level datum=NAVD units=metric tz=gmt interval=6
2022-09-19 18:42:00+00:00,0.531,0.017,False,False,False,False,v,False,NOAA CO-OPS 8720218 water_level datum=NAVD units=metric tz=gmt interval=6
2022-09-19 18:48:00+00:00,0.563,0.008,False,False,False,False,v,False,NOAA CO-OPS 8720218 water_level datum=NAVD units=metric tz=gmt interval=6
2022-09-19 18:54:00+00:00,0.568,0.009,False,False,False,False,v,False,NOAA CO-OPS 8720218 water_level datum=NAVD units=metric tz=gmt interval=6
2022-09-19 19:00:00+00:00,0.571,0.009,False,False,False,False,v,False,NOAA CO-OPS 8720218 water_level datum=NAVD units=metric tz=gmt interval=6
2022-09-19 19:06:00+00:00,0.582,0.011,False,False,False,False,v,False,NOAA CO-OPS 8720218 water_level datum=NAVD units=metric tz=gmt interval=6
2022-09-19 19:12:00+00:00,0.596,0.007,False,False,False,False,v,False,NOAA CO-OPS 8720218 water_level datum=NAVD units=metric tz=gmt interval=6
2022-09-19 19:18:00+00:00,0.605,0.006,False,False,False,False,v,False,NOAA CO-OPS 8720218 water_level datum=NAVD units=metric tz=gmt interval=6
2022-09-19 19:24:00+00:00,0.622,0.007,False,False,False,False,v,False,NOAA CO-OPS 8720218 water_level datum=NAVD units=metric tz=gmt interval=6
2022-09-19 19:30:00+00:00,0.633,0.005,False,False,False,False,v,False,NOAA CO-OPS 8720218 water_level datum=NAVD units=metric tz=gmt interval=6
2022-09-19 19:36:00+00:00,0.638,0.005,False,False,False,False,v,False,NOAA CO-OPS 8720218 water_level datum=NAVD units=metric tz=gmt interval=6
2022-09-19 19:42:00+00:00,0.656,0.004,False,False,False,False,v,False,NOAA CO-OPS 8720218 water_level datum=NAVD units=metric tz=gmt interval=6
2022-09-19 19:48:00+00:00,0.661,0.006,False,False,False,False,v,False,NOAA CO-OPS 8720218 water_level datum=NAVD units=metric tz=gmt interval=6
2022-09-19 19:54:00+00:00,0.671,0.006,False,False,False,False,v,False,NOAA CO-OPS 8720218 water_level datum=NAVD units=metric tz=gmt interval=6
2022-09-19 20:00:00+00:00,0.684,0.005,False,False,False,False,v,False,NOAA CO-OPS 8720218 water_level datum=NAVD units=metric tz=gmt interval=6
2022-09-19 20:06:00+00:00,0.684,0.006,False,False,False,False,v,False,NOAA CO-OPS 8720218 water_level datum=NAVD units=metric tz=gmt interval=6
2022-09-19 20:12:00+00:00,0.699,0.007,False,False,False,False,v,False,NOAA CO-OPS 8720218 water_level datum=NAVD units=metric tz=gmt interval=6
2022-09-19 20:18:00+00:00,0.71,0.007,False,False,False,False,v,False,NOAA CO-OPS 8720218 water_level datum=NAVD units=metric tz=gmt interval=6
2022-09-19 20:24:00+00:00,0.716,0.006,False,False,False,False,v,False,NOAA CO-OPS 8720218 water_level datum=NAVD units=metric tz=gmt interval=6
2022-09-19 20:30:00+00:00,0.723,0.007,False,False,False,False,v,False,NOAA CO-OPS 8720218 water_level datum=NAVD units=metric tz=gmt interval=6
2022-09-19 20:36:00+00:00,0.722,0.005,False,False,False,False,v,False,NOAA CO-OPS 8720218 water_level datum=NAVD units=metric tz=gmt interval=6
2022-09-19 20:42:00+00:00,0.717,0.006,False,False,False,False,v,False,NOAA CO-OPS 8720218 water_level datum=NAVD units=metric tz=gmt interval=6
2022-09-19 20:48:00+00:00,0.707,0.005,False,False,False,False,v,False,NOAA CO-OPS 8720218 water_level datum=NAVD units=metric tz=gmt interval=6
2022-09-19 20:54:00+00:00,0.705,0.006,False,False,False,False,v,False,NOAA CO-OPS 8720218 water_level datum=NAVD units=metric tz=gmt interval=6
2022-09-19 21:00:00+00:00,0.712,0.009,False,False,False,False,v,False,NOAA CO-OPS 8720218 water_level datum=NAVD units=metric tz=gmt interval=6
2022-09-19 21:06:00+00:00,0.712,0.006,False,False,False,False,v,False,NOAA CO-OPS 8720218 water_level datum=NAVD units=metric tz=gmt interval=6
2022-09-19 21:12:00+00:00,0.7,0.008,False,False,False,False,v,False,NOAA CO-OPS 8720218 water_level datum=NAVD units=metric tz=gmt interval=6
2022-09-19 21:18:00+00:00,0.697,0.006,False,False,False,False,v,False,NOAA CO-OPS 8720218 water_level datum=NAVD units=metric tz=gmt interval=6
2022-09-19 21:24:00+00:00,0.674,0.01,False,False,False,False,v,False,NOAA CO-OPS 8720218 water_level datum=NAVD units=metric tz=gmt interval=6
2022-09-19 21:30:00+00:00,0.682,0.007,False,False,False,False,v,False,NOAA CO-OPS 8720218 water_level datum=NAVD units=metric tz=gmt interval=6
2022-09-19 21:36:00+00:00,0.664,0.004,False,False,False,False,v,False,NOAA CO-OPS 8720218 water_level datum=NAVD units=metric tz=gmt interval=6
2022-09-19 21:42:00+00:00,0.662,0.005,False,False,False,False,v,False,NOAA CO-OPS 8720218 water_level datum=NAVD units=metric tz=gmt interval=6
2022-09-19 21:48:00+00:00,0.649,0.007,False,False,False,False,v,False,NOAA CO-OPS 8720218 water_level datum=NAVD units=metric tz=gmt interval=6
2022-09-19 21:54:00+00:00,0.659,0.007,False,False,False,False,v,False,NOAA CO-OPS 8720218 water_level datum=NAVD units=metric tz=gmt interval=6
2022-09-19 22:00:00+00:00,0.634,0.007,False,False,False,False,v,False,NOAA CO-OPS 8720218 water_level datum=NAVD units=metric tz=gmt interval=6
2022-09-19 22:06:00+00:00,0.616,0.008,False,False,False,False,v,False,NOAA CO-OPS 8720218 water_level datum=NAVD units=metric tz=gmt interval=6
2022-09-19 22:12:00+00:00,0.595,0.009,False,False,False,False,v,False,NOAA CO-OPS 8720218 water_level datum=NAVD units=metric tz=gmt interval=6
2022-09-19 22:18:00+00:00,0.584,0.006,False,False,False,False,v,False,NOAA CO-OPS 8720218 water_level datum=NAVD units=metric tz=gmt interval=6
2022-09-19 22:24:00+00:00,0.569,0.004,False,False,False,False,v,False,NOAA CO-OPS 8720218 water_level datum=NAVD units=metric tz=gmt interval=6
2022-09-19 22:30:00+00:00,0.555,0.004,False,False,False,False,v,False,NOAA CO-OPS 8720218 water_level datum=NAVD units=metric tz=gmt interval=6
2022-09-19 22:36:00+00:00,0.53,0.005,False,False,False,False,v,False,NOAA CO-OPS 8720218 water_level datum=NAVD units=metric tz=gmt interval=6
2022-09-19 22:42:00+00:00,0.521,0.036,False,False,False,False,v,False,NOAA CO-OPS 8720218 water_level datum=NAVD units=metric tz=gmt interval=6
2022-09-19 22:48:00+00:00,0.472,0.006,False,False,False,False,v,False,NOAA CO-OPS 8720218 water_level datum=NAVD units=metric tz=gmt interval=6
2022-09-19 22:54:00+00:00,0.455,0.005,False,False,False,False,v,False,NOAA CO-OPS 8720218 water_level datum=NAVD units=metric tz=gmt interval=6
2022-09-19 23:00:00+00:00,0.44,0.005,False,False,False,False,v,False,NOAA CO-OPS 8720218 water_level datum=NAVD units=metric tz=gmt interval=6
2022-09-19 23:06:00+00:00,0.409,0.006,False,False,False,False,v,False,NOAA CO-OPS 8720218 water_level datum=NAVD units=metric tz=gmt interval=6
2022-09-19 23:12:00+00:00,0.373,0.007,False,False,False,False,v,False,NOAA CO-OPS 8720218 water_level datum=NAVD units=metric tz=gmt interval=6
2022-09-19 23:18:00+00:00,0.34,0.006,False,False,False,False,v,False,NOAA CO-OPS 8720218 water_level datum=NAVD units=metric tz=gmt interval=6
2022-09-19 23:24:00+00:00,0.317,0.006,False,False,False,False,v,False,NOAA CO-OPS 8720218 water_level datum=NAVD units=metric tz=gmt interval=6
2022-09-19 23:30:00+00:00,0.311,0.007,False,False,False,False,v,False,NOAA CO-OPS 8720218 water_level datum=NAVD units=metric tz=gmt interval=6
2022-09-19 23:36:00+00:00,0.27,0.028,False,False,False,False,v,False,NOAA CO-OPS 8720218 water_level datum=NAVD units=metric tz=gmt interval=6
2022-09-19 23:42:00+00:00,0.267,0.01,False,False,False,False,v,False,NOAA CO-OPS 8720218 water_level datum=NAVD units=metric tz=gmt interval=6
2022-09-19 23:48:00+00:00,0.217,0.013,False,False,False,False,v,False,NOAA CO-OPS 8720218 water_level datum=NAVD units=metric tz=gmt interval=6
2022-09-19 23:54:00+00:00,0.191,0.009,False,False,False,False,v,False,NOAA CO-OPS 8720218 water_level datum=NAVD units=metric tz=gmt interval=6
2022-09-20 00:00:00+00:00,0.165,0.008,False,False,False,False,v,False,NOAA CO-OPS 8720218 water_level datum=NAVD units=metric tz=gmt interval=6
2022-09-20 00:06:00+00:00,0.138,0.006,False,False,False,False,v,False,NOAA CO-OPS 8720218 water_level datum=NAVD units=metric tz=gmt interval=6
2022-09-20 00:12:00+00:00,0.111,0.006,False,False,False,False,v,False,NOAA CO-OPS 8720218 water_level datum=NAVD units=metric tz=gmt interval=6
2022-09-20 00:18:00+00:00,0.083,0.012,False,False,False,False,v,False,NOAA CO-OPS 8720218 water_level datum=NAVD units=metric tz=gmt interval=6
2022-09-20 00:24:00+00:00,0.06,0.009,False,False,False,False,v,False,NOAA CO-OPS 8720218 water_level datum=NAVD units=metric tz=gmt interval=6
2022-09-20 00:30:00+00:00,0.043,0.004,False,False,False,False,v,False,NOAA CO-OPS 8720218 water_level datum=NAVD units=metric tz=gmt interval=6
2022-09-20 00:36:00+00:00,0.026,0.006,False,False,False,False,v,False,NOAA CO-OPS 8720218 water_level datum=NAVD units=metric tz=gmt interval=6
2022-09-20 00:42:00+00:00,0.003,0.008,False,False,False,False,v,False,NOAA CO-OPS 8720218 water_level datum=NAVD units=metric tz=gmt interval=6
2022-09-20 00:48:00+00:00,-0.032,0.01,False,False,False,False,v,False,NOAA CO-OPS 8720218 water_level datum=NAVD units=metric tz=gmt interval=6
2022-09-20 00:54:00+00:00,-0.067,0.007,False,False,False,False,v,False,NOAA CO-OPS 8720218 water_level datum=NAVD units=metric tz=gmt interval=6
2022-09-20 01:00:00+00:00,-0.113,0.008,False,False,False,False,v,False,NOAA CO-OPS 8720218 water_level datum=NAVD units=metric tz=gmt interval=6
2022-09-20 01:06:00+00:00,-0.138,0.006,False,False,False,False,v,False,NOAA CO-OPS 8720218 water_level datum=NAVD units=metric tz=gmt interval=6
2022-09-20 01:12:00+00:00,-0.157,0.006,False,False,False,False,v,False,NOAA CO-OPS 8720218 water_level datum=NAVD units=metric tz=gmt interval=6
2022-09-20 01:18:00+00:00,-0.169,0.005,False,False,False,False,v,False,NOAA CO-OPS 8720218 water_level datum=NAVD units=metric tz=gmt interval=6
2022-09-20 01:24:00+00:00,-0.18,0.012,False,False,False,False,v,False,NOAA CO-OPS 8720218 water_level datum=NAVD units=metric tz=gmt interval=6
2022-09-20 01:30:00+00:00,-0.185,0.007,False,False,False,False,v,False,NOAA CO-OPS 8720218 water_level datum=NAVD units=metric tz=gmt interval=6
2022-09-20 01:36:00+00:00,-0.197,0.006,False,False,False,False,v,False,NOAA CO-OPS 8720218 water_level datum=NAVD units=metric tz=gmt interval=6
2022-09-20 01:42:00+00:00,-0.211,0.005,False,False,False,False,v,False,NOAA CO-OPS 8720218 water_level datum=NAVD units=metric tz=gmt interval=6
2022-09-20 01:48:00+00:00,-0.217,0.006,False,False,False,False,v,False,NOAA CO-OPS 8720218 water_level datum=NAVD units=metric tz=gmt interval=6
2022-09-20 01:54:00+00:00,-0.231,0.006,False,False,False,False,v,False,NOAA CO-OPS 8720218 water_level datum=NAVD units=metric tz=gmt interval=6
2022-09-20 02:00:00+00:00,-0.255,0.007,False,False,False,False,v,False,NOAA CO-OPS 8720218 water_level datum=NAVD units=metric tz=gmt interval=6
2022-09-20 02:06:00+00:00,-0.271,0.007,False,False,False,False,v,False,NOAA CO-OPS 8720218 water_level datum=NAVD units=metric tz=gmt interval=6
2022-09-20 02:12:00+00:00,-0.28,0.008,False,False,False,False,v,False,NOAA CO-OPS 8720218 water_level datum=NAVD units=metric tz=gmt interval=6
2022-09-20 02:18:00+00:00,-0.283,0.007,False,False,False,False,v,False,NOAA CO-OPS 8720218 water_level datum=NAVD units=metric tz=gmt interval=6
2022-09-20 02:24:00+00:00,-0.308,0.01,False,False,False,False,v,False,NOAA CO-OPS 8720218 water_level datum=NAVD units=metric tz=gmt interval=6
2022-09-20 02:30:00+00:00,-0.307,0.007,False,False,False,False,v,False,NOAA CO-OPS 8720218 water_level datum=NAVD units=metric tz=gmt interval=6
2022-09-20 02:36:00+00:00,-0.304,0.008,False,False,False,False,v,False,NOAA CO-OPS 8720218 water_level datum=NAVD units=metric tz=gmt interval=6
2022-09-20 02:42:00+00:00,-0.315,0.008,False,False,False,False,v,False,NOAA CO-OPS 8720218 water_level datum=NAVD units=metric tz=gmt interval=6
2022-09-20 02:48:00+00:00,-0.31,0.011,False,False,False,False,v,False,NOAA CO-OPS 8720218 water_level datum=NAVD units=metric tz=gmt interval=6
2022-09-20 02:54:00+00:00,-0.292,0.006,False,False,False,False,v,False,NOAA CO-OPS 8720218 water_level datum=NAVD units=metric tz=gmt interval=6
2022-09-20 03:00:00+00:00,-0.295,0.008,False,False,False,False,v,False,NOAA CO-OPS 8720218 water_level datum=NAVD units=metric tz=gmt interval=6
2022-09-20 03:06:00+00:00,-0.287,0.006,False,False,False,False,v,False,NOAA CO-OPS 8720218 water_level datum=NAVD units=metric tz=gmt interval=6
2022-09-20 03:12:00+00:00,-0.279,0.005,False,False,False,False,v,False,NOAA CO-OPS 8720218 water_level datum=NAVD units=metric tz=gmt interval=6
2022-09-20 03:18:00+00:00,-0.277,0.005,False,False,False,False,v,False,NOAA CO-OPS 8720218 water_level datum=NAVD units=metric tz=gmt interval=6
2022-09-20 03:24:00+00:00,-0.275,0.007,False,False,False,False,v,False,NOAA CO-OPS 8720218 water_level datum=NAVD units=metric tz=gmt interval=6
2022-09-20 03:30:00+00:00,-0.263,0.005,False,False,False,False,v,False,NOAA CO-OPS 8720218 water_level datum=NAVD units=metric tz=gmt interval=6
2022-09-20 03:36:00+00:00,-0.246,0.005,False,False,False,False,v,False,NOAA CO-OPS 8720218 water_level datum=NAVD units=metric tz=gmt interval=6
2022-09-20 03:42:00+00:00,-0.221,0.006,False,False,False,False,v,False,NOAA CO-OPS 8720218 water_level datum=NAVD units=metric tz=gmt interval=6
2022-09-20 03:48:00+00:00,-0.206,0.006,False,False,False,False,v,False,NOAA CO-OPS 8720218 water_level datum=NAVD units=metric tz=gmt interval=6
2022-09-20 03:54:00+00:00,-0.197,0.006,False,False,False,False,v,False,NOAA CO-OPS 8720218 water_level datum=NAVD units=metric tz=gmt interval=6
2022-09-20 04:00:00+00:00,-0.187,0.005,False,False,False,False,v,False,NOAA CO-OPS 8720218 water_level datum=NAVD units=metric tz=gmt interval=6
2022-09-20 04:06:00+00:00,-0.171,0.005,False,False,False,False,v,False,NOAA CO-OPS 8720218 water_level datum=NAVD units=metric tz=gmt interval=6
2022-09-20 04:12:00+00:00,-0.156,0.005,False,False,False,False,v,False,NOAA CO-OPS 8720218 water_level datum=NAVD units=metric tz=gmt interval=6
2022-09-20 04:18:00+00:00,-0.145,0.006,False,False,False,False,v,False,NOAA CO-OPS 8720218 water_level datum=NAVD units=metric tz=gmt interval=6
2022-09-20 04:24:00+00:00,-0.128,0.004,False,False,False,False,v,False,NOAA CO-OPS 8720218 water_level datum=NAVD units=metric tz=gmt interval=6
2022-09-20 04:30:00+00:00,-0.106,0.006,False,False,False,False,v,False,NOAA CO-OPS 8720218 water_level datum=NAVD units=metric tz=gmt interval=6
2022-09-20 04:36:00+00:00,-0.088,0.005,False,False,False,False,v,False,NOAA CO-OPS 8720218 water_level datum=NAVD units=metric tz=gmt interval=6
2022-09-20 04:42:00+00:00,-0.072,0.005,False,False,False,False,v,False,NOAA CO-OPS 8720218 water_level datum=NAVD units=metric tz=gmt interval=6
2022-09-20 04:48:00+00:00,-0.05,0.004,False,False,False,False,v,False,NOAA CO-OPS 8720218 water_level datum=NAVD units=metric tz=gmt interval=6
2022-09-20 04:54:00+00:00,-0.033,0.005,False,False,False,False,v,False,NOAA CO-OPS 8720218 water_level datum=NAVD units=metric tz=gmt interval=6
2022-09-20 05:00:00+00:00,-0.02,0.004,False,False,False,False,v,False,NOAA CO-OPS 8720218 water_level datum=NAVD units=metric tz=gmt interval=6
2022-09-20 05:06:00+00:00,-0.006,0.004,False,False,False,False,v,False,NOAA CO-OPS 8720218 water_level datum=NAVD units=metric tz=gmt interval=6
2022-09-20 05:12:00+00:00,0.013,0.005,False,False,False,False,v,False,NOAA CO-OPS 8720218 water_level datum=NAVD units=metric tz=gmt interval=6
2022-09-20 05:18:00+00:00,0.033,0.004,False,False,False,False,v,False,NOAA CO-OPS 8720218 water_level datum=NAVD units=metric tz=gmt interval=6
2022-09-20 05:24:00+00:00,0.046,0.005,False,False,False,False,v,False,NOAA CO-OPS 8720218 water_level datum=NAVD units=metric tz=gmt interval=6
2022-09-20 05:30:00+00:00,0.058,0.004,False,False,False,False,v,False,NOAA CO-OPS 8720218 water_level datum=NAVD units=metric tz=gmt interval=6
2022-09-20 05:36:00+00:00,0.08,0.005,False,False,False,False,v,False,NOAA CO-OPS 8720218 water_level datum=NAVD units=metric tz=gmt interval=6
2022-09-20 05:42:00+00:00,0.104,0.004,False,False,False,False,v,False,NOAA CO-OPS 8720218 water_level datum=NAVD units=metric tz=gmt interval=6
2022-09-20 05:48:00+00:00,0.125,0.006,False,False,False,False,v,False,NOAA CO-OPS 8720218 water_level datum=NAVD units=metric tz=gmt interval=6
2022-09-20 05:54:00+00:00,0.135,0.004,False,False,False,False,v,False,NOAA CO-OPS 8720218 water_level datum=NAVD units=metric tz=gmt interval=6
2022-09-20 06:00:00+00:00,0.143,0.005,False,False,False,False,v,False,NOAA CO-OPS 8720218 water_level datum=NAVD units=metric tz=gmt interval=6
2022-09-20 06:06:00+00:00,0.164,0.006,False,False,False,False,v,False,NOAA CO-OPS 8720218 water_level datum=NAVD units=metric tz=gmt interval=6
2022-09-20 06:12:00+00:00,0.192,0.007,False,False,False,False,v,False,NOAA CO-OPS 8720218 water_level datum=NAVD units=metric tz=gmt interval=6
2022-09-20 06:18:00+00:00,0.218,0.007,False,False,False,False,v,False,NOAA CO-OPS 8720218 water_level datum=NAVD units=metric tz=gmt interval=6
2022-09-20 06:24:00+00:00,0.234,0.005,False,False,False,False,v,False,NOAA CO-OPS 8720218 water_level datum=NAVD units=metric tz=gmt interval=6
2022-09-20 06:30:00+00:00,0.248,0.005,False,False,False,False,v,False,NOAA CO-OPS 8720218 water_level datum=NAVD units=metric tz=gmt interval=6
2022-09-20 06:36:00+00:00,0.259,0.005,False,False,False,False,v,False,NOAA CO-OPS 8720218 water_level datum=NAVD units=metric tz=gmt interval=6
2022-09-20 06:42:00+00:00,0.285,0.007,False,False,False,False,v,False,NOAA CO-OPS 8720218 water_level datum=NAVD units=metric tz=gmt interval=6
2022-09-20 06:48:00+00:00,0.316,0.007,False,False,False,False,v,False,NOAA CO-OPS 8720218 water_level datum=NAVD units=metric tz=gmt interval=6
2022-09-20 06:54:00+00:00,0.33,0.008,False,False,False,False,v,False,NOAA CO-OPS 8720218 water_level datum=NAVD units=metric tz=gmt interval=6
2022-09-20 07:00:00+00:00,0.334,0.008,False,False,False,False,v,False,NOAA CO-OPS 8720218 water_level datum=NAVD units=metric tz=gmt interval=6
2022-09-20 07:06:00+00:00,0.341,0.008,False,False,False,False,v,False,NOAA CO-OPS 8720218 water_level datum=NAVD units=metric tz=gmt interval=6
2022-09-20 07:12:00+00:00,0.351,0.007,False,False,False,False,v,False,NOAA CO-OPS 8720218 water_level datum=NAVD units=metric tz=gmt interval=6
2022-09-20 07:18:00+00:00,0.368,0.006,False,False,False,False,v,False,NOAA CO-OPS 8720218 water_level datum=NAVD units=metric tz=gmt interval=6
2022-09-20 07:24:00+00:00,0.381,0.006,False,False,False,False,v,False,NOAA CO-OPS 8720218 water_level datum=NAVD units=metric tz=gmt interval=6
2022-09-20 07:30:00+00:00,0.397,0.006,False,False,False,False,v,False,NOAA CO-OPS 8720218 water_level datum=NAVD units=metric tz=gmt interval=6
2022-09-20 07:36:00+00:00,0.41,0.006,False,False,False,False,v,False,NOAA CO-OPS 8720218 water_level datum=NAVD units=metric tz=gmt interval=6
2022-09-20 07:42:00+00:00,0.421,0.006,False,False,False,False,v,False,NOAA CO-OPS 8720218 water_level datum=NAVD units=metric tz=gmt interval=6
2022-09-20 07:48:00+00:00,0.438,0.006,False,False,False,False,v,False,NOAA CO-OPS 8720218 water_level datum=NAVD units=metric tz=gmt interval=6
2022-09-20 07:54:00+00:00,0.442,0.007,False,False,False,False,v,False,NOAA CO-OPS 8720218 water_level datum=NAVD units=metric tz=gmt interval=6
2022-09-20 08:00:00+00:00,0.443,0.007,False,False,False,False,v,False,NOAA CO-OPS 8720218 water_level datum=NAVD units=metric tz=gmt interval=6
2022-09-20 08:06:00+00:00,0.451,0.007,False,False,False,False,v,False,NOAA CO-OPS 8720218 water_level datum=NAVD units=metric tz=gmt interval=6
2022-09-20 08:12:00+00:00,0.466,0.007,False,False,False,False,v,False,NOAA CO-OPS 8720218 water_level datum=NAVD units=metric tz=gmt interval=6
2022-09-20 08:18:00+00:00,0.48,0.006,False,False,False,False,v,False,NOAA CO-OPS 8720218 water_level datum=NAVD units=metric tz=gmt interval=6
2022-09-20 08:24:00+00:00,0.486,0.005,False,False,False,False,v,False,NOAA CO-OPS 8720218 water_level datum=NAVD units=metric tz=gmt interval=6
2022-09-20 08:30:00+00:00,0.487,0.006,False,False,False,False,v,False,NOAA CO-OPS 8720218 water_level datum=NAVD units=metric tz=gmt interval=6
2022-09-20 08:36:00+00:00,0.493,0.007,False,False,False,False,v,False,NOAA CO-OPS 8720218 water_level datum=NAVD units=metric tz=gmt interval=6
2022-09-20 08:42:00+00:00,0.499,0.007,False,False,False,False,v,False,NOAA CO-OPS 8720218 water_level datum=NAVD units=metric tz=gmt interval=6
2022-09-20 08:48:00+00:00,0.504,0.005,False,False,False,False,v,False,NOAA CO-OPS 8720218 water_level datum=NAVD units=metric tz=gmt interval=6
2022-09-20 08:54:00+00:00,0.506,0.006,False,False,False,False,v,False,NOAA CO-OPS 8720218 water_level datum=NAVD units=metric tz=gmt interval=6
2022-09-20 09:00:00+00:00,0.509,0.006,False,False,False,False,v,False,NOAA CO-OPS 8720218 water_level datum=NAVD units=metric tz=gmt interval=6
2022-09-20 09:06:00+00:00,0.51,0.006,False,False,False,False,v,False,NOAA CO-OPS 8720218 water_level datum=NAVD units=metric tz=gmt interval=6
2022-09-20 09:12:00+00:00,0.522,0.006,False,False,False,False,v,False,NOAA CO-OPS 8720218 water_level datum=NAVD units=metric tz=gmt interval=6
2022-09-20 09:18:00+00:00,0.539,0.006,False,False,False,False,v,False,NOAA CO-OPS 8720218 water_level datum=NAVD units=metric tz=gmt interval=6
2022-09-20 09:24:00+00:00,0.541,0.006,False,False,False,False,v,False,NOAA CO-OPS 8720218 water_level datum=NAVD units=metric tz=gmt interval=6
2022-09-20 09:30:00+00:00,0.53,0.006,False,False,False,False,v,False,NOAA CO-OPS 8720218 water_level datum=NAVD units=metric tz=gmt interval=6
2022-09-20 09:36:00+00:00,0.52,0.007,False,False,False,False,v,False,NOAA CO-OPS 8720218 water_level datum=NAVD units=metric tz=gmt interval=6
2022-09-20 09:42:00+00:00,0.522,0.008,False,False,False,False,v,False,NOAA CO-OPS 8720218 water_level datum=NAVD units=metric tz=gmt interval=6
2022-09-20 09:48:00+00:00,0.535,0.013,False,False,False,False,v,False,NOAA CO-OPS 8720218 water_level datum=NAVD units=metric tz=gmt interval=6
2022-09-20 09:54:00+00:00,0.52,0.007,False,False,False,False,v,False,NOAA CO-OPS 8720218 water_level datum=NAVD units=metric tz=gmt interval=6
2022-09-20 10:00:00+00:00,0.504,0.006,False,False,False,False,v,False,NOAA CO-OPS 8720218 water_level datum=NAVD units=metric tz=gmt interval=6
2022-09-20 10:06:00+00:00,0.484,0.005,False,False,False,False,v,False,NOAA CO-OPS 8720218 water_level datum=NAVD units=metric tz=gmt interval=6
2022-09-20 10:12:00+00:00,0.468,0.006,False,False,False,False,v,False,NOAA CO-OPS 8720218 water_level datum=NAVD units=metric tz=gmt interval=6
2022-09-20 10:18:00+00:00,0.458,0.006,False,False,False,False,v,False,NOAA CO-OPS 8720218 water_level datum=NAVD units=metric tz=gmt interval=6
2022-09-20 10:24:00+00:00,0.444,0.006,False,False,False,False,v,False,NOAA CO-OPS 8720218 water_level datum=NAVD units=metric tz=gmt interval=6
2022-09-20 10:30:00+00:00,0.432,0.006,False,False,False,False,v,False,NOAA CO-OPS 8720218 water_level datum=NAVD units=metric tz=gmt interval=6
2022-09-20 10:36:00+00:00,0.422,0.006,False,False,False,False,v,False,NOAA CO-OPS 8720218 water_level datum=NAVD units=metric tz=gmt interval=6
2022-09-20 10:42:00+00:00,0.408,0.006,False,False,False,False,v,False,NOAA CO-OPS 8720218 water_level datum=NAVD units=metric tz=gmt interval=6
2022-09-20 10:48:00+00:00,0.396,0.006,False,False,False,False,v,False,NOAA CO-OPS 8720218 water_level datum=NAVD units=metric tz=gmt interval=6
2022-09-20 10:54:00+00:00,0.371,0.006,False,False,False,False,v,False,NOAA CO-OPS 8720218 water_level datum=NAVD units=metric tz=gmt interval=6
2022-09-20 11:00:00+00:00,0.322,0.006,False,False,False,False,v,False,NOAA CO-OPS 8720218 water_level datum=NAVD units=metric tz=gmt interval=6
2022-09-20 11:06:00+00:00,0.281,0.004,False,False,False,False,v,False,NOAA CO-OPS 8720218 water_level datum=NAVD units=metric tz=gmt interval=6
2022-09-20 11:12:00+00:00,0.263,0.005,False,False,False,False,v,False,NOAA CO-OPS 8720218 water_level datum=NAVD units=metric tz=gmt interval=6
2022-09-20 11:18:00+00:00,0.245,0.005,False,False,False,False,v,False,NOAA CO-OPS 8720218 water_level datum=NAVD units=metric tz=gmt interval=6
2022-09-20 11:24:00+00:00,0.209,0.006,False,False,False,False,v,False,NOAA CO-OPS 8720218 water_level datum=NAVD units=metric tz=gmt interval=6
2022-09-20 11:30:00+00:00,0.172,0.006,False,False,False,False,v,False,NOAA CO-OPS 8720218 water_level datum=NAVD units=metric tz=gmt interval=6
2022-09-20 11:36:00+00:00,0.139,0.004,False,False,False,False,v,False,NOAA CO-OPS 8720218 water_level datum=NAVD units=metric tz=gmt interval=6
2022-09-20 11:42:00+00:00,0.114,0.007,False,False,False,False,v,False,NOAA CO-OPS 8720218 water_level datum=NAVD units=metric tz=gmt interval=6
2022-09-20 11:48:00+00:00,0.092,0.006,False,False,False,False,v,False,NOAA CO-OPS 8720218 water_level datum=NAVD units=metric tz=gmt interval=6
2022-09-20 11:54:00+00:00,0.062,0.007,False,False,False,False,v,False,NOAA CO-OPS 8720218 water_level datum=NAVD units=metric tz=gmt interval=6
2022-09-20 12:00:00+00:00,0.038,0.005,False,False,False,False,v,False,NOAA CO-OPS 8720218 water_level datum=NAVD units=metric tz=gmt interval=6
2022-09-20 12:06:00+00:00,0.026,0.006,False,False,False,False,v,False,NOAA CO-OPS 8720218 water_level datum=NAVD units=metric tz=gmt interval=6
2022-09-20 12:12:00+00:00,0.011,0.006,False,False,False,False,v,False,NOAA CO-OPS 8720218 water_level datum=NAVD units=metric tz=gmt interval=6
2022-09-20 12:18:00+00:00,-0.016,0.005,False,False,False,False,v,False,NOAA CO-OPS 8720218 water_level datum=NAVD units=metric tz=gmt interval=6
2022-09-20 12:24:00+00:00,-0.044,0.006,False,False,False,False,v,False,NOAA CO-OPS 8720218 water_level datum=NAVD units=metric tz=gmt interval=6
2022-09-20 12:30:00+00:00,-0.076,0.006,False,False,False,False,v,False,NOAA CO-OPS 8720218 water_level datum=NAVD units=metric tz=gmt interval=6
2022-09-20 12:36:00+00:00,-0.1,0.007,False,False,False,False,v,False,NOAA CO-OPS 8720218 water_level datum=NAVD units=metric tz=gmt interval=6
2022-09-20 12:42:00+00:00,-0.127,0.006,False,False,False,False,v,False,NOAA CO-OPS 8720218 water_level datum=NAVD units=metric tz=gmt interval=6
2022-09-20 12:48:00+00:00,-0.156,0.005,False,False,False,False,v,False,NOAA CO-OPS 8720218 water_level datum=NAVD units=metric tz=gmt interval=6
2022-09-20 12:54:00+00:00,-0.166,0.005,False,False,False,False,v,False,NOAA CO-OPS 8720218 water_level datum=NAVD units=metric tz=gmt interval=6
2022-09-20 13:00:00+00:00,-0.17,0.005,False,False,False,False,v,False,NOAA CO-OPS 8720218 water_level datum=NAVD units=metric tz=gmt interval=6
2022-09-20 13:06:00+00:00,-0.188,0.007,False,False,False,False,v,False,NOAA CO-OPS 8720218 water_level datum=NAVD units=metric tz=gmt interval=6
2022-09-20 13:12:00+00:00,-0.22,0.007,False,False,False,False,v,False,NOAA CO-OPS 8720218 water_level datum=NAVD units=metric tz=gmt interval=6
2022-09-20 13:18:00+00:00,-0.249,0.007,False,False,False,False,v,False,NOAA CO-OPS 8720218 water_level datum=NAVD units=metric tz=gmt interval=6
2022-09-20 13:24:00+00:00,-0.261,0.006,False,False,False,False,v,False,NOAA CO-OPS 8720218 water_level datum=NAVD units=metric tz=gmt interval=6
2022-09-20 13:30:00+00:00,-0.268,0.007,False,False,False,False,v,False,NOAA CO-OPS 8720218 water_level datum=NAVD units=metric tz=gmt interval=6
2022-09-20 13:36:00+00:00,-0.273,0.007,False,False,False,False,v,False,NOAA CO-OPS 8720218 water_level datum=NAVD units=metric tz=gmt interval=6
2022-09-20 13:42:00+00:00,-0.29,0.008,False,False,False,False,v,False,NOAA CO-OPS 8720218 water_level datum=NAVD units=metric tz=gmt interval=6
2022-09-20 13:48:00+00:00,-0.306,0.006,False,False,False,False,v,False,NOAA CO-OPS 8720218 water_level datum=NAVD units=metric tz=gmt interval=6
2022-09-20 13:54:00+00:00,-0.311,0.006,False,False,False,False,v,False,NOAA CO-OPS 8720218 water_level datum=NAVD units=metric tz=gmt interval=6
2022-09-20 14:00:00+00:00,-0.312,0.008,False,False,False,False,v,False,NOAA CO-OPS 8720218 water_level datum=NAVD units=metric tz=gmt interval=6
2022-09-20 14:06:00+00:00,-0.323,0.006,False,False,False,False,v,False,NOAA CO-OPS 8720218 water_level datum=NAVD units=metric tz=gmt interval=6
2022-09-20 14:12:00+00:00,-0.33,0.006,False,False,False,False,v,False,NOAA CO-OPS 8720218 water_level datum=NAVD units=metric tz=gmt interval=6
2022-09-20 14:18:00+00:00,-0.329,0.006,False,False,False,False,v,False,NOAA CO-OPS 8720218 water_level datum=NAVD units=metric tz=gmt interval=6
2022-09-20 14:24:00+00:00,-0.332,0.004,False,False,False,False,v,False,NOAA CO-OPS 8720218 water_level datum=NAVD units=metric tz=gmt interval=6
2022-09-20 14:30:00+00:00,-0.333,0.006,False,False,False,False,v,False,NOAA CO-OPS 8720218 water_level datum=NAVD units=metric tz=gmt interval=6
2022-09-20 14:36:00+00:00,-0.335,0.005,False,False,False,False,v,False,NOAA CO-OPS 8720218 water_level datum=NAVD units=metric tz=gmt interval=6
2022-09-20 14:42:00+00:00,-0.335,0.005,False,False,False,False,v,False,NOAA CO-OPS 8720218 water_level datum=NAVD units=metric tz=gmt interval=6
2022-09-20 14:48:00+00:00,-0.331,0.005,False,False,False,False,v,False,NOAA CO-OPS 8720218 water_level datum=NAVD units=metric tz=gmt interval=6
2022-09-20 14:54:00+00:00,-0.33,0.006,False,False,False,False,v,False,NOAA CO-OPS 8720218 water_level datum=NAVD units=metric tz=gmt interval=6
2022-09-20 15:00:00+00:00,-0.334,0.004,False,False,False,False,v,False,NOAA CO-OPS 8720218 water_level datum=NAVD units=metric tz=gmt interval=6
2022-09-20 15:06:00+00:00,-0.335,0.01,False,False,False,False,v,False,NOAA CO-OPS 8720218 water_level datum=NAVD units=metric tz=gmt interval=6
2022-09-20 15:12:00+00:00,-0.334,0.006,False,False,False,False,v,False,NOAA CO-OPS 8720218 water_level datum=NAVD units=metric tz=gmt interval=6
2022-09-20 15:18:00+00:00,-0.33,0.006,False,False,False,False,v,False,NOAA CO-OPS 8720218 water_level datum=NAVD units=metric tz=gmt interval=6
2022-09-20 15:24:00+00:00,-0.317,0.007,False,False,False,False,v,False,NOAA CO-OPS 8720218 water_level datum=NAVD units=metric tz=gmt interval=6
2022-09-20 15:30:00+00:00,-0.3,0.004,False,False,False,False,v,False,NOAA CO-OPS 8720218 water_level datum=NAVD units=metric tz=gmt interval=6
2022-09-20 15:36:00+00:00,-0.287,0.004,False,False,False,False,v,False,NOAA CO-OPS 8720218 water_level datum=NAVD units=metric tz=gmt interval=6
2022-09-20 15:42:00+00:00,-0.275,0.005,False,False,False,False,v,False,NOAA CO-OPS 8720218 water_level datum=NAVD units=metric tz=gmt interval=6
2022-09-20 15:48:00+00:00,-0.27,0.014,False,False,False,False,v,False,NOAA CO-OPS 8720218 water_level datum=NAVD units=metric tz=gmt interval=6
2022-09-20 15:54:00+00:00,-0.263,0.006,False,False,False,False,v,False,NOAA CO-OPS 8720218 water_level datum=NAVD units=metric tz=gmt interval=6
2022-09-20 16:00:00+00:00,-0.239,0.007,False,False,False,False,v,False,NOAA CO-OPS 8720218 water_level datum=NAVD units=metric tz=gmt interval=6
2022-09-20 16:06:00+00:00,-0.224,0.007,False,False,False,False,v,False,NOAA CO-OPS 8720218 water_level datum=NAVD units=metric tz=gmt interval=6
2022-09-20 16:12:00+00:00,-0.211,0.008,False,False,False,False,v,False,NOAA CO-OPS 8720218 water_level datum=NAVD units=metric tz=gmt interval=6
2022-09-20 16:18:00+00:00,-0.186,0.007,False,False,False,False,v,False,NOAA CO-OPS 8720218 water_level datum=NAVD units=metric tz=gmt interval=6
2022-09-20 16:24:00+00:00,-0.165,0.006,False,False,False,False,v,False,NOAA CO-OPS 8720218 water_level datum=NAVD units=metric tz=gmt interval=6
2022-09-20 16:30:00+00:00,-0.138,0.007,False,False,False,False,v,False,NOAA CO-OPS 8720218 water_level datum=NAVD units=metric tz=gmt interval=6
2022-09-20 16:36:00+00:00,-0.123,0.006,False,False,False,False,v,False,NOAA CO-OPS 8720218 water_level datum=NAVD units=metric tz=gmt interval=6
2022-09-20 16:42:00+00:00,-0.11,0.007,False,False,False,False,v,False,NOAA CO-OPS 8720218 water_level datum=NAVD units=metric tz=gmt interval=6
2022-09-20 16:48:00+00:00,-0.087,0.006,False,False,False,False,v,False,NOAA CO-OPS 8720218 water_level datum=NAVD units=metric tz=gmt interval=6
2022-09-20 16:54:00+00:00,-0.062,0.008,False,False,False,False,v,False,NOAA CO-OPS 8720218 water_level datum=NAVD units=metric tz=gmt interval=6
2022-09-20 17:00:00+00:00,-0.043,0.007,False,False,False,False,v,False,NOAA CO-OPS 8720218 water_level datum=NAVD units=metric tz=gmt interval=6
2022-09-20 17:06:00+00:00,-0.008,0.007,False,False,False,False,v,False,NOAA CO-OPS 8720218 water_level datum=NAVD units=metric tz=gmt interval=6
2022-09-20 17:12:00+00:00,0.02,0.007,False,False,False,False,v,False,NOAA CO-OPS 8720218 water_level datum=NAVD units=metric tz=gmt interval=6
2022-09-20 17:18:00+00:00,0.034,0.006,False,False,False,False,v,False,NOAA CO-OPS 8720218 water_level datum=NAVD units=metric tz=gmt interval=6
2022-09-20 17:24:00+00:00,0.053,0.005,False,False,False,False,v,False,NOAA CO-OPS 8720218 water_level datum=NAVD units=metric tz=gmt interval=6
2022-09-20 17:30:00+00:00,0.072,0.005,False,False,False,False,v,False,NOAA CO-OPS 8720218 water_level datum=NAVD units=metric tz=gmt interval=6
2022-09-20 17:36:00+00:00,0.105,0.006,False,False,False,False,v,False,NOAA CO-OPS 8720218 water_level datum=NAVD units=metric tz=gmt interval=6
2022-09-20 17:42:00+00:00,0.139,0.008,False,False,False,False,v,False,NOAA CO-OPS 8720218 water_level datum=NAVD units=metric tz=gmt interval=6
2022-09-20 17:48:00+00:00,0.166,0.008,False,False,False,False,v,False,NOAA CO-OPS 8720218 water_level datum=NAVD units=metric tz=gmt interval=6
2022-09-20 17:54:00+00:00,0.188,0.005,False,False,False,False,v,False,NOAA CO-OPS 8720218 water_level datum=NAVD units=metric tz=gmt interval=6
2022-09-20 18:00:00+00:00,0.213,0.006,False,False,False,False,v,False,NOAA CO-OPS 8720218 water_level datum=NAVD units=metric tz=gmt interval=6
2022-09-20 18:06:00+00:00,0.239,0.006,False,False,False,False,v,False,NOAA CO-OPS 8720218 water_level datum=NAVD units=metric tz=gmt interval=6
2022-09-20 18:12:00+00:00,0.256,0.006,False,False,False,False,v,False,NOAA CO-OPS 8720218 water_level datum=NAVD units=metric tz=gmt interval=6
2022-09-20 18:18:00+00:00,0.273,0.007,False,False,False,False,v,False,NOAA CO-OPS 8720218 water_level datum=NAVD units=metric tz=gmt interval=6
2022-09-20 18:24:00+00:00,0.297,0.007,False,False,False,False,v,False,NOAA CO-OPS 8720218 water_level datum=NAVD units=metric tz=gmt interval=6
2022-09-20 18:30:00+00:00,0.323,0.006,False,False,False,False,v,False,NOAA CO-OPS 8720218 water_level datum=NAVD units=metric tz=gmt interval=6
2022-09-20 18:36:00+00:00,0.348,0.007,False,False,False,False,v,False,NOAA CO-OPS 8720218 water_level datum=NAVD units=metric tz=gmt interval=6
2022-09-20 18:42:00+00:00,0.369,0.006,False,False,False,False,v,False,NOAA CO-OPS 8720218 water_level datum=NAVD units=metric tz=gmt interval=6
2022-09-20 18:48:00+00:00,0.382,0.006,False,False,False,False,v,False,NOAA CO-OPS 8720218 water_level datum=NAVD units=metric tz=gmt interval=6
2022-09-20 18:54:00+00:00,0.401,0.007,False,False,False,False,v,False,NOAA CO-OPS 8720218 water_level datum=NAVD units=metric tz=gmt interval=6
2022-09-20 19:00:00+00:00,0.423,0.005,False,False,False,False,v,False,NOAA CO-OPS 8720218 water_level datum=NAVD units=metric tz=gmt interval=6
2022-09-20 19:06:00+00:00,0.444,0.005,False,False,False,False,v,False,NOAA CO-OPS 8720218 water_level datum=NAVD units=metric tz=gmt interval=6
2022-09-20 19:12:00+00:00,0.465,0.005,False,False,False,False,v,False,NOAA CO-OPS 8720218 water_level datum=NAVD units=metric tz=gmt interval=6
2022-09-20 19:18:00+00:00,0.493,0.005,False,False,False,False,v,False,NOAA CO-OPS 8720218 water_level datum=NAVD units=metric tz=gmt interval=6
2022-09-20 19:24:00+00:00,0.522,0.007,False,False,False,False,v,False,NOAA CO-OPS 8720218 water_level datum=NAVD units=metric tz=gmt interval=6
2022-09-20 19:30:00+00:00,0.532,0.007,False,False,False,False,v,False,NOAA CO-OPS 8720218 water_level datum=NAVD units=metric tz=gmt interval=6
2022-09-20 19:36:00+00:00,0.536,0.006,False,False,False,False,v,False,NOAA CO-OPS 8720218 water_level datum=NAVD units=metric tz=gmt interval=6
2022-09-20 19:42:00+00:00,0.556,0.006,False,False,False,False,v,False,NOAA CO-OPS 8720218 water_level datum=NAVD units=metric tz=gmt interval=6
2022-09-20 19:48:00+00:00,0.574,0.005,False,False,False,False,v,False,NOAA CO-OPS 8720218 water_level datum=NAVD units=metric tz=gmt interval=6
2022-09-20 19:54:00+00:00,0.585,0.005,False,False,False,False,v,False,NOAA CO-OPS 8720218 water_level datum=NAVD units=metric tz=gmt interval=6
2022-09-20 20:00:00+00:00,0.589,0.005,False,False,False,False,v,False,NOAA CO-OPS 8720218 water_level datum=NAVD units=metric tz=gmt interval=6
2022-09-20 20:06:00+00:00,0.604,0.006,False,False,False,False,v,False,NOAA CO-OPS 8720218 water_level datum=NAVD units=metric tz=gmt interval=6
2022-09-20 20:12:00+00:00,0.627,0.005,False,False,False,False,v,False,NOAA CO-OPS 8720218 water_level datum=NAVD units=metric tz=gmt interval=6
2022-09-20 20:18:00+00:00,0.637,0.005,False,False,False,False,v,False,NOAA CO-OPS 8720218 water_level datum=NAVD units=metric tz=gmt interval=6
2022-09-20 20:24:00+00:00,0.639,0.006,False,False,False,False,v,False,NOAA CO-OPS 8720218 water_level datum=NAVD units=metric tz=gmt interval=6
2022-09-20 20:30:00+00:00,0.647,0.006,False,False,False,False,v,False,NOAA CO-OPS 8720218 water_level datum=NAVD units=metric tz=gmt interval=6
2022-09-20 20:36:00+00:00,0.655,0.006,False,False,False,False,v,False,NOAA CO-OPS 8720218 water_level datum=NAVD units=metric tz=gmt interval=6
2022-09-20 20:42:00+00:00,0.667,0.005,False,False,False,False,v,False,NOAA CO-OPS 8720218 water_level datum=NAVD units=metric tz=gmt interval=6
2022-09-20 20:48:00+00:00,0.686,0.008,False,False,False,False,v,False,NOAA CO-OPS 8720218 water_level datum=NAVD units=metric tz=gmt interval=6
2022-09-20 20:54:00+00:00,0.696,0.007,False,False,False,False,v,False,NOAA CO-OPS 8720218 water_level datum=NAVD units=metric tz=gmt interval=6
2022-09-20 21:00:00+00:00,0.706,0.008,False,False,False,False,v,False,NOAA CO-OPS 8720218 water_level datum=NAVD units=metric tz=gmt interval=6
2022-09-20 21:06:00+00:00,0.716,0.007,False,False,False,False,v,False,NOAA CO-OPS 8720218 water_level datum=NAVD units=metric tz=gmt interval=6
2022-09-20 21:12:00+00:00,0.717,0.004,False,False,False,False,v,False,NOAA CO-OPS 8720218 water_level datum=NAVD units=metric tz=gmt interval=6
2022-09-20 21:18:00+00:00,0.727,0.004,False,False,False,False,v,False,NOAA CO-OPS 8720218 water_level datum=NAVD units=metric tz=gmt interval=6
2022-09-20 21:24:00+00:00,0.733,0.003,False,False,False,False,v,False,NOAA CO-OPS 8720218 water_level datum=NAVD units=metric tz=gmt interval=6
2022-09-20 21:30:00+00:00,0.733,0.005,False,False,False,False,v,False,NOAA CO-OPS 8720218 water_level datum=NAVD units=metric tz=gmt interval=6
2022-09-20 21:36:00+00:00,0.729,0.004,False,False,False,False,v,False,NOAA CO-OPS 8720218 water_level datum=NAVD units=metric tz=gmt interval=6
2022-09-20 21:42:00+00:00,0.725,0.005,False,False,False,False,v,False,NOAA CO-OPS 8720218 water_level datum=NAVD units=metric tz=gmt interval=6
2022-09-20 21:48:00+00:00,0.728,0.005,False,False,False,False,v,False,NOAA CO-OPS 8720218 water_level datum=NAVD units=metric tz=gmt interval=6
2022-09-20 21:54:00+00:00,0.733,0.004,False,False,False,False,v,False,NOAA CO-OPS 8720218 water_level datum=NAVD units=metric tz=gmt interval=6
2022-09-20 22:00:00+00:00,0.726,0.005,False,False,False,False,v,False,NOAA CO-OPS 8720218 water_level datum=NAVD units=metric tz=gmt interval=6
2022-09-20 22:06:00+00:00,0.729,0.005,False,False,False,False,v,False,NOAA CO-OPS 8720218 water_level datum=NAVD units=metric tz=gmt interval=6
2022-09-20 22:12:00+00:00,0.726,0.005,False,False,False,False,v,False,NOAA CO-OPS 8720218 water_level datum=NAVD units=metric tz=gmt interval=6
2022-09-20 22:18:00+00:00,0.714,0.005,False,False,False,False,v,False,NOAA CO-OPS 8720218 water_level datum=NAVD units=metric tz=gmt interval=6
2022-09-20 22:24:00+00:00,0.71,0.004,False,False,False,False,v,False,NOAA CO-OPS 8720218 water_level datum=NAVD units=metric tz=gmt interval=6
2022-09-20 22:30:00+00:00,0.706,0.006,False,False,False,False,v,False,NOAA CO-OPS 8720218 water_level datum=NAVD units=metric tz=gmt interval=6
2022-09-20 22:36:00+00:00,0.704,0.005,False,False,False,False,v,False,NOAA CO-OPS 8720218 water_level datum=NAVD units=metric tz=gmt interval=6
2022-09-20 22:42:00+00:00,0.689,0.006,False,False,False,False,v,False,NOAA CO-OPS 8720218 water_level datum=NAVD units=metric tz=gmt interval=6
2022-09-20 22:48:00+00:00,0.674,0.011,False,False,False,False,v,False,NOAA CO-OPS 8720218 water_level datum=NAVD units=metric tz=gmt interval=6
2022-09-20 22:54:00+00:00,0.671,0.005,False,False,False,False,v,False,NOAA CO-OPS 8720218 water_level datum=NAVD units=metric tz=gmt interval=6
2022-09-20 23:00:00+00:00,0.664,0.004,False,False,False,False,v,False,NOAA CO-OPS 8720218 water_level datum=NAVD units=metric tz=gmt interval=6
2022-09-20 23:06:00+00:00,0.649,0.005,False,False,False,False,v,False,NOAA CO-OPS 8720218 water_level datum=NAVD units=metric tz=gmt interval=6
2022-09-20 23:12:00+00:00,0.619,0.019,False,False,False,False,v,False,NOAA CO-OPS 8720218 water_level datum=NAVD units=metric tz=gmt interval=6
2022-09-20 23:18:00+00:00,0.592,0.008,False,False,False,False,v,False,NOAA CO-OPS 8720218 water_level datum=NAVD units=metric tz=gmt interval=6
2022-09-20 23:24:00+00:00,0.568,0.009,False,False,False,False,v,False,NOAA CO-OPS 8720218 water_level datum=NAVD units=metric tz=gmt interval=6
2022-09-20 23:30:00+00:00,0.553,0.004,False,False,False,False,v,False,NOAA CO-OPS 8720218 water_level datum=NAVD units=metric tz=gmt interval=6
2022-09-20 23:36:00+00:00,0.544,0.012,False,False,False,False,v,False,NOAA CO-OPS 8720218 water_level datum=NAVD units=metric tz=gmt interval=6
2022-09-20 23:42:00+00:00,0.516,0.012,False,False,False,False,v,False,NOAA CO-OPS 8720218 water_level datum=NAVD units=metric tz=gmt interval=6
2022-09-20 23:48:00+00:00,0.489,0.012,False,False,False,False,v,False,NOAA CO-OPS 8720218 water_level datum=NAVD units=metric tz=gmt interval=6
2022-09-20 23:54:00+00:00,0.44,0.007,False,False,False,False,v,False,NOAA CO-OPS 8720218 water_level datum=NAVD units=metric tz=gmt interval=6
2022-09-21 00:00:00+00:00,0.411,0.025,False,False,False,False,v,False,NOAA CO-OPS 8720218 water_level datum=NAVD units=metric tz=gmt interval=6
2022-09-21 00:06:00+00:00,0.369,0.014,False,False,False,False,v,False,NOAA CO-OPS 8720218 water_level datum=NAVD units=metric tz=gmt interval=6
2022-09-21 00:12:00+00:00,0.382,0.014,False,False,False,False,v,False,NOAA CO-OPS 8720218 water_level datum=NAVD units=metric tz=gmt interval=6
2022-09-21 00:18:00+00:00,0.317,0.007,False,False,False,False,v,False,NOAA CO-OPS 8720218 water_level datum=NAVD units=metric tz=gmt interval=6
2022-09-21 00:24:00+00:00,0.328,0.005,False,False,False,False,v,False,NOAA CO-OPS 8720218 water_level datum=NAVD units=metric tz=gmt interval=6
2022-09-21 00:30:00+00:00,0.273,0.008,False,False,False,False,v,False,NOAA CO-OPS 8720218 water_level datum=NAVD units=metric tz=gmt interval=6
2022-09-21 00:36:00+00:00,0.265,0.006,False,False,False,False,v,False,NOAA CO-OPS 8720218 water_level datum=NAVD units=metric tz=gmt interval=6
2022-09-21 00:42:00+00:00,0.227,0.009,False,False,False,False,v,False,NOAA CO-OPS 8720218 water_level datum=NAVD units=metric tz=gmt interval=6
2022-09-21 00:48:00+00:00,0.201,0.007,False,False,False,False,v,False,NOAA CO-OPS 8720218 water_level datum=NAVD units=metric tz=gmt interval=6
2022-09-21 00:54:00+00:00,0.176,0.009,False,False,False,False,v,False,NOAA CO-OPS 8720218 water_level datum=NAVD units=metric tz=gmt interval=6
2022-09-21 01:00:00+00:00,0.146,0.007,False,False,False,False,v,False,NOAA CO-OPS 8720218 water_level datum=NAVD units=metric tz=gmt interval=6
2022-09-21 01:06:00+00:00,0.11,0.007,False,False,False,False,v,False,NOAA CO-OPS 8720218 water_level datum=NAVD units=metric tz=gmt interval=6
2022-09-21 01:12:00+00:00,0.086,0.006,False,False,False,False,v,False,NOAA CO-OPS 8720218 water_level datum=NAVD units=metric tz=gmt interval=6
2022-09-21 01:18:00+00:00,0.063,0.006,False,False,False,False,v,False,NOAA CO-OPS 8720218 water_level datum=NAVD units=metric tz=gmt interval=6
2022-09-21 01:24:00+00:00,0.041,0.005,False,False,False,False,v,False,NOAA CO-OPS 8720218 water_level datum=NAVD units=metric tz=gmt interval=6
2022-09-21 01:30:00+00:00,0.016,0.006,False,False,False,False,v,False,NOAA CO-OPS 8720218 water_level datum=NAVD units=metric tz=gmt interval=6
2022-09-21 01:36:00+00:00,-0.014,0.006,False,False,False,False,v,False,NOAA CO-OPS 8720218 water_level datum=NAVD units=metric tz=gmt interval=6
2022-09-21 01:42:00+00:00,-0.045,0.006,False,False,False,False,v,False,NOAA CO-OPS 8720218 water_level datum=NAVD units=metric tz=gmt interval=6
2022-09-21 01:48:00+00:00,-0.063,0.006,False,False,False,False,v,False,NOAA CO-OPS 8720218 water_level datum=NAVD units=metric tz=gmt interval=6
2022-09-21 01:54:00+00:00,-0.097,0.017,False,False,False,False,v,False,NOAA CO-OPS 8720218 water_level datum=NAVD units=metric tz=gmt interval=6
2022-09-21 02:00:00+00:00,-0.102,0.008,False,False,False,False,v,False,NOAA CO-OPS 8720218 water_level datum=NAVD units=metric tz=gmt interval=6
2022-09-21 02:06:00+00:00,-0.129,0.009,False,False,False,False,v,False,NOAA CO-OPS 8720218 water_level datum=NAVD units=metric tz=gmt interval=6
2022-09-21 02:12:00+00:00,-0.159,0.006,False,False,False,False,v,False,NOAA CO-OPS 8720218 water_level datum=NAVD units=metric tz=gmt interval=6
2022-09-21 02:18:00+00:00,-0.155,0.006,False,False,False,False,v,False,NOAA CO-OPS 8720218 water_level datum=NAVD units=metric tz=gmt interval=6
2022-09-21 02:24:00+00:00,-0.18,0.006,False,False,False,False,v,False,NOAA CO-OPS 8720218 water_level datum=NAVD units=metric tz=gmt interval=6
2022-09-21 02:30:00+00:00,-0.214,0.007,False,False,False,False,v,False,NOAA CO-OPS 8720218 water_level datum=NAVD units=metric tz=gmt interval=6
2022-09-21 02:36:00+00:00,-0.226,0.007,False,False,False,False,v,False,NOAA CO-OPS 8720218 water_level datum=NAVD units=metric tz=gmt interval=6
2022-09-21 02:42:00+00:00,-0.241,0.007,False,False,False,False,v,False,NOAA CO-OPS 8720218 water_level datum=NAVD units=metric tz=gmt interval=6
2022-09-21 02:48:00+00:00,-0.251,0.006,False,False,False,False,v,False,NOAA CO-OPS 8720218 water_level datum=NAVD units=metric tz=gmt interval=6
2022-09-21 02:54:00+00:00,-0.259,0.006,False,False,False,False,v,False,NOAA CO-OPS 8720218 water_level datum=NAVD units=metric tz=gmt interval=6
2022-09-21 03:00:00+00:00,-0.273,0.007,False,False,False,False,v,False,NOAA CO-OPS 8720218 water_level datum=NAVD units=metric tz=gmt interval=6
2022-09-21 03:06:00+00:00,-0.288,0.008,False,False,False,False,v,False,NOAA CO-OPS 8720218 water_level datum=NAVD units=metric tz=gmt interval=6
2022-09-21 03:12:00+00:00,-0.295,0.007,False,False,False,False,v,False,NOAA CO-OPS 8720218 water_level datum=NAVD units=metric tz=gmt interval=6
2022-09-21 03:18:00+00:00,-0.289,0.008,False,False,False,False,v,False,NOAA CO-OPS 8720218 water_level datum=NAVD units=metric tz=gmt interval=6
2022-09-21 03:24:00+00:00,-0.275,0.009,False,False,False,False,v,False,NOAA CO-OPS 8720218 water_level datum=NAVD units=metric tz=gmt interval=6
2022-09-21 03:30:00+00:00,-0.267,0.009,False,False,False,False,v,False,NOAA CO-OPS 8720218 water_level datum=NAVD units=metric tz=gmt interval=6
2022-09-21 03:36:00+00:00,-0.281,0.006,False,False,False,False,v,False,NOAA CO-OPS 8720218 water_level datum=NAVD units=metric tz=gmt interval=6
2022-09-21 03:42:00+00:00,-0.288,0.007,False,False,False,False,v,False,NOAA CO-OPS 8720218 water_level datum=NAVD units=metric tz=gmt interval=6
2022-09-21 03:48:00+00:00,-0.288,0.007,False,False,False,False,v,False,NOAA CO-OPS 8720218 water_level datum=NAVD units=metric tz=gmt interval=6
2022-09-21 03:54:00+00:00,-0.285,0.007,False,False,False,False,v,False,NOAA CO-OPS 8720218 water_level datum=NAVD units=metric tz=gmt interval=6
2022-09-21 04:00:00+00:00,-0.276,0.006,False,False,False,False,v,False,NOAA CO-OPS 8720218 water_level datum=NAVD units=metric tz=gmt interval=6
2022-09-21 04:06:00+00:00,-0.271,0.006,False,False,False,False,v,False,NOAA CO-OPS 8720218 water_level datum=NAVD units=metric tz=gmt interval=6
2022-09-21 04:12:00+00:00,-0.26,0.005,False,False,False,False,v,False,NOAA CO-OPS 8720218 water_level datum=NAVD units=metric tz=gmt interval=6
2022-09-21 04:18:00+00:00,-0.253,0.005,False,False,False,False,v,False,NOAA CO-OPS 8720218 water_level datum=NAVD units=metric tz=gmt interval=6
2022-09-21 04:24:00+00:00,-0.242,0.006,False,False,False,False,v,False,NOAA CO-OPS 8720218 water_level datum=NAVD units=metric tz=gmt interval=6
2022-09-21 04:30:00+00:00,-0.232,0.005,False,False,False,False,v,False,NOAA CO-OPS 8720218 water_level datum=NAVD units=metric tz=gmt interval=6
2022-09-21 04:36:00+00:00,-0.221,0.005,False,False,False,False,v,False,NOAA CO-OPS 8720218 water_level datum=NAVD units=metric tz=gmt interval=6
2022-09-21 04:42:00+00:00,-0.209,0.005,False,False,False,False,v,False,NOAA CO-OPS 8720218 water_level datum=NAVD units=metric tz=gmt interval=6
2022-09-21 04:48:00+00:00,-0.197,0.005,False,False,False,False,v,False,NOAA CO-OPS 8720218 water_level datum=NAVD units=metric tz=gmt interval=6
2022-09-21 04:54:00+00:00,-0.179,0.006,False,False,False,False,v,False,NOAA CO-OPS 8720218 water_level datum=NAVD units=metric tz=gmt interval=6
2022-09-21 05:00:00+00:00,-0.165,0.004,False,False,False,False,v,False,NOAA CO-OPS 8720218 water_level datum=NAVD units=metric tz=gmt interval=6
2022-09-21 05:06:00+00:00,-0.148,0.005,False,False,False,False,v,False,NOAA CO-OPS 8720218 water_level datum=NAVD units=metric tz=gmt interval=6
2022-09-21 05:12:00+00:00,-0.126,0.004,False,False,False,False,v,False,NOAA CO-OPS 8720218 water_level datum=NAVD units=metric tz=gmt interval=6
2022-09-21 05:18:00+00:00,-0.111,0.005,False,False,False,False,v,False,NOAA CO-OPS 8720218 water_level datum=NAVD units=metric tz=gmt interval=6
2022-09-21 05:24:00+00:00,-0.097,0.004,False,False,False,False,v,False,NOAA CO-OPS 8720218 water_level datum=NAVD units=metric tz=gmt interval=6
2022-09-21 05:30:00+00:00,-0.093,0.006,False,False,False,False,v,False,NOAA CO-OPS 8720218 water_level datum=NAVD units=metric tz=gmt interval=6
2022-09-21 05:36:00+00:00,-0.088,0.004,False,False,False,False,v,False,NOAA CO-OPS 8720218 water_level datum=NAVD units=metric tz=gmt interval=6
2022-09-21 05:42:00+00:00,-0.065,0.006,False,False,False,False,v,False,NOAA CO-OPS 8720218 water_level datum=NAVD units=metric tz=gmt interval=6
2022-09-21 05:48:00+00:00,-0.041,0.005,False,False,False,False,v,False,NOAA CO-OPS 8720218 water_level datum=NAVD units=metric tz=gmt interval=6
2022-09-21 05:54:00+00:00,-0.023,0.005,False,False,False,False,v,False,NOAA CO-OPS 8720218 water_level datum=NAVD units=metric tz=gmt interval=6
2022-09-21 06:00:00+00:00,-0.004,0.005,False,False,False,False,v,False,NOAA CO-OPS 8720218 water_level datum=NAVD units=metric tz=gmt interval=6
2022-09-21 06:06:00+00:00,0.017,0.005,False,False,False,False,v,False,NOAA CO-OPS 8720218 water_level datum=NAVD units=metric tz=gmt interval=6
2022-09-21 06:12:00+00:00,0.036,0.004,False,False,False,False,v,False,NOAA CO-OPS 8720218 water_level datum=NAVD units=metric tz=gmt interval=6
2022-09-21 06:18:00+00:00,0.056,0.004,False,False,False,False,v,False,NOAA CO-OPS 8720218 water_level datum=NAVD units=metric tz=gmt interval=6
2022-09-21 06:24:00+00:00,0.077,0.004,False,False,False,False,v,False,NOAA CO-OPS 8720218 water_level datum=NAVD units=metric tz=gmt interval=6
2022-09-21 06:30:00+00:00,0.092,0.004,False,False,False,False,v,False,NOAA CO-OPS 8720218 water_level datum=NAVD units=metric tz=gmt interval=6
2022-09-21 06:36:00+00:00,0.102,0.004,False,False,False,False,v,False,NOAA CO-OPS 8720218 water_level datum=NAVD units=metric tz=gmt interval=6
2022-09-21 06:42:00+00:00,0.123,0.006,False,False,False,False,v,False,NOAA CO-OPS 8720218 water_level datum=NAVD units=metric tz=gmt interval=6
2022-09-21 06:48:00+00:00,0.146,0.004,False,False,False,False,v,False,NOAA CO-OPS 8720218 water_level datum=NAVD units=metric tz=gmt interval=6
2022-09-21 06:54:00+00:00,0.163,0.004,False,False,False,False,v,False,NOAA CO-OPS 8720218 water_level datum=NAVD units=metric tz=gmt interval=6
2022-09-21 07:00:00+00:00,0.182,0.004,False,False,False,False,v,False,NOAA CO-OPS 8720218 water_level datum=NAVD units=metric tz=gmt interval=6
2022-09-21 07:06:00+00:00,0.208,0.003,False,False,False,False,v,False,NOAA CO-OPS 8720218 water_level datum=NAVD units=metric tz=gmt interval=6
2022-09-21 07:12:00+00:00,0.235,0.004,False,False,False,False,v,False,NOAA CO-OPS 8720218 water_level datum=NAVD units=metric tz=gmt interval=6
2022-09-21 07:18:00+00:00,0.257,0.004,False,False,False,False,v,False,NOAA CO-OPS 8720218 water_level datum=NAVD units=metric tz=gmt interval=6
2022-09-21 07:24:00+00:00,0.27,0.004,False,False,False,False,v,False,NOAA CO-OPS 8720218 water_level datum=NAVD units=metric tz=gmt interval=6
2022-09-21 07:30:00+00:00,0.284,0.004,False,False,False,False,v,False,NOAA CO-OPS 8720218 water_level datum=NAVD units=metric tz=gmt interval=6
2022-09-21 07:36:00+00:00,0.308,0.005,False,False,False,False,v,False,NOAA CO-OPS 8720218 water_level datum=NAVD units=metric tz=gmt interval=6
2022-09-21 07:42:00+00:00,0.339,0.005,False,False,False,False,v,False,NOAA CO-OPS 8720218 water_level datum=NAVD units=metric tz=gmt interval=6
2022-09-21 07:48:00+00:00,0.368,0.005,False,False,False,False,v,False,NOAA CO-OPS 8720218 water_level datum=NAVD units=metric tz=gmt interval=6
2022-09-21 07:54:00+00:00,0.376,0.005,False,False,False,False,v,False,NOAA CO-OPS 8720218 water_level datum=NAVD units=metric tz=gmt interval=6
2022-09-21 08:00:00+00:00,0.381,0.006,False,False,False,False,v,False,NOAA CO-OPS 8720218 water_level datum=NAVD units=metric tz=gmt interval=6
2022-09-21 08:06:00+00:00,0.4,0.006,False,False,False,False,v,False,NOAA CO-OPS 8720218 water_level datum=NAVD units=metric tz=gmt interval=6
2022-09-21 08:12:00+00:00,0.424,0.004,False,False,False,False,v,False,NOAA CO-OPS 8720218 water_level datum=NAVD units=metric tz=gmt interval=6
2022-09-21 08:18:00+00:00,0.445,0.004,False,False,False,False,v,False,NOAA CO-OPS 8720218 water_level datum=NAVD units=metric tz=gmt interval=6
2022-09-21 08:24:00+00:00,0.458,0.005,False,False,False,False,v,False,NOAA CO-OPS 8720218 water_level datum=NAVD units=metric tz=gmt interval=6
2022-09-21 08:30:00+00:00,0.468,0.004,False,False,False,False,v,False,NOAA CO-OPS 8720218 water_level datum=NAVD units=metric tz=gmt interval=6
2022-09-21 08:36:00+00:00,0.489,0.004,False,False,False,False,v,False,NOAA CO-OPS 8720218 water_level datum=NAVD units=metric tz=gmt interval=6
2022-09-21 08:42:00+00:00,0.504,0.004,False,False,False,False,v,False,NOAA CO-OPS 8720218 water_level datum=NAVD units=metric tz=gmt interval=6
2022-09-21 08:48:00+00:00,0.512,0.005,False,False,False,False,v,False,NOAA CO-OPS 8720218 water_level datum=NAVD units=metric tz=gmt interval=6
2022-09-21 08:54:00+00:00,0.521,0.005,False,False,False,False,v,False,NOAA CO-OPS 8720218 water_level datum=NAVD units=metric tz=gmt interval=6
2022-09-21 09:00:00+00:00,0.532,0.005,False,False,False,False,v,False,NOAA CO-OPS 8720218 water_level datum=NAVD units=metric tz=gmt interval=6
2022-09-21 09:06:00+00:00,0.548,0.005,False,False,False,False,v,False,NOAA CO-OPS 8720218 water_level datum=NAVD units=metric tz=gmt interval=6
2022-09-21 09:12:00+00:00,0.559,0.006,False,False,False,False,v,False,NOAA CO-OPS 8720218 water_level datum=NAVD units=metric tz=gmt interval=6
2022-09-21 09:18:00+00:00,0.567,0.005,False,False,False,False,v,False,NOAA CO-OPS 8720218 water_level datum=NAVD units=metric tz=gmt interval=6
2022-09-21 09:24:00+00:00,0.572,0.005,False,False,False,False,v,False,NOAA CO-OPS 8720218 water_level datum=NAVD units=metric tz=gmt interval=6
2022-09-21 09:30:00+00:00,0.574,0.006,False,False,False,False,v,False,NOAA CO-OPS 8720218 water_level datum=NAVD units=metric tz=gmt interval=6
2022-09-21 09:36:00+00:00,0.583,0.004,False,False,False,False,v,False,NOAA CO-OPS 8720218 water_level datum=NAVD units=metric tz=gmt interval=6
2022-09-21 09:42:00+00:00,0.589,0.005,False,False,False,False,v,False,NOAA CO-OPS 8720218 water_level datum=NAVD units=metric tz=gmt interval=6
2022-09-21 09:48:00+00:00,0.594,0.004,False,False,False,False,v,False,NOAA CO-OPS 8720218 water_level datum=NAVD units=metric tz=gmt interval=6
2022-09-21 09:54:00+00:00,0.606,0.005,False,False,False,False,v,False,NOAA CO-OPS 8720218 water_level datum=NAVD units=metric tz=gmt interval=6
2022-09-21 10:00:00+00:00,0.613,0.003,False,False,False,False,v,False,NOAA CO-OPS 8720218 water_level datum=NAVD units=metric tz=gmt interval=6
2022-09-21 10:06:00+00:00,0.607,0.004,False,False,False,False,v,False,NOAA CO-OPS 8720218 water_level datum=NAVD units=metric tz=gmt interval=6
2022-09-21 10:12:00+00:00,0.602,0.004,False,False,False,False,v,False,NOAA CO-OPS 8720218 water_level datum=NAVD units=metric tz=gmt interval=6
2022-09-21 10:18:00+00:00,0.601,0.004,False,False,False,False,v,False,NOAA CO-OPS 8720218 water_level datum=NAVD units=metric tz=gmt interval=6
2022-09-21 10:24:00+00:00,0.587,0.004,False,False,False,False,v,False,NOAA CO-OPS 8720218 water_level datum=NAVD units=metric tz=gmt interval=6
2022-09-21 10:30:00+00:00,0.575,0.004,False,False,False,False,v,False,NOAA CO-OPS 8720218 water_level datum=NAVD units=metric tz=gmt interval=6
2022-09-21 10:36:00+00:00,0.569,0.008,False,False,False,False,v,False,NOAA CO-OPS 8720218 water_level datum=NAVD units=metric tz=gmt interval=6
2022-09-21 10:42:00+00:00,0.567,0.005,False,False,False,False,v,False,NOAA CO-OPS 8720218 water_level datum=NAVD units=metric tz=gmt interval=6
2022-09-21 10:48:00+00:00,0.564,0.005,False,False,False,False,v,False,NOAA CO-OPS 8720218 water_level datum=NAVD units=metric tz=gmt interval=6
2022-09-21 10:54:00+00:00,0.54,0.007,False,False,False,False,v,False,NOAA CO-OPS 8720218 water_level datum=NAVD units=metric tz=gmt interval=6
2022-09-21 11:00:00+00:00,0.532,0.006,False,False,False,False,v,False,NOAA CO-OPS 8720218 water_level datum=NAVD units=metric tz=gmt interval=6
2022-09-21 11:06:00+00:00,0.514,0.004,False,False,False,False,v,False,NOAA CO-OPS 8720218 water_level datum=NAVD units=metric tz=gmt interval=6
2022-09-21 11:12:00+00:00,0.507,0.004,False,False,False,False,v,False,NOAA CO-OPS 8720218 water_level datum=NAVD units=metric tz=gmt interval=6
2022-09-21 11:18:00+00:00,0.496,0.004,False,False,False,False,v,False,NOAA CO-OPS 8720218 water_level datum=NAVD units=metric tz=gmt interval=6
2022-09-21 11:24:00+00:00,0.478,0.005,False,False,False,False,v,False,NOAA CO-OPS 8720218 water_level datum=NAVD units=metric tz=gmt interval=6
2022-09-21 11:30:00+00:00,0.464,0.005,False,False,False,False,v,False,NOAA CO-OPS 8720218 water_level datum=NAVD units=metric tz=gmt interval=6
2022-09-21 11:36:00+00:00,0.444,0.006,False,False,False,False,v,False,NOAA CO-OPS 8720218 water_level datum=NAVD units=metric tz=gmt interval=6
2022-09-21 11:42:00+00:00,0.42,0.004,False,False,False,False,v,False,NOAA CO-OPS 8720218 water_level datum=NAVD units=metric tz=gmt interval=6
2022-09-21 11:48:00+00:00,0.404,0.003,False,False,False,False,v,False,NOAA CO-OPS 8720218 water_level datum=NAVD units=metric tz=gmt interval=6
2022-09-21 11:54:00+00:00,0.373,0.005,False,False,False,False,v,False,NOAA CO-OPS 8720218 water_level datum=NAVD units=metric tz=gmt interval=6
2022-09-21 12:00:00+00:00,0.346,0.005,False,False,False,False,v,False,NOAA CO-OPS 8720218 water_level datum=NAVD units=metric tz=gmt interval=6
2022-09-21 12:06:00+00:00,0.321,0.005,False,False,False,False,v,False,NOAA CO-OPS 8720218 water_level datum=NAVD units=metric tz=gmt interval=6
2022-09-21 12:12:00+00:00,0.293,0.004,False,False,False,False,v,False,NOAA CO-OPS 8720218 water_level datum=NAVD units=metric tz=gmt interval=6
2022-09-21 12:18:00+00:00,0.274,0.004,False,False,False,False,v,False,NOAA CO-OPS 8720218 water_level datum=NAVD units=metric tz=gmt interval=6
2022-09-21 12:24:00+00:00,0.254,0.005,False,False,False,False,v,False,NOAA CO-OPS 8720218 water_level datum=NAVD units=metric tz=gmt interval=6
2022-09-21 12:30:00+00:00,0.223,0.005,False,False,False,False,v,False,NOAA CO-OPS 8720218 water_level datum=NAVD units=metric tz=gmt interval=6
2022-09-21 12:36:00+00:00,0.186,0.005,False,False,False,False,v,False,NOAA CO-OPS 8720218 water_level datum=NAVD units=metric tz=gmt interval=6
2022-09-21 12:42:00+00:00,0.156,0.006,False,False,False,False,v,False,NOAA CO-OPS 8720218 water_level datum=NAVD units=metric tz=gmt interval=6
2022-09-21 12:48:00+00:00,0.139,0.004,False,False,False,False,v,False,NOAA CO-OPS 8720218 water_level datum=NAVD units=metric tz=gmt interval=6
2022-09-21 12:54:00+00:00,0.112,0.006,False,False,False,False,v,False,NOAA CO-OPS 8720218 water_level datum=NAVD units=metric tz=gmt interval=6
2022-09-21 13:00:00+00:00,0.08,0.007,False,False,False,False,v,False,NOAA CO-OPS 8720218 water_level datum=NAVD units=metric tz=gmt interval=6
2022-09-21 13:06:00+00:00,0.05,0.006,False,False,False,False,v,False,NOAA CO-OPS 8720218 water_level datum=NAVD units=metric tz=gmt interval=6
2022-09-21 13:12:00+00:00,0.036,0.004,False,False,False,False,v,False,NOAA CO-OPS 8720218 water_level datum=NAVD units=metric tz=gmt interval=6
2022-09-21 13:18:00+00:00,0.019,0.004,False,False,False,False,v,False,NOAA CO-OPS 8720218 water_level datum=NAVD units=metric tz=gmt interval=6
2022-09-21 13:24:00+00:00,-0.01,0.006,False,False,False,False,v,False,NOAA CO-OPS 8720218 water_level datum=NAVD units=metric tz=gmt interval=6
2022-09-21 13:30:00+00:00,-0.045,0.007,False,False,False,False,v,False,NOAA CO-OPS 8720218 water_level datum=NAVD units=metric tz=gmt interval=6
2022-09-21 13:36:00+00:00,-0.082,0.006,False,False,False,False,v,False,NOAA CO-OPS 8720218 water_level datum=NAVD units=metric tz=gmt interval=6
2022-09-21 13:42:00+00:00,-0.106,0.005,False,False,False,False,v,False,NOAA CO-OPS 8720218 water_level datum=NAVD units=metric tz=gmt interval=6
2022-09-21 13:48:00+00:00,-0.113,0.006,False,False,False,False,v,False,NOAA CO-OPS 8720218 water_level datum=NAVD units=metric tz=gmt interval=6
2022-09-21 13:54:00+00:00,-0.13,0.007,False,False,False,False,v,False,NOAA CO-OPS 8720218 water_level datum=NAVD units=metric tz=gmt interval=6
2022-09-21 14:00:00+00:00,-0.152,0.005,False,False,False,False,v,False,NOAA CO-OPS 8720218 water_level datum=NAVD units=metric tz=gmt interval=6
2022-09-21 14:06:00+00:00,-0.167,0.006,False,False,False,False,v,False,NOAA CO-OPS 8720218 water_level datum=NAVD units=metric tz=gmt interval=6
2022-09-21 14:12:00+00:00,-0.172,0.007,False,False,False,False,v,False,NOAA CO-OPS 8720218 water_level datum=NAVD units=metric tz=gmt interval=6
2022-09-21 14:18:00+00:00,-0.175,0.006,False,False,False,False,v,False,NOAA CO-OPS 8720218 water_level datum=NAVD units=metric tz=gmt interval=6
2022-09-21 14:24:00+00:00,-0.19,0.009,False,False,False,False,v,False,NOAA CO-OPS 8720218 water_level datum=NAVD units=metric tz=gmt interval=6
2022-09-21 14:30:00+00:00,-0.218,0.008,False,False,False,False,v,False,NOAA CO-OPS 8720218 water_level datum=NAVD units=metric tz=gmt interval=6
2022-09-21 14:36:00+00:00,-0.238,0.007,False,False,False,False,v,False,NOAA CO-OPS 8720218 water_level datum=NAVD units=metric tz=gmt interval=6
2022-09-21 14:42:00+00:00,-0.247,0.01,False,False,False,False,v,False,NOAA CO-OPS 8720218 water_level datum=NAVD units=metric tz=gmt interval=6
2022-09-21 14:48:00+00:00,-0.255,0.008,False,False,False,False,v,False,NOAA CO-OPS 8720218 water_level datum=NAVD units=metric tz=gmt interval=6
2022-09-21 14:54:00+00:00,-0.269,0.006,False,False,False,False,v,False,NOAA CO-OPS 8720218 water_level datum=NAVD units=metric tz=gmt interval=6
2022-09-21 15:00:00+00:00,-0.286,0.006,False,False,False,False,v,False,NOAA CO-OPS 8720218 water_level datum=NAVD units=metric tz=gmt interval=6
2022-09-21 15:06:00+00:00,-0.292,0.007,False,False,False,False,v,False,NOAA CO-OPS 8720218 water_level datum=NAVD units=metric tz=gmt interval=6
2022-09-21 15:12:00+00:00,-0.301,0.007,False,False,False,False,v,False,NOAA CO-OPS 8720218 water_level datum=NAVD units=metric tz=gmt interval=6
2022-09-21 15:18:00+00:00,-0.311,0.006,False,False,False,False,v,False,NOAA CO-OPS 8720218 water_level datum=NAVD units=metric tz=gmt interval=6
2022-09-21 15:24:00+00:00,-0.31,0.006,False,False,False,False,v,False,NOAA CO-OPS 8720218 water_level datum=NAVD units=metric tz=gmt interval=6
2022-09-21 15:30:00+00:00,-0.317,0.007,False,False,False,False,v,False,NOAA CO-OPS 8720218 water_level datum=NAVD units=metric tz=gmt interval=6
2022-09-21 15:36:00+00:00,-0.317,0.006,False,False,False,False,v,False,NOAA CO-OPS 8720218 water_level datum=NAVD units=metric tz=gmt interval=6
2022-09-21 15:42:00+00:00,-0.322,0.006,False,False,False,False,v,False,NOAA CO-OPS 8720218 water_level datum=NAVD units=metric tz=gmt interval=6
2022-09-21 15:48:00+00:00,-0.33,0.007,False,False,False,False,v,False,NOAA CO-OPS 8720218 water_level datum=NAVD units=metric tz=gmt interval=6
2022-09-21 15:54:00+00:00,-0.349,0.01,False,False,False,False,v,False,NOAA CO-OPS 8720218 water_level datum=NAVD units=metric tz=gmt interval=6
2022-09-21 16:00:00+00:00,-0.334,0.009,False,False,False,False,v,False,NOAA CO-OPS 8720218 water_level datum=NAVD units=metric tz=gmt interval=6
2022-09-21 16:06:00+00:00,-0.325,0.006,False,False,False,False,v,False,NOAA CO-OPS 8720218 water_level datum=NAVD units=metric tz=gmt interval=6
2022-09-21 16:12:00+00:00,-0.321,0.005,False,False,False,False,v,False,NOAA CO-OPS 8720218 water_level datum=NAVD units=metric tz=gmt interval=6
2022-09-21 16:18:00+00:00,-0.323,0.008,False,False,False,False,v,False,NOAA CO-OPS 8720218 water_level datum=NAVD units=metric tz=gmt interval=6
2022-09-21 16:24:00+00:00,-0.313,0.007,False,False,False,False,v,False,NOAA CO-OPS 8720218 water_level datum=NAVD units=metric tz=gmt interval=6
2022-09-21 16:30:00+00:00,-0.309,0.005,False,False,False,False,v,False,NOAA CO-OPS 8720218 water_level datum=NAVD units=metric tz=gmt interval=6
2022-09-21 16:36:00+00:00,-0.283,0.007,False,False,False,False,v,False,NOAA CO-OPS 8720218 water_level datum=NAVD units=metric tz=gmt interval=6
2022-09-21 16:42:00+00:00,-0.26,0.007,False,False,False,False,v,False,NOAA CO-OPS 8720218 water_level datum=NAVD units=metric tz=gmt interval=6
2022-09-21 16:48:00+00:00,-0.251,0.006,False,False,False,False,v,False,NOAA CO-OPS 8720218 water_level datum=NAVD units=metric tz=gmt interval=6
2022-09-21 16:54:00+00:00,-0.246,0.008,False,False,False,False,v,False,NOAA CO-OPS 8720218 water_level datum=NAVD units=metric tz=gmt interval=6
2022-09-21 17:00:00+00:00,-0.238,0.009,False,False,False,False,v,False,NOAA CO-OPS 8720218 water_level datum=NAVD units=metric tz=gmt interval=6
2022-09-21 17:06:00+00:00,-0.22,0.006,False,False,False,False,v,False,NOAA CO-OPS 8720218 water_level datum=NAVD units=metric tz=gmt interval=6
2022-09-21 17:12:00+00:00,-0.187,0.008,False,False,False,False,v,False,NOAA CO-OPS 8720218 water_level datum=NAVD units=metric tz=gmt interval=6
2022-09-21 17:18:00+00:00,-0.162,0.006,False,False,False,False,v,False,NOAA CO-OPS 8720218 water_level datum=NAVD units=metric tz=gmt interval=6
2022-09-21 17:24:00+00:00,-0.145,0.007,False,False,False,False,v,False,NOAA CO-OPS 8720218 water_level datum=NAVD units=metric tz=gmt interval=6
2022-09-21 17:30:00+00:00,-0.13,0.008,False,False,False,False,v,False,NOAA CO-OPS 8720218 water_level datum=NAVD units=metric tz=gmt interval=6
2022-09-21 17:36:00+00:00,-0.107,0.006,False,False,False,False,v,False,NOAA CO-OPS 8720218 water_level datum=NAVD units=metric tz=gmt interval=6
2022-09-21 17:42:00+00:00,-0.08,0.007,False,False,False,False,v,False,NOAA CO-OPS 8720218 water_level datum=NAVD units=metric tz=gmt interval=6
2022-09-21 17:48:00+00:00,-0.06,0.006,False,False,False,False,v,False,NOAA CO-OPS 8720218 water_level datum=NAVD units=metric tz=gmt interval=6
2022-09-21 17:54:00+00:00,-0.036,0.006,False,False,False,False,v,False,NOAA CO-OPS 8720218 water_level datum=NAVD units=metric tz=gmt interval=6
2022-09-21 18:00:00+00:00,-0.003,0.007,False,False,False,False,v,False,NOAA CO-OPS 8720218 water_level datum=NAVD units=metric tz=gmt interval=6
2022-09-21 18:06:00+00:00,0.032,0.007,False,False,False,False,v,False,NOAA CO-OPS 8720218 water_level datum=NAVD units=metric tz=gmt interval=6
2022-09-21 18:12:00+00:00,0.061,0.009,False,False,False,False,v,False,NOAA CO-OPS 8720218 water_level datum=NAVD units=metric tz=gmt interval=6
2022-09-21 18:18:00+00:00,0.091,0.01,False,False,False,False,v,False,NOAA CO-OPS 8720218 water_level datum=NAVD units=metric tz=gmt interval=6
2022-09-21 18:24:00+00:00,0.121,0.01,False,False,False,False,v,False,NOAA CO-OPS 8720218 water_level datum=NAVD units=metric tz=gmt interval=6
2022-09-21 18:30:00+00:00,0.143,0.012,False,False,False,False,v,False,NOAA CO-OPS 8720218 water_level datum=NAVD units=metric tz=gmt interval=6
2022-09-21 18:36:00+00:00,0.165,0.011,False,False,False,False,v,False,NOAA CO-OPS 8720218 water_level datum=NAVD units=metric tz=gmt interval=6
2022-09-21 18:42:00+00:00,0.19,0.01,False,False,False,False,v,False,NOAA CO-OPS 8720218 water_level datum=NAVD units=metric tz=gmt interval=6
2022-09-21 18:48:00+00:00,0.219,0.009,False,False,False,False,v,False,NOAA CO-OPS 8720218 water_level datum=NAVD units=metric tz=gmt interval=6
2022-09-21 18:54:00+00:00,0.256,0.012,False,False,False,False,v,False,NOAA CO-OPS 8720218 water_level datum=NAVD units=metric tz=gmt interval=6
2022-09-21 19:00:00+00:00,0.292,0.009,False,False,False,False,v,False,NOAA CO-OPS 8720218 water_level datum=NAVD units=metric tz=gmt interval=6
2022-09-21 19:06:00+00:00,0.317,0.009,False,False,False,False,v,False,NOAA CO-OPS 8720218 water_level datum=NAVD units=metric tz=gmt interval=6
2022-09-21 19:12:00+00:00,0.336,0.008,False,False,False,False,v,False,NOAA CO-OPS 8720218 water_level datum=NAVD units=metric tz=gmt interval=6
2022-09-21 19:18:00+00:00,0.355,0.007,False,False,False,False,v,False,NOAA CO-OPS 8720218 water_level datum=NAVD units=metric tz=gmt interval=6
2022-09-21 19:24:00+00:00,0.373,0.007,False,False,False,False,v,False,NOAA CO-OPS 8720218 water_level datum=NAVD units=metric tz=gmt interval=6
2022-09-21 19:30:00+00:00,0.393,0.009,False,False,False,False,v,False,NOAA CO-OPS 8720218 water_level datum=NAVD units=metric tz=gmt interval=6
2022-09-21 19:36:00+00:00,0.406,0.008,False,False,False,False,v,False,NOAA CO-OPS 8720218 water_level datum=NAVD units=metric tz=gmt interval=6
2022-09-21 19:42:00+00:00,0.426,0.008,False,False,False,False,v,False,NOAA CO-OPS 8720218 water_level datum=NAVD units=metric tz=gmt interval=6
2022-09-21 19:48:00+00:00,0.45,0.007,False,False,False,False,v,False,NOAA CO-OPS 8720218 water_level datum=NAVD units=metric tz=gmt interval=6
2022-09-21 19:54:00+00:00,0.475,0.007,False,False,False,False,v,False,NOAA CO-OPS 8720218 water_level datum=NAVD units=metric tz=gmt interval=6
2022-09-21 20:00:00+00:00,0.493,0.006,False,False,False,False,v,False,NOAA CO-OPS 8720218 water_level datum=NAVD units=metric tz=gmt interval=6
2022-09-21 20:06:00+00:00,0.509,0.009,False,False,False,False,v,False,NOAA CO-OPS 8720218 water_level datum=NAVD units=metric tz=gmt interval=6
2022-09-21 20:12:00+00:00,0.526,0.005,False,False,False,False,v,False,NOAA CO-OPS 8720218 water_level datum=NAVD units=metric tz=gmt interval=6
2022-09-21 20:18:00+00:00,0.539,0.007,False,False,False,False,v,False,NOAA CO-OPS 8720218 water_level datum=NAVD units=metric tz=gmt interval=6
2022-09-21 20:24:00+00:00,0.546,0.011,False,False,False,False,v,False,NOAA CO-OPS 8720218 water_level datum=NAVD units=metric tz=gmt interval=6
2022-09-21 20:30:00+00:00,0.568,0.009,False,False,False,False,v,False,NOAA CO-OPS 8720218 water_level datum=NAVD units=metric tz=gmt interval=6
2022-09-21 20:36:00+00:00,0.587,0.008,False,False,False,False,v,False,NOAA CO-OPS 8720218 water_level datum=NAVD units=metric tz=gmt interval=6
2022-09-21 20:42:00+00:00,0.602,0.009,False,False,False,False,v,False,NOAA CO-OPS 8720218 water_level datum=NAVD units=metric tz=gmt interval=6
2022-09-21 20:48:00+00:00,0.619,0.009,False,False,False,False,v,False,NOAA CO-OPS 8720218 water_level datum=NAVD units=metric tz=gmt interval=6
2022-09-21 20:54:00+00:00,0.645,0.008,False,False,False,False,v,False,NOAA CO-OPS 8720218 water_level datum=NAVD units=metric tz=gmt interval=6
2022-09-21 21:00:00+00:00,0.664,0.007,False,False,False,False,v,False,NOAA CO-OPS 8720218 water_level datum=NAVD units=metric tz=gmt interval=6
2022-09-21 21:06:00+00:00,0.671,0.008,False,False,False,False,v,False,NOAA CO-OPS 8720218 water_level datum=NAVD units=metric tz=gmt interval=6
2022-09-21 21:12:00+00:00,0.683,0.008,False,False,False,False,v,False,NOAA CO-OPS 8720218 water_level datum=NAVD units=metric tz=gmt interval=6
2022-09-21 21:18:00+00:00,0.706,0.008,False,False,False,False,v,False,NOAA CO-OPS 8720218 water_level datum=NAVD units=metric tz=gmt interval=6
2022-09-21 21:24:00+00:00,0.722,0.009,False,False,False,False,v,False,NOAA CO-OPS 8720218 water_level datum=NAVD units=metric tz=gmt interval=6
2022-09-21 21:30:00+00:00,0.727,0.008,False,False,False,False,v,False,NOAA CO-OPS 8720218 water_level datum=NAVD units=metric tz=gmt interval=6
2022-09-21 21:36:00+00:00,0.735,0.008,False,False,False,False,v,False,NOAA CO-OPS 8720218 water_level datum=NAVD units=metric tz=gmt interval=6
2022-09-21 21:42:00+00:00,0.744,0.012,False,False,False,False,v,False,NOAA CO-OPS 8720218 water_level datum=NAVD units=metric tz=gmt interval=6
2022-09-21 21:48:00+00:00,0.781,0.01,False,False,False,False,v,False,NOAA CO-OPS 8720218 water_level datum=NAVD units=metric tz=gmt interval=6
2022-09-21 21:54:00+00:00,0.754,0.024,False,False,False,False,v,False,NOAA CO-OPS 8720218 water_level datum=NAVD units=metric tz=gmt interval=6
2022-09-21 22:00:00+00:00,0.771,0.01,False,False,False,False,v,False,NOAA CO-OPS 8720218 water_level datum=NAVD units=metric tz=gmt interval=6
2022-09-21 22:06:00+00:00,0.771,0.012,False,False,False,False,v,False,NOAA CO-OPS 8720218 water_level datum=NAVD units=metric tz=gmt interval=6
2022-09-21 22:12:00+00:00,0.791,0.009,False,False,False,False,v,False,NOAA CO-OPS 8720218 water_level datum=NAVD units=metric tz=gmt interval=6
2022-09-21 22:18:00+00:00,0.802,0.009,False,False,False,False,v,False,NOAA CO-OPS 8720218 water_level datum=NAVD units=metric tz=gmt interval=6
2022-09-21 22:24:00+00:00,0.797,0.008,False,False,False,False,v,False,NOAA CO-OPS 8720218 water_level datum=NAVD units=metric tz=gmt interval=6
2022-09-21 22:30:00+00:00,0.782,0.008,False,False,False,False,v,False,NOAA CO-OPS 8720218 water_level datum=NAVD units=metric tz=gmt interval=6
2022-09-21 22:36:00+00:00,0.793,0.006,False,False,False,False,v,False,NOAA CO-OPS 8720218 water_level datum=NAVD units=metric tz=gmt interval=6
2022-09-21 22:42:00+00:00,0.797,0.008,False,False,False,False,v,False,NOAA CO-OPS 8720218 water_level datum=NAVD units=metric tz=gmt interval=6
2022-09-21 22:48:00+00:00,0.805,0.009,False,False,False,False,v,False,NOAA CO-OPS 8720218 water_level datum=NAVD units=metric tz=gmt interval=6
2022-09-21 22:54:00+00:00,0.798,0.006,False,False,False,False,v,False,NOAA CO-OPS 8720218 water_level datum=NAVD units=metric tz=gmt interval=6
2022-09-21 23:00:00+00:00,0.789,0.005,False,False,False,False,v,False,NOAA CO-OPS 8720218 water_level datum=NAVD units=metric tz=gmt interval=6
2022-09-21 23:06:00+00:00,0.788,0.007,False,False,False,False,v,False,NOAA CO-OPS 8720218 water_level datum=NAVD units=metric tz=gmt interval=6
2022-09-21 23:12:00+00:00,0.796,0.007,False,False,False,False,v,False,NOAA CO-OPS 8720218 water_level datum=NAVD units=metric tz=gmt interval=6
2022-09-21 23:18:00+00:00,0.789,0.008,False,False,False,False,v,False,NOAA CO-OPS 8720218 water_level datum=NAVD units=metric tz=gmt interval=6
2022-09-21 23:24:00+00:00,0.763,0.008,False,False,False,False,v,False,NOAA CO-OPS 8720218 water_level datum=NAVD units=metric tz=gmt interval=6
2022-09-21 23:30:00+00:00,0.744,0.007,False,False,False,False,v,False,NOAA CO-OPS 8720218 water_level datum=NAVD units=metric tz=gmt interval=6
2022-09-21 23:36:00+00:00,0.742,0.006,False,False,False,False,v,False,NOAA CO-OPS 8720218 water_level datum=NAVD units=metric tz=gmt interval=6
2022-09-21 23:42:00+00:00,0.739,0.006,False,False,False,False,v,False,NOAA CO-OPS 8720218 water_level datum=NAVD units=metric tz=gmt interval=6
2022-09-21 23:48:00+00:00,0.725,0.006,False,False,False,False,v,False,NOAA CO-OPS 8720218 water_level datum=NAVD units=metric tz=gmt interval=6
2022-09-21 23:54:00+00:00,0.68,0.009,False,False,False,False,v,False,NOAA CO-OPS 8720218 water_level datum=NAVD units=metric tz=gmt interval=6
2022-09-22 00:00:00+00:00,0.668,0.005,False,False,False,False,v,False,NOAA CO-OPS 8720218 water_level datum=NAVD units=metric tz=gmt interval=6
2022-09-22 00:06:00+00:00,0.646,0.005,False,False,False,False,v,False,NOAA CO-OPS 8720218 water_level datum=NAVD units=metric tz=gmt interval=6
2022-09-22 00:12:00+00:00,0.625,0.007,False,False,False,False,v,False,NOAA CO-OPS 8720218 water_level datum=NAVD units=metric tz=gmt interval=6
2022-09-22 00:18:00+00:00,0.606,0.007,False,False,False,False,v,False,NOAA CO-OPS 8720218 water_level datum=NAVD units=metric tz=gmt interval=6
2022-09-22 00:24:00+00:00,0.578,0.008,False,False,False,False,v,False,NOAA CO-OPS 8720218 water_level datum=NAVD units=metric tz=gmt interval=6
2022-09-22 00:30:00+00:00,0.551,0.007,False,False,False,False,v,False,NOAA CO-OPS 8720218 water_level datum=NAVD units=metric tz=gmt interval=6
2022-09-22 00:36:00+00:00,0.54,0.007,False,False,False,False,v,False,NOAA CO-OPS 8720218 water_level datum=NAVD units=metric tz=gmt interval=6
2022-09-22 00:42:00+00:00,0.514,0.007,False,False,False,False,v,False,NOAA CO-OPS 8720218 water_level datum=NAVD units=metric tz=gmt interval=6
2022-09-22 00:48:00+00:00,0.481,0.007,False,False,False,False,v,False,NOAA CO-OPS 8720218 water_level datum=NAVD units=metric tz=gmt interval=6
2022-09-22 00:54:00+00:00,0.45,0.007,False,False,False,False,v,False,NOAA CO-OPS 8720218 water_level datum=NAVD units=metric tz=gmt interval=6
2022-09-22 01:00:00+00:00,0.412,0.006,False,False,False,False,v,False,NOAA CO-OPS 8720218 water_level datum=NAVD units=metric tz=gmt interval=6
2022-09-22 01:06:00+00:00,0.383,0.011,False,False,False,False,v,False,NOAA CO-OPS 8720218 water_level datum=NAVD units=metric tz=gmt interval=6
2022-09-22 01:12:00+00:00,0.357,0.007,False,False,False,False,v,False,NOAA CO-OPS 8720218 water_level datum=NAVD units=metric tz=gmt interval=6
2022-09-22 01:18:00+00:00,0.326,0.006,False,False,False,False,v,False,NOAA CO-OPS 8720218 water_level datum=NAVD units=metric tz=gmt interval=6
2022-09-22 01:24:00+00:00,0.289,0.006,False,False,False,False,v,False,NOAA CO-OPS 8720218 water_level datum=NAVD units=metric tz=gmt interval=6
2022-09-22 01:30:00+00:00,0.254,0.008,False,False,False,False,v,False,NOAA CO-OPS 8720218 water_level datum=NAVD units=metric tz=gmt interval=6
2022-09-22 01:36:00+00:00,0.228,0.005,False,False,False,False,v,False,NOAA CO-OPS 8720218 water_level datum=NAVD units=metric tz=gmt interval=6
2022-09-22 01:42:00+00:00,0.214,0.007,False,False,False,False,v,False,NOAA CO-OPS 8720218 water_level datum=NAVD units=metric tz=gmt interval=6
2022-09-22 01:48:00+00:00,0.19,0.01,False,False,False,False,v,False,NOAA CO-OPS 8720218 water_level datum=NAVD units=metric tz=gmt interval=6
2022-09-22 01:54:00+00:00,0.15,0.01,False,False,False,False,v,False,NOAA CO-OPS 8720218 water_level datum=NAVD units=metric tz=gmt interval=6
2022-09-22 02:00:00+00:00,0.111,0.008,False,False,False,False,v,False,NOAA CO-OPS 8720218 water_level datum=NAVD units=metric tz=gmt interval=6
2022-09-22 02:06:00+00:00,0.081,0.005,False,False,False,False,v,False,NOAA CO-OPS 8720218 water_level datum=NAVD units=metric tz=gmt interval=6
2022-09-22 02:12:00+00:00,0.062,0.006,False,False,False,False,v,False,NOAA CO-OPS 8720218 water_level datum=NAVD units=metric tz=gmt interval=6
2022-09-22 02:18:00+00:00,0.048,0.006,False,False,False,False,v,False,NOAA CO-OPS 8720218 water_level datum=NAVD units=metric tz=gmt interval=6
2022-09-22 02:24:00+00:00,0.033,0.007,False,False,False,False,v,False,NOAA CO-OPS 8720218 water_level datum=NAVD units=metric tz=gmt interval=6
2022-09-22 02:30:00+00:00,0.009,0.009,False,False,False,False,v,False,NOAA CO-OPS 8720218 water_level datum=NAVD units=metric tz=gmt interval=6
2022-09-22 02:36:00+00:00,-0.017,0.007,False,False,False,False,v,False,NOAA CO-OPS 8720218 water_level datum=NAVD units=metric tz=gmt interval=6
2022-09-22 02:42:00+00:00,-0.036,0.006,False,False,False,False,v,False,NOAA CO-OPS 8720218 water_level datum=NAVD units=metric tz=gmt interval=6
2022-09-22 02:48:00+00:00,-0.042,0.006,False,False,False,False,v,False,NOAA CO-OPS 8720218 water_level datum=NAVD units=metric tz=gmt interval=6
2022-09-22 02:54:00+00:00,-0.062,0.008,False,False,False,False,v,False,NOAA CO-OPS 8720218 water_level datum=NAVD units=metric tz=gmt interval=6
2022-09-22 03:00:00+00:00,-0.089,0.007,False,False,False,False,v,False,NOAA CO-OPS 8720218 water_level datum=NAVD units=metric tz=gmt interval=6
2022-09-22 03:06:00+00:00,-0.114,0.006,False,False,False,False,v,False,NOAA CO-OPS 8720218 water_level datum=NAVD units=metric tz=gmt interval=6
2022-09-22 03:12:00+00:00,-0.136,0.006,False,False,False,False,v,False,NOAA CO-OPS 8720218 water_level datum=NAVD units=metric tz=gmt interval=6
2022-09-22 03:18:00+00:00,-0.154,0.006,False,False,False,False,v,False,NOAA CO-OPS 8720218 water_level datum=NAVD units=metric tz=gmt interval=6
2022-09-22 03:24:00+00:00,-0.171,0.006,False,False,False,False,v,False,NOAA CO-OPS 8720218 water_level datum=NAVD units=metric tz=gmt interval=6
2022-09-22 03:30:00+00:00,-0.175,0.007,False,False,False,False,v,False,NOAA CO-OPS 8720218 water_level datum=NAVD units=metric tz=gmt interval=6
2022-09-22 03:36:00+00:00,-0.174,0.007,False,False,False,False,v,False,NOAA CO-OPS 8720218 water_level datum=NAVD units=metric tz=gmt interval=6
2022-09-22 03:42:00+00:00,-0.185,0.006,False,False,False,False,v,False,NOAA CO-OPS 8720218 water_level datum=NAVD units=metric tz=gmt interval=6
2022-09-22 03:48:00+00:00,-0.208,0.009,False,False,False,False,v,False,NOAA CO-OPS 8720218 water_level datum=NAVD units=metric tz=gmt interval=6
2022-09-22 03:54:00+00:00,-0.223,0.008,False,False,False,False,v,False,NOAA CO-OPS 8720218 water_level datum=NAVD units=metric tz=gmt interval=6
2022-09-22 04:00:00+00:00,-0.229,0.009,False,False,False,False,v,False,NOAA CO-OPS 8720218 water_level datum=NAVD units=metric tz=gmt interval=6
2022-09-22 04:06:00+00:00,-0.235,0.008,False,False,False,False,v,False,NOAA CO-OPS 8720218 water_level datum=NAVD units=metric tz=gmt interval=6
2022-09-22 04:12:00+00:00,-0.235,0.009,False,False,False,False,v,False,NOAA CO-OPS 8720218 water_level datum=NAVD units=metric tz=gmt interval=6
2022-09-22 04:18:00+00:00,-0.228,0.008,False,False,False,False,v,False,NOAA CO-OPS 8720218 water_level datum=NAVD units=metric tz=gmt interval=6
2022-09-22 04:24:00+00:00,-0.237,0.007,False,False,False,False,v,False,NOAA CO-OPS 8720218 water_level datum=NAVD units=metric tz=gmt interval=6
2022-09-22 04:30:00+00:00,-0.252,0.006,False,False,False,False,v,False,NOAA CO-OPS 8720218 water_level datum=NAVD units=metric tz=gmt interval=6
2022-09-22 04:36:00+00:00,-0.247,0.006,False,False,False,False,v,False,NOAA CO-OPS 8720218 water_level datum=NAVD units=metric tz=gmt interval=6
2022-09-22 04:42:00+00:00,-0.245,0.012,False,False,False,False,v,False,NOAA CO-OPS 8720218 water_level datum=NAVD units=metric tz=gmt interval=6
2022-09-22 04:48:00+00:00,-0.241,0.009,False,False,False,False,v,False,NOAA CO-OPS 8720218 water_level datum=NAVD units=metric tz=gmt interval=6
2022-09-22 04:54:00+00:00,-0.226,0.005,False,False,False,False,v,False,NOAA CO-OPS 8720218 water_level datum=NAVD units=metric tz=gmt interval=6
2022-09-22 05:00:00+00:00,-0.22,0.006,False,False,False,False,v,False,NOAA CO-OPS 8720218 water_level datum=NAVD units=metric tz=gmt interval=6
2022-09-22 05:06:00+00:00,-0.219,0.005,False,False,False,False,v,False,NOAA CO-OPS 8720218 water_level datum=NAVD units=metric tz=gmt interval=6
2022-09-22 05:12:00+00:00,-0.223,0.005,False,False,False,False,v,False,NOAA CO-OPS 8720218 water_level datum=NAVD units=metric tz=gmt interval=6
2022-09-22 05:18:00+00:00,-0.229,0.005,False,False,False,False,v,False,NOAA CO-OPS 8720218 water_level datum=NAVD units=metric tz=gmt interval=6
2022-09-22 05:24:00+00:00,-0.225,0.006,False,False,False,False,v,False,NOAA CO-OPS 8720218 water_level datum=NAVD units=metric tz=gmt interval=6
2022-09-22 05:30:00+00:00,-0.207,0.005,False,False,False,False,v,False,NOAA CO-OPS 8720218 water_level datum=NAVD units=metric tz=gmt interval=6
2022-09-22 05:36:00+00:00,-0.193,0.006,False,False,False,False,v,False,NOAA CO-OPS 8720218 water_level datum=NAVD units=metric tz=gmt interval=6
2022-09-22 05:42:00+00:00,-0.178,0.004,False,False,False,False,v,False,NOAA CO-OPS 8720218 water_level datum=NAVD units=metric tz=gmt interval=6
2022-09-22 05:48:00+00:00,-0.17,0.004,False,False,False,False,v,False,NOAA CO-OPS 8720218 water_level datum=NAVD units=metric tz=gmt interval=6
2022-09-22 05:54:00+00:00,-0.161,0.007,False,False,False,False,v,False,NOAA CO-OPS 8720218 water_level datum=NAVD units=metric tz=gmt interval=6
2022-09-22 06:00:00+00:00,-0.138,0.006,False,False,False,False,v,False,NOAA CO-OPS 8720218 water_level datum=NAVD units=metric tz=gmt interval=6
2022-09-22 06:06:00+00:00,-0.111,0.005,False,False,False,False,v,False,NOAA CO-OPS 8720218 water_level datum=NAVD units=metric tz=gmt interval=6
2022-09-22 06:12:00+00:00,-0.091,0.006,False,False,False,False,v,False,NOAA CO-OPS 8720218 water_level datum=NAVD units=metric tz=gmt interval=6
2022-09-22 06:18:00+00:00,-0.072,0.007,False,False,False,False,v,False,NOAA CO-OPS 8720218 water_level datum=NAVD units=metric tz=gmt interval=6
2022-09-22 06:24:00+00:00,-0.043,0.007,False,False,False,False,v,False,NOAA CO-OPS 8720218 water_level datum=NAVD units=metric tz=gmt interval=6
2022-09-22 06:30:00+00:00,-0.018,0.006,False,False,False,False,v,False,NOAA CO-OPS 8720218 water_level datum=NAVD units=metric tz=gmt interval=6
2022-09-22 06:36:00+00:00,0.003,0.007,False,False,False,False,v,False,NOAA CO-OPS 8720218 water_level datum=NAVD units=metric tz=gmt interval=6
2022-09-22 06:42:00+00:00,0.018,0.007,False,False,False,False,v,False,NOAA CO-OPS 8720218 water_level datum=NAVD units=metric tz=gmt interval=6
2022-09-22 06:48:00+00:00,0.036,0.007,False,False,False,False,v,False,NOAA CO-OPS 8720218 water_level datum=NAVD units=metric tz=gmt interval=6
2022-09-22 06:54:00+00:00,0.058,0.008,False,False,False,False,v,False,NOAA CO-OPS 8720218 water_level datum=NAVD units=metric tz=gmt interval=6
2022-09-22 07:00:00+00:00,0.072,0.007,False,False,False,False,v,False,NOAA CO-OPS 8720218 water_level datum=NAVD units=metric tz=gmt interval=6
2022-09-22 07:06:00+00:00,0.089,0.007,False,False,False,False,v,False,NOAA CO-OPS 8720218 water_level datum=NAVD units=metric tz=gmt interval=6
2022-09-22 07:12:00+00:00,0.111,0.009,False,False,False,False,v,False,NOAA CO-OPS 8720218 water_level datum=NAVD units=metric tz=gmt interval=6
2022-09-22 07:18:00+00:00,0.138,0.008,False,False,False,False,v,False,NOAA CO-OPS 8720218 water_level datum=NAVD units=metric tz=gmt interval=6
2022-09-22 07:24:00+00:00,0.164,0.007,False,False,False,False,v,False,NOAA CO-OPS 8720218 water_level datum=NAVD units=metric tz=gmt interval=6
2022-09-22 07:30:00+00:00,0.174,0.007,False,False,False,False,v,False,NOAA CO-OPS 8720218 water_level datum=NAVD units=metric tz=gmt interval=6
2022-09-22 07:36:00+00:00,0.189,0.007,False,False,False,False,v,False,NOAA CO-OPS 8720218 water_level datum=NAVD units=metric tz=gmt interval=6
2022-09-22 07:42:00+00:00,0.216,0.005,False,False,False,False,v,False,NOAA CO-OPS 8720218 water_level datum=NAVD units=metric tz=gmt interval=6
2022-09-22 07:48:00+00:00,0.239,0.005,False,False,False,False,v,False,NOAA CO-OPS 8720218 water_level datum=NAVD units=metric tz=gmt interval=6
2022-09-22 07:54:00+00:00,0.264,0.006,False,False,False,False,v,False,NOAA CO-OPS 8720218 water_level datum=NAVD units=metric tz=gmt interval=6
2022-09-22 08:00:00+00:00,0.283,0.006,False,False,False,False,v,False,NOAA CO-OPS 8720218 water_level datum=NAVD units=metric tz=gmt interval=6
2022-09-22 08:06:00+00:00,0.31,0.008,False,False,False,False,v,False,NOAA CO-OPS 8720218 water_level datum=NAVD units=metric tz=gmt interval=6
2022-09-22 08:12:00+00:00,0.335,0.009,False,False,False,False,v,False,NOAA CO-OPS 8720218 water_level datum=NAVD units=metric tz=gmt interval=6
2022-09-22 08:18:00+00:00,0.354,0.01,False,False,False,False,v,False,NOAA CO-OPS 8720218 water_level datum=NAVD units=metric tz=gmt interval=6
2022-09-22 08:24:00+00:00,0.377,0.013,False,False,False,False,v,False,NOAA CO-OPS 8720218 water_level datum=NAVD units=metric tz=gmt interval=6
2022-09-22 08:30:00+00:00,0.404,0.009,False,False,False,False,v,False,NOAA CO-OPS 8720218 water_level datum=NAVD units=metric tz=gmt interval=6
2022-09-22 08:36:00+00:00,0.422,0.01,False,False,False,False,v,False,NOAA CO-OPS 8720218 water_level datum=NAVD units=metric tz=gmt interval=6
2022-09-22 08:42:00+00:00,0.444,0.01,False,False,False,False,v,False,NOAA CO-OPS 8720218 water_level datum=NAVD units=metric tz=gmt interval=6
2022-09-22 08:48:00+00:00,0.466,0.009,False,False,False,False,v,False,NOAA CO-OPS 8720218 water_level datum=NAVD units=metric tz=gmt interval=6
2022-09-22 08:54:00+00:00,0.484,0.009,False,False,False,False,v,False,NOAA CO-OPS 8720218 water_level datum=NAVD units=metric tz=gmt interval=6
2022-09-22 09:00:00+00:00,0.489,0.008,False,False,False,False,v,False,NOAA CO-OPS 8720218 water_level datum=NAVD units=metric tz=gmt interval=6
2022-09-22 09:06:00+00:00,0.495,0.01,False,False,False,False,v,False,NOAA CO-OPS 8720218 water_level datum=NAVD units=metric tz=gmt interval=6
2022-09-22 09:12:00+00:00,0.516,0.009,False,False,False,False,v,False,NOAA CO-OPS 8720218 water_level datum=NAVD units=metric tz=gmt interval=6
2022-09-22 09:18:00+00:00,0.553,0.007,False,False,False,False,v,False,NOAA CO-OPS 8720218 water_level datum=NAVD units=metric tz=gmt interval=6
2022-09-22 09:24:00+00:00,0.569,0.008,False,False,False,False,v,False,NOAA CO-OPS 8720218 water_level datum=NAVD units=metric tz=gmt interval=6
2022-09-22 09:30:00+00:00,0.572,0.007,False,False,False,False,v,False,NOAA CO-OPS 8720218 water_level datum=NAVD units=metric tz=gmt interval=6
2022-09-22 09:36:00+00:00,0.585,0.006,False,False,False,False,v,False,NOAA CO-OPS 8720218 water_level datum=NAVD units=metric tz=gmt interval=6
2022-09-22 09:42:00+00:00,0.604,0.008,False,False,False,False,v,False,NOAA CO-OPS 8720218 water_level datum=NAVD units=metric tz=gmt interval=6
2022-09-22 09:48:00+00:00,0.614,0.006,False,False,False,False,v,False,NOAA CO-OPS 8720218 water_level datum=NAVD units=metric tz=gmt interval=6
2022-09-22 09:54:00+00:00,0.629,0.006,False,False,False,False,v,False,NOAA CO-OPS 8720218 water_level datum=NAVD units=metric tz=gmt interval=6
2022-09-22 10:00:00+00:00,0.633,0.006,False,False,False,False,v,False,NOAA CO-OPS 8720218 water_level datum=NAVD units=metric tz=gmt interval=6
2022-09-22 10:06:00+00:00,0.629,0.008,False,False,False,False,v,False,NOAA CO-OPS 8720218 water_level datum=NAVD units=metric tz=gmt interval=6
2022-09-22 10:12:00+00:00,0.63,0.008,False,False,False,False,v,False,NOAA CO-OPS 8720218 water_level datum=NAVD units=metric tz=gmt interval=6
2022-09-22 10:18:00+00:00,0.638,0.006,False,False,False,False,v,False,NOAA CO-OPS 8720218 water_level datum=NAVD units=metric tz=gmt interval=6
2022-09-22 10:24:00+00:00,0.653,0.006,False,False,False,False,v,False,NOAA CO-OPS 8720218 water_level datum=NAVD units=metric tz=gmt interval=6
2022-09-22 10:30:00+00:00,0.657,0.005,False,False,False,False,v,False,NOAA CO-OPS 8720218 water_level datum=NAVD units=metric tz=gmt interval=6
2022-09-22 10:36:00+00:00,0.665,0.008,False,False,False,False,v,False,NOAA CO-OPS 8720218 water_level datum=NAVD units=metric tz=gmt interval=6
2022-09-22 10:42:00+00:00,0.673,0.006,False,False,False,False,v,False,NOAA CO-OPS 8720218 water_level datum=NAVD units=metric tz=gmt interval=6
2022-09-22 10:48:00+00:00,0.67,0.007,False,False,False,False,v,False,NOAA CO-OPS 8720218 water_level datum=NAVD units=metric tz=gmt interval=6
2022-09-22 10:54:00+00:00,0.671,0.009,False,False,False,False,v,False,NOAA CO-OPS 8720218 water_level datum=NAVD units=metric tz=gmt interval=6
2022-09-22 11:00:00+00:00,0.669,0.006,False,False,False,False,v,False,NOAA CO-OPS 8720218 water_level datum=NAVD units=metric tz=gmt interval=6
2022-09-22 11:06:00+00:00,0.657,0.016,False,False,False,False,v,False,NOAA CO-OPS 8720218 water_level datum=NAVD units=metric tz=gmt interval=6
2022-09-22 11:12:00+00:00,0.662,0.01,False,False,False,False,v,False,NOAA CO-OPS 8720218 water_level datum=NAVD units=metric tz=gmt interval=6
2022-09-22 11:18:00+00:00,0.652,0.008,False,False,False,False,v,False,NOAA CO-OPS 8720218 water_level datum=NAVD units=metric tz=gmt interval=6
2022-09-22 11:24:00+00:00,0.651,0.009,False,False,False,False,v,False,NOAA CO-OPS 8720218 water_level datum=NAVD units=metric tz=gmt interval=6
2022-09-22 11:30:00+00:00,0.626,0.012,False,False,False,False,v,False,NOAA CO-OPS 8720218 water_level datum=NAVD units=metric tz=gmt interval=6
2022-09-22 11:36:00+00:00,0.647,0.012,False,False,False,False,v,False,NOAA CO-OPS 8720218 water_level datum=NAVD units=metric tz=gmt interval=6
2022-09-22 11:42:00+00:00,0.63,0.011,False,False,False,False,v,False,NOAA CO-OPS 8720218 water_level datum=NAVD units=metric tz=gmt interval=6
2022-09-22 11:48:00+00:00,0.614,0.008,False,False,False,False,v,False,NOAA CO-OPS 8720218 water_level datum=NAVD units=metric tz=gmt interval=6
2022-09-22 11:54:00+00:00,0.611,0.016,False,False,False,False,v,False,NOAA CO-OPS 8720218 water_level datum=NAVD units=metric tz=gmt interval=6
2022-09-22 12:00:00+00:00,0.603,0.007,False,False,False,False,v,False,NOAA CO-OPS 8720218 water_level datum=NAVD units=metric tz=gmt interval=6
2022-09-22 12:06:00+00:00,0.591,0.006,False,False,False,False,v,False,NOAA CO-OPS 8720218 water_level datum=NAVD units=metric tz=gmt interval=6
2022-09-22 12:12:00+00:00,0.582,0.007,False,False,False,False,v,False,NOAA CO-OPS 8720218 water_level datum=NAVD units=metric tz=gmt interval=6
2022-09-22 12:18:00+00:00,0.559,0.006,False,False,False,False,v,False,NOAA CO-OPS 8720218 water_level datum=NAVD units=metric tz=gmt interval=6
2022-09-22 12:24:00+00:00,0.544,0.004,False,False,False,False,v,False,NOAA CO-OPS 8720218 water_level datum=NAVD units=metric tz=gmt interval=6
2022-09-22 12:30:00+00:00,0.544,0.036,False,False,False,False,v,False,NOAA CO-OPS 8720218 water_level datum=NAVD units=metric tz=gmt interval=6
2022-09-22 12:36:00+00:00,0.513,0.006,False,False,False,False,v,False,NOAA CO-OPS 8720218 water_level datum=NAVD units=metric tz=gmt interval=6
2022-09-22 12:42:00+00:00,0.486,0.006,False,False,False,False,v,False,NOAA CO-OPS 8720218 water_level datum=NAVD units=metric tz=gmt interval=6
2022-09-22 12:48:00+00:00,0.451,0.007,False,False,False,False,v,False,NOAA CO-OPS 8720218 water_level datum=NAVD units=metric tz=gmt interval=6
2022-09-22 12:54:00+00:00,0.421,0.008,False,False,False,False,v,False,NOAA CO-OPS 8720218 water_level datum=NAVD units=metric tz=gmt interval=6
2022-09-22 13:00:00+00:00,0.401,0.006,False,False,False,False,v,False,NOAA CO-OPS 8720218 water_level datum=NAVD units=metric tz=gmt interval=6
2022-09-22 13:06:00+00:00,0.383,0.006,False,False,False,False,v,False,NOAA CO-OPS 8720218 water_level datum=NAVD units=metric tz=gmt interval=6
2022-09-22 13:12:00+00:00,0.358,0.006,False,False,False,False,v,False,NOAA CO-OPS 8720218 water_level datum=NAVD units=metric tz=gmt interval=6
2022-09-22 13:18:00+00:00,0.317,0.007,False,False,False,False,v,False,NOAA CO-OPS 8720218 water_level datum=NAVD units=metric tz=gmt interval=6
2022-09-22 13:24:00+00:00,0.288,0.006,False,False,False,False,v,False,NOAA CO-OPS 8720218 water_level datum=NAVD units=metric tz=gmt interval=6
2022-09-22 13:30:00+00:00,0.264,0.008,False,False,False,False,v,False,NOAA CO-OPS 8720218 water_level datum=NAVD units=metric tz=gmt interval=6
2022-09-22 13:36:00+00:00,0.234,0.011,False,False,False,False,v,False,NOAA CO-OPS 8720218 water_level datum=NAVD units=metric tz=gmt interval=6
2022-09-22 13:42:00+00:00,0.201,0.007,False,False,False,False,v,False,NOAA CO-OPS 8720218 water_level datum=NAVD units=metric tz=gmt interval=6
2022-09-22 13:48:00+00:00,0.17,0.007,False,False,False,False,v,False,NOAA CO-OPS 8720218 water_level datum=NAVD units=metric tz=gmt interval=6
2022-09-22 13:54:00+00:00,0.146,0.008,False,False,False,False,v,False,NOAA CO-OPS 8720218 water_level datum=NAVD units=metric tz=gmt interval=6
2022-09-22 14:00:00+00:00,0.125,0.008,False,False,False,False,v,False,NOAA CO-OPS 8720218 water_level datum=NAVD units=metric tz=gmt interval=6
2022-09-22 14:06:00+00:00,0.084,0.007,False,False,False,False,v,False,NOAA CO-OPS 8720218 water_level datum=NAVD units=metric tz=gmt interval=6
2022-09-22 14:12:00+00:00,0.037,0.006,False,False,False,False,v,False,NOAA CO-OPS 8720218 water_level datum=NAVD units=metric tz=gmt interval=6
2022-09-22 14:18:00+00:00,-0.001,0.007,False,False,False,False,v,False,NOAA CO-OPS 8720218 water_level datum=NAVD units=metric tz=gmt interval=6
2022-09-22 14:24:00+00:00,-0.026,0.006,False,False,False,False,v,False,NOAA CO-OPS 8720218 water_level datum=NAVD units=metric tz=gmt interval=6
2022-09-22 14:30:00+00:00,-0.042,0.006,False,False,False,False,v,False,NOAA CO-OPS 8720218 water_level datum=NAVD units=metric tz=gmt interval=6
2022-09-22 14:36:00+00:00,-0.071,0.007,False,False,False,False,v,False,NOAA CO-OPS 8720218 water_level datum=NAVD units=metric tz=gmt interval=6
2022-09-22 14:42:00+00:00,-0.118,0.011,False,False,False,False,v,False,NOAA CO-OPS 8720218 water_level datum=NAVD units=metric tz=gmt interval=6
2022-09-22 14:48:00+00:00,-0.154,0.01,False,False,False,False,v,False,NOAA CO-OPS 8720218 water_level datum=NAVD units=metric tz=gmt interval=6
2022-09-22 14:54:00+00:00,-0.174,0.009,False,False,False,False,v,False,NOAA CO-OPS 8720218 water_level datum=NAVD units=metric tz=gmt interval=6
2022-09-22 15:00:00+00:00,-0.182,0.009,False,False,False,False,v,False,NOAA CO-OPS 8720218 water_level datum=NAVD units=metric tz=gmt interval=6
2022-09-22 15:06:00+00:00,-0.204,0.011,False,False,False,False,v,False,NOAA CO-OPS 8720218 water_level datum=NAVD units=metric tz=gmt interval=6
2022-09-22 15:12:00+00:00,-0.245,0.006,False,False,False,False,v,False,NOAA CO-OPS 8720218 water_level datum=NAVD units=metric tz=gmt interval=6
2022-09-22 15:18:00+00:00,-0.264,0.007,False,False,False,False,v,False,NOAA CO-OPS 8720218 water_level datum=NAVD units=metric tz=gmt interval=6
2022-09-22 15:24:00+00:00,-0.27,0.007,False,False,False,False,v,False,NOAA CO-OPS 8720218 water_level datum=NAVD units=metric tz=gmt interval=6
2022-09-22 15:30:00+00:00,-0.285,0.014,False,False,False,False,v,False,NOAA CO-OPS 8720218 water_level datum=NAVD units=metric tz=gmt interval=6
2022-09-22 15:36:00+00:00,-0.305,0.008,False,False,False,False,v,False,NOAA CO-OPS 8720218 water_level datum=NAVD units=metric tz=gmt interval=6
2022-09-22 15:42:00+00:00,-0.331,0.009,False,False,False,False,v,False,NOAA CO-OPS 8720218 water_level datum=NAVD units=metric tz=gmt interval=6
2022-09-22 15:48:00+00:00,-0.354,0.008,False,False,False,False,v,False,NOAA CO-OPS 8720218 water_level datum=NAVD units=metric tz=gmt interval=6
2022-09-22 15:54:00+00:00,-0.365,0.008,False,False,False,False,v,False,NOAA CO-OPS 8720218 water_level datum=NAVD units=metric tz=gmt interval=6
2022-09-22 16:00:00+00:00,-0.369,0.008,False,False,False,False,v,False,NOAA CO-OPS 8720218 water_level datum=NAVD units=metric tz=gmt interval=6
2022-09-22 16:06:00+00:00,-0.377,0.013,False,False,False,False,v,False,NOAA CO-OPS 8720218 water_level datum=NAVD units=metric tz=gmt interval=6
2022-09-22 16:12:00+00:00,-0.388,0.009,False,False,False,False,v,False,NOAA CO-OPS 8720218 water_level datum=NAVD units=metric tz=gmt interval=6
2022-09-22 16:18:00+00:00,-0.395,0.011,False,False,False,False,v,False,NOAA CO-OPS 8720218 water_level datum=NAVD units=metric tz=gmt interval=6
2022-09-22 16:24:00+00:00,-0.422,0.01,False,False,False,False,v,False,NOAA CO-OPS 8720218 water_level datum=NAVD units=metric tz=gmt interval=6
2022-09-22 16:30:00+00:00,-0.407,0.009,False,False,False,False,v,False,NOAA CO-OPS 8720218 water_level datum=NAVD units=metric tz=gmt interval=6
2022-09-22 16:36:00+00:00,-0.409,0.009,False,False,False,False,v,False,NOAA CO-OPS 8720218 water_level datum=NAVD units=metric tz=gmt interval=6
2022-09-22 16:42:00+00:00,-0.413,0.008,False,False,False,False,v,False,NOAA CO-OPS 8720218 water_level datum=NAVD units=metric tz=gmt interval=6
2022-09-22 16:48:00+00:00,-0.403,0.008,False,False,False,False,v,False,NOAA CO-OPS 8720218 water_level datum=NAVD units=metric tz=gmt interval=6
2022-09-22 16:54:00+00:00,-0.381,0.009,False,False,False,False,v,False,NOAA CO-OPS 8720218 water_level datum=NAVD units=metric tz=gmt interval=6
2022-09-22 17:00:00+00:00,-0.377,0.007,False,False,False,False,v,False,NOAA CO-OPS 8720218 water_level datum=NAVD units=metric tz=gmt interval=6
2022-09-22 17:06:00+00:00,-0.375,0.01,False,False,False,False,v,False,NOAA CO-OPS 8720218 water_level datum=NAVD units=metric tz=gmt interval=6
2022-09-22 17:12:00+00:00,-0.38,0.009,False,False,False,False,v,False,NOAA CO-OPS 8720218 water_level datum=NAVD units=metric tz=gmt interval=6
2022-09-22 17:18:00+00:00,-0.36,0.008,False,False,False,False,v,False,NOAA CO-OPS 8720218 water_level datum=NAVD units=metric tz=gmt interval=6
2022-09-22 17:24:00+00:00,-0.342,0.008,False,False,False,False,v,False,NOAA CO-OPS 8720218 water_level datum=NAVD units=metric tz=gmt interval=6
2022-09-22 17:30:00+00:00,-0.326,0.01,False,False,False,False,v,False,NOAA CO-OPS 8720218 water_level datum=NAVD units=metric tz=gmt interval=6
2022-09-22 17:36:00+00:00,-0.31,0.006,False,False,False,False,v,False,NOAA CO-OPS 8720218 water_level datum=NAVD units=metric tz=gmt interval=6
2022-09-22 17:42:00+00:00,-0.299,0.007,False,False,False,False,v,False,NOAA CO-OPS 8720218 water_level datum=NAVD units=metric tz=gmt interval=6
2022-09-22 17:48:00+00:00,-0.284,0.007,False,False,False,False,v,False,NOAA CO-OPS 8720218 water_level datum=NAVD units=metric tz=gmt interval=6
2022-09-22 17:54:00+00:00,-0.266,0.007,False,False,False,False,v,False,NOAA CO-OPS 8720218 water_level datum=NAVD units=metric tz=gmt interval=6
2022-09-22 18:00:00+00:00,-0.246,0.009,False,False,False,False,v,False,NOAA CO-OPS 8720218 water_level datum=NAVD units=metric tz=gmt interval=6
2022-09-22 18:06:00+00:00,-0.219,0.006,False,False,False,False,v,False,NOAA CO-OPS 8720218 water_level datum=NAVD units=metric tz=gmt interval=6
2022-09-22 18:12:00+00:00,-0.184,0.008,False,False,False,False,v,False,NOAA CO-OPS 8720218 water_level datum=NAVD units=metric tz=gmt interval=6
2022-09-22 18:18:00+00:00,-0.167,0.007,False,False,False,False,v,False,NOAA CO-OPS 8720218 water_level datum=NAVD units=metric tz=gmt interval=6
2022-09-22 18:24:00+00:00,-0.146,0.006,False,False,False,False,v,False,NOAA CO-OPS 8720218 water_level datum=NAVD units=metric tz=gmt interval=6
2022-09-22 18:30:00+00:00,-0.133,0.006,False,False,False,False,v,False,NOAA CO-OPS 8720218 water_level datum=NAVD units=metric tz=gmt interval=6
2022-09-22 18:36:00+00:00,-0.105,0.009,False,False,False,False,v,False,NOAA CO-OPS 8720218 water_level datum=NAVD units=metric tz=gmt interval=6
2022-09-22 18:42:00+00:00,-0.076,0.007,False,False,False,False,v,False,NOAA CO-OPS 8720218 water_level datum=NAVD units=metric tz=gmt interval=6
2022-09-22 18:48:00+00:00,-0.046,0.011,False,False,False,False,v,False,NOAA CO-OPS 8720218 water_level datum=NAVD units=metric tz=gmt interval=6
2022-09-22 18:54:00+00:00,-0.019,0.008,False,False,False,False,v,False,NOAA CO-OPS 8720218 water_level datum=NAVD units=metric tz=gmt interval=6
2022-09-22 19:00:00+00:00,-0.006,0.011,False,False,False,False,v,False,NOAA CO-OPS 8720218 water_level datum=NAVD units=metric tz=gmt interval=6
2022-09-22 19:06:00+00:00,0.018,0.006,False,False,False,False,v,False,NOAA CO-OPS 8720218 water_level datum=NAVD units=metric tz=gmt interval=6
2022-09-22 19:12:00+00:00,0.037,0.007,False,False,False,False,v,False,NOAA CO-OPS 8720218 water_level datum=NAVD units=metric tz=gmt interval=6
2022-09-22 19:18:00+00:00,0.059,0.005,False,False,False,False,v,False,NOAA CO-OPS 8720218 water_level datum=NAVD units=metric tz=gmt interval=6
2022-09-22 19:24:00+00:00,0.094,0.006,False,False,False,False,v,False,NOAA CO-OPS 8720218 water_level datum=NAVD units=metric tz=gmt interval=6
2022-09-22 19:30:00+00:00,0.142,0.008,False,False,False,False,v,False,NOAA CO-OPS 8720218 water_level datum=NAVD units=metric tz=gmt interval=6
2022-09-22 19:36:00+00:00,0.175,0.007,False,False,False,False,v,False,NOAA CO-OPS 8720218 water_level datum=NAVD units=metric tz=gmt interval=6
2022-09-22 19:42:00+00:00,0.208,0.007,False,False,False,False,v,False,NOAA CO-OPS 8720218 water_level datum=NAVD units=metric tz=gmt interval=6
2022-09-22 19:48:00+00:00,0.234,0.007,False,False,False,False,v,False,NOAA CO-OPS 8720218 water_level datum=NAVD units=metric tz=gmt interval=6
2022-09-22 19:54:00+00:00,0.253,0.01,False,False,False,False,v,False,NOAA CO-OPS 8720218 water_level datum=NAVD units=metric tz=gmt interval=6
2022-09-22 20:00:00+00:00,0.278,0.009,False,False,False,False,v,False,NOAA CO-OPS 8720218 water_level datum=NAVD units=metric tz=gmt interval=6
2022-09-22 20:06:00+00:00,0.316,0.017,False,False,False,False,v,False,NOAA CO-OPS 8720218 water_level datum=NAVD units=metric tz=gmt interval=6
2022-09-22 20:12:00+00:00,0.331,0.012,False,False,False,False,v,False,NOAA CO-OPS 8720218 water_level datum=NAVD units=metric tz=gmt interval=6
2022-09-22 20:18:00+00:00,0.354,0.014,False,False,False,False,v,False,NOAA CO-OPS 8720218 water_level datum=NAVD units=metric tz=gmt interval=6
2022-09-22 20:24:00+00:00,0.377,0.009,False,False,False,False,v,False,NOAA CO-OPS 8720218 water_level datum=NAVD units=metric tz=gmt interval=6
2022-09-22 20:30:00+00:00,0.409,0.007,False,False,False,False,v,False,NOAA CO-OPS 8720218 water_level datum=NAVD units=metric tz=gmt interval=6
2022-09-22 20:36:00+00:00,0.433,0.009,False,False,False,False,v,False,NOAA CO-OPS 8720218 water_level datum=NAVD units=metric tz=gmt interval=6
2022-09-22 20:42:00+00:00,0.457,0.007,False,False,False,False,v,False,NOAA CO-OPS 8720218 water_level datum=NAVD units=metric tz=gmt interval=6
2022-09-22 20:48:00+00:00,0.475,0.007,False,False,False,False,v,False,NOAA CO-OPS 8720218 water_level datum=NAVD units=metric tz=gmt interval=6
2022-09-22 20:54:00+00:00,0.508,0.009,False,False,False,False,v,False,NOAA CO-OPS 8720218 water_level datum=NAVD units=metric tz=gmt interval=6
2022-09-22 21:00:00+00:00,0.539,0.007,False,False,False,False,v,False,NOAA CO-OPS 8720218 water_level datum=NAVD units=metric tz=gmt interval=6
2022-09-22 21:06:00+00:00,0.558,0.009,False,False,False,False,v,False,NOAA CO-OPS 8720218 water_level datum=NAVD units=metric tz=gmt interval=6
2022-09-22 21:12:00+00:00,0.583,0.007,False,False,False,False,v,False,NOAA CO-OPS 8720218 water_level datum=NAVD units=metric tz=gmt interval=6
2022-09-22 21:18:00+00:00,0.6,0.009,False,False,False,False,v,False,NOAA CO-OPS 8720218 water_level datum=NAVD units=metric tz=gmt interval=6
2022-09-22 21:24:00+00:00,0.624,0.006,False,False,False,False,v,False,NOAA CO-OPS 8720218 water_level datum=NAVD units=metric tz=gmt interval=6
2022-09-22 21:30:00+00:00,0.641,0.006,False,False,False,False,v,False,NOAA CO-OPS 8720218 water_level datum=NAVD units=metric tz=gmt interval=6
2022-09-22 21:36:00+00:00,0.66,0.007,False,False,False,False,v,False,NOAA CO-OPS 8720218 water_level datum=NAVD units=metric tz=gmt interval=6
2022-09-22 21:42:00+00:00,0.675,0.008,False,False,False,False,v,False,NOAA CO-OPS 8720218 water_level datum=NAVD units=metric tz=gmt interval=6
2022-09-22 21:48:00+00:00,0.681,0.009,False,False,False,False,v,False,NOAA CO-OPS 8720218 water_level datum=NAVD units=metric tz=gmt interval=6
2022-09-22 21:54:00+00:00,0.704,0.009,False,False,False,False,v,False,NOAA CO-OPS 8720218 water_level datum=NAVD units=metric tz=gmt interval=6
2022-09-22 22:00:00+00:00,0.727,0.008,False,False,False,False,v,False,NOAA CO-OPS 8720218 water_level datum=NAVD units=metric tz=gmt interval=6
2022-09-22 22:06:00+00:00,0.747,0.008,False,False,False,False,v,False,NOAA CO-OPS 8720218 water_level datum=NAVD units=metric tz=gmt interval=6
2022-09-22 22:12:00+00:00,0.763,0.01,False,False,False,False,v,False,NOAA CO-OPS 8720218 water_level datum=NAVD units=metric tz=gmt interval=6
2022-09-22 22:18:00+00:00,0.779,0.009,False,False,False,False,v,False,NOAA CO-OPS 8720218 water_level datum=NAVD units=metric tz=gmt interval=6
2022-09-22 22:24:00+00:00,0.784,0.009,False,False,False,False,v,False,NOAA CO-OPS 8720218 water_level datum=NAVD units=metric tz=gmt interval=6
2022-09-22 22:30:00+00:00,0.8,0.008,False,False,False,False,v,False,NOAA CO-OPS 8720218 water_level datum=NAVD units=metric tz=gmt interval=6
2022-09-22 22:36:00+00:00,0.805,0.007,False,False,False,False,v,False,NOAA CO-OPS 8720218 water_level datum=NAVD units=metric tz=gmt interval=6
2022-09-22 22:42:00+00:00,0.82,0.007,False,False,False,False,v,False,NOAA CO-OPS 8720218 water_level datum=NAVD units=metric tz=gmt interval=6
2022-09-22 22:48:00+00:00,0.811,0.008,False,False,False,False,v,False,NOAA CO-OPS 8720218 water_level datum=NAVD units=metric tz=gmt interval=6
2022-09-22 22:54:00+00:00,0.831,0.009,False,False,False,False,v,False,NOAA CO-OPS 8720218 water_level datum=NAVD units=metric tz=gmt interval=6
2022-09-22 23:00:00+00:00,0.839,0.006,False,False,False,False,v,False,NOAA CO-OPS 8720218 water_level datum=NAVD units=metric tz=gmt interval=6
2022-09-22 23:06:00+00:00,0.838,0.012,False,False,False,False,v,False,NOAA CO-OPS 8720218 water_level datum=NAVD units=metric tz=gmt interval=6
2022-09-22 23:12:00+00:00,0.836,0.01,False,False,False,False,v,False,NOAA CO-OPS 8720218 water_level datum=NAVD units=metric tz=gmt interval=6
2022-09-22 23:18:00+00:00,0.835,0.009,False,False,False,False,v,False,NOAA CO-OPS 8720218 water_level datum=NAVD units=metric tz=gmt interval=6
2022-09-22 23:24:00+00:00,0.838,0.006,False,False,False,False,v,False,NOAA CO-OPS 8720218 water_level datum=NAVD units=metric tz=gmt interval=6
2022-09-22 23:30:00+00:00,0.837,0.009,False,False,False,False,v,False,NOAA CO-OPS 8720218 water_level datum=NAVD units=metric tz=gmt interval=6
2022-09-22 23:36:00+00:00,0.827,0.007,False,False,False,False,v,False,NOAA CO-OPS 8720218 water_level datum=NAVD units=metric tz=gmt interval=6
2022-09-22 23:42:00+00:00,0.82,0.005,False,False,False,False,v,False,NOAA CO-OPS 8720218 water_level datum=NAVD units=metric tz=gmt interval=6
2022-09-22 23:48:00+00:00,0.817,0.007,False,False,False,False,v,False,NOAA CO-OPS 8720218 water_level datum=NAVD units=metric tz=gmt interval=6
2022-09-22 23:54:00+00:00,0.818,0.006,False,False,False,False,v,False,NOAA CO-OPS 8720218 water_level datum=NAVD units=metric tz=gmt interval=6
2022-09-23 00:00:00+00:00,0.814,0.005,False,False,False,False,v,False,NOAA CO-OPS 8720218 water_level datum=NAVD units=metric tz=gmt interval=6
2022-09-23 00:06:00+00:00,0.794,0.007,False,False,False,False,v,False,NOAA CO-OPS 8720218 water_level datum=NAVD units=metric tz=gmt interval=6
2022-09-23 00:12:00+00:00,0.78,0.006,False,False,False,False,v,False,NOAA CO-OPS 8720218 water_level datum=NAVD units=metric tz=gmt interval=6
2022-09-23 00:18:00+00:00,0.768,0.005,False,False,False,False,v,False,NOAA CO-OPS 8720218 water_level datum=NAVD units=metric tz=gmt interval=6
2022-09-23 00:24:00+00:00,0.752,0.006,False,False,False,False,v,False,NOAA CO-OPS 8720218 water_level datum=NAVD units=metric tz=gmt interval=6
2022-09-23 00:30:00+00:00,0.737,0.006,False,False,False,False,v,False,NOAA CO-OPS 8720218 water_level datum=NAVD units=metric tz=gmt interval=6
2022-09-23 00:36:00+00:00,0.719,0.006,False,False,False,False,v,False,NOAA CO-OPS 8720218 water_level datum=NAVD units=metric tz=gmt interval=6
2022-09-23 00:42:00+00:00,0.699,0.005,False,False,False,False,v,False,NOAA CO-OPS 8720218 water_level datum=NAVD units=metric tz=gmt interval=6
2022-09-23 00:48:00+00:00,0.679,0.005,False,False,False,False,v,False,NOAA CO-OPS 8720218 water_level datum=NAVD units=metric tz=gmt interval=6
2022-09-23 00:54:00+00:00,0.659,0.007,False,False,False,False,v,False,NOAA CO-OPS 8720218 water_level datum=NAVD units=metric tz=gmt interval=6
2022-09-23 01:00:00+00:00,0.634,0.004,False,False,False,False,v,False,NOAA CO-OPS 8720218 water_level datum=NAVD units=metric tz=gmt interval=6
2022-09-23 01:06:00+00:00,0.603,0.007,False,False,False,False,v,False,NOAA CO-OPS 8720218 water_level datum=NAVD units=metric tz=gmt interval=6
2022-09-23 01:12:00+00:00,0.571,0.004,False,False,False,False,v,False,NOAA CO-OPS 8720218 water_level datum=NAVD units=metric tz=gmt interval=6
2022-09-23 01:18:00+00:00,0.541,0.005,False,False,False,False,v,False,NOAA CO-OPS 8720218 water_level datum=NAVD units=metric tz=gmt interval=6
2022-09-23 01:24:00+00:00,0.506,0.008,False,False,False,False,v,False,NOAA CO-OPS 8720218 water_level datum=NAVD units=metric tz=gmt interval=6
2022-09-23 01:30:00+00:00,0.478,0.006,False,False,False,False,v,False,NOAA CO-OPS 8720218 water_level datum=NAVD units=metric tz=gmt interval=6
2022-09-23 01:36:00+00:00,0.449,0.006,False,False,False,False,v,False,NOAA CO-OPS 8720218 water_level datum=NAVD units=metric tz=gmt interval=6
2022-09-23 01:42:00+00:00,0.406,0.005,False,False,False,False,v,False,NOAA CO-OPS 8720218 water_level datum=NAVD units=metric tz=gmt interval=6
2022-09-23 01:48:00+00:00,0.367,0.006,False,False,False,False,v,False,NOAA CO-OPS 8720218 water_level datum=NAVD units=metric tz=gmt interval=6
2022-09-23 01:54:00+00:00,0.329,0.005,False,False,False,False,v,False,NOAA CO-OPS 8720218 water_level datum=NAVD units=metric tz=gmt interval=6
2022-09-23 02:00:00+00:00,0.291,0.006,False,False,False,False,v,False,NOAA CO-OPS 8720218 water_level datum=NAVD units=metric tz=gmt interval=6
2022-09-23 02:06:00+00:00,0.259,0.006,False,False,False,False,v,False,NOAA CO-OPS 8720218 water_level datum=NAVD units=metric tz=gmt interval=6
2022-09-23 02:12:00+00:00,0.22,0.007,False,False,False,False,v,False,NOAA CO-OPS 8720218 water_level datum=NAVD units=metric tz=gmt interval=6
2022-09-23 02:18:00+00:00,0.181,0.006,False,False,False,False,v,False,NOAA CO-OPS 8720218 water_level datum=NAVD units=metric tz=gmt interval=6
2022-09-23 02:24:00+00:00,0.14,0.01,False,False,False,False,v,False,NOAA CO-OPS 8720218 water_level datum=NAVD units=metric tz=gmt interval=6
2022-09-23 02:30:00+00:00,0.103,0.009,False,False,False,False,v,False,NOAA CO-OPS 8720218 water_level datum=NAVD units=metric tz=gmt interval=6
2022-09-23 02:36:00+00:00,0.067,0.006,False,False,False,False,v,False,NOAA CO-OPS 8720218 water_level datum=NAVD units=metric tz=gmt interval=6
2022-09-23 02:42:00+00:00,0.024,0.009,False,False,False,False,v,False,NOAA CO-OPS 8720218 water_level datum=NAVD units=metric tz=gmt interval=6
2022-09-23 02:48:00+00:00,-0.018,0.008,False,False,False,False,v,False,NOAA CO-OPS 8720218 water_level datum=NAVD units=metric tz=gmt interval=6
2022-09-23 02:54:00+00:00,-0.024,0.011,False,False,False,False,v,False,NOAA CO-OPS 8720218 water_level datum=NAVD units=metric tz=gmt interval=6
2022-09-23 03:00:00+00:00,-0.093,0.021,False,False,False,False,v,False,NOAA CO-OPS 8720218 water_level datum=NAVD units=metric tz=gmt interval=6
2022-09-23 03:06:00+00:00,-0.099,0.017,False,False,False,False,v,False,NOAA CO-OPS 8720218 water_level datum=NAVD units=metric tz=gmt interval=6
2022-09-23 03:12:00+00:00,-0.126,0.018,False,False,False,False,v,False,NOAA CO-OPS 8720218 water_level datum=NAVD units=metric tz=gmt interval=6
2022-09-23 03:18:00+00:00,-0.151,0.015,False,False,False,False,v,False,NOAA CO-OPS 8720218 water_level datum=NAVD units=metric tz=gmt interval=6
2022-09-23 03:24:00+00:00,-0.176,0.013,False,False,False,False,v,False,NOAA CO-OPS 8720218 water_level datum=NAVD units=metric tz=gmt interval=6
2022-09-23 03:30:00+00:00,-0.211,0.011,False,False,False,False,v,False,NOAA CO-OPS 8720218 water_level datum=NAVD units=metric tz=gmt interval=6
2022-09-23 03:36:00+00:00,-0.25,0.009,False,False,False,False,v,False,NOAA CO-OPS 8720218 water_level datum=NAVD units=metric tz=gmt interval=6
2022-09-23 03:42:00+00:00,-0.271,0.011,False,False,False,False,v,False,NOAA CO-OPS 8720218 water_level datum=NAVD units=metric tz=gmt interval=6
2022-09-23 03:48:00+00:00,-0.289,0.016,False,False,False,False,v,False,NOAA CO-OPS 8720218 water_level datum=NAVD units=metric tz=gmt interval=6
2022-09-23 03:54:00+00:00,-0.295,0.009,False,False,False,False,v,False,NOAA CO-OPS 8720218 water_level datum=NAVD units=metric tz=gmt interval=6
2022-09-23 04:00:00+00:00,-0.305,0.01,False,False,False,False,v,False,NOAA CO-OPS 8720218 water_level datum=NAVD units=metric tz=gmt interval=6
2022-09-23 04:06:00+00:00,-0.366,0.008,False,False,False,False,v,False,NOAA CO-OPS 8720218 water_level datum=NAVD units=metric tz=gmt interval=6
2022-09-23 04:12:00+00:00,-0.366,0.011,False,False,False,False,v,False,NOAA CO-OPS 8720218 water_level datum=NAVD units=metric tz=gmt interval=6
2022-09-23 04:18:00+00:00,-0.399,0.01,False,False,False,False,v,False,NOAA CO-OPS 8720218 water_level datum=NAVD units=metric tz=gmt interval=6
2022-09-23 04:24:00+00:00,-0.413,0.009,False,False,False,False,v,False,NOAA CO-OPS 8720218 water_level datum=NAVD units=metric tz=gmt interval=6
2022-09-23 04:30:00+00:00,-0.417,0.008,False,False,False,False,v,False,NOAA CO-OPS 8720218 water_level datum=NAVD units=metric tz=gmt interval=6
2022-09-23 04:36:00+00:00,-0.428,0.006,False,False,False,False,v,False,NOAA CO-OPS 8720218 water_level datum=NAVD units=metric tz=gmt interval=6
2022-09-23 04:42:00+00:00,-0.44,0.005,False,False,False,False,v,False,NOAA CO-OPS 8720218 water_level datum=NAVD units=metric tz=gmt interval=6
2022-09-23 04:48:00+00:00,-0.431,0.005,False,False,False,False,v,False,NOAA CO-OPS 8720218 water_level datum=NAVD units=metric tz=gmt interval=6
2022-09-23 04:54:00+00:00,-0.444,0.006,False,False,False,False,v,False,NOAA CO-OPS 8720218 water_level datum=NAVD units=metric tz=gmt interval=6
2022-09-23 05:00:00+00:00,-0.463,0.029,False,False,False,False,v,False,NOAA CO-OPS 8720218 water_level datum=NAVD units=metric tz=gmt interval=6
2022-09-23 05:06:00+00:00,-0.459,0.01,False,False,False,False,v,False,NOAA CO-OPS 8720218 water_level datum=NAVD units=metric tz=gmt interval=6
2022-09-23 05:12:00+00:00,-0.461,0.008,False,False,False,False,v,False,NOAA CO-OPS 8720218 water_level datum=NAVD units=metric tz=gmt interval=6
2022-09-23 05:18:00+00:00,-0.476,0.006,False,False,False,False,v,False,NOAA CO-OPS 8720218 water_level datum=NAVD units=metric tz=gmt interval=6
2022-09-23 05:24:00+00:00,-0.46,0.009,False,False,False,False,v,False,NOAA CO-OPS 8720218 water_level datum=NAVD units=metric tz=gmt interval=6
2022-09-23 05:30:00+00:00,-0.465,0.006,False,False,False,False,v,False,NOAA CO-OPS 8720218 water_level datum=NAVD units=metric tz=gmt interval=6
2022-09-23 05:36:00+00:00,-0.457,0.006,False,False,False,False,v,False,NOAA CO-OPS 8720218 water_level datum=NAVD units=metric tz=gmt interval=6
2022-09-23 05:42:00+00:00,-0.446,0.01,False,False,False,False,v,False,NOAA CO-OPS 8720218 water_level datum=NAVD units=metric tz=gmt interval=6
2022-09-23 05:48:00+00:00,-0.438,0.006,False,False,False,False,v,False,NOAA CO-OPS 8720218 water_level datum=NAVD units=metric tz=gmt interval=6
2022-09-23 05:54:00+00:00,-0.442,0.01,False,False,False,False,v,False,NOAA CO-OPS 8720218 water_level datum=NAVD units=metric tz=gmt interval=6
2022-09-23 06:00:00+00:00,-0.464,0.006,False,False,False,False,v,False,NOAA CO-OPS 8720218 water_level datum=NAVD units=metric tz=gmt interval=6
2022-09-23 06:06:00+00:00,-0.46,0.007,False,False,False,False,v,False,NOAA CO-OPS 8720218 water_level datum=NAVD units=metric tz=gmt interval=6
2022-09-23 06:12:00+00:00,-0.444,0.007,False,False,False,False,v,False,NOAA CO-OPS 8720218 water_level datum=NAVD units=metric tz=gmt interval=6
2022-09-23 06:18:00+00:00,-0.422,0.006,False,False,False,False,v,False,NOAA CO-OPS 8720218 water_level datum=NAVD units=metric tz=gmt interval=6
2022-09-23 06:24:00+00:00,-0.382,0.011,False,False,False,False,v,False,NOAA CO-OPS 8720218 water_level datum=NAVD units=metric tz=gmt interval=6
2022-09-23 06:30:00+00:00,-0.35,0.005,False,False,False,False,v,False,NOAA CO-OPS 8720218 water_level datum=NAVD units=metric tz=gmt interval=6
2022-09-23 06:36:00+00:00,-0.353,0.005,False,False,False,False,v,False,NOAA CO-OPS 8720218 water_level datum=NAVD units=metric tz=gmt interval=6
2022-09-23 06:42:00+00:00,-0.364,0.004,False,False,False,False,v,False,NOAA CO-OPS 8720218 water_level datum=NAVD units=metric tz=gmt interval=6
2022-09-23 06:48:00+00:00,-0.352,0.005,False,False,False,False,v,False,NOAA CO-OPS 8720218 water_level datum=NAVD units=metric tz=gmt interval=6
2022-09-23 06:54:00+00:00,-0.304,0.012,False,False,False,False,v,False,NOAA CO-OPS 8720218 water_level datum=NAVD units=metric tz=gmt interval=6
2022-09-23 07:00:00+00:00,-0.235,0.011,False,False,False,False,v,False,NOAA CO-OPS 8720218 water_level datum=NAVD units=metric tz=gmt interval=6
2022-09-23 07:06:00+00:00,-0.247,0.026,False,False,False,False,v,False,NOAA CO-OPS 8720218 water_level datum=NAVD units=metric tz=gmt interval=6
2022-09-23 07:12:00+00:00,-0.207,0.01,False,False,False,False,v,False,NOAA CO-OPS 8720218 water_level datum=NAVD units=metric tz=gmt interval=6
2022-09-23 07:18:00+00:00,-0.19,0.011,False,False,False,False,v,False,NOAA CO-OPS 8720218 water_level datum=NAVD units=metric tz=gmt interval=6
2022-09-23 07:24:00+00:00,-0.162,0.008,False,False,False,False,v,False,NOAA CO-OPS 8720218 water_level datum=NAVD units=metric tz=gmt interval=6
2022-09-23 07:30:00+00:00,-0.13,0.007,False,False,False,False,v,False,NOAA CO-OPS 8720218 water_level datum=NAVD units=metric tz=gmt interval=6
2022-09-23 07:36:00+00:00,-0.097,0.006,False,False,False,False,v,False,NOAA CO-OPS 8720218 water_level datum=NAVD units=metric tz=gmt interval=6
2022-09-23 07:42:00+00:00,-0.074,0.007,False,False,False,False,v,False,NOAA CO-OPS 8720218 water_level datum=NAVD units=metric tz=gmt interval=6
2022-09-23 07:48:00+00:00,-0.048,0.007,False,False,False,False,v,False,NOAA CO-OPS 8720218 water_level datum=NAVD units=metric tz=gmt interval=6
2022-09-23 07:54:00+00:00,-0.038,0.006,False,False,False,False,v,False,NOAA CO-OPS 8720218 water_level datum=NAVD units=metric tz=gmt interval=6
2022-09-23 08:00:00+00:00,-0.023,0.008,False,False,False,False,v,False,NOAA CO-OPS 8720218 water_level datum=NAVD units=metric tz=gmt interval=6
2022-09-23 08:06:00+00:00,0.012,0.007,False,False,False,False,v,False,NOAA CO-OPS 8720218 water_level datum=NAVD units=metric tz=gmt interval=6
2022-09-23 08:12:00+00:00,0.041,0.005,False,False,False,False,v,False,NOAA CO-OPS 8720218 water_level datum=NAVD units=metric tz=gmt interval=6
2022-09-23 08:18:00+00:00,0.075,0.008,False,False,False,False,v,False,NOAA CO-OPS 8720218 water_level datum=NAVD units=metric tz=gmt interval=6
2022-09-23 08:24:00+00:00,0.109,0.005,False,False,False,False,v,False,NOAA CO-OPS 8720218 water_level datum=NAVD units=metric tz=gmt interval=6
2022-09-23 08:30:00+00:00,0.143,0.007,False,False,False,False,v,False,NOAA CO-OPS 8720218 water_level datum=NAVD units=metric tz=gmt interval=6
2022-09-23 08:36:00+00:00,0.183,0.007,False,False,False,False,v,False,NOAA CO-OPS 8720218 water_level datum=NAVD units=metric tz=gmt interval=6
2022-09-23 08:42:00+00:00,0.207,0.006,False,False,False,False,v,False,NOAA CO-OPS 8720218 water_level datum=NAVD units=metric tz=gmt interval=6
2022-09-23 08:48:00+00:00,0.22,0.006,False,False,False,False,v,False,NOAA CO-OPS 8720218 water_level datum=NAVD units=metric tz=gmt interval=6
2022-09-23 08:54:00+00:00,0.24,0.006,False,False,False,False,v,False,NOAA CO-OPS 8720218 water_level datum=NAVD units=metric tz=gmt interval=6
2022-09-23 09:00:00+00:00,0.274,0.006,False,False,False,False,v,False,NOAA CO-OPS 8720218 water_level datum=NAVD units=metric tz=gmt interval=6
2022-09-23 09:06:00+00:00,0.317,0.009,False,False,False,False,v,False,NOAA CO-OPS 8720218 water_level datum=NAVD units=metric tz=gmt interval=6
2022-09-23 09:12:00+00:00,0.352,0.007,False,False,False,False,v,False,NOAA CO-OPS 8720218 water_level datum=NAVD units=metric tz=gmt interval=6
2022-09-23 09:18:00+00:00,0.391,0.009,False,False,False,False,v,False,NOAA CO-OPS 8720218 water_level datum=NAVD units=metric tz=gmt interval=6
2022-09-23 09:24:00+00:00,0.44,0.008,False,False,False,False,v,False,NOAA CO-OPS 8720218 water_level datum=NAVD units=metric tz=gmt interval=6
2022-09-23 09:30:00+00:00,0.468,0.008,False,False,False,False,v,False,NOAA CO-OPS 8720218 water_level datum=NAVD units=metric tz=gmt interval=6
2022-09-23 09:36:00+00:00,0.494,0.007,False,False,False,False,v,False,NOAA CO-OPS 8720218 water_level datum=NAVD units=metric tz=gmt interval=6
2022-09-23 09:42:00+00:00,0.523,0.007,False,False,False,False,v,False,NOAA CO-OPS 8720218 water_level datum=NAVD units=metric tz=gmt interval=6
2022-09-23 09:48:00+00:00,0.535,0.007,False,False,False,False,v,False,NOAA CO-OPS 8720218 water_level datum=NAVD units=metric tz=gmt interval=6
2022-09-23 09:54:00+00:00,0.545,0.007,False,False,False,False,v,False,NOAA CO-OPS 8720218 water_level datum=NAVD units=metric tz=gmt interval=6
2022-09-23 10:00:00+00:00,0.559,0.006,False,False,False,False,v,False,NOAA CO-OPS 8720218 water_level datum=NAVD units=metric tz=gmt interval=6
2022-09-23 10:06:00+00:00,0.586,0.008,False,False,False,False,v,False,NOAA CO-OPS 8720218 water_level datum=NAVD units=metric tz=gmt interval=6
2022-09-23 10:12:00+00:00,0.619,0.009,False,False,False,False,v,False,NOAA CO-OPS 8720218 water_level datum=NAVD units=metric tz=gmt interval=6
2022-09-23 10:18:00+00:00,0.636,0.008,False,False,False,False,v,False,NOAA CO-OPS 8720218 water_level datum=NAVD units=metric tz=gmt interval=6
2022-09-23 10:24:00+00:00,0.649,0.008,False,False,False,False,v,False,NOAA CO-OPS 8720218 water_level datum=NAVD units=metric tz=gmt interval=6
2022-09-23 10:30:00+00:00,0.669,0.008,False,False,False,False,v,False,NOAA CO-OPS 8720218 water_level datum=NAVD units=metric tz=gmt interval=6
2022-09-23 10:36:00+00:00,0.687,0.008,False,False,False,False,v,False,NOAA CO-OPS 8720218 water_level datum=NAVD units=metric tz=gmt interval=6
2022-09-23 10:42:00+00:00,0.697,0.01,False,False,False,False,v,False,NOAA CO-OPS 8720218 water_level datum=NAVD units=metric tz=gmt interval=6
2022-09-23 10:48:00+00:00,0.71,0.01,False,False,False,False,v,False,NOAA CO-OPS 8720218 water_level datum=NAVD units=metric tz=gmt interval=6
2022-09-23 10:54:00+00:00,0.716,0.008,False,False,False,False,v,False,NOAA CO-OPS 8720218 water_level datum=NAVD units=metric tz=gmt interval=6
2022-09-23 11:00:00+00:00,0.724,0.005,False,False,False,False,v,False,NOAA CO-OPS 8720218 water_level datum=NAVD units=metric tz=gmt interval=6
2022-09-23 11:06:00+00:00,0.74,0.007,False,False,False,False,v,False,NOAA CO-OPS 8720218 water_level datum=NAVD units=metric tz=gmt interval=6
2022-09-23 11:12:00+00:00,0.75,0.007,False,False,False,False,v,False,NOAA CO-OPS 8720218 water_level datum=NAVD units=metric tz=gmt interval=6
2022-09-23 11:18:00+00:00,0.76,0.008,False,False,False,False,v,False,NOAA CO-OPS 8720218 water_level datum=NAVD units=metric tz=gmt interval=6
2022-09-23 11:24:00+00:00,0.755,0.007,False,False,False,False,v,False,NOAA CO-OPS 8720218 water_level datum=NAVD units=metric tz=gmt interval=6
2022-09-23 11:30:00+00:00,0.753,0.008,False,False,False,False,v,False,NOAA CO-OPS 8720218 water_level datum=NAVD units=metric tz=gmt interval=6
2022-09-23 11:36:00+00:00,0.764,0.01,False,False,False,False,v,False,NOAA CO-OPS 8720218 water_level datum=NAVD units=metric tz=gmt interval=6
2022-09-23 11:42:00+00:00,0.782,0.008,False,False,False,False,v,False,NOAA CO-OPS 8720218 water_level datum=NAVD units=metric tz=gmt interval=6
2022-09-23 11:48:00+00:00,0.789,0.009,False,False,False,False,v,False,NOAA CO-OPS 8720218 water_level datum=NAVD units=metric tz=gmt interval=6
2022-09-23 11:54:00+00:00,0.785,0.009,False,False,False,False,v,False,NOAA CO-OPS 8720218 water_level datum=NAVD units=metric tz=gmt interval=6
2022-09-23 12:00:00+00:00,0.788,0.009,False,False,False,False,v,False,NOAA CO-OPS 8720218 water_level datum=NAVD units=metric tz=gmt interval=6
2022-09-23 12:06:00+00:00,0.794,0.007,False,False,False,False,v,False,NOAA CO-OPS 8720218 water_level datum=NAVD units=metric tz=gmt interval=6
2022-09-23 12:12:00+00:00,0.798,0.007,False,False,False,False,v,False,NOAA CO-OPS 8720218 water_level datum=NAVD units=metric tz=gmt interval=6
2022-09-23 12:18:00+00:00,0.8,0.009,False,False,False,False,v,False,NOAA CO-OPS 8720218 water_level datum=NAVD units=metric tz=gmt interval=6
2022-09-23 12:24:00+00:00,0.789,0.01,False,False,False,False,v,False,NOAA CO-OPS 8720218 water_level datum=NAVD units=metric tz=gmt interval=6
2022-09-23 12:30:00+00:00,0.782,0.008,False,False,False,False,v,False,NOAA CO-OPS 8720218 water_level datum=NAVD units=metric tz=gmt interval=6
2022-09-23 12:36:00+00:00,0.777,0.009,False,False,False,False,v,False,NOAA CO-OPS 8720218 water_level datum=NAVD units=metric tz=gmt interval=6
2022-09-23 12:42:00+00:00,0.775,0.008,False,False,False,False,v,False,NOAA CO-OPS 8720218 water_level datum=NAVD units=metric tz=gmt interval=6
2022-09-23 12:48:00+00:00,0.769,0.01,False,False,False,False,v,False,NOAA CO-OPS 8720218 water_level datum=NAVD units=metric tz=gmt interval=6
2022-09-23 12:54:00+00:00,0.761,0.01,False,False,False,False,v,False,NOAA CO-OPS 8720218 water_level datum=NAVD units=metric tz=gmt interval=6
2022-09-23 13:00:00+00:00,0.752,0.009,False,False,False,False,v,False,NOAA CO-OPS 8720218 water_level datum=NAVD units=metric tz=gmt interval=6
2022-09-23 13:06:00+00:00,0.742,0.008,False,False,False,False,v,False,NOAA CO-OPS 8720218 water_level datum=NAVD units=metric tz=gmt interval=6
2022-09-23 13:12:00+00:00,0.726,0.01,False,False,False,False,v,False,NOAA CO-OPS 8720218 water_level datum=NAVD units=metric tz=gmt interval=6
2022-09-23 13:18:00+00:00,0.706,0.011,False,False,False,False,v,False,NOAA CO-OPS 8720218 water_level datum=NAVD units=metric tz=gmt interval=6
2022-09-23 13:24:00+00:00,0.681,0.011,False,False,False,False,v,False,NOAA CO-OPS 8720218 water_level datum=NAVD units=metric tz=gmt interval=6
2022-09-23 13:30:00+00:00,0.659,0.01,False,False,False,False,v,False,NOAA CO-OPS 8720218 water_level datum=NAVD units=metric tz=gmt interval=6
2022-09-23 13:36:00+00:00,0.64,0.011,False,False,False,False,v,False,NOAA CO-OPS 8720218 water_level datum=NAVD units=metric tz=gmt interval=6
2022-09-23 13:42:00+00:00,0.63,0.014,False,False,False,False,v,False,NOAA CO-OPS 8720218 water_level datum=NAVD units=metric tz=gmt interval=6
2022-09-23 13:48:00+00:00,0.609,0.014,False,False,False,False,v,False,NOAA CO-OPS 8720218 water_level datum=NAVD units=metric tz=gmt interval=6
2022-09-23 13:54:00+00:00,0.579,0.011,False,False,False,False,v,False,NOAA CO-OPS 8720218 water_level datum=NAVD units=metric tz=gmt interval=6
2022-09-23 14:00:00+00:00,0.55,0.016,False,False,False,False,v,False,NOAA CO-OPS 8720218 water_level datum=NAVD units=metric tz=gmt interval=6
2022-09-23 14:06:00+00:00,0.521,0.012,False,False,False,False,v,False,NOAA CO-OPS 8720218 water_level datum=NAVD units=metric tz=gmt interval=6
2022-09-23 14:12:00+00:00,0.496,0.009,False,False,False,False,v,False,NOAA CO-OPS 8720218 water_level datum=NAVD units=metric tz=gmt interval=6
2022-09-23 14:18:00+00:00,0.466,0.011,False,False,False,False,v,False,NOAA CO-OPS 8720218 water_level datum=NAVD units=metric tz=gmt interval=6
2022-09-23 14:24:00+00:00,0.434,0.01,False,False,False,False,v,False,NOAA CO-OPS 8720218 water_level datum=NAVD units=metric tz=gmt interval=6
2022-09-23 14:30:00+00:00,0.405,0.008,False,False,False,False,v,False,NOAA CO-OPS 8720218 water_level datum=NAVD units=metric tz=gmt interval=6
2022-09-23 14:36:00+00:00,0.371,0.009,False,False,False,False,v,False,NOAA CO-OPS 8720218 water_level datum=NAVD units=metric tz=gmt interval=6
2022-09-23 14:42:00+00:00,0.332,0.009,False,False,False,False,v,False,NOAA CO-OPS 8720218 water_level datum=NAVD units=metric tz=gmt interval=6
2022-09-23 14:48:00+00:00,0.287,0.01,False,False,False,False,v,False,NOAA CO-OPS 8720218 water_level datum=NAVD units=metric tz=gmt interval=6
2022-09-23 14:54:00+00:00,0.253,0.008,False,False,False,False,v,False,NOAA CO-OPS 8720218 water_level datum=NAVD units=metric tz=gmt interval=6
2022-09-23 15:00:00+00:00,0.222,0.007,False,False,False,False,v,False,NOAA CO-OPS 8720218 water_level datum=NAVD units=metric tz=gmt interval=6
2022-09-23 15:06:00+00:00,0.199,0.008,False,False,False,False,v,False,NOAA CO-OPS 8720218 water_level datum=NAVD units=metric tz=gmt interval=6
2022-09-23 15:12:00+00:00,0.177,0.011,False,False,False,False,v,False,NOAA CO-OPS 8720218 water_level datum=NAVD units=metric tz=gmt interval=6
2022-09-23 15:18:00+00:00,0.153,0.007,False,False,False,False,v,False,NOAA CO-OPS 8720218 water_level datum=NAVD units=metric tz=gmt interval=6
2022-09-23 15:24:00+00:00,0.115,0.007,False,False,False,False,v,False,NOAA CO-OPS 8720218 water_level datum=NAVD units=metric tz=gmt interval=6
2022-09-23 15:30:00+00:00,0.089,0.007,False,False,False,False,v,False,NOAA CO-OPS 8720218 water_level datum=NAVD units=metric tz=gmt interval=6
2022-09-23 15:36:00+00:00,0.063,0.008,False,False,False,False,v,False,NOAA CO-OPS 8720218 water_level datum=NAVD units=metric tz=gmt interval=6
2022-09-23 15:42:00+00:00,0.035,0.009,False,False,False,False,v,False,NOAA CO-OPS 8720218 water_level datum=NAVD units=metric tz=gmt interval=6
2022-09-23 15:48:00+00:00,0.009,0.008,False,False,False,False,v,False,NOAA CO-OPS 8720218 water_level datum=NAVD units=metric tz=gmt interval=6
2022-09-23 15:54:00+00:00,-0.014,0.008,False,False,False,False,v,False,NOAA CO-OPS 8720218 water_level datum=NAVD units=metric tz=gmt interval=6
2022-09-23 16:00:00+00:00,-0.033,0.008,False,False,False,False,v,False,NOAA CO-OPS 8720218 water_level datum=NAVD units=metric tz=gmt interval=6
2022-09-23 16:06:00+00:00,-0.051,0.008,False,False,False,False,v,False,NOAA CO-OPS 8720218 water_level datum=NAVD units=metric tz=gmt interval=6
2022-09-23 16:12:00+00:00,-0.085,0.011,False,False,False,False,v,False,NOAA CO-OPS 8720218 water_level datum=NAVD units=metric tz=gmt interval=6
2022-09-23 16:18:00+00:00,-0.101,0.013,False,False,False,False,v,False,NOAA CO-OPS 8720218 water_level datum=NAVD units=metric tz=gmt interval=6
2022-09-23 16:24:00+00:00,-0.113,0.011,False,False,False,False,v,False,NOAA CO-OPS 8720218 water_level datum=NAVD units=metric tz=gmt interval=6
2022-09-23 16:30:00+00:00,-0.135,0.01,False,False,False,False,v,False,NOAA CO-OPS 8720218 water_level datum=NAVD units=metric tz=gmt interval=6
2022-09-23 16:36:00+00:00,-0.157,0.009,False,False,False,False,v,False,NOAA CO-OPS 8720218 water_level datum=NAVD units=metric tz=gmt interval=6
2022-09-23 16:42:00+00:00,-0.179,0.013,False,False,False,False,v,False,NOAA CO-OPS 8720218 water_level datum=NAVD units=metric tz=gmt interval=6
2022-09-23 16:48:00+00:00,-0.196,0.012,False,False,False,False,v,False,NOAA CO-OPS 8720218 water_level datum=NAVD units=metric tz=gmt interval=6
2022-09-23 16:54:00+00:00,-0.203,0.011,False,False,False,False,v,False,NOAA CO-OPS 8720218 water_level datum=NAVD units=metric tz=gmt interval=6
2022-09-23 17:00:00+00:00,-0.204,0.012,False,False,False,False,v,False,NOAA CO-OPS 8720218 water_level datum=NAVD units=metric tz=gmt interval=6
2022-09-23 17:06:00+00:00,-0.217,0.013,False,False,False,False,v,False,NOAA CO-OPS 8720218 water_level datum=NAVD units=metric tz=gmt interval=6
2022-09-23 17:12:00+00:00,-0.234,0.012,False,False,False,False,v,False,NOAA CO-OPS 8720218 water_level datum=NAVD units=metric tz=gmt interval=6
2022-09-23 17:18:00+00:00,-0.245,0.01,False,False,False,False,v,False,NOAA CO-OPS 8720218 water_level datum=NAVD units=metric tz=gmt interval=6
2022-09-23 17:24:00+00:00,-0.25,0.014,False,False,False,False,v,False,NOAA CO-OPS 8720218 water_level datum=NAVD units=metric tz=gmt interval=6
2022-09-23 17:30:00+00:00,-0.248,0.016,False,False,False,False,v,False,NOAA CO-OPS 8720218 water_level datum=NAVD units=metric tz=gmt interval=6
2022-09-23 17:36:00+00:00,-0.249,0.012,False,False,False,False,v,False,NOAA CO-OPS 8720218 water_level datum=NAVD units=metric tz=gmt interval=6
2022-09-23 17:42:00+00:00,-0.255,0.011,False,False,False,False,v,False,NOAA CO-OPS 8720218 water_level datum=NAVD units=metric tz=gmt interval=6
2022-09-23 17:48:00+00:00,-0.245,0.01,False,False,False,False,v,False,NOAA CO-OPS 8720218 water_level datum=NAVD units=metric tz=gmt interval=6
2022-09-23 17:54:00+00:00,-0.229,0.011,False,False,False,False,v,False,NOAA CO-OPS 8720218 water_level datum=NAVD units=metric tz=gmt interval=6
2022-09-23 18:00:00+00:00,-0.212,0.01,False,False,False,False,v,False,NOAA CO-OPS 8720218 water_level datum=NAVD units=metric tz=gmt interval=6
2022-09-23 18:06:00+00:00,-0.208,0.008,False,False,False,False,v,False,NOAA CO-OPS 8720218 water_level datum=NAVD units=metric tz=gmt interval=6
2022-09-23 18:12:00+00:00,-0.198,0.009,False,False,False,False,v,False,NOAA CO-OPS 8720218 water_level datum=NAVD units=metric tz=gmt interval=6
2022-09-23 18:18:00+00:00,-0.185,0.009,False,False,False,False,v,False,NOAA CO-OPS 8720218 water_level datum=NAVD units=metric tz=gmt interval=6
2022-09-23 18:24:00+00:00,-0.166,0.01,False,False,False,False,v,False,NOAA CO-OPS 8720218 water_level datum=NAVD units=metric tz=gmt interval=6
2022-09-23 18:30:00+00:00,-0.153,0.009,False,False,False,False,v,False,NOAA CO-OPS 8720218 water_level datum=NAVD units=metric tz=gmt interval=6
2022-09-23 18:36:00+00:00,-0.139,0.007,False,False,False,False,v,False,NOAA CO-OPS 8720218 water_level datum=NAVD units=metric tz=gmt interval=6
2022-09-23 18:42:00+00:00,-0.116,0.008,False,False,False,False,v,False,NOAA CO-OPS 8720218 water_level datum=NAVD units=metric tz=gmt interval=6
2022-09-23 18:48:00+00:00,-0.1,0.009,False,False,False,False,v,False,NOAA CO-OPS 8720218 water_level datum=NAVD units=metric tz=gmt interval=6
2022-09-23 18:54:00+00:00,-0.087,0.009,False,False,False,False,v,False,NOAA CO-OPS 8720218 water_level datum=NAVD units=metric tz=gmt interval=6
2022-09-23 19:00:00+00:00,-0.065,0.008,False,False,False,False,v,False,NOAA CO-OPS 8720218 water_level datum=NAVD units=metric tz=gmt interval=6
2022-09-23 19:06:00+00:00,-0.051,0.009,False,False,False,False,v,False,NOAA CO-OPS 8720218 water_level datum=NAVD units=metric tz=gmt interval=6
2022-09-23 19:12:00+00:00,-0.033,0.006,False,False,False,False,v,False,NOAA CO-OPS 8720218 water_level datum=NAVD units=metric tz=gmt interval=6
2022-09-23 19:18:00+00:00,-0.004,0.007,False,False,False,False,v,False,NOAA CO-OPS 8720218 water_level datum=NAVD units=metric tz=gmt interval=6
2022-09-23 19:24:00+00:00,0.027,0.007,False,False,False,False,v,False,NOAA CO-OPS 8720218 water_level datum=NAVD units=metric tz=gmt interval=6
2022-09-23 19:30:00+00:00,0.048,0.007,False,False,False,False,v,False,NOAA CO-OPS 8720218 water_level datum=NAVD units=metric tz=gmt interval=6
2022-09-23 19:36:00+00:00,0.061,0.007,False,False,False,False,v,False,NOAA CO-OPS 8720218 water_level datum=NAVD units=metric tz=gmt interval=6
2022-09-23 19:42:00+00:00,0.075,0.006,False,False,False,False,v,False,NOAA CO-OPS 8720218 water_level datum=NAVD units=metric tz=gmt interval=6
2022-09-23 19:48:00+00:00,0.098,0.007,False,False,False,False,v,False,NOAA CO-OPS 8720218 water_level datum=NAVD units=metric tz=gmt interval=6
2022-09-23 19:54:00+00:00,0.132,0.008,False,False,False,False,v,False,NOAA CO-OPS 8720218 water_level datum=NAVD units=metric tz=gmt interval=6
2022-09-23 20:00:00+00:00,0.164,0.007,False,False,False,False,v,False,NOAA CO-OPS 8720218 water_level datum=NAVD units=metric tz=gmt interval=6
2022-09-23 20:06:00+00:00,0.194,0.007,False,False,False,False,v,False,NOAA CO-OPS 8720218 water_level datum=NAVD units=metric tz=gmt interval=6
2022-09-23 20:12:00+00:00,0.221,0.005,False,False,False,False,v,False,NOAA CO-OPS 8720218 water_level datum=NAVD units=metric tz=gmt interval=6
2022-09-23 20:18:00+00:00,0.248,0.008,False,False,False,False,v,False,NOAA CO-OPS 8720218 water_level datum=NAVD units=metric tz=gmt interval=6
2022-09-23 20:24:00+00:00,0.274,0.008,False,False,False,False,v,False,NOAA CO-OPS 8720218 water_level datum=NAVD units=metric tz=gmt interval=6
2022-09-23 20:30:00+00:00,0.298,0.008,False,False,False,False,v,False,NOAA CO-OPS 8720218 water_level datum=NAVD units=metric tz=gmt interval=6
2022-09-23 20:36:00+00:00,0.328,0.01,False,False,False,False,v,False,NOAA CO-OPS 8720218 water_level datum=NAVD units=metric tz=gmt interval=6
2022-09-23 20:42:00+00:00,0.357,0.008,False,False,False,False,v,False,NOAA CO-OPS 8720218 water_level datum=NAVD units=metric tz=gmt interval=6
2022-09-23 20:48:00+00:00,0.381,0.01,False,False,False,False,v,False,NOAA CO-OPS 8720218 water_level datum=NAVD units=metric tz=gmt interval=6
2022-09-23 20:54:00+00:00,0.409,0.01,False,False,False,False,v,False,NOAA CO-OPS 8720218 water_level datum=NAVD units=metric tz=gmt interval=6
2022-09-23 21:00:00+00:00,0.433,0.013,False,False,False,False,v,False,NOAA CO-OPS 8720218 water_level datum=NAVD units=metric tz=gmt interval=6
2022-09-23 21:06:00+00:00,0.455,0.014,False,False,False,False,v,False,NOAA CO-OPS 8720218 water_level datum=NAVD units=metric tz=gmt interval=6
2022-09-23 21:12:00+00:00,0.484,0.013,False,False,False,False,v,False,NOAA CO-OPS 8720218 water_level datum=NAVD units=metric tz=gmt interval=6
2022-09-23 21:18:00+00:00,0.508,0.011,False,False,False,False,v,False,NOAA CO-OPS 8720218 water_level datum=NAVD units=metric tz=gmt interval=6
2022-09-23 21:24:00+00:00,0.528,0.012,False,False,False,False,v,False,NOAA CO-OPS 8720218 water_level datum=NAVD units=metric tz=gmt interval=6
2022-09-23 21:30:00+00:00,0.55,0.014,False,False,False,False,v,False,NOAA CO-OPS 8720218 water_level datum=NAVD units=metric tz=gmt interval=6
2022-09-23 21:36:00+00:00,0.571,0.012,False,False,False,False,v,False,NOAA CO-OPS 8720218 water_level datum=NAVD units=metric tz=gmt interval=6
2022-09-23 21:42:00+00:00,0.598,0.009,False,False,False,False,v,False,NOAA CO-OPS 8720218 water_level datum=NAVD units=metric tz=gmt interval=6
2022-09-23 21:48:00+00:00,0.62,0.009,False,False,False,False,v,False,NOAA CO-OPS 8720218 water_level datum=NAVD units=metric tz=gmt interval=6
2022-09-23 21:54:00+00:00,0.64,0.011,False,False,False,False,v,False,NOAA CO-OPS 8720218 water_level datum=NAVD units=metric tz=gmt interval=6
2022-09-23 22:00:00+00:00,0.663,0.011,False,False,False,False,v,False,NOAA CO-OPS 8720218 water_level datum=NAVD units=metric tz=gmt interval=6
2022-09-23 22:06:00+00:00,0.681,0.011,False,False,False,False,v,False,NOAA CO-OPS 8720218 water_level datum=NAVD units=metric tz=gmt interval=6
2022-09-23 22:12:00+00:00,0.698,0.008,False,False,False,False,v,False,NOAA CO-OPS 8720218 water_level datum=NAVD units=metric tz=gmt interval=6
2022-09-23 22:18:00+00:00,0.713,0.011,False,False,False,False,v,False,NOAA CO-OPS 8720218 water_level datum=NAVD units=metric tz=gmt interval=6
2022-09-23 22:24:00+00:00,0.733,0.009,False,False,False,False,v,False,NOAA CO-OPS 8720218 water_level datum=NAVD units=metric tz=gmt interval=6
2022-09-23 22:30:00+00:00,0.746,0.018,False,False,False,False,v,False,NOAA CO-OPS 8720218 water_level datum=NAVD units=metric tz=gmt interval=6
2022-09-23 22:36:00+00:00,0.764,0.01,False,False,False,False,v,False,NOAA CO-OPS 8720218 water_level datum=NAVD units=metric tz=gmt interval=6
2022-09-23 22:42:00+00:00,0.79,0.016,False,False,False,False,v,False,NOAA CO-OPS 8720218 water_level datum=NAVD units=metric tz=gmt interval=6
2022-09-23 22:48:00+00:00,0.795,0.012,False,False,False,False,v,False,NOAA CO-OPS 8720218 water_level datum=NAVD units=metric tz=gmt interval=6
2022-09-23 22:54:00+00:00,0.806,0.019,False,False,False,False,v,False,NOAA CO-OPS 8720218 water_level datum=NAVD units=metric tz=gmt interval=6
2022-09-23 23:00:00+00:00,0.821,0.012,False,False,False,False,v,False,NOAA CO-OPS 8720218 water_level datum=NAVD units=metric tz=gmt interval=6
2022-09-23 23:06:00+00:00,0.861,0.01,False,False,False,False,v,False,NOAA CO-OPS 8720218 water_level datum=NAVD units=metric tz=gmt interval=6
2022-09-23 23:12:00+00:00,0.859,0.009,False,False,False,False,v,False,NOAA CO-OPS 8720218 water_level datum=NAVD units=metric tz=gmt interval=6
2022-09-23 23:18:00+00:00,0.878,0.01,False,False,False,False,v,False,NOAA CO-OPS 8720218 water_level datum=NAVD units=metric tz=gmt interval=6
2022-09-23 23:24:00+00:00,0.889,0.009,False,False,False,False,v,False,NOAA CO-OPS 8720218 water_level datum=NAVD units=metric tz=gmt interval=6
2022-09-23 23:30:00+00:00,0.904,0.011,False,False,False,False,v,False,NOAA CO-OPS 8720218 water_level datum=NAVD units=metric tz=gmt interval=6
2022-09-23 23:36:00+00:00,0.92,0.013,False,False,False,False,v,False,NOAA CO-OPS 8720218 water_level datum=NAVD units=metric tz=gmt interval=6
2022-09-23 23:42:00+00:00,0.931,0.011,False,False,False,False,v,False,NOAA CO-OPS 8720218 water_level datum=NAVD units=metric tz=gmt interval=6
2022-09-23 23:48:00+00:00,0.944,0.009,False,False,False,False,v,False,NOAA CO-OPS 8720218 water_level datum=NAVD units=metric tz=gmt interval=6
2022-09-23 23:54:00+00:00,0.951,0.008,False,False,False,False,v,False,NOAA CO-OPS 8720218 water_level datum=NAVD units=metric tz=gmt interval=6
2022-09-24 00:00:00+00:00,0.953,0.009,False,False,False,False,v,False,NOAA CO-OPS 8720218 water_level datum=NAVD units=metric tz=gmt interval=6
2022-09-24 00:06:00+00:00,0.954,0.009,False,False,False,False,v,False,NOAA CO-OPS 8720218 water_level datum=NAVD units=metric tz=gmt interval=6
2022-09-24 00:12:00+00:00,0.959,0.008,False,False,False,False,v,False,NOAA CO-OPS 8720218 water_level datum=NAVD units=metric tz=gmt interval=6
2022-09-24 00:18:00+00:00,0.962,0.011,False,False,False,False,v,False,NOAA CO-OPS 8720218 water_level datum=NAVD units=metric tz=gmt interval=6
2022-09-24 00:24:00+00:00,0.956,0.008,False,False,False,False,v,False,NOAA CO-OPS 8720218 water_level datum=NAVD units=metric tz=gmt interval=6
2022-09-24 00:30:00+00:00,0.952,0.008,False,False,False,False,v,False,NOAA CO-OPS 8720218 water_level datum=NAVD units=metric tz=gmt interval=6
2022-09-24 00:36:00+00:00,0.947,0.009,False,False,False,False,v,False,NOAA CO-OPS 8720218 water_level datum=NAVD units=metric tz=gmt interval=6
2022-09-24 00:42:00+00:00,0.941,0.011,False,False,False,False,v,False,NOAA CO-OPS 8720218 water_level datum=NAVD units=metric tz=gmt interval=6
2022-09-24 00:48:00+00:00,0.926,0.008,False,False,False,False,v,False,NOAA CO-OPS 8720218 water_level datum=NAVD units=metric tz=gmt interval=6
2022-09-24 00:54:00+00:00,0.928,0.009,False,False,False,False,v,False,NOAA CO-OPS 8720218 water_level datum=NAVD units=metric tz=gmt interval=6
2022-09-24 01:00:00+00:00,0.922,0.008,False,False,False,False,v,False,NOAA CO-OPS 8720218 water_level datum=NAVD units=metric tz=gmt interval=6
2022-09-24 01:06:00+00:00,0.905,0.008,False,False,False,False,v,False,NOAA CO-OPS 8720218 water_level datum=NAVD units=metric tz=gmt interval=6
2022-09-24 01:12:00+00:00,0.888,0.006,False,False,False,False,v,False,NOAA CO-OPS 8720218 water_level datum=NAVD units=metric tz=gmt interval=6
2022-09-24 01:18:00+00:00,0.87,0.007,False,False,False,False,v,False,NOAA CO-OPS 8720218 water_level datum=NAVD units=metric tz=gmt interval=6
2022-09-24 01:24:00+00:00,0.853,0.008,False,False,False,False,v,False,NOAA CO-OPS 8720218 water_level datum=NAVD units=metric tz=gmt interval=6
2022-09-24 01:30:00+00:00,0.839,0.007,False,False,False,False,v,False,NOAA CO-OPS 8720218 water_level datum=NAVD units=metric tz=gmt interval=6
2022-09-24 01:36:00+00:00,0.814,0.008,False,False,False,False,v,False,NOAA CO-OPS 8720218 water_level datum=NAVD units=metric tz=gmt interval=6
2022-09-24 01:42:00+00:00,0.786,0.009,False,False,False,False,v,False,NOAA CO-OPS 8720218 water_level datum=NAVD units=metric tz=gmt interval=6
2022-09-24 01:48:00+00:00,0.765,0.006,False,False,False,False,v,False,NOAA CO-OPS 8720218 water_level datum=NAVD units=metric tz=gmt interval=6
2022-09-24 01:54:00+00:00,0.745,0.008,False,False,False,False,v,False,NOAA CO-OPS 8720218 water_level datum=NAVD units=metric tz=gmt interval=6
2022-09-24 02:00:00+00:00,0.722,0.007,False,False,False,False,v,False,NOAA CO-OPS 8720218 water_level datum=NAVD units=metric tz=gmt interval=6
2022-09-24 02:06:00+00:00,0.694,0.006,False,False,False,False,v,False,NOAA CO-OPS 8720218 water_level datum=NAVD units=metric tz=gmt interval=6
2022-09-24 02:12:00+00:00,0.666,0.006,False,False,False,False,v,False,NOAA CO-OPS 8720218 water_level datum=NAVD units=metric tz=gmt interval=6
2022-09-24 02:18:00+00:00,0.637,0.017,False,False,False,False,v,False,NOAA CO-OPS 8720218 water_level datum=NAVD units=metric tz=gmt interval=6
2022-09-24 02:24:00+00:00,0.599,0.012,False,False,False,False,v,False,NOAA CO-OPS 8720218 water_level datum=NAVD units=metric tz=gmt interval=6
2022-09-24 02:30:00+00:00,0.558,0.006,False,False,False,False,v,False,NOAA CO-OPS 8720218 water_level datum=NAVD units=metric tz=gmt interval=6
2022-09-24 02:36:00+00:00,0.522,0.01,False,False,False,False,v,False,NOAA CO-OPS 8720218 water_level datum=NAVD units=metric tz=gmt interval=6
2022-09-24 02:42:00+00:00,0.484,0.01,False,False,False,False,v,False,NOAA CO-OPS 8720218 water_level datum=NAVD units=metric tz=gmt interval=6
2022-09-24 02:48:00+00:00,0.451,0.009,False,False,False,False,v,False,NOAA CO-OPS 8720218 water_level datum=NAVD units=metric tz=gmt interval=6
2022-09-24 02:54:00+00:00,0.415,0.008,False,False,False,False,v,False,NOAA CO-OPS 8720218 water_level datum=NAVD units=metric tz=gmt interval=6
2022-09-24 03:00:00+00:00,0.377,0.009,False,False,False,False,v,False,NOAA CO-OPS 8720218 water_level datum=NAVD units=metric tz=gmt interval=6
2022-09-24 03:06:00+00:00,0.336,0.01,False,False,False,False,v,False,NOAA CO-OPS 8720218 water_level datum=NAVD units=metric tz=gmt interval=6
2022-09-24 03:12:00+00:00,0.29,0.012,False,False,False,False,v,False,NOAA CO-OPS 8720218 water_level datum=NAVD units=metric tz=gmt interval=6
2022-09-24 03:18:00+00:00,0.249,0.011,False,False,False,False,v,False,NOAA CO-OPS 8720218 water_level datum=NAVD units=metric tz=gmt interval=6
2022-09-24 03:24:00+00:00,0.212,0.01,False,False,False,False,v,False,NOAA CO-OPS 8720218 water_level datum=NAVD units=metric tz=gmt interval=6
2022-09-24 03:30:00+00:00,0.181,0.009,False,False,False,False,v,False,NOAA CO-OPS 8720218 water_level datum=NAVD units=metric tz=gmt interval=6
2022-09-24 03:36:00+00:00,0.153,0.01,False,False,False,False,v,False,NOAA CO-OPS 8720218 water_level datum=NAVD units=metric tz=gmt interval=6
2022-09-24 03:42:00+00:00,0.126,0.01,False,False,False,False,v,False,NOAA CO-OPS 8720218 water_level datum=NAVD units=metric tz=gmt interval=6
2022-09-24 03:48:00+00:00,0.098,0.016,False,False,False,False,v,False,NOAA CO-OPS 8720218 water_level datum=NAVD units=metric tz=gmt interval=6
2022-09-24 03:54:00+00:00,0.11,0.017,False,False,False,False,v,False,NOAA CO-OPS 8720218 water_level datum=NAVD units=metric tz=gmt interval=6
2022-09-24 04:00:00+00:00,0.032,0.034,False,False,False,False,v,False,NOAA CO-OPS 8720218 water_level datum=NAVD units=metric tz=gmt interval=6
2022-09-24 04:06:00+00:00,0.013,0.016,False,False,False,False,v,False,NOAA CO-OPS 8720218 water_level datum=NAVD units=metric tz=gmt interval=6
2022-09-24 04:12:00+00:00,-0.005,0.015,False,False,False,False,v,False,NOAA CO-OPS 8720218 water_level datum=NAVD units=metric tz=gmt interval=6
2022-09-24 04:18:00+00:00,-0.041,0.019,False,False,False,False,v,False,NOAA CO-OPS 8720218 water_level datum=NAVD units=metric tz=gmt interval=6
2022-09-24 04:24:00+00:00,-0.089,0.016,False,False,False,False,v,False,NOAA CO-OPS 8720218 water_level datum=NAVD units=metric tz=gmt interval=6
2022-09-24 04:30:00+00:00,-0.106,0.025,False,False,False,False,v,False,NOAA CO-OPS 8720218 water_level datum=NAVD units=metric tz=gmt interval=6
2022-09-24 04:36:00+00:00,-0.137,0.016,False,False,False,False,v,False,NOAA CO-OPS 8720218 water_level datum=NAVD units=metric tz=gmt interval=6
2022-09-24 04:42:00+00:00,-0.159,0.017,False,False,False,False,v,False,NOAA CO-OPS 8720218 water_level datum=NAVD units=metric tz=gmt interval=6
2022-09-24 04:48:00+00:00,-0.184,0.012,False,False,False,False,v,False,NOAA CO-OPS 8720218 water_level datum=NAVD units=metric tz=gmt interval=6
2022-09-24 04:54:00+00:00,-0.203,0.013,False,False,False,False,v,False,NOAA CO-OPS 8720218 water_level datum=NAVD units=metric tz=gmt interval=6
2022-09-24 05:00:00+00:00,-0.218,0.011,False,False,False,False,v,False,NOAA CO-OPS 8720218 water_level datum=NAVD units=metric tz=gmt interval=6
2022-09-24 05:06:00+00:00,-0.232,0.01,False,False,False,False,v,False,NOAA CO-OPS 8720218 water_level datum=NAVD units=metric tz=gmt interval=6
2022-09-24 05:12:00+00:00,-0.265,0.012,False,False,False,False,v,False,NOAA CO-OPS 8720218 water_level datum=NAVD units=metric tz=gmt interval=6
2022-09-24 05:18:00+00:00,-0.271,0.017,False,False,False,False,v,False,NOAA CO-OPS 8720218 water_level datum=NAVD units=metric tz=gmt interval=6
2022-09-24 05:24:00+00:00,-0.284,0.01,False,False,False,False,v,False,NOAA CO-OPS 8720218 water_level datum=NAVD units=metric tz=gmt interval=6
2022-09-24 05:30:00+00:00,-0.287,0.015,False,False,False,False,v,False,NOAA CO-OPS 8720218 water_level datum=NAVD units=metric tz=gmt interval=6
2022-09-24 05:36:00+00:00,-0.334,0.017,False,False,False,False,v,False,NOAA CO-OPS 8720218 water_level datum=NAVD units=metric tz=gmt interval=6
2022-09-24 05:42:00+00:00,-0.311,0.016,False,False,False,False,v,False,NOAA CO-OPS 8720218 water_level datum=NAVD units=metric tz=gmt interval=6
2022-09-24 05:48:00+00:00,-0.313,0.013,False,False,False,False,v,False,NOAA CO-OPS 8720218 water_level datum=NAVD units=metric tz=gmt interval=6
2022-09-24 05:54:00+00:00,-0.319,0.01,False,False,False,False,v,False,NOAA CO-OPS 8720218 water_level datum=NAVD units=metric tz=gmt interval=6
2022-09-24 06:00:00+00:00,-0.34,0.012,False,False,False,False,v,False,NOAA CO-OPS 8720218 water_level datum=NAVD units=metric tz=gmt interval=6
2022-09-24 06:06:00+00:00,-0.326,0.009,False,False,False,False,v,False,NOAA CO-OPS 8720218 water_level datum=NAVD units=metric tz=gmt interval=6
2022-09-24 06:12:00+00:00,-0.318,0.006,False,False,False,False,v,False,NOAA CO-OPS 8720218 water_level datum=NAVD units=metric tz=gmt interval=6
2022-09-24 06:18:00+00:00,-0.334,0.011,False,False,False,False,v,False,NOAA CO-OPS 8720218 water_level datum=NAVD units=metric tz=gmt interval=6
2022-09-24 06:24:00+00:00,-0.342,0.017,False,False,False,False,v,False,NOAA CO-OPS 8720218 water_level datum=NAVD units=metric tz=gmt interval=6
2022-09-24 06:30:00+00:00,-0.347,0.01,False,False,False,False,v,False,NOAA CO-OPS 8720218 water_level datum=NAVD units=metric tz=gmt interval=6
2022-09-24 06:36:00+00:00,-0.331,0.016,False,False,False,False,v,False,NOAA CO-OPS 8720218 water_level datum=NAVD units=metric tz=gmt interval=6
2022-09-24 06:42:00+00:00,-0.319,0.011,False,False,False,False,v,False,NOAA CO-OPS 8720218 water_level datum=NAVD units=metric tz=gmt interval=6
2022-09-24 06:48:00+00:00,-0.311,0.01,False,False,False,False,v,False,NOAA CO-OPS 8720218 water_level datum=NAVD units=metric tz=gmt interval=6
2022-09-24 06:54:00+00:00,-0.314,0.009,False,False,False,False,v,False,NOAA CO-OPS 8720218 water_level datum=NAVD units=metric tz=gmt interval=6
2022-09-24 07:00:00+00:00,-0.313,0.009,False,False,False,False,v,False,NOAA CO-OPS 8720218 water_level datum=NAVD units=metric tz=gmt interval=6
2022-09-24 07:06:00+00:00,-0.308,0.008,False,False,False,False,v,False,NOAA CO-OPS 8720218 water_level datum=NAVD units=metric tz=gmt interval=6
2022-09-24 07:12:00+00:00,-0.294,0.01,False,False,False,False,v,False,NOAA CO-OPS 8720218 water_level datum=NAVD units=metric tz=gmt interval=6
2022-09-24 07:18:00+00:00,-0.278,0.008,False,False,False,False,v,False,NOAA CO-OPS 8720218 water_level datum=NAVD units=metric tz=gmt interval=6
2022-09-24 07:24:00+00:00,-0.259,0.008,False,False,False,False,v,False,NOAA CO-OPS 8720218 water_level datum=NAVD units=metric tz=gmt interval=6
2022-09-24 07:30:00+00:00,-0.239,0.008,False,False,False,False,v,False,NOAA CO-OPS 8720218 water_level datum=NAVD units=metric tz=gmt interval=6
2022-09-24 07:36:00+00:00,-0.217,0.011,False,False,False,False,v,False,NOAA CO-OPS 8720218 water_level datum=NAVD units=metric tz=gmt interval=6
2022-09-24 07:42:00+00:00,-0.192,0.009,False,False,False,False,v,False,NOAA CO-OPS 8720218 water_level datum=NAVD units=metric tz=gmt interval=6
2022-09-24 07:48:00+00:00,-0.166,0.008,False,False,False,False,v,False,NOAA CO-OPS 8720218 water_level datum=NAVD units=metric tz=gmt interval=6
2022-09-24 07:54:00+00:00,-0.131,0.009,False,False,False,False,v,False,NOAA CO-OPS 8720218 water_level datum=NAVD units=metric tz=gmt interval=6
2022-09-24 08:00:00+00:00,-0.098,0.009,False,False,False,False,v,False,NOAA CO-OPS 8720218 water_level datum=NAVD units=metric tz=gmt interval=6
2022-09-24 08:06:00+00:00,-0.069,0.009,False,False,False,False,v,False,NOAA CO-OPS 8720218 water_level datum=NAVD units=metric tz=gmt interval=6
2022-09-24 08:12:00+00:00,-0.041,0.006,False,False,False,False,v,False,NOAA CO-OPS 8720218 water_level datum=NAVD units=metric tz=gmt interval=6
2022-09-24 08:18:00+00:00,-0.005,0.009,False,False,False,False,v,False,NOAA CO-OPS 8720218 water_level datum=NAVD units=metric tz=gmt interval=6
2022-09-24 08:24:00+00:00,0.041,0.01,False,False,False,False,v,False,NOAA CO-OPS 8720218 water_level datum=NAVD units=metric tz=gmt interval=6
2022-09-24 08:30:00+00:00,0.07,0.015,False,False,False,False,v,False,NOAA CO-OPS 8720218 water_level datum=NAVD units=metric tz=gmt interval=6
2022-09-24 08:36:00+00:00,0.082,0.014,False,False,False,False,v,False,NOAA CO-OPS 8720218 water_level datum=NAVD units=metric tz=gmt interval=6
2022-09-24 08:42:00+00:00,0.125,0.012,False,False,False,False,v,False,NOAA CO-OPS 8720218 water_level datum=NAVD units=metric tz=gmt interval=6
2022-09-24 08:48:00+00:00,0.132,0.012,False,False,False,False,v,False,NOAA CO-OPS 8720218 water_level datum=NAVD units=metric tz=gmt interval=6
2022-09-24 08:54:00+00:00,0.177,0.009,False,False,False,False,v,False,NOAA CO-OPS 8720218 water_level datum=NAVD units=metric tz=gmt interval=6
2022-09-24 09:00:00+00:00,0.203,0.009,False,False,False,False,v,False,NOAA CO-OPS 8720218 water_level datum=NAVD units=metric tz=gmt interval=6
2022-09-24 09:06:00+00:00,0.229,0.007,False,False,False,False,v,False,NOAA CO-OPS 8720218 water_level datum=NAVD units=metric tz=gmt interval=6
2022-09-24 09:12:00+00:00,0.263,0.007,False,False,False,False,v,False,NOAA CO-OPS 8720218 water_level datum=NAVD units=metric tz=gmt interval=6
2022-09-24 09:18:00+00:00,0.29,0.008,False,False,False,False,v,False,NOAA CO-OPS 8720218 water_level datum=NAVD units=metric tz=gmt interval=6
2022-09-24 09:24:00+00:00,0.327,0.01,False,False,False,False,v,False,NOAA CO-OPS 8720218 water_level datum=NAVD units=metric tz=gmt interval=6
2022-09-24 09:30:00+00:00,0.353,0.01,False,False,False,False,v,False,NOAA CO-OPS 8720218 water_level datum=NAVD units=metric tz=gmt interval=6
2022-09-24 09:36:00+00:00,0.383,0.011,False,False,False,False,v,False,NOAA CO-OPS 8720218 water_level datum=NAVD units=metric tz=gmt interval=6
2022-09-24 09:42:00+00:00,0.41,0.011,False,False,False,False,v,False,NOAA CO-OPS 8720218 water_level datum=NAVD units=metric tz=gmt interval=6
2022-09-24 09:48:00+00:00,0.428,0.012,False,False,False,False,v,False,NOAA CO-OPS 8720218 water_level datum=NAVD units=metric tz=gmt interval=6
2022-09-24 09:54:00+00:00,0.459,0.012,False,False,False,False,v,False,NOAA CO-OPS 8720218 water_level datum=NAVD units=metric tz=gmt interval=6
2022-09-24 10:00:00+00:00,0.479,0.011,False,False,False,False,v,False,NOAA CO-OPS 8720218 water_level datum=NAVD units=metric tz=gmt interval=6
2022-09-24 10:06:00+00:00,0.501,0.012,False,False,False,False,v,False,NOAA CO-OPS 8720218 water_level datum=NAVD units=metric tz=gmt interval=6
2022-09-24 10:12:00+00:00,0.527,0.011,False,False,False,False,v,False,NOAA CO-OPS 8720218 water_level datum=NAVD units=metric tz=gmt interval=6
2022-09-24 10:18:00+00:00,0.551,0.01,False,False,False,False,v,False,NOAA CO-OPS 8720218 water_level datum=NAVD units=metric tz=gmt interval=6
2022-09-24 10:24:00+00:00,0.572,0.011,False,False,False,False,v,False,NOAA CO-OPS 8720218 water_level datum=NAVD units=metric tz=gmt interval=6
2022-09-24 10:30:00+00:00,0.59,0.009,False,False,False,False,v,False,NOAA CO-OPS 8720218 water_level datum=NAVD units=metric tz=gmt interval=6
2022-09-24 10:36:00+00:00,0.615,0.009,False,False,False,False,v,False,NOAA CO-OPS 8720218 water_level datum=NAVD units=metric tz=gmt interval=6
2022-09-24 10:42:00+00:00,0.644,0.008,False,False,False,False,v,False,NOAA CO-OPS 8720218 water_level datum=NAVD units=metric tz=gmt interval=6
2022-09-24 10:48:00+00:00,0.663,0.007,False,False,False,False,v,False,NOAA CO-OPS 8720218 water_level datum=NAVD units=metric tz=gmt interval=6
2022-09-24 10:54:00+00:00,0.674,0.01,False,False,False,False,v,False,NOAA CO-OPS 8720218 water_level datum=NAVD units=metric tz=gmt interval=6
2022-09-24 11:00:00+00:00,0.69,0.006,False,False,False,False,v,False,NOAA CO-OPS 8720218 water_level datum=NAVD units=metric tz=gmt interval=6
2022-09-24 11:06:00+00:00,0.698,0.007,False,False,False,False,v,False,NOAA CO-OPS 8720218 water_level datum=NAVD units=metric tz=gmt interval=6
2022-09-24 11:12:00+00:00,0.716,0.008,False,False,False,False,v,False,NOAA CO-OPS 8720218 water_level datum=NAVD units=metric tz=gmt interval=6
2022-09-24 11:18:00+00:00,0.734,0.009,False,False,False,False,v,False,NOAA CO-OPS 8720218 water_level datum=NAVD units=metric tz=gmt interval=6
2022-09-24 11:24:00+00:00,0.755,0.008,False,False,False,False,v,False,NOAA CO-OPS 8720218 water_level datum=NAVD units=metric tz=gmt interval=6
2022-09-24 11:30:00+00:00,0.763,0.01,False,False,False,False,v,False,NOAA CO-OPS 8720218 water_level datum=NAVD units=metric tz=gmt interval=6
2022-09-24 11:36:00+00:00,0.77,0.008,False,False,False,False,v,False,NOAA CO-OPS 8720218 water_level datum=NAVD units=metric tz=gmt interval=6
2022-09-24 11:42:00+00:00,0.783,0.009,False,False,False,False,v,False,NOAA CO-OPS 8720218 water_level datum=NAVD units=metric tz=gmt interval=6
2022-09-24 11:48:00+00:00,0.8,0.008,False,False,False,False,v,False,NOAA CO-OPS 8720218 water_level datum=NAVD units=metric tz=gmt interval=6
2022-09-24 11:54:00+00:00,0.81,0.009,False,False,False,False,v,False,NOAA CO-OPS 8720218 water_level datum=NAVD units=metric tz=gmt interval=6
2022-09-24 12:00:00+00:00,0.819,0.01,False,False,False,False,v,False,NOAA CO-OPS 8720218 water_level datum=NAVD units=metric tz=gmt interval=6
2022-09-24 12:06:00+00:00,0.829,0.009,False,False,False,False,v,False,NOAA CO-OPS 8720218 water_level datum=NAVD units=metric tz=gmt interval=6
2022-09-24 12:12:00+00:00,0.839,0.009,False,False,False,False,v,False,NOAA CO-OPS 8720218 water_level datum=NAVD units=metric tz=gmt interval=6
2022-09-24 12:18:00+00:00,0.856,0.008,False,False,False,False,v,False,NOAA CO-OPS 8720218 water_level datum=NAVD units=metric tz=gmt interval=6
2022-09-24 12:24:00+00:00,0.849,0.014,False,False,False,False,v,False,NOAA CO-OPS 8720218 water_level datum=NAVD units=metric tz=gmt interval=6
2022-09-24 12:30:00+00:00,0.862,0.012,False,False,False,False,v,False,NOAA CO-OPS 8720218 water_level datum=NAVD units=metric tz=gmt interval=6
2022-09-24 12:36:00+00:00,0.856,0.009,False,False,False,False,v,False,NOAA CO-OPS 8720218 water_level datum=NAVD units=metric tz=gmt interval=6
2022-09-24 12:42:00+00:00,0.862,0.008,False,False,False,False,v,False,NOAA CO-OPS 8720218 water_level datum=NAVD units=metric tz=gmt interval=6
2022-09-24 12:48:00+00:00,0.855,0.009,False,False,False,False,v,False,NOAA CO-OPS 8720218 water_level datum=NAVD units=metric tz=gmt interval=6
2022-09-24 12:54:00+00:00,0.852,0.008,False,False,False,False,v,False,NOAA CO-OPS 8720218 water_level datum=NAVD units=metric tz=gmt interval=6
2022-09-24 13:00:00+00:00,0.842,0.009,False,False,False,False,v,False,NOAA CO-OPS 8720218 water_level datum=NAVD units=metric tz=gmt interval=6
2022-09-24 13:06:00+00:00,0.825,0.009,False,False,False,False,v,False,NOAA CO-OPS 8720218 water_level datum=NAVD units=metric tz=gmt interval=6
2022-09-24 13:12:00+00:00,0.817,0.009,False,False,False,False,v,False,NOAA CO-OPS 8720218 water_level datum=NAVD units=metric tz=gmt interval=6
2022-09-24 13:18:00+00:00,0.812,0.006,False,False,False,False,v,False,NOAA CO-OPS 8720218 water_level datum=NAVD units=metric tz=gmt interval=6
2022-09-24 13:24:00+00:00,0.804,0.009,False,False,False,False,v,False,NOAA CO-OPS 8720218 water_level datum=NAVD units=metric tz=gmt interval=6
2022-09-24 13:30:00+00:00,0.785,0.007,False,False,False,False,v,False,NOAA CO-OPS 8720218 water_level datum=NAVD units=metric tz=gmt interval=6
2022-09-24 13:36:00+00:00,0.759,0.009,False,False,False,False,v,False,NOAA CO-OPS 8720218 water_level datum=NAVD units=metric tz=gmt interval=6
2022-09-24 13:42:00+00:00,0.733,0.006,False,False,False,False,v,False,NOAA CO-OPS 8720218 water_level datum=NAVD units=metric tz=gmt interval=6
2022-09-24 13:48:00+00:00,0.702,0.008,False,False,False,False,v,False,NOAA CO-OPS 8720218 water_level datum=NAVD units=metric tz=gmt interval=6
2022-09-24 13:54:00+00:00,0.673,0.006,False,False,False,False,v,False,NOAA CO-OPS 8720218 water_level datum=NAVD units=metric tz=gmt interval=6
2022-09-24 14:00:00+00:00,0.65,0.005,False,False,False,False,v,False,NOAA CO-OPS 8720218 water_level datum=NAVD units=metric tz=gmt interval=6
2022-09-24 14:06:00+00:00,0.632,0.007,False,False,False,False,v,False,NOAA CO-OPS 8720218 water_level datum=NAVD units=metric tz=gmt interval=6
2022-09-24 14:12:00+00:00,0.603,0.006,False,False,False,False,v,False,NOAA CO-OPS 8720218 water_level datum=NAVD units=metric tz=gmt interval=6
2022-09-24 14:18:00+00:00,0.568,0.007,False,False,False,False,v,False,NOAA CO-OPS 8720218 water_level datum=NAVD units=metric tz=gmt interval=6
2022-09-24 14:24:00+00:00,0.531,0.009,False,False,False,False,v,False,NOAA CO-OPS 8720218 water_level datum=NAVD units=metric tz=gmt interval=6
2022-09-24 14:30:00+00:00,0.502,0.007,False,False,False,False,v,False,NOAA CO-OPS 8720218 water_level datum=NAVD units=metric tz=gmt interval=6
2022-09-24 14:36:00+00:00,0.459,0.014,False,False,False,False,v,False,NOAA CO-OPS 8720218 water_level datum=NAVD units=metric tz=gmt interval=6
2022-09-24 14:42:00+00:00,0.392,0.006,False,False,False,False,v,False,NOAA CO-OPS 8720218 water_level datum=NAVD units=metric tz=gmt interval=6
2022-09-24 14:48:00+00:00,0.36,0.009,False,False,False,False,v,False,NOAA CO-OPS 8720218 water_level datum=NAVD units=metric tz=gmt interval=6
2022-09-24 14:54:00+00:00,0.323,0.007,False,False,False,False,v,False,NOAA CO-OPS 8720218 water_level datum=NAVD units=metric tz=gmt interval=6
2022-09-24 15:00:00+00:00,0.291,0.009,False,False,False,False,v,False,NOAA CO-OPS 8720218 water_level datum=NAVD units=metric tz=gmt interval=6
2022-09-24 15:06:00+00:00,0.246,0.009,False,False,False,False,v,False,NOAA CO-OPS 8720218 water_level datum=NAVD units=metric tz=gmt interval=6
2022-09-24 15:12:00+00:00,0.195,0.008,False,False,False,False,v,False,NOAA CO-OPS 8720218 water_level datum=NAVD units=metric tz=gmt interval=6
2022-09-24 15:18:00+00:00,0.158,0.012,False,False,False,False,v,False,NOAA CO-OPS 8720218 water_level datum=NAVD units=metric tz=gmt interval=6
2022-09-24 15:24:00+00:00,0.119,0.008,False,False,False,False,v,False,NOAA CO-OPS 8720218 water_level datum=NAVD units=metric tz=gmt interval=6
2022-09-24 15:30:00+00:00,0.073,0.011,False,False,False,False,v,False,NOAA CO-OPS 8720218 water_level datum=NAVD units=metric tz=gmt interval=6
2022-09-24 15:36:00+00:00,0.029,0.012,False,False,False,False,v,False,NOAA CO-OPS 8720218 water_level datum=NAVD units=metric tz=gmt interval=6
2022-09-24 15:42:00+00:00,-0.012,0.013,False,False,False,False,v,False,NOAA CO-OPS 8720218 water_level datum=NAVD units=metric tz=gmt interval=6
2022-09-24 15:48:00+00:00,-0.046,0.013,False,False,False,False,v,False,NOAA CO-OPS 8720218 water_level datum=NAVD units=metric tz=gmt interval=6
2022-09-24 15:54:00+00:00,-0.079,0.014,False,False,False,False,v,False,NOAA CO-OPS 8720218 water_level datum=NAVD units=metric tz=gmt interval=6
2022-09-24 16:00:00+00:00,-0.112,0.015,False,False,False,False,v,False,NOAA CO-OPS 8720218 water_level datum=NAVD units=metric tz=gmt interval=6
2022-09-24 16:06:00+00:00,-0.147,0.015,False,False,False,False,v,False,NOAA CO-OPS 8720218 water_level datum=NAVD units=metric tz=gmt interval=6
2022-09-24 16:12:00+00:00,-0.17,0.013,False,False,False,False,v,False,NOAA CO-OPS 8720218 water_level datum=NAVD units=metric tz=gmt interval=6
2022-09-24 16:18:00+00:00,-0.192,0.013,False,False,False,False,v,False,NOAA CO-OPS 8720218 water_level datum=NAVD units=metric tz=gmt interval=6
2022-09-24 16:24:00+00:00,-0.215,0.01,False,False,False,False,v,False,NOAA CO-OPS 8720218 water_level datum=NAVD units=metric tz=gmt interval=6
2022-09-24 16:30:00+00:00,-0.245,0.016,False,False,False,False,v,False,NOAA CO-OPS 8720218 water_level datum=NAVD units=metric tz=gmt interval=6
2022-09-24 16:36:00+00:00,-0.273,0.016,False,False,False,False,v,False,NOAA CO-OPS 8720218 water_level datum=NAVD units=metric tz=gmt interval=6
2022-09-24 16:42:00+00:00,-0.297,0.013,False,False,False,False,v,False,NOAA CO-OPS 8720218 water_level datum=NAVD units=metric tz=gmt interval=6
2022-09-24 16:48:00+00:00,-0.311,0.015,False,False,False,False,v,False,NOAA CO-OPS 8720218 water_level datum=NAVD units=metric tz=gmt interval=6
2022-09-24 16:54:00+00:00,-0.321,0.012,False,False,False,False,v,False,NOAA CO-OPS 8720218 water_level datum=NAVD units=metric tz=gmt interval=6
2022-09-24 17:00:00+00:00,-0.338,0.015,False,False,False,False,v,False,NOAA CO-OPS 8720218 water_level datum=NAVD units=metric tz=gmt interval=6
2022-09-24 17:06:00+00:00,-0.361,0.01,False,False,False,False,v,False,NOAA CO-OPS 8720218 water_level datum=NAVD units=metric tz=gmt interval=6
2022-09-24 17:12:00+00:00,-0.375,0.011,False,False,False,False,v,False,NOAA CO-OPS 8720218 water_level datum=NAVD units=metric tz=gmt interval=6
2022-09-24 17:18:00+00:00,-0.384,0.011,False,False,False,False,v,False,NOAA CO-OPS 8720218 water_level datum=NAVD units=metric tz=gmt interval=6
2022-09-24 17:24:00+00:00,-0.393,0.013,False,False,False,False,v,False,NOAA CO-OPS 8720218 water_level datum=NAVD units=metric tz=gmt interval=6
2022-09-24 17:30:00+00:00,-0.407,0.01,False,False,False,False,v,False,NOAA CO-OPS 8720218 water_level datum=NAVD units=metric tz=gmt interval=6
2022-09-24 17:36:00+00:00,-0.42,0.011,False,False,False,False,v,False,NOAA CO-OPS 8720218 water_level datum=NAVD units=metric tz=gmt interval=6
2022-09-24 17:42:00+00:00,-0.425,0.009,False,False,False,False,v,False,NOAA CO-OPS 8720218 water_level datum=NAVD units=metric tz=gmt interval=6
2022-09-24 17:48:00+00:00,-0.426,0.011,False,False,False,False,v,False,NOAA CO-OPS 8720218 water_level datum=NAVD units=metric tz=gmt interval=6
2022-09-24 17:54:00+00:00,-0.429,0.011,False,False,False,False,v,False,NOAA CO-OPS 8720218 water_level datum=NAVD units=metric tz=gmt interval=6
2022-09-24 18:00:00+00:00,-0.444,0.011,False,False,False,False,v,False,NOAA CO-OPS 8720218 water_level datum=NAVD units=metric tz=gmt interval=6
2022-09-24 18:06:00+00:00,-0.447,0.01,False,False,False,False,v,False,NOAA CO-OPS 8720218 water_level datum=NAVD units=metric tz=gmt interval=6
2022-09-24 18:12:00+00:00,-0.445,0.009,False,False,False,False,v,False,NOAA CO-OPS 8720218 water_level datum=NAVD units=metric tz=gmt interval=6
2022-09-24 18:18:00+00:00,-0.44,0.01,False,False,False,False,v,False,NOAA CO-OPS 8720218 water_level datum=NAVD units=metric tz=gmt interval=6
2022-09-24 18:24:00+00:00,-0.438,0.011,False,False,False,False,v,False,NOAA CO-OPS 8720218 water_level datum=NAVD units=metric tz=gmt interval=6
2022-09-24 18:30:00+00:00,-0.449,0.014,False,False,False,False,v,False,NOAA CO-OPS 8720218 water_level datum=NAVD units=metric tz=gmt interval=6
2022-09-24 18:36:00+00:00,-0.439,0.008,False,False,False,False,v,False,NOAA CO-OPS 8720218 water_level datum=NAVD units=metric tz=gmt interval=6
2022-09-24 18:42:00+00:00,-0.431,0.01,False,False,False,False,v,False,NOAA CO-OPS 8720218 water_level datum=NAVD units=metric tz=gmt interval=6
2022-09-24 18:48:00+00:00,-0.428,0.01,False,False,False,False,v,False,NOAA CO-OPS 8720218 water_level datum=NAVD units=metric tz=gmt interval=6
2022-09-24 18:54:00+00:00,-0.402,0.012,False,False,False,False,v,False,NOAA CO-OPS 8720218 water_level datum=NAVD units=metric tz=gmt interval=6
2022-09-24 19:00:00+00:00,-0.389,0.01,False,False,False,False,v,False,NOAA CO-OPS 8720218 water_level datum=NAVD units=metric tz=gmt interval=6
2022-09-24 19:06:00+00:00,-0.378,0.008,False,False,False,False,v,False,NOAA CO-OPS 8720218 water_level datum=NAVD units=metric tz=gmt interval=6
2022-09-24 19:12:00+00:00,-0.35,0.008,False,False,False,False,v,False,NOAA CO-OPS 8720218 water_level datum=NAVD units=metric tz=gmt interval=6
2022-09-24 19:18:00+00:00,-0.334,0.008,False,False,False,False,v,False,NOAA CO-OPS 8720218 water_level datum=NAVD units=metric tz=gmt interval=6
2022-09-24 19:24:00+00:00,-0.309,0.005,False,False,False,False,v,False,NOAA CO-OPS 8720218 water_level datum=NAVD units=metric tz=gmt interval=6
2022-09-24 19:30:00+00:00,-0.28,0.009,False,False,False,False,v,False,NOAA CO-OPS 8720218 water_level datum=NAVD units=metric tz=gmt interval=6
2022-09-24 19:36:00+00:00,-0.246,0.007,False,False,False,False,v,False,NOAA CO-OPS 8720218 water_level datum=NAVD units=metric tz=gmt interval=6
2022-09-24 19:42:00+00:00,-0.23,0.009,False,False,False,False,v,False,NOAA CO-OPS 8720218 water_level datum=NAVD units=metric tz=gmt interval=6
2022-09-24 19:48:00+00:00,-0.209,0.007,False,False,False,False,v,False,NOAA CO-OPS 8720218 water_level datum=NAVD units=metric tz=gmt interval=6
2022-09-24 19:54:00+00:00,-0.187,0.012,False,False,False,False,v,False,NOAA CO-OPS 8720218 water_level datum=NAVD units=metric tz=gmt interval=6
2022-09-24 20:00:00+00:00,-0.158,0.008,False,False,False,False,v,False,NOAA CO-OPS 8720218 water_level datum=NAVD units=metric tz=gmt interval=6
2022-09-24 20:06:00+00:00,-0.133,0.007,False,False,False,False,v,False,NOAA CO-OPS 8720218 water_level datum=NAVD units=metric tz=gmt interval=6
2022-09-24 20:12:00+00:00,-0.101,0.007,False,False,False,False,v,False,NOAA CO-OPS 8720218 water_level datum=NAVD units=metric tz=gmt interval=6
2022-09-24 20:18:00+00:00,-0.071,0.008,False,False,False,False,v,False,NOAA CO-OPS 8720218 water_level datum=NAVD units=metric tz=gmt interval=6
2022-09-24 20:24:00+00:00,-0.036,0.009,False,False,False,False,v,False,NOAA CO-OPS 8720218 water_level datum=NAVD units=metric tz=gmt interval=6
2022-09-24 20:30:00+00:00,0.008,0.009,False,False,False,False,v,False,NOAA CO-OPS 8720218 water_level datum=NAVD units=metric tz=gmt interval=6
2022-09-24 20:36:00+00:00,0.048,0.008,False,False,False,False,v,False,NOAA CO-OPS 8720218 water_level datum=NAVD units=metric tz=gmt interval=6
2022-09-24 20:42:00+00:00,0.079,0.006,False,False,False,False,v,False,NOAA CO-OPS 8720218 water_level datum=NAVD units=metric tz=gmt interval=6
2022-09-24 20:48:00+00:00,0.084,0.025,False,False,False,False,v,False,NOAA CO-OPS 8720218 water_level datum=NAVD units=metric tz=gmt interval=6
2022-09-24 20:54:00+00:00,0.141,0.008,False,False,False,False,v,False,NOAA CO-OPS 8720218 water_level datum=NAVD units=metric tz=gmt interval=6
2022-09-24 21:00:00+00:00,0.194,0.011,False,False,False,False,v,False,NOAA CO-OPS 8720218 water_level datum=NAVD units=metric tz=gmt interval=6
2022-09-24 21:06:00+00:00,0.208,0.012,False,False,False,False,v,False,NOAA CO-OPS 8720218 water_level datum=NAVD units=metric tz=gmt interval=6
2022-09-24 21:12:00+00:00,0.266,0.01,False,False,False,False,v,False,NOAA CO-OPS 8720218 water_level datum=NAVD units=metric tz=gmt interval=6
2022-09-24 21:18:00+00:00,0.287,0.01,False,False,False,False,v,False,NOAA CO-OPS 8720218 water_level datum=NAVD units=metric tz=gmt interval=6
2022-09-24 21:24:00+00:00,0.319,0.009,False,False,False,False,v,False,NOAA CO-OPS 8720218 water_level datum=NAVD units=metric tz=gmt interval=6
2022-09-24 21:30:00+00:00,0.364,0.02,False,False,False,False,v,False,NOAA CO-OPS 8720218 water_level datum=NAVD units=metric tz=gmt interval=6
2022-09-24 21:36:00+00:00,0.386,0.011,False,False,False,False,v,False,NOAA CO-OPS 8720218 water_level datum=NAVD units=metric tz=gmt interval=6
2022-09-24 21:42:00+00:00,0.397,0.014,False,False,False,False,v,False,NOAA CO-OPS 8720218 water_level datum=NAVD units=metric tz=gmt interval=6
2022-09-24 21:48:00+00:00,0.442,0.008,False,False,False,False,v,False,NOAA CO-OPS 8720218 water_level datum=NAVD units=metric tz=gmt interval=6
2022-09-24 21:54:00+00:00,0.461,0.01,False,False,False,False,v,False,NOAA CO-OPS 8720218 water_level datum=NAVD units=metric tz=gmt interval=6
2022-09-24 22:00:00+00:00,0.469,0.017,False,False,False,False,v,False,NOAA CO-OPS 8720218 water_level datum=NAVD units=metric tz=gmt interval=6
2022-09-24 22:06:00+00:00,0.519,0.009,False,False,False,False,v,False,NOAA CO-OPS 8720218 water_level datum=NAVD units=metric tz=gmt interval=6
2022-09-24 22:12:00+00:00,0.546,0.009,False,False,False,False,v,False,NOAA CO-OPS 8720218 water_level datum=NAVD units=metric tz=gmt interval=6
2022-09-24 22:18:00+00:00,0.579,0.008,False,False,False,False,v,False,NOAA CO-OPS 8720218 water_level datum=NAVD units=metric tz=gmt interval=6
2022-09-24 22:24:00+00:00,0.583,0.011,False,False,False,False,v,False,NOAA CO-OPS 8720218 water_level datum=NAVD units=metric tz=gmt interval=6
2022-09-24 22:30:00+00:00,0.625,0.008,False,False,False,False,v,False,NOAA CO-OPS 8720218 water_level datum=NAVD units=metric tz=gmt interval=6
2022-09-24 22:36:00+00:00,0.651,0.009,False,False,False,False,v,False,NOAA CO-OPS 8720218 water_level datum=NAVD units=metric tz=gmt interval=6
2022-09-24 22:42:00+00:00,0.665,0.008,False,False,False,False,v,False,NOAA CO-OPS 8720218 water_level datum=NAVD units=metric tz=gmt interval=6
2022-09-24 22:48:00+00:00,0.688,0.01,False,False,False,False,v,False,NOAA CO-OPS 8720218 water_level datum=NAVD units=metric tz=gmt interval=6
2022-09-24 22:54:00+00:00,0.705,0.008,False,False,False,False,v,False,NOAA CO-OPS 8720218 water_level datum=NAVD units=metric tz=gmt interval=6
2022-09-24 23:00:00+00:00,0.732,0.009,False,False,False,False,v,False,NOAA CO-OPS 8720218 water_level datum=NAVD units=metric tz=gmt interval=6
2022-09-24 23:06:00+00:00,0.753,0.009,False,False,False,False,v,False,NOAA CO-OPS 8720218 water_level datum=NAVD units=metric tz=gmt interval=6
2022-09-24 23:12:00+00:00,0.765,0.008,False,False,False,False,v,False,NOAA CO-OPS 8720218 water_level datum=NAVD units=metric tz=gmt interval=6
2022-09-24 23:18:00+00:00,0.789,0.009,False,False,False,False,v,False,NOAA CO-OPS 8720218 water_level datum=NAVD units=metric tz=gmt interval=6
2022-09-24 23:24:00+00:00,0.805,0.008,False,False,False,False,v,False,NOAA CO-OPS 8720218 water_level datum=NAVD units=metric tz=gmt interval=6
2022-09-24 23:30:00+00:00,0.83,0.008,False,False,False,False,v,False,NOAA CO-OPS 8720218 water_level datum=NAVD units=metric tz=gmt interval=6
2022-09-24 23:36:00+00:00,0.846,0.008,False,False,False,False,v,False,NOAA CO-OPS 8720218 water_level datum=NAVD units=metric tz=gmt interval=6
2022-09-24 23:42:00+00:00,0.857,0.009,False,False,False,False,v,False,NOAA CO-OPS 8720218 water_level datum=NAVD units=metric tz=gmt interval=6
2022-09-24 23:48:00+00:00,0.872,0.007,False,False,False,False,v,False,NOAA CO-OPS 8720218 water_level datum=NAVD units=metric tz=gmt interval=6
2022-09-24 23:54:00+00:00,0.885,0.009,False,False,False,False,v,False,NOAA CO-OPS 8720218 water_level datum=NAVD units=metric tz=gmt interval=6
2022-09-25 00:00:00+00:00,0.89,0.007,False,False,False,False,v,False,NOAA CO-OPS 8720218 water_level datum=NAVD units=metric tz=gmt interval=6
2022-09-25 00:06:00+00:00,0.903,0.013,False,False,False,False,v,False,NOAA CO-OPS 8720218 water_level datum=NAVD units=metric tz=gmt interval=6
2022-09-25 00:12:00+00:00,0.911,0.01,False,False,False,False,v,False,NOAA CO-OPS 8720218 water_level datum=NAVD units=metric tz=gmt interval=6
2022-09-25 00:18:00+00:00,0.926,0.01,False,False,False,False,v,False,NOAA CO-OPS 8720218 water_level datum=NAVD units=metric tz=gmt interval=6
2022-09-25 00:24:00+00:00,0.923,0.013,False,False,False,False,v,False,NOAA CO-OPS 8720218 water_level datum=NAVD units=metric tz=gmt interval=6
2022-09-25 00:30:00+00:00,0.928,0.009,False,False,False,False,v,False,NOAA CO-OPS 8720218 water_level datum=NAVD units=metric tz=gmt interval=6
2022-09-25 00:36:00+00:00,0.929,0.01,False,False,False,False,v,False,NOAA CO-OPS 8720218 water_level datum=NAVD units=metric tz=gmt interval=6
2022-09-25 00:42:00+00:00,0.91,0.013,False,False,False,False,v,False,NOAA CO-OPS 8720218 water_level datum=NAVD units=metric tz=gmt interval=6
2022-09-25 00:48:00+00:00,0.937,0.013,False,False,False,False,v,False,NOAA CO-OPS 8720218 water_level datum=NAVD units=metric tz=gmt interval=6
2022-09-25 00:54:00+00:00,0.921,0.008,False,False,False,False,v,False,NOAA CO-OPS 8720218 water_level datum=NAVD units=metric tz=gmt interval=6
2022-09-25 01:00:00+00:00,0.911,0.018,False,False,False,False,v,False,NOAA CO-OPS 8720218 water_level datum=NAVD units=metric tz=gmt interval=6
2022-09-25 01:06:00+00:00,0.894,0.007,False,False,False,False,v,False,NOAA CO-OPS 8720218 water_level datum=NAVD units=metric tz=gmt interval=6
2022-09-25 01:12:00+00:00,0.887,0.006,False,False,False,False,v,False,NOAA CO-OPS 8720218 water_level datum=NAVD units=metric tz=gmt interval=6
2022-09-25 01:18:00+00:00,0.881,0.005,False,False,False,False,v,False,NOAA CO-OPS 8720218 water_level datum=NAVD units=metric tz=gmt interval=6
2022-09-25 01:24:00+00:00,0.872,0.005,False,False,False,False,v,False,NOAA CO-OPS 8720218 water_level datum=NAVD units=metric tz=gmt interval=6
2022-09-25 01:30:00+00:00,0.853,0.004,False,False,False,False,v,False,NOAA CO-OPS 8720218 water_level datum=NAVD units=metric tz=gmt interval=6
2022-09-25 01:36:00+00:00,0.835,0.006,False,False,False,False,v,False,NOAA CO-OPS 8720218 water_level datum=NAVD units=metric tz=gmt interval=6
2022-09-25 01:42:00+00:00,0.81,0.006,False,False,False,False,v,False,NOAA CO-OPS 8720218 water_level datum=NAVD units=metric tz=gmt interval=6
2022-09-25 01:48:00+00:00,0.785,0.005,False,False,False,False,v,False,NOAA CO-OPS 8720218 water_level datum=NAVD units=metric tz=gmt interval=6
2022-09-25 01:54:00+00:00,0.763,0.005,False,False,False,False,v,False,NOAA CO-OPS 8720218 water_level datum=NAVD units=metric tz=gmt interval=6
2022-09-25 02:00:00+00:00,0.746,0.004,False,False,False,False,v,False,NOAA CO-OPS 8720218 water_level datum=NAVD units=metric tz=gmt interval=6
2022-09-25 02:06:00+00:00,0.717,0.007,False,False,False,False,v,False,NOAA CO-OPS 8720218 water_level datum=NAVD units=metric tz=gmt interval=6
2022-09-25 02:12:00+00:00,0.681,0.007,False,False,False,False,v,False,NOAA CO-OPS 8720218 water_level datum=NAVD units=metric tz=gmt interval=6
2022-09-25 02:18:00+00:00,0.642,0.007,False,False,False,False,v,False,NOAA CO-OPS 8720218 water_level datum=NAVD units=metric tz=gmt interval=6
2022-09-25 02:24:00+00:00,0.6,0.006,False,False,False,False,v,False,NOAA CO-OPS 8720218 water_level datum=NAVD units=metric tz=gmt interval=6
2022-09-25 02:30:00+00:00,0.563,0.005,False,False,False,False,v,False,NOAA CO-OPS 8720218 water_level datum=NAVD units=metric tz=gmt interval=6
2022-09-25 02:36:00+00:00,0.529,0.006,False,False,False,False,v,False,NOAA CO-OPS 8720218 water_level datum=NAVD units=metric tz=gmt interval=6
2022-09-25 02:42:00+00:00,0.492,0.005,False,False,False,False,v,False,NOAA CO-OPS 8720218 water_level datum=NAVD units=metric tz=gmt interval=6
2022-09-25 02:48:00+00:00,0.457,0.006,False,False,False,False,v,False,NOAA CO-OPS 8720218 water_level datum=NAVD units=metric tz=gmt interval=6
2022-09-25 02:54:00+00:00,0.419,0.007,False,False,False,False,v,False,NOAA CO-OPS 8720218 water_level datum=NAVD units=metric tz=gmt interval=6
2022-09-25 03:00:00+00:00,0.385,0.011,False,False,False,False,v,False,NOAA CO-OPS 8720218 water_level datum=NAVD units=metric tz=gmt interval=6
2022-09-25 03:06:00+00:00,0.352,0.01,False,False,False,False,v,False,NOAA CO-OPS 8720218 water_level datum=NAVD units=metric tz=gmt interval=6
2022-09-25 03:12:00+00:00,0.312,0.006,False,False,False,False,v,False,NOAA CO-OPS 8720218 water_level datum=NAVD units=metric tz=gmt interval=6
2022-09-25 03:18:00+00:00,0.217,0.039,False,False,False,False,v,False,NOAA CO-OPS 8720218 water_level datum=NAVD units=metric tz=gmt interval=6
2022-09-25 03:24:00+00:00,0.22,0.008,False,False,False,False,v,False,NOAA CO-OPS 8720218 water_level datum=NAVD units=metric tz=gmt interval=6
2022-09-25 03:30:00+00:00,0.182,0.01,False,False,False,False,v,False,NOAA CO-OPS 8720218 water_level datum=NAVD units=metric tz=gmt interval=6
2022-09-25 03:36:00+00:00,0.153,0.008,False,False,False,False,v,False,NOAA CO-OPS 8720218 water_level datum=NAVD units=metric tz=gmt interval=6
2022-09-25 03:42:00+00:00,0.115,0.008,False,False,False,False,v,False,NOAA CO-OPS 8720218 water_level datum=NAVD units=metric tz=gmt interval=6
2022-09-25 03:48:00+00:00,0.077,0.013,False,False,False,False,v,False,NOAA CO-OPS 8720218 water_level datum=NAVD units=metric tz=gmt interval=6
2022-09-25 03:54:00+00:00,0.036,0.014,False,False,False,False,v,False,NOAA CO-OPS 8720218 water_level datum=NAVD units=metric tz=gmt interval=6
2022-09-25 04:00:00+00:00,0.001,0.011,False,False,False,False,v,False,NOAA CO-OPS 8720218 water_level datum=NAVD units=metric tz=gmt interval=6
2022-09-25 04:06:00+00:00,-0.037,0.01,False,False,False,False,v,False,NOAA CO-OPS 8720218 water_level datum=NAVD units=metric tz=gmt interval=6
2022-09-25 04:12:00+00:00,-0.069,0.009,False,False,False,False,v,False,NOAA CO-OPS 8720218 water_level datum=NAVD units=metric tz=gmt interval=6
2022-09-25 04:18:00+00:00,-0.099,0.012,False,False,False,False,v,False,NOAA CO-OPS 8720218 water_level datum=NAVD units=metric tz=gmt interval=6
2022-09-25 04:24:00+00:00,-0.132,0.01,False,False,False,False,v,False,NOAA CO-OPS 8720218 water_level datum=NAVD units=metric tz=gmt interval=6
2022-09-25 04:30:00+00:00,-0.156,0.01,False,False,False,False,v,False,NOAA CO-OPS 8720218 water_level datum=NAVD units=metric tz=gmt interval=6
2022-09-25 04:36:00+00:00,-0.178,0.009,False,False,False,False,v,False,NOAA CO-OPS 8720218 water_level datum=NAVD units=metric tz=gmt interval=6
2022-09-25 04:42:00+00:00,-0.208,0.01,False,False,False,False,v,False,NOAA CO-OPS 8720218 water_level datum=NAVD units=metric tz=gmt interval=6
2022-09-25 04:48:00+00:00,-0.235,0.01,False,False,False,False,v,False,NOAA CO-OPS 8720218 water_level datum=NAVD units=metric tz=gmt interval=6
2022-09-25 04:54:00+00:00,-0.263,0.011,False,False,False,False,v,False,NOAA CO-OPS 8720218 water_level datum=NAVD units=metric tz=gmt interval=6
2022-09-25 05:00:00+00:00,-0.286,0.007,False,False,False,False,v,False,NOAA CO-OPS 8720218 water_level datum=NAVD units=metric tz=gmt interval=6
2022-09-25 05:06:00+00:00,-0.303,0.008,False,False,False,False,v,False,NOAA CO-OPS 8720218 water_level datum=NAVD units=metric tz=gmt interval=6
2022-09-25 05:12:00+00:00,-0.324,0.007,False,False,False,False,v,False,NOAA CO-OPS 8720218 water_level datum=NAVD units=metric tz=gmt interval=6
2022-09-25 05:18:00+00:00,-0.346,0.01,False,False,False,False,v,False,NOAA CO-OPS 8720218 water_level datum=NAVD units=metric tz=gmt interval=6
2022-09-25 05:24:00+00:00,-0.353,0.01,False,False,False,False,v,False,NOAA CO-OPS 8720218 water_level datum=NAVD units=metric tz=gmt interval=6
2022-09-25 05:30:00+00:00,-0.354,0.007,False,False,False,False,v,False,NOAA CO-OPS 8720218 water_level datum=NAVD units=metric tz=gmt interval=6
2022-09-25 05:36:00+00:00,-0.368,0.01,False,False,False,False,v,False,NOAA CO-OPS 8720218 water_level datum=NAVD units=metric tz=gmt interval=6
2022-09-25 05:42:00+00:00,-0.385,0.007,False,False,False,False,v,False,NOAA CO-OPS 8720218 water_level datum=NAVD units=metric tz=gmt interval=6
2022-09-25 05:48:00+00:00,-0.398,0.008,False,False,False,False,v,False,NOAA CO-OPS 8720218 water_level datum=NAVD units=metric tz=gmt interval=6
2022-09-25 05:54:00+00:00,-0.409,0.007,False,False,False,False,v,False,NOAA CO-OPS 8720218 water_level datum=NAVD units=metric tz=gmt interval=6
2022-09-25 06:00:00+00:00,-0.423,0.009,False,False,False,False,v,False,NOAA CO-OPS 8720218 water_level datum=NAVD units=metric tz=gmt interval=6
2022-09-25 06:06:00+00:00,-0.436,0.008,False,False,False,False,v,False,NOAA CO-OPS 8720218 water_level datum=NAVD units=metric tz=gmt interval=6
2022-09-25 06:12:00+00:00,-0.449,0.006,False,False,False,False,v,False,NOAA CO-OPS 8720218 water_level datum=NAVD units=metric tz=gmt interval=6
2022-09-25 06:18:00+00:00,-0.463,0.007,False,False,False,False,v,False,NOAA CO-OPS 8720218 water_level datum=NAVD units=metric tz=gmt interval=6
2022-09-25 06:24:00+00:00,-0.464,0.007,False,False,False,False,v,False,NOAA CO-OPS 8720218 water_level datum=NAVD units=metric tz=gmt interval=6
2022-09-25 06:30:00+00:00,-0.463,0.006,False,False,False,False,v,False,NOAA CO-OPS 8720218 water_level datum=NAVD units=metric tz=gmt interval=6
2022-09-25 06:36:00+00:00,-0.461,0.006,False,False,False,False,v,False,NOAA CO-OPS 8720218 water_level datum=NAVD units=metric tz=gmt interval=6
2022-09-25 06:42:00+00:00,-0.465,0.007,False,False,False,False,v,False,NOAA CO-OPS 8720218 water_level datum=NAVD units=metric tz=gmt interval=6
2022-09-25 06:48:00+00:00,-0.464,0.009,False,False,False,False,v,False,NOAA CO-OPS 8720218 water_level datum=NAVD units=metric tz=gmt interval=6
2022-09-25 06:54:00+00:00,-0.461,0.008,False,False,False,False,v,False,NOAA CO-OPS 8720218 water_level datum=NAVD units=metric tz=gmt interval=6
2022-09-25 07:00:00+00:00,-0.455,0.009,False,False,False,False,v,False,NOAA CO-OPS 8720218 water_level datum=NAVD units=metric tz=gmt interval=6
2022-09-25 07:06:00+00:00,-0.454,0.008,False,False,False,False,v,False,NOAA CO-OPS 8720218 water_level datum=NAVD units=metric tz=gmt interval=6
2022-09-25 07:12:00+00:00,-0.447,0.009,False,False,False,False,v,False,NOAA CO-OPS 8720218 water_level datum=NAVD units=metric tz=gmt interval=6
2022-09-25 07:18:00+00:00,-0.442,0.007,False,False,False,False,v,False,NOAA CO-OPS 8720218 water_level datum=NAVD units=metric tz=gmt interval=6
2022-09-25 07:24:00+00:00,-0.429,0.009,False,False,False,False,v,False,NOAA CO-OPS 8720218 water_level datum=NAVD units=metric tz=gmt interval=6
2022-09-25 07:30:00+00:00,-0.413,0.007,False,False,False,False,v,False,NOAA CO-OPS 8720218 water_level datum=NAVD units=metric tz=gmt interval=6
2022-09-25 07:36:00+00:00,-0.396,0.007,False,False,False,False,v,False,NOAA CO-OPS 8720218 water_level datum=NAVD units=metric tz=gmt interval=6
2022-09-25 07:42:00+00:00,-0.375,0.009,False,False,False,False,v,False,NOAA CO-OPS 8720218 water_level datum=NAVD units=metric tz=gmt interval=6
2022-09-25 07:48:00+00:00,-0.355,0.008,False,False,False,False,v,False,NOAA CO-OPS 8720218 water_level datum=NAVD units=metric tz=gmt interval=6
2022-09-25 07:54:00+00:00,-0.332,0.007,False,False,False,False,v,False,NOAA CO-OPS 8720218 water_level datum=NAVD units=metric tz=gmt interval=6
2022-09-25 08:00:00+00:00,-0.312,0.007,False,False,False,False,v,False,NOAA CO-OPS 8720218 water_level datum=NAVD units=metric tz=gmt interval=6
2022-09-25 08:06:00+00:00,-0.29,0.006,False,False,False,False,v,False,NOAA CO-OPS 8720218 water_level datum=NAVD units=metric tz=gmt interval=6
2022-09-25 08:12:00+00:00,-0.26,0.006,False,False,False,False,v,False,NOAA CO-OPS 8720218 water_level datum=NAVD units=metric tz=gmt interval=6
2022-09-25 08:18:00+00:00,-0.233,0.006,False,False,False,False,v,False,NOAA CO-OPS 8720218 water_level datum=NAVD units=metric tz=gmt interval=6
2022-09-25 08:24:00+00:00,-0.209,0.012,False,False,False,False,v,False,NOAA CO-OPS 8720218 water_level datum=NAVD units=metric tz=gmt interval=6
2022-09-25 08:30:00+00:00,-0.163,0.013,False,False,False,False,v,False,NOAA CO-OPS 8720218 water_level datum=NAVD units=metric tz=gmt interval=6
2022-09-25 08:36:00+00:00,-0.197,0.02,False,False,False,False,v,False,NOAA CO-OPS 8720218 water_level datum=NAVD units=metric tz=gmt interval=6
2022-09-25 08:42:00+00:00,-0.128,0.012,False,False,False,False,v,False,NOAA CO-OPS 8720218 water_level datum=NAVD units=metric tz=gmt interval=6
2022-09-25 08:48:00+00:00,-0.106,0.008,False,False,False,False,v,False,NOAA CO-OPS 8720218 water_level datum=NAVD units=metric tz=gmt interval=6
2022-09-25 08:54:00+00:00,-0.072,0.008,False,False,False,False,v,False,NOAA CO-OPS 8720218 water_level datum=NAVD units=metric tz=gmt interval=6
2022-09-25 09:00:00+00:00,-0.042,0.01,False,False,False,False,v,False,NOAA CO-OPS 8720218 water_level datum=NAVD units=metric tz=gmt interval=6
2022-09-25 09:06:00+00:00,-0.003,0.009,False,False,False,False,v,False,NOAA CO-OPS 8720218 water_level datum=NAVD units=metric tz=gmt interval=6
2022-09-25 09:12:00+00:00,0.029,0.008,False,False,False,False,v,False,NOAA CO-OPS 8720218 water_level datum=NAVD units=metric tz=gmt interval=6
2022-09-25 09:18:00+00:00,0.055,0.009,False,False,False,False,v,False,NOAA CO-OPS 8720218 water_level datum=NAVD units=metric tz=gmt interval=6
2022-09-25 09:24:00+00:00,0.078,0.007,False,False,False,False,v,False,NOAA CO-OPS 8720218 water_level datum=NAVD units=metric tz=gmt interval=6
2022-09-25 09:30:00+00:00,0.107,0.008,False,False,False,False,v,False,NOAA CO-OPS 8720218 water_level datum=NAVD units=metric tz=gmt interval=6
2022-09-25 09:36:00+00:00,0.146,0.009,False,False,False,False,v,False,NOAA CO-OPS 8720218 water_level datum=NAVD units=metric tz=gmt interval=6
2022-09-25 09:42:00+00:00,0.186,0.008,False,False,False,False,v,False,NOAA CO-OPS 8720218 water_level datum=NAVD units=metric tz=gmt interval=6
2022-09-25 09:48:00+00:00,0.212,0.008,False,False,False,False,v,False,NOAA CO-OPS 8720218 water_level datum=NAVD units=metric tz=gmt interval=6
2022-09-25 09:54:00+00:00,0.241,0.011,False,False,False,False,v,False,NOAA CO-OPS 8720218 water_level datum=NAVD units=metric tz=gmt interval=6
2022-09-25 10:00:00+00:00,0.261,0.012,False,False,False,False,v,False,NOAA CO-OPS 8720218 water_level datum=NAVD units=metric tz=gmt interval=6
2022-09-25 10:06:00+00:00,0.291,0.012,False,False,False,False,v,False,NOAA CO-OPS 8720218 water_level datum=NAVD units=metric tz=gmt interval=6
2022-09-25 10:12:00+00:00,0.327,0.011,False,False,False,False,v,False,NOAA CO-OPS 8720218 water_level datum=NAVD units=metric tz=gmt interval=6
2022-09-25 10:18:00+00:00,0.353,0.01,False,False,False,False,v,False,NOAA CO-OPS 8720218 water_level datum=NAVD units=metric tz=gmt interval=6
2022-09-25 10:24:00+00:00,0.377,0.008,False,False,False,False,v,False,NOAA CO-OPS 8720218 water_level datum=NAVD units=metric tz=gmt interval=6
2022-09-25 10:30:00+00:00,0.401,0.008,False,False,False,False,v,False,NOAA CO-OPS 8720218 water_level datum=NAVD units=metric tz=gmt interval=6
2022-09-25 10:36:00+00:00,0.425,0.007,False,False,False,False,v,False,NOAA CO-OPS 8720218 water_level datum=NAVD units=metric tz=gmt interval=6
2022-09-25 10:42:00+00:00,0.446,0.007,False,False,False,False,v,False,NOAA CO-OPS 8720218 water_level datum=NAVD units=metric tz=gmt interval=6
2022-09-25 10:48:00+00:00,0.47,0.007,False,False,False,False,v,False,NOAA CO-OPS 8720218 water_level datum=NAVD units=metric tz=gmt interval=6
2022-09-25 10:54:00+00:00,0.5,0.009,False,False,False,False,v,False,NOAA CO-OPS 8720218 water_level datum=NAVD units=metric tz=gmt interval=6
2022-09-25 11:00:00+00:00,0.523,0.008,False,False,False,False,v,False,NOAA CO-OPS 8720218 water_level datum=NAVD units=metric tz=gmt interval=6
2022-09-25 11:06:00+00:00,0.54,0.008,False,False,False,False,v,False,NOAA CO-OPS 8720218 water_level datum=NAVD units=metric tz=gmt interval=6
2022-09-25 11:12:00+00:00,0.578,0.035,False,False,False,False,v,False,NOAA CO-OPS 8720218 water_level datum=NAVD units=metric tz=gmt interval=6
2022-09-25 11:18:00+00:00,0.575,0.006,False,False,False,False,v,False,NOAA CO-OPS 8720218 water_level datum=NAVD units=metric tz=gmt interval=6
2022-09-25 11:24:00+00:00,0.591,0.008,False,False,False,False,v,False,NOAA CO-OPS 8720218 water_level datum=NAVD units=metric tz=gmt interval=6
2022-09-25 11:30:00+00:00,0.608,0.008,False,False,False,False,v,False,NOAA CO-OPS 8720218 water_level datum=NAVD units=metric tz=gmt interval=6
2022-09-25 11:36:00+00:00,0.628,0.008,False,False,False,False,v,False,NOAA CO-OPS 8720218 water_level datum=NAVD units=metric tz=gmt interval=6
2022-09-25 11:42:00+00:00,0.644,0.008,False,False,False,False,v,False,NOAA CO-OPS 8720218 water_level datum=NAVD units=metric tz=gmt interval=6
2022-09-25 11:48:00+00:00,0.658,0.007,False,False,False,False,v,False,NOAA CO-OPS 8720218 water_level datum=NAVD units=metric tz=gmt interval=6
2022-09-25 11:54:00+00:00,0.672,0.006,False,False,False,False,v,False,NOAA CO-OPS 8720218 water_level datum=NAVD units=metric tz=gmt interval=6
2022-09-25 12:00:00+00:00,0.684,0.005,False,False,False,False,v,False,NOAA CO-OPS 8720218 water_level datum=NAVD units=metric tz=gmt interval=6
2022-09-25 12:06:00+00:00,0.697,0.005,False,False,False,False,v,False,NOAA CO-OPS 8720218 water_level datum=NAVD units=metric tz=gmt interval=6
2022-09-25 12:12:00+00:00,0.707,0.009,False,False,False,False,v,False,NOAA CO-OPS 8720218 water_level datum=NAVD units=metric tz=gmt interval=6
2022-09-25 12:18:00+00:00,0.72,0.008,False,False,False,False,v,False,NOAA CO-OPS 8720218 water_level datum=NAVD units=metric tz=gmt interval=6
2022-09-25 12:24:00+00:00,0.741,0.008,False,False,False,False,v,False,NOAA CO-OPS 8720218 water_level datum=NAVD units=metric tz=gmt interval=6
2022-09-25 12:30:00+00:00,0.752,0.008,False,False,False,False,v,False,NOAA CO-OPS 8720218 water_level datum=NAVD units=metric tz=gmt interval=6
2022-09-25 12:36:00+00:00,0.759,0.007,False,False,False,False,v,False,NOAA CO-OPS 8720218 water_level datum=NAVD units=metric tz=gmt interval=6
2022-09-25 12:42:00+00:00,0.765,0.008,False,False,False,False,v,False,NOAA CO-OPS 8720218 water_level datum=NAVD units=metric tz=gmt interval=6
2022-09-25 12:48:00+00:00,0.767,0.009,False,False,False,False,v,False,NOAA CO-OPS 8720218 water_level datum=NAVD units=metric tz=gmt interval=6
2022-09-25 12:54:00+00:00,0.78,0.008,False,False,False,False,v,False,NOAA CO-OPS 8720218 water_level datum=NAVD units=metric tz=gmt interval=6
2022-09-25 13:00:00+00:00,0.787,0.007,False,False,False,False,v,False,NOAA CO-OPS 8720218 water_level datum=NAVD units=metric tz=gmt interval=6
2022-09-25 13:06:00+00:00,0.798,0.009,False,False,False,False,v,False,NOAA CO-OPS 8720218 water_level datum=NAVD units=metric tz=gmt interval=6
2022-09-25 13:12:00+00:00,0.797,0.008,False,False,False,False,v,False,NOAA CO-OPS 8720218 water_level datum=NAVD units=metric tz=gmt interval=6
2022-09-25 13:18:00+00:00,0.793,0.008,False,False,False,False,v,False,NOAA CO-OPS 8720218 water_level datum=NAVD units=metric tz=gmt interval=6
2022-09-25 13:24:00+00:00,0.793,0.007,False,False,False,False,v,False,NOAA CO-OPS 8720218 water_level datum=NAVD units=metric tz=gmt interval=6
2022-09-25 13:30:00+00:00,0.794,0.007,False,False,False,False,v,False,NOAA CO-OPS 8720218 water_level datum=NAVD units=metric tz=gmt interval=6
2022-09-25 13:36:00+00:00,0.787,0.006,False,False,False,False,v,False,NOAA CO-OPS 8720218 water_level datum=NAVD units=metric tz=gmt interval=6
2022-09-25 13:42:00+00:00,0.778,0.006,False,False,False,False,v,False,NOAA CO-OPS 8720218 water_level datum=NAVD units=metric tz=gmt interval=6
2022-09-25 13:48:00+00:00,0.768,0.007,False,False,False,False,v,False,NOAA CO-OPS 8720218 water_level datum=NAVD units=metric tz=gmt interval=6
2022-09-25 13:54:00+00:00,0.761,0.005,False,False,False,False,v,False,NOAA CO-OPS 8720218 water_level datum=NAVD units=metric tz=gmt interval=6
2022-09-25 14:00:00+00:00,0.755,0.006,False,False,False,False,v,False,NOAA CO-OPS 8720218 water_level datum=NAVD units=metric tz=gmt interval=6
2022-09-25 14:06:00+00:00,0.744,0.005,False,False,False,False,v,False,NOAA CO-OPS 8720218 water_level datum=NAVD units=metric tz=gmt interval=6
2022-09-25 14:12:00+00:00,0.735,0.007,False,False,False,False,v,False,NOAA CO-OPS 8720218 water_level datum=NAVD units=metric tz=gmt interval=6
2022-09-25 14:18:00+00:00,0.717,0.007,False,False,False,False,v,False,NOAA CO-OPS 8720218 water_level datum=NAVD units=metric tz=gmt interval=6
2022-09-25 14:24:00+00:00,0.691,0.006,False,False,False,False,v,False,NOAA CO-OPS 8720218 water_level datum=NAVD units=metric tz=gmt interval=6
2022-09-25 14:30:00+00:00,0.669,0.007,False,False,False,False,v,False,NOAA CO-OPS 8720218 water_level datum=NAVD units=metric tz=gmt interval=6
2022-09-25 14:36:00+00:00,0.639,0.005,False,False,False,False,v,False,NOAA CO-OPS 8720218 water_level datum=NAVD units=metric tz=gmt interval=6
2022-09-25 14:42:00+00:00,0.62,0.008,False,False,False,False,v,False,NOAA CO-OPS 8720218 water_level datum=NAVD units=metric tz=gmt interval=6
2022-09-25 14:48:00+00:00,0.573,0.016,False,False,False,False,v,False,NOAA CO-OPS 8720218 water_level datum=NAVD units=metric tz=gmt interval=6
2022-09-25 14:54:00+00:00,0.562,0.006,False,False,False,False,v,False,NOAA CO-OPS 8720218 water_level datum=NAVD units=metric tz=gmt interval=6
2022-09-25 15:00:00+00:00,0.526,0.005,False,False,False,False,v,False,NOAA CO-OPS 8720218 water_level datum=NAVD units=metric tz=gmt interval=6
2022-09-25 15:06:00+00:00,0.492,0.008,False,False,False,False,v,False,NOAA CO-OPS 8720218 water_level datum=NAVD units=metric tz=gmt interval=6
2022-09-25 15:12:00+00:00,0.449,0.015,False,False,False,False,v,False,NOAA CO-OPS 8720218 water_level datum=NAVD units=metric tz=gmt interval=6
2022-09-25 15:18:00+00:00,0.422,0.008,False,False,False,False,v,False,NOAA CO-OPS 8720218 water_level datum=NAVD units=metric tz=gmt interval=6
2022-09-25 15:24:00+00:00,0.391,0.009,False,False,False,False,v,False,NOAA CO-OPS 8720218 water_level datum=NAVD units=metric tz=gmt interval=6
2022-09-25 15:30:00+00:00,0.342,0.008,False,False,False,False,v,False,NOAA CO-OPS 8720218 water_level datum=NAVD units=metric tz=gmt interval=6
2022-09-25 15:36:00+00:00,0.305,0.01,False,False,False,False,v,False,NOAA CO-OPS 8720218 water_level datum=NAVD units=metric tz=gmt interval=6
2022-09-25 15:42:00+00:00,0.26,0.021,False,False,False,False,v,False,NOAA CO-OPS 8720218 water_level datum=NAVD units=metric tz=gmt interval=6
2022-09-25 15:48:00+00:00,0.212,0.015,False,False,False,False,v,False,NOAA CO-OPS 8720218 water_level datum=NAVD units=metric tz=gmt interval=6
2022-09-25 15:54:00+00:00,0.179,0.008,False,False,False,False,v,False,NOAA CO-OPS 8720218 water_level datum=NAVD units=metric tz=gmt interval=6
2022-09-25 16:00:00+00:00,0.132,0.008,False,False,False,False,v,False,NOAA CO-OPS 8720218 water_level datum=NAVD units=metric tz=gmt interval=6
2022-09-25 16:06:00+00:00,0.08,0.012,False,False,False,False,v,False,NOAA CO-OPS 8720218 water_level datum=NAVD units=metric tz=gmt interval=6
2022-09-25 16:12:00+00:00,0.042,0.007,False,False,False,False,v,False,NOAA CO-OPS 8720218 water_level datum=NAVD units=metric tz=gmt interval=6
2022-09-25 16:18:00+00:00,0.005,0.008,False,False,False,False,v,False,NOAA CO-OPS 8720218 water_level datum=NAVD units=metric tz=gmt interval=6
2022-09-25 16:24:00+00:00,-0.039,0.01,False,False,False,False,v,False,NOAA CO-OPS 8720218 water_level datum=NAVD units=metric tz=gmt interval=6
2022-09-25 16:30:00+00:00,-0.086,0.012,False,False,False,False,v,False,NOAA CO-OPS 8720218 water_level datum=NAVD units=metric tz=gmt interval=6
2022-09-25 16:36:00+00:00,-0.119,0.01,False,False,False,False,v,False,NOAA CO-OPS 8720218 water_level datum=NAVD units=metric tz=gmt interval=6
2022-09-25 16:42:00+00:00,-0.141,0.008,False,False,False,False,v,False,NOAA CO-OPS 8720218 water_level datum=NAVD units=metric tz=gmt interval=6
2022-09-25 16:48:00+00:00,-0.17,0.012,False,False,False,False,v,False,NOAA CO-OPS 8720218 water_level datum=NAVD units=metric tz=gmt interval=6
2022-09-25 16:54:00+00:00,-0.205,0.009,False,False,False,False,v,False,NOAA CO-OPS 8720218 water_level datum=NAVD units=metric tz=gmt interval=6
2022-09-25 17:00:00+00:00,-0.241,0.012,False,False,False,False,v,False,NOAA CO-OPS 8720218 water_level datum=NAVD units=metric tz=gmt interval=6
2022-09-25 17:06:00+00:00,-0.277,0.015,False,False,False,False,v,False,NOAA CO-OPS 8720218 water_level datum=NAVD units=metric tz=gmt interval=6
2022-09-25 17:12:00+00:00,-0.309,0.008,False,False,False,False,v,False,NOAA CO-OPS 8720218 water_level datum=NAVD units=metric tz=gmt interval=6
2022-09-25 17:18:00+00:00,-0.335,0.009,False,False,False,False,v,False,NOAA CO-OPS 8720218 water_level datum=NAVD units=metric tz=gmt interval=6
2022-09-25 17:24:00+00:00,-0.362,0.009,False,False,False,False,v,False,NOAA CO-OPS 8720218 water_level datum=NAVD units=metric tz=gmt interval=6
2022-09-25 17:30:00+00:00,-0.386,0.014,False,False,False,False,v,False,NOAA CO-OPS 8720218 water_level datum=NAVD units=metric tz=gmt interval=6
2022-09-25 17:36:00+00:00,-0.413,0.008,False,False,False,False,v,False,NOAA CO-OPS 8720218 water_level datum=NAVD units=metric tz=gmt interval=6
2022-09-25 17:42:00+00:00,-0.429,0.015,False,False,False,False,v,False,NOAA CO-OPS 8720218 water_level datum=NAVD units=metric tz=gmt interval=6
2022-09-25 17:48:00+00:00,-0.437,0.018,False,False,False,False,v,False,NOAA CO-OPS 8720218 water_level datum=NAVD units=metric tz=gmt interval=6
2022-09-25 17:54:00+00:00,-0.454,0.018,False,False,False,False,v,False,NOAA CO-OPS 8720218 water_level datum=NAVD units=metric tz=gmt interval=6
2022-09-25 18:00:00+00:00,-0.472,0.014,False,False,False,False,v,False,NOAA CO-OPS 8720218 water_level datum=NAVD units=metric tz=gmt interval=6
2022-09-25 18:06:00+00:00,-0.489,0.012,False,False,False,False,v,False,NOAA CO-OPS 8720218 water_level datum=NAVD units=metric tz=gmt interval=6
2022-09-25 18:12:00+00:00,-0.501,0.01,False,False,False,False,v,False,NOAA CO-OPS 8720218 water_level datum=NAVD units=metric tz=gmt interval=6
2022-09-25 18:18:00+00:00,-0.516,0.012,False,False,False,False,v,False,NOAA CO-OPS 8720218 water_level datum=NAVD units=metric tz=gmt interval=6
2022-09-25 18:24:00+00:00,-0.532,0.01,False,False,False,False,v,False,NOAA CO-OPS 8720218 water_level datum=NAVD units=metric tz=gmt interval=6
2022-09-25 18:30:00+00:00,-0.549,0.015,False,False,False,False,v,False,NOAA CO-OPS 8720218 water_level datum=NAVD units=metric tz=gmt interval=6
2022-09-25 18:36:00+00:00,-0.556,0.011,False,False,False,False,v,False,NOAA CO-OPS 8720218 water_level datum=NAVD units=metric tz=gmt interval=6
2022-09-25 18:42:00+00:00,-0.554,0.012,False,False,False,False,v,False,NOAA CO-OPS 8720218 water_level datum=NAVD units=metric tz=gmt interval=6
2022-09-25 18:48:00+00:00,-0.557,0.011,False,False,False,False,v,False,NOAA CO-OPS 8720218 water_level datum=NAVD units=metric tz=gmt interval=6
2022-09-25 18:54:00+00:00,-0.565,0.007,False,False,False,False,v,False,NOAA CO-OPS 8720218 water_level datum=NAVD units=metric tz=gmt interval=6
2022-09-25 19:00:00+00:00,-0.575,0.012,False,False,False,False,v,False,NOAA CO-OPS 8720218 water_level datum=NAVD units=metric tz=gmt interval=6
2022-09-25 19:06:00+00:00,-0.579,0.011,False,False,False,False,v,False,NOAA CO-OPS 8720218 water_level datum=NAVD units=metric tz=gmt interval=6
2022-09-25 19:12:00+00:00,-0.576,0.01,False,False,False,False,v,False,NOAA CO-OPS 8720218 water_level datum=NAVD units=metric tz=gmt interval=6
2022-09-25 19:18:00+00:00,-0.574,0.008,False,False,False,False,v,False,NOAA CO-OPS 8720218 water_level datum=NAVD units=metric tz=gmt interval=6
2022-09-25 19:24:00+00:00,-0.571,0.008,False,False,False,False,v,False,NOAA CO-OPS 8720218 water_level datum=NAVD units=metric tz=gmt interval=6
2022-09-25 19:30:00+00:00,-0.561,0.007,False,False,False,False,v,False,NOAA CO-OPS 8720218 water_level datum=NAVD units=metric tz=gmt interval=6
2022-09-25 19:36:00+00:00,-0.554,0.008,False,False,False,False,v,False,NOAA CO-OPS 8720218 water_level datum=NAVD units=metric tz=gmt interval=6
2022-09-25 19:42:00+00:00,-0.544,0.007,False,False,False,False,v,False,NOAA CO-OPS 8720218 water_level datum=NAVD units=metric tz=gmt interval=6
2022-09-25 19:48:00+00:00,-0.529,0.007,False,False,False,False,v,False,NOAA CO-OPS 8720218 water_level datum=NAVD units=metric tz=gmt interval=6
2022-09-25 19:54:00+00:00,-0.5,0.007,False,False,False,False,v,False,NOAA CO-OPS 8720218 water_level datum=NAVD units=metric tz=gmt interval=6
2022-09-25 20:00:00+00:00,-0.48,0.017,False,False,False,False,v,False,NOAA CO-OPS 8720218 water_level datum=NAVD units=metric tz=gmt interval=6
2022-09-25 20:06:00+00:00,-0.451,0.006,False,False,False,False,v,False,NOAA CO-OPS 8720218 water_level datum=NAVD units=metric tz=gmt interval=6
2022-09-25 20:12:00+00:00,-0.42,0.009,False,False,False,False,v,False,NOAA CO-OPS 8720218 water_level datum=NAVD units=metric tz=gmt interval=6
2022-09-25 20:18:00+00:00,-0.403,0.012,False,False,False,False,v,False,NOAA CO-OPS 8720218 water_level datum=NAVD units=metric tz=gmt interval=6
2022-09-25 20:24:00+00:00,-0.346,0.018,False,False,False,False,v,False,NOAA CO-OPS 8720218 water_level datum=NAVD units=metric tz=gmt interval=6
2022-09-25 20:30:00+00:00,-0.327,0.01,False,False,False,False,v,False,NOAA CO-OPS 8720218 water_level datum=NAVD units=metric tz=gmt interval=6
2022-09-25 20:36:00+00:00,-0.318,0.009,False,False,False,False,v,False,NOAA CO-OPS 8720218 water_level datum=NAVD units=metric tz=gmt interval=6
2022-09-25 20:42:00+00:00,-0.279,0.009,False,False,False,False,v,False,NOAA CO-OPS 8720218 water_level datum=NAVD units=metric tz=gmt interval=6
2022-09-25 20:48:00+00:00,-0.241,0.011,False,False,False,False,v,False,NOAA CO-OPS 8720218 water_level datum=NAVD units=metric tz=gmt interval=6
2022-09-25 20:54:00+00:00,-0.199,0.007,False,False,False,False,v,False,NOAA CO-OPS 8720218 water_level datum=NAVD units=metric tz=gmt interval=6
2022-09-25 21:00:00+00:00,-0.154,0.008,False,False,False,False,v,False,NOAA CO-OPS 8720218 water_level datum=NAVD units=metric tz=gmt interval=6
2022-09-25 21:06:00+00:00,-0.115,0.006,False,False,False,False,v,False,NOAA CO-OPS 8720218 water_level datum=NAVD units=metric tz=gmt interval=6
2022-09-25 21:12:00+00:00,-0.087,0.006,False,False,False,False,v,False,NOAA CO-OPS 8720218 water_level datum=NAVD units=metric tz=gmt interval=6
2022-09-25 21:18:00+00:00,-0.043,0.007,False,False,False,False,v,False,NOAA CO-OPS 8720218 water_level datum=NAVD units=metric tz=gmt interval=6
2022-09-25 21:24:00+00:00,-0.005,0.007,False,False,False,False,v,False,NOAA CO-OPS 8720218 water_level datum=NAVD units=metric tz=gmt interval=6
2022-09-25 21:30:00+00:00,0.037,0.011,False,False,False,False,v,False,NOAA CO-OPS 8720218 water_level datum=NAVD units=metric tz=gmt interval=6
2022-09-25 21:36:00+00:00,0.069,0.013,False,False,False,False,v,False,NOAA CO-OPS 8720218 water_level datum=NAVD units=metric tz=gmt interval=6
2022-09-25 21:42:00+00:00,0.093,0.018,False,False,False,False,v,False,NOAA CO-OPS 8720218 water_level datum=NAVD units=metric tz=gmt interval=6
2022-09-25 21:48:00+00:00,0.143,0.009,False,False,False,False,v,False,NOAA CO-OPS 8720218 water_level datum=NAVD units=metric tz=gmt interval=6
2022-09-25 21:54:00+00:00,0.189,0.007,False,False,False,False,v,False,NOAA CO-OPS 8720218 water_level datum=NAVD units=metric tz=gmt interval=6
2022-09-25 22:00:00+00:00,0.221,0.009,False,False,False,False,v,False,NOAA CO-OPS 8720218 water_level datum=NAVD units=metric tz=gmt interval=6
2022-09-25 22:06:00+00:00,0.253,0.01,False,False,False,False,v,False,NOAA CO-OPS 8720218 water_level datum=NAVD units=metric tz=gmt interval=6
2022-09-25 22:12:00+00:00,0.285,0.01,False,False,False,False,v,False,NOAA CO-OPS 8720218 water_level datum=NAVD units=metric tz=gmt interval=6
2022-09-25 22:18:00+00:00,0.323,0.011,False,False,False,False,v,False,NOAA CO-OPS 8720218 water_level datum=NAVD units=metric tz=gmt interval=6
2022-09-25 22:24:00+00:00,0.357,0.007,False,False,False,False,v,False,NOAA CO-OPS 8720218 water_level datum=NAVD units=metric tz=gmt interval=6
2022-09-25 22:30:00+00:00,0.381,0.01,False,False,False,False,v,False,NOAA CO-OPS 8720218 water_level datum=NAVD units=metric tz=gmt interval=6
2022-09-25 22:36:00+00:00,0.411,0.014,False,False,False,False,v,False,NOAA CO-OPS 8720218 water_level datum=NAVD units=metric tz=gmt interval=6
2022-09-25 22:42:00+00:00,0.441,0.011,False,False,False,False,v,False,NOAA CO-OPS 8720218 water_level datum=NAVD units=metric tz=gmt interval=6
2022-09-25 22:48:00+00:00,0.467,0.009,False,False,False,False,v,False,NOAA CO-OPS 8720218 water_level datum=NAVD units=metric tz=gmt interval=6
2022-09-25 22:54:00+00:00,0.473,0.013,False,False,False,False,v,False,NOAA CO-OPS 8720218 water_level datum=NAVD units=metric tz=gmt interval=6
2022-09-25 23:00:00+00:00,0.508,0.009,False,False,False,False,v,False,NOAA CO-OPS 8720218 water_level datum=NAVD units=metric tz=gmt interval=6
2022-09-25 23:06:00+00:00,0.54,0.008,False,False,False,False,v,False,NOAA CO-OPS 8720218 water_level datum=NAVD units=metric tz=gmt interval=6
2022-09-25 23:12:00+00:00,0.576,0.011,False,False,False,False,v,False,NOAA CO-OPS 8720218 water_level datum=NAVD units=metric tz=gmt interval=6
2022-09-25 23:18:00+00:00,0.6,0.009,False,False,False,False,v,False,NOAA CO-OPS 8720218 water_level datum=NAVD units=metric tz=gmt interval=6
2022-09-25 23:24:00+00:00,0.617,0.006,False,False,False,False,v,False,NOAA CO-OPS 8720218 water_level datum=NAVD units=metric tz=gmt interval=6
2022-09-25 23:30:00+00:00,0.63,0.008,False,False,False,False,v,False,NOAA CO-OPS 8720218 water_level datum=NAVD units=metric tz=gmt interval=6
2022-09-25 23:36:00+00:00,0.657,0.01,False,False,False,False,v,False,NOAA CO-OPS 8720218 water_level datum=NAVD units=metric tz=gmt interval=6
2022-09-25 23:42:00+00:00,0.677,0.009,False,False,False,False,v,False,NOAA CO-OPS 8720218 water_level datum=NAVD units=metric tz=gmt interval=6
2022-09-25 23:48:00+00:00,0.697,0.008,False,False,False,False,v,False,NOAA CO-OPS 8720218 water_level datum=NAVD units=metric tz=gmt interval=6
2022-09-25 23:54:00+00:00,0.706,0.01,False,False,False,False,v,False,NOAA CO-OPS 8720218 water_level datum=NAVD units=metric tz=gmt interval=6
2022-09-26 00:00:00+00:00,0.732,0.01,False,False,False,False,v,False,NOAA CO-OPS 8720218 water_level datum=NAVD units=metric tz=gmt interval=6
2022-09-26 00:06:00+00:00,0.751,0.009,False,False,False,False,v,False,NOAA CO-OPS 8720218 water_level datum=NAVD units=metric tz=gmt interval=6
2022-09-26 00:12:00+00:00,0.775,0.01,False,False,False,False,v,False,NOAA CO-OPS 8720218 water_level datum=NAVD units=metric tz=gmt interval=6
2022-09-26 00:18:00+00:00,0.8,0.01,False,False,False,False,v,False,NOAA CO-OPS 8720218 water_level datum=NAVD units=metric tz=gmt interval=6
2022-09-26 00:24:00+00:00,0.818,0.008,False,False,False,False,v,False,NOAA CO-OPS 8720218 water_level datum=NAVD units=metric tz=gmt interval=6
2022-09-26 00:30:00+00:00,0.828,0.008,False,False,False,False,v,False,NOAA CO-OPS 8720218 water_level datum=NAVD units=metric tz=gmt interval=6
2022-09-26 00:36:00+00:00,0.837,0.007,False,False,False,False,v,False,NOAA CO-OPS 8720218 water_level datum=NAVD units=metric tz=gmt interval=6
2022-09-26 00:42:00+00:00,0.851,0.008,False,False,False,False,v,False,NOAA CO-OPS 8720218 water_level datum=NAVD units=metric tz=gmt interval=6
2022-09-26 00:48:00+00:00,0.87,0.007,False,False,False,False,v,False,NOAA CO-OPS 8720218 water_level datum=NAVD units=metric tz=gmt interval=6
2022-09-26 00:54:00+00:00,0.886,0.012,False,False,False,False,v,False,NOAA CO-OPS 8720218 water_level datum=NAVD units=metric tz=gmt interval=6
2022-09-26 01:00:00+00:00,0.904,0.01,False,False,False,False,v,False,NOAA CO-OPS 8720218 water_level datum=NAVD units=metric tz=gmt interval=6
2022-09-26 01:06:00+00:00,0.871,0.025,False,False,False,False,v,False,NOAA CO-OPS 8720218 water_level datum=NAVD units=metric tz=gmt interval=6
2022-09-26 01:12:00+00:00,0.897,0.015,False,False,False,False,v,False,NOAA CO-OPS 8720218 water_level datum=NAVD units=metric tz=gmt interval=6
2022-09-26 01:18:00+00:00,0.896,0.008,False,False,False,False,v,False,NOAA CO-OPS 8720218 water_level datum=NAVD units=metric tz=gmt interval=6
2022-09-26 01:24:00+00:00,0.898,0.012,False,False,False,False,v,False,NOAA CO-OPS 8720218 water_level datum=NAVD units=metric tz=gmt interval=6
2022-09-26 01:30:00+00:00,0.898,0.009,False,False,False,False,v,False,NOAA CO-OPS 8720218 water_level datum=NAVD units=metric tz=gmt interval=6
2022-09-26 01:36:00+00:00,0.893,0.009,False,False,False,False,v,False,NOAA CO-OPS 8720218 water_level datum=NAVD units=metric tz=gmt interval=6
2022-09-26 01:42:00+00:00,0.888,0.009,False,False,False,False,v,False,NOAA CO-OPS 8720218 water_level datum=NAVD units=metric tz=gmt interval=6
2022-09-26 01:48:00+00:00,0.863,0.007,False,False,False,False,v,False,NOAA CO-OPS 8720218 water_level datum=NAVD units=metric tz=gmt interval=6
2022-09-26 01:54:00+00:00,0.869,0.01,False,False,False,False,v,False,NOAA CO-OPS 8720218 water_level datum=NAVD units=metric tz=gmt interval=6
2022-09-26 02:00:00+00:00,0.853,0.008,False,False,False,False,v,False,NOAA CO-OPS 8720218 water_level datum=NAVD units=metric tz=gmt interval=6
2022-09-26 02:06:00+00:00,0.842,0.012,False,False,False,False,v,False,NOAA CO-OPS 8720218 water_level datum=NAVD units=metric tz=gmt interval=6
2022-09-26 02:12:00+00:00,0.823,0.006,False,False,False,False,v,False,NOAA CO-OPS 8720218 water_level datum=NAVD units=metric tz=gmt interval=6
2022-09-26 02:18:00+00:00,0.813,0.005,False,False,False,False,v,False,NOAA CO-OPS 8720218 water_level datum=NAVD units=metric tz=gmt interval=6
2022-09-26 02:24:00+00:00,0.794,0.004,False,False,False,False,v,False,NOAA CO-OPS 8720218 water_level datum=NAVD units=metric tz=gmt interval=6
2022-09-26 02:30:00+00:00,0.77,0.005,False,False,False,False,v,False,NOAA CO-OPS 8720218 water_level datum=NAVD units=metric tz=gmt interval=6
2022-09-26 02:36:00+00:00,0.747,0.004,False,False,False,False,v,False,NOAA CO-OPS 8720218 water_level datum=NAVD units=metric tz=gmt interval=6
2022-09-26 02:42:00+00:00,0.735,0.005,False,False,False,False,v,False,NOAA CO-OPS 8720218 water_level datum=NAVD units=metric tz=gmt interval=6
2022-09-26 02:48:00+00:00,0.708,0.006,False,False,False,False,v,False,NOAA CO-OPS 8720218 water_level datum=NAVD units=metric tz=gmt interval=6
2022-09-26 02:54:00+00:00,0.67,0.006,False,False,False,False,v,False,NOAA CO-OPS 8720218 water_level datum=NAVD units=metric tz=gmt interval=6
2022-09-26 03:00:00+00:00,0.631,0.005,False,False,False,False,v,False,NOAA CO-OPS 8720218 water_level datum=NAVD units=metric tz=gmt interval=6
2022-09-26 03:06:00+00:00,0.601,0.004,False,False,False,False,v,False,NOAA CO-OPS 8720218 water_level datum=NAVD units=metric tz=gmt interval=6
2022-09-26 03:12:00+00:00,0.569,0.007,False,False,False,False,v,False,NOAA CO-OPS 8720218 water_level datum=NAVD units=metric tz=gmt interval=6
2022-09-26 03:18:00+00:00,0.526,0.007,False,False,False,False,v,False,NOAA CO-OPS 8720218 water_level datum=NAVD units=metric tz=gmt interval=6
2022-09-26 03:24:00+00:00,0.478,0.006,False,False,False,False,v,False,NOAA CO-OPS 8720218 water_level datum=NAVD units=metric tz=gmt interval=6
2022-09-26 03:30:00+00:00,0.441,0.006,False,False,False,False,v,False,NOAA CO-OPS 8720218 water_level datum=NAVD units=metric tz=gmt interval=6
2022-09-26 03:36:00+00:00,0.401,0.007,False,False,False,False,v,False,NOAA CO-OPS 8720218 water_level datum=NAVD units=metric tz=gmt interval=6
2022-09-26 03:42:00+00:00,0.352,0.008,False,False,False,False,v,False,NOAA CO-OPS 8720218 water_level datum=NAVD units=metric tz=gmt interval=6
2022-09-26 03:48:00+00:00,0.304,0.007,False,False,False,False,v,False,NOAA CO-OPS 8720218 water_level datum=NAVD units=metric tz=gmt interval=6
2022-09-26 03:54:00+00:00,0.25,0.009,False,False,False,False,v,False,NOAA CO-OPS 8720218 water_level datum=NAVD units=metric tz=gmt interval=6
2022-09-26 04:00:00+00:00,0.19,0.008,False,False,False,False,v,False,NOAA CO-OPS 8720218 water_level datum=NAVD units=metric tz=gmt interval=6
2022-09-26 04:06:00+00:00,0.144,0.008,False,False,False,False,v,False,NOAA CO-OPS 8720218 water_level datum=NAVD units=metric tz=gmt interval=6
2022-09-26 04:12:00+00:00,0.104,0.006,False,False,False,False,v,False,NOAA CO-OPS 8720218 water_level datum=NAVD units=metric tz=gmt interval=6
2022-09-26 04:18:00+00:00,0.061,0.007,False,False,False,False,v,False,NOAA CO-OPS 8720218 water_level datum=NAVD units=metric tz=gmt interval=6
2022-09-26 04:24:00+00:00,0.019,0.008,False,False,False,False,v,False,NOAA CO-OPS 8720218 water_level datum=NAVD units=metric tz=gmt interval=6
2022-09-26 04:30:00+00:00,-0.027,0.01,False,False,False,False,v,False,NOAA CO-OPS 8720218 water_level datum=NAVD units=metric tz=gmt interval=6
2022-09-26 04:36:00+00:00,-0.071,0.009,False,False,False,False,v,False,NOAA CO-OPS 8720218 water_level datum=NAVD units=metric tz=gmt interval=6
2022-09-26 04:42:00+00:00,-0.115,0.009,False,False,False,False,v,False,NOAA CO-OPS 8720218 water_level datum=NAVD units=metric tz=gmt interval=6
2022-09-26 04:48:00+00:00,-0.158,0.008,False,False,False,False,v,False,NOAA CO-OPS 8720218 water_level datum=NAVD units=metric tz=gmt interval=6
2022-09-26 04:54:00+00:00,-0.201,0.007,False,False,False,False,v,False,NOAA CO-OPS 8720218 water_level datum=NAVD units=metric tz=gmt interval=6
2022-09-26 05:00:00+00:00,-0.233,0.007,False,False,False,False,v,False,NOAA CO-OPS 8720218 water_level datum=NAVD units=metric tz=gmt interval=6
2022-09-26 05:06:00+00:00,-0.258,0.007,False,False,False,False,v,False,NOAA CO-OPS 8720218 water_level datum=NAVD units=metric tz=gmt interval=6
2022-09-26 05:12:00+00:00,-0.29,0.008,False,False,False,False,v,False,NOAA CO-OPS 8720218 water_level datum=NAVD units=metric tz=gmt interval=6
2022-09-26 05:18:00+00:00,-0.332,0.007,False,False,False,False,v,False,NOAA CO-OPS 8720218 water_level datum=NAVD units=metric tz=gmt interval=6
2022-09-26 05:24:00+00:00,-0.362,0.006,False,False,False,False,v,False,NOAA CO-OPS 8720218 water_level datum=NAVD units=metric tz=gmt interval=6
2022-09-26 05:30:00+00:00,-0.379,0.005,False,False,False,False,v,False,NOAA CO-OPS 8720218 water_level datum=NAVD units=metric tz=gmt interval=6
2022-09-26 05:36:00+00:00,-0.402,0.005,False,False,False,False,v,False,NOAA CO-OPS 8720218 water_level datum=NAVD units=metric tz=gmt interval=6
2022-09-26 05:42:00+00:00,-0.429,0.006,False,False,False,False,v,False,NOAA CO-OPS 8720218 water_level datum=NAVD units=metric tz=gmt interval=6
2022-09-26 05:48:00+00:00,-0.457,0.005,False,False,False,False,v,False,NOAA CO-OPS 8720218 water_level datum=NAVD units=metric tz=gmt interval=6
2022-09-26 05:54:00+00:00,-0.479,0.006,False,False,False,False,v,False,NOAA CO-OPS 8720218 water_level datum=NAVD units=metric tz=gmt interval=6
2022-09-26 06:00:00+00:00,-0.499,0.005,False,False,False,False,v,False,NOAA CO-OPS 8720218 water_level datum=NAVD units=metric tz=gmt interval=6
2022-09-26 06:06:00+00:00,-0.508,0.005,False,False,False,False,v,False,NOAA CO-OPS 8720218 water_level datum=NAVD units=metric tz=gmt interval=6
2022-09-26 06:12:00+00:00,-0.521,0.005,False,False,False,False,v,False,NOAA CO-OPS 8720218 water_level datum=NAVD units=metric tz=gmt interval=6
2022-09-26 06:18:00+00:00,-0.534,0.007,False,False,False,False,v,False,NOAA CO-OPS 8720218 water_level datum=NAVD units=metric tz=gmt interval=6
2022-09-26 06:24:00+00:00,-0.548,0.006,False,False,False,False,v,False,NOAA CO-OPS 8720218 water_level datum=NAVD units=metric tz=gmt interval=6
2022-09-26 06:30:00+00:00,-0.583,0.007,False,False,False,False,v,False,NOAA CO-OPS 8720218 water_level datum=NAVD units=metric tz=gmt interval=6
2022-09-26 06:36:00+00:00,-0.593,0.006,False,False,False,False,v,False,NOAA CO-OPS 8720218 water_level datum=NAVD units=metric tz=gmt interval=6
2022-09-26 06:42:00+00:00,-0.596,0.006,False,False,False,False,v,False,NOAA CO-OPS 8720218 water_level datum=NAVD units=metric tz=gmt interval=6
2022-09-26 06:48:00+00:00,-0.588,0.007,False,False,False,False,v,False,NOAA CO-OPS 8720218 water_level datum=NAVD units=metric tz=gmt interval=6
2022-09-26 06:54:00+00:00,-0.592,0.006,False,False,False,False,v,False,NOAA CO-OPS 8720218 water_level datum=NAVD units=metric tz=gmt interval=6
2022-09-26 07:00:00+00:00,-0.609,0.004,False,False,False,False,v,False,NOAA CO-OPS 8720218 water_level datum=NAVD units=metric tz=gmt interval=6
2022-09-26 07:06:00+00:00,-0.611,0.008,False,False,False,False,v,False,NOAA CO-OPS 8720218 water_level datum=NAVD units=metric tz=gmt interval=6
2022-09-26 07:12:00+00:00,-0.613,0.006,False,False,False,False,v,False,NOAA CO-OPS 8720218 water_level datum=NAVD units=metric tz=gmt interval=6
2022-09-26 07:18:00+00:00,-0.609,0.006,False,False,False,False,v,False,NOAA CO-OPS 8720218 water_level datum=NAVD units=metric tz=gmt interval=6
2022-09-26 07:24:00+00:00,-0.604,0.006,False,False,False,False,v,False,NOAA CO-OPS 8720218 water_level datum=NAVD units=metric tz=gmt interval=6
2022-09-26 07:30:00+00:00,-0.594,0.008,False,False,False,False,v,False,NOAA CO-OPS 8720218 water_level datum=NAVD units=metric tz=gmt interval=6
2022-09-26 07:36:00+00:00,-0.583,0.007,False,False,False,False,v,False,NOAA CO-OPS 8720218 water_level datum=NAVD units=metric tz=gmt interval=6
2022-09-26 07:42:00+00:00,-0.568,0.007,False,False,False,False,v,False,NOAA CO-OPS 8720218 water_level datum=NAVD units=metric tz=gmt interval=6
2022-09-26 07:48:00+00:00,-0.545,0.008,False,False,False,False,v,False,NOAA CO-OPS 8720218 water_level datum=NAVD units=metric tz=gmt interval=6
2022-09-26 07:54:00+00:00,-0.527,0.006,False,False,False,False,v,False,NOAA CO-OPS 8720218 water_level datum=NAVD units=metric tz=gmt interval=6
2022-09-26 08:00:00+00:00,-0.517,0.009,False,False,False,False,v,False,NOAA CO-OPS 8720218 water_level datum=NAVD units=metric tz=gmt interval=6
2022-09-26 08:06:00+00:00,-0.501,0.007,False,False,False,False,v,False,NOAA CO-OPS 8720218 water_level datum=NAVD units=metric tz=gmt interval=6
2022-09-26 08:12:00+00:00,-0.468,0.007,False,False,False,False,v,False,NOAA CO-OPS 8720218 water_level datum=NAVD units=metric tz=gmt interval=6
2022-09-26 08:18:00+00:00,-0.427,0.007,False,False,False,False,v,False,NOAA CO-OPS 8720218 water_level datum=NAVD units=metric tz=gmt interval=6
2022-09-26 08:24:00+00:00,-0.398,0.005,False,False,False,False,v,False,NOAA CO-OPS 8720218 water_level datum=NAVD units=metric tz=gmt interval=6
2022-09-26 08:30:00+00:00,-0.381,0.006,False,False,False,False,v,False,NOAA CO-OPS 8720218 water_level datum=NAVD units=metric tz=gmt interval=6
2022-09-26 08:36:00+00:00,-0.36,0.006,False,False,False,False,v,False,NOAA CO-OPS 8720218 water_level datum=NAVD units=metric tz=gmt interval=6
2022-09-26 08:42:00+00:00,-0.331,0.007,False,False,False,False,v,False,NOAA CO-OPS 8720218 water_level datum=NAVD units=metric tz=gmt interval=6
2022-09-26 08:48:00+00:00,-0.3,0.006,False,False,False,False,v,False,NOAA CO-OPS 8720218 water_level datum=NAVD units=metric tz=gmt interval=6
2022-09-26 08:54:00+00:00,-0.263,0.007,False,False,False,False,v,False,NOAA CO-OPS 8720218 water_level datum=NAVD units=metric tz=gmt interval=6
2022-09-26 09:00:00+00:00,-0.226,0.007,False,False,False,False,v,False,NOAA CO-OPS 8720218 water_level datum=NAVD units=metric tz=gmt interval=6
2022-09-26 09:06:00+00:00,-0.19,0.006,False,False,False,False,v,False,NOAA CO-OPS 8720218 water_level datum=NAVD units=metric tz=gmt interval=6
2022-09-26 09:12:00+00:00,-0.146,0.006,False,False,False,False,v,False,NOAA CO-OPS 8720218 water_level datum=NAVD units=metric tz=gmt interval=6
2022-09-26 09:18:00+00:00,-0.113,0.007,False,False,False,False,v,False,NOAA CO-OPS 8720218 water_level datum=NAVD units=metric tz=gmt interval=6
2022-09-26 09:24:00+00:00,-0.086,0.006,False,False,False,False,v,False,NOAA CO-OPS 8720218 water_level datum=NAVD units=metric tz=gmt interval=6
2022-09-26 09:30:00+00:00,-0.058,0.006,False,False,False,False,v,False,NOAA CO-OPS 8720218 water_level datum=NAVD units=metric tz=gmt interval=6
2022-09-26 09:36:00+00:00,-0.026,0.006,False,False,False,False,v,False,NOAA CO-OPS 8720218 water_level datum=NAVD units=metric tz=gmt interval=6
2022-09-26 09:42:00+00:00,0.001,0.008,False,False,False,False,v,False,NOAA CO-OPS 8720218 water_level datum=NAVD units=metric tz=gmt interval=6
2022-09-26 09:48:00+00:00,0.038,0.006,False,False,False,False,v,False,NOAA CO-OPS 8720218 water_level datum=NAVD units=metric tz=gmt interval=6
2022-09-26 09:54:00+00:00,0.068,0.006,False,False,False,False,v,False,NOAA CO-OPS 8720218 water_level datum=NAVD units=metric tz=gmt interval=6
2022-09-26 10:00:00+00:00,0.095,0.006,False,False,False,False,v,False,NOAA CO-OPS 8720218 water_level datum=NAVD units=metric tz=gmt interval=6
2022-09-26 10:06:00+00:00,0.13,0.007,False,False,False,False,v,False,NOAA CO-OPS 8720218 water_level datum=NAVD units=metric tz=gmt interval=6
2022-09-26 10:12:00+00:00,0.169,0.006,False,False,False,False,v,False,NOAA CO-OPS 8720218 water_level datum=NAVD units=metric tz=gmt interval=6
2022-09-26 10:18:00+00:00,0.2,0.008,False,False,False,False,v,False,NOAA CO-OPS 8720218 water_level datum=NAVD units=metric tz=gmt interval=6
2022-09-26 10:24:00+00:00,0.224,0.007,False,False,False,False,v,False,NOAA CO-OPS 8720218 water_level datum=NAVD units=metric tz=gmt interval=6
2022-09-26 10:30:00+00:00,0.247,0.009,False,False,False,False,v,False,NOAA CO-OPS 8720218 water_level datum=NAVD units=metric tz=gmt interval=6
2022-09-26 10:36:00+00:00,0.275,0.009,False,False,False,False,v,False,NOAA CO-OPS 8720218 water_level datum=NAVD units=metric tz=gmt interval=6
2022-09-26 10:42:00+00:00,0.296,0.007,False,False,False,False,v,False,NOAA CO-OPS 8720218 water_level datum=NAVD units=metric tz=gmt interval=6
2022-09-26 10:48:00+00:00,0.316,0.005,False,False,False,False,v,False,NOAA CO-OPS 8720218 water_level datum=NAVD units=metric tz=gmt interval=6
2022-09-26 10:54:00+00:00,0.34,0.006,False,False,False,False,v,False,NOAA CO-OPS 8720218 water_level datum=NAVD units=metric tz=gmt interval=6
2022-09-26 11:00:00+00:00,0.368,0.007,False,False,False,False,v,False,NOAA CO-OPS 8720218 water_level datum=NAVD units=metric tz=gmt interval=6
2022-09-26 11:06:00+00:00,0.397,0.007,False,False,False,False,v,False,NOAA CO-OPS 8720218 water_level datum=NAVD units=metric tz=gmt interval=6
2022-09-26 11:12:00+00:00,0.418,0.007,False,False,False,False,v,False,NOAA CO-OPS 8720218 water_level datum=NAVD units=metric tz=gmt interval=6
2022-09-26 11:18:00+00:00,0.45,0.01,False,False,False,False,v,False,NOAA CO-OPS 8720218 water_level datum=NAVD units=metric tz=gmt interval=6
2022-09-26 11:24:00+00:00,0.468,0.006,False,False,False,False,v,False,NOAA CO-OPS 8720218 water_level datum=NAVD units=metric tz=gmt interval=6
2022-09-26 11:30:00+00:00,0.485,0.008,False,False,False,False,v,False,NOAA CO-OPS 8720218 water_level datum=NAVD units=metric tz=gmt interval=6
2022-09-26 11:36:00+00:00,0.514,0.007,False,False,False,False,v,False,NOAA CO-OPS 8720218 water_level datum=NAVD units=metric tz=gmt interval=6
2022-09-26 11:42:00+00:00,0.533,0.008,False,False,False,False,v,False,NOAA CO-OPS 8720218 water_level datum=NAVD units=metric tz=gmt interval=6
2022-09-26 11:48:00+00:00,0.545,0.005,False,False,False,False,v,False,NOAA CO-OPS 8720218 water_level datum=NAVD units=metric tz=gmt interval=6
2022-09-26 11:54:00+00:00,0.558,0.006,False,False,False,False,v,False,NOAA CO-OPS 8720218 water_level datum=NAVD units=metric tz=gmt interval=6
2022-09-26 12:00:00+00:00,0.581,0.009,False,False,False,False,v,False,NOAA CO-OPS 8720218 water_level datum=NAVD units=metric tz=gmt interval=6
2022-09-26 12:06:00+00:00,0.605,0.007,False,False,False,False,v,False,NOAA CO-OPS 8720218 water_level datum=NAVD units=metric tz=gmt interval=6
2022-09-26 12:12:00+00:00,0.624,0.007,False,False,False,False,v,False,NOAA CO-OPS 8720218 water_level datum=NAVD units=metric tz=gmt interval=6
2022-09-26 12:18:00+00:00,0.643,0.005,False,False,False,False,v,False,NOAA CO-OPS 8720218 water_level datum=NAVD units=metric tz=gmt interval=6
2022-09-26 12:24:00+00:00,0.665,0.013,False,False,False,False,v,False,NOAA CO-OPS 8720218 water_level datum=NAVD units=metric tz=gmt interval=6
2022-09-26 12:30:00+00:00,0.675,0.007,False,False,False,False,v,False,NOAA CO-OPS 8720218 water_level datum=NAVD units=metric tz=gmt interval=6
2022-09-26 12:36:00+00:00,0.693,0.008,False,False,False,False,v,False,NOAA CO-OPS 8720218 water_level datum=NAVD units=metric tz=gmt interval=6
2022-09-26 12:42:00+00:00,0.71,0.009,False,False,False,False,v,False,NOAA CO-OPS 8720218 water_level datum=NAVD units=metric tz=gmt interval=6
2022-09-26 12:48:00+00:00,0.723,0.006,False,False,False,False,v,False,NOAA CO-OPS 8720218 water_level datum=NAVD units=metric tz=gmt interval=6
2022-09-26 12:54:00+00:00,0.738,0.008,False,False,False,False,v,False,NOAA CO-OPS 8720218 water_level datum=NAVD units=metric tz=gmt interval=6
2022-09-26 13:00:00+00:00,0.757,0.007,False,False,False,False,v,False,NOAA CO-OPS 8720218 water_level datum=NAVD units=metric tz=gmt interval=6
2022-09-26 13:06:00+00:00,0.766,0.008,False,False,False,False,v,False,NOAA CO-OPS 8720218 water_level datum=NAVD units=metric tz=gmt interval=6
2022-09-26 13:12:00+00:00,0.762,0.008,False,False,False,False,v,False,NOAA CO-OPS 8720218 water_level datum=NAVD units=metric tz=gmt interval=6
2022-09-26 13:18:00+00:00,0.759,0.007,False,False,False,False,v,False,NOAA CO-OPS 8720218 water_level datum=NAVD units=metric tz=gmt interval=6
2022-09-26 13:24:00+00:00,0.777,0.008,False,False,False,False,v,False,NOAA CO-OPS 8720218 water_level datum=NAVD units=metric tz=gmt interval=6
2022-09-26 13:30:00+00:00,0.797,0.007,False,False,False,False,v,False,NOAA CO-OPS 8720218 water_level datum=NAVD units=metric tz=gmt interval=6
2022-09-26 13:36:00+00:00,0.791,0.006,False,False,False,False,v,False,NOAA CO-OPS 8720218 water_level datum=NAVD units=metric tz=gmt interval=6
2022-09-26 13:42:00+00:00,0.797,0.004,False,False,False,False,v,False,NOAA CO-OPS 8720218 water_level datum=NAVD units=metric tz=gmt interval=6
2022-09-26 13:48:00+00:00,0.8,0.004,False,False,False,False,v,False,NOAA CO-OPS 8720218 water_level datum=NAVD units=metric tz=gmt interval=6
2022-09-26 13:54:00+00:00,0.796,0.005,False,False,False,False,v,False,NOAA CO-OPS 8720218 water_level datum=NAVD units=metric tz=gmt interval=6
2022-09-26 14:00:00+00:00,0.783,0.004,False,False,False,False,v,False,NOAA CO-OPS 8720218 water_level datum=NAVD units=metric tz=gmt interval=6
2022-09-26 14:06:00+00:00,0.784,0.004,False,False,False,False,v,False,NOAA CO-OPS 8720218 water_level datum=NAVD units=metric tz=gmt interval=6
2022-09-26 14:12:00+00:00,0.787,0.003,False,False,False,False,v,False,NOAA CO-OPS 8720218 water_level datum=NAVD units=metric tz=gmt interval=6
2022-09-26 14:18:00+00:00,0.785,0.005,False,False,False,False,v,False,NOAA CO-OPS 8720218 water_level datum=NAVD units=metric tz=gmt interval=6
2022-09-26 14:24:00+00:00,0.774,0.005,False,False,False,False,v,False,NOAA CO-OPS 8720218 water_level datum=NAVD units=metric tz=gmt interval=6
2022-09-26 14:30:00+00:00,0.746,0.004,False,False,False,False,v,False,NOAA CO-OPS 8720218 water_level datum=NAVD units=metric tz=gmt interval=6
2022-09-26 14:36:00+00:00,0.734,0.003,False,False,False,False,v,False,NOAA CO-OPS 8720218 water_level datum=NAVD units=metric tz=gmt interval=6
2022-09-26 14:42:00+00:00,0.725,0.004,False,False,False,False,v,False,NOAA CO-OPS 8720218 water_level datum=NAVD units=metric tz=gmt interval=6
2022-09-26 14:48:00+00:00,0.704,0.005,False,False,False,False,v,False,NOAA CO-OPS 8720218 water_level datum=NAVD units=metric tz=gmt interval=6
2022-09-26 14:54:00+00:00,0.689,0.004,False,False,False,False,v,False,NOAA CO-OPS 8720218 water_level datum=NAVD units=metric tz=gmt interval=6
2022-09-26 15:00:00+00:00,0.675,0.007,False,False,False,False,v,False,NOAA CO-OPS 8720218 water_level datum=NAVD units=metric tz=gmt interval=6
2022-09-26 15:06:00+00:00,0.657,0.005,False,False,False,False,v,False,NOAA CO-OPS 8720218 water_level datum=NAVD units=metric tz=gmt interval=6
2022-09-26 15:12:00+00:00,0.637,0.005,False,False,False,False,v,False,NOAA CO-OPS 8720218 water_level datum=NAVD units=metric tz=gmt interval=6
2022-09-26 15:18:00+00:00,0.616,0.005,False,False,False,False,v,False,NOAA CO-OPS 8720218 water_level datum=NAVD units=metric tz=gmt interval=6
2022-09-26 15:24:00+00:00,0.585,0.012,False,False,False,False,v,False,NOAA CO-OPS 8720218 water_level datum=NAVD units=metric tz=gmt interval=6
2022-09-26 15:30:00+00:00,0.528,0.007,False,False,False,False,v,False,NOAA CO-OPS 8720218 water_level datum=NAVD units=metric tz=gmt interval=6
2022-09-26 15:36:00+00:00,0.498,0.01,False,False,False,False,v,False,NOAA CO-OPS 8720218 water_level datum=NAVD units=metric tz=gmt interval=6
2022-09-26 15:42:00+00:00,0.454,0.007,False,False,False,False,v,False,NOAA CO-OPS 8720218 water_level datum=NAVD units=metric tz=gmt interval=6
2022-09-26 15:48:00+00:00,0.412,0.006,False,False,False,False,v,False,NOAA CO-OPS 8720218 water_level datum=NAVD units=metric tz=gmt interval=6
2022-09-26 15:54:00+00:00,0.366,0.015,False,False,False,False,v,False,NOAA CO-OPS 8720218 water_level datum=NAVD units=metric tz=gmt interval=6
2022-09-26 16:00:00+00:00,0.319,0.007,False,False,False,False,v,False,NOAA CO-OPS 8720218 water_level datum=NAVD units=metric tz=gmt interval=6
2022-09-26 16:06:00+00:00,0.271,0.008,False,False,False,False,v,False,NOAA CO-OPS 8720218 water_level datum=NAVD units=metric tz=gmt interval=6
2022-09-26 16:12:00+00:00,0.222,0.008,False,False,False,False,v,False,NOAA CO-OPS 8720218 water_level datum=NAVD units=metric tz=gmt interval=6
2022-09-26 16:18:00+00:00,0.185,0.004,False,False,False,False,v,False,NOAA CO-OPS 8720218 water_level datum=NAVD units=metric tz=gmt interval=6
2022-09-26 16:24:00+00:00,0.151,0.007,False,False,False,False,v,False,NOAA CO-OPS 8720218 water_level datum=NAVD units=metric tz=gmt interval=6
2022-09-26 16:30:00+00:00,0.101,0.009,False,False,False,False,v,False,NOAA CO-OPS 8720218 water_level datum=NAVD units=metric tz=gmt interval=6
2022-09-26 16:36:00+00:00,0.052,0.007,False,False,False,False,v,False,NOAA CO-OPS 8720218 water_level datum=NAVD units=metric tz=gmt interval=6
2022-09-26 16:42:00+00:00,0.024,0.007,False,False,False,False,v,False,NOAA CO-OPS 8720218 water_level datum=NAVD units=metric tz=gmt interval=6
2022-09-26 16:48:00+00:00,-0.009,0.009,False,False,False,False,v,False,NOAA CO-OPS 8720218 water_level datum=NAVD units=metric tz=gmt interval=6
2022-09-26 16:54:00+00:00,-0.047,0.006,False,False,False,False,v,False,NOAA CO-OPS 8720218 water_level datum=NAVD units=metric tz=gmt interval=6
2022-09-26 17:00:00+00:00,-0.088,0.006,False,False,False,False,v,False,NOAA CO-OPS 8720218 water_level datum=NAVD units=metric tz=gmt interval=6
2022-09-26 17:06:00+00:00,-0.128,0.007,False,False,False,False,v,False,NOAA CO-OPS 8720218 water_level datum=NAVD units=metric tz=gmt interval=6
2022-09-26 17:12:00+00:00,-0.176,0.008,False,False,False,False,v,False,NOAA CO-OPS 8720218 water_level datum=NAVD units=metric tz=gmt interval=6
2022-09-26 17:18:00+00:00,-0.209,0.01,False,False,False,False,v,False,NOAA CO-OPS 8720218 water_level datum=NAVD units=metric tz=gmt interval=6
2022-09-26 17:24:00+00:00,-0.242,0.008,False,False,False,False,v,False,NOAA CO-OPS 8720218 water_level datum=NAVD units=metric tz=gmt interval=6
2022-09-26 17:30:00+00:00,-0.285,0.008,False,False,False,False,v,False,NOAA CO-OPS 8720218 water_level datum=NAVD units=metric tz=gmt interval=6
2022-09-26 17:36:00+00:00,-0.319,0.007,False,False,False,False,v,False,NOAA CO-OPS 8720218 water_level datum=NAVD units=metric tz=gmt interval=6
2022-09-26 17:42:00+00:00,-0.347,0.006,False,False,False,False,v,False,NOAA CO-OPS 8720218 water_level datum=NAVD units=metric tz=gmt interval=6
2022-09-26 17:48:00+00:00,-0.365,0.004,False,False,False,False,v,False,NOAA CO-OPS 8720218 water_level datum=NAVD units=metric tz=gmt interval=6
2022-09-26 17:54:00+00:00,-0.378,0.007,False,False,False,False,v,False,NOAA CO-OPS 8720218 water_level datum=NAVD units=metric tz=gmt interval=6
2022-09-26 18:00:00+00:00,-0.405,0.006,False,False,False,False,v,False,NOAA CO-OPS 8720218 water_level datum=NAVD units=metric tz=gmt interval=6
2022-09-26 18:06:00+00:00,-0.419,0.007,False,False,False,False,v,False,NOAA CO-OPS 8720218 water_level datum=NAVD units=metric tz=gmt interval=6
2022-09-26 18:12:00+00:00,-0.429,0.006,False,False,False,False,v,False,NOAA CO-OPS 8720218 water_level datum=NAVD units=metric tz=gmt interval=6
2022-09-26 18:18:00+00:00,-0.449,0.007,False,False,False,False,v,False,NOAA CO-OPS 8720218 water_level datum=NAVD units=metric tz=gmt interval=6
2022-09-26 18:24:00+00:00,-0.471,0.005,False,False,False,False,v,False,NOAA CO-OPS 8720218 water_level datum=NAVD units=metric tz=gmt interval=6
2022-09-26 18:30:00+00:00,-0.492,0.006,False,False,False,False,v,False,NOAA CO-OPS 8720218 water_level datum=NAVD units=metric tz=gmt interval=6
2022-09-26 18:36:00+00:00,-0.502,0.006,False,False,False,False,v,False,NOAA CO-OPS 8720218 water_level datum=NAVD units=metric tz=gmt interval=6
2022-09-26 18:42:00+00:00,-0.515,0.005,False,False,False,False,v,False,NOAA CO-OPS 8720218 water_level datum=NAVD units=metric tz=gmt interval=6
2022-09-26 18:48:00+00:00,-0.529,0.005,False,False,False,False,v,False,NOAA CO-OPS 8720218 water_level datum=NAVD units=metric tz=gmt interval=6
2022-09-26 18:54:00+00:00,-0.551,0.006,False,False,False,False,v,False,NOAA CO-OPS 8720218 water_level datum=NAVD units=metric tz=gmt interval=6
2022-09-26 19:00:00+00:00,-0.569,0.009,False,False,False,False,v,False,NOAA CO-OPS 8720218 water_level datum=NAVD units=metric tz=gmt interval=6
2022-09-26 19:06:00+00:00,-0.582,0.008,False,False,False,False,v,False,NOAA CO-OPS 8720218 water_level datum=NAVD units=metric tz=gmt interval=6
2022-09-26 19:12:00+00:00,-0.601,0.006,False,False,False,False,v,False,NOAA CO-OPS 8720218 water_level datum=NAVD units=metric tz=gmt interval=6
2022-09-26 19:18:00+00:00,-0.603,0.006,False,False,False,False,v,False,NOAA CO-OPS 8720218 water_level datum=NAVD units=metric tz=gmt interval=6
2022-09-26 19:24:00+00:00,-0.6,0.007,False,False,False,False,v,False,NOAA CO-OPS 8720218 water_level datum=NAVD units=metric tz=gmt interval=6
2022-09-26 19:30:00+00:00,-0.587,0.008,False,False,False,False,v,False,NOAA CO-OPS 8720218 water_level datum=NAVD units=metric tz=gmt interval=6
2022-09-26 19:36:00+00:00,-0.593,0.009,False,False,False,False,v,False,NOAA CO-OPS 8720218 water_level datum=NAVD units=metric tz=gmt interval=6
2022-09-26 19:42:00+00:00,-0.6,0.011,False,False,False,False,v,False,NOAA CO-OPS 8720218 water_level datum=NAVD units=metric tz=gmt interval=6
2022-09-26 19:48:00+00:00,-0.598,0.011,False,False,False,False,v,False,NOAA CO-OPS 8720218 water_level datum=NAVD units=metric tz=gmt interval=6
2022-09-26 19:54:00+00:00,-0.594,0.009,False,False,False,False,v,False,NOAA CO-OPS 8720218 water_level datum=NAVD units=metric tz=gmt interval=6
2022-09-26 20:00:00+00:00,-0.596,0.006,False,False,False,False,v,False,NOAA CO-OPS 8720218 water_level datum=NAVD units=metric tz=gmt interval=6
2022-09-26 20:06:00+00:00,-0.574,0.007,False,False,False,False,v,False,NOAA CO-OPS 8720218 water_level datum=NAVD units=metric tz=gmt interval=6
2022-09-26 20:12:00+00:00,-0.562,0.011,False,False,False,False,v,False,NOAA CO-OPS 8720218 water_level datum=NAVD units=metric tz=gmt interval=6
2022-09-26 20:18:00+00:00,-0.549,0.007,False,False,False,False,v,False,NOAA CO-OPS 8720218 water_level datum=NAVD units=metric tz=gmt interval=6
2022-09-26 20:24:00+00:00,-0.537,0.011,False,False,False,False,v,False,NOAA CO-OPS 8720218 water_level datum=NAVD units=metric tz=gmt interval=6
2022-09-26 20:30:00+00:00,-0.523,0.012,False,False,False,False,v,False,NOAA CO-OPS 8720218 water_level datum=NAVD units=metric tz=gmt interval=6
2022-09-26 20:36:00+00:00,-0.512,0.004,False,False,False,False,v,False,NOAA CO-OPS 8720218 water_level datum=NAVD units=metric tz=gmt interval=6
2022-09-26 20:42:00+00:00,-0.489,0.005,False,False,False,False,v,False,NOAA CO-OPS 8720218 water_level datum=NAVD units=metric tz=gmt interval=6
2022-09-26 20:48:00+00:00,-0.461,0.007,False,False,False,False,v,False,NOAA CO-OPS 8720218 water_level datum=NAVD units=metric tz=gmt interval=6
2022-09-26 20:54:00+00:00,-0.442,0.006,False,False,False,False,v,False,NOAA CO-OPS 8720218 water_level datum=NAVD units=metric tz=gmt interval=6
2022-09-26 21:00:00+00:00,-0.411,0.006,False,False,False,False,v,False,NOAA CO-OPS 8720218 water_level datum=NAVD units=metric tz=gmt interval=6
2022-09-26 21:06:00+00:00,-0.376,0.009,False,False,False,False,v,False,NOAA CO-OPS 8720218 water_level datum=NAVD units=metric tz=gmt interval=6
2022-09-26 21:12:00+00:00,-0.339,0.004,False,False,False,False,v,False,NOAA CO-OPS 8720218 water_level datum=NAVD units=metric tz=gmt interval=6
2022-09-26 21:18:00+00:00,-0.315,0.008,False,False,False,False,v,False,NOAA CO-OPS 8720218 water_level datum=NAVD units=metric tz=gmt interval=6
2022-09-26 21:24:00+00:00,-0.286,0.006,False,False,False,False,v,False,NOAA CO-OPS 8720218 water_level datum=NAVD units=metric tz=gmt interval=6
2022-09-26 21:30:00+00:00,-0.245,0.006,False,False,False,False,v,False,NOAA CO-OPS 8720218 water_level datum=NAVD units=metric tz=gmt interval=6
2022-09-26 21:36:00+00:00,-0.208,0.006,False,False,False,False,v,False,NOAA CO-OPS 8720218 water_level datum=NAVD units=metric tz=gmt interval=6
2022-09-26 21:42:00+00:00,-0.178,0.007,False,False,False,False,v,False,NOAA CO-OPS 8720218 water_level datum=NAVD units=metric tz=gmt interval=6
2022-09-26 21:48:00+00:00,-0.144,0.005,False,False,False,False,v,False,NOAA CO-OPS 8720218 water_level datum=NAVD units=metric tz=gmt interval=6
2022-09-26 21:54:00+00:00,-0.099,0.007,False,False,False,False,v,False,NOAA CO-OPS 8720218 water_level datum=NAVD units=metric tz=gmt interval=6
2022-09-26 22:00:00+00:00,-0.054,0.006,False,False,False,False,v,False,NOAA CO-OPS 8720218 water_level datum=NAVD units=metric tz=gmt interval=6
2022-09-26 22:06:00+00:00,-0.017,0.006,False,False,False,False,v,False,NOAA CO-OPS 8720218 water_level datum=NAVD units=metric tz=gmt interval=6
2022-09-26 22:12:00+00:00,0.012,0.005,False,False,False,False,v,False,NOAA CO-OPS 8720218 water_level datum=NAVD units=metric tz=gmt interval=6
2022-09-26 22:18:00+00:00,0.047,0.004,False,False,False,False,v,False,NOAA CO-OPS 8720218 water_level datum=NAVD units=metric tz=gmt interval=6
2022-09-26 22:24:00+00:00,0.082,0.006,False,False,False,False,v,False,NOAA CO-OPS 8720218 water_level datum=NAVD units=metric tz=gmt interval=6
2022-09-26 22:30:00+00:00,0.114,0.005,False,False,False,False,v,False,NOAA CO-OPS 8720218 water_level datum=NAVD units=metric tz=gmt interval=6
2022-09-26 22:36:00+00:00,0.135,0.005,False,False,False,False,v,False,NOAA CO-OPS 8720218 water_level datum=NAVD units=metric tz=gmt interval=6
2022-09-26 22:42:00+00:00,0.168,0.007,False,False,False,False,v,False,NOAA CO-OPS 8720218 water_level datum=NAVD units=metric tz=gmt interval=6
2022-09-26 22:48:00+00:00,0.211,0.012,False,False,False,False,v,False,NOAA CO-OPS 8720218 water_level datum=NAVD units=metric tz=gmt interval=6
2022-09-26 22:54:00+00:00,0.252,0.014,False,False,False,False,v,False,NOAA CO-OPS 8720218 water_level datum=NAVD units=metric tz=gmt interval=6
2022-09-26 23:00:00+00:00,0.269,0.011,False,False,False,False,v,False,NOAA CO-OPS 8720218 water_level datum=NAVD units=metric tz=gmt interval=6
2022-09-26 23:06:00+00:00,0.309,0.01,False,False,False,False,v,False,NOAA CO-OPS 8720218 water_level datum=NAVD units=metric tz=gmt interval=6
2022-09-26 23:12:00+00:00,0.33,0.007,False,False,False,False,v,False,NOAA CO-OPS 8720218 water_level datum=NAVD units=metric tz=gmt interval=6
2022-09-26 23:18:00+00:00,0.352,0.007,False,False,False,False,v,False,NOAA CO-OPS 8720218 water_level datum=NAVD units=metric tz=gmt interval=6
2022-09-26 23:24:00+00:00,0.375,0.006,False,False,False,False,v,False,NOAA CO-OPS 8720218 water_level datum=NAVD units=metric tz=gmt interval=6
2022-09-26 23:30:00+00:00,0.398,0.006,False,False,False,False,v,False,NOAA CO-OPS 8720218 water_level datum=NAVD units=metric tz=gmt interval=6
2022-09-26 23:36:00+00:00,0.416,0.008,False,False,False,False,v,False,NOAA CO-OPS 8720218 water_level datum=NAVD units=metric tz=gmt interval=6
2022-09-26 23:42:00+00:00,0.439,0.005,False,False,False,False,v,False,NOAA CO-OPS 8720218 water_level datum=NAVD units=metric tz=gmt interval=6
2022-09-26 23:48:00+00:00,0.464,0.004,False,False,False,False,v,False,NOAA CO-OPS 8720218 water_level datum=NAVD units=metric tz=gmt interval=6
2022-09-26 23:54:00+00:00,0.49,0.007,False,False,False,False,v,False,NOAA CO-OPS 8720218 water_level datum=NAVD units=metric tz=gmt interval=6
2022-09-27 00:00:00+00:00,0.511,0.008,False,False,False,False,v,False,NOAA CO-OPS 8720218 water_level datum=NAVD units=metric tz=gmt interval=6
2022-09-27 00:06:00+00:00,0.539,0.007,False,False,False,False,v,False,NOAA CO-OPS 8720218 water_level datum=NAVD units=metric tz=gmt interval=6
2022-09-27 00:12:00+00:00,0.561,0.006,False,False,False,False,v,False,NOAA CO-OPS 8720218 water_level datum=NAVD units=metric tz=gmt interval=6
2022-09-27 00:18:00+00:00,0.578,0.011,False,False,False,False,v,False,NOAA CO-OPS 8720218 water_level datum=NAVD units=metric tz=gmt interval=6
2022-09-27 00:24:00+00:00,0.599,0.012,False,False,False,False,v,False,NOAA CO-OPS 8720218 water_level datum=NAVD units=metric tz=gmt interval=6
2022-09-27 00:30:00+00:00,0.62,0.01,False,False,False,False,v,False,NOAA CO-OPS 8720218 water_level datum=NAVD units=metric tz=gmt interval=6
2022-09-27 00:36:00+00:00,0.638,0.008,False,False,False,False,v,False,NOAA CO-OPS 8720218 water_level datum=NAVD units=metric tz=gmt interval=6
2022-09-27 00:42:00+00:00,0.657,0.01,False,False,False,False,v,False,NOAA CO-OPS 8720218 water_level datum=NAVD units=metric tz=gmt interval=6
2022-09-27 00:48:00+00:00,0.682,0.008,False,False,False,False,v,False,NOAA CO-OPS 8720218 water_level datum=NAVD units=metric tz=gmt interval=6
2022-09-27 00:54:00+00:00,0.704,0.007,False,False,False,False,v,False,NOAA CO-OPS 8720218 water_level datum=NAVD units=metric tz=gmt interval=6
2022-09-27 01:00:00+00:00,0.716,0.009,False,False,False,False,v,False,NOAA CO-OPS 8720218 water_level datum=NAVD units=metric tz=gmt interval=6
2022-09-27 01:06:00+00:00,0.716,0.007,False,False,False,False,v,False,NOAA CO-OPS 8720218 water_level datum=NAVD units=metric tz=gmt interval=6
2022-09-27 01:12:00+00:00,0.749,0.009,False,False,False,False,v,False,NOAA CO-OPS 8720218 water_level datum=NAVD units=metric tz=gmt interval=6
2022-09-27 01:18:00+00:00,0.763,0.007,False,False,False,False,v,False,NOAA CO-OPS 8720218 water_level datum=NAVD units=metric tz=gmt interval=6
2022-09-27 01:24:00+00:00,0.768,0.007,False,False,False,False,v,False,NOAA CO-OPS 8720218 water_level datum=NAVD units=metric tz=gmt interval=6
2022-09-27 01:30:00+00:00,0.771,0.013,False,False,False,False,v,False,NOAA CO-OPS 8720218 water_level datum=NAVD units=metric tz=gmt interval=6
2022-09-27 01:36:00+00:00,0.782,0.008,False,False,False,False,v,False,NOAA CO-OPS 8720218 water_level datum=NAVD units=metric tz=gmt interval=6
2022-09-27 01:42:00+00:00,0.789,0.007,False,False,False,False,v,False,NOAA CO-OPS 8720218 water_level datum=NAVD units=metric tz=gmt interval=6
2022-09-27 01:48:00+00:00,0.795,0.007,False,False,False,False,v,False,NOAA CO-OPS 8720218 water_level datum=NAVD units=metric tz=gmt interval=6
2022-09-27 01:54:00+00:00,0.8,0.007,False,False,False,False,v,False,NOAA CO-OPS 8720218 water_level datum=NAVD units=metric tz=gmt interval=6
2022-09-27 02:00:00+00:00,0.809,0.006,False,False,False,False,v,False,NOAA CO-OPS 8720218 water_level datum=NAVD units=metric tz=gmt interval=6
2022-09-27 02:06:00+00:00,0.815,0.007,False,False,False,False,v,False,NOAA CO-OPS 8720218 water_level datum=NAVD units=metric tz=gmt interval=6
2022-09-27 02:12:00+00:00,0.808,0.007,False,False,False,False,v,False,NOAA CO-OPS 8720218 water_level datum=NAVD units=metric tz=gmt interval=6
2022-09-27 02:18:00+00:00,0.795,0.005,False,False,False,False,v,False,NOAA CO-OPS 8720218 water_level datum=NAVD units=metric tz=gmt interval=6
2022-09-27 02:24:00+00:00,0.792,0.006,False,False,False,False,v,False,NOAA CO-OPS 8720218 water_level datum=NAVD units=metric tz=gmt interval=6
2022-09-27 02:30:00+00:00,0.795,0.004,False,False,False,False,v,False,NOAA CO-OPS 8720218 water_level datum=NAVD units=metric tz=gmt interval=6
2022-09-27 02:36:00+00:00,0.796,0.004,False,False,False,False,v,False,NOAA CO-OPS 8720218 water_level datum=NAVD units=metric tz=gmt interval=6
2022-09-27 02:42:00+00:00,0.786,0.004,False,False,False,False,v,False,NOAA CO-OPS 8720218 water_level datum=NAVD units=metric tz=gmt interval=6
2022-09-27 02:48:00+00:00,0.777,0.004,False,False,False,False,v,False,NOAA CO-OPS 8720218 water_level datum=NAVD units=metric tz=gmt interval=6
2022-09-27 02:54:00+00:00,0.767,0.004,False,False,False,False,v,False,NOAA CO-OPS 8720218 water_level datum=NAVD units=metric tz=gmt interval=6
2022-09-27 03:00:00+00:00,0.748,0.005,False,False,False,False,v,False,NOAA CO-OPS 8720218 water_level datum=NAVD units=metric tz=gmt interval=6
2022-09-27 03:06:00+00:00,0.728,0.006,False,False,False,False,v,False,NOAA CO-OPS 8720218 water_level datum=NAVD units=metric tz=gmt interval=6
2022-09-27 03:12:00+00:00,0.703,0.007,False,False,False,False,v,False,NOAA CO-OPS 8720218 water_level datum=NAVD units=metric tz=gmt interval=6
2022-09-27 03:18:00+00:00,0.672,0.006,False,False,False,False,v,False,NOAA CO-OPS 8720218 water_level datum=NAVD units=metric tz=gmt interval=6
2022-09-27 03:24:00+00:00,0.641,0.007,False,False,False,False,v,False,NOAA CO-OPS 8720218 water_level datum=NAVD units=metric tz=gmt interval=6
2022-09-27 03:30:00+00:00,0.603,0.008,False,False,False,False,v,False,NOAA CO-OPS 8720218 water_level datum=NAVD units=metric tz=gmt interval=6
2022-09-27 03:36:00+00:00,0.567,0.006,False,False,False,False,v,False,NOAA CO-OPS 8720218 water_level datum=NAVD units=metric tz=gmt interval=6
2022-09-27 03:42:00+00:00,0.53,0.007,False,False,False,False,v,False,NOAA CO-OPS 8720218 water_level datum=NAVD units=metric tz=gmt interval=6
2022-09-27 03:48:00+00:00,0.488,0.009,False,False,False,False,v,False,NOAA CO-OPS 8720218 water_level datum=NAVD units=metric tz=gmt interval=6
2022-09-27 03:54:00+00:00,0.453,0.009,False,False,False,False,v,False,NOAA CO-OPS 8720218 water_level datum=NAVD units=metric tz=gmt interval=6
2022-09-27 04:00:00+00:00,0.419,0.006,False,False,False,False,v,False,NOAA CO-OPS 8720218 water_level datum=NAVD units=metric tz=gmt interval=6
2022-09-27 04:06:00+00:00,0.377,0.007,False,False,False,False,v,False,NOAA CO-OPS 8720218 water_level datum=NAVD units=metric tz=gmt interval=6
2022-09-27 04:12:00+00:00,0.334,0.006,False,False,False,False,v,False,NOAA CO-OPS 8720218 water_level datum=NAVD units=metric tz=gmt interval=6
2022-09-27 04:18:00+00:00,0.294,0.007,False,False,False,False,v,False,NOAA CO-OPS 8720218 water_level datum=NAVD units=metric tz=gmt interval=6
2022-09-27 04:24:00+00:00,0.252,0.009,False,False,False,False,v,False,NOAA CO-OPS 8720218 water_level datum=NAVD units=metric tz=gmt interval=6
2022-09-27 04:30:00+00:00,0.203,0.007,False,False,False,False,v,False,NOAA CO-OPS 8720218 water_level datum=NAVD units=metric tz=gmt interval=6
2022-09-27 04:36:00+00:00,0.145,0.01,False,False,False,False,v,False,NOAA CO-OPS 8720218 water_level datum=NAVD units=metric tz=gmt interval=6
2022-09-27 04:42:00+00:00,0.096,0.007,False,False,False,False,v,False,NOAA CO-OPS 8720218 water_level datum=NAVD units=metric tz=gmt interval=6
2022-09-27 04:48:00+00:00,0.053,0.008,False,False,False,False,v,False,NOAA CO-OPS 8720218 water_level datum=NAVD units=metric tz=gmt interval=6
2022-09-27 04:54:00+00:00,0.007,0.01,False,False,False,False,v,False,NOAA CO-OPS 8720218 water_level datum=NAVD units=metric tz=gmt interval=6
2022-09-27 05:00:00+00:00,-0.047,0.009,False,False,False,False,v,False,NOAA CO-OPS 8720218 water_level datum=NAVD units=metric tz=gmt interval=6
2022-09-27 05:06:00+00:00,-0.097,0.01,False,False,False,False,v,False,NOAA CO-OPS 8720218 water_level datum=NAVD units=metric tz=gmt interval=6
2022-09-27 05:12:00+00:00,-0.14,0.009,False,False,False,False,v,False,NOAA CO-OPS 8720218 water_level datum=NAVD units=metric tz=gmt interval=6
2022-09-27 05:18:00+00:00,-0.19,0.011,False,False,False,False,v,False,NOAA CO-OPS 8720218 water_level datum=NAVD units=metric tz=gmt interval=6
2022-09-27 05:24:00+00:00,-0.237,0.011,False,False,False,False,v,False,NOAA CO-OPS 8720218 water_level datum=NAVD units=metric tz=gmt interval=6
2022-09-27 05:30:00+00:00,-0.27,0.01,False,False,False,False,v,False,NOAA CO-OPS 8720218 water_level datum=NAVD units=metric tz=gmt interval=6
2022-09-27 05:36:00+00:00,-0.304,0.008,False,False,False,False,v,False,NOAA CO-OPS 8720218 water_level datum=NAVD units=metric tz=gmt interval=6
2022-09-27 05:42:00+00:00,-0.346,0.008,False,False,False,False,v,False,NOAA CO-OPS 8720218 water_level datum=NAVD units=metric tz=gmt interval=6
2022-09-27 05:48:00+00:00,-0.373,0.006,False,False,False,False,v,False,NOAA CO-OPS 8720218 water_level datum=NAVD units=metric tz=gmt interval=6
2022-09-27 05:54:00+00:00,-0.398,0.006,False,False,False,False,v,False,NOAA CO-OPS 8720218 water_level datum=NAVD units=metric tz=gmt interval=6
2022-09-27 06:00:00+00:00,-0.423,0.005,False,False,False,False,v,False,NOAA CO-OPS 8720218 water_level datum=NAVD units=metric tz=gmt interval=6
2022-09-27 06:06:00+00:00,-0.444,0.006,False,False,False,False,v,False,NOAA CO-OPS 8720218 water_level datum=NAVD units=metric tz=gmt interval=6
2022-09-27 06:12:00+00:00,-0.478,0.006,False,False,False,False,v,False,NOAA CO-OPS 8720218 water_level datum=NAVD units=metric tz=gmt interval=6
2022-09-27 06:18:00+00:00,-0.499,0.004,False,False,False,False,v,False,NOAA CO-OPS 8720218 water_level datum=NAVD units=metric tz=gmt interval=6
2022-09-27 06:24:00+00:00,-0.525,0.006,False,False,False,False,v,False,NOAA CO-OPS 8720218 water_level datum=NAVD units=metric tz=gmt interval=6
2022-09-27 06:30:00+00:00,-0.553,0.005,False,False,False,False,v,False,NOAA CO-OPS 8720218 water_level datum=NAVD units=metric tz=gmt interval=6
2022-09-27 06:36:00+00:00,-0.58,0.006,False,False,False,False,v,False,NOAA CO-OPS 8720218 water_level datum=NAVD units=metric tz=gmt interval=6
2022-09-27 06:42:00+00:00,-0.61,0.005,False,False,False,False,v,False,NOAA CO-OPS 8720218 water_level datum=NAVD units=metric tz=gmt interval=6
2022-09-27 06:48:00+00:00,-0.63,0.005,False,False,False,False,v,False,NOAA CO-OPS 8720218 water_level datum=NAVD units=metric tz=gmt interval=6
2022-09-27 06:54:00+00:00,-0.638,0.005,False,False,False,False,v,False,NOAA CO-OPS 8720218 water_level datum=NAVD units=metric tz=gmt interval=6
2022-09-27 07:00:00+00:00,-0.646,0.004,False,False,False,False,v,False,NOAA CO-OPS 8720218 water_level datum=NAVD units=metric tz=gmt interval=6
2022-09-27 07:06:00+00:00,-0.657,0.005,False,False,False,False,v,False,NOAA CO-OPS 8720218 water_level datum=NAVD units=metric tz=gmt interval=6
2022-09-27 07:12:00+00:00,-0.671,0.004,False,False,False,False,v,False,NOAA CO-OPS 8720218 water_level datum=NAVD units=metric tz=gmt interval=6
2022-09-27 07:18:00+00:00,-0.681,0.004,False,False,False,False,v,False,NOAA CO-OPS 8720218 water_level datum=NAVD units=metric tz=gmt interval=6
2022-09-27 07:24:00+00:00,-0.681,0.004,False,False,False,False,v,False,NOAA CO-OPS 8720218 water_level datum=NAVD units=metric tz=gmt interval=6
2022-09-27 07:30:00+00:00,-0.682,0.004,False,False,False,False,v,False,NOAA CO-OPS 8720218 water_level datum=NAVD units=metric tz=gmt interval=6
2022-09-27 07:36:00+00:00,-0.685,0.005,False,False,False,False,v,False,NOAA CO-OPS 8720218 water_level datum=NAVD units=metric tz=gmt interval=6
2022-09-27 07:42:00+00:00,-0.681,0.004,False,False,False,False,v,False,NOAA CO-OPS 8720218 water_level datum=NAVD units=metric tz=gmt interval=6
2022-09-27 07:48:00+00:00,-0.682,0.005,False,False,False,False,v,False,NOAA CO-OPS 8720218 water_level datum=NAVD units=metric tz=gmt interval=6
2022-09-27 07:54:00+00:00,-0.686,0.004,False,False,False,False,v,False,NOAA CO-OPS 8720218 water_level datum=NAVD units=metric tz=gmt interval=6
2022-09-27 08:00:00+00:00,-0.689,0.005,False,False,False,False,v,False,NOAA CO-OPS 8720218 water_level datum=NAVD units=metric tz=gmt interval=6
2022-09-27 08:06:00+00:00,-0.687,0.005,False,False,False,False,v,False,NOAA CO-OPS 8720218 water_level datum=NAVD units=metric tz=gmt interval=6
2022-09-27 08:12:00+00:00,-0.677,0.005,False,False,False,False,v,False,NOAA CO-OPS 8720218 water_level datum=NAVD units=metric tz=gmt interval=6
2022-09-27 08:18:00+00:00,-0.665,0.006,False,False,False,False,v,False,NOAA CO-OPS 8720218 water_level datum=NAVD units=metric tz=gmt interval=6
2022-09-27 08:24:00+00:00,-0.654,0.005,False,False,False,False,v,False,NOAA CO-OPS 8720218 water_level datum=NAVD units=metric tz=gmt interval=6
2022-09-27 08:30:00+00:00,-0.636,0.005,False,False,False,False,v,False,NOAA CO-OPS 8720218 water_level datum=NAVD units=metric tz=gmt interval=6
2022-09-27 08:36:00+00:00,-0.609,0.007,False,False,False,False,v,False,NOAA CO-OPS 8720218 water_level datum=NAVD units=metric tz=gmt interval=6
2022-09-27 08:42:00+00:00,-0.582,0.006,False,False,False,False,v,False,NOAA CO-OPS 8720218 water_level datum=NAVD units=metric tz=gmt interval=6
2022-09-27 08:48:00+00:00,-0.564,0.005,False,False,False,False,v,False,NOAA CO-OPS 8720218 water_level datum=NAVD units=metric tz=gmt interval=6
2022-09-27 08:54:00+00:00,-0.546,0.006,False,False,False,False,v,False,NOAA CO-OPS 8720218 water_level datum=NAVD units=metric tz=gmt interval=6
2022-09-27 09:00:00+00:00,-0.531,0.006,False,False,False,False,v,False,NOAA CO-OPS 8720218 water_level datum=NAVD units=metric tz=gmt interval=6
2022-09-27 09:06:00+00:00,-0.505,0.008,False,False,False,False,v,False,NOAA CO-OPS 8720218 water_level datum=NAVD units=metric tz=gmt interval=6
2022-09-27 09:12:00+00:00,-0.469,0.006,False,False,False,False,v,False,NOAA CO-OPS 8720218 water_level datum=NAVD units=metric tz=gmt interval=6
2022-09-27 09:18:00+00:00,-0.43,0.007,False,False,False,False,v,False,NOAA CO-OPS 8720218 water_level datum=NAVD units=metric tz=gmt interval=6
2022-09-27 09:24:00+00:00,-0.399,0.005,False,False,False,False,v,False,NOAA CO-OPS 8720218 water_level datum=NAVD units=metric tz=gmt interval=6
2022-09-27 09:30:00+00:00,-0.371,0.005,False,False,False,False,v,False,NOAA CO-OPS 8720218 water_level datum=NAVD units=metric tz=gmt interval=6
2022-09-27 09:36:00+00:00,-0.339,0.006,False,False,False,False,v,False,NOAA CO-OPS 8720218 water_level datum=NAVD units=metric tz=gmt interval=6
2022-09-27 09:42:00+00:00,-0.304,0.007,False,False,False,False,v,False,NOAA CO-OPS 8720218 water_level datum=NAVD units=metric tz=gmt interval=6
2022-09-27 09:48:00+00:00,-0.263,0.007,False,False,False,False,v,False,NOAA CO-OPS 8720218 water_level datum=NAVD units=metric tz=gmt interval=6
2022-09-27 09:54:00+00:00,-0.223,0.007,False,False,False,False,v,False,NOAA CO-OPS 8720218 water_level datum=NAVD units=metric tz=gmt interval=6
2022-09-27 10:00:00+00:00,-0.183,0.008,False,False,False,False,v,False,NOAA CO-OPS 8720218 water_level datum=NAVD units=metric tz=gmt interval=6
2022-09-27 10:06:00+00:00,-0.152,0.008,False,False,False,False,v,False,NOAA CO-OPS 8720218 water_level datum=NAVD units=metric tz=gmt interval=6
2022-09-27 10:12:00+00:00,-0.13,0.006,False,False,False,False,v,False,NOAA CO-OPS 8720218 water_level datum=NAVD units=metric tz=gmt interval=6
2022-09-27 10:18:00+00:00,-0.104,0.008,False,False,False,False,v,False,NOAA CO-OPS 8720218 water_level datum=NAVD units=metric tz=gmt interval=6
2022-09-27 10:24:00+00:00,-0.064,0.008,False,False,False,False,v,False,NOAA CO-OPS 8720218 water_level datum=NAVD units=metric tz=gmt interval=6
2022-09-27 10:30:00+00:00,-0.032,0.005,False,False,False,False,v,False,NOAA CO-OPS 8720218 water_level datum=NAVD units=metric tz=gmt interval=6
2022-09-27 10:36:00+00:00,-0.003,0.005,False,False,False,False,v,False,NOAA CO-OPS 8720218 water_level datum=NAVD units=metric tz=gmt interval=6
2022-09-27 10:42:00+00:00,0.027,0.005,False,False,False,False,v,False,NOAA CO-OPS 8720218 water_level datum=NAVD units=metric tz=gmt interval=6
2022-09-27 10:48:00+00:00,0.059,0.006,False,False,False,False,v,False,NOAA CO-OPS 8720218 water_level datum=NAVD units=metric tz=gmt interval=6
2022-09-27 10:54:00+00:00,0.099,0.008,False,False,False,False,v,False,NOAA CO-OPS 8720218 water_level datum=NAVD units=metric tz=gmt interval=6
2022-09-27 11:00:00+00:00,0.136,0.006,False,False,False,False,v,False,NOAA CO-OPS 8720218 water_level datum=NAVD units=metric tz=gmt interval=6
2022-09-27 11:06:00+00:00,0.168,0.007,False,False,False,False,v,False,NOAA CO-OPS 8720218 water_level datum=NAVD units=metric tz=gmt interval=6
2022-09-27 11:12:00+00:00,0.201,0.005,False,False,False,False,v,False,NOAA CO-OPS 8720218 water_level datum=NAVD units=metric tz=gmt interval=6
2022-09-27 11:18:00+00:00,0.222,0.005,False,False,False,False,v,False,NOAA CO-OPS 8720218 water_level datum=NAVD units=metric tz=gmt interval=6
2022-09-27 11:24:00+00:00,0.256,0.006,False,False,False,False,v,False,NOAA CO-OPS 8720218 water_level datum=NAVD units=metric tz=gmt interval=6
2022-09-27 11:30:00+00:00,0.296,0.006,False,False,False,False,v,False,NOAA CO-OPS 8720218 water_level datum=NAVD units=metric tz=gmt interval=6
2022-09-27 11:36:00+00:00,0.324,0.015,False,False,False,False,v,False,NOAA CO-OPS 8720218 water_level datum=NAVD units=metric tz=gmt interval=6
2022-09-27 11:42:00+00:00,0.338,0.01,False,False,False,False,v,False,NOAA CO-OPS 8720218 water_level datum=NAVD units=metric tz=gmt interval=6
2022-09-27 11:48:00+00:00,0.366,0.007,False,False,False,False,v,False,NOAA CO-OPS 8720218 water_level datum=NAVD units=metric tz=gmt interval=6
2022-09-27 11:54:00+00:00,0.39,0.005,False,False,False,False,v,False,NOAA CO-OPS 8720218 water_level datum=NAVD units=metric tz=gmt interval=6
2022-09-27 12:00:00+00:00,0.417,0.006,False,False,False,False,v,False,NOAA CO-OPS 8720218 water_level datum=NAVD units=metric tz=gmt interval=6
2022-09-27 12:06:00+00:00,0.452,0.017,False,False,False,False,v,False,NOAA CO-OPS 8720218 water_level datum=NAVD units=metric tz=gmt interval=6
2022-09-27 12:12:00+00:00,0.477,0.02,False,False,False,False,v,False,NOAA CO-OPS 8720218 water_level datum=NAVD units=metric tz=gmt interval=6
2022-09-27 12:18:00+00:00,0.498,0.008,False,False,False,False,v,False,NOAA CO-OPS 8720218 water_level datum=NAVD units=metric tz=gmt interval=6
2022-09-27 12:24:00+00:00,0.514,0.007,False,False,False,False,v,False,NOAA CO-OPS 8720218 water_level datum=NAVD units=metric tz=gmt interval=6
2022-09-27 12:30:00+00:00,0.535,0.007,False,False,False,False,v,False,NOAA CO-OPS 8720218 water_level datum=NAVD units=metric tz=gmt interval=6
2022-09-27 12:36:00+00:00,0.56,0.008,False,False,False,False,v,False,NOAA CO-OPS 8720218 water_level datum=NAVD units=metric tz=gmt interval=6
2022-09-27 12:42:00+00:00,0.581,0.008,False,False,False,False,v,False,NOAA CO-OPS 8720218 water_level datum=NAVD units=metric tz=gmt interval=6
2022-09-27 12:48:00+00:00,0.601,0.009,False,False,False,False,v,False,NOAA CO-OPS 8720218 water_level datum=NAVD units=metric tz=gmt interval=6
2022-09-27 12:54:00+00:00,0.628,0.008,False,False,False,False,v,False,NOAA CO-OPS 8720218 water_level datum=NAVD units=metric tz=gmt interval=6
2022-09-27 13:00:00+00:00,0.654,0.008,False,False,False,False,v,False,NOAA CO-OPS 8720218 water_level datum=NAVD units=metric tz=gmt interval=6
2022-09-27 13:06:00+00:00,0.679,0.009,False,False,False,False,v,False,NOAA CO-OPS 8720218 water_level datum=NAVD units=metric tz=gmt interval=6
2022-09-27 13:12:00+00:00,0.695,0.006,False,False,False,False,v,False,NOAA CO-OPS 8720218 water_level datum=NAVD units=metric tz=gmt interval=6
2022-09-27 13:18:00+00:00,0.713,0.007,False,False,False,False,v,False,NOAA CO-OPS 8720218 water_level datum=NAVD units=metric tz=gmt interval=6
2022-09-27 13:24:00+00:00,0.722,0.01,False,False,False,False,v,False,NOAA CO-OPS 8720218 water_level datum=NAVD units=metric tz=gmt interval=6
2022-09-27 13:30:00+00:00,0.737,0.008,False,False,False,False,v,False,NOAA CO-OPS 8720218 water_level datum=NAVD units=metric tz=gmt interval=6
2022-09-27 13:36:00+00:00,0.75,0.007,False,False,False,False,v,False,NOAA CO-OPS 8720218 water_level datum=NAVD units=metric tz=gmt interval=6
2022-09-27 13:42:00+00:00,0.764,0.01,False,False,False,False,v,False,NOAA CO-OPS 8720218 water_level datum=NAVD units=metric tz=gmt interval=6
2022-09-27 13:48:00+00:00,0.78,0.007,False,False,False,False,v,False,NOAA CO-OPS 8720218 water_level datum=NAVD units=metric tz=gmt interval=6
2022-09-27 13:54:00+00:00,0.788,0.006,False,False,False,False,v,False,NOAA CO-OPS 8720218 water_level datum=NAVD units=metric tz=gmt interval=6
2022-09-27 14:00:00+00:00,0.796,0.007,False,False,False,False,v,False,NOAA CO-OPS 8720218 water_level datum=NAVD units=metric tz=gmt interval=6
2022-09-27 14:06:00+00:00,0.807,0.005,False,False,False,False,v,False,NOAA CO-OPS 8720218 water_level datum=NAVD units=metric tz=gmt interval=6
2022-09-27 14:12:00+00:00,0.815,0.006,False,False,False,False,v,False,NOAA CO-OPS 8720218 water_level datum=NAVD units=metric tz=gmt interval=6
2022-09-27 14:18:00+00:00,0.822,0.005,False,False,False,False,v,False,NOAA CO-OPS 8720218 water_level datum=NAVD units=metric tz=gmt interval=6
2022-09-27 14:24:00+00:00,0.823,0.006,False,False,False,False,v,False,NOAA CO-OPS 8720218 water_level datum=NAVD units=metric tz=gmt interval=6
2022-09-27 14:30:00+00:00,0.82,0.005,False,False,False,False,v,False,NOAA CO-OPS 8720218 water_level datum=NAVD units=metric tz=gmt interval=6
2022-09-27 14:36:00+00:00,0.818,0.006,False,False,False,False,v,False,NOAA CO-OPS 8720218 water_level datum=NAVD units=metric tz=gmt interval=6
2022-09-27 14:42:00+00:00,0.821,0.007,False,False,False,False,v,False,NOAA CO-OPS 8720218 water_level datum=NAVD units=metric tz=gmt interval=6
2022-09-27 14:48:00+00:00,0.823,0.005,False,False,False,False,v,False,NOAA CO-OPS 8720218 water_level datum=NAVD units=metric tz=gmt interval=6
2022-09-27 14:54:00+00:00,0.818,0.005,False,False,False,False,v,False,NOAA CO-OPS 8720218 water_level datum=NAVD units=metric tz=gmt interval=6
2022-09-27 15:00:00+00:00,0.809,0.005,False,False,False,False,v,False,NOAA CO-OPS 8720218 water_level datum=NAVD units=metric tz=gmt interval=6
2022-09-27 15:06:00+00:00,0.797,0.005,False,False,False,False,v,False,NOAA CO-OPS 8720218 water_level datum=NAVD units=metric tz=gmt interval=6
2022-09-27 15:12:00+00:00,0.795,0.006,False,False,False,False,v,False,NOAA CO-OPS 8720218 water_level datum=NAVD units=metric tz=gmt interval=6
2022-09-27 15:18:00+00:00,0.783,0.006,False,False,False,False,v,False,NOAA CO-OPS 8720218 water_level datum=NAVD units=metric tz=gmt interval=6
2022-09-27 15:24:00+00:00,0.763,0.005,False,False,False,False,v,False,NOAA CO-OPS 8720218 water_level datum=NAVD units=metric tz=gmt interval=6
2022-09-27 15:30:00+00:00,0.744,0.005,False,False,False,False,v,False,NOAA CO-OPS 8720218 water_level datum=NAVD units=metric tz=gmt interval=6
2022-09-27 15:36:00+00:00,0.725,0.004,False,False,False,False,v,False,NOAA CO-OPS 8720218 water_level datum=NAVD units=metric tz=gmt interval=6
2022-09-27 15:42:00+00:00,0.709,0.004,False,False,False,False,v,False,NOAA CO-OPS 8720218 water_level datum=NAVD units=metric tz=gmt interval=6
2022-09-27 15:48:00+00:00,0.687,0.006,False,False,False,False,v,False,NOAA CO-OPS 8720218 water_level datum=NAVD units=metric tz=gmt interval=6
2022-09-27 15:54:00+00:00,0.656,0.005,False,False,False,False,v,False,NOAA CO-OPS 8720218 water_level datum=NAVD units=metric tz=gmt interval=6
2022-09-27 16:00:00+00:00,0.628,0.004,False,False,False,False,v,False,NOAA CO-OPS 8720218 water_level datum=NAVD units=metric tz=gmt interval=6
2022-09-27 16:06:00+00:00,0.599,0.006,False,False,False,False,v,False,NOAA CO-OPS 8720218 water_level datum=NAVD units=metric tz=gmt interval=6
2022-09-27 16:12:00+00:00,0.568,0.004,False,False,False,False,v,False,NOAA CO-OPS 8720218 water_level datum=NAVD units=metric tz=gmt interval=6
2022-09-27 16:18:00+00:00,0.538,0.009,False,False,False,False,v,False,NOAA CO-OPS 8720218 water_level datum=NAVD units=metric tz=gmt interval=6
2022-09-27 16:24:00+00:00,0.48,0.015,False,False,False,False,v,False,NOAA CO-OPS 8720218 water_level datum=NAVD units=metric tz=gmt interval=6
2022-09-27 16:30:00+00:00,0.441,0.006,False,False,False,False,v,False,NOAA CO-OPS 8720218 water_level datum=NAVD units=metric tz=gmt interval=6
2022-09-27 16:36:00+00:00,0.408,0.008,False,False,False,False,v,False,NOAA CO-OPS 8720218 water_level datum=NAVD units=metric tz=gmt interval=6
2022-09-27 16:42:00+00:00,0.375,0.005,False,False,False,False,v,False,NOAA CO-OPS 8720218 water_level datum=NAVD units=metric tz=gmt interval=6
2022-09-27 16:48:00+00:00,0.348,0.009,False,False,False,False,v,False,NOAA CO-OPS 8720218 water_level datum=NAVD units=metric tz=gmt interval=6
2022-09-27 16:54:00+00:00,0.293,0.007,False,False,False,False,v,False,NOAA CO-OPS 8720218 water_level datum=NAVD units=metric tz=gmt interval=6
2022-09-27 17:00:00+00:00,0.27,0.006,False,False,False,False,v,False,NOAA CO-OPS 8720218 water_level datum=NAVD units=metric tz=gmt interval=6
2022-09-27 17:06:00+00:00,0.211,0.009,False,False,False,False,v,False,NOAA CO-OPS 8720218 water_level datum=NAVD units=metric tz=gmt interval=6
2022-09-27 17:12:00+00:00,0.167,0.007,False,False,False,False,v,False,NOAA CO-OPS 8720218 water_level datum=NAVD units=metric tz=gmt interval=6
2022-09-27 17:18:00+00:00,0.128,0.007,False,False,False,False,v,False,NOAA CO-OPS 8720218 water_level datum=NAVD units=metric tz=gmt interval=6
2022-09-27 17:24:00+00:00,0.088,0.011,False,False,False,False,v,False,NOAA CO-OPS 8720218 water_level datum=NAVD units=metric tz=gmt interval=6
2022-09-27 17:30:00+00:00,0.052,0.013,False,False,False,False,v,False,NOAA CO-OPS 8720218 water_level datum=NAVD units=metric tz=gmt interval=6
2022-09-27 17:36:00+00:00,0.004,0.009,False,False,False,False,v,False,NOAA CO-OPS 8720218 water_level datum=NAVD units=metric tz=gmt interval=6
2022-09-27 17:42:00+00:00,-0.025,0.01,False,False,False,False,v,False,NOAA CO-OPS 8720218 water_level datum=NAVD units=metric tz=gmt interval=6
2022-09-27 17:48:00+00:00,-0.067,0.008,False,False,False,False,v,False,NOAA CO-OPS 8720218 water_level datum=NAVD units=metric tz=gmt interval=6
2022-09-27 17:54:00+00:00,-0.096,0.007,False,False,False,False,v,False,NOAA CO-OPS 8720218 water_level datum=NAVD units=metric tz=gmt interval=6
2022-09-27 18:00:00+00:00,-0.14,0.008,False,False,False,False,v,False,NOAA CO-OPS 8720218 water_level datum=NAVD units=metric tz=gmt interval=6
2022-09-27 18:06:00+00:00,-0.177,0.006,False,False,False,False,v,False,NOAA CO-OPS 8720218 water_level datum=NAVD units=metric tz=gmt interval=6
2022-09-27 18:12:00+00:00,-0.222,0.012,False,False,False,False,v,False,NOAA CO-OPS 8720218 water_level datum=NAVD units=metric tz=gmt interval=6
2022-09-27 18:18:00+00:00,-0.245,0.01,False,False,False,False,v,False,NOAA CO-OPS 8720218 water_level datum=NAVD units=metric tz=gmt interval=6
2022-09-27 18:24:00+00:00,-0.273,0.01,False,False,False,False,v,False,NOAA CO-OPS 8720218 water_level datum=NAVD units=metric tz=gmt interval=6
2022-09-27 18:30:00+00:00,-0.305,0.014,False,False,False,False,v,False,NOAA CO-OPS 8720218 water_level datum=NAVD units=metric tz=gmt interval=6
2022-09-27 18:36:00+00:00,-0.34,0.008,False,False,False,False,v,False,NOAA CO-OPS 8720218 water_level datum=NAVD units=metric tz=gmt interval=6
2022-09-27 18:42:00+00:00,-0.351,0.007,False,False,False,False,v,False,NOAA CO-OPS 8720218 water_level datum=NAVD units=metric tz=gmt interval=6
2022-09-27 18:48:00+00:00,-0.382,0.007,False,False,False,False,v,False,NOAA CO-OPS 8720218 water_level datum=NAVD units=metric tz=gmt interval=6
2022-09-27 18:54:00+00:00,-0.41,0.011,False,False,False,False,v,False,NOAA CO-OPS 8720218 water_level datum=NAVD units=metric tz=gmt interval=6
2022-09-27 19:00:00+00:00,-0.434,0.012,False,False,False,False,v,False,NOAA CO-OPS 8720218 water_level datum=NAVD units=metric tz=gmt interval=6
2022-09-27 19:06:00+00:00,-0.475,0.008,False,False,False,False,v,False,NOAA CO-OPS 8720218 water_level datum=NAVD units=metric tz=gmt interval=6
2022-09-27 19:12:00+00:00,-0.501,0.007,False,False,False,False,v,False,NOAA CO-OPS 8720218 water_level datum=NAVD units=metric tz=gmt interval=6
2022-09-27 19:18:00+00:00,-0.516,0.006,False,False,False,False,v,False,NOAA CO-OPS 8720218 water_level datum=NAVD units=metric tz=gmt interval=6
2022-09-27 19:24:00+00:00,-0.539,0.009,False,False,False,False,v,False,NOAA CO-OPS 8720218 water_level datum=NAVD units=metric tz=gmt interval=6
2022-09-27 19:30:00+00:00,-0.569,0.008,False,False,False,False,v,False,NOAA CO-OPS 8720218 water_level datum=NAVD units=metric tz=gmt interval=6
2022-09-27 19:36:00+00:00,-0.578,0.007,False,False,False,False,v,False,NOAA CO-OPS 8720218 water_level datum=NAVD units=metric tz=gmt interval=6
2022-09-27 19:42:00+00:00,-0.607,0.008,False,False,False,False,v,False,NOAA CO-OPS 8720218 water_level datum=NAVD units=metric tz=gmt interval=6
2022-09-27 19:48:00+00:00,-0.627,0.006,False,False,False,False,v,False,NOAA CO-OPS 8720218 water_level datum=NAVD units=metric tz=gmt interval=6
2022-09-27 19:54:00+00:00,-0.634,0.01,False,False,False,False,v,False,NOAA CO-OPS 8720218 water_level datum=NAVD units=metric tz=gmt interval=6
2022-09-27 20:00:00+00:00,-0.642,0.01,False,False,False,False,v,False,NOAA CO-OPS 8720218 water_level datum=NAVD units=metric tz=gmt interval=6
2022-09-27 20:06:00+00:00,-0.633,0.009,False,False,False,False,v,False,NOAA CO-OPS 8720218 water_level datum=NAVD units=metric tz=gmt interval=6
2022-09-27 20:12:00+00:00,-0.642,0.007,False,False,False,False,v,False,NOAA CO-OPS 8720218 water_level datum=NAVD units=metric tz=gmt interval=6
2022-09-27 20:18:00+00:00,-0.64,0.008,False,False,False,False,v,False,NOAA CO-OPS 8720218 water_level datum=NAVD units=metric tz=gmt interval=6
2022-09-27 20:24:00+00:00,-0.647,0.007,False,False,False,False,v,False,NOAA CO-OPS 8720218 water_level datum=NAVD units=metric tz=gmt interval=6
2022-09-27 20:30:00+00:00,-0.662,0.007,False,False,False,False,v,False,NOAA CO-OPS 8720218 water_level datum=NAVD units=metric tz=gmt interval=6
2022-09-27 20:36:00+00:00,-0.658,0.014,False,False,False,False,v,False,NOAA CO-OPS 8720218 water_level datum=NAVD units=metric tz=gmt interval=6
2022-09-27 20:42:00+00:00,-0.641,0.011,False,False,False,False,v,False,NOAA CO-OPS 8720218 water_level datum=NAVD units=metric tz=gmt interval=6
2022-09-27 20:48:00+00:00,-0.615,0.01,False,False,False,False,v,False,NOAA CO-OPS 8720218 water_level datum=NAVD units=metric tz=gmt interval=6
2022-09-27 20:54:00+00:00,-0.6,0.011,False,False,False,False,v,False,NOAA CO-OPS 8720218 water_level datum=NAVD units=metric tz=gmt interval=6
2022-09-27 21:00:00+00:00,-0.592,0.011,False,False,False,False,v,False,NOAA CO-OPS 8720218 water_level datum=NAVD units=metric tz=gmt interval=6
2022-09-27 21:06:00+00:00,-0.574,0.011,False,False,False,False,v,False,NOAA CO-OPS 8720218 water_level datum=NAVD units=metric tz=gmt interval=6
2022-09-27 21:12:00+00:00,-0.546,0.008,False,False,False,False,v,False,NOAA CO-OPS 8720218 water_level datum=NAVD units=metric tz=gmt interval=6
2022-09-27 21:18:00+00:00,-0.512,0.007,False,False,False,False,v,False,NOAA CO-OPS 8720218 water_level datum=NAVD units=metric tz=gmt interval=6
2022-09-27 21:24:00+00:00,-0.486,0.007,False,False,False,False,v,False,NOAA CO-OPS 8720218 water_level datum=NAVD units=metric tz=gmt interval=6
2022-09-27 21:30:00+00:00,-0.464,0.007,False,False,False,False,v,False,NOAA CO-OPS 8720218 water_level datum=NAVD units=metric tz=gmt interval=6
2022-09-27 21:36:00+00:00,-0.442,0.007,False,False,False,False,v,False,NOAA CO-OPS 8720218 water_level datum=NAVD units=metric tz=gmt interval=6
2022-09-27 21:42:00+00:00,-0.418,0.006,False,False,False,False,v,False,NOAA CO-OPS 8720218 water_level datum=NAVD units=metric tz=gmt interval=6
2022-09-27 21:48:00+00:00,-0.392,0.005,False,False,False,False,v,False,NOAA CO-OPS 8720218 water_level datum=NAVD units=metric tz=gmt interval=6
2022-09-27 21:54:00+00:00,-0.36,0.006,False,False,False,False,v,False,NOAA CO-OPS 8720218 water_level datum=NAVD units=metric tz=gmt interval=6
2022-09-27 22:00:00+00:00,-0.318,0.007,False,False,False,False,v,False,NOAA CO-OPS 8720218 water_level datum=NAVD units=metric tz=gmt interval=6
2022-09-27 22:06:00+00:00,-0.276,0.005,False,False,False,False,v,False,NOAA CO-OPS 8720218 water_level datum=NAVD units=metric tz=gmt interval=6
2022-09-27 22:12:00+00:00,-0.232,0.006,False,False,False,False,v,False,NOAA CO-OPS 8720218 water_level datum=NAVD units=metric tz=gmt interval=6
2022-09-27 22:18:00+00:00,-0.187,0.007,False,False,False,False,v,False,NOAA CO-OPS 8720218 water_level datum=NAVD units=metric tz=gmt interval=6
2022-09-27 22:24:00+00:00,-0.153,0.006,False,False,False,False,v,False,NOAA CO-OPS 8720218 water_level datum=NAVD units=metric tz=gmt interval=6
2022-09-27 22:30:00+00:00,-0.124,0.004,False,False,False,False,v,False,NOAA CO-OPS 8720218 water_level datum=NAVD units=metric tz=gmt interval=6
2022-09-27 22:36:00+00:00,-0.096,0.005,False,False,False,False,v,False,NOAA CO-OPS 8720218 water_level datum=NAVD units=metric tz=gmt interval=6
2022-09-27 22:42:00+00:00,-0.095,0.021,False,False,False,False,v,False,NOAA CO-OPS 8720218 water_level datum=NAVD units=metric tz=gmt interval=6
2022-09-27 22:48:00+00:00,-0.038,0.01,False,False,False,False,v,False,NOAA CO-OPS 8720218 water_level datum=NAVD units=metric tz=gmt interval=6
2022-09-27 22:54:00+00:00,-0.006,0.011,False,False,False,False,v,False,NOAA CO-OPS 8720218 water_level datum=NAVD units=metric tz=gmt interval=6
2022-09-27 23:00:00+00:00,0.017,0.008,False,False,False,False,v,False,NOAA CO-OPS 8720218 water_level datum=NAVD units=metric tz=gmt interval=6
2022-09-27 23:06:00+00:00,0.079,0.01,False,False,False,False,v,False,NOAA CO-OPS 8720218 water_level datum=NAVD units=metric tz=gmt interval=6
2022-09-27 23:12:00+00:00,0.109,0.004,False,False,False,False,v,False,NOAA CO-OPS 8720218 water_level datum=NAVD units=metric tz=gmt interval=6
2022-09-27 23:18:00+00:00,0.122,0.005,False,False,False,False,v,False,NOAA CO-OPS 8720218 water_level datum=NAVD units=metric tz=gmt interval=6
2022-09-27 23:24:00+00:00,0.151,0.014,False,False,False,False,v,False,NOAA CO-OPS 8720218 water_level datum=NAVD units=metric tz=gmt interval=6
2022-09-27 23:30:00+00:00,0.186,0.007,False,False,False,False,v,False,NOAA CO-OPS 8720218 water_level datum=NAVD units=metric tz=gmt interval=6
2022-09-27 23:36:00+00:00,0.219,0.008,False,False,False,False,v,False,NOAA CO-OPS 8720218 water_level datum=NAVD units=metric tz=gmt interval=6
2022-09-27 23:42:00+00:00,0.264,0.01,False,False,False,False,v,False,NOAA CO-OPS 8720218 water_level datum=NAVD units=metric tz=gmt interval=6
2022-09-27 23:48:00+00:00,0.259,0.012,False,False,False,False,v,False,NOAA CO-OPS 8720218 water_level datum=NAVD units=metric tz=gmt interval=6
2022-09-27 23:54:00+00:00,0.282,0.036,False,False,False,False,v,False,NOAA CO-OPS 8720218 water_level datum=NAVD units=metric tz=gmt interval=6
2022-09-28 00:00:00+00:00,0.332,0.011,False,False,False,False,v,False,NOAA CO-OPS 8720218 water_level datum=NAVD units=metric tz=gmt interval=6
2022-09-28 00:06:00+00:00,0.371,0.026,False,False,False,False,v,False,NOAA CO-OPS 8720218 water_level datum=NAVD units=metric tz=gmt interval=6
2022-09-28 00:12:00+00:00,0.366,0.02,False,False,False,False,v,False,NOAA CO-OPS 8720218 water_level datum=NAVD units=metric tz=gmt interval=6
2022-09-28 00:18:00+00:00,0.423,0.022,False,False,False,False,v,False,NOAA CO-OPS 8720218 water_level datum=NAVD units=metric tz=gmt interval=6
2022-09-28 00:24:00+00:00,0.425,0.012,False,False,False,False,v,False,NOAA CO-OPS 8720218 water_level datum=NAVD units=metric tz=gmt interval=6
2022-09-28 00:30:00+00:00,0.449,0.014,False,False,False,False,v,False,NOAA CO-OPS 8720218 water_level datum=NAVD units=metric tz=gmt interval=6
2022-09-28 00:36:00+00:00,0.48,0.011,False,False,False,False,v,False,NOAA CO-OPS 8720218 water_level datum=NAVD units=metric tz=gmt interval=6
2022-09-28 00:42:00+00:00,0.505,0.009,False,False,False,False,v,False,NOAA CO-OPS 8720218 water_level datum=NAVD units=metric tz=gmt interval=6
2022-09-28 00:48:00+00:00,0.52,0.01,False,False,False,False,v,False,NOAA CO-OPS 8720218 water_level datum=NAVD units=metric tz=gmt interval=6
2022-09-28 00:54:00+00:00,0.544,0.01,False,False,False,False,v,False,NOAA CO-OPS 8720218 water_level datum=NAVD units=metric tz=gmt interval=6
2022-09-28 01:00:00+00:00,0.564,0.008,False,False,False,False,v,False,NOAA CO-OPS 8720218 water_level datum=NAVD units=metric tz=gmt interval=6
2022-09-28 01:06:00+00:00,0.582,0.011,False,False,False,False,v,False,NOAA CO-OPS 8720218 water_level datum=NAVD units=metric tz=gmt interval=6
2022-09-28 01:12:00+00:00,0.604,0.005,False,False,False,False,v,False,NOAA CO-OPS 8720218 water_level datum=NAVD units=metric tz=gmt interval=6
2022-09-28 01:18:00+00:00,0.629,0.007,False,False,False,False,v,False,NOAA CO-OPS 8720218 water_level datum=NAVD units=metric tz=gmt interval=6
2022-09-28 01:24:00+00:00,0.648,0.007,False,False,False,False,v,False,NOAA CO-OPS 8720218 water_level datum=NAVD units=metric tz=gmt interval=6
2022-09-28 01:30:00+00:00,0.663,0.008,False,False,False,False,v,False,NOAA CO-OPS 8720218 water_level datum=NAVD units=metric tz=gmt interval=6
2022-09-28 01:36:00+00:00,0.68,0.007,False,False,False,False,v,False,NOAA CO-OPS 8720218 water_level datum=NAVD units=metric tz=gmt interval=6
2022-09-28 01:42:00+00:00,0.709,0.008,False,False,False,False,v,False,NOAA CO-OPS 8720218 water_level datum=NAVD units=metric tz=gmt interval=6
2022-09-28 01:48:00+00:00,0.728,0.006,False,False,False,False,v,False,NOAA CO-OPS 8720218 water_level datum=NAVD units=metric tz=gmt interval=6
2022-09-28 01:54:00+00:00,0.729,0.007,False,False,False,False,v,False,NOAA CO-OPS 8720218 water_level datum=NAVD units=metric tz=gmt interval=6
2022-09-28 02:00:00+00:00,0.734,0.007,False,False,False,False,v,False,NOAA CO-OPS 8720218 water_level datum=NAVD units=metric tz=gmt interval=6
2022-09-28 02:06:00+00:00,0.751,0.01,False,False,False,False,v,False,NOAA CO-OPS 8720218 water_level datum=NAVD units=metric tz=gmt interval=6
2022-09-28 02:12:00+00:00,0.769,0.008,False,False,False,False,v,False,NOAA CO-OPS 8720218 water_level datum=NAVD units=metric tz=gmt interval=6
2022-09-28 02:18:00+00:00,0.777,0.007,False,False,False,False,v,False,NOAA CO-OPS 8720218 water_level datum=NAVD units=metric tz=gmt interval=6
2022-09-28 02:24:00+00:00,0.78,0.009,False,False,False,False,v,False,NOAA CO-OPS 8720218 water_level datum=NAVD units=metric tz=gmt interval=6
2022-09-28 02:30:00+00:00,0.778,0.007,False,False,False,False,v,False,NOAA CO-OPS 8720218 water_level datum=NAVD units=metric tz=gmt interval=6
2022-09-28 02:36:00+00:00,0.779,0.009,False,False,False,False,v,False,NOAA CO-OPS 8720218 water_level datum=NAVD units=metric tz=gmt interval=6
2022-09-28 02:42:00+00:00,0.78,0.008,False,False,False,False,v,False,NOAA CO-OPS 8720218 water_level datum=NAVD units=metric tz=gmt interval=6
2022-09-28 02:48:00+00:00,0.786,0.008,False,False,False,False,v,False,NOAA CO-OPS 8720218 water_level datum=NAVD units=metric tz=gmt interval=6
2022-09-28 02:54:00+00:00,0.782,0.005,False,False,False,False,v,False,NOAA CO-OPS 8720218 water_level datum=NAVD units=metric tz=gmt interval=6
2022-09-28 03:00:00+00:00,0.779,0.008,False,False,False,False,v,False,NOAA CO-OPS 8720218 water_level datum=NAVD units=metric tz=gmt interval=6
2022-09-28 03:06:00+00:00,0.772,0.008,False,False,False,False,v,False,NOAA CO-OPS 8720218 water_level datum=NAVD units=metric tz=gmt interval=6
2022-09-28 03:12:00+00:00,0.763,0.006,False,False,False,False,v,False,NOAA CO-OPS 8720218 water_level datum=NAVD units=metric tz=gmt interval=6
2022-09-28 03:18:00+00:00,0.755,0.008,False,False,False,False,v,False,NOAA CO-OPS 8720218 water_level datum=NAVD units=metric tz=gmt interval=6
2022-09-28 03:24:00+00:00,0.741,0.005,False,False,False,False,v,False,NOAA CO-OPS 8720218 water_level datum=NAVD units=metric tz=gmt interval=6
2022-09-28 03:30:00+00:00,0.729,0.006,False,False,False,False,v,False,NOAA CO-OPS 8720218 water_level datum=NAVD units=metric tz=gmt interval=6
2022-09-28 03:36:00+00:00,0.719,0.006,False,False,False,False,v,False,NOAA CO-OPS 8720218 water_level datum=NAVD units=metric tz=gmt interval=6
2022-09-28 03:42:00+00:00,0.709,0.006,False,False,False,False,v,False,NOAA CO-OPS 8720218 water_level datum=NAVD units=metric tz=gmt interval=6
2022-09-28 03:48:00+00:00,0.706,0.005,False,False,False,False,v,False,NOAA CO-OPS 8720218 water_level datum=NAVD units=metric tz=gmt interval=6
2022-09-28 03:54:00+00:00,0.697,0.006,False,False,False,False,v,False,NOAA CO-OPS 8720218 water_level datum=NAVD units=metric tz=gmt interval=6
2022-09-28 04:00:00+00:00,0.665,0.008,False,False,False,False,v,False,NOAA CO-OPS 8720218 water_level datum=NAVD units=metric tz=gmt interval=6
2022-09-28 04:06:00+00:00,0.63,0.006,False,False,False,False,v,False,NOAA CO-OPS 8720218 water_level datum=NAVD units=metric tz=gmt interval=6
2022-09-28 04:12:00+00:00,0.604,0.005,False,False,False,False,v,False,NOAA CO-OPS 8720218 water_level datum=NAVD units=metric tz=gmt interval=6
2022-09-28 04:18:00+00:00,0.58,0.004,False,False,False,False,v,False,NOAA CO-OPS 8720218 water_level datum=NAVD units=metric tz=gmt interval=6
2022-09-28 04:24:00+00:00,0.55,0.006,False,False,False,False,v,False,NOAA CO-OPS 8720218 water_level datum=NAVD units=metric tz=gmt interval=6
2022-09-28 04:30:00+00:00,0.501,0.006,False,False,False,False,v,False,NOAA CO-OPS 8720218 water_level datum=NAVD units=metric tz=gmt interval=6
2022-09-28 04:36:00+00:00,0.471,0.004,False,False,False,False,v,False,NOAA CO-OPS 8720218 water_level datum=NAVD units=metric tz=gmt interval=6
2022-09-28 04:42:00+00:00,0.453,0.005,False,False,False,False,v,False,NOAA CO-OPS 8720218 water_level datum=NAVD units=metric tz=gmt interval=6
2022-09-28 04:48:00+00:00,0.414,0.007,False,False,False,False,v,False,NOAA CO-OPS 8720218 water_level datum=NAVD units=metric tz=gmt interval=6
2022-09-28 04:54:00+00:00,0.366,0.005,False,False,False,False,v,False,NOAA CO-OPS 8720218 water_level datum=NAVD units=metric tz=gmt interval=6
2022-09-28 05:00:00+00:00,0.323,0.006,False,False,False,False,v,False,NOAA CO-OPS 8720218 water_level datum=NAVD units=metric tz=gmt interval=6
2022-09-28 05:06:00+00:00,0.287,0.005,False,False,False,False,v,False,NOAA CO-OPS 8720218 water_level datum=NAVD units=metric tz=gmt interval=6
2022-09-28 05:12:00+00:00,0.248,0.006,False,False,False,False,v,False,NOAA CO-OPS 8720218 water_level datum=NAVD units=metric tz=gmt interval=6
2022-09-28 05:18:00+00:00,0.194,0.008,False,False,False,False,v,False,NOAA CO-OPS 8720218 water_level datum=NAVD units=metric tz=gmt interval=6
2022-09-28 05:24:00+00:00,0.138,0.007,False,False,False,False,v,False,NOAA CO-OPS 8720218 water_level datum=NAVD units=metric tz=gmt interval=6
2022-09-28 05:30:00+00:00,0.097,0.007,False,False,False,False,v,False,NOAA CO-OPS 8720218 water_level datum=NAVD units=metric tz=gmt interval=6
2022-09-28 05:36:00+00:00,0.047,0.006,False,False,False,False,v,False,NOAA CO-OPS 8720218 water_level datum=NAVD units=metric tz=gmt interval=6
2022-09-28 05:42:00+00:00,0.011,0.006,False,False,False,False,v,False,NOAA CO-OPS 8720218 water_level datum=NAVD units=metric tz=gmt interval=6
2022-09-28 05:48:00+00:00,-0.037,0.008,False,False,False,False,v,False,NOAA CO-OPS 8720218 water_level datum=NAVD units=metric tz=gmt interval=6
2022-09-28 05:54:00+00:00,-0.087,0.008,False,False,False,False,v,False,NOAA CO-OPS 8720218 water_level datum=NAVD units=metric tz=gmt interval=6
2022-09-28 06:00:00+00:00,-0.119,0.009,False,False,False,False,v,False,NOAA CO-OPS 8720218 water_level datum=NAVD units=metric tz=gmt interval=6
2022-09-28 06:06:00+00:00,-0.142,0.009,False,False,False,False,v,False,NOAA CO-OPS 8720218 water_level datum=NAVD units=metric tz=gmt interval=6
2022-09-28 06:12:00+00:00,-0.168,0.01,False,False,False,False,v,False,NOAA CO-OPS 8720218 water_level datum=NAVD units=metric tz=gmt interval=6
2022-09-28 06:18:00+00:00,-0.204,0.01,False,False,False,False,v,False,NOAA CO-OPS 8720218 water_level datum=NAVD units=metric tz=gmt interval=6
2022-09-28 06:24:00+00:00,-0.243,0.01,False,False,False,False,v,False,NOAA CO-OPS 8720218 water_level datum=NAVD units=metric tz=gmt interval=6
2022-09-28 06:30:00+00:00,-0.279,0.014,False,False,False,False,v,False,NOAA CO-OPS 8720218 water_level datum=NAVD units=metric tz=gmt interval=6
2022-09-28 06:36:00+00:00,-0.303,0.013,False,False,False,False,v,False,NOAA CO-OPS 8720218 water_level datum=NAVD units=metric tz=gmt interval=6
2022-09-28 06:42:00+00:00,-0.329,0.01,False,False,False,False,v,False,NOAA CO-OPS 8720218 water_level datum=NAVD units=metric tz=gmt interval=6
2022-09-28 06:48:00+00:00,-0.357,0.011,False,False,False,False,v,False,NOAA CO-OPS 8720218 water_level datum=NAVD units=metric tz=gmt interval=6
2022-09-28 06:54:00+00:00,-0.377,0.014,False,False,False,False,v,False,NOAA CO-OPS 8720218 water_level datum=NAVD units=metric tz=gmt interval=6
2022-09-28 07:00:00+00:00,-0.399,0.016,False,False,False,False,v,False,NOAA CO-OPS 8720218 water_level datum=NAVD units=metric tz=gmt interval=6
2022-09-28 07:06:00+00:00,-0.412,0.015,False,False,False,False,v,False,NOAA CO-OPS 8720218 water_level datum=NAVD units=metric tz=gmt interval=6
2022-09-28 07:12:00+00:00,-0.424,0.014,False,False,False,False,v,False,NOAA CO-OPS 8720218 water_level datum=NAVD units=metric tz=gmt interval=6
2022-09-28 07:18:00+00:00,-0.44,0.014,False,False,False,False,v,False,NOAA CO-OPS 8720218 water_level datum=NAVD units=metric tz=gmt interval=6
2022-09-28 07:24:00+00:00,-0.461,0.012,False,False,False,False,v,False,NOAA CO-OPS 8720218 water_level datum=NAVD units=metric tz=gmt interval=6
2022-09-28 07:30:00+00:00,-0.479,0.012,False,False,False,False,v,False,NOAA CO-OPS 8720218 water_level datum=NAVD units=metric tz=gmt interval=6
2022-09-28 07:36:00+00:00,-0.488,0.017,False,False,False,False,v,False,NOAA CO-OPS 8720218 water_level datum=NAVD units=metric tz=gmt interval=6
2022-09-28 07:42:00+00:00,-0.498,0.016,False,False,False,False,v,False,NOAA CO-OPS 8720218 water_level datum=NAVD units=metric tz=gmt interval=6
2022-09-28 07:48:00+00:00,-0.504,0.015,False,False,False,False,v,False,NOAA CO-OPS 8720218 water_level datum=NAVD units=metric tz=gmt interval=6
2022-09-28 07:54:00+00:00,-0.511,0.015,False,False,False,False,v,False,NOAA CO-OPS 8720218 water_level datum=NAVD units=metric tz=gmt interval=6
2022-09-28 08:00:00+00:00,-0.513,0.021,False,False,False,False,v,False,NOAA CO-OPS 8720218 water_level datum=NAVD units=metric tz=gmt interval=6
2022-09-28 08:06:00+00:00,-0.511,0.014,False,False,False,False,v,False,NOAA CO-OPS 8720218 water_level datum=NAVD units=metric tz=gmt interval=6
2022-09-28 08:12:00+00:00,-0.515,0.016,False,False,False,False,v,False,NOAA CO-OPS 8720218 water_level datum=NAVD units=metric tz=gmt interval=6
2022-09-28 08:18:00+00:00,-0.522,0.014,False,False,False,False,v,False,NOAA CO-OPS 8720218 water_level datum=NAVD units=metric tz=gmt interval=6
2022-09-28 08:24:00+00:00,-0.519,0.013,False,False,False,False,v,False,NOAA CO-OPS 8720218 water_level datum=NAVD units=metric tz=gmt interval=6
2022-09-28 08:30:00+00:00,-0.52,0.013,False,False,False,False,v,False,NOAA CO-OPS 8720218 water_level datum=NAVD units=metric tz=gmt interval=6
2022-09-28 08:36:00+00:00,-0.513,0.013,False,False,False,False,v,False,NOAA CO-OPS 8720218 water_level datum=NAVD units=metric tz=gmt interval=6
2022-09-28 08:42:00+00:00,-0.505,0.012,False,False,False,False,v,False,NOAA CO-OPS 8720218 water_level datum=NAVD units=metric tz=gmt interval=6
2022-09-28 08:48:00+00:00,-0.476,0.016,False,False,False,False,v,False,NOAA CO-OPS 8720218 water_level datum=NAVD units=metric tz=gmt interval=6
2022-09-28 08:54:00+00:00,-0.441,0.013,False,False,False,False,v,False,NOAA CO-OPS 8720218 water_level datum=NAVD units=metric tz=gmt interval=6
2022-09-28 09:00:00+00:00,-0.438,0.012,False,False,False,False,v,False,NOAA CO-OPS 8720218 water_level datum=NAVD units=metric tz=gmt interval=6
2022-09-28 09:06:00+00:00,-0.438,0.014,False,False,False,False,v,False,NOAA CO-OPS 8720218 water_level datum=NAVD units=metric tz=gmt interval=6
2022-09-28 09:12:00+00:00,-0.42,0.015,False,False,False,False,v,False,NOAA CO-OPS 8720218 water_level datum=NAVD units=metric tz=gmt interval=6
2022-09-28 09:18:00+00:00,-0.383,0.018,False,False,False,False,v,False,NOAA CO-OPS 8720218 water_level datum=NAVD units=metric tz=gmt interval=6
2022-09-28 09:24:00+00:00,-0.341,0.012,False,False,False,False,v,False,NOAA CO-OPS 8720218 water_level datum=NAVD units=metric tz=gmt interval=6
2022-09-28 09:30:00+00:00,-0.321,0.012,False,False,False,False,v,False,NOAA CO-OPS 8720218 water_level datum=NAVD units=metric tz=gmt interval=6
2022-09-28 09:36:00+00:00,-0.299,0.011,False,False,False,False,v,False,NOAA CO-OPS 8720218 water_level datum=NAVD units=metric tz=gmt interval=6
2022-09-28 09:42:00+00:00,-0.261,0.01,False,False,False,False,v,False,NOAA CO-OPS 8720218 water_level datum=NAVD units=metric tz=gmt interval=6
2022-09-28 09:48:00+00:00,-0.235,0.008,False,False,False,False,v,False,NOAA CO-OPS 8720218 water_level datum=NAVD units=metric tz=gmt interval=6
2022-09-28 09:54:00+00:00,-0.203,0.011,False,False,False,False,v,False,NOAA CO-OPS 8720218 water_level datum=NAVD units=metric tz=gmt interval=6
2022-09-28 10:00:00+00:00,-0.168,0.011,False,False,False,False,v,False,NOAA CO-OPS 8720218 water_level datum=NAVD units=metric tz=gmt interval=6
2022-09-28 10:06:00+00:00,-0.142,0.009,False,False,False,False,v,False,NOAA CO-OPS 8720218 water_level datum=NAVD units=metric tz=gmt interval=6
2022-09-28 10:12:00+00:00,-0.112,0.007,False,False,False,False,v,False,NOAA CO-OPS 8720218 water_level datum=NAVD units=metric tz=gmt interval=6
2022-09-28 10:18:00+00:00,-0.088,0.006,False,False,False,False,v,False,NOAA CO-OPS 8720218 water_level datum=NAVD units=metric tz=gmt interval=6
2022-09-28 10:24:00+00:00,-0.059,0.005,False,False,False,False,v,False,NOAA CO-OPS 8720218 water_level datum=NAVD units=metric tz=gmt interval=6
2022-09-28 10:30:00+00:00,-0.011,0.006,False,False,False,False,v,False,NOAA CO-OPS 8720218 water_level datum=NAVD units=metric tz=gmt interval=6
2022-09-28 10:36:00+00:00,0.026,0.007,False,False,False,False,v,False,NOAA CO-OPS 8720218 water_level datum=NAVD units=metric tz=gmt interval=6
2022-09-28 10:42:00+00:00,0.058,0.009,False,False,False,False,v,False,NOAA CO-OPS 8720218 water_level datum=NAVD units=metric tz=gmt interval=6
2022-09-28 10:48:00+00:00,0.097,0.006,False,False,False,False,v,False,NOAA CO-OPS 8720218 water_level datum=NAVD units=metric tz=gmt interval=6
2022-09-28 10:54:00+00:00,0.126,0.009,False,False,False,False,v,False,NOAA CO-OPS 8720218 water_level datum=NAVD units=metric tz=gmt interval=6
2022-09-28 11:00:00+00:00,0.172,0.007,False,False,False,False,v,False,NOAA CO-OPS 8720218 water_level datum=NAVD units=metric tz=gmt interval=6
2022-09-28 11:06:00+00:00,0.215,0.008,False,False,False,False,v,False,NOAA CO-OPS 8720218 water_level datum=NAVD units=metric tz=gmt interval=6
2022-09-28 11:12:00+00:00,0.239,0.009,False,False,False,False,v,False,NOAA CO-OPS 8720218 water_level datum=NAVD units=metric tz=gmt interval=6
2022-09-28 11:18:00+00:00,0.254,0.01,False,False,False,False,v,False,NOAA CO-OPS 8720218 water_level datum=NAVD units=metric tz=gmt interval=6
2022-09-28 11:24:00+00:00,0.284,0.012,False,False,False,False,v,False,NOAA CO-OPS 8720218 water_level datum=NAVD units=metric tz=gmt interval=6
2022-09-28 11:30:00+00:00,0.314,0.012,False,False,False,False,v,False,NOAA CO-OPS 8720218 water_level datum=NAVD units=metric tz=gmt interval=6
2022-09-28 11:36:00+00:00,0.341,0.011,False,False,False,False,v,False,NOAA CO-OPS 8720218 water_level datum=NAVD units=metric tz=gmt interval=6
2022-09-28 11:42:00+00:00,0.354,0.014,False,False,False,False,v,False,NOAA CO-OPS 8720218 water_level datum=NAVD units=metric tz=gmt interval=6
2022-09-28 11:48:00+00:00,0.38,0.014,False,False,False,False,v,False,NOAA CO-OPS 8720218 water_level datum=NAVD units=metric tz=gmt interval=6
2022-09-28 11:54:00+00:00,0.419,0.015,False,False,False,False,v,False,NOAA CO-OPS 8720218 water_level datum=NAVD units=metric tz=gmt interval=6
2022-09-28 12:00:00+00:00,0.463,0.013,False,False,False,False,v,False,NOAA CO-OPS 8720218 water_level datum=NAVD units=metric tz=gmt interval=6
2022-09-28 12:06:00+00:00,0.507,0.013,False,False,False,False,v,False,NOAA CO-OPS 8720218 water_level datum=NAVD units=metric tz=gmt interval=6
2022-09-28 12:12:00+00:00,0.544,0.014,False,False,False,False,v,False,NOAA CO-OPS 8720218 water_level datum=NAVD units=metric tz=gmt interval=6
2022-09-28 12:18:00+00:00,0.565,0.012,False,False,False,False,v,False,NOAA CO-OPS 8720218 water_level datum=NAVD units=metric tz=gmt interval=6
2022-09-28 12:24:00+00:00,0.571,0.009,False,False,False,False,v,False,NOAA CO-OPS 8720218 water_level datum=NAVD units=metric tz=gmt interval=6
2022-09-28 12:30:00+00:00,0.606,0.011,False,False,False,False,v,False,NOAA CO-OPS 8720218 water_level datum=NAVD units=metric tz=gmt interval=6
2022-09-28 12:36:00+00:00,0.663,0.014,False,False,False,False,v,False,NOAA CO-OPS 8720218 water_level datum=NAVD units=metric tz=gmt interval=6
2022-09-28 12:42:00+00:00,0.684,0.011,False,False,False,False,v,False,NOAA CO-OPS 8720218 water_level datum=NAVD units=metric tz=gmt interval=6
2022-09-28 12:48:00+00:00,0.678,0.012,False,False,False,False,v,False,NOAA CO-OPS 8720218 water_level datum=NAVD units=metric tz=gmt interval=6
2022-09-28 12:54:00+00:00,0.691,0.012,False,False,False,False,v,False,NOAA CO-OPS 8720218 water_level datum=NAVD units=metric tz=gmt interval=6
2022-09-28 13:00:00+00:00,0.727,0.01,False,False,False,False,v,False,NOAA CO-OPS 8720218 water_level datum=NAVD units=metric tz=gmt interval=6
2022-09-28 13:06:00+00:00,0.751,0.012,False,False,False,False,v,False,NOAA CO-OPS 8720218 water_level datum=NAVD units=metric tz=gmt interval=6
2022-09-28 13:12:00+00:00,0.773,0.013,False,False,False,False,v,False,NOAA CO-OPS 8720218 water_level datum=NAVD units=metric tz=gmt interval=6
2022-09-28 13:18:00+00:00,0.806,0.013,False,False,False,False,v,False,NOAA CO-OPS 8720218 water_level datum=NAVD units=metric tz=gmt interval=6
2022-09-28 13:24:00+00:00,0.834,0.012,False,False,False,False,v,False,NOAA CO-OPS 8720218 water_level datum=NAVD units=metric tz=gmt interval=6
2022-09-28 13:30:00+00:00,0.861,0.01,False,False,False,False,v,False,NOAA CO-OPS 8720218 water_level datum=NAVD units=metric tz=gmt interval=6
2022-09-28 13:36:00+00:00,0.869,0.012,False,False,False,False,v,False,NOAA CO-OPS 8720218 water_level datum=NAVD units=metric tz=gmt interval=6
2022-09-28 13:42:00+00:00,0.869,0.012,False,False,False,False,v,False,NOAA CO-OPS 8720218 water_level datum=NAVD units=metric tz=gmt interval=6
2022-09-28 13:48:00+00:00,0.883,0.013,False,False,False,False,v,False,NOAA CO-OPS 8720218 water_level datum=NAVD units=metric tz=gmt interval=6
2022-09-28 13:54:00+00:00,0.9,0.011,False,False,False,False,v,False,NOAA CO-OPS 8720218 water_level datum=NAVD units=metric tz=gmt interval=6
2022-09-28 14:00:00+00:00,0.94,0.016,False,False,False,False,v,False,NOAA CO-OPS 8720218 water_level datum=NAVD units=metric tz=gmt interval=6
2022-09-28 14:06:00+00:00,0.982,0.016,False,False,False,False,v,False,NOAA CO-OPS 8720218 water_level datum=NAVD units=metric tz=gmt interval=6
2022-09-28 14:12:00+00:00,0.992,0.014,False,False,False,False,v,False,NOAA CO-OPS 8720218 water_level datum=NAVD units=metric tz=gmt interval=6
2022-09-28 14:18:00+00:00,1.001,0.014,False,False,False,False,v,False,NOAA CO-OPS 8720218 water_level datum=NAVD units=metric tz=gmt interval=6
2022-09-28 14:24:00+00:00,1.014,0.012,False,False,False,False,v,False,NOAA CO-OPS 8720218 water_level datum=NAVD units=metric tz=gmt interval=6
2022-09-28 14:30:00+00:00,1.024,0.014,False,False,False,False,v,False,NOAA CO-OPS 8720218 water_level datum=NAVD units=metric tz=gmt interval=6
2022-09-28 14:36:00+00:00,1.048,0.016,False,False,False,False,v,False,NOAA CO-OPS 8720218 water_level datum=NAVD units=metric tz=gmt interval=6
2022-09-28 14:42:00+00:00,1.056,0.012,False,False,False,False,v,False,NOAA CO-OPS 8720218 water_level datum=NAVD units=metric tz=gmt interval=6
2022-09-28 14:48:00+00:00,1.061,0.013,False,False,False,False,v,False,NOAA CO-OPS 8720218 water_level datum=NAVD units=metric tz=gmt interval=6
2022-09-28 14:54:00+00:00,1.085,0.011,False,False,False,False,v,False,NOAA CO-OPS 8720218 water_level datum=NAVD units=metric tz=gmt interval=6
2022-09-28 15:00:00+00:00,1.099,0.012,False,False,False,False,v,False,NOAA CO-OPS 8720218 water_level datum=NAVD units=metric tz=gmt interval=6
2022-09-28 15:06:00+00:00,1.106,0.013,False,False,False,False,v,False,NOAA CO-OPS 8720218 water_level datum=NAVD units=metric tz=gmt interval=6
2022-09-28 15:12:00+00:00,1.09,0.013,False,False,False,False,v,False,NOAA CO-OPS 8720218 water_level datum=NAVD units=metric tz=gmt interval=6
2022-09-28 15:18:00+00:00,1.074,0.011,False,False,False,False,v,False,NOAA CO-OPS 8720218 water_level datum=NAVD units=metric tz=gmt interval=6
2022-09-28 15:24:00+00:00,1.095,0.012,False,False,False,False,v,False,NOAA CO-OPS 8720218 water_level datum=NAVD units=metric tz=gmt interval=6
2022-09-28 15:30:00+00:00,1.09,0.01,False,False,False,False,v,False,NOAA CO-OPS 8720218 water_level datum=NAVD units=metric tz=gmt interval=6
2022-09-28 15:36:00+00:00,1.059,0.012,False,False,False,False,v,False,NOAA CO-OPS 8720218 water_level datum=NAVD units=metric tz=gmt interval=6
2022-09-28 15:42:00+00:00,1.052,0.014,False,False,False,False,v,False,NOAA CO-OPS 8720218 water_level datum=NAVD units=metric tz=gmt interval=6
2022-09-28 15:48:00+00:00,1.084,0.008,False,False,False,False,v,False,NOAA CO-OPS 8720218 water_level datum=NAVD units=metric tz=gmt interval=6
2022-09-28 15:54:00+00:00,1.086,0.01,False,False,False,False,v,False,NOAA CO-OPS 8720218 water_level datum=NAVD units=metric tz=gmt interval=6
2022-09-28 16:00:00+00:00,1.079,0.01,False,False,False,False,v,False,NOAA CO-OPS 8720218 water_level datum=NAVD units=metric tz=gmt interval=6
2022-09-28 16:06:00+00:00,1.061,0.008,False,False,False,False,v,False,NOAA CO-OPS 8720218 water_level datum=NAVD units=metric tz=gmt interval=6
2022-09-28 16:12:00+00:00,1.044,0.011,False,False,False,False,v,False,NOAA CO-OPS 8720218 water_level datum=NAVD units=metric tz=gmt interval=6
2022-09-28 16:18:00+00:00,1.015,0.016,False,False,False,False,v,False,NOAA CO-OPS 8720218 water_level datum=NAVD units=metric tz=gmt interval=6
2022-09-28 16:24:00+00:00,0.976,0.012,False,False,False,False,v,False,NOAA CO-OPS 8720218 water_level datum=NAVD units=metric tz=gmt interval=6
2022-09-28 16:30:00+00:00,0.964,0.012,False,False,False,False,v,False,NOAA CO-OPS 8720218 water_level datum=NAVD units=metric tz=gmt interval=6
2022-09-28 16:36:00+00:00,0.948,0.013,False,False,False,False,v,False,NOAA CO-OPS 8720218 water_level datum=NAVD units=metric tz=gmt interval=6
2022-09-28 16:42:00+00:00,0.92,0.01,False,False,False,False,v,False,NOAA CO-OPS 8720218 water_level datum=NAVD units=metric tz=gmt interval=6
2022-09-28 16:48:00+00:00,0.882,0.011,False,False,False,False,v,False,NOAA CO-OPS 8720218 water_level datum=NAVD units=metric tz=gmt interval=6
2022-09-28 16:54:00+00:00,0.821,0.013,False,False,False,False,v,False,NOAA CO-OPS 8720218 water_level datum=NAVD units=metric tz=gmt interval=6
2022-09-28 17:00:00+00:00,0.798,0.011,False,False,False,False,v,False,NOAA CO-OPS 8720218 water_level datum=NAVD units=metric tz=gmt interval=6
2022-09-28 17:06:00+00:00,0.802,0.011,False,False,False,False,v,False,NOAA CO-OPS 8720218 water_level datum=NAVD units=metric tz=gmt interval=6
2022-09-28 17:12:00+00:00,0.779,0.012,False,False,False,False,v,False,NOAA CO-OPS 8720218 water_level datum=NAVD units=metric tz=gmt interval=6
2022-09-28 17:18:00+00:00,0.738,0.013,False,False,False,False,v,False,NOAA CO-OPS 8720218 water_level datum=NAVD units=metric tz=gmt interval=6
2022-09-28 17:24:00+00:00,0.698,0.011,False,False,False,False,v,False,NOAA CO-OPS 8720218 water_level datum=NAVD units=metric tz=gmt interval=6
2022-09-28 17:30:00+00:00,0.682,0.014,False,False,False,False,v,False,NOAA CO-OPS 8720218 water_level datum=NAVD units=metric tz=gmt interval=6
2022-09-28 17:36:00+00:00,0.664,0.012,False,False,False,False,v,False,NOAA CO-OPS 8720218 water_level datum=NAVD units=metric tz=gmt interval=6
2022-09-28 17:42:00+00:00,0.627,0.011,False,False,False,False,v,False,NOAA CO-OPS 8720218 water_level datum=NAVD units=metric tz=gmt interval=6
2022-09-28 17:48:00+00:00,0.577,0.012,False,False,False,False,v,False,NOAA CO-OPS 8720218 water_level datum=NAVD units=metric tz=gmt interval=6
2022-09-28 17:54:00+00:00,0.526,0.011,False,False,False,False,v,False,NOAA CO-OPS 8720218 water_level datum=NAVD units=metric tz=gmt interval=6
2022-09-28 18:00:00+00:00,0.48,0.013,False,False,False,False,v,False,NOAA CO-OPS 8720218 water_level datum=NAVD units=metric tz=gmt interval=6
2022-09-28 18:06:00+00:00,0.458,0.013,False,False,False,False,v,False,NOAA CO-OPS 8720218 water_level datum=NAVD units=metric tz=gmt interval=6
2022-09-28 18:12:00+00:00,0.449,0.017,False,False,False,False,v,False,NOAA CO-OPS 8720218 water_level datum=NAVD units=metric tz=gmt interval=6
2022-09-28 18:18:00+00:00,0.417,0.018,False,False,False,False,v,False,NOAA CO-OPS 8720218 water_level datum=NAVD units=metric tz=gmt interval=6
2022-09-28 18:24:00+00:00,0.392,0.013,False,False,False,False,v,False,NOAA CO-OPS 8720218 water_level datum=NAVD units=metric tz=gmt interval=6
2022-09-28 18:30:00+00:00,0.389,0.013,False,False,False,False,v,False,NOAA CO-OPS 8720218 water_level datum=NAVD units=metric tz=gmt interval=6
2022-09-28 18:36:00+00:00,0.365,0.014,False,False,False,False,v,False,NOAA CO-OPS 8720218 water_level datum=NAVD units=metric tz=gmt interval=6
2022-09-28 18:42:00+00:00,0.309,0.016,False,False,False,False,v,False,NOAA CO-OPS 8720218 water_level datum=NAVD units=metric tz=gmt interval=6
2022-09-28 18:48:00+00:00,0.248,0.018,False,False,False,False,v,False,NOAA CO-OPS 8720218 water_level datum=NAVD units=metric tz=gmt interval=6
2022-09-28 18:54:00+00:00,0.215,0.02,False,False,False,False,v,False,NOAA CO-OPS 8720218 water_level datum=NAVD units=metric tz=gmt interval=6
2022-09-28 19:00:00+00:00,0.186,0.023,False,False,False,False,v,False,NOAA CO-OPS 8720218 water_level datum=NAVD units=metric tz=gmt interval=6
2022-09-28 19:06:00+00:00,0.153,0.021,False,False,False,False,v,False,NOAA CO-OPS 8720218 water_level datum=NAVD units=metric tz=gmt interval=6
2022-09-28 19:12:00+00:00,0.148,0.022,False,False,False,False,v,False,NOAA CO-OPS 8720218 water_level datum=NAVD units=metric tz=gmt interval=6
2022-09-28 19:18:00+00:00,0.138,0.021,False,False,False,False,v,False,NOAA CO-OPS 8720218 water_level datum=NAVD units=metric tz=gmt interval=6
2022-09-28 19:24:00+00:00,0.113,0.027,False,False,False,False,v,False,NOAA CO-OPS 8720218 water_level datum=NAVD units=metric tz=gmt interval=6
2022-09-28 19:30:00+00:00,0.082,0.028,False,False,False,False,v,False,NOAA CO-OPS 8720218 water_level datum=NAVD units=metric tz=gmt interval=6
2022-09-28 19:36:00+00:00,0.038,0.029,False,False,False,False,v,False,NOAA CO-OPS 8720218 water_level datum=NAVD units=metric tz=gmt interval=6
2022-09-28 19:42:00+00:00,-0.002,0.028,False,False,False,False,v,False,NOAA CO-OPS 8720218 water_level datum=NAVD units=metric tz=gmt interval=6
2022-09-28 19:48:00+00:00,0.005,0.021,False,False,False,False,v,False,NOAA CO-OPS 8720218 water_level datum=NAVD units=metric tz=gmt interval=6
2022-09-28 19:54:00+00:00,0.012,0.017,False,False,False,False,v,False,NOAA CO-OPS 8720218 water_level datum=NAVD units=metric tz=gmt interval=6
2022-09-28 20:00:00+00:00,-0.057,0.023,False,False,False,False,v,False,NOAA CO-OPS 8720218 water_level datum=NAVD units=metric tz=gmt interval=6
2022-09-28 20:06:00+00:00,-0.036,0.028,False,False,False,False,v,False,NOAA CO-OPS 8720218 water_level datum=NAVD units=metric tz=gmt interval=6
2022-09-28 20:12:00+00:00,0.003,0.025,False,False,False,False,v,False,NOAA CO-OPS 8720218 water_level datum=NAVD units=metric tz=gmt interval=6
2022-09-28 20:18:00+00:00,-0.029,0.021,False,False,False,False,v,False,NOAA CO-OPS 8720218 water_level datum=NAVD units=metric tz=gmt interval=6
2022-09-28 20:24:00+00:00,-0.067,0.017,False,False,False,False,v,False,NOAA CO-OPS 8720218 water_level datum=NAVD units=metric tz=gmt interval=6
2022-09-28 20:30:00+00:00,-0.073,0.017,False,False,False,False,v,False,NOAA CO-OPS 8720218 water_level datum=NAVD units=metric tz=gmt interval=6
2022-09-28 20:36:00+00:00,-0.065,0.019,False,False,False,False,v,False,NOAA CO-OPS 8720218 water_level datum=NAVD units=metric tz=gmt interval=6
2022-09-28 20:42:00+00:00,-0.098,0.016,False,False,False,False,v,False,NOAA CO-OPS 8720218 water_level datum=NAVD units=metric tz=gmt interval=6
2022-09-28 20:48:00+00:00,-0.16,0.017,False,False,False,False,v,False,NOAA CO-OPS 8720218 water_level datum=NAVD units=metric tz=gmt interval=6
2022-09-28 20:54:00+00:00,-0.189,0.018,False,False,False,False,v,False,NOAA CO-OPS 8720218 water_level datum=NAVD units=metric tz=gmt interval=6
2022-09-28 21:00:00+00:00,-0.176,0.018,False,False,False,False,v,False,NOAA CO-OPS 8720218 water_level datum=NAVD units=metric tz=gmt interval=6
2022-09-28 21:06:00+00:00,-0.17,0.024,False,False,False,False,v,False,NOAA CO-OPS 8720218 water_level datum=NAVD units=metric tz=gmt interval=6
2022-09-28 21:12:00+00:00,-0.154,0.019,False,False,False,False,v,False,NOAA CO-OPS 8720218 water_level datum=NAVD units=metric tz=gmt interval=6
2022-09-28 21:18:00+00:00,-0.134,0.012,False,False,False,False,v,False,NOAA CO-OPS 8720218 water_level datum=NAVD units=metric tz=gmt interval=6
2022-09-28 21:24:00+00:00,-0.113,0.015,False,False,False,False,v,False,NOAA CO-OPS 8720218 water_level datum=NAVD units=metric tz=gmt interval=6
2022-09-28 21:30:00+00:00,-0.102,0.012,False,False,False,False,v,False,NOAA CO-OPS 8720218 water_level datum=NAVD units=metric tz=gmt interval=6
2022-09-28 21:36:00+00:00,-0.11,0.012,False,False,False,False,v,False,NOAA CO-OPS 8720218 water_level datum=NAVD units=metric tz=gmt interval=6
2022-09-28 21:42:00+00:00,-0.113,0.017,False,False,False,False,v,False,NOAA CO-OPS 8720218 water_level datum=NAVD units=metric tz=gmt interval=6
2022-09-28 21:48:00+00:00,-0.098,0.014,False,False,False,False,v,False,NOAA CO-OPS 8720218 water_level datum=NAVD units=metric tz=gmt interval=6
2022-09-28 21:54:00+00:00,-0.062,0.014,False,False,False,False,v,False,NOAA CO-OPS 8720218 water_level datum=NAVD units=metric tz=gmt interval=6
2022-09-28 22:00:00+00:00,-0.031,0.012,False,False,False,False,v,False,NOAA CO-OPS 8720218 water_level datum=NAVD units=metric tz=gmt interval=6
2022-09-28 22:06:00+00:00,-0.003,0.009,False,False,False,False,v,False,NOAA CO-OPS 8720218 water_level datum=NAVD units=metric tz=gmt interval=6
2022-09-28 22:12:00+00:00,-0.002,0.01,False,False,False,False,v,False,NOAA CO-OPS 8720218 water_level datum=NAVD units=metric tz=gmt interval=6
2022-09-28 22:18:00+00:00,0.002,0.014,False,False,False,False,v,False,NOAA CO-OPS 8720218 water_level datum=NAVD units=metric tz=gmt interval=6
2022-09-28 22:24:00+00:00,0.047,0.013,False,False,False,False,v,False,NOAA CO-OPS 8720218 water_level datum=NAVD units=metric tz=gmt interval=6
2022-09-28 22:30:00+00:00,0.08,0.012,False,False,False,False,v,False,NOAA CO-OPS 8720218 water_level datum=NAVD units=metric tz=gmt interval=6
2022-09-28 22:36:00+00:00,0.104,0.013,False,False,False,False,v,False,NOAA CO-OPS 8720218 water_level datum=NAVD units=metric tz=gmt interval=6
2022-09-28 22:42:00+00:00,0.121,0.011,False,False,False,False,v,False,NOAA CO-OPS 8720218 water_level datum=NAVD units=metric tz=gmt interval=6
2022-09-28 22:48:00+00:00,0.118,0.011,False,False,False,False,v,False,NOAA CO-OPS 8720218 water_level datum=NAVD units=metric tz=gmt interval=6
2022-09-28 22:54:00+00:00,0.14,0.014,False,False,False,False,v,False,NOAA CO-OPS 8720218 water_level datum=NAVD units=metric tz=gmt interval=6
2022-09-28 23:00:00+00:00,0.18,0.012,False,False,False,False,v,False,NOAA CO-OPS 8720218 water_level datum=NAVD units=metric tz=gmt interval=6
2022-09-28 23:06:00+00:00,0.18,0.015,False,False,False,False,v,False,NOAA CO-OPS 8720218 water_level datum=NAVD units=metric tz=gmt interval=6
2022-09-28 23:12:00+00:00,0.171,0.013,False,False,False,False,v,False,NOAA CO-OPS 8720218 water_level datum=NAVD units=metric tz=gmt interval=6
2022-09-28 23:18:00+00:00,0.201,0.013,False,False,False,False,v,False,NOAA CO-OPS 8720218 water_level datum=NAVD units=metric tz=gmt interval=6
2022-09-28 23:24:00+00:00,0.242,0.017,False,False,False,False,v,False,NOAA CO-OPS 8720218 water_level datum=NAVD units=metric tz=gmt interval=6
2022-09-28 23:30:00+00:00,0.248,0.013,False,False,False,False,v,False,NOAA CO-OPS 8720218 water_level datum=NAVD units=metric tz=gmt interval=6
2022-09-28 23:36:00+00:00,0.25,0.014,False,False,False,False,v,False,NOAA CO-OPS 8720218 water_level datum=NAVD units=metric tz=gmt interval=6
2022-09-28 23:42:00+00:00,0.312,0.018,False,False,False,False,v,False,NOAA CO-OPS 8720218 water_level datum=NAVD units=metric tz=gmt interval=6
2022-09-28 23:48:00+00:00,0.386,0.02,False,False,False,False,v,False,NOAA CO-OPS 8720218 water_level datum=NAVD units=metric tz=gmt interval=6
2022-09-28 23:54:00+00:00,0.434,0.015,False,False,False,False,v,False,NOAA CO-OPS 8720218 water_level datum=NAVD units=metric tz=gmt interval=6
2022-09-29 00:00:00+00:00,0.424,0.014,False,False,False,False,v,False,NOAA CO-OPS 8720218 water_level datum=NAVD units=metric tz=gmt interval=6
2022-09-29 00:06:00+00:00,0.381,0.015,False,False,False,False,v,False,NOAA CO-OPS 8720218 water_level datum=NAVD units=metric tz=gmt interval=6
2022-09-29 00:12:00+00:00,0.395,0.018,False,False,False,False,v,False,NOAA CO-OPS 8720218 water_level datum=NAVD units=metric tz=gmt interval=6
2022-09-29 00:18:00+00:00,0.462,0.015,False,False,False,False,v,False,NOAA CO-OPS 8720218 water_level datum=NAVD units=metric tz=gmt interval=6
2022-09-29 00:24:00+00:00,0.52,0.021,False,False,False,False,v,False,NOAA CO-OPS 8720218 water_level datum=NAVD units=metric tz=gmt interval=6
2022-09-29 00:30:00+00:00,0.516,0.015,False,False,False,False,v,False,NOAA CO-OPS 8720218 water_level datum=NAVD units=metric tz=gmt interval=6
2022-09-29 00:36:00+00:00,0.525,0.017,False,False,False,False,v,False,NOAA CO-OPS 8720218 water_level datum=NAVD units=metric tz=gmt interval=6
2022-09-29 00:42:00+00:00,0.555,0.016,False,False,False,False,v,False,NOAA CO-OPS 8720218 water_level datum=NAVD units=metric tz=gmt interval=6
2022-09-29 00:48:00+00:00,0.585,0.021,False,False,False,False,v,False,NOAA CO-OPS 8720218 water_level datum=NAVD units=metric tz=gmt interval=6
2022-09-29 00:54:00+00:00,0.598,0.017,False,False,False,False,v,False,NOAA CO-OPS 8720218 water_level datum=NAVD units=metric tz=gmt interval=6
2022-09-29 01:00:00+00:00,0.609,0.017,False,False,False,False,v,False,NOAA CO-OPS 8720218 water_level datum=NAVD units=metric tz=gmt interval=6
2022-09-29 01:06:00+00:00,0.643,0.017,False,False,False,False,v,False,NOAA CO-OPS 8720218 water_level datum=NAVD units=metric tz=gmt interval=6
2022-09-29 01:12:00+00:00,0.673,0.015,False,False,False,False,v,False,NOAA CO-OPS 8720218 water_level datum=NAVD units=metric tz=gmt interval=6
2022-09-29 01:18:00+00:00,0.691,0.016,False,False,False,False,v,False,NOAA CO-OPS 8720218 water_level datum=NAVD units=metric tz=gmt interval=6
2022-09-29 01:24:00+00:00,0.709,0.018,False,False,False,False,v,False,NOAA CO-OPS 8720218 water_level datum=NAVD units=metric tz=gmt interval=6
2022-09-29 01:30:00+00:00,0.72,0.018,False,False,False,False,v,False,NOAA CO-OPS 8720218 water_level datum=NAVD units=metric tz=gmt interval=6
2022-09-29 01:36:00+00:00,0.747,0.017,False,False,False,False,v,False,NOAA CO-OPS 8720218 water_level datum=NAVD units=metric tz=gmt interval=6
2022-09-29 01:42:00+00:00,0.771,0.016,False,False,False,False,v,False,NOAA CO-OPS 8720218 water_level datum=NAVD units=metric tz=gmt interval=6
2022-09-29 01:48:00+00:00,0.815,0.015,False,False,False,False,v,False,NOAA CO-OPS 8720218 water_level datum=NAVD units=metric tz=gmt interval=6
2022-09-29 01:54:00+00:00,0.862,0.02,False,False,False,False,v,False,NOAA CO-OPS 8720218 water_level datum=NAVD units=metric tz=gmt interval=6
2022-09-29 02:00:00+00:00,0.875,0.017,False,False,False,False,v,False,NOAA CO-OPS 8720218 water_level datum=NAVD units=metric tz=gmt interval=6
2022-09-29 02:06:00+00:00,0.859,0.018,False,False,False,False,v,False,NOAA CO-OPS 8720218 water_level datum=NAVD units=metric tz=gmt interval=6
2022-09-29 02:12:00+00:00,0.871,0.021,False,False,False,False,v,False,NOAA CO-OPS 8720218 water_level datum=NAVD units=metric tz=gmt interval=6
2022-09-29 02:18:00+00:00,0.891,0.016,False,False,False,False,v,False,NOAA CO-OPS 8720218 water_level datum=NAVD units=metric tz=gmt interval=6
2022-09-29 02:24:00+00:00,0.911,0.017,False,False,False,False,v,False,NOAA CO-OPS 8720218 water_level datum=NAVD units=metric tz=gmt interval=6
2022-09-29 02:30:00+00:00,0.921,0.02,False,False,False,False,v,False,NOAA CO-OPS 8720218 water_level datum=NAVD units=metric tz=gmt interval=6
2022-09-29 02:36:00+00:00,0.902,0.019,False,False,False,False,v,False,NOAA CO-OPS 8720218 water_level datum=NAVD units=metric tz=gmt interval=6
2022-09-29 02:42:00+00:00,0.945,0.02,False,False,False,False,v,False,NOAA CO-OPS 8720218 water_level datum=NAVD units=metric tz=gmt interval=6
2022-09-29 02:48:00+00:00,0.995,0.017,False,False,False,False,v,False,NOAA CO-OPS 8720218 water_level datum=NAVD units=metric tz=gmt interval=6
2022-09-29 02:54:00+00:00,1.008,0.02,False,False,False,False,v,False,NOAA CO-OPS 8720218 water_level datum=NAVD units=metric tz=gmt interval=6
2022-09-29 03:00:00+00:00,0.985,0.02,False,False,False,False,v,False,NOAA CO-OPS 8720218 water_level datum=NAVD units=metric tz=gmt interval=6
2022-09-29 03:06:00+00:00,0.97,0.014,False,False,False,False,v,False,NOAA CO-OPS 8720218 water_level datum=NAVD units=metric tz=gmt interval=6
2022-09-29 03:12:00+00:00,0.984,0.015,False,False,False,False,v,False,NOAA CO-OPS 8720218 water_level datum=NAVD units=metric tz=gmt interval=6
2022-09-29 03:18:00+00:00,1.001,0.015,False,False,False,False,v,False,NOAA CO-OPS 8720218 water_level datum=NAVD units=metric tz=gmt interval=6
2022-09-29 03:24:00+00:00,1.033,0.017,False,False,False,False,v,False,NOAA CO-OPS 8720218 water_level datum=NAVD units=metric tz=gmt interval=6
2022-09-29 03:30:00+00:00,1.059,0.014,False,False,False,False,v,False,NOAA CO-OPS 8720218 water_level datum=NAVD units=metric tz=gmt interval=6
2022-09-29 03:36:00+00:00,1.04,0.019,False,False,False,False,v,False,NOAA CO-OPS 8720218 water_level datum=NAVD units=metric tz=gmt interval=6
2022-09-29 03:42:00+00:00,1.008,0.016,False,False,False,False,v,False,NOAA CO-OPS 8720218 water_level datum=NAVD units=metric tz=gmt interval=6
2022-09-29 03:48:00+00:00,1.026,0.017,False,False,False,False,v,False,NOAA CO-OPS 8720218 water_level datum=NAVD units=metric tz=gmt interval=6
2022-09-29 03:54:00+00:00,1.045,0.016,False,False,False,False,v,False,NOAA CO-OPS 8720218 water_level datum=NAVD units=metric tz=gmt interval=6
2022-09-29 04:00:00+00:00,1.024,0.02,False,False,False,False,v,False,NOAA CO-OPS 8720218 water_level datum=NAVD units=metric tz=gmt interval=6
2022-09-29 04:06:00+00:00,1.018,0.018,False,False,False,False,v,False,NOAA CO-OPS 8720218 water_level datum=NAVD units=metric tz=gmt interval=6
2022-09-29 04:12:00+00:00,1.039,0.014,False,False,False,False,v,False,NOAA CO-OPS 8720218 water_level datum=NAVD units=metric tz=gmt interval=6
2022-09-29 04:18:00+00:00,1.039,0.017,False,False,False,False,v,False,NOAA CO-OPS 8720218 water_level datum=NAVD units=metric tz=gmt interval=6
2022-09-29 04:24:00+00:00,1.023,0.022,False,False,False,False,v,False,NOAA CO-OPS 8720218 water_level datum=NAVD units=metric tz=gmt interval=6
2022-09-29 04:30:00+00:00,0.999,0.019,False,False,False,False,v,False,NOAA CO-OPS 8720218 water_level datum=NAVD units=metric tz=gmt interval=6
2022-09-29 04:36:00+00:00,0.992,0.018,False,False,False,False,v,False,NOAA CO-OPS 8720218 water_level datum=NAVD units=metric tz=gmt interval=6
2022-09-29 04:42:00+00:00,0.979,0.022,False,False,False,False,v,False,NOAA CO-OPS 8720218 water_level datum=NAVD units=metric tz=gmt interval=6
2022-09-29 04:48:00+00:00,0.948,0.02,False,False,False,False,v,False,NOAA CO-OPS 8720218 water_level datum=NAVD units=metric tz=gmt interval=6
2022-09-29 04:54:00+00:00,0.928,0.02,False,False,False,False,v,False,NOAA CO-OPS 8720218 water_level datum=NAVD units=metric tz=gmt interval=6
2022-09-29 05:00:00+00:00,0.931,0.021,False,False,False,False,v,False,NOAA CO-OPS 8720218 water_level datum=NAVD units=metric tz=gmt interval=6
2022-09-29 05:06:00+00:00,0.914,0.017,False,False,False,False,v,False,NOAA CO-OPS 8720218 water_level datum=NAVD units=metric tz=gmt interval=6
2022-09-29 05:12:00+00:00,0.898,0.021,False,False,False,False,v,False,NOAA CO-OPS 8720218 water_level datum=NAVD units=metric tz=gmt interval=6
2022-09-29 05:18:00+00:00,0.905,0.016,False,False,False,False,v,False,NOAA CO-OPS 8720218 water_level datum=NAVD units=metric tz=gmt interval=6
2022-09-29 05:24:00+00:00,0.899,0.02,False,False,False,False,v,False,NOAA CO-OPS 8720218 water_level datum=NAVD units=metric tz=gmt interval=6
2022-09-29 05:30:00+00:00,0.863,0.022,False,False,False,False,v,False,NOAA CO-OPS 8720218 water_level datum=NAVD units=metric tz=gmt interval=6
2022-09-29 05:36:00+00:00,0.823,0.025,False,False,False,False,v,False,NOAA CO-OPS 8720218 water_level datum=NAVD units=metric tz=gmt interval=6
2022-09-29 05:42:00+00:00,0.781,0.022,False,False,False,False,v,False,NOAA CO-OPS 8720218 water_level datum=NAVD units=metric tz=gmt interval=6
2022-09-29 05:48:00+00:00,0.772,0.021,False,False,False,False,v,False,NOAA CO-OPS 8720218 water_level datum=NAVD units=metric tz=gmt interval=6
2022-09-29 05:54:00+00:00,0.802,0.026,False,False,False,False,v,False,NOAA CO-OPS 8720218 water_level datum=NAVD units=metric tz=gmt interval=6
2022-09-29 06:00:00+00:00,0.822,0.025,False,False,False,False,v,False,NOAA CO-OPS 8720218 water_level datum=NAVD units=metric tz=gmt interval=6
2022-09-29 06:06:00+00:00,0.788,0.022,False,False,False,False,v,False,NOAA CO-OPS 8720218 water_level datum=NAVD units=metric tz=gmt interval=6
2022-09-29 06:12:00+00:00,0.702,0.024,False,False,False,False,v,False,NOAA CO-OPS 8720218 water_level datum=NAVD units=metric tz=gmt interval=6
2022-09-29 06:18:00+00:00,0.649,0.019,False,False,False,False,v,False,NOAA CO-OPS 8720218 water_level datum=NAVD units=metric tz=gmt interval=6
2022-09-29 06:24:00+00:00,0.662,0.02,False,False,False,False,v,False,NOAA CO-OPS 8720218 water_level datum=NAVD units=metric tz=gmt interval=6
2022-09-29 06:30:00+00:00,0.675,0.021,False,False,False,False,v,False,NOAA CO-OPS 8720218 water_level datum=NAVD units=metric tz=gmt interval=6
2022-09-29 06:36:00+00:00,0.645,0.016,False,False,False,False,v,False,NOAA CO-OPS 8720218 water_level datum=NAVD units=metric tz=gmt interval=6
2022-09-29 06:42:00+00:00,0.591,0.016,False,False,False,False,v,False,NOAA CO-OPS 8720218 water_level datum=NAVD units=metric tz=gmt interval=6
2022-09-29 06:48:00+00:00,0.562,0.013,False,False,False,False,v,False,NOAA CO-OPS 8720218 water_level datum=NAVD units=metric tz=gmt interval=6
2022-09-29 06:54:00+00:00,0.566,0.016,False,False,False,False,v,False,NOAA CO-OPS 8720218 water_level datum=NAVD units=metric tz=gmt interval=6
2022-09-29 07:00:00+00:00,0.56,0.015,False,False,False,False,v,False,NOAA CO-OPS 8720218 water_level datum=NAVD units=metric tz=gmt interval=6
2022-09-29 07:06:00+00:00,0.524,0.018,False,False,False,False,v,False,NOAA CO-OPS 8720218 water_level datum=NAVD units=metric tz=gmt interval=6
2022-09-29 07:12:00+00:00,0.475,0.017,False,False,False,False,v,False,NOAA CO-OPS 8720218 water_level datum=NAVD units=metric tz=gmt interval=6
2022-09-29 07:18:00+00:00,0.449,0.02,False,False,False,False,v,False,NOAA CO-OPS 8720218 water_level datum=NAVD units=metric tz=gmt interval=6
2022-09-29 07:24:00+00:00,0.427,0.017,False,False,False,False,v,False,NOAA CO-OPS 8720218 water_level datum=NAVD units=metric tz=gmt interval=6
2022-09-29 07:30:00+00:00,0.426,0.013,False,False,False,False,v,False,NOAA CO-OPS 8720218 water_level datum=NAVD units=metric tz=gmt interval=6
2022-09-29 07:36:00+00:00,0.396,0.02,False,False,False,False,v,False,NOAA CO-OPS 8720218 water_level datum=NAVD units=metric tz=gmt interval=6
2022-09-29 07:42:00+00:00,0.357,0.019,False,False,False,False,v,False,NOAA CO-OPS 8720218 water_level datum=NAVD units=metric tz=gmt interval=6
2022-09-29 07:48:00+00:00,0.311,0.022,False,False,False,False,v,False,NOAA CO-OPS 8720218 water_level datum=NAVD units=metric tz=gmt interval=6
2022-09-29 07:54:00+00:00,0.267,0.02,False,False,False,False,v,False,NOAA CO-OPS 8720218 water_level datum=NAVD units=metric tz=gmt interval=6
2022-09-29 08:00:00+00:00,0.263,0.017,False,False,False,False,v,False,NOAA CO-OPS 8720218 water_level datum=NAVD units=metric tz=gmt interval=6
2022-09-29 08:06:00+00:00,0.268,0.024,False,False,False,False,v,False,NOAA CO-OPS 8720218 water_level datum=NAVD units=metric tz=gmt interval=6
2022-09-29 08:12:00+00:00,0.25,0.025,False,False,False,False,v,False,NOAA CO-OPS 8720218 water_level datum=NAVD units=metric tz=gmt interval=6
2022-09-29 08:18:00+00:00,0.232,0.024,False,False,False,False,v,False,NOAA CO-OPS 8720218 water_level datum=NAVD units=metric tz=gmt interval=6
2022-09-29 08:24:00+00:00,0.223,0.019,False,False,False,False,v,False,NOAA CO-OPS 8720218 water_level datum=NAVD units=metric tz=gmt interval=6
2022-09-29 08:30:00+00:00,0.217,0.031,False,False,False,False,v,False,NOAA CO-OPS 8720218 water_level datum=NAVD units=metric tz=gmt interval=6
2022-09-29 08:36:00+00:00,0.219,0.024,False,False,False,False,v,False,NOAA CO-OPS 8720218 water_level datum=NAVD units=metric tz=gmt interval=6
2022-09-29 08:42:00+00:00,0.214,0.023,False,False,False,False,v,False,NOAA CO-OPS 8720218 water_level datum=NAVD units=metric tz=gmt interval=6
2022-09-29 08:48:00+00:00,0.18,0.026,False,False,False,False,v,False,NOAA CO-OPS 8720218 water_level datum=NAVD units=metric tz=gmt interval=6
2022-09-29 08:54:00+00:00,0.186,0.03,False,False,False,False,v,False,NOAA CO-OPS 8720218 water_level datum=NAVD units=metric tz=gmt interval=6
2022-09-29 09:00:00+00:00,0.177,0.026,False,False,False,False,v,False,NOAA CO-OPS 8720218 water_level datum=NAVD units=metric tz=gmt interval=6
2022-09-29 09:06:00+00:00,0.151,0.023,False,False,False,False,v,False,NOAA CO-OPS 8720218 water_level datum=NAVD units=metric tz=gmt interval=6
2022-09-29 09:12:00+00:00,0.156,0.036,False,False,False,False,v,False,NOAA CO-OPS 8720218 water_level datum=NAVD units=metric tz=gmt interval=6
2022-09-29 09:18:00+00:00,0.14,0.026,False,False,False,False,v,False,NOAA CO-OPS 8720218 water_level datum=NAVD units=metric tz=gmt interval=6
2022-09-29 09:24:00+00:00,0.149,0.028,False,False,False,False,v,False,NOAA CO-OPS 8720218 water_level datum=NAVD units=metric tz=gmt interval=6
2022-09-29 09:30:00+00:00,0.162,0.021,False,False,False,False,v,False,NOAA CO-OPS 8720218 water_level datum=NAVD units=metric tz=gmt interval=6
2022-09-29 09:36:00+00:00,0.137,0.023,False,False,False,False,v,False,NOAA CO-OPS 8720218 water_level datum=NAVD units=metric tz=gmt interval=6
2022-09-29 09:42:00+00:00,0.134,0.018,False,False,False,False,v,False,NOAA CO-OPS 8720218 water_level datum=NAVD units=metric tz=gmt interval=6
2022-09-29 09:48:00+00:00,0.149,0.016,False,False,False,False,v,False,NOAA CO-OPS 8720218 water_level datum=NAVD units=metric tz=gmt interval=6
2022-09-29 09:54:00+00:00,0.19,0.013,False,False,False,False,v,False,NOAA CO-OPS 8720218 water_level datum=NAVD units=metric tz=gmt interval=6
2022-09-29 10:00:00+00:00,0.197,0.018,False,False,False,False,v,False,NOAA CO-OPS 8720218 water_level datum=NAVD units=metric tz=gmt interval=6
2022-09-29 10:06:00+00:00,0.189,0.013,False,False,False,False,v,False,NOAA CO-OPS 8720218 water_level datum=NAVD units=metric tz=gmt interval=6
2022-09-29 10:12:00+00:00,0.186,0.015,False,False,False,False,v,False,NOAA CO-OPS 8720218 water_level datum=NAVD units=metric tz=gmt interval=6
2022-09-29 10:18:00+00:00,0.2,0.018,False,False,False,False,v,False,NOAA CO-OPS 8720218 water_level datum=NAVD units=metric tz=gmt interval=6
2022-09-29 10:24:00+00:00,0.223,0.013,False,False,False,False,v,False,NOAA CO-OPS 8720218 water_level datum=NAVD units=metric tz=gmt interval=6
2022-09-29 10:30:00+00:00,0.272,0.015,False,False,False,False,v,False,NOAA CO-OPS 8720218 water_level datum=NAVD units=metric tz=gmt interval=6
2022-09-29 10:36:00+00:00,0.295,0.011,False,False,False,False,v,False,NOAA CO-OPS 8720218 water_level datum=NAVD units=metric tz=gmt interval=6
2022-09-29 10:42:00+00:00,0.304,0.013,False,False,False,False,v,False,NOAA CO-OPS 8720218 water_level datum=NAVD units=metric tz=gmt interval=6
2022-09-29 10:48:00+00:00,0.331,0.017,False,False,False,False,v,False,NOAA CO-OPS 8720218 water_level datum=NAVD units=metric tz=gmt interval=6
2022-09-29 10:54:00+00:00,0.36,0.011,False,False,False,False,v,False,NOAA CO-OPS 8720218 water_level datum=NAVD units=metric tz=gmt interval=6
2022-09-29 11:00:00+00:00,0.416,0.012,False,False,False,False,v,False,NOAA CO-OPS 8720218 water_level datum=NAVD units=metric tz=gmt interval=6
2022-09-29 11:06:00+00:00,0.465,0.015,False,False,False,False,v,False,NOAA CO-OPS 8720218 water_level datum=NAVD units=metric tz=gmt interval=6
2022-09-29 11:12:00+00:00,0.459,0.016,False,False,False,False,v,False,NOAA CO-OPS 8720218 water_level datum=NAVD units=metric tz=gmt interval=6
2022-09-29 11:18:00+00:00,0.423,0.014,False,False,False,False,v,False,NOAA CO-OPS 8720218 water_level datum=NAVD units=metric tz=gmt interval=6
2022-09-29 11:24:00+00:00,0.412,0.021,False,False,False,False,v,False,NOAA CO-OPS 8720218 water_level datum=NAVD units=metric tz=gmt interval=6
2022-09-29 11:30:00+00:00,0.443,0.016,False,False,False,False,v,False,NOAA CO-OPS 8720218 water_level datum=NAVD units=metric tz=gmt interval=6
2022-09-29 11:36:00+00:00,0.485,0.025,False,False,False,False,v,False,NOAA CO-OPS 8720218 water_level datum=NAVD units=metric tz=gmt interval=6
2022-09-29 11:42:00+00:00,0.527,0.017,False,False,False,False,v,False,NOAA CO-OPS 8720218 water_level datum=NAVD units=metric tz=gmt interval=6
2022-09-29 11:48:00+00:00,0.545,0.016,False,False,False,False,v,False,NOAA CO-OPS 8720218 water_level datum=NAVD units=metric tz=gmt interval=6
2022-09-29 11:54:00+00:00,0.549,0.016,False,False,False,False,v,False,NOAA CO-OPS 8720218 water_level datum=NAVD units=metric tz=gmt interval=6
2022-09-29 12:00:00+00:00,0.525,0.015,False,False,False,False,v,False,NOAA CO-OPS 8720218 water_level datum=NAVD units=metric tz=gmt interval=6
2022-09-29 12:06:00+00:00,0.552,0.017,False,False,False,False,v,False,NOAA CO-OPS 8720218 water_level datum=NAVD units=metric tz=gmt interval=6
2022-09-29 12:12:00+00:00,0.594,0.016,False,False,False,False,v,False,NOAA CO-OPS 8720218 water_level datum=NAVD units=metric tz=gmt interval=6
2022-09-29 12:18:00+00:00,0.618,0.02,False,False,False,False,v,False,NOAA CO-OPS 8720218 water_level datum=NAVD units=metric tz=gmt interval=6
2022-09-29 12:24:00+00:00,0.652,0.016,False,False,False,False,v,False,NOAA CO-OPS 8720218 water_level datum=NAVD units=metric tz=gmt interval=6
2022-09-29 12:30:00+00:00,0.657,0.015,False,False,False,False,v,False,NOAA CO-OPS 8720218 water_level datum=NAVD units=metric tz=gmt interval=6
2022-09-29 12:36:00+00:00,0.689,0.021,False,False,False,False,v,False,NOAA CO-OPS 8720218 water_level datum=NAVD units=metric tz=gmt interval=6
2022-09-29 12:42:00+00:00,0.72,0.015,False,False,False,False,v,False,NOAA CO-OPS 8720218 water_level datum=NAVD units=metric tz=gmt interval=6
2022-09-29 12:48:00+00:00,0.769,0.018,False,False,False,False,v,False,NOAA CO-OPS 8720218 water_level datum=NAVD units=metric tz=gmt interval=6
2022-09-29 12:54:00+00:00,0.773,0.019,False,False,False,False,v,False,NOAA CO-OPS 8720218 water_level datum=NAVD units=metric tz=gmt interval=6
2022-09-29 13:00:00+00:00,0.771,0.021,False,False,False,False,v,False,NOAA CO-OPS 8720218 water_level datum=NAVD units=metric tz=gmt interval=6
2022-09-29 13:06:00+00:00,0.822,0.018,False,False,False,False,v,False,NOAA CO-OPS 8720218 water_level datum=NAVD units=metric tz=gmt interval=6
2022-09-29 13:12:00+00:00,0.85,0.02,False,False,False,False,v,False,NOAA CO-OPS 8720218 water_level datum=NAVD units=metric tz=gmt interval=6
2022-09-29 13:18:00+00:00,0.877,0.023,False,False,False,False,v,False,NOAA CO-OPS 8720218 water_level datum=NAVD units=metric tz=gmt interval=6
2022-09-29 13:24:00+00:00,0.912,0.021,False,False,False,False,v,False,NOAA CO-OPS 8720218 water_level datum=NAVD units=metric tz=gmt interval=6
2022-09-29 13:30:00+00:00,0.919,0.021,False,False,False,False,v,False,NOAA CO-OPS 8720218 water_level datum=NAVD units=metric tz=gmt interval=6
2022-09-29 13:36:00+00:00,0.958,0.028,False,False,False,False,v,False,NOAA CO-OPS 8720218 water_level datum=NAVD units=metric tz=gmt interval=6
2022-09-29 13:42:00+00:00,0.946,0.023,False,False,False,False,v,False,NOAA CO-OPS 8720218 water_level datum=NAVD units=metric tz=gmt interval=6
2022-09-29 13:48:00+00:00,0.972,0.023,False,False,False,False,v,False,NOAA CO-OPS 8720218 water_level datum=NAVD units=metric tz=gmt interval=6
2022-09-29 13:54:00+00:00,1.008,0.02,False,False,False,False,v,False,NOAA CO-OPS 8720218 water_level datum=NAVD units=metric tz=gmt interval=6
2022-09-29 14:00:00+00:00,1.038,0.024,False,False,False,False,v,False,NOAA CO-OPS 8720218 water_level datum=NAVD units=metric tz=gmt interval=6
2022-09-29 14:06:00+00:00,1.059,0.02,False,False,False,False,v,False,NOAA CO-OPS 8720218 water_level datum=NAVD units=metric tz=gmt interval=6
2022-09-29 14:12:00+00:00,1.067,0.023,False,False,False,False,v,False,NOAA CO-OPS 8720218 water_level datum=NAVD units=metric tz=gmt interval=6
2022-09-29 14:18:00+00:00,1.073,0.024,False,False,False,False,v,False,NOAA CO-OPS 8720218 water_level datum=NAVD units=metric tz=gmt interval=6
2022-09-29 14:24:00+00:00,1.099,0.02,False,False,False,False,v,False,NOAA CO-OPS 8720218 water_level datum=NAVD units=metric tz=gmt interval=6
2022-09-29 14:30:00+00:00,1.124,0.021,False,False,False,False,v,False,NOAA CO-OPS 8720218 water_level datum=NAVD units=metric tz=gmt interval=6
2022-09-29 14:36:00+00:00,1.139,0.022,False,False,False,False,v,False,NOAA CO-OPS 8720218 water_level datum=NAVD units=metric tz=gmt interval=6
2022-09-29 14:42:00+00:00,1.163,0.019,False,False,False,False,v,False,NOAA CO-OPS 8720218 water_level datum=NAVD units=metric tz=gmt interval=6
2022-09-29 14:48:00+00:00,1.209,0.023,False,False,False,False,v,False,NOAA CO-OPS 8720218 water_level datum=NAVD units=metric tz=gmt interval=6
2022-09-29 14:54:00+00:00,1.197,0.026,False,False,False,False,v,False,NOAA CO-OPS 8720218 water_level datum=NAVD units=metric tz=gmt interval=6
2022-09-29 15:00:00+00:00,1.186,0.024,False,False,False,False,v,False,NOAA CO-OPS 8720218 water_level datum=NAVD units=metric tz=gmt interval=6
2022-09-29 15:06:00+00:00,1.233,0.025,False,False,False,False,v,False,NOAA CO-OPS 8720218 water_level datum=NAVD units=metric tz=gmt interval=6
2022-09-29 15:12:00+00:00,1.303,0.025,False,False,False,False,v,False,NOAA CO-OPS 8720218 water_level datum=NAVD units=metric tz=gmt interval=6
2022-09-29 15:18:00+00:00,1.288,0.038,False,False,False,False,v,False,NOAA CO-OPS 8720218 water_level datum=NAVD units=metric tz=gmt interval=6
2022-09-29 15:24:00+00:00,1.25,0.02,False,False,False,False,v,False,NOAA CO-OPS 8720218 water_level datum=NAVD units=metric tz=gmt interval=6
2022-09-29 15:30:00+00:00,1.244,0.024,False,False,False,False,v,False,NOAA CO-OPS 8720218 water_level datum=NAVD units=metric tz=gmt interval=6
2022-09-29 15:36:00+00:00,1.252,0.028,False,False,False,False,v,False,NOAA CO-OPS 8720218 water_level datum=NAVD units=metric tz=gmt interval=6
2022-09-29 15:42:00+00:00,1.286,0.021,False,False,False,False,v,False,NOAA CO-OPS 8720218 water_level datum=NAVD units=metric tz=gmt interval=6
2022-09-29 15:48:00+00:00,1.305,0.024,False,False,False,False,v,False,NOAA CO-OPS 8720218 water_level datum=NAVD units=metric tz=gmt interval=6
2022-09-29 15:54:00+00:00,1.307,0.021,False,False,False,False,v,False,NOAA CO-OPS 8720218 water_level datum=NAVD units=metric tz=gmt interval=6
2022-09-29 16:00:00+00:00,1.345,0.028,False,False,False,False,v,False,NOAA CO-OPS 8720218 water_level datum=NAVD units=metric tz=gmt interval=6
2022-09-29 16:06:00+00:00,1.355,0.027,False,False,False,False,v,False,NOAA CO-OPS 8720218 water_level datum=NAVD units=metric tz=gmt interval=6
2022-09-29 16:12:00+00:00,1.348,0.027,False,False,False,False,v,False,NOAA CO-OPS 8720218 water_level datum=NAVD units=metric tz=gmt interval=6
2022-09-29 16:18:00+00:00,1.35,0.026,False,False,False,False,v,False,NOAA CO-OPS 8720218 water_level datum=NAVD units=metric tz=gmt interval=6
2022-09-29 16:24:00+00:00,1.356,0.024,False,False,False,False,v,False,NOAA CO-OPS 8720218 water_level datum=NAVD units=metric tz=gmt interval=6
2022-09-29 16:30:00+00:00,1.337,0.025,False,False,False,False,v,False,NOAA CO-OPS 8720218 water_level datum=NAVD units=metric tz=gmt interval=6
2022-09-29 16:36:00+00:00,1.329,0.022,False,False,False,False,v,False,NOAA CO-OPS 8720218 water_level datum=NAVD units=metric tz=gmt interval=6
2022-09-29 16:42:00+00:00,1.31,0.027,False,False,False,False,v,False,NOAA CO-OPS 8720218 water_level datum=NAVD units=metric tz=gmt interval=6
2022-09-29 16:48:00+00:00,1.316,0.026,False,False,False,False,v,False,NOAA CO-OPS 8720218 water_level datum=NAVD units=metric tz=gmt interval=6
2022-09-29 16:54:00+00:00,1.329,0.028,False,False,False,False,v,False,NOAA CO-OPS 8720218 water_level datum=NAVD units=metric tz=gmt interval=6
2022-09-29 17:00:00+00:00,1.328,0.022,False,False,False,False,v,False,NOAA CO-OPS 8720218 water_level datum=NAVD units=metric tz=gmt interval=6
2022-09-29 17:06:00+00:00,1.331,0.025,False,False,False,False,v,False,NOAA CO-OPS 8720218 water_level datum=NAVD units=metric tz=gmt interval=6
2022-09-29 17:12:00+00:00,1.315,0.03,False,False,False,False,v,False,NOAA CO-OPS 8720218 water_level datum=NAVD units=metric tz=gmt interval=6
2022-09-29 17:18:00+00:00,1.295,0.028,False,False,False,False,v,False,NOAA CO-OPS 8720218 water_level datum=NAVD units=metric tz=gmt interval=6
2022-09-29 17:24:00+00:00,1.296,0.021,False,False,False,False,v,False,NOAA CO-OPS 8720218 water_level datum=NAVD units=metric tz=gmt interval=6
2022-09-29 17:30:00+00:00,1.308,0.021,False,False,False,False,v,False,NOAA CO-OPS 8720218 water_level datum=NAVD units=metric tz=gmt interval=6
2022-09-29 17:36:00+00:00,1.308,0.017,False,False,False,False,v,False,NOAA CO-OPS 8720218 water_level datum=NAVD units=metric tz=gmt interval=6
2022-09-29 17:42:00+00:00,1.299,0.023,False,False,False,False,v,False,NOAA CO-OPS 8720218 water_level datum=NAVD units=metric tz=gmt interval=6
2022-09-29 17:48:00+00:00,1.269,0.019,False,False,False,False,v,False,NOAA CO-OPS 8720218 water_level datum=NAVD units=metric tz=gmt interval=6
2022-09-29 17:54:00+00:00,1.26,0.021,False,False,False,False,v,False,NOAA CO-OPS 8720218 water_level datum=NAVD units=metric tz=gmt interval=6
2022-09-29 18:00:00+00:00,1.228,0.023,False,False,False,False,v,False,NOAA CO-OPS 8720218 water_level datum=NAVD units=metric tz=gmt interval=6
2022-09-29 18:06:00+00:00,1.204,0.031,False,False,False,False,v,False,NOAA CO-OPS 8720218 water_level datum=NAVD units=metric tz=gmt interval=6
2022-09-29 18:12:00+00:00,1.186,0.019,False,False,False,False,v,False,NOAA CO-OPS 8720218 water_level datum=NAVD units=metric tz=gmt interval=6
2022-09-29 18:18:00+00:00,1.165,0.02,False,False,False,False,v,False,NOAA CO-OPS 8720218 water_level datum=NAVD units=metric tz=gmt interval=6
2022-09-29 18:24:00+00:00,1.156,0.022,False,False,False,False,v,False,NOAA CO-OPS 8720218 water_level datum=NAVD units=metric tz=gmt interval=6
2022-09-29 18:30:00+00:00,1.143,0.017,False,False,False,False,v,False,NOAA CO-OPS 8720218 water_level datum=NAVD units=metric tz=gmt interval=6
2022-09-29 18:36:00+00:00,1.113,0.02,False,False,False,False,v,False,NOAA CO-OPS 8720218 water_level datum=NAVD units=metric tz=gmt interval=6
2022-09-29 18:42:00+00:00,1.091,0.022,False,False,False,False,v,False,NOAA CO-OPS 8720218 water_level datum=NAVD units=metric tz=gmt interval=6
2022-09-29 18:48:00+00:00,1.076,0.016,False,False,False,False,v,False,NOAA CO-OPS 8720218 water_level datum=NAVD units=metric tz=gmt interval=6
2022-09-29 18:54:00+00:00,1.047,0.014,False,False,False,False,v,False,NOAA CO-OPS 8720218 water_level datum=NAVD units=metric tz=gmt interval=6
2022-09-29 19:00:00+00:00,1.018,0.022,False,False,False,False,v,False,NOAA CO-OPS 8720218 water_level datum=NAVD units=metric tz=gmt interval=6
2022-09-29 19:06:00+00:00,0.972,0.015,False,False,False,False,v,False,NOAA CO-OPS 8720218 water_level datum=NAVD units=metric tz=gmt interval=6
2022-09-29 19:12:00+00:00,0.953,0.016,False,False,False,False,v,False,NOAA CO-OPS 8720218 water_level datum=NAVD units=metric tz=gmt interval=6
2022-09-29 19:18:00+00:00,0.922,0.016,False,False,False,False,v,False,NOAA CO-OPS 8720218 water_level datum=NAVD units=metric tz=gmt interval=6
2022-09-29 19:24:00+00:00,0.907,0.017,False,False,False,False,v,False,NOAA CO-OPS 8720218 water_level datum=NAVD units=metric tz=gmt interval=6
2022-09-29 19:30:00+00:00,0.868,0.018,False,False,False,False,v,False,NOAA CO-OPS 8720218 water_level datum=NAVD units=metric tz=gmt interval=6
2022-09-29 19:36:00+00:00,0.822,0.013,False,False,False,False,v,False,NOAA CO-OPS 8720218 water_level datum=NAVD units=metric tz=gmt interval=6
2022-09-29 19:42:00+00:00,0.794,0.013,False,False,False,False,v,False,NOAA CO-OPS 8720218 water_level datum=NAVD units=metric tz=gmt interval=6
2022-09-29 19:48:00+00:00,0.789,0.014,False,False,False,False,v,False,NOAA CO-OPS 8720218 water_level datum=NAVD units=metric tz=gmt interval=6
2022-09-29 19:54:00+00:00,0.772,0.013,False,False,False,False,v,False,NOAA CO-OPS 8720218 water_level datum=NAVD units=metric tz=gmt interval=6
2022-09-29 20:00:00+00:00,0.729,0.015,False,False,False,False,v,False,NOAA CO-OPS 8720218 water_level datum=NAVD units=metric tz=gmt interval=6
2022-09-29 20:06:00+00:00,0.686,0.014,False,False,False,False,v,False,NOAA CO-OPS 8720218 water_level datum=NAVD units=metric tz=gmt interval=6
2022-09-29 20:12:00+00:00,0.671,0.017,False,False,False,False,v,False,NOAA CO-OPS 8720218 water_level datum=NAVD units=metric tz=gmt interval=6
2022-09-29 20:18:00+00:00,0.645,0.011,False,False,False,False,v,False,NOAA CO-OPS 8720218 water_level datum=NAVD units=metric tz=gmt interval=6
2022-09-29 20:24:00+00:00,0.616,0.012,False,False,False,False,v,False,NOAA CO-OPS 8720218 water_level datum=NAVD units=metric tz=gmt interval=6
2022-09-29 20:30:00+00:00,0.6,0.022,False,False,False,False,v,False,NOAA CO-OPS 8720218 water_level datum=NAVD units=metric tz=gmt interval=6
2022-09-29 20:36:00+00:00,0.582,0.015,False,False,False,False,v,False,NOAA CO-OPS 8720218 water_level datum=NAVD units=metric tz=gmt interval=6
2022-09-29 20:42:00+00:00,0.546,0.016,False,False,False,False,v,False,NOAA CO-OPS 8720218 water_level datum=NAVD units=metric tz=gmt interval=6
2022-09-29 20:48:00+00:00,0.523,0.017,False,False,False,False,v,False,NOAA CO-OPS 8720218 water_level datum=NAVD units=metric tz=gmt interval=6
2022-09-29 20:54:00+00:00,0.505,0.016,False,False,False,False,v,False,NOAA CO-OPS 8720218 water_level datum=NAVD units=metric tz=gmt interval=6
2022-09-29 21:00:00+00:00,0.486,0.012,False,False,False,False,v,False,NOAA CO-OPS 8720218 water_level datum=NAVD units=metric tz=gmt interval=6
2022-09-29 21:06:00+00:00,0.474,0.014,False,False,False,False,v,False,NOAA CO-OPS 8720218 water_level datum=NAVD units=metric tz=gmt interval=6
2022-09-29 21:12:00+00:00,0.462,0.017,False,False,False,False,v,False,NOAA CO-OPS 8720218 water_level datum=NAVD units=metric tz=gmt interval=6
2022-09-29 21:18:00+00:00,0.433,0.015,False,False,False,False,v,False,NOAA CO-OPS 8720218 water_level datum=NAVD units=metric tz=gmt interval=6
2022-09-29 21:24:00+00:00,0.385,0.013,False,False,False,False,v,False,NOAA CO-OPS 8720218 water_level datum=NAVD units=metric tz=gmt interval=6
2022-09-29 21:30:00+00:00,0.362,0.015,False,False,False,False,v,False,NOAA CO-OPS 8720218 water_level datum=NAVD units=metric tz=gmt interval=6
2022-09-29 21:36:00+00:00,0.346,0.023,False,False,False,False,v,False,NOAA CO-OPS 8720218 water_level datum=NAVD units=metric tz=gmt interval=6
2022-09-29 21:42:00+00:00,0.359,0.018,False,False,False,False,v,False,NOAA CO-OPS 8720218 water_level datum=NAVD units=metric tz=gmt interval=6
2022-09-29 21:48:00+00:00,0.372,0.015,False,False,False,False,v,False,NOAA CO-OPS 8720218 water_level datum=NAVD units=metric tz=gmt interval=6
2022-09-29 21:54:00+00:00,0.375,0.015,False,False,False,False,v,False,NOAA CO-OPS 8720218 water_level datum=NAVD units=metric tz=gmt interval=6
2022-09-29 22:00:00+00:00,0.37,0.013,False,False,False,False,v,False,NOAA CO-OPS 8720218 water_level datum=NAVD units=metric tz=gmt interval=6
2022-09-29 22:06:00+00:00,0.375,0.018,False,False,False,False,v,False,NOAA CO-OPS 8720218 water_level datum=NAVD units=metric tz=gmt interval=6
2022-09-29 22:12:00+00:00,0.394,0.015,False,False,False,False,v,False,NOAA CO-OPS 8720218 water_level datum=NAVD units=metric tz=gmt interval=6
2022-09-29 22:18:00+00:00,0.393,0.02,False,False,False,False,v,False,NOAA CO-OPS 8720218 water_level datum=NAVD units=metric tz=gmt interval=6
2022-09-29 22:24:00+00:00,0.383,0.014,False,False,False,False,v,False,NOAA CO-OPS 8720218 water_level datum=NAVD units=metric tz=gmt interval=6
2022-09-29 22:30:00+00:00,0.369,0.015,False,False,False,False,v,False,NOAA CO-OPS 8720218 water_level datum=NAVD units=metric tz=gmt interval=6
2022-09-29 22:36:00+00:00,0.382,0.016,False,False,False,False,v,False,NOAA CO-OPS 8720218 water_level datum=NAVD units=metric tz=gmt interval=6
2022-09-29 22:42:00+00:00,0.416,0.015,False,False,False,False,v,False,NOAA CO-OPS 8720218 water_level datum=NAVD units=metric tz=gmt interval=6
2022-09-29 22:48:00+00:00,0.424,0.016,False,False,False,False,v,False,NOAA CO-OPS 8720218 water_level datum=NAVD units=metric tz=gmt interval=6
2022-09-29 22:54:00+00:00,0.425,0.014,False,False,False,False,v,False,NOAA CO-OPS 8720218 water_level datum=NAVD units=metric tz=gmt interval=6
2022-09-29 23:00:00+00:00,0.425,0.014,False,False,False,False,v,False,NOAA CO-OPS 8720218 water_level datum=NAVD units=metric tz=gmt interval=6
2022-09-29 23:06:00+00:00,0.422,0.014,False,False,False,False,v,False,NOAA CO-OPS 8720218 water_level datum=NAVD units=metric tz=gmt interval=6
2022-09-29 23:12:00+00:00,0.442,0.018,False,False,False,False,v,False,NOAA CO-OPS 8720218 water_level datum=NAVD units=metric tz=gmt interval=6
2022-09-29 23:18:00+00:00,0.476,0.013,False,False,False,False,v,False,NOAA CO-OPS 8720218 water_level datum=NAVD units=metric tz=gmt interval=6
2022-09-29 23:24:00+00:00,0.503,0.017,False,False,False,False,v,False,NOAA CO-OPS 8720218 water_level datum=NAVD units=metric tz=gmt interval=6
2022-09-29 23:30:00+00:00,0.491,0.019,False,False,False,False,v,False,NOAA CO-OPS 8720218 water_level datum=NAVD units=metric tz=gmt interval=6
2022-09-29 23:36:00+00:00,0.477,0.013,False,False,False,False,v,False,NOAA CO-OPS 8720218 water_level datum=NAVD units=metric tz=gmt interval=6
2022-09-29 23:42:00+00:00,0.483,0.015,False,False,False,False,v,False,NOAA CO-OPS 8720218 water_level datum=NAVD units=metric tz=gmt interval=6
2022-09-29 23:48:00+00:00,0.51,0.014,False,False,False,False,v,False,NOAA CO-OPS 8720218 water_level datum=NAVD units=metric tz=gmt interval=6
2022-09-29 23:54:00+00:00,0.532,0.013,False,False,False,False,v,False,NOAA CO-OPS 8720218 water_level datum=NAVD units=metric tz=gmt interval=6
2022-09-30 00:00:00+00:00,0.554,0.015,False,False,False,False,v,False,NOAA CO-OPS 8720218 water_level datum=NAVD units=metric tz=gmt interval=6
2022-09-30 00:06:00+00:00,0.57,0.015,False,False,False,False,v,False,NOAA CO-OPS 8720218 water_level datum=NAVD units=metric tz=gmt interval=6
2022-09-30 00:12:00+00:00,0.604,0.017,False,False,False,False,v,False,NOAA CO-OPS 8720218 water_level datum=NAVD units=metric tz=gmt interval=6
2022-09-30 00:18:00+00:00,0.62,0.015,False,False,False,False,v,False,NOAA CO-OPS 8720218 water_level datum=NAVD units=metric tz=gmt interval=6
2022-09-30 00:24:00+00:00,0.634,0.016,False,False,False,False,v,False,NOAA CO-OPS 8720218 water_level datum=NAVD units=metric tz=gmt interval=6
2022-09-30 00:30:00+00:00,0.655,0.017,False,False,False,False,v,False,NOAA CO-OPS 8720218 water_level datum=NAVD units=metric tz=gmt interval=6
2022-09-30 00:36:00+00:00,0.695,0.016,False,False,False,False,v,False,NOAA CO-OPS 8720218 water_level datum=NAVD units=metric tz=gmt interval=6
2022-09-30 00:42:00+00:00,0.727,0.019,False,False,False,False,v,False,NOAA CO-OPS 8720218 water_level datum=NAVD units=metric tz=gmt interval=6
2022-09-30 00:48:00+00:00,0.741,0.017,False,False,False,False,v,False,NOAA CO-OPS 8720218 water_level datum=NAVD units=metric tz=gmt interval=6
2022-09-30 00:54:00+00:00,0.753,0.018,False,False,False,False,v,False,NOAA CO-OPS 8720218 water_level datum=NAVD units=metric tz=gmt interval=6
2022-09-30 01:00:00+00:00,0.765,0.019,False,False,False,False,v,False,NOAA CO-OPS 8720218 water_level datum=NAVD units=metric tz=gmt interval=6
2022-09-30 01:06:00+00:00,0.778,0.024,False,False,False,False,v,False,NOAA CO-OPS 8720218 water_level datum=NAVD units=metric tz=gmt interval=6
2022-09-30 01:12:00+00:00,0.787,0.022,False,False,False,False,v,False,NOAA CO-OPS 8720218 water_level datum=NAVD units=metric tz=gmt interval=6
2022-09-30 01:18:00+00:00,0.794,0.022,False,False,False,False,v,False,NOAA CO-OPS 8720218 water_level datum=NAVD units=metric tz=gmt interval=6
2022-09-30 01:24:00+00:00,0.813,0.024,False,False,False,False,v,False,NOAA CO-OPS 8720218 water_level datum=NAVD units=metric tz=gmt interval=6
2022-09-30 01:30:00+00:00,0.825,0.019,False,False,False,False,v,False,NOAA CO-OPS 8720218 water_level datum=NAVD units=metric tz=gmt interval=6
2022-09-30 01:36:00+00:00,0.844,0.026,False,False,False,False,v,False,NOAA CO-OPS 8720218 water_level datum=NAVD units=metric tz=gmt interval=6
2022-09-30 01:42:00+00:00,0.859,0.022,False,False,False,False,v,False,NOAA CO-OPS 8720218 water_level datum=NAVD units=metric tz=gmt interval=6
2022-09-30 01:48:00+00:00,0.843,0.022,False,False,False,False,v,False,NOAA CO-OPS 8720218 water_level datum=NAVD units=metric tz=gmt interval=6
2022-09-30 01:54:00+00:00,0.848,0.022,False,False,False,False,v,False,NOAA CO-OPS 8720218 water_level datum=NAVD units=metric tz=gmt interval=6
2022-09-30 02:00:00+00:00,0.872,0.024,False,False,False,False,v,False,NOAA CO-OPS 8720218 water_level datum=NAVD units=metric tz=gmt interval=6
2022-09-30 02:06:00+00:00,0.888,0.017,False,False,False,False,v,False,NOAA CO-OPS 8720218 water_level datum=NAVD units=metric tz=gmt interval=6
2022-09-30 02:12:00+00:00,0.886,0.03,False,False,False,False,v,False,NOAA CO-OPS 8720218 water_level datum=NAVD units=metric tz=gmt interval=6
2022-09-30 02:18:00+00:00,0.93,0.024,False,False,False,False,v,False,NOAA CO-OPS 8720218 water_level datum=NAVD units=metric tz=gmt interval=6
2022-09-30 02:24:00+00:00,0.955,0.023,False,False,False,False,v,False,NOAA CO-OPS 8720218 water_level datum=NAVD units=metric tz=gmt interval=6
2022-09-30 02:30:00+00:00,0.988,0.02,False,False,False,False,v,False,NOAA CO-OPS 8720218 water_level datum=NAVD units=metric tz=gmt interval=6
2022-09-30 02:36:00+00:00,0.981,0.033,False,False,False,False,v,False,NOAA CO-OPS 8720218 water_level datum=NAVD units=metric tz=gmt interval=6
2022-09-30 02:42:00+00:00,0.991,0.032,False,False,False,False,v,False,NOAA CO-OPS 8720218 water_level datum=NAVD units=metric tz=gmt interval=6
2022-09-30 02:48:00+00:00,1.015,0.031,False,False,False,False,v,False,NOAA CO-OPS 8720218 water_level datum=NAVD units=metric tz=gmt interval=6
2022-09-30 02:54:00+00:00,1.038,0.022,False,False,False,False,v,False,NOAA CO-OPS 8720218 water_level datum=NAVD units=metric tz=gmt interval=6
2022-09-30 03:00:00+00:00,1.041,0.023,False,False,False,False,v,False,NOAA CO-OPS 8720218 water_level datum=NAVD units=metric tz=gmt interval=6
2022-09-30 03:06:00+00:00,1.042,0.031,False,False,False,False,v,False,NOAA CO-OPS 8720218 water_level datum=NAVD units=metric tz=gmt interval=6
2022-09-30 03:12:00+00:00,1.055,0.028,False,False,False,False,v,False,NOAA CO-OPS 8720218 water_level datum=NAVD units=metric tz=gmt interval=6
2022-09-30 03:18:00+00:00,1.082,0.029,False,False,False,False,v,False,NOAA CO-OPS 8720218 water_level datum=NAVD units=metric tz=gmt interval=6
2022-09-30 03:24:00+00:00,1.07,0.027,False,False,False,False,v,False,NOAA CO-OPS 8720218 water_level datum=NAVD units=metric tz=gmt interval=6
2022-09-30 03:30:00+00:00,1.089,0.027,False,False,False,False,v,False,NOAA CO-OPS 8720218 water_level datum=NAVD units=metric tz=gmt interval=6
2022-09-30 03:36:00+00:00,1.096,0.023,False,False,False,False,v,False,NOAA CO-OPS 8720218 water_level datum=NAVD units=metric tz=gmt interval=6
2022-09-30 03:42:00+00:00,1.105,0.031,False,False,False,False,v,False,NOAA CO-OPS 8720218 water_level datum=NAVD units=metric tz=gmt interval=6
2022-09-30 03:48:00+00:00,1.119,0.027,False,False,False,False,v,False,NOAA CO-OPS 8720218 water_level datum=NAVD units=metric tz=gmt interval=6
2022-09-30 03:54:00+00:00,1.132,0.028,False,False,False,False,v,False,NOAA CO-OPS 8720218 water_level datum=NAVD units=metric tz=gmt interval=6
2022-09-30 04:00:00+00:00,1.149,0.032,False,False,False,False,v,False,NOAA CO-OPS 8720218 water_level datum=NAVD units=metric tz=gmt interval=6
2022-09-30 04:06:00+00:00,1.157,0.031,False,False,False,False,v,False,NOAA CO-OPS 8720218 water_level datum=NAVD units=metric tz=gmt interval=6
2022-09-30 04:12:00+00:00,1.161,0.027,False,False,False,False,v,False,NOAA CO-OPS 8720218 water_level datum=NAVD units=metric tz=gmt interval=6
2022-09-30 04:18:00+00:00,1.156,0.029,False,False,False,False,v,False,NOAA CO-OPS 8720218 water_level datum=NAVD units=metric tz=gmt interval=6
2022-09-30 04:24:00+00:00,1.157,0.034,False,False,False,False,v,False,NOAA CO-OPS 8720218 water_level datum=NAVD units=metric tz=gmt interval=6
2022-09-30 04:30:00+00:00,1.163,0.033,False,False,False,False,v,False,NOAA CO-OPS 8720218 water_level datum=NAVD units=metric tz=gmt interval=6
2022-09-30 04:36:00+00:00,1.162,0.036,False,False,False,False,v,False,NOAA CO-OPS 8720218 water_level datum=NAVD units=metric tz=gmt interval=6
2022-09-30 04:42:00+00:00,1.185,0.028,False,False,False,False,v,False,NOAA CO-OPS 8720218 water_level datum=NAVD units=metric tz=gmt interval=6
2022-09-30 04:48:00+00:00,1.169,0.025,False,False,False,False,v,False,NOAA CO-OPS 8720218 water_level datum=NAVD units=metric tz=gmt interval=6
2022-09-30 04:54:00+00:00,1.16,0.027,False,False,False,False,v,False,NOAA CO-OPS 8720218 water_level datum=NAVD units=metric tz=gmt interval=6
2022-09-30 05:00:00+00:00,1.149,0.028,False,False,False,False,v,False,NOAA CO-OPS 8720218 water_level datum=NAVD units=metric tz=gmt interval=6
2022-09-30 05:06:00+00:00,1.164,0.025,False,False,False,False,v,False,NOAA CO-OPS 8720218 water_level datum=NAVD units=metric tz=gmt interval=6
2022-09-30 05:12:00+00:00,1.155,0.024,False,False,False,False,v,False,NOAA CO-OPS 8720218 water_level datum=NAVD units=metric tz=gmt interval=6
2022-09-30 05:18:00+00:00,1.165,0.03,False,False,False,False,v,False,NOAA CO-OPS 8720218 water_level datum=NAVD units=metric tz=gmt interval=6
2022-09-30 05:24:00+00:00,1.172,0.029,False,False,False,False,v,False,NOAA CO-OPS 8720218 water_level datum=NAVD units=metric tz=gmt interval=6
2022-09-30 05:30:00+00:00,1.121,0.028,False,False,False,False,v,False,NOAA CO-OPS 8720218 water_level datum=NAVD units=metric tz=gmt interval=6
2022-09-30 05:36:00+00:00,1.11,0.034,False,False,False,False,v,False,NOAA CO-OPS 8720218 water_level datum=NAVD units=metric tz=gmt interval=6
2022-09-30 05:42:00+00:00,1.14,0.026,False,False,False,False,v,False,NOAA CO-OPS 8720218 water_level datum=NAVD units=metric tz=gmt interval=6
2022-09-30 05:48:00+00:00,1.134,0.031,False,False,False,False,v,False,NOAA CO-OPS 8720218 water_level datum=NAVD units=metric tz=gmt interval=6
2022-09-30 05:54:00+00:00,1.14,0.025,False,False,False,False,v,False,NOAA CO-OPS 8720218 water_level datum=NAVD units=metric tz=gmt interval=6
2022-09-30 06:00:00+00:00,1.108,0.028,False,False,False,False,v,False,NOAA CO-OPS 8720218 water_level datum=NAVD units=metric tz=gmt interval=6
2022-09-30 06:06:00+00:00,1.102,0.021,False,False,False,False,v,False,NOAA CO-OPS 8720218 water_level datum=NAVD units=metric tz=gmt interval=6
2022-09-30 06:12:00+00:00,1.083,0.022,False,False,False,False,v,False,NOAA CO-OPS 8720218 water_level datum=NAVD units=metric tz=gmt interval=6
2022-09-30 06:18:00+00:00,1.07,0.033,False,False,False,False,v,False,NOAA CO-OPS 8720218 water_level datum=NAVD units=metric tz=gmt interval=6
2022-09-30 06:24:00+00:00,1.022,0.023,False,False,False,False,v,False,NOAA CO-OPS 8720218 water_level datum=NAVD units=metric tz=gmt interval=6
2022-09-30 06:30:00+00:00,1.013,0.019,False,False,False,False,v,False,NOAA CO-OPS 8720218 water_level datum=NAVD units=metric tz=gmt interval=6
2022-09-30 06:36:00+00:00,1.013,0.026,False,False,False,False,v,False,NOAA CO-OPS 8720218 water_level datum=NAVD units=metric tz=gmt interval=6
2022-09-30 06:42:00+00:00,0.987,0.014,False,False,False,False,v,False,NOAA CO-OPS 8720218 water_level datum=NAVD units=metric tz=gmt interval=6
2022-09-30 06:48:00+00:00,0.97,0.017,False,False,False,False,v,False,NOAA CO-OPS 8720218 water_level datum=NAVD units=metric tz=gmt interval=6
2022-09-30 06:54:00+00:00,0.977,0.019,False,False,False,False,v,False,NOAA CO-OPS 8720218 water_level datum=NAVD units=metric tz=gmt interval=6
2022-09-30 07:00:00+00:00,0.944,0.019,False,False,False,False,v,False,NOAA CO-OPS 8720218 water_level datum=NAVD units=metric tz=gmt interval=6
2022-09-30 07:06:00+00:00,0.913,0.02,False,False,False,False,v,False,NOAA CO-OPS 8720218 water_level datum=NAVD units=metric tz=gmt interval=6
2022-09-30 07:12:00+00:00,0.872,0.016,False,False,False,False,v,False,NOAA CO-OPS 8720218 water_level datum=NAVD units=metric tz=gmt interval=6
2022-09-30 07:18:00+00:00,0.838,0.021,False,False,False,False,v,False,NOAA CO-OPS 8720218 water_level datum=NAVD units=metric tz=gmt interval=6
2022-09-30 07:24:00+00:00,0.828,0.015,False,False,False,False,v,False,NOAA CO-OPS 8720218 water_level datum=NAVD units=metric tz=gmt interval=6
2022-09-30 07:30:00+00:00,0.813,0.018,False,False,False,False,v,False,NOAA CO-OPS 8720218 water_level datum=NAVD units=metric tz=gmt interval=6
2022-09-30 07:36:00+00:00,0.775,0.022,False,False,False,False,v,False,NOAA CO-OPS 8720218 water_level datum=NAVD units=metric tz=gmt interval=6
2022-09-30 07:42:00+00:00,0.734,0.02,False,False,False,False,v,False,NOAA CO-OPS 8720218 water_level datum=NAVD units=metric tz=gmt interval=6
2022-09-30 07:48:00+00:00,0.693,0.013,False,False,False,False,v,False,NOAA CO-OPS 8720218 water_level datum=NAVD units=metric tz=gmt interval=6
2022-09-30 07:54:00+00:00,0.652,0.016,False,False,False,False,v,False,NOAA CO-OPS 8720218 water_level datum=NAVD units=metric tz=gmt interval=6
2022-09-30 08:00:00+00:00,0.642,0.016,False,False,False,False,v,False,NOAA CO-OPS 8720218 water_level datum=NAVD units=metric tz=gmt interval=6
2022-09-30 08:06:00+00:00,0.599,0.01,False,False,False,False,v,False,NOAA CO-OPS 8720218 water_level datum=NAVD units=metric tz=gmt interval=6
2022-09-30 08:12:00+00:00,0.581,0.013,False,False,False,False,v,False,NOAA CO-OPS 8720218 water_level datum=NAVD units=metric tz=gmt interval=6
2022-09-30 08:18:00+00:00,0.543,0.014,False,False,False,False,v,False,NOAA CO-OPS 8720218 water_level datum=NAVD units=metric tz=gmt interval=6
2022-09-30 08:24:00+00:00,0.494,0.009,False,False,False,False,v,False,NOAA CO-OPS 8720218 water_level datum=NAVD units=metric tz=gmt interval=6
2022-09-30 08:30:00+00:00,0.461,0.014,False,False,False,False,v,False,NOAA CO-OPS 8720218 water_level datum=NAVD units=metric tz=gmt interval=6
2022-09-30 08:36:00+00:00,0.438,0.013,False,False,False,False,v,False,NOAA CO-OPS 8720218 water_level datum=NAVD units=metric tz=gmt interval=6
2022-09-30 08:42:00+00:00,0.431,0.014,False,False,False,False,v,False,NOAA CO-OPS 8720218 water_level datum=NAVD units=metric tz=gmt interval=6
2022-09-30 08:48:00+00:00,0.394,0.009,False,False,False,False,v,False,NOAA CO-OPS 8720218 water_level datum=NAVD units=metric tz=gmt interval=6
2022-09-30 08:54:00+00:00,0.343,0.011,False,False,False,False,v,False,NOAA CO-OPS 8720218 water_level datum=NAVD units=metric tz=gmt interval=6
2022-09-30 09:00:00+00:00,0.306,0.014,False,False,False,False,v,False,NOAA CO-OPS 8720218 water_level datum=NAVD units=metric tz=gmt interval=6
2022-09-30 09:06:00+00:00,0.291,0.01,False,False,False,False,v,False,NOAA CO-OPS 8720218 water_level datum=NAVD units=metric tz=gmt interval=6
2022-09-30 09:12:00+00:00,0.274,0.01,False,False,False,False,v,False,NOAA CO-OPS 8720218 water_level datum=NAVD units=metric tz=gmt interval=6
2022-09-30 09:18:00+00:00,0.257,0.01,False,False,False,False,v,False,NOAA CO-OPS 8720218 water_level datum=NAVD units=metric tz=gmt interval=6
2022-09-30 09:24:00+00:00,0.239,0.011,False,False,False,False,v,False,NOAA CO-OPS 8720218 water_level datum=NAVD units=metric tz=gmt interval=6
2022-09-30 09:30:00+00:00,0.212,0.011,False,False,False,False,v,False,NOAA CO-OPS 8720218 water_level datum=NAVD units=metric tz=gmt interval=6
2022-09-30 09:36:00+00:00,0.195,0.009,False,False,False,False,v,False,NOAA CO-OPS 8720218 water_level datum=NAVD units=metric tz=gmt interval=6
2022-09-30 09:42:00+00:00,0.199,0.01,False,False,False,False,v,False,NOAA CO-OPS 8720218 water_level datum=NAVD units=metric tz=gmt interval=6
2022-09-30 09:48:00+00:00,0.193,0.012,False,False,False,False,v,False,NOAA CO-OPS 8720218 water_level datum=NAVD units=metric tz=gmt interval=6
2022-09-30 09:54:00+00:00,0.157,0.012,False,False,False,False,v,False,NOAA CO-OPS 8720218 water_level datum=NAVD units=metric tz=gmt interval=6
2022-09-30 10:00:00+00:00,0.129,0.01,False,False,False,False,v,False,NOAA CO-OPS 8720218 water_level datum=NAVD units=metric tz=gmt interval=6
2022-09-30 10:06:00+00:00,0.108,0.012,False,False,False,False,v,False,NOAA CO-OPS 8720218 water_level datum=NAVD units=metric tz=gmt interval=6
2022-09-30 10:12:00+00:00,0.109,0.008,False,False,False,False,v,False,NOAA CO-OPS 8720218 water_level datum=NAVD units=metric tz=gmt interval=6
2022-09-30 10:18:00+00:00,0.11,0.011,False,False,False,False,v,False,NOAA CO-OPS 8720218 water_level datum=NAVD units=metric tz=gmt interval=6
2022-09-30 10:24:00+00:00,0.09,0.015,False,False,False,False,v,False,NOAA CO-OPS 8720218 water_level datum=NAVD units=metric tz=gmt interval=6
2022-09-30 10:30:00+00:00,0.079,0.014,False,False,False,False,v,False,NOAA CO-OPS 8720218 water_level datum=NAVD units=metric tz=gmt interval=6
2022-09-30 10:36:00+00:00,0.078,0.011,False,False,False,False,v,False,NOAA CO-OPS 8720218 water_level datum=NAVD units=metric tz=gmt interval=6
2022-09-30 10:42:00+00:00,0.068,0.01,False,False,False,False,v,False,NOAA CO-OPS 8720218 water_level datum=NAVD units=metric tz=gmt interval=6
2022-09-30 10:48:00+00:00,0.064,0.01,False,False,False,False,v,False,NOAA CO-OPS 8720218 water_level datum=NAVD units=metric tz=gmt interval=6
2022-09-30 10:54:00+00:00,0.047,0.012,False,False,False,False,v,False,NOAA CO-OPS 8720218 water_level datum=NAVD units=metric tz=gmt interval=6
2022-09-30 11:00:00+00:00,0.046,0.011,False,False,False,False,v,False,NOAA CO-OPS 8720218 water_level datum=NAVD units=metric tz=gmt interval=6
2022-09-30 11:06:00+00:00,0.064,0.01,False,False,False,False,v,False,NOAA CO-OPS 8720218 water_level datum=NAVD units=metric tz=gmt interval=6
2022-09-30 11:12:00+00:00,0.076,0.007,False,False,False,False,v,False,NOAA CO-OPS 8720218 water_level datum=NAVD units=metric tz=gmt interval=6
2022-09-30 11:18:00+00:00,0.086,0.007,False,False,False,False,v,False,NOAA CO-OPS 8720218 water_level datum=NAVD units=metric tz=gmt interval=6
2022-09-30 11:24:00+00:00,0.105,0.009,False,False,False,False,v,False,NOAA CO-OPS 8720218 water_level datum=NAVD units=metric tz=gmt interval=6
2022-09-30 11:30:00+00:00,0.105,0.009,False,False,False,False,v,False,NOAA CO-OPS 8720218 water_level datum=NAVD units=metric tz=gmt interval=6
2022-09-30 11:36:00+00:00,0.116,0.01,False,False,False,False,v,False,NOAA CO-OPS 8720218 water_level datum=NAVD units=metric tz=gmt interval=6
2022-09-30 11:42:00+00:00,0.141,0.009,False,False,False,False,v,False,NOAA CO-OPS 8720218 water_level datum=NAVD units=metric tz=gmt interval=6
2022-09-30 11:48:00+00:00,0.157,0.009,False,False,False,False,v,False,NOAA CO-OPS 8720218 water_level datum=NAVD units=metric tz=gmt interval=6
2022-09-30 11:54:00+00:00,0.188,0.01,False,False,False,False,v,False,NOAA CO-OPS 8720218 water_level datum=NAVD units=metric tz=gmt interval=6
2022-09-30 12:00:00+00:00,0.215,0.009,False,False,False,False,v,False,NOAA CO-OPS 8720218 water_level datum=NAVD units=metric tz=gmt interval=6
2022-09-30 12:06:00+00:00,0.223,0.009,False,False,False,False,v,False,NOAA CO-OPS 8720218 water_level datum=NAVD units=metric tz=gmt interval=6
2022-09-30 12:12:00+00:00,0.245,0.007,False,False,False,False,v,False,NOAA CO-OPS 8720218 water_level datum=NAVD units=metric tz=gmt interval=6
2022-09-30 12:18:00+00:00,0.269,0.007,False,False,False,False,v,False,NOAA CO-OPS 8720218 water_level datum=NAVD units=metric tz=gmt interval=6
2022-09-30 12:24:00+00:00,0.287,0.006,False,False,False,False,v,False,NOAA CO-OPS 8720218 water_level datum=NAVD units=metric tz=gmt interval=6
2022-09-30 12:30:00+00:00,0.304,0.006,False,False,False,False,v,False,NOAA CO-OPS 8720218 water_level datum=NAVD units=metric tz=gmt interval=6
2022-09-30 12:36:00+00:00,0.328,0.006,False,False,False,False,v,False,NOAA CO-OPS 8720218 water_level datum=NAVD units=metric tz=gmt interval=6
2022-09-30 12:42:00+00:00,0.345,0.009,False,False,False,False,v,False,NOAA CO-OPS 8720218 water_level datum=NAVD units=metric tz=gmt interval=6
2022-09-30 12:48:00+00:00,0.375,0.007,False,False,False,False,v,False,NOAA CO-OPS 8720218 water_level datum=NAVD units=metric tz=gmt interval=6
2022-09-30 12:54:00+00:00,0.409,0.008,False,False,False,False,v,False,NOAA CO-OPS 8720218 water_level datum=NAVD units=metric tz=gmt interval=6
2022-09-30 13:00:00+00:00,0.433,0.007,False,False,False,False,v,False,NOAA CO-OPS 8720218 water_level datum=NAVD units=metric tz=gmt interval=6
2022-09-30 13:06:00+00:00,0.449,0.007,False,False,False,False,v,False,NOAA CO-OPS 8720218 water_level datum=NAVD units=metric tz=gmt interval=6
2022-09-30 13:12:00+00:00,0.48,0.01,False,False,False,False,v,False,NOAA CO-OPS 8720218 water_level datum=NAVD units=metric tz=gmt interval=6
2022-09-30 13:18:00+00:00,0.522,0.006,False,False,False,False,v,False,NOAA CO-OPS 8720218 water_level datum=NAVD units=metric tz=gmt interval=6
2022-09-30 13:24:00+00:00,0.563,0.009,False,False,False,False,v,False,NOAA CO-OPS 8720218 water_level datum=NAVD units=metric tz=gmt interval=6
2022-09-30 13:30:00+00:00,0.585,0.008,False,False,False,False,v,False,NOAA CO-OPS 8720218 water_level datum=NAVD units=metric tz=gmt interval=6
2022-09-30 13:36:00+00:00,0.599,0.009,False,False,False,False,v,False,NOAA CO-OPS 8720218 water_level datum=NAVD units=metric tz=gmt interval=6
2022-09-30 13:42:00+00:00,0.628,0.008,False,False,False,False,v,False,NOAA CO-OPS 8720218 water_level datum=NAVD units=metric tz=gmt interval=6
2022-09-30 13:48:00+00:00,0.659,0.008,False,False,False,False,v,False,NOAA CO-OPS 8720218 water_level datum=NAVD units=metric tz=gmt interval=6
2022-09-30 13:54:00+00:00,0.69,0.01,False,False,False,False,v,False,NOAA CO-OPS 8720218 water_level datum=NAVD units=metric tz=gmt interval=6
2022-09-30 14:00:00+00:00,0.724,0.01,False,False,False,False,v,False,NOAA CO-OPS 8720218 water_level datum=NAVD units=metric tz=gmt interval=6
2022-09-30 14:06:00+00:00,0.756,0.01,False,False,False,False,v,False,NOAA CO-OPS 8720218 water_level datum=NAVD units=metric tz=gmt interval=6
2022-09-30 14:12:00+00:00,0.787,0.011,False,False,False,False,v,False,NOAA CO-OPS 8720218 water_level datum=NAVD units=metric tz=gmt interval=6
2022-09-30 14:18:00+00:00,0.815,0.01,False,False,False,False,v,False,NOAA CO-OPS 8720218 water_level datum=NAVD units=metric tz=gmt interval=6
2022-09-30 14:24:00+00:00,0.833,0.012,False,False,False,False,v,False,NOAA CO-OPS 8720218 water_level datum=NAVD units=metric tz=gmt interval=6
2022-09-30 14:30:00+00:00,0.871,0.013,False,False,False,False,v,False,NOAA CO-OPS 8720218 water_level datum=NAVD units=metric tz=gmt interval=6
2022-09-30 14:36:00+00:00,0.886,0.013,False,False,False,False,v,False,NOAA CO-OPS 8720218 water_level datum=NAVD units=metric tz=gmt interval=6
2022-09-30 14:42:00+00:00,0.901,0.015,False,False,False,False,v,False,NOAA CO-OPS 8720218 water_level datum=NAVD units=metric tz=gmt interval=6
2022-09-30 14:48:00+00:00,0.932,0.013,False,False,False,False,v,False,NOAA CO-OPS 8720218 water_level datum=NAVD units=metric tz=gmt interval=6
2022-09-30 14:54:00+00:00,0.953,0.017,False,False,False,False,v,False,NOAA CO-OPS 8720218 water_level datum=NAVD units=metric tz=gmt interval=6
2022-09-30 15:00:00+00:00,0.979,0.013,False,False,False,False,v,False,NOAA CO-OPS 8720218 water_level datum=NAVD units=metric tz=gmt interval=6
2022-09-30 15:06:00+00:00,1.011,0.014,False,False,False,False,v,False,NOAA CO-OPS 8720218 water_level datum=NAVD units=metric tz=gmt interval=6
2022-09-30 15:12:00+00:00,1.029,0.015,False,False,False,False,v,False,NOAA CO-OPS 8720218 water_level datum=NAVD units=metric tz=gmt interval=6
2022-09-30 15:18:00+00:00,1.044,0.014,False,False,False,False,v,False,NOAA CO-OPS 8720218 water_level datum=NAVD units=metric tz=gmt interval=6
2022-09-30 15:24:00+00:00,1.058,0.012,False,False,False,False,v,False,NOAA CO-OPS 8720218 water_level datum=NAVD units=metric tz=gmt interval=6
2022-09-30 15:30:00+00:00,1.087,0.012,False,False,False,False,v,False,NOAA CO-OPS 8720218 water_level datum=NAVD units=metric tz=gmt interval=6
2022-09-30 15:36:00+00:00,1.107,0.017,False,False,False,False,v,False,NOAA CO-OPS 8720218 water_level datum=NAVD units=metric tz=gmt interval=6
2022-09-30 15:42:00+00:00,1.12,0.016,False,False,False,False,v,False,NOAA CO-OPS 8720218 water_level datum=NAVD units=metric tz=gmt interval=6
2022-09-30 15:48:00+00:00,1.139,0.013,False,False,False,False,v,False,NOAA CO-OPS 8720218 water_level datum=NAVD units=metric tz=gmt interval=6
2022-09-30 15:54:00+00:00,1.151,0.017,False,False,False,False,v,False,NOAA CO-OPS 8720218 water_level datum=NAVD units=metric tz=gmt interval=6
2022-09-30 16:00:00+00:00,1.158,0.014,False,False,False,False,v,False,NOAA CO-OPS 8720218 water_level datum=NAVD units=metric tz=gmt interval=6
2022-09-30 16:06:00+00:00,1.174,0.014,False,False,False,False,v,False,NOAA CO-OPS 8720218 water_level datum=NAVD units=metric tz=gmt interval=6
2022-09-30 16:12:00+00:00,1.191,0.013,False,False,False,False,v,False,NOAA CO-OPS 8720218 water_level datum=NAVD units=metric tz=gmt interval=6
2022-09-30 16:18:00+00:00,1.212,0.014,False,False,False,False,v,False,NOAA CO-OPS 8720218 water_level datum=NAVD units=metric tz=gmt interval=6
2022-09-30 16:24:00+00:00,1.221,0.014,False,False,False,False,v,False,NOAA CO-OPS 8720218 water_level datum=NAVD units=metric tz=gmt interval=6
2022-09-30 16:30:00+00:00,1.235,0.015,False,False,False,False,v,False,NOAA CO-OPS 8720218 water_level datum=NAVD units=metric tz=gmt interval=6
2022-09-30 16:36:00+00:00,1.249,0.014,False,False,False,False,v,False,NOAA CO-OPS 8720218 water_level datum=NAVD units=metric tz=gmt interval=6
2022-09-30 16:42:00+00:00,1.252,0.01,False,False,False,False,v,False,NOAA CO-OPS 8720218 water_level datum=NAVD units=metric tz=gmt interval=6
2022-09-30 16:48:00+00:00,1.264,0.012,False,False,False,False,v,False,NOAA CO-OPS 8720218 water_level datum=NAVD units=metric tz=gmt interval=6
2022-09-30 16:54:00+00:00,1.271,0.01,False,False,False,False,v,False,NOAA CO-OPS 8720218 water_level datum=NAVD units=metric tz=gmt interval=6
2022-09-30 17:00:00+00:00,1.273,0.012,False,False,False,False,v,False,NOAA CO-OPS 8720218 water_level datum=NAVD units=metric tz=gmt interval=6
2022-09-30 17:06:00+00:00,1.275,0.012,False,False,False,False,v,False,NOAA CO-OPS 8720218 water_level datum=NAVD units=metric tz=gmt interval=6
2022-09-30 17:12:00+00:00,1.282,0.014,False,False,False,False,v,False,NOAA CO-OPS 8720218 water_level datum=NAVD units=metric tz=gmt interval=6
2022-09-30 17:18:00+00:00,1.275,0.011,False,False,False,False,v,False,NOAA CO-OPS 8720218 water_level datum=NAVD units=metric tz=gmt interval=6
2022-09-30 17:24:00+00:00,1.267,0.011,False,False,False,False,v,False,NOAA CO-OPS 8720218 water_level datum=NAVD units=metric tz=gmt interval=6
2022-09-30 17:30:00+00:00,1.253,0.009,False,False,False,False,v,False,NOAA CO-OPS 8720218 water_level datum=NAVD units=metric tz=gmt interval=6
2022-09-30 17:36:00+00:00,1.246,0.009,False,False,False,False,v,False,NOAA CO-OPS 8720218 water_level datum=NAVD units=metric tz=gmt interval=6
2022-09-30 17:42:00+00:00,1.25,0.009,False,False,False,False,v,False,NOAA CO-OPS 8720218 water_level datum=NAVD units=metric tz=gmt interval=6
2022-09-30 17:48:00+00:00,1.245,0.01,False,False,False,False,v,False,NOAA CO-OPS 8720218 water_level datum=NAVD units=metric tz=gmt interval=6
2022-09-30 17:54:00+00:00,1.225,0.011,False,False,False,False,v,False,NOAA CO-OPS 8720218 water_level datum=NAVD units=metric tz=gmt interval=6
2022-09-30 18:00:00+00:00,1.192,0.01,False,False,False,False,v,False,NOAA CO-OPS 8720218 water_level datum=NAVD units=metric tz=gmt interval=6
2022-09-30 18:06:00+00:00,1.183,0.009,False,False,False,False,v,False,NOAA CO-OPS 8720218 water_level datum=NAVD units=metric tz=gmt interval=6
2022-09-30 18:12:00+00:00,1.171,0.012,False,False,False,False,v,False,NOAA CO-OPS 8720218 water_level datum=NAVD units=metric tz=gmt interval=6
2022-09-30 18:18:00+00:00,1.146,0.008,False,False,False,False,v,False,NOAA CO-OPS 8720218 water_level datum=NAVD units=metric tz=gmt interval=6
2022-09-30 18:24:00+00:00,1.114,0.008,False,False,False,False,v,False,NOAA CO-OPS 8720218 water_level datum=NAVD units=metric tz=gmt interval=6
2022-09-30 18:30:00+00:00,1.059,0.008,False,False,False,False,v,False,NOAA CO-OPS 8720218 water_level datum=NAVD units=metric tz=gmt interval=6
2022-09-30 18:36:00+00:00,1.013,0.011,False,False,False,False,v,False,NOAA CO-OPS 8720218 water_level datum=NAVD units=metric tz=gmt interval=6
2022-09-30 18:42:00+00:00,0.984,0.008,False,False,False,False,v,False,NOAA CO-OPS 8720218 water_level datum=NAVD units=metric tz=gmt interval=6
2022-09-30 18:48:00+00:00,0.949,0.009,False,False,False,False,v,False,NOAA CO-OPS 8720218 water_level datum=NAVD units=metric tz=gmt interval=6
2022-09-30 18:54:00+00:00,0.913,0.017,False,False,False,False,v,False,NOAA CO-OPS 8720218 water_level datum=NAVD units=metric tz=gmt interval=6
2022-09-30 19:00:00+00:00,0.875,0.008,False,False,False,False,v,False,NOAA CO-OPS 8720218 water_level datum=NAVD units=metric tz=gmt interval=6
2022-09-30 19:06:00+00:00,0.837,0.011,False,False,False,False,v,False,NOAA CO-OPS 8720218 water_level datum=NAVD units=metric tz=gmt interval=6
2022-09-30 19:12:00+00:00,0.801,0.011,False,False,False,False,v,False,NOAA CO-OPS 8720218 water_level datum=NAVD units=metric tz=gmt interval=6
2022-09-30 19:18:00+00:00,0.758,0.01,False,False,False,False,v,False,NOAA CO-OPS 8720218 water_level datum=NAVD units=metric tz=gmt interval=6
2022-09-30 19:24:00+00:00,0.709,0.011,False,False,False,False,v,False,NOAA CO-OPS 8720218 water_level datum=NAVD units=metric tz=gmt interval=6
2022-09-30 19:30:00+00:00,0.658,0.009,False,False,False,False,v,False,NOAA CO-OPS 8720218 water_level datum=NAVD units=metric tz=gmt interval=6
2022-09-30 19:36:00+00:00,0.619,0.007,False,False,False,False,v,False,NOAA CO-OPS 8720218 water_level datum=NAVD units=metric tz=gmt interval=6
2022-09-30 19:42:00+00:00,0.593,0.035,False,False,False,False,v,False,NOAA CO-OPS 8720218 water_level datum=NAVD units=metric tz=gmt interval=6
2022-09-30 19:48:00+00:00,0.526,0.01,False,False,False,False,v,False,NOAA CO-OPS 8720218 water_level datum=NAVD units=metric tz=gmt interval=6
2022-09-30 19:54:00+00:00,0.481,0.01,False,False,False,False,v,False,NOAA CO-OPS 8720218 water_level datum=NAVD units=metric tz=gmt interval=6
2022-09-30 20:00:00+00:00,0.432,0.011,False,False,False,False,v,False,NOAA CO-OPS 8720218 water_level datum=NAVD units=metric tz=gmt interval=6
2022-09-30 20:06:00+00:00,0.382,0.006,False,False,False,False,v,False,NOAA CO-OPS 8720218 water_level datum=NAVD units=metric tz=gmt interval=6
2022-09-30 20:12:00+00:00,0.334,0.006,False,False,False,False,v,False,NOAA CO-OPS 8720218 water_level datum=NAVD units=metric tz=gmt interval=6
2022-09-30 20:18:00+00:00,0.289,0.007,False,False,False,False,v,False,NOAA CO-OPS 8720218 water_level datum=NAVD units=metric tz=gmt interval=6
2022-09-30 20:24:00+00:00,0.244,0.007,False,False,False,False,v,False,NOAA CO-OPS 8720218 water_level datum=NAVD units=metric tz=gmt interval=6
2022-09-30 20:30:00+00:00,0.191,0.008,False,False,False,False,v,False,NOAA CO-OPS 8720218 water_level datum=NAVD units=metric tz=gmt interval=6
2022-09-30 20:36:00+00:00,0.158,0.008,False,False,False,False,v,False,NOAA CO-OPS 8720218 water_level datum=NAVD units=metric tz=gmt interval=6
2022-09-30 20:42:00+00:00,0.128,0.007,False,False,False,False,v,False,NOAA CO-OPS 8720218 water_level datum=NAVD units=metric tz=gmt interval=6
2022-09-30 20:48:00+00:00,0.09,0.007,False,False,False,False,v,False,NOAA CO-OPS 8720218 water_level datum=NAVD units=metric tz=gmt interval=6
2022-09-30 20:54:00+00:00,0.054,0.005,False,False,False,False,v,False,NOAA CO-OPS 8720218 water_level datum=NAVD units=metric tz=gmt interval=6
2022-09-30 21:00:00+00:00,0.021,0.007,False,False,False,False,v,False,NOAA CO-OPS 8720218 water_level datum=NAVD units=metric tz=gmt interval=6
2022-09-30 21:06:00+00:00,-0.013,0.007,False,False,False,False,v,False,NOAA CO-OPS 8720218 water_level datum=NAVD units=metric tz=gmt interval=6
2022-09-30 21:12:00+00:00,-0.027,0.007,False,False,False,False,v,False,NOAA CO-OPS 8720218 water_level datum=NAVD units=metric tz=gmt interval=6
2022-09-30 21:18:00+00:00,-0.047,0.005,False,False,False,False,v,False,NOAA CO-OPS 8720218 water_level datum=NAVD units=metric tz=gmt interval=6
2022-09-30 21:24:00+00:00,-0.068,0.006,False,False,False,False,v,False,NOAA CO-OPS 8720218 water_level datum=NAVD units=metric tz=gmt interval=6
2022-09-30 21:30:00+00:00,-0.097,0.007,False,False,False,False,v,False,NOAA CO-OPS 8720218 water_level datum=NAVD units=metric tz=gmt interval=6
2022-09-30 21:36:00+00:00,-0.137,0.008,False,False,False,False,v,False,NOAA CO-OPS 8720218 water_level datum=NAVD units=metric tz=gmt interval=6
2022-09-30 21:42:00+00:00,-0.169,0.006,False,False,False,False,v,False,NOAA CO-OPS 8720218 water_level datum=NAVD units=metric tz=gmt interval=6
2022-09-30 21:48:00+00:00,-0.188,0.007,False,False,False,False,v,False,NOAA CO-OPS 8720218 water_level datum=NAVD units=metric tz=gmt interval=6
2022-09-30 21:54:00+00:00,-0.2,0.007,False,False,False,False,v,False,NOAA CO-OPS 8720218 water_level datum=NAVD units=metric tz=gmt interval=6
2022-09-30 22:00:00+00:00,-0.22,0.005,False,False,False,False,v,False,NOAA CO-OPS 8720218 water_level datum=NAVD units=metric tz=gmt interval=6
2022-09-30 22:06:00+00:00,-0.229,0.006,False,False,False,False,v,False,NOAA CO-OPS 8720218 water_level datum=NAVD units=metric tz=gmt interval=6
2022-09-30 22:12:00+00:00,-0.247,0.005,False,False,False,False,v,False,NOAA CO-OPS 8720218 water_level datum=NAVD units=metric tz=gmt interval=6
2022-09-30 22:18:00+00:00,-0.259,0.005,False,False,False,False,v,False,NOAA CO-OPS 8720218 water_level datum=NAVD units=metric tz=gmt interval=6
2022-09-30 22:24:00+00:00,-0.273,0.005,False,False,False,False,v,False,NOAA CO-OPS 8720218 water_level datum=NAVD units=metric tz=gmt interval=6
2022-09-30 22:30:00+00:00,-0.285,0.006,False,False,False,False,v,False,NOAA CO-OPS 8720218 water_level datum=NAVD units=metric tz=gmt interval=6
2022-09-30 22:36:00+00:00,-0.284,0.007,False,False,False,False,v,False,NOAA CO-OPS 8720218 water_level datum=NAVD units=metric tz=gmt interval=6
2022-09-30 22:42:00+00:00,-0.298,0.005,False,False,False,False,v,False,NOAA CO-OPS 8720218 water_level datum=NAVD units=metric tz=gmt interval=6
2022-09-30 22:48:00+00:00,-0.315,0.006,False,False,False,False,v,False,NOAA CO-OPS 8720218 water_level datum=NAVD units=metric tz=gmt interval=6
2022-09-30 22:54:00+00:00,-0.33,0.011,False,False,False,False,v,False,NOAA CO-OPS 8720218 water_level datum=NAVD units=metric tz=gmt interval=6
2022-09-30 23:00:00+00:00,-0.316,0.011,False,False,False,False,v,False,NOAA CO-OPS 8720218 water_level datum=NAVD units=metric tz=gmt interval=6
2022-09-30 23:06:00+00:00,-0.306,0.009,False,False,False,False,v,False,NOAA CO-OPS 8720218 water_level datum=NAVD units=metric tz=gmt interval=6
2022-09-30 23:12:00+00:00,-0.303,0.008,False,False,False,False,v,False,NOAA CO-OPS 8720218 water_level datum=NAVD units=metric tz=gmt interval=6
2022-09-30 23:18:00+00:00,-0.283,0.009,False,False,False,False,v,False,NOAA CO-OPS 8720218 water_level datum=NAVD units=metric tz=gmt interval=6
2022-09-30 23:24:00+00:00,-0.262,0.007,False,False,False,False,v,False,NOAA CO-OPS 8720218 water_level datum=NAVD units=metric tz=gmt interval=6
2022-09-30 23:30:00+00:00,-0.258,0.006,False,False,False,False,v,False,NOAA CO-OPS 8720218 water_level datum=NAVD units=metric tz=gmt interval=6
2022-09-30 23:36:00+00:00,-0.258,0.007,False,False,False,False,v,False,NOAA CO-OPS 8720218 water_level datum=NAVD units=metric tz=gmt interval=6
2022-09-30 23:42:00+00:00,-0.244,0.005,False,False,False,False,v,False,NOAA CO-OPS 8720218 water_level datum=NAVD units=metric tz=gmt interval=6
2022-09-30 23:48:00+00:00,-0.239,0.005,False,False,False,False,v,False,NOAA CO-OPS 8720218 water_level datum=NAVD units=metric tz=gmt interval=6
2022-09-30 23:54:00+00:00,-0.218,0.009,False,False,False,False,v,False,NOAA CO-OPS 8720218 water_level datum=NAVD units=metric tz=gmt interval=6
2022-10-01 00:00:00+00:00,-0.203,0.006,False,False,False,False,v,False,NOAA CO-OPS 8720218 water_level datum=NAVD units=metric tz=gmt interval=6
2022-10-01 00:06:00+00:00,-0.185,0.005,False,False,False,False,v,False,NOAA CO-OPS 8720218 water_level datum=NAVD units=metric tz=gmt interval=6
2022-10-01 00:12:00+00:00,-0.174,0.005,False,False,False,False,v,False,NOAA CO-OPS 8720218 water_level datum=NAVD units=metric tz=gmt interval=6
2022-10-01 00:18:00+00:00,-0.163,0.004,False,False,False,False,v,False,NOAA CO-OPS 8720218 water_level datum=NAVD units=metric tz=gmt interval=6
2022-10-01 00:24:00+00:00,-0.125,0.007,False,False,False,False,v,False,NOAA CO-OPS 8720218 water_level datum=NAVD units=metric tz=gmt interval=6
2022-10-01 00:30:00+00:00,-0.092,0.006,False,False,False,False,v,False,NOAA CO-OPS 8720218 water_level datum=NAVD units=metric tz=gmt interval=6
2022-10-01 00:36:00+00:00,-0.069,0.007,False,False,False,False,v,False,NOAA CO-OPS 8720218 water_level datum=NAVD units=metric tz=gmt interval=6
2022-10-01 00:42:00+00:00,-0.05,0.004,False,False,False,False,v,False,NOAA CO-OPS 8720218 water_level datum=NAVD units=metric tz=gmt interval=6
2022-10-01 00:48:00+00:00,-0.033,0.006,False,False,False,False,v,False,NOAA CO-OPS 8720218 water_level datum=NAVD units=metric tz=gmt interval=6
2022-10-01 00:54:00+00:00,-0.003,0.006,False,False,False,False,v,False,NOAA CO-OPS 8720218 water_level datum=NAVD units=metric tz=gmt interval=6
2022-10-01 01:00:00+00:00,0.034,0.006,False,False,False,False,v,False,NOAA CO-OPS 8720218 water_level datum=NAVD units=metric tz=gmt interval=6
2022-10-01 01:06:00+00:00,0.07,0.005,False,False,False,False,v,False,NOAA CO-OPS 8720218 water_level datum=NAVD units=metric tz=gmt interval=6
2022-10-01 01:12:00+00:00,0.093,0.003,False,False,False,False,v,False,NOAA CO-OPS 8720218 water_level datum=NAVD units=metric tz=gmt interval=6
2022-10-01 01:18:00+00:00,0.109,0.005,False,False,False,False,v,False,NOAA CO-OPS 8720218 water_level datum=NAVD units=metric tz=gmt interval=6
2022-10-01 01:24:00+00:00,0.138,0.005,False,False,False,False,v,False,NOAA CO-OPS 8720218 water_level datum=NAVD units=metric tz=gmt interval=6
2022-10-01 01:30:00+00:00,0.167,0.004,False,False,False,False,v,False,NOAA CO-OPS 8720218 water_level datum=NAVD units=metric tz=gmt interval=6
2022-10-01 01:36:00+00:00,0.193,0.004,False,False,False,False,v,False,NOAA CO-OPS 8720218 water_level datum=NAVD units=metric tz=gmt interval=6
2022-10-01 01:42:00+00:00,0.214,0.005,False,False,False,False,v,False,NOAA CO-OPS 8720218 water_level datum=NAVD units=metric tz=gmt interval=6
2022-10-01 01:48:00+00:00,0.243,0.007,False,False,False,False,v,False,NOAA CO-OPS 8720218 water_level datum=NAVD units=metric tz=gmt interval=6
2022-10-01 01:54:00+00:00,0.276,0.006,False,False,False,False,v,False,NOAA CO-OPS 8720218 water_level datum=NAVD units=metric tz=gmt interval=6
2022-10-01 02:00:00+00:00,0.307,0.004,False,False,False,False,v,False,NOAA CO-OPS 8720218 water_level datum=NAVD units=metric tz=gmt interval=6
2022-10-01 02:06:00+00:00,0.335,0.005,False,False,False,False,v,False,NOAA CO-OPS 8720218 water_level datum=NAVD units=metric tz=gmt interval=6
2022-10-01 02:12:00+00:00,0.37,0.003,False,False,False,False,v,False,NOAA CO-OPS 8720218 water_level datum=NAVD units=metric tz=gmt interval=6
2022-10-01 02:18:00+00:00,0.395,0.005,False,False,False,False,v,False,NOAA CO-OPS 8720218 water_level datum=NAVD units=metric tz=gmt interval=6
2022-10-01 02:24:00+00:00,0.414,0.005,False,False,False,False,v,False,NOAA CO-OPS 8720218 water_level datum=NAVD units=metric tz=gmt interval=6
2022-10-01 02:30:00+00:00,0.44,0.004,False,False,False,False,v,False,NOAA CO-OPS 8720218 water_level datum=NAVD units=metric tz=gmt interval=6
2022-10-01 02:36:00+00:00,0.47,0.003,False,False,False,False,v,False,NOAA CO-OPS 8720218 water_level datum=NAVD units=metric tz=gmt interval=6
2022-10-01 02:42:00+00:00,0.5,0.004,False,False,False,False,v,False,NOAA CO-OPS 8720218 water_level datum=NAVD units=metric tz=gmt interval=6
2022-10-01 02:48:00+00:00,0.531,0.005,False,False,False,False,v,False,NOAA CO-OPS 8720218 water_level datum=NAVD units=metric tz=gmt interval=6
2022-10-01 02:54:00+00:00,0.558,0.004,False,False,False,False,v,False,NOAA CO-OPS 8720218 water_level datum=NAVD units=metric tz=gmt interval=6
2022-10-01 03:00:00+00:00,0.584,0.005,False,False,False,False,v,False,NOAA CO-OPS 8720218 water_level datum=NAVD units=metric tz=gmt interval=6
2022-10-01 03:06:00+00:00,0.627,0.034,False,False,False,False,v,False,NOAA CO-OPS 8720218 water_level datum=NAVD units=metric tz=gmt interval=6
2022-10-01 03:12:00+00:00,0.63,0.007,False,False,False,False,v,False,NOAA CO-OPS 8720218 water_level datum=NAVD units=metric tz=gmt interval=6
2022-10-01 03:18:00+00:00,0.664,0.006,False,False,False,False,v,False,NOAA CO-OPS 8720218 water_level datum=NAVD units=metric tz=gmt interval=6
2022-10-01 03:24:00+00:00,0.688,0.007,False,False,False,False,v,False,NOAA CO-OPS 8720218 water_level datum=NAVD units=metric tz=gmt interval=6
2022-10-01 03:30:00+00:00,0.702,0.007,False,False,False,False,v,False,NOAA CO-OPS 8720218 water_level datum=NAVD units=metric tz=gmt interval=6
2022-10-01 03:36:00+00:00,0.722,0.006,False,False,False,False,v,False,NOAA CO-OPS 8720218 water_level datum=NAVD units=metric tz=gmt interval=6
2022-10-01 03:42:00+00:00,0.742,0.008,False,False,False,False,v,False,NOAA CO-OPS 8720218 water_level datum=NAVD units=metric tz=gmt interval=6
2022-10-01 03:48:00+00:00,0.758,0.007,False,False,False,False,v,False,NOAA CO-OPS 8720218 water_level datum=NAVD units=metric tz=gmt interval=6
2022-10-01 03:54:00+00:00,0.777,0.006,False,False,False,False,v,False,NOAA CO-OPS 8720218 water_level datum=NAVD units=metric tz=gmt interval=6
2022-10-01 04:00:00+00:00,0.795,0.008,False,False,False,False,v,False,NOAA CO-OPS 8720218 water_level datum=NAVD units=metric tz=gmt interval=6
2022-10-01 04:06:00+00:00,0.822,0.006,False,False,False,False,v,False,NOAA CO-OPS 8720218 water_level datum=NAVD units=metric tz=gmt interval=6
2022-10-01 04:12:00+00:00,0.843,0.006,False,False,False,False,v,False,NOAA CO-OPS 8720218 water_level datum=NAVD units=metric tz=gmt interval=6
2022-10-01 04:18:00+00:00,0.849,0.006,False,False,False,False,v,False,NOAA CO-OPS 8720218 water_level datum=NAVD units=metric tz=gmt interval=6
2022-10-01 04:24:00+00:00,0.854,0.006,False,False,False,False,v,False,NOAA CO-OPS 8720218 water_level datum=NAVD units=metric tz=gmt interval=6
2022-10-01 04:30:00+00:00,0.862,0.007,False,False,False,False,v,False,NOAA CO-OPS 8720218 water_level datum=NAVD units=metric tz=gmt interval=6
2022-10-01 04:36:00+00:00,0.875,0.006,False,False,False,False,v,False,NOAA CO-OPS 8720218 water_level datum=NAVD units=metric tz=gmt interval=6
2022-10-01 04:42:00+00:00,0.881,0.004,False,False,False,False,v,False,NOAA CO-OPS 8720218 water_level datum=NAVD units=metric tz=gmt interval=6
2022-10-01 04:48:00+00:00,0.889,0.006,False,False,False,False,v,False,NOAA CO-OPS 8720218 water_level datum=NAVD units=metric tz=gmt interval=6
2022-10-01 04:54:00+00:00,0.896,0.005,False,False,False,False,v,False,NOAA CO-OPS 8720218 water_level datum=NAVD units=metric tz=gmt interval=6
2022-10-01 05:00:00+00:00,0.886,0.005,False,False,False,False,v,False,NOAA CO-OPS 8720218 water_level datum=NAVD units=metric tz=gmt interval=6
2022-10-01 05:06:00+00:00,0.879,0.005,False,False,False,False,v,False,NOAA CO-OPS 8720218 water_level datum=NAVD units=metric tz=gmt interval=6
2022-10-01 05:12:00+00:00,0.884,0.006,False,False,False,False,v,False,NOAA CO-OPS 8720218 water_level datum=NAVD units=metric tz=gmt interval=6
2022-10-01 05:18:00+00:00,0.884,0.006,False,False,False,False,v,False,NOAA CO-OPS 8720218 water_level datum=NAVD units=metric tz=gmt interval=6
2022-10-01 05:24:00+00:00,0.882,0.005,False,False,False,False,v,False,NOAA CO-OPS 8720218 water_level datum=NAVD units=metric tz=gmt interval=6
2022-10-01 05:30:00+00:00,0.873,0.005,False,False,False,False,v,False,NOAA CO-OPS 8720218 water_level datum=NAVD units=metric tz=gmt interval=6
2022-10-01 05:36:00+00:00,0.866,0.005,False,False,False,False,v,False,NOAA CO-OPS 8720218 water_level datum=NAVD units=metric tz=gmt interval=6
2022-10-01 05:42:00+00:00,0.862,0.004,False,False,False,False,v,False,NOAA CO-OPS 8720218 water_level datum=NAVD units=metric tz=gmt interval=6
2022-10-01 05:48:00+00:00,0.857,0.004,False,False,False,False,v,False,NOAA CO-OPS 8720218 water_level datum=NAVD units=metric tz=gmt interval=6
2022-10-01 05:54:00+00:00,0.853,0.004,False,False,False,False,v,False,NOAA CO-OPS 8720218 water_level datum=NAVD units=metric tz=gmt interval=6
2022-10-01 06:00:00+00:00,0.842,0.005,False,False,False,False,v,False,NOAA CO-OPS 8720218 water_level datum=NAVD units=metric tz=gmt interval=6
2022-10-01 06:06:00+00:00,0.824,0.005,False,False,False,False,v,False,NOAA CO-OPS 8720218 water_level datum=NAVD units=metric tz=gmt interval=6
2022-10-01 06:12:00+00:00,0.797,0.004,False,False,False,False,v,False,NOAA CO-OPS 8720218 water_level datum=NAVD units=metric tz=gmt interval=6
2022-10-01 06:18:00+00:00,0.766,0.004,False,False,False,False,v,False,NOAA CO-OPS 8720218 water_level datum=NAVD units=metric tz=gmt interval=6
2022-10-01 06:24:00+00:00,0.743,0.003,False,False,False,False,v,False,NOAA CO-OPS 8720218 water_level datum=NAVD units=metric tz=gmt interval=6
2022-10-01 06:30:00+00:00,0.719,0.004,False,False,False,False,v,False,NOAA CO-OPS 8720218 water_level datum=NAVD units=metric tz=gmt interval=6
2022-10-01 06:36:00+00:00,0.683,0.006,False,False,False,False,v,False,NOAA CO-OPS 8720218 water_level datum=NAVD units=metric tz=gmt interval=6
2022-10-01 06:42:00+00:00,0.642,0.008,False,False,False,False,v,False,NOAA CO-OPS 8720218 water_level datum=NAVD units=metric tz=gmt interval=6
2022-10-01 06:48:00+00:00,0.654,0.104,False,False,False,False,v,False,NOAA CO-OPS 8720218 water_level datum=NAVD units=metric tz=gmt interval=6
2022-10-01 06:54:00+00:00,0.575,0.008,False,False,False,False,v,False,NOAA CO-OPS 8720218 water_level datum=NAVD units=metric tz=gmt interval=6
2022-10-01 07:00:00+00:00,0.532,0.008,False,False,False,False,v,False,NOAA CO-OPS 8720218 water_level datum=NAVD units=metric tz=gmt interval=6
2022-10-01 07:06:00+00:00,0.483,0.007,False,False,False,False,v,False,NOAA CO-OPS 8720218 water_level datum=NAVD units=metric tz=gmt interval=6
2022-10-01 07:12:00+00:00,0.434,0.006,False,False,False,False,v,False,NOAA CO-OPS 8720218 water_level datum=NAVD units=metric tz=gmt interval=6
2022-10-01 07:18:00+00:00,0.383,0.006,False,False,False,False,v,False,NOAA CO-OPS 8720218 water_level datum=NAVD units=metric tz=gmt interval=6
2022-10-01 07:24:00+00:00,0.336,0.007,False,False,False,False,v,False,NOAA CO-OPS 8720218 water_level datum=NAVD units=metric tz=gmt interval=6
2022-10-01 07:30:00+00:00,0.291,0.007,False,False,False,False,v,False,NOAA CO-OPS 8720218 water_level datum=NAVD units=metric tz=gmt interval=6
2022-10-01 07:36:00+00:00,0.251,0.007,False,False,False,False,v,False,NOAA CO-OPS 8720218 water_level datum=NAVD units=metric tz=gmt interval=6
2022-10-01 07:42:00+00:00,0.217,0.005,False,False,False,False,v,False,NOAA CO-OPS 8720218 water_level datum=NAVD units=metric tz=gmt interval=6
2022-10-01 07:48:00+00:00,0.173,0.006,False,False,False,False,v,False,NOAA CO-OPS 8720218 water_level datum=NAVD units=metric tz=gmt interval=6
2022-10-01 07:54:00+00:00,0.123,0.008,False,False,False,False,v,False,NOAA CO-OPS 8720218 water_level datum=NAVD units=metric tz=gmt interval=6
2022-10-01 08:00:00+00:00,0.082,0.007,False,False,False,False,v,False,NOAA CO-OPS 8720218 water_level datum=NAVD units=metric tz=gmt interval=6
2022-10-01 08:06:00+00:00,0.041,0.007,False,False,False,False,v,False,NOAA CO-OPS 8720218 water_level datum=NAVD units=metric tz=gmt interval=6
2022-10-01 08:12:00+00:00,0.006,0.006,False,False,False,False,v,False,NOAA CO-OPS 8720218 water_level datum=NAVD units=metric tz=gmt interval=6
2022-10-01 08:18:00+00:00,-0.024,0.006,False,False,False,False,v,False,NOAA CO-OPS 8720218 water_level datum=NAVD units=metric tz=gmt interval=6
2022-10-01 08:24:00+00:00,-0.062,0.007,False,False,False,False,v,False,NOAA CO-OPS 8720218 water_level datum=NAVD units=metric tz=gmt interval=6
2022-10-01 08:30:00+00:00,-0.102,0.005,False,False,False,False,v,False,NOAA CO-OPS 8720218 water_level datum=NAVD units=metric tz=gmt interval=6
2022-10-01 08:36:00+00:00,-0.138,0.006,False,False,False,False,v,False,NOAA CO-OPS 8720218 water_level datum=NAVD units=metric tz=gmt interval=6
2022-10-01 08:42:00+00:00,-0.171,0.005,False,False,False,False,v,False,NOAA CO-OPS 8720218 water_level datum=NAVD units=metric tz=gmt interval=6
2022-10-01 08:48:00+00:00,-0.195,0.007,False,False,False,False,v,False,NOAA CO-OPS 8720218 water_level datum=NAVD units=metric tz=gmt interval=6
2022-10-01 08:54:00+00:00,-0.217,0.007,False,False,False,False,v,False,NOAA CO-OPS 8720218 water_level datum=NAVD units=metric tz=gmt interval=6
2022-10-01 09:00:00+00:00,-0.247,0.007,False,False,False,False,v,False,NOAA CO-OPS 8720218 water_level datum=NAVD units=metric tz=gmt interval=6
2022-10-01 09:06:00+00:00,-0.279,0.008,False,False,False,False,v,False,NOAA CO-OPS 8720218 water_level datum=NAVD units=metric tz=gmt interval=6
2022-10-01 09:12:00+00:00,-0.31,0.006,False,False,False,False,v,False,NOAA CO-OPS 8720218 water_level datum=NAVD units=metric tz=gmt interval=6
2022-10-01 09:18:00+00:00,-0.336,0.008,False,False,False,False,v,False,NOAA CO-OPS 8720218 water_level datum=NAVD units=metric tz=gmt interval=6
2022-10-01 09:24:00+00:00,-0.361,0.008,False,False,False,False,v,False,NOAA CO-OPS 8720218 water_level datum=NAVD units=metric tz=gmt interval=6
2022-10-01 09:30:00+00:00,-0.38,0.008,False,False,False,False,v,False,NOAA CO-OPS 8720218 water_level datum=NAVD units=metric tz=gmt interval=6
2022-10-01 09:36:00+00:00,-0.395,0.007,False,False,False,False,v,False,NOAA CO-OPS 8720218 water_level datum=NAVD units=metric tz=gmt interval=6
2022-10-01 09:42:00+00:00,-0.398,0.006,False,False,False,False,v,False,NOAA CO-OPS 8720218 water_level datum=NAVD units=metric tz=gmt interval=6
2022-10-01 09:48:00+00:00,-0.409,0.009,False,False,False,False,v,False,NOAA CO-OPS 8720218 water_level datum=NAVD units=metric tz=gmt interval=6
2022-10-01 09:54:00+00:00,-0.427,0.009,False,False,False,False,v,False,NOAA CO-OPS 8720218 water_level datum=NAVD units=metric tz=gmt interval=6
2022-10-01 10:00:00+00:00,-0.44,0.009,False,False,False,False,v,False,NOAA CO-OPS 8720218 water_level datum=NAVD units=metric tz=gmt interval=6
2022-10-01 10:06:00+00:00,-0.445,0.007,False,False,False,False,v,False,NOAA CO-OPS 8720218 water_level datum=NAVD units=metric tz=gmt interval=6
2022-10-01 10:12:00+00:00,-0.455,0.008,False,False,False,False,v,False,NOAA CO-OPS 8720218 water_level datum=NAVD units=metric tz=gmt interval=6
2022-10-01 10:18:00+00:00,-0.458,0.008,False,False,False,False,v,False,NOAA CO-OPS 8720218 water_level datum=NAVD units=metric tz=gmt interval=6
2022-10-01 10:24:00+00:00,-0.475,0.009,False,False,False,False,v,False,NOAA CO-OPS 8720218 water_level datum=NAVD units=metric tz=gmt interval=6
2022-10-01 10:30:00+00:00,-0.489,0.008,False,False,False,False,v,False,NOAA CO-OPS 8720218 water_level datum=NAVD units=metric tz=gmt interval=6
2022-10-01 10:36:00+00:00,-0.5,0.008,False,False,False,False,v,False,NOAA CO-OPS 8720218 water_level datum=NAVD units=metric tz=gmt interval=6
2022-10-01 10:42:00+00:00,-0.506,0.01,False,False,False,False,v,False,NOAA CO-OPS 8720218 water_level datum=NAVD units=metric tz=gmt interval=6
2022-10-01 10:48:00+00:00,-0.502,0.009,False,False,False,False,v,False,NOAA CO-OPS 8720218 water_level datum=NAVD units=metric tz=gmt interval=6
2022-10-01 10:54:00+00:00,-0.5,0.01,False,False,False,False,v,False,NOAA CO-OPS 8720218 water_level datum=NAVD units=metric tz=gmt interval=6
2022-10-01 11:00:00+00:00,-0.503,0.01,False,False,False,False,v,False,NOAA CO-OPS 8720218 water_level datum=NAVD units=metric tz=gmt interval=6
2022-10-01 11:06:00+00:00,-0.502,0.011,False,False,False,False,v,False,NOAA CO-OPS 8720218 water_level datum=NAVD units=metric tz=gmt interval=6
2022-10-01 11:12:00+00:00,-0.499,0.01,False,False,False,False,v,False,NOAA CO-OPS 8720218 water_level datum=NAVD units=metric tz=gmt interval=6
2022-10-01 11:18:00+00:00,-0.491,0.014,False,False,False,False,v,False,NOAA CO-OPS 8720218 water_level datum=NAVD units=metric tz=gmt interval=6
2022-10-01 11:24:00+00:00,-0.48,0.011,False,False,False,False,v,False,NOAA CO-OPS 8720218 water_level datum=NAVD units=metric tz=gmt interval=6
2022-10-01 11:30:00+00:00,-0.465,0.02,False,False,False,False,v,False,NOAA CO-OPS 8720218 water_level datum=NAVD units=metric tz=gmt interval=6
2022-10-01 11:36:00+00:00,-0.507,0.017,False,False,False,False,v,False,NOAA CO-OPS 8720218 water_level datum=NAVD units=metric tz=gmt interval=6
2022-10-01 11:42:00+00:00,-0.442,0.018,False,False,False,False,v,False,NOAA CO-OPS 8720218 water_level datum=NAVD units=metric tz=gmt interval=6
2022-10-01 11:48:00+00:00,-0.424,0.013,False,False,False,False,v,False,NOAA CO-OPS 8720218 water_level datum=NAVD units=metric tz=gmt interval=6
2022-10-01 11:54:00+00:00,-0.393,0.011,False,False,False,False,v,False,NOAA CO-OPS 8720218 water_level datum=NAVD units=metric tz=gmt interval=6
2022-10-01 12:00:00+00:00,-0.369,0.009,False,False,False,False,v,False,NOAA CO-OPS 8720218 water_level datum=NAVD units=metric tz=gmt interval=6
2022-10-01 12:06:00+00:00,-0.341,0.012,False,False,False,False,v,False,NOAA CO-OPS 8720218 water_level datum=NAVD units=metric tz=gmt interval=6
2022-10-01 12:12:00+00:00,-0.318,0.023,False,False,False,False,v,False,NOAA CO-OPS 8720218 water_level datum=NAVD units=metric tz=gmt interval=6
2022-10-01 12:18:00+00:00,-0.331,0.018,False,False,False,False,v,False,NOAA CO-OPS 8720218 water_level datum=NAVD units=metric tz=gmt interval=6
2022-10-01 12:24:00+00:00,-0.246,0.01,False,False,False,False,v,False,NOAA CO-OPS 8720218 water_level datum=NAVD units=metric tz=gmt interval=6
2022-10-01 12:30:00+00:00,-0.224,0.009,False,False,False,False,v,False,NOAA CO-OPS 8720218 water_level datum=NAVD units=metric tz=gmt interval=6
2022-10-01 12:36:00+00:00,-0.189,0.008,False,False,False,False,v,False,NOAA CO-OPS 8720218 water_level datum=NAVD units=metric tz=gmt interval=6
2022-10-01 12:42:00+00:00,-0.172,0.006,False,False,False,False,v,False,NOAA CO-OPS 8720218 water_level datum=NAVD units=metric tz=gmt interval=6
2022-10-01 12:48:00+00:00,-0.143,0.005,False,False,False,False,v,False,NOAA CO-OPS 8720218 water_level datum=NAVD units=metric tz=gmt interval=6
2022-10-01 12:54:00+00:00,-0.109,0.004,False,False,False,False,v,False,NOAA CO-OPS 8720218 water_level datum=NAVD units=metric tz=gmt interval=6
2022-10-01 13:00:00+00:00,-0.088,0.011,False,False,False,False,v,False,NOAA CO-OPS 8720218 water_level datum=NAVD units=metric tz=gmt interval=6
2022-10-01 13:06:00+00:00,-0.044,0.005,False,False,False,False,v,False,NOAA CO-OPS 8720218 water_level datum=NAVD units=metric tz=gmt interval=6
2022-10-01 13:12:00+00:00,-0.023,0.004,False,False,False,False,v,False,NOAA CO-OPS 8720218 water_level datum=NAVD units=metric tz=gmt interval=6
2022-10-01 13:18:00+00:00,0.008,0.005,False,False,False,False,v,False,NOAA CO-OPS 8720218 water_level datum=NAVD units=metric tz=gmt interval=6
2022-10-01 13:24:00+00:00,0.04,0.005,False,False,False,False,v,False,NOAA CO-OPS 8720218 water_level datum=NAVD units=metric tz=gmt interval=6
2022-10-01 13:30:00+00:00,0.063,0.003,False,False,False,False,v,False,NOAA CO-OPS 8720218 water_level datum=NAVD units=metric tz=gmt interval=6
2022-10-01 13:36:00+00:00,0.092,0.006,False,False,False,False,v,False,NOAA CO-OPS 8720218 water_level datum=NAVD units=metric tz=gmt interval=6
2022-10-01 13:42:00+00:00,0.121,0.003,False,False,False,False,v,False,NOAA CO-OPS 8720218 water_level datum=NAVD units=metric tz=gmt interval=6
2022-10-01 13:48:00+00:00,0.155,0.008,False,False,False,False,v,False,NOAA CO-OPS 8720218 water_level datum=NAVD units=metric tz=gmt interval=6
2022-10-01 13:54:00+00:00,0.207,0.008,False,False,False,False,v,False,NOAA CO-OPS 8720218 water_level datum=NAVD units=metric tz=gmt interval=6
2022-10-01 14:00:00+00:00,0.229,0.003,False,False,False,False,v,False,NOAA CO-OPS 8720218 water_level datum=NAVD units=metric tz=gmt interval=6
2022-10-01 14:06:00+00:00,0.22,0.037,False,False,False,False,v,False,NOAA CO-OPS 8720218 water_level datum=NAVD units=metric tz=gmt interval=6
2022-10-01 14:12:00+00:00,0.307,0.007,False,False,False,False,v,False,NOAA CO-OPS 8720218 water_level datum=NAVD units=metric tz=gmt interval=6
2022-10-01 14:18:00+00:00,0.336,0.006,False,False,False,False,v,False,NOAA CO-OPS 8720218 water_level datum=NAVD units=metric tz=gmt interval=6
2022-10-01 14:24:00+00:00,0.363,0.005,False,False,False,False,v,False,NOAA CO-OPS 8720218 water_level datum=NAVD units=metric tz=gmt interval=6
2022-10-01 14:30:00+00:00,0.385,0.005,False,False,False,False,v,False,NOAA CO-OPS 8720218 water_level datum=NAVD units=metric tz=gmt interval=6
2022-10-01 14:36:00+00:00,0.42,0.006,False,False,False,False,v,False,NOAA CO-OPS 8720218 water_level datum=NAVD units=metric tz=gmt interval=6
2022-10-01 14:42:00+00:00,0.457,0.005,False,False,False,False,v,False,NOAA CO-OPS 8720218 water_level datum=NAVD units=metric tz=gmt interval=6
2022-10-01 14:48:00+00:00,0.505,0.007,False,False,False,False,v,False,NOAA CO-OPS 8720218 water_level datum=NAVD units=metric tz=gmt interval=6
2022-10-01 14:54:00+00:00,0.53,0.008,False,False,False,False,v,False,NOAA CO-OPS 8720218 water_level datum=NAVD units=metric tz=gmt interval=6
2022-10-01 15:00:00+00:00,0.554,0.007,False,False,False,False,v,False,NOAA CO-OPS 8720218 water_level datum=NAVD units=metric tz=gmt interval=6
2022-10-01 15:06:00+00:00,0.579,0.007,False,False,False,False,v,False,NOAA CO-OPS 8720218 water_level datum=NAVD units=metric tz=gmt interval=6
2022-10-01 15:12:00+00:00,0.604,0.006,False,False,False,False,v,False,NOAA CO-OPS 8720218 water_level datum=NAVD units=metric tz=gmt interval=6
2022-10-01 15:18:00+00:00,0.634,0.008,False,False,False,False,v,False,NOAA CO-OPS 8720218 water_level datum=NAVD units=metric tz=gmt interval=6
2022-10-01 15:24:00+00:00,0.666,0.005,False,False,False,False,v,False,NOAA CO-OPS 8720218 water_level datum=NAVD units=metric tz=gmt interval=6
2022-10-01 15:30:00+00:00,0.683,0.006,False,False,False,False,v,False,NOAA CO-OPS 8720218 water_level datum=NAVD units=metric tz=gmt interval=6
2022-10-01 15:36:00+00:00,0.712,0.006,False,False,False,False,v,False,NOAA CO-OPS 8720218 water_level datum=NAVD units=metric tz=gmt interval=6
2022-10-01 15:42:00+00:00,0.734,0.007,False,False,False,False,v,False,NOAA CO-OPS 8720218 water_level datum=NAVD units=metric tz=gmt interval=6
2022-10-01 15:48:00+00:00,0.762,0.006,False,False,False,False,v,False,NOAA CO-OPS 8720218 water_level datum=NAVD units=metric tz=gmt interval=6
2022-10-01 15:54:00+00:00,0.783,0.007,False,False,False,False,v,False,NOAA CO-OPS 8720218 water_level datum=NAVD units=metric tz=gmt interval=6
2022-10-01 16:00:00+00:00,0.799,0.007,False,False,False,False,v,False,NOAA CO-OPS 8720218 water_level datum=NAVD units=metric tz=gmt interval=6
2022-10-01 16:06:00+00:00,0.812,0.01,False,False,False,False,v,False,NOAA CO-OPS 8720218 water_level datum=NAVD units=metric tz=gmt interval=6
2022-10-01 16:12:00+00:00,0.835,0.007,False,False,False,False,v,False,NOAA CO-OPS 8720218 water_level datum=NAVD units=metric tz=gmt interval=6
2022-10-01 16:18:00+00:00,0.826,0.008,False,False,False,False,v,False,NOAA CO-OPS 8720218 water_level datum=NAVD units=metric tz=gmt interval=6
2022-10-01 16:24:00+00:00,0.863,0.007,False,False,False,False,v,False,NOAA CO-OPS 8720218 water_level datum=NAVD units=metric tz=gmt interval=6
2022-10-01 16:30:00+00:00,0.882,0.007,False,False,False,False,v,False,NOAA CO-OPS 8720218 water_level datum=NAVD units=metric tz=gmt interval=6
2022-10-01 16:36:00+00:00,0.9,0.006,False,False,False,False,v,False,NOAA CO-OPS 8720218 water_level datum=NAVD units=metric tz=gmt interval=6
2022-10-01 16:42:00+00:00,0.904,0.007,False,False,False,False,v,False,NOAA CO-OPS 8720218 water_level datum=NAVD units=metric tz=gmt interval=6
2022-10-01 16:48:00+00:00,0.918,0.007,False,False,False,False,v,False,NOAA CO-OPS 8720218 water_level datum=NAVD units=metric tz=gmt interval=6
2022-10-01 16:54:00+00:00,0.929,0.006,False,False,False,False,v,False,NOAA CO-OPS 8720218 water_level datum=NAVD units=metric tz=gmt interval=6
2022-10-01 17:00:00+00:00,0.939,0.007,False,False,False,False,v,False,NOAA CO-OPS 8720218 water_level datum=NAVD units=metric tz=gmt interval=6
2022-10-01 17:06:00+00:00,0.939,0.006,False,False,False,False,v,False,NOAA CO-OPS 8720218 water_level datum=NAVD units=metric tz=gmt interval=6
2022-10-01 17:12:00+00:00,0.946,0.006,False,False,False,False,v,False,NOAA CO-OPS 8720218 water_level datum=NAVD units=metric tz=gmt interval=6
2022-10-01 17:18:00+00:00,0.952,0.005,False,False,False,False,v,False,NOAA CO-OPS 8720218 water_level datum=NAVD units=metric tz=gmt interval=6
2022-10-01 17:24:00+00:00,0.949,0.008,False,False,False,False,v,False,NOAA CO-OPS 8720218 water_level datum=NAVD units=metric tz=gmt interval=6
2022-10-01 17:30:00+00:00,0.948,0.005,False,False,False,False,v,False,NOAA CO-OPS 8720218 water_level datum=NAVD units=metric tz=gmt interval=6
2022-10-01 17:36:00+00:00,0.948,0.006,False,False,False,False,v,False,NOAA CO-OPS 8720218 water_level datum=NAVD units=metric tz=gmt interval=6
2022-10-01 17:42:00+00:00,0.958,0.003,False,False,False,False,v,False,NOAA CO-OPS 8720218 water_level datum=NAVD units=metric tz=gmt interval=6
2022-10-01 17:48:00+00:00,0.954,0.003,False,False,False,False,v,False,NOAA CO-OPS 8720218 water_level datum=NAVD units=metric tz=gmt interval=6
2022-10-01 17:54:00+00:00,0.95,0.003,False,False,False,False,v,False,NOAA CO-OPS 8720218 water_level datum=NAVD units=metric tz=gmt interval=6
2022-10-01 18:00:00+00:00,0.94,0.005,False,False,False,False,v,False,NOAA CO-OPS 8720218 water_level datum=NAVD units=metric tz=gmt interval=6
2022-10-01 18:06:00+00:00,0.927,0.005,False,False,False,False,v,False,NOAA CO-OPS 8720218 water_level datum=NAVD units=metric tz=gmt interval=6
2022-10-01 18:12:00+00:00,0.912,0.003,False,False,False,False,v,False,NOAA CO-OPS 8720218 water_level datum=NAVD units=metric tz=gmt interval=6
2022-10-01 18:18:00+00:00,0.899,0.003,False,False,False,False,v,False,NOAA CO-OPS 8720218 water_level datum=NAVD units=metric tz=gmt interval=6
2022-10-01 18:24:00+00:00,0.892,0.003,False,False,False,False,v,False,NOAA CO-OPS 8720218 water_level datum=NAVD units=metric tz=gmt interval=6
2022-10-01 18:30:00+00:00,0.88,0.004,False,False,False,False,v,False,NOAA CO-OPS 8720218 water_level datum=NAVD units=metric tz=gmt interval=6
2022-10-01 18:36:00+00:00,0.849,0.005,False,False,False,False,v,False,NOAA CO-OPS 8720218 water_level datum=NAVD units=metric tz=gmt interval=6
2022-10-01 18:42:00+00:00,0.821,0.005,False,False,False,False,v,False,NOAA CO-OPS 8720218 water_level datum=NAVD units=metric tz=gmt interval=6
2022-10-01 18:48:00+00:00,0.795,0.005,False,False,False,False,v,False,NOAA CO-OPS 8720218 water_level datum=NAVD units=metric tz=gmt interval=6
2022-10-01 18:54:00+00:00,0.769,0.004,False,False,False,False,v,False,NOAA CO-OPS 8720218 water_level datum=NAVD units=metric tz=gmt interval=6
2022-10-01 19:00:00+00:00,0.736,0.006,False,False,False,False,v,False,NOAA CO-OPS 8720218 water_level datum=NAVD units=metric tz=gmt interval=6
2022-10-01 19:06:00+00:00,0.7,0.006,False,False,False,False,v,False,NOAA CO-OPS 8720218 water_level datum=NAVD units=metric tz=gmt interval=6
2022-10-01 19:12:00+00:00,0.662,0.006,False,False,False,False,v,False,NOAA CO-OPS 8720218 water_level datum=NAVD units=metric tz=gmt interval=6
2022-10-01 19:18:00+00:00,0.626,0.006,False,False,False,False,v,False,NOAA CO-OPS 8720218 water_level datum=NAVD units=metric tz=gmt interval=6
2022-10-01 19:24:00+00:00,0.594,0.006,False,False,False,False,v,False,NOAA CO-OPS 8720218 water_level datum=NAVD units=metric tz=gmt interval=6
2022-10-01 19:30:00+00:00,0.55,0.006,False,False,False,False,v,False,NOAA CO-OPS 8720218 water_level datum=NAVD units=metric tz=gmt interval=6
2022-10-01 19:36:00+00:00,0.505,0.005,False,False,False,False,v,False,NOAA CO-OPS 8720218 water_level datum=NAVD units=metric tz=gmt interval=6
2022-10-01 19:42:00+00:00,0.466,0.008,False,False,False,False,v,False,NOAA CO-OPS 8720218 water_level datum=NAVD units=metric tz=gmt interval=6
2022-10-01 19:48:00+00:00,0.43,0.008,False,False,False,False,v,False,NOAA CO-OPS 8720218 water_level datum=NAVD units=metric tz=gmt interval=6
2022-10-01 19:54:00+00:00,0.398,0.004,False,False,False,False,v,False,NOAA CO-OPS 8720218 water_level datum=NAVD units=metric tz=gmt interval=6
2022-10-01 20:00:00+00:00,0.357,0.006,False,False,False,False,v,False,NOAA CO-OPS 8720218 water_level datum=NAVD units=metric tz=gmt interval=6
2022-10-01 20:06:00+00:00,0.321,0.007,False,False,False,False,v,False,NOAA CO-OPS 8720218 water_level datum=NAVD units=metric tz=gmt interval=6
2022-10-01 20:12:00+00:00,0.292,0.007,False,False,False,False,v,False,NOAA CO-OPS 8720218 water_level datum=NAVD units=metric tz=gmt interval=6
2022-10-01 20:18:00+00:00,0.254,0.007,False,False,False,False,v,False,NOAA CO-OPS 8720218 water_level datum=NAVD units=metric tz=gmt interval=6
2022-10-01 20:24:00+00:00,0.23,0.005,False,False,False,False,v,False,NOAA CO-OPS 8720218 water_level datum=NAVD units=metric tz=gmt interval=6
2022-10-01 20:30:00+00:00,0.187,0.007,False,False,False,False,v,False,NOAA CO-OPS 8720218 water_level datum=NAVD units=metric tz=gmt interval=6
2022-10-01 20:36:00+00:00,0.162,0.006,False,False,False,False,v,False,NOAA CO-OPS 8720218 water_level datum=NAVD units=metric tz=gmt interval=6
2022-10-01 20:42:00+00:00,0.13,0.009,False,False,False,False,v,False,NOAA CO-OPS 8720218 water_level datum=NAVD units=metric tz=gmt interval=6
2022-10-01 20:48:00+00:00,0.093,0.007,False,False,False,False,v,False,NOAA CO-OPS 8720218 water_level datum=NAVD units=metric tz=gmt interval=6
2022-10-01 20:54:00+00:00,0.063,0.008,False,False,False,False,v,False,NOAA CO-OPS 8720218 water_level datum=NAVD units=metric tz=gmt interval=6
2022-10-01 21:00:00+00:00,0.035,0.008,False,False,False,False,v,False,NOAA CO-OPS 8720218 water_level datum=NAVD units=metric tz=gmt interval=6
2022-10-01 21:06:00+00:00,0.004,0.01,False,False,False,False,v,False,NOAA CO-OPS 8720218 water_level datum=NAVD units=metric tz=gmt interval=6
2022-10-01 21:12:00+00:00,-0.03,0.005,False,False,False,False,v,False,NOAA CO-OPS 8720218 water_level datum=NAVD units=metric tz=gmt interval=6
2022-10-01 21:18:00+00:00,-0.048,0.007,False,False,False,False,v,False,NOAA CO-OPS 8720218 water_level datum=NAVD units=metric tz=gmt interval=6
2022-10-01 21:24:00+00:00,-0.099,0.005,False,False,False,False,v,False,NOAA CO-OPS 8720218 water_level datum=NAVD units=metric tz=gmt interval=6
2022-10-01 21:30:00+00:00,-0.126,0.013,False,False,False,False,v,False,NOAA CO-OPS 8720218 water_level datum=NAVD units=metric tz=gmt interval=6
2022-10-01 21:36:00+00:00,-0.146,0.012,False,False,False,False,v,False,NOAA CO-OPS 8720218 water_level datum=NAVD units=metric tz=gmt interval=6
2022-10-01 21:42:00+00:00,-0.171,0.009,False,False,False,False,v,False,NOAA CO-OPS 8720218 water_level datum=NAVD units=metric tz=gmt interval=6
2022-10-01 21:48:00+00:00,-0.202,0.007,False,False,False,False,v,False,NOAA CO-OPS 8720218 water_level datum=NAVD units=metric tz=gmt interval=6
2022-10-01 21:54:00+00:00,-0.233,0.006,False,False,False,False,v,False,NOAA CO-OPS 8720218 water_level datum=NAVD units=metric tz=gmt interval=6
2022-10-01 22:00:00+00:00,-0.256,0.011,False,False,False,False,v,False,NOAA CO-OPS 8720218 water_level datum=NAVD units=metric tz=gmt interval=6
2022-10-01 22:06:00+00:00,-0.268,0.006,False,False,False,False,v,False,NOAA CO-OPS 8720218 water_level datum=NAVD units=metric tz=gmt interval=6
2022-10-01 22:12:00+00:00,-0.292,0.008,False,False,False,False,v,False,NOAA CO-OPS 8720218 water_level datum=NAVD units=metric tz=gmt interval=6
2022-10-01 22:18:00+00:00,-0.308,0.006,False,False,False,False,v,False,NOAA CO-OPS 8720218 water_level datum=NAVD units=metric tz=gmt interval=6
2022-10-01 22:24:00+00:00,-0.321,0.006,False,False,False,False,v,False,NOAA CO-OPS 8720218 water_level datum=NAVD units=metric tz=gmt interval=6
2022-10-01 22:30:00+00:00,-0.333,0.006,False,False,False,False,v,False,NOAA CO-OPS 8720218 water_level datum=NAVD units=metric tz=gmt interval=6
2022-10-01 22:36:00+00:00,-0.352,0.006,False,False,False,False,v,False,NOAA CO-OPS 8720218 water_level datum=NAVD units=metric tz=gmt interval=6
2022-10-01 22:42:00+00:00,-0.375,0.006,False,False,False,False,v,False,NOAA CO-OPS 8720218 water_level datum=NAVD units=metric tz=gmt interval=6
2022-10-01 22:48:00+00:00,-0.396,0.005,False,False,False,False,v,False,NOAA CO-OPS 8720218 water_level datum=NAVD units=metric tz=gmt interval=6
2022-10-01 22:54:00+00:00,-0.407,0.007,False,False,False,False,v,False,NOAA CO-OPS 8720218 water_level datum=NAVD units=metric tz=gmt interval=6
2022-10-01 23:00:00+00:00,-0.418,0.011,False,False,False,False,v,False,NOAA CO-OPS 8720218 water_level datum=NAVD units=metric tz=gmt interval=6
2022-10-01 23:06:00+00:00,-0.438,0.008,False,False,False,False,v,False,NOAA CO-OPS 8720218 water_level datum=NAVD units=metric tz=gmt interval=6
2022-10-01 23:12:00+00:00,-0.451,0.007,False,False,False,False,v,False,NOAA CO-OPS 8720218 water_level datum=NAVD units=metric tz=gmt interval=6
2022-10-01 23:18:00+00:00,-0.461,0.008,False,False,False,False,v,False,NOAA CO-OPS 8720218 water_level datum=NAVD units=metric tz=gmt interval=6
2022-10-01 23:24:00+00:00,-0.478,0.007,False,False,False,False,v,False,NOAA CO-OPS 8720218 water_level datum=NAVD units=metric tz=gmt interval=6
2022-10-01 23:30:00+00:00,-0.488,0.006,False,False,False,False,v,False,NOAA CO-OPS 8720218 water_level datum=NAVD units=metric tz=gmt interval=6
2022-10-01 23:36:00+00:00,-0.489,0.006,False,False,False,False,v,False,NOAA CO-OPS 8720218 water_level datum=NAVD units=metric tz=gmt interval=6
2022-10-01 23:42:00+00:00,-0.487,0.006,False,False,False,False,v,False,NOAA CO-OPS 8720218 water_level datum=NAVD units=metric tz=gmt interval=6
2022-10-01 23:48:00+00:00,-0.487,0.021,False,False,False,False,v,False,NOAA CO-OPS 8720218 water_level datum=NAVD units=metric tz=gmt interval=6
2022-10-01 23:54:00+00:00,-0.495,0.007,False,False,False,False,v,False,NOAA CO-OPS 8720218 water_level datum=NAVD units=metric tz=gmt interval=6
2022-10-02 00:00:00+00:00,-0.488,0.008,False,False,False,False,v,False,NOAA CO-OPS 8720218 water_level datum=NAVD units=metric tz=gmt interval=6
2022-10-02 00:06:00+00:00,-0.479,0.005,False,False,False,False,v,False,NOAA CO-OPS 8720218 water_level datum=NAVD units=metric tz=gmt interval=6
2022-10-02 00:12:00+00:00,-0.47,0.005,False,False,False,False,v,False,NOAA CO-OPS 8720218 water_level datum=NAVD units=metric tz=gmt interval=6
2022-10-02 00:18:00+00:00,-0.461,0.005,False,False,False,False,v,False,NOAA CO-OPS 8720218 water_level datum=NAVD units=metric tz=gmt interval=6
2022-10-02 00:24:00+00:00,-0.448,0.005,False,False,False,False,v,False,NOAA CO-OPS 8720218 water_level datum=NAVD units=metric tz=gmt interval=6
2022-10-02 00:30:00+00:00,-0.434,0.005,False,False,False,False,v,False,NOAA CO-OPS 8720218 water_level datum=NAVD units=metric tz=gmt interval=6
2022-10-02 00:36:00+00:00,-0.422,0.005,False,False,False,False,v,False,NOAA CO-OPS 8720218 water_level datum=NAVD units=metric tz=gmt interval=6
2022-10-02 00:42:00+00:00,-0.409,0.005,False,False,False,False,v,False,NOAA CO-OPS 8720218 water_level datum=NAVD units=metric tz=gmt interval=6
2022-10-02 00:48:00+00:00,-0.392,0.005,False,False,False,False,v,False,NOAA CO-OPS 8720218 water_level datum=NAVD units=metric tz=gmt interval=6
2022-10-02 00:54:00+00:00,-0.376,0.005,False,False,False,False,v,False,NOAA CO-OPS 8720218 water_level datum=NAVD units=metric tz=gmt interval=6
2022-10-02 01:00:00+00:00,-0.362,0.005,False,False,False,False,v,False,NOAA CO-OPS 8720218 water_level datum=NAVD units=metric tz=gmt interval=6
2022-10-02 01:06:00+00:00,-0.338,0.005,False,False,False,False,v,False,NOAA CO-OPS 8720218 water_level datum=NAVD units=metric tz=gmt interval=6
2022-10-02 01:12:00+00:00,-0.316,0.005,False,False,False,False,v,False,NOAA CO-OPS 8720218 water_level datum=NAVD units=metric tz=gmt interval=6
2022-10-02 01:18:00+00:00,-0.299,0.004,False,False,False,False,v,False,NOAA CO-OPS 8720218 water_level datum=NAVD units=metric tz=gmt interval=6
2022-10-02 01:24:00+00:00,-0.28,0.005,False,False,False,False,v,False,NOAA CO-OPS 8720218 water_level datum=NAVD units=metric tz=gmt interval=6
2022-10-02 01:30:00+00:00,-0.258,0.003,False,False,False,False,v,False,NOAA CO-OPS 8720218 water_level datum=NAVD units=metric tz=gmt interval=6
2022-10-02 01:36:00+00:00,-0.239,0.004,False,False,False,False,v,False,NOAA CO-OPS 8720218 water_level datum=NAVD units=metric tz=gmt interval=6
2022-10-02 01:42:00+00:00,-0.221,0.003,False,False,False,False,v,False,NOAA CO-OPS 8720218 water_level datum=NAVD units=metric tz=gmt interval=6
2022-10-02 01:48:00+00:00,-0.204,0.002,False,False,False,False,v,False,NOAA CO-OPS 8720218 water_level datum=NAVD units=metric tz=gmt interval=6
2022-10-02 01:54:00+00:00,-0.178,0.004,False,False,False,False,v,False,NOAA CO-OPS 8720218 water_level datum=NAVD units=metric tz=gmt interval=6
2022-10-02 02:00:00+00:00,-0.149,0.004,False,False,False,False,v,False,NOAA CO-OPS 8720218 water_level datum=NAVD units=metric tz=gmt interval=6
2022-10-02 02:06:00+00:00,-0.118,0.007,False,False,False,False,v,False,NOAA CO-OPS 8720218 water_level datum=NAVD units=metric tz=gmt interval=6
2022-10-02 02:12:00+00:00,-0.093,0.004,False,False,False,False,v,False,NOAA CO-OPS 8720218 water_level datum=NAVD units=metric tz=gmt interval=6
2022-10-02 02:18:00+00:00,-0.072,0.004,False,False,False,False,v,False,NOAA CO-OPS 8720218 water_level datum=NAVD units=metric tz=gmt interval=6
2022-10-02 02:24:00+00:00,-0.047,0.004,False,False,False,False,v,False,NOAA CO-OPS 8720218 water_level datum=NAVD units=metric tz=gmt interval=6
2022-10-02 02:30:00+00:00,-0.026,0.003,False,False,False,False,v,False,NOAA CO-OPS 8720218 water_level datum=NAVD units=metric tz=gmt interval=6
2022-10-02 02:36:00+00:00,-0.005,0.003,False,False,False,False,v,False,NOAA CO-OPS 8720218 water_level datum=NAVD units=metric tz=gmt interval=6
2022-10-02 02:42:00+00:00,0.017,0.003,False,False,False,False,v,False,NOAA CO-OPS 8720218 water_level datum=NAVD units=metric tz=gmt interval=6
2022-10-02 02:48:00+00:00,0.041,0.005,False,False,False,False,v,False,NOAA CO-OPS 8720218 water_level datum=NAVD units=metric tz=gmt interval=6
2022-10-02 02:54:00+00:00,0.073,0.005,False,False,False,False,v,False,NOAA CO-OPS 8720218 water_level datum=NAVD units=metric tz=gmt interval=6
2022-10-02 03:00:00+00:00,0.108,0.005,False,False,False,False,v,False,NOAA CO-OPS 8720218 water_level datum=NAVD units=metric tz=gmt interval=6
2022-10-02 03:06:00+00:00,0.139,0.006,False,False,False,False,v,False,NOAA CO-OPS 8720218 water_level datum=NAVD units=metric tz=gmt interval=6
2022-10-02 03:12:00+00:00,0.168,0.006,False,False,False,False,v,False,NOAA CO-OPS 8720218 water_level datum=NAVD units=metric tz=gmt interval=6
2022-10-02 03:18:00+00:00,0.194,0.004,False,False,False,False,v,False,NOAA CO-OPS 8720218 water_level datum=NAVD units=metric tz=gmt interval=6
2022-10-02 03:24:00+00:00,0.22,0.005,False,False,False,False,v,False,NOAA CO-OPS 8720218 water_level datum=NAVD units=metric tz=gmt interval=6
2022-10-02 03:30:00+00:00,0.243,0.004,False,False,False,False,v,False,NOAA CO-OPS 8720218 water_level datum=NAVD units=metric tz=gmt interval=6
2022-10-02 03:36:00+00:00,0.273,0.005,False,False,False,False,v,False,NOAA CO-OPS 8720218 water_level datum=NAVD units=metric tz=gmt interval=6
2022-10-02 03:42:00+00:00,0.303,0.004,False,False,False,False,v,False,NOAA CO-OPS 8720218 water_level datum=NAVD units=metric tz=gmt interval=6
2022-10-02 03:48:00+00:00,0.329,0.005,False,False,False,False,v,False,NOAA CO-OPS 8720218 water_level datum=NAVD units=metric tz=gmt interval=6
2022-10-02 03:54:00+00:00,0.354,0.005,False,False,False,False,v,False,NOAA CO-OPS 8720218 water_level datum=NAVD units=metric tz=gmt interval=6
2022-10-02 04:00:00+00:00,0.374,0.005,False,False,False,False,v,False,NOAA CO-OPS 8720218 water_level datum=NAVD units=metric tz=gmt interval=6
2022-10-02 04:06:00+00:00,0.402,0.006,False,False,False,False,v,False,NOAA CO-OPS 8720218 water_level datum=NAVD units=metric tz=gmt interval=6
2022-10-02 04:12:00+00:00,0.431,0.007,False,False,False,False,v,False,NOAA CO-OPS 8720218 water_level datum=NAVD units=metric tz=gmt interval=6
2022-10-02 04:18:00+00:00,0.456,0.006,False,False,False,False,v,False,NOAA CO-OPS 8720218 water_level datum=NAVD units=metric tz=gmt interval=6
2022-10-02 04:24:00+00:00,0.477,0.005,False,False,False,False,v,False,NOAA CO-OPS 8720218 water_level datum=NAVD units=metric tz=gmt interval=6
2022-10-02 04:30:00+00:00,0.497,0.005,False,False,False,False,v,False,NOAA CO-OPS 8720218 water_level datum=NAVD units=metric tz=gmt interval=6
2022-10-02 04:36:00+00:00,0.513,0.004,False,False,False,False,v,False,NOAA CO-OPS 8720218 water_level datum=NAVD units=metric tz=gmt interval=6
2022-10-02 04:42:00+00:00,0.531,0.004,False,False,False,False,v,False,NOAA CO-OPS 8720218 water_level datum=NAVD units=metric tz=gmt interval=6
2022-10-02 04:48:00+00:00,0.548,0.004,False,False,False,False,v,False,NOAA CO-OPS 8720218 water_level datum=NAVD units=metric tz=gmt interval=6
2022-10-02 04:54:00+00:00,0.565,0.004,False,False,False,False,v,False,NOAA CO-OPS 8720218 water_level datum=NAVD units=metric tz=gmt interval=6
2022-10-02 05:00:00+00:00,0.576,0.003,False,False,False,False,v,False,NOAA CO-OPS 8720218 water_level datum=NAVD units=metric tz=gmt interval=6
2022-10-02 05:06:00+00:00,0.586,0.004,False,False,False,False,v,False,NOAA CO-OPS 8720218 water_level datum=NAVD units=metric tz=gmt interval=6
2022-10-02 05:12:00+00:00,0.597,0.004,False,False,False,False,v,False,NOAA CO-OPS 8720218 water_level datum=NAVD units=metric tz=gmt interval=6
2022-10-02 05:18:00+00:00,0.609,0.004,False,False,False,False,v,False,NOAA CO-OPS 8720218 water_level datum=NAVD units=metric tz=gmt interval=6
2022-10-02 05:24:00+00:00,0.623,0.005,False,False,False,False,v,False,NOAA CO-OPS 8720218 water_level datum=NAVD units=metric tz=gmt interval=6
2022-10-02 05:30:00+00:00,0.633,0.004,False,False,False,False,v,False,NOAA CO-OPS 8720218 water_level datum=NAVD units=metric tz=gmt interval=6
2022-10-02 05:36:00+00:00,0.642,0.004,False,False,False,False,v,False,NOAA CO-OPS 8720218 water_level datum=NAVD units=metric tz=gmt interval=6
2022-10-02 05:42:00+00:00,0.645,0.009,False,False,False,False,v,False,NOAA CO-OPS 8720218 water_level datum=NAVD units=metric tz=gmt interval=6
2022-10-02 05:48:00+00:00,0.609,0.029,False,False,False,False,v,False,NOAA CO-OPS 8720218 water_level datum=NAVD units=metric tz=gmt interval=6
2022-10-02 05:54:00+00:00,0.63,0.01,False,False,False,False,v,False,NOAA CO-OPS 8720218 water_level datum=NAVD units=metric tz=gmt interval=6
2022-10-02 06:00:00+00:00,0.632,0.014,False,False,False,False,v,False,NOAA CO-OPS 8720218 water_level datum=NAVD units=metric tz=gmt interval=6
2022-10-02 06:06:00+00:00,0.613,0.005,False,False,False,False,v,False,NOAA CO-OPS 8720218 water_level datum=NAVD units=metric tz=gmt interval=6
2022-10-02 06:12:00+00:00,0.635,0.022,False,False,False,False,v,False,NOAA CO-OPS 8720218 water_level datum=NAVD units=metric tz=gmt interval=6
2022-10-02 06:18:00+00:00,0.628,0.011,False,False,False,False,v,False,NOAA CO-OPS 8720218 water_level datum=NAVD units=metric tz=gmt interval=6
2022-10-02 06:24:00+00:00,0.611,0.011,False,False,False,False,v,False,NOAA CO-OPS 8720218 water_level datum=NAVD units=metric tz=gmt interval=6
2022-10-02 06:30:00+00:00,0.615,0.034,False,False,False,False,v,False,NOAA CO-OPS 8720218 water_level datum=NAVD units=metric tz=gmt interval=6
2022-10-02 06:36:00+00:00,0.584,0.004,False,False,False,False,v,False,NOAA CO-OPS 8720218 water_level datum=NAVD units=metric tz=gmt interval=6
2022-10-02 06:42:00+00:00,0.569,0.003,False,False,False,False,v,False,NOAA CO-OPS 8720218 water_level datum=NAVD units=metric tz=gmt interval=6
2022-10-02 06:48:00+00:00,0.557,0.005,False,False,False,False,v,False,NOAA CO-OPS 8720218 water_level datum=NAVD units=metric tz=gmt interval=6
2022-10-02 06:54:00+00:00,0.539,0.005,False,False,False,False,v,False,NOAA CO-OPS 8720218 water_level datum=NAVD units=metric tz=gmt interval=6
2022-10-02 07:00:00+00:00,0.524,0.004,False,False,False,False,v,False,NOAA CO-OPS 8720218 water_level datum=NAVD units=metric tz=gmt interval=6
2022-10-02 07:06:00+00:00,0.498,0.005,False,False,False,False,v,False,NOAA CO-OPS 8720218 water_level datum=NAVD units=metric tz=gmt interval=6
2022-10-02 07:12:00+00:00,0.472,0.006,False,False,False,False,v,False,NOAA CO-OPS 8720218 water_level datum=NAVD units=metric tz=gmt interval=6
2022-10-02 07:18:00+00:00,0.448,0.005,False,False,False,False,v,False,NOAA CO-OPS 8720218 water_level datum=NAVD units=metric tz=gmt interval=6
2022-10-02 07:24:00+00:00,0.422,0.004,False,False,False,False,v,False,NOAA CO-OPS 8720218 water_level datum=NAVD units=metric tz=gmt interval=6
2022-10-02 07:30:00+00:00,0.389,0.005,False,False,False,False,v,False,NOAA CO-OPS 8720218 water_level datum=NAVD units=metric tz=gmt interval=6
2022-10-02 07:36:00+00:00,0.357,0.004,False,False,False,False,v,False,NOAA CO-OPS 8720218 water_level datum=NAVD units=metric tz=gmt interval=6
2022-10-02 07:42:00+00:00,0.325,0.005,False,False,False,False,v,False,NOAA CO-OPS 8720218 water_level datum=NAVD units=metric tz=gmt interval=6
2022-10-02 07:48:00+00:00,0.299,0.003,False,False,False,False,v,False,NOAA CO-OPS 8720218 water_level datum=NAVD units=metric tz=gmt interval=6
2022-10-02 07:54:00+00:00,0.269,0.005,False,False,False,False,v,False,NOAA CO-OPS 8720218 water_level datum=NAVD units=metric tz=gmt interval=6
2022-10-02 08:00:00+00:00,0.238,0.005,False,False,False,False,v,False,NOAA CO-OPS 8720218 water_level datum=NAVD units=metric tz=gmt interval=6
2022-10-02 08:06:00+00:00,0.202,0.006,False,False,False,False,v,False,NOAA CO-OPS 8720218 water_level datum=NAVD units=metric tz=gmt interval=6
2022-10-02 08:12:00+00:00,0.169,0.006,False,False,False,False,v,False,NOAA CO-OPS 8720218 water_level datum=NAVD units=metric tz=gmt interval=6
2022-10-02 08:18:00+00:00,0.13,0.005,False,False,False,False,v,False,NOAA CO-OPS 8720218 water_level datum=NAVD units=metric tz=gmt interval=6
2022-10-02 08:24:00+00:00,0.095,0.006,False,False,False,False,v,False,NOAA CO-OPS 8720218 water_level datum=NAVD units=metric tz=gmt interval=6
2022-10-02 08:30:00+00:00,0.063,0.005,False,False,False,False,v,False,NOAA CO-OPS 8720218 water_level datum=NAVD units=metric tz=gmt interval=6
2022-10-02 08:36:00+00:00,0.032,0.005,False,False,False,False,v,False,NOAA CO-OPS 8720218 water_level datum=NAVD units=metric tz=gmt interval=6
2022-10-02 08:42:00+00:00,-0.004,0.005,False,False,False,False,v,False,NOAA CO-OPS 8720218 water_level datum=NAVD units=metric tz=gmt interval=6
2022-10-02 08:48:00+00:00,-0.039,0.006,False,False,False,False,v,False,NOAA CO-OPS 8720218 water_level datum=NAVD units=metric tz=gmt interval=6
2022-10-02 08:54:00+00:00,-0.07,0.004,False,False,False,False,v,False,NOAA CO-OPS 8720218 water_level datum=NAVD units=metric tz=gmt interval=6
2022-10-02 09:00:00+00:00,-0.102,0.005,False,False,False,False,v,False,NOAA CO-OPS 8720218 water_level datum=NAVD units=metric tz=gmt interval=6
2022-10-02 09:06:00+00:00,-0.131,0.005,False,False,False,False,v,False,NOAA CO-OPS 8720218 water_level datum=NAVD units=metric tz=gmt interval=6
2022-10-02 09:12:00+00:00,-0.159,0.004,False,False,False,False,v,False,NOAA CO-OPS 8720218 water_level datum=NAVD units=metric tz=gmt interval=6
2022-10-02 09:18:00+00:00,-0.187,0.005,False,False,False,False,v,False,NOAA CO-OPS 8720218 water_level datum=NAVD units=metric tz=gmt interval=6
2022-10-02 09:24:00+00:00,-0.213,0.004,False,False,False,False,v,False,NOAA CO-OPS 8720218 water_level datum=NAVD units=metric tz=gmt interval=6
2022-10-02 09:30:00+00:00,-0.241,0.004,False,False,False,False,v,False,NOAA CO-OPS 8720218 water_level datum=NAVD units=metric tz=gmt interval=6
2022-10-02 09:36:00+00:00,-0.257,0.004,False,False,False,False,v,False,NOAA CO-OPS 8720218 water_level datum=NAVD units=metric tz=gmt interval=6
2022-10-02 09:42:00+00:00,-0.269,0.004,False,False,False,False,v,False,NOAA CO-OPS 8720218 water_level datum=NAVD units=metric tz=gmt interval=6
2022-10-02 09:48:00+00:00,-0.295,0.005,False,False,False,False,v,False,NOAA CO-OPS 8720218 water_level datum=NAVD units=metric tz=gmt interval=6
2022-10-02 09:54:00+00:00,-0.319,0.005,False,False,False,False,v,False,NOAA CO-OPS 8720218 water_level datum=NAVD units=metric tz=gmt interval=6
2022-10-02 10:00:00+00:00,-0.339,0.005,False,False,False,False,v,False,NOAA CO-OPS 8720218 water_level datum=NAVD units=metric tz=gmt interval=6
2022-10-02 10:06:00+00:00,-0.359,0.005,False,False,False,False,v,False,NOAA CO-OPS 8720218 water_level datum=NAVD units=metric tz=gmt interval=6
2022-10-02 10:12:00+00:00,-0.385,0.005,False,False,False,False,v,False,NOAA CO-OPS 8720218 water_level datum=NAVD units=metric tz=gmt interval=6
2022-10-02 10:18:00+00:00,-0.401,0.004,False,False,False,False,v,False,NOAA CO-OPS 8720218 water_level datum=NAVD units=metric tz=gmt interval=6
2022-10-02 10:24:00+00:00,-0.408,0.004,False,False,False,False,v,False,NOAA CO-OPS 8720218 water_level datum=NAVD units=metric tz=gmt interval=6
2022-10-02 10:30:00+00:00,-0.42,0.004,False,False,False,False,v,False,NOAA CO-OPS 8720218 water_level datum=NAVD units=metric tz=gmt interval=6
2022-10-02 10:36:00+00:00,-0.434,0.004,False,False,False,False,v,False,NOAA CO-OPS 8720218 water_level datum=NAVD units=metric tz=gmt interval=6
2022-10-02 10:42:00+00:00,-0.445,0.004,False,False,False,False,v,False,NOAA CO-OPS 8720218 water_level datum=NAVD units=metric tz=gmt interval=6
2022-10-02 10:48:00+00:00,-0.454,0.004,False,False,False,False,v,False,NOAA CO-OPS 8720218 water_level datum=NAVD units=metric tz=gmt interval=6
2022-10-02 10:54:00+00:00,-0.463,0.007,False,False,False,False,v,False,NOAA CO-OPS 8720218 water_level datum=NAVD units=metric tz=gmt interval=6
2022-10-02 11:00:00+00:00,-0.473,0.01,False,False,False,False,v,False,NOAA CO-OPS 8720218 water_level datum=NAVD units=metric tz=gmt interval=6
2022-10-02 11:06:00+00:00,-0.481,0.007,False,False,False,False,v,False,NOAA CO-OPS 8720218 water_level datum=NAVD units=metric tz=gmt interval=6
2022-10-02 11:12:00+00:00,-0.483,0.01,False,False,False,False,v,False,NOAA CO-OPS 8720218 water_level datum=NAVD units=metric tz=gmt interval=6
2022-10-02 11:18:00+00:00,-0.499,0.009,False,False,False,False,v,False,NOAA CO-OPS 8720218 water_level datum=NAVD units=metric tz=gmt interval=6
2022-10-02 11:24:00+00:00,-0.489,0.005,False,False,False,False,v,False,NOAA CO-OPS 8720218 water_level datum=NAVD units=metric tz=gmt interval=6
2022-10-02 11:30:00+00:00,-0.478,0.011,False,False,False,False,v,False,NOAA CO-OPS 8720218 water_level datum=NAVD units=metric tz=gmt interval=6
2022-10-02 11:36:00+00:00,-0.506,0.009,False,False,False,False,v,False,NOAA CO-OPS 8720218 water_level datum=NAVD units=metric tz=gmt interval=6
2022-10-02 11:42:00+00:00,-0.478,0.01,False,False,False,False,v,False,NOAA CO-OPS 8720218 water_level datum=NAVD units=metric tz=gmt interval=6
2022-10-02 11:48:00+00:00,-0.477,0.004,False,False,False,False,v,False,NOAA CO-OPS 8720218 water_level datum=NAVD units=metric tz=gmt interval=6
2022-10-02 11:54:00+00:00,-0.484,0.005,False,False,False,False,v,False,NOAA CO-OPS 8720218 water_level datum=NAVD units=metric tz=gmt interval=6
2022-10-02 12:00:00+00:00,-0.482,0.004,False,False,False,False,v,False,NOAA CO-OPS 8720218 water_level datum=NAVD units=metric tz=gmt interval=6
2022-10-02 12:06:00+00:00,-0.486,0.004,False,False,False,False,v,False,NOAA CO-OPS 8720218 water_level datum=NAVD units=metric tz=gmt interval=6
2022-10-02 12:12:00+00:00,-0.479,0.007,False,False,False,False,v,False,NOAA CO-OPS 8720218 water_level datum=NAVD units=metric tz=gmt interval=6
2022-10-02 12:18:00+00:00,-0.462,0.008,False,False,False,False,v,False,NOAA CO-OPS 8720218 water_level datum=NAVD units=metric tz=gmt interval=6
2022-10-02 12:24:00+00:00,-0.455,0.027,False,False,False,False,v,False,NOAA CO-OPS 8720218 water_level datum=NAVD units=metric tz=gmt interval=6
2022-10-02 12:30:00+00:00,-0.455,0.016,False,False,False,False,v,False,NOAA CO-OPS 8720218 water_level datum=NAVD units=metric tz=gmt interval=6
2022-10-02 12:36:00+00:00,-0.416,0.009,False,False,False,False,v,False,NOAA CO-OPS 8720218 water_level datum=NAVD units=metric tz=gmt interval=6
2022-10-02 12:42:00+00:00,-0.404,0.01,False,False,False,False,v,False,NOAA CO-OPS 8720218 water_level datum=NAVD units=metric tz=gmt interval=6
2022-10-02 12:48:00+00:00,-0.382,0.006,False,False,False,False,v,False,NOAA CO-OPS 8720218 water_level datum=NAVD units=metric tz=gmt interval=6
2022-10-02 12:54:00+00:00,-0.364,0.007,False,False,False,False,v,False,NOAA CO-OPS 8720218 water_level datum=NAVD units=metric tz=gmt interval=6
2022-10-02 13:00:00+00:00,-0.349,0.006,False,False,False,False,v,False,NOAA CO-OPS 8720218 water_level datum=NAVD units=metric tz=gmt interval=6
2022-10-02 13:06:00+00:00,-0.333,0.006,False,False,False,False,v,False,NOAA CO-OPS 8720218 water_level datum=NAVD units=metric tz=gmt interval=6
2022-10-02 13:12:00+00:00,-0.31,0.006,False,False,False,False,v,False,NOAA CO-OPS 8720218 water_level datum=NAVD units=metric tz=gmt interval=6
2022-10-02 13:18:00+00:00,-0.298,0.005,False,False,False,False,v,False,NOAA CO-OPS 8720218 water_level datum=NAVD units=metric tz=gmt interval=6
2022-10-02 13:24:00+00:00,-0.266,0.02,False,False,False,False,v,False,NOAA CO-OPS 8720218 water_level datum=NAVD units=metric tz=gmt interval=6
2022-10-02 13:30:00+00:00,-0.262,0.015,False,False,False,False,v,False,NOAA CO-OPS 8720218 water_level datum=NAVD units=metric tz=gmt interval=6
2022-10-02 13:36:00+00:00,-0.216,0.011,False,False,False,False,v,False,NOAA CO-OPS 8720218 water_level datum=NAVD units=metric tz=gmt interval=6
2022-10-02 13:42:00+00:00,-0.194,0.008,False,False,False,False,v,False,NOAA CO-OPS 8720218 water_level datum=NAVD units=metric tz=gmt interval=6
2022-10-02 13:48:00+00:00,-0.179,0.007,False,False,False,False,v,False,NOAA CO-OPS 8720218 water_level datum=NAVD units=metric tz=gmt interval=6
2022-10-02 13:54:00+00:00,-0.152,0.007,False,False,False,False,v,False,NOAA CO-OPS 8720218 water_level datum=NAVD units=metric tz=gmt interval=6
2022-10-02 14:00:00+00:00,-0.135,0.006,False,False,False,False,v,False,NOAA CO-OPS 8720218 water_level datum=NAVD units=metric tz=gmt interval=6
2022-10-02 14:06:00+00:00,-0.107,0.018,False,False,False,False,v,False,NOAA CO-OPS 8720218 water_level datum=NAVD units=metric tz=gmt interval=6
2022-10-02 14:12:00+00:00,-0.073,0.015,False,False,False,False,v,False,NOAA CO-OPS 8720218 water_level datum=NAVD units=metric tz=gmt interval=6
2022-10-02 14:18:00+00:00,-0.057,0.008,False,False,False,False,v,False,NOAA CO-OPS 8720218 water_level datum=NAVD units=metric tz=gmt interval=6
2022-10-02 14:24:00+00:00,-0.006,0.006,False,False,False,False,v,False,NOAA CO-OPS 8720218 water_level datum=NAVD units=metric tz=gmt interval=6
2022-10-02 14:30:00+00:00,0.016,0.009,False,False,False,False,v,False,NOAA CO-OPS 8720218 water_level datum=NAVD units=metric tz=gmt interval=6
2022-10-02 14:36:00+00:00,0.043,0.009,False,False,False,False,v,False,NOAA CO-OPS 8720218 water_level datum=NAVD units=metric tz=gmt interval=6
2022-10-02 14:42:00+00:00,0.077,0.005,False,False,False,False,v,False,NOAA CO-OPS 8720218 water_level datum=NAVD units=metric tz=gmt interval=6
2022-10-02 14:48:00+00:00,0.11,0.007,False,False,False,False,v,False,NOAA CO-OPS 8720218 water_level datum=NAVD units=metric tz=gmt interval=6
2022-10-02 14:54:00+00:00,0.143,0.009,False,False,False,False,v,False,NOAA CO-OPS 8720218 water_level datum=NAVD units=metric tz=gmt interval=6
2022-10-02 15:00:00+00:00,0.184,0.005,False,False,False,False,v,False,NOAA CO-OPS 8720218 water_level datum=NAVD units=metric tz=gmt interval=6
2022-10-02 15:06:00+00:00,0.213,0.005,False,False,False,False,v,False,NOAA CO-OPS 8720218 water_level datum=NAVD units=metric tz=gmt interval=6
2022-10-02 15:12:00+00:00,0.217,0.028,False,False,False,False,v,False,NOAA CO-OPS 8720218 water_level datum=NAVD units=metric tz=gmt interval=6
2022-10-02 15:18:00+00:00,0.271,0.008,False,False,False,False,v,False,NOAA CO-OPS 8720218 water_level datum=NAVD units=metric tz=gmt interval=6
2022-10-02 15:24:00+00:00,0.299,0.007,False,False,False,False,v,False,NOAA CO-OPS 8720218 water_level datum=NAVD units=metric tz=gmt interval=6
2022-10-02 15:30:00+00:00,0.329,0.006,False,False,False,False,v,False,NOAA CO-OPS 8720218 water_level datum=NAVD units=metric tz=gmt interval=6
2022-10-02 15:36:00+00:00,0.358,0.003,False,False,False,False,v,False,NOAA CO-OPS 8720218 water_level datum=NAVD units=metric tz=gmt interval=6
2022-10-02 15:42:00+00:00,0.386,0.009,False,False,False,False,v,False,NOAA CO-OPS 8720218 water_level datum=NAVD units=metric tz=gmt interval=6
2022-10-02 15:48:00+00:00,0.424,0.006,False,False,False,False,v,False,NOAA CO-OPS 8720218 water_level datum=NAVD units=metric tz=gmt interval=6
2022-10-02 15:54:00+00:00,0.457,0.008,False,False,False,False,v,False,NOAA CO-OPS 8720218 water_level datum=NAVD units=metric tz=gmt interval=6
2022-10-02 16:00:00+00:00,0.49,0.006,False,False,False,False,v,False,NOAA CO-OPS 8720218 water_level datum=NAVD units=metric tz=gmt interval=6
2022-10-02 16:06:00+00:00,0.511,0.007,False,False,False,False,v,False,NOAA CO-OPS 8720218 water_level datum=NAVD units=metric tz=gmt interval=6
2022-10-02 16:12:00+00:00,0.536,0.007,False,False,False,False,v,False,NOAA CO-OPS 8720218 water_level datum=NAVD units=metric tz=gmt interval=6
2022-10-02 16:18:00+00:00,0.578,0.012,False,False,False,False,v,False,NOAA CO-OPS 8720218 water_level datum=NAVD units=metric tz=gmt interval=6
2022-10-02 16:24:00+00:00,0.593,0.014,False,False,False,False,v,False,NOAA CO-OPS 8720218 water_level datum=NAVD units=metric tz=gmt interval=6
2022-10-02 16:30:00+00:00,0.617,0.015,False,False,False,False,v,False,NOAA CO-OPS 8720218 water_level datum=NAVD units=metric tz=gmt interval=6
2022-10-02 16:36:00+00:00,0.644,0.007,False,False,False,False,v,False,NOAA CO-OPS 8720218 water_level datum=NAVD units=metric tz=gmt interval=6
2022-10-02 16:42:00+00:00,0.66,0.005,False,False,False,False,v,False,NOAA CO-OPS 8720218 water_level datum=NAVD units=metric tz=gmt interval=6
2022-10-02 16:48:00+00:00,0.683,0.008,False,False,False,False,v,False,NOAA CO-OPS 8720218 water_level datum=NAVD units=metric tz=gmt interval=6
2022-10-02 16:54:00+00:00,0.716,0.008,False,False,False,False,v,False,NOAA CO-OPS 8720218 water_level datum=NAVD units=metric tz=gmt interval=6
2022-10-02 17:00:00+00:00,0.725,0.008,False,False,False,False,v,False,NOAA CO-OPS 8720218 water_level datum=NAVD units=metric tz=gmt interval=6
2022-10-02 17:06:00+00:00,0.749,0.004,False,False,False,False,v,False,NOAA CO-OPS 8720218 water_level datum=NAVD units=metric tz=gmt interval=6
2022-10-02 17:12:00+00:00,0.758,0.005,False,False,False,False,v,False,NOAA CO-OPS 8720218 water_level datum=NAVD units=metric tz=gmt interval=6
2022-10-02 17:18:00+00:00,0.777,0.007,False,False,False,False,v,False,NOAA CO-OPS 8720218 water_level datum=NAVD units=metric tz=gmt interval=6
2022-10-02 17:24:00+00:00,0.795,0.007,False,False,False,False,v,False,NOAA CO-OPS 8720218 water_level datum=NAVD units=metric tz=gmt interval=6
2022-10-02 17:30:00+00:00,0.804,0.007,False,False,False,False,v,False,NOAA CO-OPS 8720218 water_level datum=NAVD units=metric tz=gmt interval=6
2022-10-02 17:36:00+00:00,0.813,0.007,False,False,False,False,v,False,NOAA CO-OPS 8720218 water_level datum=NAVD units=metric tz=gmt interval=6
2022-10-02 17:42:00+00:00,0.824,0.008,False,False,False,False,v,False,NOAA CO-OPS 8720218 water_level datum=NAVD units=metric tz=gmt interval=6
2022-10-02 17:48:00+00:00,0.839,0.005,False,False,False,False,v,False,NOAA CO-OPS 8720218 water_level datum=NAVD units=metric tz=gmt interval=6
2022-10-02 17:54:00+00:00,0.845,0.006,False,False,False,False,v,False,NOAA CO-OPS 8720218 water_level datum=NAVD units=metric tz=gmt interval=6
2022-10-02 18:00:00+00:00,0.858,0.005,False,False,False,False,v,False,NOAA CO-OPS 8720218 water_level datum=NAVD units=metric tz=gmt interval=6
2022-10-02 18:06:00+00:00,0.87,0.005,False,False,False,False,v,False,NOAA CO-OPS 8720218 water_level datum=NAVD units=metric tz=gmt interval=6
2022-10-02 18:12:00+00:00,0.879,0.004,False,False,False,False,v,False,NOAA CO-OPS 8720218 water_level datum=NAVD units=metric tz=gmt interval=6
2022-10-02 18:18:00+00:00,0.878,0.005,False,False,False,False,v,False,NOAA CO-OPS 8720218 water_level datum=NAVD units=metric tz=gmt interval=6
2022-10-02 18:24:00+00:00,0.881,0.005,False,False,False,False,v,False,NOAA CO-OPS 8720218 water_level datum=NAVD units=metric tz=gmt interval=6
2022-10-02 18:30:00+00:00,0.884,0.015,False,False,False,False,v,False,NOAA CO-OPS 8720218 water_level datum=NAVD units=metric tz=gmt interval=6
2022-10-02 18:36:00+00:00,0.886,0.006,False,False,False,False,v,False,NOAA CO-OPS 8720218 water_level datum=NAVD units=metric tz=gmt interval=6
2022-10-02 18:42:00+00:00,0.884,0.006,False,False,False,False,v,False,NOAA CO-OPS 8720218 water_level datum=NAVD units=metric tz=gmt interval=6
2022-10-02 18:48:00+00:00,0.882,0.004,False,False,False,False,v,False,NOAA CO-OPS 8720218 water_level datum=NAVD units=metric tz=gmt interval=6
2022-10-02 18:54:00+00:00,0.875,0.005,False,False,False,False,v,False,NOAA CO-OPS 8720218 water_level datum=NAVD units=metric tz=gmt interval=6
2022-10-02 19:00:00+00:00,0.875,0.007,False,False,False,False,v,False,NOAA CO-OPS 8720218 water_level datum=NAVD units=metric tz=gmt interval=6
2022-10-02 19:06:00+00:00,0.88,0.006,False,False,False,False,v,False,NOAA CO-OPS 8720218 water_level datum=NAVD units=metric tz=gmt interval=6
2022-10-02 19:12:00+00:00,0.869,0.013,False,False,False,False,v,False,NOAA CO-OPS 8720218 water_level datum=NAVD units=metric tz=gmt interval=6
2022-10-02 19:18:00+00:00,0.837,0.015,False,False,False,False,v,False,NOAA CO-OPS 8720218 water_level datum=NAVD units=metric tz=gmt interval=6
2022-10-02 19:24:00+00:00,0.852,0.006,False,False,False,False,v,False,NOAA CO-OPS 8720218 water_level datum=NAVD units=metric tz=gmt interval=6
2022-10-02 19:30:00+00:00,0.832,0.007,False,False,False,False,v,False,NOAA CO-OPS 8720218 water_level datum=NAVD units=metric tz=gmt interval=6
2022-10-02 19:36:00+00:00,0.828,0.005,False,False,False,False,v,False,NOAA CO-OPS 8720218 water_level datum=NAVD units=metric tz=gmt interval=6
2022-10-02 19:42:00+00:00,0.818,0.008,False,False,False,False,v,False,NOAA CO-OPS 8720218 water_level datum=NAVD units=metric tz=gmt interval=6
2022-10-02 19:48:00+00:00,0.798,0.006,False,False,False,False,v,False,NOAA CO-OPS 8720218 water_level datum=NAVD units=metric tz=gmt interval=6
2022-10-02 19:54:00+00:00,0.771,0.004,False,False,False,False,v,False,NOAA CO-OPS 8720218 water_level datum=NAVD units=metric tz=gmt interval=6
2022-10-02 20:00:00+00:00,0.754,0.005,False,False,False,False,v,False,NOAA CO-OPS 8720218 water_level datum=NAVD units=metric tz=gmt interval=6
2022-10-02 20:06:00+00:00,0.747,0.004,False,False,False,False,v,False,NOAA CO-OPS 8720218 water_level datum=NAVD units=metric tz=gmt interval=6
2022-10-02 20:12:00+00:00,0.723,0.005,False,False,False,False,v,False,NOAA CO-OPS 8720218 water_level datum=NAVD units=metric tz=gmt interval=6
2022-10-02 20:18:00+00:00,0.702,0.007,False,False,False,False,v,False,NOAA CO-OPS 8720218 water_level datum=NAVD units=metric tz=gmt interval=6
2022-10-02 20:24:00+00:00,0.674,0.005,False,False,False,False,v,False,NOAA CO-OPS 8720218 water_level datum=NAVD units=metric tz=gmt interval=6
2022-10-02 20:30:00+00:00,0.647,0.004,False,False,False,False,v,False,NOAA CO-OPS 8720218 water_level datum=NAVD units=metric tz=gmt interval=6
2022-10-02 20:36:00+00:00,0.611,0.007,False,False,False,False,v,False,NOAA CO-OPS 8720218 water_level datum=NAVD units=metric tz=gmt interval=6
2022-10-02 20:42:00+00:00,0.582,0.003,False,False,False,False,v,False,NOAA CO-OPS 8720218 water_level datum=NAVD units=metric tz=gmt interval=6
2022-10-02 20:48:00+00:00,0.549,0.007,False,False,False,False,v,False,NOAA CO-OPS 8720218 water_level datum=NAVD units=metric tz=gmt interval=6
2022-10-02 20:54:00+00:00,0.517,0.004,False,False,False,False,v,False,NOAA CO-OPS 8720218 water_level datum=NAVD units=metric tz=gmt interval=6
2022-10-02 21:00:00+00:00,0.479,0.007,False,False,False,False,v,False,NOAA CO-OPS 8720218 water_level datum=NAVD units=metric tz=gmt interval=6
2022-10-02 21:06:00+00:00,0.441,0.006,False,False,False,False,v,False,NOAA CO-OPS 8720218 water_level datum=NAVD units=metric tz=gmt interval=6
2022-10-02 21:12:00+00:00,0.409,0.005,False,False,False,False,v,False,NOAA CO-OPS 8720218 water_level datum=NAVD units=metric tz=gmt interval=6
2022-10-02 21:18:00+00:00,0.374,0.005,False,False,False,False,v,False,NOAA CO-OPS 8720218 water_level datum=NAVD units=metric tz=gmt interval=6
2022-10-02 21:24:00+00:00,0.349,0.004,False,False,False,False,v,False,NOAA CO-OPS 8720218 water_level datum=NAVD units=metric tz=gmt interval=6
2022-10-02 21:30:00+00:00,0.332,0.004,False,False,False,False,v,False,NOAA CO-OPS 8720218 water_level datum=NAVD units=metric tz=gmt interval=6
2022-10-02 21:36:00+00:00,0.298,0.007,False,False,False,False,v,False,NOAA CO-OPS 8720218 water_level datum=NAVD units=metric tz=gmt interval=6
2022-10-02 21:42:00+00:00,0.258,0.006,False,False,False,False,v,False,NOAA CO-OPS 8720218 water_level datum=NAVD units=metric tz=gmt interval=6
2022-10-02 21:48:00+00:00,0.218,0.005,False,False,False,False,v,False,NOAA CO-OPS 8720218 water_level datum=NAVD units=metric tz=gmt interval=6
2022-10-02 21:54:00+00:00,0.191,0.007,False,False,False,False,v,False,NOAA CO-OPS 8720218 water_level datum=NAVD units=metric tz=gmt interval=6
2022-10-02 22:00:00+00:00,0.154,0.009,False,False,False,False,v,False,NOAA CO-OPS 8720218 water_level datum=NAVD units=metric tz=gmt interval=6
2022-10-02 22:06:00+00:00,0.11,0.01,False,False,False,False,v,False,NOAA CO-OPS 8720218 water_level datum=NAVD units=metric tz=gmt interval=6
2022-10-02 22:12:00+00:00,0.087,0.007,False,False,False,False,v,False,NOAA CO-OPS 8720218 water_level datum=NAVD units=metric tz=gmt interval=6
2022-10-02 22:18:00+00:00,0.063,0.006,False,False,False,False,v,False,NOAA CO-OPS 8720218 water_level datum=NAVD units=metric tz=gmt interval=6
2022-10-02 22:24:00+00:00,0.025,0.011,False,False,False,False,v,False,NOAA CO-OPS 8720218 water_level datum=NAVD units=metric tz=gmt interval=6
2022-10-02 22:30:00+00:00,-0.011,0.006,False,False,False,False,v,False,NOAA CO-OPS 8720218 water_level datum=NAVD units=metric tz=gmt interval=6
2022-10-02 22:36:00+00:00,-0.053,0.008,False,False,False,False,v,False,NOAA CO-OPS 8720218 water_level datum=NAVD units=metric tz=gmt interval=6
2022-10-02 22:42:00+00:00,-0.088,0.009,False,False,False,False,v,False,NOAA CO-OPS 8720218 water_level datum=NAVD units=metric tz=gmt interval=6
2022-10-02 22:48:00+00:00,-0.114,0.01,False,False,False,False,v,False,NOAA CO-OPS 8720218 water_level datum=NAVD units=metric tz=gmt interval=6
2022-10-02 22:54:00+00:00,-0.142,0.011,False,False,False,False,v,False,NOAA CO-OPS 8720218 water_level datum=NAVD units=metric tz=gmt interval=6
2022-10-02 23:00:00+00:00,-0.169,0.009,False,False,False,False,v,False,NOAA CO-OPS 8720218 water_level datum=NAVD units=metric tz=gmt interval=6
2022-10-02 23:06:00+00:00,-0.199,0.01,False,False,False,False,v,False,NOAA CO-OPS 8720218 water_level datum=NAVD units=metric tz=gmt interval=6
2022-10-02 23:12:00+00:00,-0.219,0.009,False,False,False,False,v,False,NOAA CO-OPS 8720218 water_level datum=NAVD units=metric tz=gmt interval=6
2022-10-02 23:18:00+00:00,-0.24,0.01,False,False,False,False,v,False,NOAA CO-OPS 8720218 water_level datum=NAVD units=metric tz=gmt interval=6
2022-10-02 23:24:00+00:00,-0.264,0.009,False,False,False,False,v,False,NOAA CO-OPS 8720218 water_level datum=NAVD units=metric tz=gmt interval=6
2022-10-02 23:30:00+00:00,-0.289,0.016,False,False,False,False,v,False,NOAA CO-OPS 8720218 water_level datum=NAVD units=metric tz=gmt interval=6
2022-10-02 23:36:00+00:00,-0.303,0.01,False,False,False,False,v,False,NOAA CO-OPS 8720218 water_level datum=NAVD units=metric tz=gmt interval=6
2022-10-02 23:42:00+00:00,-0.325,0.01,False,False,False,False,v,False,NOAA CO-OPS 8720218 water_level datum=NAVD units=metric tz=gmt interval=6
2022-10-02 23:48:00+00:00,-0.335,0.009,False,False,False,False,v,False,NOAA CO-OPS 8720218 water_level datum=NAVD units=metric tz=gmt interval=6
2022-10-02 23:54:00+00:00,-0.35,0.01,False,False,False,False,v,False,NOAA CO-OPS 8720218 water_level datum=NAVD units=metric tz=gmt interval=6
2022-10-03 00:00:00+00:00,-0.358,0.012,False,False,False,False,v,False,NOAA CO-OPS 8720218 water_level datum=NAVD units=metric tz=gmt interval=6
2022-10-03 00:06:00+00:00,-0.362,0.009,False,False,False,False,v,False,NOAA CO-OPS 8720218 water_level datum=NAVD units=metric tz=gmt interval=6
2022-10-03 00:12:00+00:00,-0.358,0.01,False,False,False,False,v,False,NOAA CO-OPS 8720218 water_level datum=NAVD units=metric tz=gmt interval=6
2022-10-03 00:18:00+00:00,-0.376,0.01,False,False,False,False,v,False,NOAA CO-OPS 8720218 water_level datum=NAVD units=metric tz=gmt interval=6
2022-10-03 00:24:00+00:00,-0.387,0.01,False,False,False,False,v,False,NOAA CO-OPS 8720218 water_level datum=NAVD units=metric tz=gmt interval=6
2022-10-03 00:30:00+00:00,-0.388,0.011,False,False,False,False,v,False,NOAA CO-OPS 8720218 water_level datum=NAVD units=metric tz=gmt interval=6
2022-10-03 00:36:00+00:00,-0.382,0.013,False,False,False,False,v,False,NOAA CO-OPS 8720218 water_level datum=NAVD units=metric tz=gmt interval=6
2022-10-03 00:42:00+00:00,-0.381,0.011,False,False,False,False,v,False,NOAA CO-OPS 8720218 water_level datum=NAVD units=metric tz=gmt interval=6
2022-10-03 00:48:00+00:00,-0.378,0.01,False,False,False,False,v,False,NOAA CO-OPS 8720218 water_level datum=NAVD units=metric tz=gmt interval=6
2022-10-03 00:54:00+00:00,-0.377,0.016,False,False,False,False,v,False,NOAA CO-OPS 8720218 water_level datum=NAVD units=metric tz=gmt interval=6
2022-10-03 01:00:00+00:00,-0.375,0.022,False,False,False,False,v,False,NOAA CO-OPS 8720218 water_level datum=NAVD units=metric tz=gmt interval=6
2022-10-03 01:06:00+00:00,-0.368,0.012,False,False,False,False,v,False,NOAA CO-OPS 8720218 water_level datum=NAVD units=metric tz=gmt interval=6
2022-10-03 01:12:00+00:00,-0.353,0.012,False,False,False,False,v,False,NOAA CO-OPS 8720218 water_level datum=NAVD units=metric tz=gmt interval=6
2022-10-03 01:18:00+00:00,-0.332,0.007,False,False,False,False,v,False,NOAA CO-OPS 8720218 water_level datum=NAVD units=metric tz=gmt interval=6
2022-10-03 01:24:00+00:00,-0.32,0.007,False,False,False,False,v,False,NOAA CO-OPS 8720218 water_level datum=NAVD units=metric tz=gmt interval=6
2022-10-03 01:30:00+00:00,-0.319,0.006,False,False,False,False,v,False,NOAA CO-OPS 8720218 water_level datum=NAVD units=metric tz=gmt interval=6
2022-10-03 01:36:00+00:00,-0.312,0.006,False,False,False,False,v,False,NOAA CO-OPS 8720218 water_level datum=NAVD units=metric tz=gmt interval=6
2022-10-03 01:42:00+00:00,-0.295,0.006,False,False,False,False,v,False,NOAA CO-OPS 8720218 water_level datum=NAVD units=metric tz=gmt interval=6
2022-10-03 01:48:00+00:00,-0.276,0.006,False,False,False,False,v,False,NOAA CO-OPS 8720218 water_level datum=NAVD units=metric tz=gmt interval=6
2022-10-03 01:54:00+00:00,-0.246,0.006,False,False,False,False,v,False,NOAA CO-OPS 8720218 water_level datum=NAVD units=metric tz=gmt interval=6
2022-10-03 02:00:00+00:00,-0.219,0.005,False,False,False,False,v,False,NOAA CO-OPS 8720218 water_level datum=NAVD units=metric tz=gmt interval=6
2022-10-03 02:06:00+00:00,-0.194,0.004,False,False,False,False,v,False,NOAA CO-OPS 8720218 water_level datum=NAVD units=metric tz=gmt interval=6
2022-10-03 02:12:00+00:00,-0.18,0.004,False,False,False,False,v,False,NOAA CO-OPS 8720218 water_level datum=NAVD units=metric tz=gmt interval=6
2022-10-03 02:18:00+00:00,-0.158,0.005,False,False,False,False,v,False,NOAA CO-OPS 8720218 water_level datum=NAVD units=metric tz=gmt interval=6
2022-10-03 02:24:00+00:00,-0.137,0.004,False,False,False,False,v,False,NOAA CO-OPS 8720218 water_level datum=NAVD units=metric tz=gmt interval=6
2022-10-03 02:30:00+00:00,-0.115,0.003,False,False,False,False,v,False,NOAA CO-OPS 8720218 water_level datum=NAVD units=metric tz=gmt interval=6
2022-10-03 02:36:00+00:00,-0.102,0.003,False,False,False,False,v,False,NOAA CO-OPS 8720218 water_level datum=NAVD units=metric tz=gmt interval=6
2022-10-03 02:42:00+00:00,-0.084,0.004,False,False,False,False,v,False,NOAA CO-OPS 8720218 water_level datum=NAVD units=metric tz=gmt interval=6
2022-10-03 02:48:00+00:00,-0.062,0.004,False,False,False,False,v,False,NOAA CO-OPS 8720218 water_level datum=NAVD units=metric tz=gmt interval=6
2022-10-03 02:54:00+00:00,-0.036,0.004,False,False,False,False,v,False,NOAA CO-OPS 8720218 water_level datum=NAVD units=metric tz=gmt interval=6
2022-10-03 03:00:00+00:00,-0.01,0.004,False,False,False,False,v,False,NOAA CO-OPS 8720218 water_level datum=NAVD units=metric tz=gmt interval=6
2022-10-03 03:06:00+00:00,0.014,0.004,False,False,False,False,v,False,NOAA CO-OPS 8720218 water_level datum=NAVD units=metric tz=gmt interval=6
2022-10-03 03:12:00+00:00,0.032,0.003,False,False,False,False,v,False,NOAA CO-OPS 8720218 water_level datum=NAVD units=metric tz=gmt interval=6
2022-10-03 03:18:00+00:00,0.056,0.004,False,False,False,False,v,False,NOAA CO-OPS 8720218 water_level datum=NAVD units=metric tz=gmt interval=6
2022-10-03 03:24:00+00:00,0.082,0.004,False,False,False,False,v,False,NOAA CO-OPS 8720218 water_level datum=NAVD units=metric tz=gmt interval=6
2022-10-03 03:30:00+00:00,0.114,0.005,False,False,False,False,v,False,NOAA CO-OPS 8720218 water_level datum=NAVD units=metric tz=gmt interval=6
2022-10-03 03:36:00+00:00,0.143,0.005,False,False,False,False,v,False,NOAA CO-OPS 8720218 water_level datum=NAVD units=metric tz=gmt interval=6
2022-10-03 03:42:00+00:00,0.166,0.005,False,False,False,False,v,False,NOAA CO-OPS 8720218 water_level datum=NAVD units=metric tz=gmt interval=6
2022-10-03 03:48:00+00:00,0.187,0.004,False,False,False,False,v,False,NOAA CO-OPS 8720218 water_level datum=NAVD units=metric tz=gmt interval=6
2022-10-03 03:54:00+00:00,0.217,0.006,False,False,False,False,v,False,NOAA CO-OPS 8720218 water_level datum=NAVD units=metric tz=gmt interval=6
2022-10-03 04:00:00+00:00,0.253,0.006,False,False,False,False,v,False,NOAA CO-OPS 8720218 water_level datum=NAVD units=metric tz=gmt interval=6
2022-10-03 04:06:00+00:00,0.285,0.005,False,False,False,False,v,False,NOAA CO-OPS 8720218 water_level datum=NAVD units=metric tz=gmt interval=6
2022-10-03 04:12:00+00:00,0.311,0.004,False,False,False,False,v,False,NOAA CO-OPS 8720218 water_level datum=NAVD units=metric tz=gmt interval=6
2022-10-03 04:18:00+00:00,0.335,0.004,False,False,False,False,v,False,NOAA CO-OPS 8720218 water_level datum=NAVD units=metric tz=gmt interval=6
2022-10-03 04:24:00+00:00,0.362,0.006,False,False,False,False,v,False,NOAA CO-OPS 8720218 water_level datum=NAVD units=metric tz=gmt interval=6
2022-10-03 04:30:00+00:00,0.389,0.004,False,False,False,False,v,False,NOAA CO-OPS 8720218 water_level datum=NAVD units=metric tz=gmt interval=6
2022-10-03 04:36:00+00:00,0.412,0.006,False,False,False,False,v,False,NOAA CO-OPS 8720218 water_level datum=NAVD units=metric tz=gmt interval=6
2022-10-03 04:42:00+00:00,0.441,0.006,False,False,False,False,v,False,NOAA CO-OPS 8720218 water_level datum=NAVD units=metric tz=gmt interval=6
2022-10-03 04:48:00+00:00,0.462,0.007,False,False,False,False,v,False,NOAA CO-OPS 8720218 water_level datum=NAVD units=metric tz=gmt interval=6
2022-10-03 04:54:00+00:00,0.485,0.007,False,False,False,False,v,False,NOAA CO-OPS 8720218 water_level datum=NAVD units=metric tz=gmt interval=6
2022-10-03 05:00:00+00:00,0.509,0.006,False,False,False,False,v,False,NOAA CO-OPS 8720218 water_level datum=NAVD units=metric tz=gmt interval=6
2022-10-03 05:06:00+00:00,0.539,0.007,False,False,False,False,v,False,NOAA CO-OPS 8720218 water_level datum=NAVD units=metric tz=gmt interval=6
2022-10-03 05:12:00+00:00,0.556,0.006,False,False,False,False,v,False,NOAA CO-OPS 8720218 water_level datum=NAVD units=metric tz=gmt interval=6
2022-10-03 05:18:00+00:00,0.586,0.034,False,False,False,False,v,False,NOAA CO-OPS 8720218 water_level datum=NAVD units=metric tz=gmt interval=6
2022-10-03 05:24:00+00:00,0.585,0.009,False,False,False,False,v,False,NOAA CO-OPS 8720218 water_level datum=NAVD units=metric tz=gmt interval=6
2022-10-03 05:30:00+00:00,0.609,0.008,False,False,False,False,v,False,NOAA CO-OPS 8720218 water_level datum=NAVD units=metric tz=gmt interval=6
2022-10-03 05:36:00+00:00,0.625,0.009,False,False,False,False,v,False,NOAA CO-OPS 8720218 water_level datum=NAVD units=metric tz=gmt interval=6
2022-10-03 05:42:00+00:00,0.639,0.01,False,False,False,False,v,False,NOAA CO-OPS 8720218 water_level datum=NAVD units=metric tz=gmt interval=6
2022-10-03 05:48:00+00:00,0.651,0.012,False,False,False,False,v,False,NOAA CO-OPS 8720218 water_level datum=NAVD units=metric tz=gmt interval=6
2022-10-03 05:54:00+00:00,0.657,0.014,False,False,False,False,v,False,NOAA CO-OPS 8720218 water_level datum=NAVD units=metric tz=gmt interval=6
2022-10-03 06:00:00+00:00,0.672,0.011,False,False,False,False,v,False,NOAA CO-OPS 8720218 water_level datum=NAVD units=metric tz=gmt interval=6
2022-10-03 06:06:00+00:00,0.686,0.007,False,False,False,False,v,False,NOAA CO-OPS 8720218 water_level datum=NAVD units=metric tz=gmt interval=6
2022-10-03 06:12:00+00:00,0.695,0.007,False,False,False,False,v,False,NOAA CO-OPS 8720218 water_level datum=NAVD units=metric tz=gmt interval=6
2022-10-03 06:18:00+00:00,0.701,0.01,False,False,False,False,v,False,NOAA CO-OPS 8720218 water_level datum=NAVD units=metric tz=gmt interval=6
2022-10-03 06:24:00+00:00,0.7,0.008,False,False,False,False,v,False,NOAA CO-OPS 8720218 water_level datum=NAVD units=metric tz=gmt interval=6
2022-10-03 06:30:00+00:00,0.701,0.006,False,False,False,False,v,False,NOAA CO-OPS 8720218 water_level datum=NAVD units=metric tz=gmt interval=6
2022-10-03 06:36:00+00:00,0.701,0.008,False,False,False,False,v,False,NOAA CO-OPS 8720218 water_level datum=NAVD units=metric tz=gmt interval=6
2022-10-03 06:42:00+00:00,0.699,0.006,False,False,False,False,v,False,NOAA CO-OPS 8720218 water_level datum=NAVD units=metric tz=gmt interval=6
2022-10-03 06:48:00+00:00,0.71,0.006,False,False,False,False,v,False,NOAA CO-OPS 8720218 water_level datum=NAVD units=metric tz=gmt interval=6
2022-10-03 06:54:00+00:00,0.721,0.005,False,False,False,False,v,False,NOAA CO-OPS 8720218 water_level datum=NAVD units=metric tz=gmt interval=6
2022-10-03 07:00:00+00:00,0.719,0.006,False,False,False,False,v,False,NOAA CO-OPS 8720218 water_level datum=NAVD units=metric tz=gmt interval=6
2022-10-03 07:06:00+00:00,0.714,0.006,False,False,False,False,v,False,NOAA CO-OPS 8720218 water_level datum=NAVD units=metric tz=gmt interval=6
2022-10-03 07:12:00+00:00,0.708,0.006,False,False,False,False,v,False,NOAA CO-OPS 8720218 water_level datum=NAVD units=metric tz=gmt interval=6
2022-10-03 07:18:00+00:00,0.702,0.006,False,False,False,False,v,False,NOAA CO-OPS 8720218 water_level datum=NAVD units=metric tz=gmt interval=6
2022-10-03 07:24:00+00:00,0.702,0.006,False,False,False,False,v,False,NOAA CO-OPS 8720218 water_level datum=NAVD units=metric tz=gmt interval=6
2022-10-03 07:30:00+00:00,0.697,0.007,False,False,False,False,v,False,NOAA CO-OPS 8720218 water_level datum=NAVD units=metric tz=gmt interval=6
2022-10-03 07:36:00+00:00,0.687,0.006,False,False,False,False,v,False,NOAA CO-OPS 8720218 water_level datum=NAVD units=metric tz=gmt interval=6
2022-10-03 07:42:00+00:00,0.679,0.006,False,False,False,False,v,False,NOAA CO-OPS 8720218 water_level datum=NAVD units=metric tz=gmt interval=6
2022-10-03 07:48:00+00:00,0.679,0.005,False,False,False,False,v,False,NOAA CO-OPS 8720218 water_level datum=NAVD units=metric tz=gmt interval=6
2022-10-03 07:54:00+00:00,0.678,0.005,False,False,False,False,v,False,NOAA CO-OPS 8720218 water_level datum=NAVD units=metric tz=gmt interval=6
2022-10-03 08:00:00+00:00,0.662,0.006,False,False,False,False,v,False,NOAA CO-OPS 8720218 water_level datum=NAVD units=metric tz=gmt interval=6
2022-10-03 08:06:00+00:00,0.644,0.005,False,False,False,False,v,False,NOAA CO-OPS 8720218 water_level datum=NAVD units=metric tz=gmt interval=6
2022-10-03 08:12:00+00:00,0.634,0.004,False,False,False,False,v,False,NOAA CO-OPS 8720218 water_level datum=NAVD units=metric tz=gmt interval=6
2022-10-03 08:18:00+00:00,0.624,0.005,False,False,False,False,v,False,NOAA CO-OPS 8720218 water_level datum=NAVD units=metric tz=gmt interval=6
2022-10-03 08:24:00+00:00,0.613,0.012,False,False,False,False,v,False,NOAA CO-OPS 8720218 water_level datum=NAVD units=metric tz=gmt interval=6
2022-10-03 08:30:00+00:00,0.56,0.029,False,False,False,False,v,False,NOAA CO-OPS 8720218 water_level datum=NAVD units=metric tz=gmt interval=6
2022-10-03 08:36:00+00:00,0.548,0.013,False,False,False,False,v,False,NOAA CO-OPS 8720218 water_level datum=NAVD units=metric tz=gmt interval=6
2022-10-03 08:42:00+00:00,0.539,0.009,False,False,False,False,v,False,NOAA CO-OPS 8720218 water_level datum=NAVD units=metric tz=gmt interval=6
2022-10-03 08:48:00+00:00,0.524,0.007,False,False,False,False,v,False,NOAA CO-OPS 8720218 water_level datum=NAVD units=metric tz=gmt interval=6
2022-10-03 08:54:00+00:00,0.504,0.006,False,False,False,False,v,False,NOAA CO-OPS 8720218 water_level datum=NAVD units=metric tz=gmt interval=6
2022-10-03 09:00:00+00:00,0.476,0.007,False,False,False,False,v,False,NOAA CO-OPS 8720218 water_level datum=NAVD units=metric tz=gmt interval=6
2022-10-03 09:06:00+00:00,0.44,0.005,False,False,False,False,v,False,NOAA CO-OPS 8720218 water_level datum=NAVD units=metric tz=gmt interval=6
2022-10-03 09:12:00+00:00,0.417,0.004,False,False,False,False,v,False,NOAA CO-OPS 8720218 water_level datum=NAVD units=metric tz=gmt interval=6
2022-10-03 09:18:00+00:00,0.394,0.006,False,False,False,False,v,False,NOAA CO-OPS 8720218 water_level datum=NAVD units=metric tz=gmt interval=6
2022-10-03 09:24:00+00:00,0.364,0.006,False,False,False,False,v,False,NOAA CO-OPS 8720218 water_level datum=NAVD units=metric tz=gmt interval=6
2022-10-03 09:30:00+00:00,0.332,0.006,False,False,False,False,v,False,NOAA CO-OPS 8720218 water_level datum=NAVD units=metric tz=gmt interval=6
2022-10-03 09:36:00+00:00,0.296,0.005,False,False,False,False,v,False,NOAA CO-OPS 8720218 water_level datum=NAVD units=metric tz=gmt interval=6
2022-10-03 09:42:00+00:00,0.267,0.004,False,False,False,False,v,False,NOAA CO-OPS 8720218 water_level datum=NAVD units=metric tz=gmt interval=6
2022-10-03 09:48:00+00:00,0.234,0.005,False,False,False,False,v,False,NOAA CO-OPS 8720218 water_level datum=NAVD units=metric tz=gmt interval=6
2022-10-03 09:54:00+00:00,0.21,0.005,False,False,False,False,v,False,NOAA CO-OPS 8720218 water_level datum=NAVD units=metric tz=gmt interval=6
2022-10-03 10:00:00+00:00,0.177,0.006,False,False,False,False,v,False,NOAA CO-OPS 8720218 water_level datum=NAVD units=metric tz=gmt interval=6
2022-10-03 10:06:00+00:00,0.139,0.006,False,False,False,False,v,False,NOAA CO-OPS 8720218 water_level datum=NAVD units=metric tz=gmt interval=6
2022-10-03 10:12:00+00:00,0.107,0.005,False,False,False,False,v,False,NOAA CO-OPS 8720218 water_level datum=NAVD units=metric tz=gmt interval=6
2022-10-03 10:18:00+00:00,0.073,0.005,False,False,False,False,v,False,NOAA CO-OPS 8720218 water_level datum=NAVD units=metric tz=gmt interval=6
2022-10-03 10:24:00+00:00,0.035,0.005,False,False,False,False,v,False,NOAA CO-OPS 8720218 water_level datum=NAVD units=metric tz=gmt interval=6
2022-10-03 10:30:00+00:00,-0.003,0.007,False,False,False,False,v,False,NOAA CO-OPS 8720218 water_level datum=NAVD units=metric tz=gmt interval=6
2022-10-03 10:36:00+00:00,-0.044,0.006,False,False,False,False,v,False,NOAA CO-OPS 8720218 water_level datum=NAVD units=metric tz=gmt interval=6
2022-10-03 10:42:00+00:00,-0.079,0.006,False,False,False,False,v,False,NOAA CO-OPS 8720218 water_level datum=NAVD units=metric tz=gmt interval=6
2022-10-03 10:48:00+00:00,-0.111,0.007,False,False,False,False,v,False,NOAA CO-OPS 8720218 water_level datum=NAVD units=metric tz=gmt interval=6
2022-10-03 10:54:00+00:00,-0.147,0.005,False,False,False,False,v,False,NOAA CO-OPS 8720218 water_level datum=NAVD units=metric tz=gmt interval=6
2022-10-03 11:00:00+00:00,-0.174,0.006,False,False,False,False,v,False,NOAA CO-OPS 8720218 water_level datum=NAVD units=metric tz=gmt interval=6
2022-10-03 11:06:00+00:00,-0.201,0.005,False,False,False,False,v,False,NOAA CO-OPS 8720218 water_level datum=NAVD units=metric tz=gmt interval=6
2022-10-03 11:12:00+00:00,-0.222,0.008,False,False,False,False,v,False,NOAA CO-OPS 8720218 water_level datum=NAVD units=metric tz=gmt interval=6
2022-10-03 11:18:00+00:00,-0.24,0.007,False,False,False,False,v,False,NOAA CO-OPS 8720218 water_level datum=NAVD units=metric tz=gmt interval=6
2022-10-03 11:24:00+00:00,-0.266,0.009,False,False,False,False,v,False,NOAA CO-OPS 8720218 water_level datum=NAVD units=metric tz=gmt interval=6
2022-10-03 11:30:00+00:00,-0.288,0.008,False,False,False,False,v,False,NOAA CO-OPS 8720218 water_level datum=NAVD units=metric tz=gmt interval=6
2022-10-03 11:36:00+00:00,-0.306,0.008,False,False,False,False,v,False,NOAA CO-OPS 8720218 water_level datum=NAVD units=metric tz=gmt interval=6
2022-10-03 11:42:00+00:00,-0.327,0.005,False,False,False,False,v,False,NOAA CO-OPS 8720218 water_level datum=NAVD units=metric tz=gmt interval=6
2022-10-03 11:48:00+00:00,-0.351,0.009,False,False,False,False,v,False,NOAA CO-OPS 8720218 water_level datum=NAVD units=metric tz=gmt interval=6
2022-10-03 11:54:00+00:00,-0.357,0.007,False,False,False,False,v,False,NOAA CO-OPS 8720218 water_level datum=NAVD units=metric tz=gmt interval=6
2022-10-03 12:00:00+00:00,-0.366,0.01,False,False,False,False,v,False,NOAA CO-OPS 8720218 water_level datum=NAVD units=metric tz=gmt interval=6
2022-10-03 12:06:00+00:00,-0.391,0.009,False,False,False,False,v,False,NOAA CO-OPS 8720218 water_level datum=NAVD units=metric tz=gmt interval=6
2022-10-03 12:12:00+00:00,-0.392,0.005,False,False,False,False,v,False,NOAA CO-OPS 8720218 water_level datum=NAVD units=metric tz=gmt interval=6
2022-10-03 12:18:00+00:00,-0.404,0.005,False,False,False,False,v,False,NOAA CO-OPS 8720218 water_level datum=NAVD units=metric tz=gmt interval=6
2022-10-03 12:24:00+00:00,-0.411,0.006,False,False,False,False,v,False,NOAA CO-OPS 8720218 water_level datum=NAVD units=metric tz=gmt interval=6
2022-10-03 12:30:00+00:00,-0.414,0.006,False,False,False,False,v,False,NOAA CO-OPS 8720218 water_level datum=NAVD units=metric tz=gmt interval=6
2022-10-03 12:36:00+00:00,-0.401,0.007,False,False,False,False,v,False,NOAA CO-OPS 8720218 water_level datum=NAVD units=metric tz=gmt interval=6
2022-10-03 12:42:00+00:00,-0.389,0.009,False,False,False,False,v,False,NOAA CO-OPS 8720218 water_level datum=NAVD units=metric tz=gmt interval=6
2022-10-03 12:48:00+00:00,-0.379,0.006,False,False,False,False,v,False,NOAA CO-OPS 8720218 water_level datum=NAVD units=metric tz=gmt interval=6
2022-10-03 12:54:00+00:00,-0.372,0.008,False,False,False,False,v,False,NOAA CO-OPS 8720218 water_level datum=NAVD units=metric tz=gmt interval=6
2022-10-03 13:00:00+00:00,-0.371,0.007,False,False,False,False,v,False,NOAA CO-OPS 8720218 water_level datum=NAVD units=metric tz=gmt interval=6
2022-10-03 13:06:00+00:00,-0.362,0.006,False,False,False,False,v,False,NOAA CO-OPS 8720218 water_level datum=NAVD units=metric tz=gmt interval=6
2022-10-03 13:12:00+00:00,-0.353,0.007,False,False,False,False,v,False,NOAA CO-OPS 8720218 water_level datum=NAVD units=metric tz=gmt interval=6
2022-10-03 13:18:00+00:00,-0.335,0.005,False,False,False,False,v,False,NOAA CO-OPS 8720218 water_level datum=NAVD units=metric tz=gmt interval=6
2022-10-03 13:24:00+00:00,-0.314,0.005,False,False,False,False,v,False,NOAA CO-OPS 8720218 water_level datum=NAVD units=metric tz=gmt interval=6
2022-10-03 13:30:00+00:00,-0.303,0.005,False,False,False,False,v,False,NOAA CO-OPS 8720218 water_level datum=NAVD units=metric tz=gmt interval=6
2022-10-03 13:36:00+00:00,-0.293,0.004,False,False,False,False,v,False,NOAA CO-OPS 8720218 water_level datum=NAVD units=metric tz=gmt interval=6
2022-10-03 13:42:00+00:00,-0.288,0.009,False,False,False,False,v,False,NOAA CO-OPS 8720218 water_level datum=NAVD units=metric tz=gmt interval=6
2022-10-03 13:48:00+00:00,-0.28,0.009,False,False,False,False,v,False,NOAA CO-OPS 8720218 water_level datum=NAVD units=metric tz=gmt interval=6
2022-10-03 13:54:00+00:00,-0.242,0.006,False,False,False,False,v,False,NOAA CO-OPS 8720218 water_level datum=NAVD units=metric tz=gmt interval=6
2022-10-03 14:00:00+00:00,-0.216,0.008,False,False,False,False,v,False,NOAA CO-OPS 8720218 water_level datum=NAVD units=metric tz=gmt interval=6
2022-10-03 14:06:00+00:00,-0.2,0.006,False,False,False,False,v,False,NOAA CO-OPS 8720218 water_level datum=NAVD units=metric tz=gmt interval=6
2022-10-03 14:12:00+00:00,-0.171,0.004,False,False,False,False,v,False,NOAA CO-OPS 8720218 water_level datum=NAVD units=metric tz=gmt interval=6
2022-10-03 14:18:00+00:00,-0.15,0.005,False,False,False,False,v,False,NOAA CO-OPS 8720218 water_level datum=NAVD units=metric tz=gmt interval=6
2022-10-03 14:24:00+00:00,-0.134,0.009,False,False,False,False,v,False,NOAA CO-OPS 8720218 water_level datum=NAVD units=metric tz=gmt interval=6
2022-10-03 14:30:00+00:00,-0.109,0.006,False,False,False,False,v,False,NOAA CO-OPS 8720218 water_level datum=NAVD units=metric tz=gmt interval=6
2022-10-03 14:36:00+00:00,-0.089,0.004,False,False,False,False,v,False,NOAA CO-OPS 8720218 water_level datum=NAVD units=metric tz=gmt interval=6
2022-10-03 14:42:00+00:00,-0.056,0.004,False,False,False,False,v,False,NOAA CO-OPS 8720218 water_level datum=NAVD units=metric tz=gmt interval=6
2022-10-03 14:48:00+00:00,-0.027,0.005,False,False,False,False,v,False,NOAA CO-OPS 8720218 water_level datum=NAVD units=metric tz=gmt interval=6
2022-10-03 14:54:00+00:00,-0.003,0.006,False,False,False,False,v,False,NOAA CO-OPS 8720218 water_level datum=NAVD units=metric tz=gmt interval=6
2022-10-03 15:00:00+00:00,0.028,0.016,False,False,False,False,v,False,NOAA CO-OPS 8720218 water_level datum=NAVD units=metric tz=gmt interval=6
2022-10-03 15:06:00+00:00,0.015,0.017,False,False,False,False,v,False,NOAA CO-OPS 8720218 water_level datum=NAVD units=metric tz=gmt interval=6
2022-10-03 15:12:00+00:00,0.063,0.011,False,False,False,False,v,False,NOAA CO-OPS 8720218 water_level datum=NAVD units=metric tz=gmt interval=6
2022-10-03 15:18:00+00:00,0.091,0.009,False,False,False,False,v,False,NOAA CO-OPS 8720218 water_level datum=NAVD units=metric tz=gmt interval=6
2022-10-03 15:24:00+00:00,0.124,0.009,False,False,False,False,v,False,NOAA CO-OPS 8720218 water_level datum=NAVD units=metric tz=gmt interval=6
2022-10-03 15:30:00+00:00,0.158,0.01,False,False,False,False,v,False,NOAA CO-OPS 8720218 water_level datum=NAVD units=metric tz=gmt interval=6
2022-10-03 15:36:00+00:00,0.183,0.005,False,False,False,False,v,False,NOAA CO-OPS 8720218 water_level datum=NAVD units=metric tz=gmt interval=6
2022-10-03 15:42:00+00:00,0.202,0.005,False,False,False,False,v,False,NOAA CO-OPS 8720218 water_level datum=NAVD units=metric tz=gmt interval=6
2022-10-03 15:48:00+00:00,0.235,0.007,False,False,False,False,v,False,NOAA CO-OPS 8720218 water_level datum=NAVD units=metric tz=gmt interval=6
2022-10-03 15:54:00+00:00,0.268,0.005,False,False,False,False,v,False,NOAA CO-OPS 8720218 water_level datum=NAVD units=metric tz=gmt interval=6
2022-10-03 16:00:00+00:00,0.295,0.006,False,False,False,False,v,False,NOAA CO-OPS 8720218 water_level datum=NAVD units=metric tz=gmt interval=6
2022-10-03 16:06:00+00:00,0.329,0.006,False,False,False,False,v,False,NOAA CO-OPS 8720218 water_level datum=NAVD units=metric tz=gmt interval=6
2022-10-03 16:12:00+00:00,0.354,0.005,False,False,False,False,v,False,NOAA CO-OPS 8720218 water_level datum=NAVD units=metric tz=gmt interval=6
2022-10-03 16:18:00+00:00,0.38,0.008,False,False,False,False,v,False,NOAA CO-OPS 8720218 water_level datum=NAVD units=metric tz=gmt interval=6
2022-10-03 16:24:00+00:00,0.415,0.007,False,False,False,False,v,False,NOAA CO-OPS 8720218 water_level datum=NAVD units=metric tz=gmt interval=6
2022-10-03 16:30:00+00:00,0.44,0.008,False,False,False,False,v,False,NOAA CO-OPS 8720218 water_level datum=NAVD units=metric tz=gmt interval=6
2022-10-03 16:36:00+00:00,0.472,0.008,False,False,False,False,v,False,NOAA CO-OPS 8720218 water_level datum=NAVD units=metric tz=gmt interval=6
2022-10-03 16:42:00+00:00,0.499,0.008,False,False,False,False,v,False,NOAA CO-OPS 8720218 water_level datum=NAVD units=metric tz=gmt interval=6
2022-10-03 16:48:00+00:00,0.53,0.009,False,False,False,False,v,False,NOAA CO-OPS 8720218 water_level datum=NAVD units=metric tz=gmt interval=6
2022-10-03 16:54:00+00:00,0.559,0.01,False,False,False,False,v,False,NOAA CO-OPS 8720218 water_level datum=NAVD units=metric tz=gmt interval=6
2022-10-03 17:00:00+00:00,0.587,0.01,False,False,False,False,v,False,NOAA CO-OPS 8720218 water_level datum=NAVD units=metric tz=gmt interval=6
2022-10-03 17:06:00+00:00,0.613,0.011,False,False,False,False,v,False,NOAA CO-OPS 8720218 water_level datum=NAVD units=metric tz=gmt interval=6
2022-10-03 17:12:00+00:00,0.635,0.01,False,False,False,False,v,False,NOAA CO-OPS 8720218 water_level datum=NAVD units=metric tz=gmt interval=6
2022-10-03 17:18:00+00:00,0.657,0.009,False,False,False,False,v,False,NOAA CO-OPS 8720218 water_level datum=NAVD units=metric tz=gmt interval=6
2022-10-03 17:24:00+00:00,0.675,0.007,False,False,False,False,v,False,NOAA CO-OPS 8720218 water_level datum=NAVD units=metric tz=gmt interval=6
2022-10-03 17:30:00+00:00,0.699,0.008,False,False,False,False,v,False,NOAA CO-OPS 8720218 water_level datum=NAVD units=metric tz=gmt interval=6
2022-10-03 17:36:00+00:00,0.717,0.009,False,False,False,False,v,False,NOAA CO-OPS 8720218 water_level datum=NAVD units=metric tz=gmt interval=6
2022-10-03 17:42:00+00:00,0.74,0.006,False,False,False,False,v,False,NOAA CO-OPS 8720218 water_level datum=NAVD units=metric tz=gmt interval=6
2022-10-03 17:48:00+00:00,0.757,0.006,False,False,False,False,v,False,NOAA CO-OPS 8720218 water_level datum=NAVD units=metric tz=gmt interval=6
2022-10-03 17:54:00+00:00,0.778,0.007,False,False,False,False,v,False,NOAA CO-OPS 8720218 water_level datum=NAVD units=metric tz=gmt interval=6
2022-10-03 18:00:00+00:00,0.806,0.006,False,False,False,False,v,False,NOAA CO-OPS 8720218 water_level datum=NAVD units=metric tz=gmt interval=6
2022-10-03 18:06:00+00:00,0.827,0.007,False,False,False,False,v,False,NOAA CO-OPS 8720218 water_level datum=NAVD units=metric tz=gmt interval=6
2022-10-03 18:12:00+00:00,0.839,0.008,False,False,False,False,v,False,NOAA CO-OPS 8720218 water_level datum=NAVD units=metric tz=gmt interval=6
2022-10-03 18:18:00+00:00,0.845,0.013,False,False,False,False,v,False,NOAA CO-OPS 8720218 water_level datum=NAVD units=metric tz=gmt interval=6
2022-10-03 18:24:00+00:00,0.865,0.009,False,False,False,False,v,False,NOAA CO-OPS 8720218 water_level datum=NAVD units=metric tz=gmt interval=6
2022-10-03 18:30:00+00:00,0.883,0.007,False,False,False,False,v,False,NOAA CO-OPS 8720218 water_level datum=NAVD units=metric tz=gmt interval=6
2022-10-03 18:36:00+00:00,0.894,0.009,False,False,False,False,v,False,NOAA CO-OPS 8720218 water_level datum=NAVD units=metric tz=gmt interval=6
2022-10-03 18:42:00+00:00,0.898,0.009,False,False,False,False,v,False,NOAA CO-OPS 8720218 water_level datum=NAVD units=metric tz=gmt interval=6
2022-10-03 18:48:00+00:00,0.906,0.008,False,False,False,False,v,False,NOAA CO-OPS 8720218 water_level datum=NAVD units=metric tz=gmt interval=6
2022-10-03 18:54:00+00:00,0.914,0.006,False,False,False,False,v,False,NOAA CO-OPS 8720218 water_level datum=NAVD units=metric tz=gmt interval=6
2022-10-03 19:00:00+00:00,0.932,0.007,False,False,False,False,v,False,NOAA CO-OPS 8720218 water_level datum=NAVD units=metric tz=gmt interval=6
2022-10-03 19:06:00+00:00,0.941,0.008,False,False,False,False,v,False,NOAA CO-OPS 8720218 water_level datum=NAVD units=metric tz=gmt interval=6
2022-10-03 19:12:00+00:00,0.946,0.009,False,False,False,False,v,False,NOAA CO-OPS 8720218 water_level datum=NAVD units=metric tz=gmt interval=6
2022-10-03 19:18:00+00:00,0.95,0.006,False,False,False,False,v,False,NOAA CO-OPS 8720218 water_level datum=NAVD units=metric tz=gmt interval=6
2022-10-03 19:24:00+00:00,0.955,0.008,False,False,False,False,v,False,NOAA CO-OPS 8720218 water_level datum=NAVD units=metric tz=gmt interval=6
2022-10-03 19:30:00+00:00,0.962,0.008,False,False,False,False,v,False,NOAA CO-OPS 8720218 water_level datum=NAVD units=metric tz=gmt interval=6
2022-10-03 19:36:00+00:00,0.965,0.009,False,False,False,False,v,False,NOAA CO-OPS 8720218 water_level datum=NAVD units=metric tz=gmt interval=6
2022-10-03 19:42:00+00:00,0.967,0.009,False,False,False,False,v,False,NOAA CO-OPS 8720218 water_level datum=NAVD units=metric tz=gmt interval=6
2022-10-03 19:48:00+00:00,0.971,0.008,False,False,False,False,v,False,NOAA CO-OPS 8720218 water_level datum=NAVD units=metric tz=gmt interval=6
2022-10-03 19:54:00+00:00,0.97,0.008,False,False,False,False,v,False,NOAA CO-OPS 8720218 water_level datum=NAVD units=metric tz=gmt interval=6
2022-10-03 20:00:00+00:00,0.962,0.006,False,False,False,False,v,False,NOAA CO-OPS 8720218 water_level datum=NAVD units=metric tz=gmt interval=6
2022-10-03 20:06:00+00:00,0.958,0.007,False,False,False,False,v,False,NOAA CO-OPS 8720218 water_level datum=NAVD units=metric tz=gmt interval=6
2022-10-03 20:12:00+00:00,0.953,0.006,False,False,False,False,v,False,NOAA CO-OPS 8720218 water_level datum=NAVD units=metric tz=gmt interval=6
2022-10-03 20:18:00+00:00,0.949,0.007,False,False,False,False,v,False,NOAA CO-OPS 8720218 water_level datum=NAVD units=metric tz=gmt interval=6
2022-10-03 20:24:00+00:00,0.933,0.007,False,False,False,False,v,False,NOAA CO-OPS 8720218 water_level datum=NAVD units=metric tz=gmt interval=6
2022-10-03 20:30:00+00:00,0.921,0.006,False,False,False,False,v,False,NOAA CO-OPS 8720218 water_level datum=NAVD units=metric tz=gmt interval=6
2022-10-03 20:36:00+00:00,0.908,0.006,False,False,False,False,v,False,NOAA CO-OPS 8720218 water_level datum=NAVD units=metric tz=gmt interval=6
2022-10-03 20:42:00+00:00,0.885,0.006,False,False,False,False,v,False,NOAA CO-OPS 8720218 water_level datum=NAVD units=metric tz=gmt interval=6
2022-10-03 20:48:00+00:00,0.868,0.006,False,False,False,False,v,False,NOAA CO-OPS 8720218 water_level datum=NAVD units=metric tz=gmt interval=6
2022-10-03 20:54:00+00:00,0.857,0.006,False,False,False,False,v,False,NOAA CO-OPS 8720218 water_level datum=NAVD units=metric tz=gmt interval=6
2022-10-03 21:00:00+00:00,0.846,0.005,False,False,False,False,v,False,NOAA CO-OPS 8720218 water_level datum=NAVD units=metric tz=gmt interval=6
2022-10-03 21:06:00+00:00,0.829,0.007,False,False,False,False,v,False,NOAA CO-OPS 8720218 water_level datum=NAVD units=metric tz=gmt interval=6
2022-10-03 21:12:00+00:00,0.81,0.007,False,False,False,False,v,False,NOAA CO-OPS 8720218 water_level datum=NAVD units=metric tz=gmt interval=6
2022-10-03 21:18:00+00:00,0.791,0.007,False,False,False,False,v,False,NOAA CO-OPS 8720218 water_level datum=NAVD units=metric tz=gmt interval=6
2022-10-03 21:24:00+00:00,0.762,0.007,False,False,False,False,v,False,NOAA CO-OPS 8720218 water_level datum=NAVD units=metric tz=gmt interval=6
2022-10-03 21:30:00+00:00,0.732,0.006,False,False,False,False,v,False,NOAA CO-OPS 8720218 water_level datum=NAVD units=metric tz=gmt interval=6
2022-10-03 21:36:00+00:00,0.713,0.007,False,False,False,False,v,False,NOAA CO-OPS 8720218 water_level datum=NAVD units=metric tz=gmt interval=6
2022-10-03 21:42:00+00:00,0.69,0.007,False,False,False,False,v,False,NOAA CO-OPS 8720218 water_level datum=NAVD units=metric tz=gmt interval=6
2022-10-03 21:48:00+00:00,0.662,0.006,False,False,False,False,v,False,NOAA CO-OPS 8720218 water_level datum=NAVD units=metric tz=gmt interval=6
2022-10-03 21:54:00+00:00,0.629,0.006,False,False,False,False,v,False,NOAA CO-OPS 8720218 water_level datum=NAVD units=metric tz=gmt interval=6
2022-10-03 22:00:00+00:00,0.602,0.006,False,False,False,False,v,False,NOAA CO-OPS 8720218 water_level datum=NAVD units=metric tz=gmt interval=6
2022-10-03 22:06:00+00:00,0.578,0.005,False,False,False,False,v,False,NOAA CO-OPS 8720218 water_level datum=NAVD units=metric tz=gmt interval=6
2022-10-03 22:12:00+00:00,0.551,0.006,False,False,False,False,v,False,NOAA CO-OPS 8720218 water_level datum=NAVD units=metric tz=gmt interval=6
2022-10-03 22:18:00+00:00,0.521,0.008,False,False,False,False,v,False,NOAA CO-OPS 8720218 water_level datum=NAVD units=metric tz=gmt interval=6
2022-10-03 22:24:00+00:00,0.496,0.007,False,False,False,False,v,False,NOAA CO-OPS 8720218 water_level datum=NAVD units=metric tz=gmt interval=6
2022-10-03 22:30:00+00:00,0.433,0.026,False,False,False,False,v,False,NOAA CO-OPS 8720218 water_level datum=NAVD units=metric tz=gmt interval=6
2022-10-03 22:36:00+00:00,0.426,0.006,False,False,False,False,v,False,NOAA CO-OPS 8720218 water_level datum=NAVD units=metric tz=gmt interval=6
2022-10-03 22:42:00+00:00,0.394,0.007,False,False,False,False,v,False,NOAA CO-OPS 8720218 water_level datum=NAVD units=metric tz=gmt interval=6
2022-10-03 22:48:00+00:00,0.366,0.006,False,False,False,False,v,False,NOAA CO-OPS 8720218 water_level datum=NAVD units=metric tz=gmt interval=6
2022-10-03 22:54:00+00:00,0.336,0.009,False,False,False,False,v,False,NOAA CO-OPS 8720218 water_level datum=NAVD units=metric tz=gmt interval=6
2022-10-03 23:00:00+00:00,0.281,0.008,False,False,False,False,v,False,NOAA CO-OPS 8720218 water_level datum=NAVD units=metric tz=gmt interval=6
2022-10-03 23:06:00+00:00,0.244,0.01,False,False,False,False,v,False,NOAA CO-OPS 8720218 water_level datum=NAVD units=metric tz=gmt interval=6
2022-10-03 23:12:00+00:00,0.205,0.007,False,False,False,False,v,False,NOAA CO-OPS 8720218 water_level datum=NAVD units=metric tz=gmt interval=6
2022-10-03 23:18:00+00:00,0.171,0.007,False,False,False,False,v,False,NOAA CO-OPS 8720218 water_level datum=NAVD units=metric tz=gmt interval=6
2022-10-03 23:24:00+00:00,0.141,0.004,False,False,False,False,v,False,NOAA CO-OPS 8720218 water_level datum=NAVD units=metric tz=gmt interval=6
2022-10-03 23:30:00+00:00,0.123,0.006,False,False,False,False,v,False,NOAA CO-OPS 8720218 water_level datum=NAVD units=metric tz=gmt interval=6
2022-10-03 23:36:00+00:00,0.076,0.007,False,False,False,False,v,False,NOAA CO-OPS 8720218 water_level datum=NAVD units=metric tz=gmt interval=6
2022-10-03 23:42:00+00:00,0.04,0.006,False,False,False,False,v,False,NOAA CO-OPS 8720218 water_level datum=NAVD units=metric tz=gmt interval=6
2022-10-03 23:48:00+00:00,0.007,0.005,False,False,False,False,v,False,NOAA CO-OPS 8720218 water_level datum=NAVD units=metric tz=gmt interval=6
2022-10-03 23:54:00+00:00,-0.032,0.008,False,False,False,False,v,False,NOAA CO-OPS 8720218 water_level datum=NAVD units=metric tz=gmt interval=6
2022-10-04 00:00:00+00:00,-0.061,0.011,False,False,False,False,v,False,NOAA CO-OPS 8720218 water_level datum=NAVD units=metric tz=gmt interval=6
2022-10-04 00:06:00+00:00,-0.094,0.006,False,False,False,False,v,False,NOAA CO-OPS 8720218 water_level datum=NAVD units=metric tz=gmt interval=6
2022-10-04 00:12:00+00:00,-0.119,0.008,False,False,False,False,v,False,NOAA CO-OPS 8720218 water_level datum=NAVD units=metric tz=gmt interval=6
2022-10-04 00:18:00+00:00,-0.145,0.005,False,False,False,False,v,False,NOAA CO-OPS 8720218 water_level datum=NAVD units=metric tz=gmt interval=6
2022-10-04 00:24:00+00:00,-0.165,0.005,False,False,False,False,v,False,NOAA CO-OPS 8720218 water_level datum=NAVD units=metric tz=gmt interval=6
2022-10-04 00:30:00+00:00,-0.193,0.007,False,False,False,False,v,False,NOAA CO-OPS 8720218 water_level datum=NAVD units=metric tz=gmt interval=6
2022-10-04 00:36:00+00:00,-0.215,0.008,False,False,False,False,v,False,NOAA CO-OPS 8720218 water_level datum=NAVD units=metric tz=gmt interval=6
2022-10-04 00:42:00+00:00,-0.239,0.008,False,False,False,False,v,False,NOAA CO-OPS 8720218 water_level datum=NAVD units=metric tz=gmt interval=6
2022-10-04 00:48:00+00:00,-0.262,0.007,False,False,False,False,v,False,NOAA CO-OPS 8720218 water_level datum=NAVD units=metric tz=gmt interval=6
2022-10-04 00:54:00+00:00,-0.288,0.007,False,False,False,False,v,False,NOAA CO-OPS 8720218 water_level datum=NAVD units=metric tz=gmt interval=6
2022-10-04 01:00:00+00:00,-0.305,0.005,False,False,False,False,v,False,NOAA CO-OPS 8720218 water_level datum=NAVD units=metric tz=gmt interval=6
2022-10-04 01:06:00+00:00,-0.313,0.005,False,False,False,False,v,False,NOAA CO-OPS 8720218 water_level datum=NAVD units=metric tz=gmt interval=6
2022-10-04 01:12:00+00:00,-0.32,0.006,False,False,False,False,v,False,NOAA CO-OPS 8720218 water_level datum=NAVD units=metric tz=gmt interval=6
2022-10-04 01:18:00+00:00,-0.329,0.005,False,False,False,False,v,False,NOAA CO-OPS 8720218 water_level datum=NAVD units=metric tz=gmt interval=6
2022-10-04 01:24:00+00:00,-0.335,0.005,False,False,False,False,v,False,NOAA CO-OPS 8720218 water_level datum=NAVD units=metric tz=gmt interval=6
2022-10-04 01:30:00+00:00,-0.337,0.008,False,False,False,False,v,False,NOAA CO-OPS 8720218 water_level datum=NAVD units=metric tz=gmt interval=6
2022-10-04 01:36:00+00:00,-0.331,0.005,False,False,False,False,v,False,NOAA CO-OPS 8720218 water_level datum=NAVD units=metric tz=gmt interval=6
2022-10-04 01:42:00+00:00,-0.324,0.006,False,False,False,False,v,False,NOAA CO-OPS 8720218 water_level datum=NAVD units=metric tz=gmt interval=6
2022-10-04 01:48:00+00:00,-0.331,0.007,False,False,False,False,v,False,NOAA CO-OPS 8720218 water_level datum=NAVD units=metric tz=gmt interval=6
2022-10-04 01:54:00+00:00,-0.377,0.023,False,False,False,False,v,False,NOAA CO-OPS 8720218 water_level datum=NAVD units=metric tz=gmt interval=6
2022-10-04 02:00:00+00:00,-0.334,0.01,False,False,False,False,v,False,NOAA CO-OPS 8720218 water_level datum=NAVD units=metric tz=gmt interval=6
2022-10-04 02:06:00+00:00,-0.324,0.013,False,False,False,False,v,False,NOAA CO-OPS 8720218 water_level datum=NAVD units=metric tz=gmt interval=6
2022-10-04 02:12:00+00:00,-0.304,0.022,False,False,False,False,v,False,NOAA CO-OPS 8720218 water_level datum=NAVD units=metric tz=gmt interval=6
2022-10-04 02:18:00+00:00,-0.294,0.011,False,False,False,False,v,False,NOAA CO-OPS 8720218 water_level datum=NAVD units=metric tz=gmt interval=6
2022-10-04 02:24:00+00:00,-0.282,0.013,False,False,False,False,v,False,NOAA CO-OPS 8720218 water_level datum=NAVD units=metric tz=gmt interval=6
2022-10-04 02:30:00+00:00,-0.271,0.005,False,False,False,False,v,False,NOAA CO-OPS 8720218 water_level datum=NAVD units=metric tz=gmt interval=6
2022-10-04 02:36:00+00:00,-0.259,0.006,False,False,False,False,v,False,NOAA CO-OPS 8720218 water_level datum=NAVD units=metric tz=gmt interval=6
2022-10-04 02:42:00+00:00,-0.25,0.004,False,False,False,False,v,False,NOAA CO-OPS 8720218 water_level datum=NAVD units=metric tz=gmt interval=6
2022-10-04 02:48:00+00:00,-0.247,0.005,False,False,False,False,v,False,NOAA CO-OPS 8720218 water_level datum=NAVD units=metric tz=gmt interval=6
2022-10-04 02:54:00+00:00,-0.233,0.004,False,False,False,False,v,False,NOAA CO-OPS 8720218 water_level datum=NAVD units=metric tz=gmt interval=6
2022-10-04 03:00:00+00:00,-0.205,0.007,False,False,False,False,v,False,NOAA CO-OPS 8720218 water_level datum=NAVD units=metric tz=gmt interval=6
2022-10-04 03:06:00+00:00,-0.182,0.006,False,False,False,False,v,False,NOAA CO-OPS 8720218 water_level datum=NAVD units=metric tz=gmt interval=6
2022-10-04 03:12:00+00:00,-0.151,0.005,False,False,False,False,v,False,NOAA CO-OPS 8720218 water_level datum=NAVD units=metric tz=gmt interval=6
2022-10-04 03:18:00+00:00,-0.129,0.004,False,False,False,False,v,False,NOAA CO-OPS 8720218 water_level datum=NAVD units=metric tz=gmt interval=6
2022-10-04 03:24:00+00:00,-0.104,0.004,False,False,False,False,v,False,NOAA CO-OPS 8720218 water_level datum=NAVD units=metric tz=gmt interval=6
2022-10-04 03:30:00+00:00,-0.077,0.005,False,False,False,False,v,False,NOAA CO-OPS 8720218 water_level datum=NAVD units=metric tz=gmt interval=6
2022-10-04 03:36:00+00:00,-0.055,0.005,False,False,False,False,v,False,NOAA CO-OPS 8720218 water_level datum=NAVD units=metric tz=gmt interval=6
2022-10-04 03:42:00+00:00,-0.025,0.005,False,False,False,False,v,False,NOAA CO-OPS 8720218 water_level datum=NAVD units=metric tz=gmt interval=6
2022-10-04 03:48:00+00:00,-0.004,0.004,False,False,False,False,v,False,NOAA CO-OPS 8720218 water_level datum=NAVD units=metric tz=gmt interval=6
2022-10-04 03:54:00+00:00,0.021,0.005,False,False,False,False,v,False,NOAA CO-OPS 8720218 water_level datum=NAVD units=metric tz=gmt interval=6
2022-10-04 04:00:00+00:00,0.05,0.006,False,False,False,False,v,False,NOAA CO-OPS 8720218 water_level datum=NAVD units=metric tz=gmt interval=6
2022-10-04 04:06:00+00:00,0.077,0.006,False,False,False,False,v,False,NOAA CO-OPS 8720218 water_level datum=NAVD units=metric tz=gmt interval=6
2022-10-04 04:12:00+00:00,0.101,0.006,False,False,False,False,v,False,NOAA CO-OPS 8720218 water_level datum=NAVD units=metric tz=gmt interval=6
2022-10-04 04:18:00+00:00,0.13,0.004,False,False,False,False,v,False,NOAA CO-OPS 8720218 water_level datum=NAVD units=metric tz=gmt interval=6
2022-10-04 04:24:00+00:00,0.161,0.004,False,False,False,False,v,False,NOAA CO-OPS 8720218 water_level datum=NAVD units=metric tz=gmt interval=6
2022-10-04 04:30:00+00:00,0.188,0.005,False,False,False,False,v,False,NOAA CO-OPS 8720218 water_level datum=NAVD units=metric tz=gmt interval=6
2022-10-04 04:36:00+00:00,0.21,0.005,False,False,False,False,v,False,NOAA CO-OPS 8720218 water_level datum=NAVD units=metric tz=gmt interval=6
2022-10-04 04:42:00+00:00,0.235,0.004,False,False,False,False,v,False,NOAA CO-OPS 8720218 water_level datum=NAVD units=metric tz=gmt interval=6
2022-10-04 04:48:00+00:00,0.256,0.005,False,False,False,False,v,False,NOAA CO-OPS 8720218 water_level datum=NAVD units=metric tz=gmt interval=6
2022-10-04 04:54:00+00:00,0.28,0.005,False,False,False,False,v,False,NOAA CO-OPS 8720218 water_level datum=NAVD units=metric tz=gmt interval=6
2022-10-04 05:00:00+00:00,0.305,0.005,False,False,False,False,v,False,NOAA CO-OPS 8720218 water_level datum=NAVD units=metric tz=gmt interval=6
2022-10-04 05:06:00+00:00,0.329,0.006,False,False,False,False,v,False,NOAA CO-OPS 8720218 water_level datum=NAVD units=metric tz=gmt interval=6
2022-10-04 05:12:00+00:00,0.356,0.006,False,False,False,False,v,False,NOAA CO-OPS 8720218 water_level datum=NAVD units=metric tz=gmt interval=6
2022-10-04 05:18:00+00:00,0.386,0.007,False,False,False,False,v,False,NOAA CO-OPS 8720218 water_level datum=NAVD units=metric tz=gmt interval=6
2022-10-04 05:24:00+00:00,0.415,0.008,False,False,False,False,v,False,NOAA CO-OPS 8720218 water_level datum=NAVD units=metric tz=gmt interval=6
2022-10-04 05:30:00+00:00,0.437,0.007,False,False,False,False,v,False,NOAA CO-OPS 8720218 water_level datum=NAVD units=metric tz=gmt interval=6
2022-10-04 05:36:00+00:00,0.458,0.008,False,False,False,False,v,False,NOAA CO-OPS 8720218 water_level datum=NAVD units=metric tz=gmt interval=6
2022-10-04 05:42:00+00:00,0.484,0.008,False,False,False,False,v,False,NOAA CO-OPS 8720218 water_level datum=NAVD units=metric tz=gmt interval=6
2022-10-04 05:48:00+00:00,0.506,0.008,False,False,False,False,v,False,NOAA CO-OPS 8720218 water_level datum=NAVD units=metric tz=gmt interval=6
2022-10-04 05:54:00+00:00,0.523,0.009,False,False,False,False,v,False,NOAA CO-OPS 8720218 water_level datum=NAVD units=metric tz=gmt interval=6
2022-10-04 06:00:00+00:00,0.541,0.01,False,False,False,False,v,False,NOAA CO-OPS 8720218 water_level datum=NAVD units=metric tz=gmt interval=6
2022-10-04 06:06:00+00:00,0.564,0.013,False,False,False,False,v,False,NOAA CO-OPS 8720218 water_level datum=NAVD units=metric tz=gmt interval=6
2022-10-04 06:12:00+00:00,0.581,0.015,False,False,False,False,v,False,NOAA CO-OPS 8720218 water_level datum=NAVD units=metric tz=gmt interval=6
2022-10-04 06:18:00+00:00,0.598,0.012,False,False,False,False,v,False,NOAA CO-OPS 8720218 water_level datum=NAVD units=metric tz=gmt interval=6
2022-10-04 06:24:00+00:00,0.618,0.011,False,False,False,False,v,False,NOAA CO-OPS 8720218 water_level datum=NAVD units=metric tz=gmt interval=6
2022-10-04 06:30:00+00:00,0.638,0.011,False,False,False,False,v,False,NOAA CO-OPS 8720218 water_level datum=NAVD units=metric tz=gmt interval=6
2022-10-04 06:36:00+00:00,0.655,0.01,False,False,False,False,v,False,NOAA CO-OPS 8720218 water_level datum=NAVD units=metric tz=gmt interval=6
2022-10-04 06:42:00+00:00,0.668,0.008,False,False,False,False,v,False,NOAA CO-OPS 8720218 water_level datum=NAVD units=metric tz=gmt interval=6
2022-10-04 06:48:00+00:00,0.676,0.008,False,False,False,False,v,False,NOAA CO-OPS 8720218 water_level datum=NAVD units=metric tz=gmt interval=6
2022-10-04 06:54:00+00:00,0.68,0.006,False,False,False,False,v,False,NOAA CO-OPS 8720218 water_level datum=NAVD units=metric tz=gmt interval=6
2022-10-04 07:00:00+00:00,0.695,0.007,False,False,False,False,v,False,NOAA CO-OPS 8720218 water_level datum=NAVD units=metric tz=gmt interval=6
2022-10-04 07:06:00+00:00,0.711,0.006,False,False,False,False,v,False,NOAA CO-OPS 8720218 water_level datum=NAVD units=metric tz=gmt interval=6
2022-10-04 07:12:00+00:00,0.727,0.008,False,False,False,False,v,False,NOAA CO-OPS 8720218 water_level datum=NAVD units=metric tz=gmt interval=6
2022-10-04 07:18:00+00:00,0.739,0.008,False,False,False,False,v,False,NOAA CO-OPS 8720218 water_level datum=NAVD units=metric tz=gmt interval=6
2022-10-04 07:24:00+00:00,0.75,0.007,False,False,False,False,v,False,NOAA CO-OPS 8720218 water_level datum=NAVD units=metric tz=gmt interval=6
2022-10-04 07:30:00+00:00,0.762,0.005,False,False,False,False,v,False,NOAA CO-OPS 8720218 water_level datum=NAVD units=metric tz=gmt interval=6
2022-10-04 07:36:00+00:00,0.773,0.005,False,False,False,False,v,False,NOAA CO-OPS 8720218 water_level datum=NAVD units=metric tz=gmt interval=6
2022-10-04 07:42:00+00:00,0.789,0.005,False,False,False,False,v,False,NOAA CO-OPS 8720218 water_level datum=NAVD units=metric tz=gmt interval=6
2022-10-04 07:48:00+00:00,0.793,0.006,False,False,False,False,v,False,NOAA CO-OPS 8720218 water_level datum=NAVD units=metric tz=gmt interval=6
2022-10-04 07:54:00+00:00,0.802,0.006,False,False,False,False,v,False,NOAA CO-OPS 8720218 water_level datum=NAVD units=metric tz=gmt interval=6
2022-10-04 08:00:00+00:00,0.808,0.007,False,False,False,False,v,False,NOAA CO-OPS 8720218 water_level datum=NAVD units=metric tz=gmt interval=6
2022-10-04 08:06:00+00:00,0.811,0.007,False,False,False,False,v,False,NOAA CO-OPS 8720218 water_level datum=NAVD units=metric tz=gmt interval=6
2022-10-04 08:12:00+00:00,0.817,0.007,False,False,False,False,v,False,NOAA CO-OPS 8720218 water_level datum=NAVD units=metric tz=gmt interval=6
2022-10-04 08:18:00+00:00,0.821,0.006,False,False,False,False,v,False,NOAA CO-OPS 8720218 water_level datum=NAVD units=metric tz=gmt interval=6
2022-10-04 08:24:00+00:00,0.827,0.009,False,False,False,False,v,False,NOAA CO-OPS 8720218 water_level datum=NAVD units=metric tz=gmt interval=6
2022-10-04 08:30:00+00:00,0.821,0.009,False,False,False,False,v,False,NOAA CO-OPS 8720218 water_level datum=NAVD units=metric tz=gmt interval=6
2022-10-04 08:36:00+00:00,0.818,0.01,False,False,False,False,v,False,NOAA CO-OPS 8720218 water_level datum=NAVD units=metric tz=gmt interval=6
2022-10-04 08:42:00+00:00,0.772,0.034,False,False,False,False,v,False,NOAA CO-OPS 8720218 water_level datum=NAVD units=metric tz=gmt interval=6
2022-10-04 08:48:00+00:00,0.813,0.009,False,False,False,False,v,False,NOAA CO-OPS 8720218 water_level datum=NAVD units=metric tz=gmt interval=6
2022-10-04 08:54:00+00:00,0.803,0.011,False,False,False,False,v,False,NOAA CO-OPS 8720218 water_level datum=NAVD units=metric tz=gmt interval=6
2022-10-04 09:00:00+00:00,0.771,0.008,False,False,False,False,v,False,NOAA CO-OPS 8720218 water_level datum=NAVD units=metric tz=gmt interval=6
2022-10-04 09:06:00+00:00,0.801,0.009,False,False,False,False,v,False,NOAA CO-OPS 8720218 water_level datum=NAVD units=metric tz=gmt interval=6
2022-10-04 09:12:00+00:00,0.782,0.007,False,False,False,False,v,False,NOAA CO-OPS 8720218 water_level datum=NAVD units=metric tz=gmt interval=6
2022-10-04 09:18:00+00:00,0.754,0.007,False,False,False,False,v,False,NOAA CO-OPS 8720218 water_level datum=NAVD units=metric tz=gmt interval=6
2022-10-04 09:24:00+00:00,0.739,0.006,False,False,False,False,v,False,NOAA CO-OPS 8720218 water_level datum=NAVD units=metric tz=gmt interval=6
2022-10-04 09:30:00+00:00,0.707,0.017,False,False,False,False,v,False,NOAA CO-OPS 8720218 water_level datum=NAVD units=metric tz=gmt interval=6
2022-10-04 09:36:00+00:00,0.692,0.01,False,False,False,False,v,False,NOAA CO-OPS 8720218 water_level datum=NAVD units=metric tz=gmt interval=6
2022-10-04 09:42:00+00:00,0.686,0.007,False,False,False,False,v,False,NOAA CO-OPS 8720218 water_level datum=NAVD units=metric tz=gmt interval=6
2022-10-04 09:48:00+00:00,0.661,0.01,False,False,False,False,v,False,NOAA CO-OPS 8720218 water_level datum=NAVD units=metric tz=gmt interval=6
2022-10-04 09:54:00+00:00,0.643,0.006,False,False,False,False,v,False,NOAA CO-OPS 8720218 water_level datum=NAVD units=metric tz=gmt interval=6
2022-10-04 10:00:00+00:00,0.62,0.009,False,False,False,False,v,False,NOAA CO-OPS 8720218 water_level datum=NAVD units=metric tz=gmt interval=6
2022-10-04 10:06:00+00:00,0.592,0.006,False,False,False,False,v,False,NOAA CO-OPS 8720218 water_level datum=NAVD units=metric tz=gmt interval=6
2022-10-04 10:12:00+00:00,0.57,0.007,False,False,False,False,v,False,NOAA CO-OPS 8720218 water_level datum=NAVD units=metric tz=gmt interval=6
2022-10-04 10:18:00+00:00,0.535,0.008,False,False,False,False,v,False,NOAA CO-OPS 8720218 water_level datum=NAVD units=metric tz=gmt interval=6
2022-10-04 10:24:00+00:00,0.503,0.007,False,False,False,False,v,False,NOAA CO-OPS 8720218 water_level datum=NAVD units=metric tz=gmt interval=6
2022-10-04 10:30:00+00:00,0.475,0.006,False,False,False,False,v,False,NOAA CO-OPS 8720218 water_level datum=NAVD units=metric tz=gmt interval=6
2022-10-04 10:36:00+00:00,0.438,0.008,False,False,False,False,v,False,NOAA CO-OPS 8720218 water_level datum=NAVD units=metric tz=gmt interval=6
2022-10-04 10:42:00+00:00,0.404,0.007,False,False,False,False,v,False,NOAA CO-OPS 8720218 water_level datum=NAVD units=metric tz=gmt interval=6
2022-10-04 10:48:00+00:00,0.372,0.008,False,False,False,False,v,False,NOAA CO-OPS 8720218 water_level datum=NAVD units=metric tz=gmt interval=6
2022-10-04 10:54:00+00:00,0.337,0.007,False,False,False,False,v,False,NOAA CO-OPS 8720218 water_level datum=NAVD units=metric tz=gmt interval=6
2022-10-04 11:00:00+00:00,0.308,0.008,False,False,False,False,v,False,NOAA CO-OPS 8720218 water_level datum=NAVD units=metric tz=gmt interval=6
2022-10-04 11:06:00+00:00,0.273,0.011,False,False,False,False,v,False,NOAA CO-OPS 8720218 water_level datum=NAVD units=metric tz=gmt interval=6
2022-10-04 11:12:00+00:00,0.239,0.008,False,False,False,False,v,False,NOAA CO-OPS 8720218 water_level datum=NAVD units=metric tz=gmt interval=6
2022-10-04 11:18:00+00:00,0.202,0.009,False,False,False,False,v,False,NOAA CO-OPS 8720218 water_level datum=NAVD units=metric tz=gmt interval=6
2022-10-04 11:24:00+00:00,0.161,0.008,False,False,False,False,v,False,NOAA CO-OPS 8720218 water_level datum=NAVD units=metric tz=gmt interval=6
2022-10-04 11:30:00+00:00,0.125,0.007,False,False,False,False,v,False,NOAA CO-OPS 8720218 water_level datum=NAVD units=metric tz=gmt interval=6
2022-10-04 11:36:00+00:00,0.093,0.008,False,False,False,False,v,False,NOAA CO-OPS 8720218 water_level datum=NAVD units=metric tz=gmt interval=6
2022-10-04 11:42:00+00:00,0.066,0.009,False,False,False,False,v,False,NOAA CO-OPS 8720218 water_level datum=NAVD units=metric tz=gmt interval=6
2022-10-04 11:48:00+00:00,0.035,0.008,False,False,False,False,v,False,NOAA CO-OPS 8720218 water_level datum=NAVD units=metric tz=gmt interval=6
2022-10-04 11:54:00+00:00,0.005,0.006,False,False,False,False,v,False,NOAA CO-OPS 8720218 water_level datum=NAVD units=metric tz=gmt interval=6
2022-10-04 12:00:00+00:00,-0.022,0.008,False,False,False,False,v,False,NOAA CO-OPS 8720218 water_level datum=NAVD units=metric tz=gmt interval=6
2022-10-04 12:06:00+00:00,-0.041,0.009,False,False,False,False,v,False,NOAA CO-OPS 8720218 water_level datum=NAVD units=metric tz=gmt interval=6
2022-10-04 12:12:00+00:00,-0.064,0.007,False,False,False,False,v,False,NOAA CO-OPS 8720218 water_level datum=NAVD units=metric tz=gmt interval=6
2022-10-04 12:18:00+00:00,-0.095,0.012,False,False,False,False,v,False,NOAA CO-OPS 8720218 water_level datum=NAVD units=metric tz=gmt interval=6
2022-10-04 12:24:00+00:00,-0.119,0.013,False,False,False,False,v,False,NOAA CO-OPS 8720218 water_level datum=NAVD units=metric tz=gmt interval=6
2022-10-04 12:30:00+00:00,-0.141,0.01,False,False,False,False,v,False,NOAA CO-OPS 8720218 water_level datum=NAVD units=metric tz=gmt interval=6
2022-10-04 12:36:00+00:00,-0.17,0.012,False,False,False,False,v,False,NOAA CO-OPS 8720218 water_level datum=NAVD units=metric tz=gmt interval=6
2022-10-04 12:42:00+00:00,-0.192,0.011,False,False,False,False,v,False,NOAA CO-OPS 8720218 water_level datum=NAVD units=metric tz=gmt interval=6
2022-10-04 12:48:00+00:00,-0.213,0.015,False,False,False,False,v,False,NOAA CO-OPS 8720218 water_level datum=NAVD units=metric tz=gmt interval=6
2022-10-04 12:54:00+00:00,-0.233,0.012,False,False,False,False,v,False,NOAA CO-OPS 8720218 water_level datum=NAVD units=metric tz=gmt interval=6
2022-10-04 13:00:00+00:00,-0.244,0.014,False,False,False,False,v,False,NOAA CO-OPS 8720218 water_level datum=NAVD units=metric tz=gmt interval=6
2022-10-04 13:06:00+00:00,-0.255,0.017,False,False,False,False,v,False,NOAA CO-OPS 8720218 water_level datum=NAVD units=metric tz=gmt interval=6
2022-10-04 13:12:00+00:00,-0.267,0.019,False,False,False,False,v,False,NOAA CO-OPS 8720218 water_level datum=NAVD units=metric tz=gmt interval=6
2022-10-04 13:18:00+00:00,-0.284,0.019,False,False,False,False,v,False,NOAA CO-OPS 8720218 water_level datum=NAVD units=metric tz=gmt interval=6
2022-10-04 13:24:00+00:00,-0.301,0.021,False,False,False,False,v,False,NOAA CO-OPS 8720218 water_level datum=NAVD units=metric tz=gmt interval=6
2022-10-04 13:30:00+00:00,-0.305,0.02,False,False,False,False,v,False,NOAA CO-OPS 8720218 water_level datum=NAVD units=metric tz=gmt interval=6
2022-10-04 13:36:00+00:00,-0.308,0.021,False,False,False,False,v,False,NOAA CO-OPS 8720218 water_level datum=NAVD units=metric tz=gmt interval=6
2022-10-04 13:42:00+00:00,-0.313,0.02,False,False,False,False,v,False,NOAA CO-OPS 8720218 water_level datum=NAVD units=metric tz=gmt interval=6
2022-10-04 13:48:00+00:00,-0.314,0.016,False,False,False,False,v,False,NOAA CO-OPS 8720218 water_level datum=NAVD units=metric tz=gmt interval=6
2022-10-04 13:54:00+00:00,-0.316,0.023,False,False,False,False,v,False,NOAA CO-OPS 8720218 water_level datum=NAVD units=metric tz=gmt interval=6
2022-10-04 14:00:00+00:00,-0.309,0.02,False,False,False,False,v,False,NOAA CO-OPS 8720218 water_level datum=NAVD units=metric tz=gmt interval=6
2022-10-04 14:06:00+00:00,-0.302,0.017,False,False,False,False,v,False,NOAA CO-OPS 8720218 water_level datum=NAVD units=metric tz=gmt interval=6
2022-10-04 14:12:00+00:00,-0.299,0.017,False,False,False,False,v,False,NOAA CO-OPS 8720218 water_level datum=NAVD units=metric tz=gmt interval=6
2022-10-04 14:18:00+00:00,-0.294,0.017,False,False,False,False,v,False,NOAA CO-OPS 8720218 water_level datum=NAVD units=metric tz=gmt interval=6
2022-10-04 14:24:00+00:00,-0.291,0.019,False,False,False,False,v,False,NOAA CO-OPS 8720218 water_level datum=NAVD units=metric tz=gmt interval=6
2022-10-04 14:30:00+00:00,-0.283,0.013,False,False,False,False,v,False,NOAA CO-OPS 8720218 water_level datum=NAVD units=metric tz=gmt interval=6
2022-10-04 14:36:00+00:00,-0.271,0.014,False,False,False,False,v,False,NOAA CO-OPS 8720218 water_level datum=NAVD units=metric tz=gmt interval=6
2022-10-04 14:42:00+00:00,-0.255,0.011,False,False,False,False,v,False,NOAA CO-OPS 8720218 water_level datum=NAVD units=metric tz=gmt interval=6
2022-10-04 14:48:00+00:00,-0.239,0.012,False,False,False,False,v,False,NOAA CO-OPS 8720218 water_level datum=NAVD units=metric tz=gmt interval=6
2022-10-04 14:54:00+00:00,-0.225,0.012,False,False,False,False,v,False,NOAA CO-OPS 8720218 water_level datum=NAVD units=metric tz=gmt interval=6
2022-10-04 15:00:00+00:00,-0.214,0.011,False,False,False,False,v,False,NOAA CO-OPS 8720218 water_level datum=NAVD units=metric tz=gmt interval=6
2022-10-04 15:06:00+00:00,-0.204,0.011,False,False,False,False,v,False,NOAA CO-OPS 8720218 water_level datum=NAVD units=metric tz=gmt interval=6
2022-10-04 15:12:00+00:00,-0.185,0.011,False,False,False,False,v,False,NOAA CO-OPS 8720218 water_level datum=NAVD units=metric tz=gmt interval=6
2022-10-04 15:18:00+00:00,-0.163,0.008,False,False,False,False,v,False,NOAA CO-OPS 8720218 water_level datum=NAVD units=metric tz=gmt interval=6
2022-10-04 15:24:00+00:00,-0.143,0.01,False,False,False,False,v,False,NOAA CO-OPS 8720218 water_level datum=NAVD units=metric tz=gmt interval=6
2022-10-04 15:30:00+00:00,-0.121,0.015,False,False,False,False,v,False,NOAA CO-OPS 8720218 water_level datum=NAVD units=metric tz=gmt interval=6
2022-10-04 15:36:00+00:00,-0.104,0.011,False,False,False,False,v,False,NOAA CO-OPS 8720218 water_level datum=NAVD units=metric tz=gmt interval=6
2022-10-04 15:42:00+00:00,-0.072,0.008,False,False,False,False,v,False,NOAA CO-OPS 8720218 water_level datum=NAVD units=metric tz=gmt interval=6
2022-10-04 15:48:00+00:00,-0.037,0.009,False,False,False,False,v,False,NOAA CO-OPS 8720218 water_level datum=NAVD units=metric tz=gmt interval=6
2022-10-04 15:54:00+00:00,-0.01,0.007,False,False,False,False,v,False,NOAA CO-OPS 8720218 water_level datum=NAVD units=metric tz=gmt interval=6
2022-10-04 16:00:00+00:00,0.018,0.008,False,False,False,False,v,False,NOAA CO-OPS 8720218 water_level datum=NAVD units=metric tz=gmt interval=6
2022-10-04 16:06:00+00:00,0.049,0.007,False,False,False,False,v,False,NOAA CO-OPS 8720218 water_level datum=NAVD units=metric tz=gmt interval=6
2022-10-04 16:12:00+00:00,0.077,0.007,False,False,False,False,v,False,NOAA CO-OPS 8720218 water_level datum=NAVD units=metric tz=gmt interval=6
2022-10-04 16:18:00+00:00,0.11,0.014,False,False,False,False,v,False,NOAA CO-OPS 8720218 water_level datum=NAVD units=metric tz=gmt interval=6
2022-10-04 16:24:00+00:00,0.145,0.007,False,False,False,False,v,False,NOAA CO-OPS 8720218 water_level datum=NAVD units=metric tz=gmt interval=6
2022-10-04 16:30:00+00:00,0.168,0.007,False,False,False,False,v,False,NOAA CO-OPS 8720218 water_level datum=NAVD units=metric tz=gmt interval=6
2022-10-04 16:36:00+00:00,0.17,0.013,False,False,False,False,v,False,NOAA CO-OPS 8720218 water_level datum=NAVD units=metric tz=gmt interval=6
2022-10-04 16:42:00+00:00,0.226,0.005,False,False,False,False,v,False,NOAA CO-OPS 8720218 water_level datum=NAVD units=metric tz=gmt interval=6
2022-10-04 16:48:00+00:00,0.246,0.008,False,False,False,False,v,False,NOAA CO-OPS 8720218 water_level datum=NAVD units=metric tz=gmt interval=6
2022-10-04 16:54:00+00:00,0.281,0.006,False,False,False,False,v,False,NOAA CO-OPS 8720218 water_level datum=NAVD units=metric tz=gmt interval=6
2022-10-04 17:00:00+00:00,0.307,0.006,False,False,False,False,v,False,NOAA CO-OPS 8720218 water_level datum=NAVD units=metric tz=gmt interval=6
2022-10-04 17:06:00+00:00,0.34,0.008,False,False,False,False,v,False,NOAA CO-OPS 8720218 water_level datum=NAVD units=metric tz=gmt interval=6
2022-10-04 17:12:00+00:00,0.369,0.009,False,False,False,False,v,False,NOAA CO-OPS 8720218 water_level datum=NAVD units=metric tz=gmt interval=6
2022-10-04 17:18:00+00:00,0.406,0.012,False,False,False,False,v,False,NOAA CO-OPS 8720218 water_level datum=NAVD units=metric tz=gmt interval=6
2022-10-04 17:24:00+00:00,0.442,0.009,False,False,False,False,v,False,NOAA CO-OPS 8720218 water_level datum=NAVD units=metric tz=gmt interval=6
2022-10-04 17:30:00+00:00,0.451,0.013,False,False,False,False,v,False,NOAA CO-OPS 8720218 water_level datum=NAVD units=metric tz=gmt interval=6
2022-10-04 17:36:00+00:00,0.477,0.008,False,False,False,False,v,False,NOAA CO-OPS 8720218 water_level datum=NAVD units=metric tz=gmt interval=6
2022-10-04 17:42:00+00:00,0.505,0.011,False,False,False,False,v,False,NOAA CO-OPS 8720218 water_level datum=NAVD units=metric tz=gmt interval=6
2022-10-04 17:48:00+00:00,0.534,0.012,False,False,False,False,v,False,NOAA CO-OPS 8720218 water_level datum=NAVD units=metric tz=gmt interval=6
2022-10-04 17:54:00+00:00,0.56,0.016,False,False,False,False,v,False,NOAA CO-OPS 8720218 water_level datum=NAVD units=metric tz=gmt interval=6
2022-10-04 18:00:00+00:00,0.602,0.038,False,False,False,False,v,False,NOAA CO-OPS 8720218 water_level datum=NAVD units=metric tz=gmt interval=6
2022-10-04 18:06:00+00:00,0.602,0.011,False,False,False,False,v,False,NOAA CO-OPS 8720218 water_level datum=NAVD units=metric tz=gmt interval=6
2022-10-04 18:12:00+00:00,0.63,0.012,False,False,False,False,v,False,NOAA CO-OPS 8720218 water_level datum=NAVD units=metric tz=gmt interval=6
2022-10-04 18:18:00+00:00,0.658,0.012,False,False,False,False,v,False,NOAA CO-OPS 8720218 water_level datum=NAVD units=metric tz=gmt interval=6
2022-10-04 18:24:00+00:00,0.679,0.013,False,False,False,False,v,False,NOAA CO-OPS 8720218 water_level datum=NAVD units=metric tz=gmt interval=6
2022-10-04 18:30:00+00:00,0.699,0.009,False,False,False,False,v,False,NOAA CO-OPS 8720218 water_level datum=NAVD units=metric tz=gmt interval=6
2022-10-04 18:36:00+00:00,0.714,0.009,False,False,False,False,v,False,NOAA CO-OPS 8720218 water_level datum=NAVD units=metric tz=gmt interval=6
2022-10-04 18:42:00+00:00,0.734,0.009,False,False,False,False,v,False,NOAA CO-OPS 8720218 water_level datum=NAVD units=metric tz=gmt interval=6
2022-10-04 18:48:00+00:00,0.757,0.008,False,False,False,False,v,False,NOAA CO-OPS 8720218 water_level datum=NAVD units=metric tz=gmt interval=6
2022-10-04 18:54:00+00:00,0.765,0.01,False,False,False,False,v,False,NOAA CO-OPS 8720218 water_level datum=NAVD units=metric tz=gmt interval=6
2022-10-04 19:00:00+00:00,0.781,0.011,False,False,False,False,v,False,NOAA CO-OPS 8720218 water_level datum=NAVD units=metric tz=gmt interval=6
2022-10-04 19:06:00+00:00,0.802,0.008,False,False,False,False,v,False,NOAA CO-OPS 8720218 water_level datum=NAVD units=metric tz=gmt interval=6
2022-10-04 19:12:00+00:00,0.824,0.008,False,False,False,False,v,False,NOAA CO-OPS 8720218 water_level datum=NAVD units=metric tz=gmt interval=6
2022-10-04 19:18:00+00:00,0.839,0.009,False,False,False,False,v,False,NOAA CO-OPS 8720218 water_level datum=NAVD units=metric tz=gmt interval=6
2022-10-04 19:24:00+00:00,0.856,0.01,False,False,False,False,v,False,NOAA CO-OPS 8720218 water_level datum=NAVD units=metric tz=gmt interval=6
2022-10-04 19:30:00+00:00,0.88,0.006,False,False,False,False,v,False,NOAA CO-OPS 8720218 water_level datum=NAVD units=metric tz=gmt interval=6
2022-10-04 19:36:00+00:00,0.901,0.008,False,False,False,False,v,False,NOAA CO-OPS 8720218 water_level datum=NAVD units=metric tz=gmt interval=6
2022-10-04 19:42:00+00:00,0.917,0.008,False,False,False,False,v,False,NOAA CO-OPS 8720218 water_level datum=NAVD units=metric tz=gmt interval=6
2022-10-04 19:48:00+00:00,0.932,0.006,False,False,False,False,v,False,NOAA CO-OPS 8720218 water_level datum=NAVD units=metric tz=gmt interval=6
2022-10-04 19:54:00+00:00,0.943,0.007,False,False,False,False,v,False,NOAA CO-OPS 8720218 water_level datum=NAVD units=metric tz=gmt interval=6
2022-10-04 20:00:00+00:00,0.953,0.009,False,False,False,False,v,False,NOAA CO-OPS 8720218 water_level datum=NAVD units=metric tz=gmt interval=6
2022-10-04 20:06:00+00:00,0.969,0.01,False,False,False,False,v,False,NOAA CO-OPS 8720218 water_level datum=NAVD units=metric tz=gmt interval=6
2022-10-04 20:12:00+00:00,0.981,0.008,False,False,False,False,v,False,NOAA CO-OPS 8720218 water_level datum=NAVD units=metric tz=gmt interval=6
2022-10-04 20:18:00+00:00,0.995,0.008,False,False,False,False,v,False,NOAA CO-OPS 8720218 water_level datum=NAVD units=metric tz=gmt interval=6
2022-10-04 20:24:00+00:00,1.001,0.01,False,False,False,False,v,False,NOAA CO-OPS 8720218 water_level datum=NAVD units=metric tz=gmt interval=6
2022-10-04 20:30:00+00:00,1.004,0.009,False,False,False,False,v,False,NOAA CO-OPS 8720218 water_level datum=NAVD units=metric tz=gmt interval=6
2022-10-04 20:36:00+00:00,1.009,0.01,False,False,False,False,v,False,NOAA CO-OPS 8720218 water_level datum=NAVD units=metric tz=gmt interval=6
2022-10-04 20:42:00+00:00,1.024,0.01,False,False,False,False,v,False,NOAA CO-OPS 8720218 water_level datum=NAVD units=metric tz=gmt interval=6
2022-10-04 20:48:00+00:00,1.035,0.012,False,False,False,False,v,False,NOAA CO-OPS 8720218 water_level datum=NAVD units=metric tz=gmt interval=6
2022-10-04 20:54:00+00:00,1.044,0.011,False,False,False,False,v,False,NOAA CO-OPS 8720218 water_level datum=NAVD units=metric tz=gmt interval=6
2022-10-04 21:00:00+00:00,1.01,0.018,False,False,False,False,v,False,NOAA CO-OPS 8720218 water_level datum=NAVD units=metric tz=gmt interval=6
2022-10-04 21:06:00+00:00,1.038,0.011,False,False,False,False,v,False,NOAA CO-OPS 8720218 water_level datum=NAVD units=metric tz=gmt interval=6
2022-10-04 21:12:00+00:00,1.036,0.01,False,False,False,False,v,False,NOAA CO-OPS 8720218 water_level datum=NAVD units=metric tz=gmt interval=6
2022-10-04 21:18:00+00:00,1.027,0.017,False,False,False,False,v,False,NOAA CO-OPS 8720218 water_level datum=NAVD units=metric tz=gmt interval=6
2022-10-04 21:24:00+00:00,1.016,0.01,False,False,False,False,v,False,NOAA CO-OPS 8720218 water_level datum=NAVD units=metric tz=gmt interval=6
2022-10-04 21:30:00+00:00,1.004,0.009,False,False,False,False,v,False,NOAA CO-OPS 8720218 water_level datum=NAVD units=metric tz=gmt interval=6
2022-10-04 21:36:00+00:00,1.001,0.01,False,False,False,False,v,False,NOAA CO-OPS 8720218 water_level datum=NAVD units=metric tz=gmt interval=6
2022-10-04 21:42:00+00:00,0.995,0.01,False,False,False,False,v,False,NOAA CO-OPS 8720218 water_level datum=NAVD units=metric tz=gmt interval=6
2022-10-04 21:48:00+00:00,0.989,0.008,False,False,False,False,v,False,NOAA CO-OPS 8720218 water_level datum=NAVD units=metric tz=gmt interval=6
2022-10-04 21:54:00+00:00,0.97,0.011,False,False,False,False,v,False,NOAA CO-OPS 8720218 water_level datum=NAVD units=metric tz=gmt interval=6
2022-10-04 22:00:00+00:00,0.955,0.008,False,False,False,False,v,False,NOAA CO-OPS 8720218 water_level datum=NAVD units=metric tz=gmt interval=6
2022-10-04 22:06:00+00:00,0.936,0.007,False,False,False,False,v,False,NOAA CO-OPS 8720218 water_level datum=NAVD units=metric tz=gmt interval=6
2022-10-04 22:12:00+00:00,0.923,0.007,False,False,False,False,v,False,NOAA CO-OPS 8720218 water_level datum=NAVD units=metric tz=gmt interval=6
2022-10-04 22:18:00+00:00,0.904,0.008,False,False,False,False,v,False,NOAA CO-OPS 8720218 water_level datum=NAVD units=metric tz=gmt interval=6
2022-10-04 22:24:00+00:00,0.891,0.007,False,False,False,False,v,False,NOAA CO-OPS 8720218 water_level datum=NAVD units=metric tz=gmt interval=6
2022-10-04 22:30:00+00:00,0.869,0.007,False,False,False,False,v,False,NOAA CO-OPS 8720218 water_level datum=NAVD units=metric tz=gmt interval=6
2022-10-04 22:36:00+00:00,0.848,0.007,False,False,False,False,v,False,NOAA CO-OPS 8720218 water_level datum=NAVD units=metric tz=gmt interval=6
2022-10-04 22:42:00+00:00,0.823,0.007,False,False,False,False,v,False,NOAA CO-OPS 8720218 water_level datum=NAVD units=metric tz=gmt interval=6
2022-10-04 22:48:00+00:00,0.803,0.006,False,False,False,False,v,False,NOAA CO-OPS 8720218 water_level datum=NAVD units=metric tz=gmt interval=6
2022-10-04 22:54:00+00:00,0.778,0.007,False,False,False,False,v,False,NOAA CO-OPS 8720218 water_level datum=NAVD units=metric tz=gmt interval=6
2022-10-04 23:00:00+00:00,0.752,0.007,False,False,False,False,v,False,NOAA CO-OPS 8720218 water_level datum=NAVD units=metric tz=gmt interval=6
2022-10-04 23:06:00+00:00,0.713,0.012,False,False,False,False,v,False,NOAA CO-OPS 8720218 water_level datum=NAVD units=metric tz=gmt interval=6
2022-10-04 23:12:00+00:00,0.681,0.009,False,False,False,False,v,False,NOAA CO-OPS 8720218 water_level datum=NAVD units=metric tz=gmt interval=6
2022-10-04 23:18:00+00:00,0.634,0.016,False,False,False,False,v,False,NOAA CO-OPS 8720218 water_level datum=NAVD units=metric tz=gmt interval=6
2022-10-04 23:24:00+00:00,0.623,0.037,False,False,False,False,v,False,NOAA CO-OPS 8720218 water_level datum=NAVD units=metric tz=gmt interval=6
2022-10-04 23:30:00+00:00,0.575,0.01,False,False,False,False,v,False,NOAA CO-OPS 8720218 water_level datum=NAVD units=metric tz=gmt interval=6
2022-10-04 23:36:00+00:00,0.554,0.009,False,False,False,False,v,False,NOAA CO-OPS 8720218 water_level datum=NAVD units=metric tz=gmt interval=6
2022-10-04 23:42:00+00:00,0.535,0.006,False,False,False,False,v,False,NOAA CO-OPS 8720218 water_level datum=NAVD units=metric tz=gmt interval=6
2022-10-04 23:48:00+00:00,0.496,0.009,False,False,False,False,v,False,NOAA CO-OPS 8720218 water_level datum=NAVD units=metric tz=gmt interval=6
2022-10-04 23:54:00+00:00,0.453,0.006,False,False,False,False,v,False,NOAA CO-OPS 8720218 water_level datum=NAVD units=metric tz=gmt interval=6
2022-10-05 00:00:00+00:00,0.432,0.007,False,False,False,False,v,False,NOAA CO-OPS 8720218 water_level datum=NAVD units=metric tz=gmt interval=6
2022-10-05 00:06:00+00:00,0.391,0.008,False,False,False,False,v,False,NOAA CO-OPS 8720218 water_level datum=NAVD units=metric tz=gmt interval=6
2022-10-05 00:12:00+00:00,0.329,0.016,False,False,False,False,v,False,NOAA CO-OPS 8720218 water_level datum=NAVD units=metric tz=gmt interval=6
2022-10-05 00:18:00+00:00,0.293,0.014,False,False,False,False,v,False,NOAA CO-OPS 8720218 water_level datum=NAVD units=metric tz=gmt interval=6
2022-10-05 00:24:00+00:00,0.258,0.006,False,False,False,False,v,False,NOAA CO-OPS 8720218 water_level datum=NAVD units=metric tz=gmt interval=6
2022-10-05 00:30:00+00:00,0.226,0.008,False,False,False,False,v,False,NOAA CO-OPS 8720218 water_level datum=NAVD units=metric tz=gmt interval=6
2022-10-05 00:36:00+00:00,0.194,0.016,False,False,False,False,v,False,NOAA CO-OPS 8720218 water_level datum=NAVD units=metric tz=gmt interval=6
2022-10-05 00:42:00+00:00,0.148,0.009,False,False,False,False,v,False,NOAA CO-OPS 8720218 water_level datum=NAVD units=metric tz=gmt interval=6
2022-10-05 00:48:00+00:00,0.13,0.006,False,False,False,False,v,False,NOAA CO-OPS 8720218 water_level datum=NAVD units=metric tz=gmt interval=6
2022-10-05 00:54:00+00:00,0.08,0.011,False,False,False,False,v,False,NOAA CO-OPS 8720218 water_level datum=NAVD units=metric tz=gmt interval=6
2022-10-05 01:00:00+00:00,0.046,0.008,False,False,False,False,v,False,NOAA CO-OPS 8720218 water_level datum=NAVD units=metric tz=gmt interval=6
2022-10-05 01:06:00+00:00,0.007,0.007,False,False,False,False,v,False,NOAA CO-OPS 8720218 water_level datum=NAVD units=metric tz=gmt interval=6
2022-10-05 01:12:00+00:00,-0.036,0.006,False,False,False,False,v,False,NOAA CO-OPS 8720218 water_level datum=NAVD units=metric tz=gmt interval=6
2022-10-05 01:18:00+00:00,-0.058,0.008,False,False,False,False,v,False,NOAA CO-OPS 8720218 water_level datum=NAVD units=metric tz=gmt interval=6
2022-10-05 01:24:00+00:00,-0.083,0.005,False,False,False,False,v,False,NOAA CO-OPS 8720218 water_level datum=NAVD units=metric tz=gmt interval=6
2022-10-05 01:30:00+00:00,-0.112,0.004,False,False,False,False,v,False,NOAA CO-OPS 8720218 water_level datum=NAVD units=metric tz=gmt interval=6
2022-10-05 01:36:00+00:00,-0.133,0.006,False,False,False,False,v,False,NOAA CO-OPS 8720218 water_level datum=NAVD units=metric tz=gmt interval=6
2022-10-05 01:42:00+00:00,-0.157,0.006,False,False,False,False,v,False,NOAA CO-OPS 8720218 water_level datum=NAVD units=metric tz=gmt interval=6
2022-10-05 01:48:00+00:00,-0.19,0.007,False,False,False,False,v,False,NOAA CO-OPS 8720218 water_level datum=NAVD units=metric tz=gmt interval=6
2022-10-05 01:54:00+00:00,-0.219,0.006,False,False,False,False,v,False,NOAA CO-OPS 8720218 water_level datum=NAVD units=metric tz=gmt interval=6
2022-10-05 02:00:00+00:00,-0.254,0.006,False,False,False,False,v,False,NOAA CO-OPS 8720218 water_level datum=NAVD units=metric tz=gmt interval=6
2022-10-05 02:06:00+00:00,-0.278,0.006,False,False,False,False,v,False,NOAA CO-OPS 8720218 water_level datum=NAVD units=metric tz=gmt interval=6
2022-10-05 02:12:00+00:00,-0.297,0.005,False,False,False,False,v,False,NOAA CO-OPS 8720218 water_level datum=NAVD units=metric tz=gmt interval=6
2022-10-05 02:18:00+00:00,-0.309,0.006,False,False,False,False,v,False,NOAA CO-OPS 8720218 water_level datum=NAVD units=metric tz=gmt interval=6
2022-10-05 02:24:00+00:00,-0.324,0.005,False,False,False,False,v,False,NOAA CO-OPS 8720218 water_level datum=NAVD units=metric tz=gmt interval=6
2022-10-05 02:30:00+00:00,-0.343,0.005,False,False,False,False,v,False,NOAA CO-OPS 8720218 water_level datum=NAVD units=metric tz=gmt interval=6
2022-10-05 02:36:00+00:00,-0.356,0.007,False,False,False,False,v,False,NOAA CO-OPS 8720218 water_level datum=NAVD units=metric tz=gmt interval=6
2022-10-05 02:42:00+00:00,-0.374,0.004,False,False,False,False,v,False,NOAA CO-OPS 8720218 water_level datum=NAVD units=metric tz=gmt interval=6
2022-10-05 02:48:00+00:00,-0.377,0.005,False,False,False,False,v,False,NOAA CO-OPS 8720218 water_level datum=NAVD units=metric tz=gmt interval=6
2022-10-05 02:54:00+00:00,-0.371,0.005,False,False,False,False,v,False,NOAA CO-OPS 8720218 water_level datum=NAVD units=metric tz=gmt interval=6
2022-10-05 03:00:00+00:00,-0.37,0.004,False,False,False,False,v,False,NOAA CO-OPS 8720218 water_level datum=NAVD units=metric tz=gmt interval=6
2022-10-05 03:06:00+00:00,-0.364,0.005,False,False,False,False,v,False,NOAA CO-OPS 8720218 water_level datum=NAVD units=metric tz=gmt interval=6
2022-10-05 03:12:00+00:00,-0.364,0.005,False,False,False,False,v,False,NOAA CO-OPS 8720218 water_level datum=NAVD units=metric tz=gmt interval=6
2022-10-05 03:18:00+00:00,-0.366,0.005,False,False,False,False,v,False,NOAA CO-OPS 8720218 water_level datum=NAVD units=metric tz=gmt interval=6
2022-10-05 03:24:00+00:00,-0.348,0.006,False,False,False,False,v,False,NOAA CO-OPS 8720218 water_level datum=NAVD units=metric tz=gmt interval=6
2022-10-05 03:30:00+00:00,-0.335,0.005,False,False,False,False,v,False,NOAA CO-OPS 8720218 water_level datum=NAVD units=metric tz=gmt interval=6
2022-10-05 03:36:00+00:00,-0.328,0.005,False,False,False,False,v,False,NOAA CO-OPS 8720218 water_level datum=NAVD units=metric tz=gmt interval=6
2022-10-05 03:42:00+00:00,-0.313,0.007,False,False,False,False,v,False,NOAA CO-OPS 8720218 water_level datum=NAVD units=metric tz=gmt interval=6
2022-10-05 03:48:00+00:00,-0.307,0.008,False,False,False,False,v,False,NOAA CO-OPS 8720218 water_level datum=NAVD units=metric tz=gmt interval=6
2022-10-05 03:54:00+00:00,-0.287,0.007,False,False,False,False,v,False,NOAA CO-OPS 8720218 water_level datum=NAVD units=metric tz=gmt interval=6
2022-10-05 04:00:00+00:00,-0.268,0.006,False,False,False,False,v,False,NOAA CO-OPS 8720218 water_level datum=NAVD units=metric tz=gmt interval=6
2022-10-05 04:06:00+00:00,-0.236,0.006,False,False,False,False,v,False,NOAA CO-OPS 8720218 water_level datum=NAVD units=metric tz=gmt interval=6
2022-10-05 04:12:00+00:00,-0.215,0.007,False,False,False,False,v,False,NOAA CO-OPS 8720218 water_level datum=NAVD units=metric tz=gmt interval=6
2022-10-05 04:18:00+00:00,-0.192,0.011,False,False,False,False,v,False,NOAA CO-OPS 8720218 water_level datum=NAVD units=metric tz=gmt interval=6
2022-10-05 04:24:00+00:00,-0.166,0.009,False,False,False,False,v,False,NOAA CO-OPS 8720218 water_level datum=NAVD units=metric tz=gmt interval=6
2022-10-05 04:30:00+00:00,-0.135,0.007,False,False,False,False,v,False,NOAA CO-OPS 8720218 water_level datum=NAVD units=metric tz=gmt interval=6
2022-10-05 04:36:00+00:00,-0.109,0.006,False,False,False,False,v,False,NOAA CO-OPS 8720218 water_level datum=NAVD units=metric tz=gmt interval=6
2022-10-05 04:42:00+00:00,-0.077,0.006,False,False,False,False,v,False,NOAA CO-OPS 8720218 water_level datum=NAVD units=metric tz=gmt interval=6
2022-10-05 04:48:00+00:00,-0.042,0.006,False,False,False,False,v,False,NOAA CO-OPS 8720218 water_level datum=NAVD units=metric tz=gmt interval=6
2022-10-05 04:54:00+00:00,-0.009,0.005,False,False,False,False,v,False,NOAA CO-OPS 8720218 water_level datum=NAVD units=metric tz=gmt interval=6
2022-10-05 05:00:00+00:00,0.016,0.005,False,False,False,False,v,False,NOAA CO-OPS 8720218 water_level datum=NAVD units=metric tz=gmt interval=6
2022-10-05 05:06:00+00:00,0.044,0.006,False,False,False,False,v,False,NOAA CO-OPS 8720218 water_level datum=NAVD units=metric tz=gmt interval=6
2022-10-05 05:12:00+00:00,0.061,0.004,False,False,False,False,v,False,NOAA CO-OPS 8720218 water_level datum=NAVD units=metric tz=gmt interval=6
2022-10-05 05:18:00+00:00,0.078,0.005,False,False,False,False,v,False,NOAA CO-OPS 8720218 water_level datum=NAVD units=metric tz=gmt interval=6
2022-10-05 05:24:00+00:00,0.094,0.005,False,False,False,False,v,False,NOAA CO-OPS 8720218 water_level datum=NAVD units=metric tz=gmt interval=6
2022-10-05 05:30:00+00:00,0.117,0.005,False,False,False,False,v,False,NOAA CO-OPS 8720218 water_level datum=NAVD units=metric tz=gmt interval=6
2022-10-05 05:36:00+00:00,0.144,0.005,False,False,False,False,v,False,NOAA CO-OPS 8720218 water_level datum=NAVD units=metric tz=gmt interval=6
2022-10-05 05:42:00+00:00,0.173,0.005,False,False,False,False,v,False,NOAA CO-OPS 8720218 water_level datum=NAVD units=metric tz=gmt interval=6
2022-10-05 05:48:00+00:00,0.202,0.005,False,False,False,False,v,False,NOAA CO-OPS 8720218 water_level datum=NAVD units=metric tz=gmt interval=6
2022-10-05 05:54:00+00:00,0.227,0.005,False,False,False,False,v,False,NOAA CO-OPS 8720218 water_level datum=NAVD units=metric tz=gmt interval=6
2022-10-05 06:00:00+00:00,0.25,0.005,False,False,False,False,v,False,NOAA CO-OPS 8720218 water_level datum=NAVD units=metric tz=gmt interval=6
2022-10-05 06:06:00+00:00,0.272,0.005,False,False,False,False,v,False,NOAA CO-OPS 8720218 water_level datum=NAVD units=metric tz=gmt interval=6
2022-10-05 06:12:00+00:00,0.301,0.005,False,False,False,False,v,False,NOAA CO-OPS 8720218 water_level datum=NAVD units=metric tz=gmt interval=6
2022-10-05 06:18:00+00:00,0.33,0.005,False,False,False,False,v,False,NOAA CO-OPS 8720218 water_level datum=NAVD units=metric tz=gmt interval=6
2022-10-05 06:24:00+00:00,0.354,0.006,False,False,False,False,v,False,NOAA CO-OPS 8720218 water_level datum=NAVD units=metric tz=gmt interval=6
2022-10-05 06:30:00+00:00,0.377,0.006,False,False,False,False,v,False,NOAA CO-OPS 8720218 water_level datum=NAVD units=metric tz=gmt interval=6
2022-10-05 06:36:00+00:00,0.404,0.006,False,False,False,False,v,False,NOAA CO-OPS 8720218 water_level datum=NAVD units=metric tz=gmt interval=6
2022-10-05 06:42:00+00:00,0.436,0.006,False,False,False,False,v,False,NOAA CO-OPS 8720218 water_level datum=NAVD units=metric tz=gmt interval=6
2022-10-05 06:48:00+00:00,0.464,0.009,False,False,False,False,v,False,NOAA CO-OPS 8720218 water_level datum=NAVD units=metric tz=gmt interval=6
2022-10-05 06:54:00+00:00,0.49,0.008,False,False,False,False,v,False,NOAA CO-OPS 8720218 water_level datum=NAVD units=metric tz=gmt interval=6
2022-10-05 07:00:00+00:00,0.518,0.007,False,False,False,False,v,False,NOAA CO-OPS 8720218 water_level datum=NAVD units=metric tz=gmt interval=6
2022-10-05 07:06:00+00:00,0.541,0.009,False,False,False,False,v,False,NOAA CO-OPS 8720218 water_level datum=NAVD units=metric tz=gmt interval=6
2022-10-05 07:12:00+00:00,0.56,0.007,False,False,False,False,v,False,NOAA CO-OPS 8720218 water_level datum=NAVD units=metric tz=gmt interval=6
2022-10-05 07:18:00+00:00,0.58,0.006,False,False,False,False,v,False,NOAA CO-OPS 8720218 water_level datum=NAVD units=metric tz=gmt interval=6
2022-10-05 07:24:00+00:00,0.599,0.006,False,False,False,False,v,False,NOAA CO-OPS 8720218 water_level datum=NAVD units=metric tz=gmt interval=6
2022-10-05 07:30:00+00:00,0.623,0.007,False,False,False,False,v,False,NOAA CO-OPS 8720218 water_level datum=NAVD units=metric tz=gmt interval=6
2022-10-05 07:36:00+00:00,0.647,0.008,False,False,False,False,v,False,NOAA CO-OPS 8720218 water_level datum=NAVD units=metric tz=gmt interval=6
2022-10-05 07:42:00+00:00,0.666,0.007,False,False,False,False,v,False,NOAA CO-OPS 8720218 water_level datum=NAVD units=metric tz=gmt interval=6
2022-10-05 07:48:00+00:00,0.679,0.007,False,False,False,False,v,False,NOAA CO-OPS 8720218 water_level datum=NAVD units=metric tz=gmt interval=6
2022-10-05 07:54:00+00:00,0.698,0.009,False,False,False,False,v,False,NOAA CO-OPS 8720218 water_level datum=NAVD units=metric tz=gmt interval=6
2022-10-05 08:00:00+00:00,0.72,0.007,False,False,False,False,v,False,NOAA CO-OPS 8720218 water_level datum=NAVD units=metric tz=gmt interval=6
2022-10-05 08:06:00+00:00,0.739,0.008,False,False,False,False,v,False,NOAA CO-OPS 8720218 water_level datum=NAVD units=metric tz=gmt interval=6
2022-10-05 08:12:00+00:00,0.754,0.007,False,False,False,False,v,False,NOAA CO-OPS 8720218 water_level datum=NAVD units=metric tz=gmt interval=6
2022-10-05 08:18:00+00:00,0.761,0.007,False,False,False,False,v,False,NOAA CO-OPS 8720218 water_level datum=NAVD units=metric tz=gmt interval=6
2022-10-05 08:24:00+00:00,0.776,0.006,False,False,False,False,v,False,NOAA CO-OPS 8720218 water_level datum=NAVD units=metric tz=gmt interval=6
2022-10-05 08:30:00+00:00,0.797,0.008,False,False,False,False,v,False,NOAA CO-OPS 8720218 water_level datum=NAVD units=metric tz=gmt interval=6
2022-10-05 08:36:00+00:00,0.805,0.008,False,False,False,False,v,False,NOAA CO-OPS 8720218 water_level datum=NAVD units=metric tz=gmt interval=6
2022-10-05 08:42:00+00:00,0.82,0.005,False,False,False,False,v,False,NOAA CO-OPS 8720218 water_level datum=NAVD units=metric tz=gmt interval=6
2022-10-05 08:48:00+00:00,0.819,0.005,False,False,False,False,v,False,NOAA CO-OPS 8720218 water_level datum=NAVD units=metric tz=gmt interval=6
2022-10-05 08:54:00+00:00,0.834,0.006,False,False,False,False,v,False,NOAA CO-OPS 8720218 water_level datum=NAVD units=metric tz=gmt interval=6
2022-10-05 09:00:00+00:00,0.841,0.005,False,False,False,False,v,False,NOAA CO-OPS 8720218 water_level datum=NAVD units=metric tz=gmt interval=6
2022-10-05 09:06:00+00:00,0.852,0.006,False,False,False,False,v,False,NOAA CO-OPS 8720218 water_level datum=NAVD units=metric tz=gmt interval=6
2022-10-05 09:12:00+00:00,0.859,0.005,False,False,False,False,v,False,NOAA CO-OPS 8720218 water_level datum=NAVD units=metric tz=gmt interval=6
2022-10-05 09:18:00+00:00,0.857,0.006,False,False,False,False,v,False,NOAA CO-OPS 8720218 water_level datum=NAVD units=metric tz=gmt interval=6
2022-10-05 09:24:00+00:00,0.857,0.006,False,False,False,False,v,False,NOAA CO-OPS 8720218 water_level datum=NAVD units=metric tz=gmt interval=6
2022-10-05 09:30:00+00:00,0.859,0.007,False,False,False,False,v,False,NOAA CO-OPS 8720218 water_level datum=NAVD units=metric tz=gmt interval=6
2022-10-05 09:36:00+00:00,0.849,0.005,False,False,False,False,v,False,NOAA CO-OPS 8720218 water_level datum=NAVD units=metric tz=gmt interval=6
2022-10-05 09:42:00+00:00,0.843,0.006,False,False,False,False,v,False,NOAA CO-OPS 8720218 water_level datum=NAVD units=metric tz=gmt interval=6
2022-10-05 09:48:00+00:00,0.837,0.005,False,False,False,False,v,False,NOAA CO-OPS 8720218 water_level datum=NAVD units=metric tz=gmt interval=6
2022-10-05 09:54:00+00:00,0.834,0.005,False,False,False,False,v,False,NOAA CO-OPS 8720218 water_level datum=NAVD units=metric tz=gmt interval=6
2022-10-05 10:00:00+00:00,0.826,0.005,False,False,False,False,v,False,NOAA CO-OPS 8720218 water_level datum=NAVD units=metric tz=gmt interval=6
2022-10-05 10:06:00+00:00,0.815,0.006,False,False,False,False,v,False,NOAA CO-OPS 8720218 water_level datum=NAVD units=metric tz=gmt interval=6
2022-10-05 10:12:00+00:00,0.808,0.005,False,False,False,False,v,False,NOAA CO-OPS 8720218 water_level datum=NAVD units=metric tz=gmt interval=6
2022-10-05 10:18:00+00:00,0.793,0.005,False,False,False,False,v,False,NOAA CO-OPS 8720218 water_level datum=NAVD units=metric tz=gmt interval=6
2022-10-05 10:24:00+00:00,0.778,0.005,False,False,False,False,v,False,NOAA CO-OPS 8720218 water_level datum=NAVD units=metric tz=gmt interval=6
2022-10-05 10:30:00+00:00,0.754,0.006,False,False,False,False,v,False,NOAA CO-OPS 8720218 water_level datum=NAVD units=metric tz=gmt interval=6
2022-10-05 10:36:00+00:00,0.729,0.005,False,False,False,False,v,False,NOAA CO-OPS 8720218 water_level datum=NAVD units=metric tz=gmt interval=6
2022-10-05 10:42:00+00:00,0.71,0.006,False,False,False,False,v,False,NOAA CO-OPS 8720218 water_level datum=NAVD units=metric tz=gmt interval=6
2022-10-05 10:48:00+00:00,0.683,0.004,False,False,False,False,v,False,NOAA CO-OPS 8720218 water_level datum=NAVD units=metric tz=gmt interval=6
2022-10-05 10:54:00+00:00,0.656,0.006,False,False,False,False,v,False,NOAA CO-OPS 8720218 water_level datum=NAVD units=metric tz=gmt interval=6
2022-10-05 11:00:00+00:00,0.624,0.007,False,False,False,False,v,False,NOAA CO-OPS 8720218 water_level datum=NAVD units=metric tz=gmt interval=6
2022-10-05 11:06:00+00:00,0.595,0.006,False,False,False,False,v,False,NOAA CO-OPS 8720218 water_level datum=NAVD units=metric tz=gmt interval=6
2022-10-05 11:12:00+00:00,0.558,0.008,False,False,False,False,v,False,NOAA CO-OPS 8720218 water_level datum=NAVD units=metric tz=gmt interval=6
2022-10-05 11:18:00+00:00,0.515,0.009,False,False,False,False,v,False,NOAA CO-OPS 8720218 water_level datum=NAVD units=metric tz=gmt interval=6
2022-10-05 11:24:00+00:00,0.478,0.008,False,False,False,False,v,False,NOAA CO-OPS 8720218 water_level datum=NAVD units=metric tz=gmt interval=6
2022-10-05 11:30:00+00:00,0.446,0.013,False,False,False,False,v,False,NOAA CO-OPS 8720218 water_level datum=NAVD units=metric tz=gmt interval=6
2022-10-05 11:36:00+00:00,0.38,0.007,False,False,False,False,v,False,NOAA CO-OPS 8720218 water_level datum=NAVD units=metric tz=gmt interval=6
2022-10-05 11:42:00+00:00,0.358,0.009,False,False,False,False,v,False,NOAA CO-OPS 8720218 water_level datum=NAVD units=metric tz=gmt interval=6
2022-10-05 11:48:00+00:00,0.308,0.008,False,False,False,False,v,False,NOAA CO-OPS 8720218 water_level datum=NAVD units=metric tz=gmt interval=6
2022-10-05 11:54:00+00:00,0.274,0.009,False,False,False,False,v,False,NOAA CO-OPS 8720218 water_level datum=NAVD units=metric tz=gmt interval=6
2022-10-05 12:00:00+00:00,0.227,0.009,False,False,False,False,v,False,NOAA CO-OPS 8720218 water_level datum=NAVD units=metric tz=gmt interval=6
2022-10-05 12:06:00+00:00,0.187,0.005,False,False,False,False,v,False,NOAA CO-OPS 8720218 water_level datum=NAVD units=metric tz=gmt interval=6
2022-10-05 12:12:00+00:00,0.15,0.008,False,False,False,False,v,False,NOAA CO-OPS 8720218 water_level datum=NAVD units=metric tz=gmt interval=6
2022-10-05 12:18:00+00:00,0.11,0.007,False,False,False,False,v,False,NOAA CO-OPS 8720218 water_level datum=NAVD units=metric tz=gmt interval=6
2022-10-05 12:24:00+00:00,0.062,0.008,False,False,False,False,v,False,NOAA CO-OPS 8720218 water_level datum=NAVD units=metric tz=gmt interval=6
2022-10-05 12:30:00+00:00,0.029,0.006,False,False,False,False,v,False,NOAA CO-OPS 8720218 water_level datum=NAVD units=metric tz=gmt interval=6
2022-10-05 12:36:00+00:00,-0.012,0.008,False,False,False,False,v,False,NOAA CO-OPS 8720218 water_level datum=NAVD units=metric tz=gmt interval=6
2022-10-05 12:42:00+00:00,-0.058,0.006,False,False,False,False,v,False,NOAA CO-OPS 8720218 water_level datum=NAVD units=metric tz=gmt interval=6
2022-10-05 12:48:00+00:00,-0.088,0.006,False,False,False,False,v,False,NOAA CO-OPS 8720218 water_level datum=NAVD units=metric tz=gmt interval=6
2022-10-05 12:54:00+00:00,-0.124,0.006,False,False,False,False,v,False,NOAA CO-OPS 8720218 water_level datum=NAVD units=metric tz=gmt interval=6
2022-10-05 13:00:00+00:00,-0.153,0.006,False,False,False,False,v,False,NOAA CO-OPS 8720218 water_level datum=NAVD units=metric tz=gmt interval=6
2022-10-05 13:06:00+00:00,-0.187,0.005,False,False,False,False,v,False,NOAA CO-OPS 8720218 water_level datum=NAVD units=metric tz=gmt interval=6
2022-10-05 13:12:00+00:00,-0.229,0.008,False,False,False,False,v,False,NOAA CO-OPS 8720218 water_level datum=NAVD units=metric tz=gmt interval=6
2022-10-05 13:18:00+00:00,-0.248,0.005,False,False,False,False,v,False,NOAA CO-OPS 8720218 water_level datum=NAVD units=metric tz=gmt interval=6
2022-10-05 13:24:00+00:00,-0.269,0.008,False,False,False,False,v,False,NOAA CO-OPS 8720218 water_level datum=NAVD units=metric tz=gmt interval=6
2022-10-05 13:30:00+00:00,-0.295,0.005,False,False,False,False,v,False,NOAA CO-OPS 8720218 water_level datum=NAVD units=metric tz=gmt interval=6
2022-10-05 13:36:00+00:00,-0.311,0.009,False,False,False,False,v,False,NOAA CO-OPS 8720218 water_level datum=NAVD units=metric tz=gmt interval=6
2022-10-05 13:42:00+00:00,-0.34,0.008,False,False,False,False,v,False,NOAA CO-OPS 8720218 water_level datum=NAVD units=metric tz=gmt interval=6
2022-10-05 13:48:00+00:00,-0.364,0.007,False,False,False,False,v,False,NOAA CO-OPS 8720218 water_level datum=NAVD units=metric tz=gmt interval=6
2022-10-05 13:54:00+00:00,-0.383,0.006,False,False,False,False,v,False,NOAA CO-OPS 8720218 water_level datum=NAVD units=metric tz=gmt interval=6
2022-10-05 14:00:00+00:00,-0.404,0.006,False,False,False,False,v,False,NOAA CO-OPS 8720218 water_level datum=NAVD units=metric tz=gmt interval=6
2022-10-05 14:06:00+00:00,-0.421,0.008,False,False,False,False,v,False,NOAA CO-OPS 8720218 water_level datum=NAVD units=metric tz=gmt interval=6
2022-10-05 14:12:00+00:00,-0.427,0.005,False,False,False,False,v,False,NOAA CO-OPS 8720218 water_level datum=NAVD units=metric tz=gmt interval=6
2022-10-05 14:18:00+00:00,-0.438,0.008,False,False,False,False,v,False,NOAA CO-OPS 8720218 water_level datum=NAVD units=metric tz=gmt interval=6
2022-10-05 14:24:00+00:00,-0.434,0.011,False,False,False,False,v,False,NOAA CO-OPS 8720218 water_level datum=NAVD units=metric tz=gmt interval=6
2022-10-05 14:30:00+00:00,-0.439,0.008,False,False,False,False,v,False,NOAA CO-OPS 8720218 water_level datum=NAVD units=metric tz=gmt interval=6
2022-10-05 14:36:00+00:00,-0.45,0.006,False,False,False,False,v,False,NOAA CO-OPS 8720218 water_level datum=NAVD units=metric tz=gmt interval=6
2022-10-05 14:42:00+00:00,-0.454,0.005,False,False,False,False,v,False,NOAA CO-OPS 8720218 water_level datum=NAVD units=metric tz=gmt interval=6
2022-10-05 14:48:00+00:00,-0.469,0.006,False,False,False,False,v,False,NOAA CO-OPS 8720218 water_level datum=NAVD units=metric tz=gmt interval=6
2022-10-05 14:54:00+00:00,-0.469,0.006,False,False,False,False,v,False,NOAA CO-OPS 8720218 water_level datum=NAVD units=metric tz=gmt interval=6
2022-10-05 15:00:00+00:00,-0.467,0.006,False,False,False,False,v,False,NOAA CO-OPS 8720218 water_level datum=NAVD units=metric tz=gmt interval=6
2022-10-05 15:06:00+00:00,-0.464,0.005,False,False,False,False,v,False,NOAA CO-OPS 8720218 water_level datum=NAVD units=metric tz=gmt interval=6
2022-10-05 15:12:00+00:00,-0.461,0.005,False,False,False,False,v,False,NOAA CO-OPS 8720218 water_level datum=NAVD units=metric tz=gmt interval=6
2022-10-05 15:18:00+00:00,-0.455,0.007,False,False,False,False,v,False,NOAA CO-OPS 8720218 water_level datum=NAVD units=metric tz=gmt interval=6
2022-10-05 15:24:00+00:00,-0.431,0.006,False,False,False,False,v,False,NOAA CO-OPS 8720218 water_level datum=NAVD units=metric tz=gmt interval=6
2022-10-05 15:30:00+00:00,-0.446,0.015,False,False,False,False,v,False,NOAA CO-OPS 8720218 water_level datum=NAVD units=metric tz=gmt interval=6
2022-10-05 15:36:00+00:00,-0.419,0.018,False,False,False,False,v,False,NOAA CO-OPS 8720218 water_level datum=NAVD units=metric tz=gmt interval=6
2022-10-05 15:42:00+00:00,-0.412,0.013,False,False,False,False,v,False,NOAA CO-OPS 8720218 water_level datum=NAVD units=metric tz=gmt interval=6
2022-10-05 15:48:00+00:00,-0.397,0.015,False,False,False,False,v,False,NOAA CO-OPS 8720218 water_level datum=NAVD units=metric tz=gmt interval=6
2022-10-05 15:54:00+00:00,-0.378,0.012,False,False,False,False,v,False,NOAA CO-OPS 8720218 water_level datum=NAVD units=metric tz=gmt interval=6
2022-10-05 16:00:00+00:00,-0.356,0.008,False,False,False,False,v,False,NOAA CO-OPS 8720218 water_level datum=NAVD units=metric tz=gmt interval=6
2022-10-05 16:06:00+00:00,-0.335,0.007,False,False,False,False,v,False,NOAA CO-OPS 8720218 water_level datum=NAVD units=metric tz=gmt interval=6
2022-10-05 16:12:00+00:00,-0.321,0.006,False,False,False,False,v,False,NOAA CO-OPS 8720218 water_level datum=NAVD units=metric tz=gmt interval=6
2022-10-05 16:18:00+00:00,-0.306,0.006,False,False,False,False,v,False,NOAA CO-OPS 8720218 water_level datum=NAVD units=metric tz=gmt interval=6
2022-10-05 16:24:00+00:00,-0.279,0.006,False,False,False,False,v,False,NOAA CO-OPS 8720218 water_level datum=NAVD units=metric tz=gmt interval=6
2022-10-05 16:30:00+00:00,-0.246,0.006,False,False,False,False,v,False,NOAA CO-OPS 8720218 water_level datum=NAVD units=metric tz=gmt interval=6
2022-10-05 16:36:00+00:00,-0.219,0.008,False,False,False,False,v,False,NOAA CO-OPS 8720218 water_level datum=NAVD units=metric tz=gmt interval=6
2022-10-05 16:42:00+00:00,-0.193,0.005,False,False,False,False,v,False,NOAA CO-OPS 8720218 water_level datum=NAVD units=metric tz=gmt interval=6
2022-10-05 16:48:00+00:00,-0.176,0.009,False,False,False,False,v,False,NOAA CO-OPS 8720218 water_level datum=NAVD units=metric tz=gmt interval=6
2022-10-05 16:54:00+00:00,-0.153,0.007,False,False,False,False,v,False,NOAA CO-OPS 8720218 water_level datum=NAVD units=metric tz=gmt interval=6
2022-10-05 17:00:00+00:00,-0.122,0.007,False,False,False,False,v,False,NOAA CO-OPS 8720218 water_level datum=NAVD units=metric tz=gmt interval=6
2022-10-05 17:06:00+00:00,-0.081,0.005,False,False,False,False,v,False,NOAA CO-OPS 8720218 water_level datum=NAVD units=metric tz=gmt interval=6
2022-10-05 17:12:00+00:00,-0.042,0.005,False,False,False,False,v,False,NOAA CO-OPS 8720218 water_level datum=NAVD units=metric tz=gmt interval=6
2022-10-05 17:18:00+00:00,-0.011,0.007,False,False,False,False,v,False,NOAA CO-OPS 8720218 water_level datum=NAVD units=metric tz=gmt interval=6
2022-10-05 17:24:00+00:00,0.016,0.007,False,False,False,False,v,False,NOAA CO-OPS 8720218 water_level datum=NAVD units=metric tz=gmt interval=6
2022-10-05 17:30:00+00:00,0.046,0.005,False,False,False,False,v,False,NOAA CO-OPS 8720218 water_level datum=NAVD units=metric tz=gmt interval=6
2022-10-05 17:36:00+00:00,0.076,0.009,False,False,False,False,v,False,NOAA CO-OPS 8720218 water_level datum=NAVD units=metric tz=gmt interval=6
2022-10-05 17:42:00+00:00,0.109,0.006,False,False,False,False,v,False,NOAA CO-OPS 8720218 water_level datum=NAVD units=metric tz=gmt interval=6
2022-10-05 17:48:00+00:00,0.141,0.007,False,False,False,False,v,False,NOAA CO-OPS 8720218 water_level datum=NAVD units=metric tz=gmt interval=6
2022-10-05 17:54:00+00:00,0.175,0.006,False,False,False,False,v,False,NOAA CO-OPS 8720218 water_level datum=NAVD units=metric tz=gmt interval=6
2022-10-05 18:00:00+00:00,0.208,0.006,False,False,False,False,v,False,NOAA CO-OPS 8720218 water_level datum=NAVD units=metric tz=gmt interval=6
2022-10-05 18:06:00+00:00,0.243,0.005,False,False,False,False,v,False,NOAA CO-OPS 8720218 water_level datum=NAVD units=metric tz=gmt interval=6
2022-10-05 18:12:00+00:00,0.271,0.006,False,False,False,False,v,False,NOAA CO-OPS 8720218 water_level datum=NAVD units=metric tz=gmt interval=6
2022-10-05 18:18:00+00:00,0.304,0.007,False,False,False,False,v,False,NOAA CO-OPS 8720218 water_level datum=NAVD units=metric tz=gmt interval=6
2022-10-05 18:24:00+00:00,0.343,0.005,False,False,False,False,v,False,NOAA CO-OPS 8720218 water_level datum=NAVD units=metric tz=gmt interval=6
2022-10-05 18:30:00+00:00,0.369,0.006,False,False,False,False,v,False,NOAA CO-OPS 8720218 water_level datum=NAVD units=metric tz=gmt interval=6
2022-10-05 18:36:00+00:00,0.395,0.006,False,False,False,False,v,False,NOAA CO-OPS 8720218 water_level datum=NAVD units=metric tz=gmt interval=6
2022-10-05 18:42:00+00:00,0.427,0.006,False,False,False,False,v,False,NOAA CO-OPS 8720218 water_level datum=NAVD units=metric tz=gmt interval=6
2022-10-05 18:48:00+00:00,0.458,0.006,False,False,False,False,v,False,NOAA CO-OPS 8720218 water_level datum=NAVD units=metric tz=gmt interval=6
2022-10-05 18:54:00+00:00,0.481,0.008,False,False,False,False,v,False,NOAA CO-OPS 8720218 water_level datum=NAVD units=metric tz=gmt interval=6
2022-10-05 19:00:00+00:00,0.511,0.009,False,False,False,False,v,False,NOAA CO-OPS 8720218 water_level datum=NAVD units=metric tz=gmt interval=6
2022-10-05 19:06:00+00:00,0.543,0.009,False,False,False,False,v,False,NOAA CO-OPS 8720218 water_level datum=NAVD units=metric tz=gmt interval=6
2022-10-05 19:12:00+00:00,0.581,0.007,False,False,False,False,v,False,NOAA CO-OPS 8720218 water_level datum=NAVD units=metric tz=gmt interval=6
2022-10-05 19:18:00+00:00,0.605,0.005,False,False,False,False,v,False,NOAA CO-OPS 8720218 water_level datum=NAVD units=metric tz=gmt interval=6
2022-10-05 19:24:00+00:00,0.626,0.005,False,False,False,False,v,False,NOAA CO-OPS 8720218 water_level datum=NAVD units=metric tz=gmt interval=6
2022-10-05 19:30:00+00:00,0.646,0.009,False,False,False,False,v,False,NOAA CO-OPS 8720218 water_level datum=NAVD units=metric tz=gmt interval=6
2022-10-05 19:36:00+00:00,0.674,0.006,False,False,False,False,v,False,NOAA CO-OPS 8720218 water_level datum=NAVD units=metric tz=gmt interval=6
2022-10-05 19:42:00+00:00,0.7,0.005,False,False,False,False,v,False,NOAA CO-OPS 8720218 water_level datum=NAVD units=metric tz=gmt interval=6
2022-10-05 19:48:00+00:00,0.725,0.005,False,False,False,False,v,False,NOAA CO-OPS 8720218 water_level datum=NAVD units=metric tz=gmt interval=6
2022-10-05 19:54:00+00:00,0.749,0.005,False,False,False,False,v,False,NOAA CO-OPS 8720218 water_level datum=NAVD units=metric tz=gmt interval=6
2022-10-05 20:00:00+00:00,0.772,0.007,False,False,False,False,v,False,NOAA CO-OPS 8720218 water_level datum=NAVD units=metric tz=gmt interval=6
2022-10-05 20:06:00+00:00,0.804,0.011,False,False,False,False,v,False,NOAA CO-OPS 8720218 water_level datum=NAVD units=metric tz=gmt interval=6
2022-10-05 20:12:00+00:00,0.808,0.014,False,False,False,False,v,False,NOAA CO-OPS 8720218 water_level datum=NAVD units=metric tz=gmt interval=6
2022-10-05 20:18:00+00:00,0.849,0.007,False,False,False,False,v,False,NOAA CO-OPS 8720218 water_level datum=NAVD units=metric tz=gmt interval=6
2022-10-05 20:24:00+00:00,0.869,0.01,False,False,False,False,v,False,NOAA CO-OPS 8720218 water_level datum=NAVD units=metric tz=gmt interval=6
2022-10-05 20:30:00+00:00,0.884,0.009,False,False,False,False,v,False,NOAA CO-OPS 8720218 water_level datum=NAVD units=metric tz=gmt interval=6
2022-10-05 20:36:00+00:00,0.906,0.007,False,False,False,False,v,False,NOAA CO-OPS 8720218 water_level datum=NAVD units=metric tz=gmt interval=6
2022-10-05 20:42:00+00:00,0.925,0.007,False,False,False,False,v,False,NOAA CO-OPS 8720218 water_level datum=NAVD units=metric tz=gmt interval=6
2022-10-05 20:48:00+00:00,0.948,0.006,False,False,False,False,v,False,NOAA CO-OPS 8720218 water_level datum=NAVD units=metric tz=gmt interval=6
2022-10-05 20:54:00+00:00,0.967,0.007,False,False,False,False,v,False,NOAA CO-OPS 8720218 water_level datum=NAVD units=metric tz=gmt interval=6
2022-10-05 21:00:00+00:00,0.977,0.006,False,False,False,False,v,False,NOAA CO-OPS 8720218 water_level datum=NAVD units=metric tz=gmt interval=6
2022-10-05 21:06:00+00:00,0.994,0.007,False,False,False,False,v,False,NOAA CO-OPS 8720218 water_level datum=NAVD units=metric tz=gmt interval=6
2022-10-05 21:12:00+00:00,0.998,0.007,False,False,False,False,v,False,NOAA CO-OPS 8720218 water_level datum=NAVD units=metric tz=gmt interval=6
2022-10-05 21:18:00+00:00,1.015,0.007,False,False,False,False,v,False,NOAA CO-OPS 8720218 water_level datum=NAVD units=metric tz=gmt interval=6
2022-10-05 21:24:00+00:00,1.038,0.006,False,False,False,False,v,False,NOAA CO-OPS 8720218 water_level datum=NAVD units=metric tz=gmt interval=6
2022-10-05 21:30:00+00:00,1.044,0.007,False,False,False,False,v,False,NOAA CO-OPS 8720218 water_level datum=NAVD units=metric tz=gmt interval=6
2022-10-05 21:36:00+00:00,1.05,0.007,False,False,False,False,v,False,NOAA CO-OPS 8720218 water_level datum=NAVD units=metric tz=gmt interval=6
2022-10-05 21:42:00+00:00,1.06,0.006,False,False,False,False,v,False,NOAA CO-OPS 8720218 water_level datum=NAVD units=metric tz=gmt interval=6
2022-10-05 21:48:00+00:00,1.07,0.005,False,False,False,False,v,False,NOAA CO-OPS 8720218 water_level datum=NAVD units=metric tz=gmt interval=6
2022-10-05 21:54:00+00:00,1.076,0.005,False,False,False,False,v,False,NOAA CO-OPS 8720218 water_level datum=NAVD units=metric tz=gmt interval=6
2022-10-05 22:00:00+00:00,1.081,0.008,False,False,False,False,v,False,NOAA CO-OPS 8720218 water_level datum=NAVD units=metric tz=gmt interval=6
2022-10-05 22:06:00+00:00,1.078,0.008,False,False,False,False,v,False,NOAA CO-OPS 8720218 water_level datum=NAVD units=metric tz=gmt interval=6
2022-10-05 22:12:00+00:00,1.069,0.007,False,False,False,False,v,False,NOAA CO-OPS 8720218 water_level datum=NAVD units=metric tz=gmt interval=6
2022-10-05 22:18:00+00:00,1.069,0.005,False,False,False,False,v,False,NOAA CO-OPS 8720218 water_level datum=NAVD units=metric tz=gmt interval=6
2022-10-05 22:24:00+00:00,1.067,0.005,False,False,False,False,v,False,NOAA CO-OPS 8720218 water_level datum=NAVD units=metric tz=gmt interval=6
2022-10-05 22:30:00+00:00,1.064,0.006,False,False,False,False,v,False,NOAA CO-OPS 8720218 water_level datum=NAVD units=metric tz=gmt interval=6
2022-10-05 22:36:00+00:00,1.056,0.004,False,False,False,False,v,False,NOAA CO-OPS 8720218 water_level datum=NAVD units=metric tz=gmt interval=6
2022-10-05 22:42:00+00:00,1.044,0.005,False,False,False,False,v,False,NOAA CO-OPS 8720218 water_level datum=NAVD units=metric tz=gmt interval=6
2022-10-05 22:48:00+00:00,1.034,0.005,False,False,False,False,v,False,NOAA CO-OPS 8720218 water_level datum=NAVD units=metric tz=gmt interval=6
2022-10-05 22:54:00+00:00,1.016,0.005,False,False,False,False,v,False,NOAA CO-OPS 8720218 water_level datum=NAVD units=metric tz=gmt interval=6
2022-10-05 23:00:00+00:00,0.998,0.006,False,False,False,False,v,False,NOAA CO-OPS 8720218 water_level datum=NAVD units=metric tz=gmt interval=6
2022-10-05 23:06:00+00:00,0.975,0.006,False,False,False,False,v,False,NOAA CO-OPS 8720218 water_level datum=NAVD units=metric tz=gmt interval=6
2022-10-05 23:12:00+00:00,0.95,0.012,False,False,False,False,v,False,NOAA CO-OPS 8720218 water_level datum=NAVD units=metric tz=gmt interval=6
2022-10-05 23:18:00+00:00,0.92,0.009,False,False,False,False,v,False,NOAA CO-OPS 8720218 water_level datum=NAVD units=metric tz=gmt interval=6
2022-10-05 23:24:00+00:00,0.899,0.007,False,False,False,False,v,False,NOAA CO-OPS 8720218 water_level datum=NAVD units=metric tz=gmt interval=6
2022-10-05 23:30:00+00:00,0.872,0.01,False,False,False,False,v,False,NOAA CO-OPS 8720218 water_level datum=NAVD units=metric tz=gmt interval=6
2022-10-05 23:36:00+00:00,0.844,0.009,False,False,False,False,v,False,NOAA CO-OPS 8720218 water_level datum=NAVD units=metric tz=gmt interval=6
2022-10-05 23:42:00+00:00,0.814,0.007,False,False,False,False,v,False,NOAA CO-OPS 8720218 water_level datum=NAVD units=metric tz=gmt interval=6
2022-10-05 23:48:00+00:00,0.771,0.004,False,False,False,False,v,False,NOAA CO-OPS 8720218 water_level datum=NAVD units=metric tz=gmt interval=6
2022-10-05 23:54:00+00:00,0.734,0.007,False,False,False,False,v,False,NOAA CO-OPS 8720218 water_level datum=NAVD units=metric tz=gmt interval=6
2022-10-06 00:00:00+00:00,0.692,0.008,False,False,False,False,v,False,NOAA CO-OPS 8720218 water_level datum=NAVD units=metric tz=gmt interval=6
2022-10-06 00:06:00+00:00,0.652,0.006,False,False,False,False,v,False,NOAA CO-OPS 8720218 water_level datum=NAVD units=metric tz=gmt interval=6
2022-10-06 00:12:00+00:00,0.615,0.006,False,False,False,False,v,False,NOAA CO-OPS 8720218 water_level datum=NAVD units=metric tz=gmt interval=6
2022-10-06 00:18:00+00:00,0.573,0.007,False,False,False,False,v,False,NOAA CO-OPS 8720218 water_level datum=NAVD units=metric tz=gmt interval=6
2022-10-06 00:24:00+00:00,0.532,0.006,False,False,False,False,v,False,NOAA CO-OPS 8720218 water_level datum=NAVD units=metric tz=gmt interval=6
2022-10-06 00:30:00+00:00,0.485,0.007,False,False,False,False,v,False,NOAA CO-OPS 8720218 water_level datum=NAVD units=metric tz=gmt interval=6
2022-10-06 00:36:00+00:00,0.439,0.005,False,False,False,False,v,False,NOAA CO-OPS 8720218 water_level datum=NAVD units=metric tz=gmt interval=6
2022-10-06 00:42:00+00:00,0.408,0.005,False,False,False,False,v,False,NOAA CO-OPS 8720218 water_level datum=NAVD units=metric tz=gmt interval=6
2022-10-06 00:48:00+00:00,0.372,0.008,False,False,False,False,v,False,NOAA CO-OPS 8720218 water_level datum=NAVD units=metric tz=gmt interval=6
2022-10-06 00:54:00+00:00,0.325,0.009,False,False,False,False,v,False,NOAA CO-OPS 8720218 water_level datum=NAVD units=metric tz=gmt interval=6
2022-10-06 01:00:00+00:00,0.272,0.008,False,False,False,False,v,False,NOAA CO-OPS 8720218 water_level datum=NAVD units=metric tz=gmt interval=6
2022-10-06 01:06:00+00:00,0.217,0.006,False,False,False,False,v,False,NOAA CO-OPS 8720218 water_level datum=NAVD units=metric tz=gmt interval=6
2022-10-06 01:12:00+00:00,0.172,0.006,False,False,False,False,v,False,NOAA CO-OPS 8720218 water_level datum=NAVD units=metric tz=gmt interval=6
2022-10-06 01:18:00+00:00,0.135,0.008,False,False,False,False,v,False,NOAA CO-OPS 8720218 water_level datum=NAVD units=metric tz=gmt interval=6
2022-10-06 01:24:00+00:00,0.103,0.006,False,False,False,False,v,False,NOAA CO-OPS 8720218 water_level datum=NAVD units=metric tz=gmt interval=6
2022-10-06 01:30:00+00:00,0.064,0.007,False,False,False,False,v,False,NOAA CO-OPS 8720218 water_level datum=NAVD units=metric tz=gmt interval=6
2022-10-06 01:36:00+00:00,0.022,0.006,False,False,False,False,v,False,NOAA CO-OPS 8720218 water_level datum=NAVD units=metric tz=gmt interval=6
2022-10-06 01:42:00+00:00,-0.011,0.005,False,False,False,False,v,False,NOAA CO-OPS 8720218 water_level datum=NAVD units=metric tz=gmt interval=6
2022-10-06 01:48:00+00:00,-0.045,0.007,False,False,False,False,v,False,NOAA CO-OPS 8720218 water_level datum=NAVD units=metric tz=gmt interval=6
2022-10-06 01:54:00+00:00,-0.09,0.007,False,False,False,False,v,False,NOAA CO-OPS 8720218 water_level datum=NAVD units=metric tz=gmt interval=6
2022-10-06 02:00:00+00:00,-0.128,0.007,False,False,False,False,v,False,NOAA CO-OPS 8720218 water_level datum=NAVD units=metric tz=gmt interval=6
2022-10-06 02:06:00+00:00,-0.162,0.005,False,False,False,False,v,False,NOAA CO-OPS 8720218 water_level datum=NAVD units=metric tz=gmt interval=6
2022-10-06 02:12:00+00:00,-0.186,0.006,False,False,False,False,v,False,NOAA CO-OPS 8720218 water_level datum=NAVD units=metric tz=gmt interval=6
2022-10-06 02:18:00+00:00,-0.214,0.006,False,False,False,False,v,False,NOAA CO-OPS 8720218 water_level datum=NAVD units=metric tz=gmt interval=6
2022-10-06 02:24:00+00:00,-0.238,0.005,False,False,False,False,v,False,NOAA CO-OPS 8720218 water_level datum=NAVD units=metric tz=gmt interval=6
2022-10-06 02:30:00+00:00,-0.275,0.006,False,False,False,False,v,False,NOAA CO-OPS 8720218 water_level datum=NAVD units=metric tz=gmt interval=6
2022-10-06 02:36:00+00:00,-0.316,0.005,False,False,False,False,v,False,NOAA CO-OPS 8720218 water_level datum=NAVD units=metric tz=gmt interval=6
2022-10-06 02:42:00+00:00,-0.343,0.004,False,False,False,False,v,False,NOAA CO-OPS 8720218 water_level datum=NAVD units=metric tz=gmt interval=6
2022-10-06 02:48:00+00:00,-0.361,0.006,False,False,False,False,v,False,NOAA CO-OPS 8720218 water_level datum=NAVD units=metric tz=gmt interval=6
2022-10-06 02:54:00+00:00,-0.381,0.012,False,False,False,False,v,False,NOAA CO-OPS 8720218 water_level datum=NAVD units=metric tz=gmt interval=6
2022-10-06 03:00:00+00:00,-0.403,0.011,False,False,False,False,v,False,NOAA CO-OPS 8720218 water_level datum=NAVD units=metric tz=gmt interval=6
2022-10-06 03:06:00+00:00,-0.422,0.008,False,False,False,False,v,False,NOAA CO-OPS 8720218 water_level datum=NAVD units=metric tz=gmt interval=6
2022-10-06 03:12:00+00:00,-0.44,0.008,False,False,False,False,v,False,NOAA CO-OPS 8720218 water_level datum=NAVD units=metric tz=gmt interval=6
2022-10-06 03:18:00+00:00,-0.452,0.008,False,False,False,False,v,False,NOAA CO-OPS 8720218 water_level datum=NAVD units=metric tz=gmt interval=6
2022-10-06 03:24:00+00:00,-0.464,0.005,False,False,False,False,v,False,NOAA CO-OPS 8720218 water_level datum=NAVD units=metric tz=gmt interval=6
2022-10-06 03:30:00+00:00,-0.473,0.007,False,False,False,False,v,False,NOAA CO-OPS 8720218 water_level datum=NAVD units=metric tz=gmt interval=6
2022-10-06 03:36:00+00:00,-0.477,0.008,False,False,False,False,v,False,NOAA CO-OPS 8720218 water_level datum=NAVD units=metric tz=gmt interval=6
2022-10-06 03:42:00+00:00,-0.483,0.004,False,False,False,False,v,False,NOAA CO-OPS 8720218 water_level datum=NAVD units=metric tz=gmt interval=6
2022-10-06 03:48:00+00:00,-0.483,0.005,False,False,False,False,v,False,NOAA CO-OPS 8720218 water_level datum=NAVD units=metric tz=gmt interval=6
2022-10-06 03:54:00+00:00,-0.479,0.006,False,False,False,False,v,False,NOAA CO-OPS 8720218 water_level datum=NAVD units=metric tz=gmt interval=6
2022-10-06 04:00:00+00:00,-0.475,0.005,False,False,False,False,v,False,NOAA CO-OPS 8720218 water_level datum=NAVD units=metric tz=gmt interval=6
2022-10-06 04:06:00+00:00,-0.469,0.004,False,False,False,False,v,False,NOAA CO-OPS 8720218 water_level datum=NAVD units=metric tz=gmt interval=6
2022-10-06 04:12:00+00:00,-0.461,0.004,False,False,False,False,v,False,NOAA CO-OPS 8720218 water_level datum=NAVD units=metric tz=gmt interval=6
2022-10-06 04:18:00+00:00,-0.453,0.005,False,False,False,False,v,False,NOAA CO-OPS 8720218 water_level datum=NAVD units=metric tz=gmt interval=6
2022-10-06 04:24:00+00:00,-0.443,0.004,False,False,False,False,v,False,NOAA CO-OPS 8720218 water_level datum=NAVD units=metric tz=gmt interval=6
2022-10-06 04:30:00+00:00,-0.437,0.005,False,False,False,False,v,False,NOAA CO-OPS 8720218 water_level datum=NAVD units=metric tz=gmt interval=6
2022-10-06 04:36:00+00:00,-0.431,0.004,False,False,False,False,v,False,NOAA CO-OPS 8720218 water_level datum=NAVD units=metric tz=gmt interval=6
2022-10-06 04:42:00+00:00,-0.412,0.006,False,False,False,False,v,False,NOAA CO-OPS 8720218 water_level datum=NAVD units=metric tz=gmt interval=6
2022-10-06 04:48:00+00:00,-0.382,0.004,False,False,False,False,v,False,NOAA CO-OPS 8720218 water_level datum=NAVD units=metric tz=gmt interval=6
2022-10-06 04:54:00+00:00,-0.35,0.005,False,False,False,False,v,False,NOAA CO-OPS 8720218 water_level datum=NAVD units=metric tz=gmt interval=6
2022-10-06 05:00:00+00:00,-0.337,0.005,False,False,False,False,v,False,NOAA CO-OPS 8720218 water_level datum=NAVD units=metric tz=gmt interval=6
2022-10-06 05:06:00+00:00,-0.334,0.011,False,False,False,False,v,False,NOAA CO-OPS 8720218 water_level datum=NAVD units=metric tz=gmt interval=6
2022-10-06 05:12:00+00:00,-0.305,0.007,False,False,False,False,v,False,NOAA CO-OPS 8720218 water_level datum=NAVD units=metric tz=gmt interval=6
2022-10-06 05:18:00+00:00,-0.272,0.005,False,False,False,False,v,False,NOAA CO-OPS 8720218 water_level datum=NAVD units=metric tz=gmt interval=6
2022-10-06 05:24:00+00:00,-0.247,0.005,False,False,False,False,v,False,NOAA CO-OPS 8720218 water_level datum=NAVD units=metric tz=gmt interval=6
2022-10-06 05:30:00+00:00,-0.211,0.012,False,False,False,False,v,False,NOAA CO-OPS 8720218 water_level datum=NAVD units=metric tz=gmt interval=6
2022-10-06 05:36:00+00:00,-0.167,0.006,False,False,False,False,v,False,NOAA CO-OPS 8720218 water_level datum=NAVD units=metric tz=gmt interval=6
2022-10-06 05:42:00+00:00,-0.145,0.006,False,False,False,False,v,False,NOAA CO-OPS 8720218 water_level datum=NAVD units=metric tz=gmt interval=6
2022-10-06 05:48:00+00:00,-0.108,0.01,False,False,False,False,v,False,NOAA CO-OPS 8720218 water_level datum=NAVD units=metric tz=gmt interval=6
2022-10-06 05:54:00+00:00,-0.081,0.008,False,False,False,False,v,False,NOAA CO-OPS 8720218 water_level datum=NAVD units=metric tz=gmt interval=6
2022-10-06 06:00:00+00:00,-0.055,0.005,False,False,False,False,v,False,NOAA CO-OPS 8720218 water_level datum=NAVD units=metric tz=gmt interval=6
2022-10-06 06:06:00+00:00,-0.026,0.006,False,False,False,False,v,False,NOAA CO-OPS 8720218 water_level datum=NAVD units=metric tz=gmt interval=6
2022-10-06 06:12:00+00:00,0.018,0.004,False,False,False,False,v,False,NOAA CO-OPS 8720218 water_level datum=NAVD units=metric tz=gmt interval=6
2022-10-06 06:18:00+00:00,0.043,0.007,False,False,False,False,v,False,NOAA CO-OPS 8720218 water_level datum=NAVD units=metric tz=gmt interval=6
2022-10-06 06:24:00+00:00,0.073,0.006,False,False,False,False,v,False,NOAA CO-OPS 8720218 water_level datum=NAVD units=metric tz=gmt interval=6
2022-10-06 06:30:00+00:00,0.103,0.006,False,False,False,False,v,False,NOAA CO-OPS 8720218 water_level datum=NAVD units=metric tz=gmt interval=6
2022-10-06 06:36:00+00:00,0.138,0.006,False,False,False,False,v,False,NOAA CO-OPS 8720218 water_level datum=NAVD units=metric tz=gmt interval=6
2022-10-06 06:42:00+00:00,0.188,0.011,False,False,False,False,v,False,NOAA CO-OPS 8720218 water_level datum=NAVD units=metric tz=gmt interval=6
2022-10-06 06:48:00+00:00,0.184,0.008,False,False,False,False,v,False,NOAA CO-OPS 8720218 water_level datum=NAVD units=metric tz=gmt interval=6
2022-10-06 06:54:00+00:00,0.242,0.013,False,False,False,False,v,False,NOAA CO-OPS 8720218 water_level datum=NAVD units=metric tz=gmt interval=6
2022-10-06 07:00:00+00:00,0.254,0.005,False,False,False,False,v,False,NOAA CO-OPS 8720218 water_level datum=NAVD units=metric tz=gmt interval=6
2022-10-06 07:06:00+00:00,0.278,0.009,False,False,False,False,v,False,NOAA CO-OPS 8720218 water_level datum=NAVD units=metric tz=gmt interval=6
2022-10-06 07:12:00+00:00,0.313,0.005,False,False,False,False,v,False,NOAA CO-OPS 8720218 water_level datum=NAVD units=metric tz=gmt interval=6
2022-10-06 07:18:00+00:00,0.308,0.024,False,False,False,False,v,False,NOAA CO-OPS 8720218 water_level datum=NAVD units=metric tz=gmt interval=6
2022-10-06 07:24:00+00:00,0.379,0.008,False,False,False,False,v,False,NOAA CO-OPS 8720218 water_level datum=NAVD units=metric tz=gmt interval=6
2022-10-06 07:30:00+00:00,0.41,0.005,False,False,False,False,v,False,NOAA CO-OPS 8720218 water_level datum=NAVD units=metric tz=gmt interval=6
2022-10-06 07:36:00+00:00,0.437,0.005,False,False,False,False,v,False,NOAA CO-OPS 8720218 water_level datum=NAVD units=metric tz=gmt interval=6
2022-10-06 07:42:00+00:00,0.463,0.004,False,False,False,False,v,False,NOAA CO-OPS 8720218 water_level datum=NAVD units=metric tz=gmt interval=6
2022-10-06 07:48:00+00:00,0.489,0.005,False,False,False,False,v,False,NOAA CO-OPS 8720218 water_level datum=NAVD units=metric tz=gmt interval=6
2022-10-06 07:54:00+00:00,0.519,0.005,False,False,False,False,v,False,NOAA CO-OPS 8720218 water_level datum=NAVD units=metric tz=gmt interval=6
2022-10-06 08:00:00+00:00,0.554,0.007,False,False,False,False,v,False,NOAA CO-OPS 8720218 water_level datum=NAVD units=metric tz=gmt interval=6
2022-10-06 08:06:00+00:00,0.579,0.005,False,False,False,False,v,False,NOAA CO-OPS 8720218 water_level datum=NAVD units=metric tz=gmt interval=6
2022-10-06 08:12:00+00:00,0.599,0.009,False,False,False,False,v,False,NOAA CO-OPS 8720218 water_level datum=NAVD units=metric tz=gmt interval=6
2022-10-06 08:18:00+00:00,0.636,0.012,False,False,False,False,v,False,NOAA CO-OPS 8720218 water_level datum=NAVD units=metric tz=gmt interval=6
2022-10-06 08:24:00+00:00,0.63,0.016,False,False,False,False,v,False,NOAA CO-OPS 8720218 water_level datum=NAVD units=metric tz=gmt interval=6
2022-10-06 08:30:00+00:00,0.659,0.008,False,False,False,False,v,False,NOAA CO-OPS 8720218 water_level datum=NAVD units=metric tz=gmt interval=6
2022-10-06 08:36:00+00:00,0.686,0.005,False,False,False,False,v,False,NOAA CO-OPS 8720218 water_level datum=NAVD units=metric tz=gmt interval=6
2022-10-06 08:42:00+00:00,0.7,0.004,False,False,False,False,v,False,NOAA CO-OPS 8720218 water_level datum=NAVD units=metric tz=gmt interval=6
2022-10-06 08:48:00+00:00,0.72,0.004,False,False,False,False,v,False,NOAA CO-OPS 8720218 water_level datum=NAVD units=metric tz=gmt interval=6
2022-10-06 08:54:00+00:00,0.744,0.003,False,False,False,False,v,False,NOAA CO-OPS 8720218 water_level datum=NAVD units=metric tz=gmt interval=6
2022-10-06 09:00:00+00:00,0.758,0.004,False,False,False,False,v,False,NOAA CO-OPS 8720218 water_level datum=NAVD units=metric tz=gmt interval=6
2022-10-06 09:06:00+00:00,0.779,0.003,False,False,False,False,v,False,NOAA CO-OPS 8720218 water_level datum=NAVD units=metric tz=gmt interval=6
2022-10-06 09:12:00+00:00,0.791,0.005,False,False,False,False,v,False,NOAA CO-OPS 8720218 water_level datum=NAVD units=metric tz=gmt interval=6
2022-10-06 09:18:00+00:00,0.81,0.006,False,False,False,False,v,False,NOAA CO-OPS 8720218 water_level datum=NAVD units=metric tz=gmt interval=6
2022-10-06 09:24:00+00:00,0.824,0.005,False,False,False,False,v,False,NOAA CO-OPS 8720218 water_level datum=NAVD units=metric tz=gmt interval=6
2022-10-06 09:30:00+00:00,0.838,0.006,False,False,False,False,v,False,NOAA CO-OPS 8720218 water_level datum=NAVD units=metric tz=gmt interval=6
2022-10-06 09:36:00+00:00,0.855,0.007,False,False,False,False,v,False,NOAA CO-OPS 8720218 water_level datum=NAVD units=metric tz=gmt interval=6
2022-10-06 09:42:00+00:00,0.865,0.007,False,False,False,False,v,False,NOAA CO-OPS 8720218 water_level datum=NAVD units=metric tz=gmt interval=6
2022-10-06 09:48:00+00:00,0.872,0.006,False,False,False,False,v,False,NOAA CO-OPS 8720218 water_level datum=NAVD units=metric tz=gmt interval=6
2022-10-06 09:54:00+00:00,0.883,0.006,False,False,False,False,v,False,NOAA CO-OPS 8720218 water_level datum=NAVD units=metric tz=gmt interval=6
2022-10-06 10:00:00+00:00,0.891,0.005,False,False,False,False,v,False,NOAA CO-OPS 8720218 water_level datum=NAVD units=metric tz=gmt interval=6
2022-10-06 10:06:00+00:00,0.899,0.006,False,False,False,False,v,False,NOAA CO-OPS 8720218 water_level datum=NAVD units=metric tz=gmt interval=6
2022-10-06 10:12:00+00:00,0.906,0.006,False,False,False,False,v,False,NOAA CO-OPS 8720218 water_level datum=NAVD units=metric tz=gmt interval=6
2022-10-06 10:18:00+00:00,0.91,0.004,False,False,False,False,v,False,NOAA CO-OPS 8720218 water_level datum=NAVD units=metric tz=gmt interval=6
2022-10-06 10:24:00+00:00,0.915,0.004,False,False,False,False,v,False,NOAA CO-OPS 8720218 water_level datum=NAVD units=metric tz=gmt interval=6
2022-10-06 10:30:00+00:00,0.912,0.003,False,False,False,False,v,False,NOAA CO-OPS 8720218 water_level datum=NAVD units=metric tz=gmt interval=6
2022-10-06 10:36:00+00:00,0.909,0.005,False,False,False,False,v,False,NOAA CO-OPS 8720218 water_level datum=NAVD units=metric tz=gmt interval=6
2022-10-06 10:42:00+00:00,0.901,0.004,False,False,False,False,v,False,NOAA CO-OPS 8720218 water_level datum=NAVD units=metric tz=gmt interval=6
2022-10-06 10:48:00+00:00,0.889,0.003,False,False,False,False,v,False,NOAA CO-OPS 8720218 water_level datum=NAVD units=metric tz=gmt interval=6
2022-10-06 10:54:00+00:00,0.877,0.003,False,False,False,False,v,False,NOAA CO-OPS 8720218 water_level datum=NAVD units=metric tz=gmt interval=6
2022-10-06 11:00:00+00:00,0.873,0.003,False,False,False,False,v,False,NOAA CO-OPS 8720218 water_level datum=NAVD units=metric tz=gmt interval=6
2022-10-06 11:06:00+00:00,0.866,0.004,False,False,False,False,v,False,NOAA CO-OPS 8720218 water_level datum=NAVD units=metric tz=gmt interval=6
2022-10-06 11:12:00+00:00,0.856,0.004,False,False,False,False,v,False,NOAA CO-OPS 8720218 water_level datum=NAVD units=metric tz=gmt interval=6
2022-10-06 11:18:00+00:00,0.838,0.007,False,False,False,False,v,False,NOAA CO-OPS 8720218 water_level datum=NAVD units=metric tz=gmt interval=6
2022-10-06 11:24:00+00:00,0.834,0.016,False,False,False,False,v,False,NOAA CO-OPS 8720218 water_level datum=NAVD units=metric tz=gmt interval=6
2022-10-06 11:30:00+00:00,0.774,0.019,False,False,False,False,v,False,NOAA CO-OPS 8720218 water_level datum=NAVD units=metric tz=gmt interval=6
2022-10-06 11:36:00+00:00,0.771,0.011,False,False,False,False,v,False,NOAA CO-OPS 8720218 water_level datum=NAVD units=metric tz=gmt interval=6
2022-10-06 11:42:00+00:00,0.744,0.012,False,False,False,False,v,False,NOAA CO-OPS 8720218 water_level datum=NAVD units=metric tz=gmt interval=6
2022-10-06 11:48:00+00:00,0.719,0.009,False,False,False,False,v,False,NOAA CO-OPS 8720218 water_level datum=NAVD units=metric tz=gmt interval=6
2022-10-06 11:54:00+00:00,0.69,0.006,False,False,False,False,v,False,NOAA CO-OPS 8720218 water_level datum=NAVD units=metric tz=gmt interval=6
2022-10-06 12:00:00+00:00,0.657,0.014,False,False,False,False,v,False,NOAA CO-OPS 8720218 water_level datum=NAVD units=metric tz=gmt interval=6
2022-10-06 12:06:00+00:00,0.627,0.007,False,False,False,False,v,False,NOAA CO-OPS 8720218 water_level datum=NAVD units=metric tz=gmt interval=6
2022-10-06 12:12:00+00:00,0.589,0.01,False,False,False,False,v,False,NOAA CO-OPS 8720218 water_level datum=NAVD units=metric tz=gmt interval=6
2022-10-06 12:18:00+00:00,0.549,0.008,False,False,False,False,v,False,NOAA CO-OPS 8720218 water_level datum=NAVD units=metric tz=gmt interval=6
2022-10-06 12:24:00+00:00,0.502,0.005,False,False,False,False,v,False,NOAA CO-OPS 8720218 water_level datum=NAVD units=metric tz=gmt interval=6
2022-10-06 12:30:00+00:00,0.454,0.009,False,False,False,False,v,False,NOAA CO-OPS 8720218 water_level datum=NAVD units=metric tz=gmt interval=6
2022-10-06 12:36:00+00:00,0.402,0.004,False,False,False,False,v,False,NOAA CO-OPS 8720218 water_level datum=NAVD units=metric tz=gmt interval=6
2022-10-06 12:42:00+00:00,0.362,0.007,False,False,False,False,v,False,NOAA CO-OPS 8720218 water_level datum=NAVD units=metric tz=gmt interval=6
2022-10-06 12:48:00+00:00,0.32,0.008,False,False,False,False,v,False,NOAA CO-OPS 8720218 water_level datum=NAVD units=metric tz=gmt interval=6
2022-10-06 12:54:00+00:00,0.266,0.007,False,False,False,False,v,False,NOAA CO-OPS 8720218 water_level datum=NAVD units=metric tz=gmt interval=6
2022-10-06 13:00:00+00:00,0.218,0.007,False,False,False,False,v,False,NOAA CO-OPS 8720218 water_level datum=NAVD units=metric tz=gmt interval=6
2022-10-06 13:06:00+00:00,0.184,0.007,False,False,False,False,v,False,NOAA CO-OPS 8720218 water_level datum=NAVD units=metric tz=gmt interval=6
2022-10-06 13:12:00+00:00,0.144,0.006,False,False,False,False,v,False,NOAA CO-OPS 8720218 water_level datum=NAVD units=metric tz=gmt interval=6
2022-10-06 13:18:00+00:00,0.104,0.008,False,False,False,False,v,False,NOAA CO-OPS 8720218 water_level datum=NAVD units=metric tz=gmt interval=6
2022-10-06 13:24:00+00:00,0.06,0.01,False,False,False,False,v,False,NOAA CO-OPS 8720218 water_level datum=NAVD units=metric tz=gmt interval=6
2022-10-06 13:30:00+00:00,0.012,0.01,False,False,False,False,v,False,NOAA CO-OPS 8720218 water_level datum=NAVD units=metric tz=gmt interval=6
2022-10-06 13:36:00+00:00,-0.022,0.009,False,False,False,False,v,False,NOAA CO-OPS 8720218 water_level datum=NAVD units=metric tz=gmt interval=6
2022-10-06 13:42:00+00:00,-0.059,0.007,False,False,False,False,v,False,NOAA CO-OPS 8720218 water_level datum=NAVD units=metric tz=gmt interval=6
2022-10-06 13:48:00+00:00,-0.093,0.01,False,False,False,False,v,False,NOAA CO-OPS 8720218 water_level datum=NAVD units=metric tz=gmt interval=6
2022-10-06 13:54:00+00:00,-0.124,0.008,False,False,False,False,v,False,NOAA CO-OPS 8720218 water_level datum=NAVD units=metric tz=gmt interval=6
2022-10-06 14:00:00+00:00,-0.158,0.006,False,False,False,False,v,False,NOAA CO-OPS 8720218 water_level datum=NAVD units=metric tz=gmt interval=6
2022-10-06 14:06:00+00:00,-0.183,0.006,False,False,False,False,v,False,NOAA CO-OPS 8720218 water_level datum=NAVD units=metric tz=gmt interval=6
2022-10-06 14:12:00+00:00,-0.211,0.008,False,False,False,False,v,False,NOAA CO-OPS 8720218 water_level datum=NAVD units=metric tz=gmt interval=6
2022-10-06 14:18:00+00:00,-0.246,0.005,False,False,False,False,v,False,NOAA CO-OPS 8720218 water_level datum=NAVD units=metric tz=gmt interval=6
2022-10-06 14:24:00+00:00,-0.276,0.015,False,False,False,False,v,False,NOAA CO-OPS 8720218 water_level datum=NAVD units=metric tz=gmt interval=6
2022-10-06 14:30:00+00:00,-0.315,0.009,False,False,False,False,v,False,NOAA CO-OPS 8720218 water_level datum=NAVD units=metric tz=gmt interval=6
2022-10-06 14:36:00+00:00,-0.337,0.006,False,False,False,False,v,False,NOAA CO-OPS 8720218 water_level datum=NAVD units=metric tz=gmt interval=6
2022-10-06 14:42:00+00:00,-0.37,0.006,False,False,False,False,v,False,NOAA CO-OPS 8720218 water_level datum=NAVD units=metric tz=gmt interval=6
2022-10-06 14:48:00+00:00,-0.385,0.006,False,False,False,False,v,False,NOAA CO-OPS 8720218 water_level datum=NAVD units=metric tz=gmt interval=6
2022-10-06 14:54:00+00:00,-0.436,0.007,False,False,False,False,v,False,NOAA CO-OPS 8720218 water_level datum=NAVD units=metric tz=gmt interval=6
2022-10-06 15:00:00+00:00,-0.428,0.005,False,False,False,False,v,False,NOAA CO-OPS 8720218 water_level datum=NAVD units=metric tz=gmt interval=6
2022-10-06 15:06:00+00:00,-0.446,0.006,False,False,False,False,v,False,NOAA CO-OPS 8720218 water_level datum=NAVD units=metric tz=gmt interval=6
2022-10-06 15:12:00+00:00,-0.467,0.009,False,False,False,False,v,False,NOAA CO-OPS 8720218 water_level datum=NAVD units=metric tz=gmt interval=6
2022-10-06 15:18:00+00:00,-0.477,0.007,False,False,False,False,v,False,NOAA CO-OPS 8720218 water_level datum=NAVD units=metric tz=gmt interval=6
2022-10-06 15:24:00+00:00,-0.484,0.01,False,False,False,False,v,False,NOAA CO-OPS 8720218 water_level datum=NAVD units=metric tz=gmt interval=6
2022-10-06 15:30:00+00:00,-0.492,0.007,False,False,False,False,v,False,NOAA CO-OPS 8720218 water_level datum=NAVD units=metric tz=gmt interval=6
2022-10-06 15:36:00+00:00,-0.499,0.005,False,False,False,False,v,False,NOAA CO-OPS 8720218 water_level datum=NAVD units=metric tz=gmt interval=6
2022-10-06 15:42:00+00:00,-0.516,0.005,False,False,False,False,v,False,NOAA CO-OPS 8720218 water_level datum=NAVD units=metric tz=gmt interval=6
2022-10-06 15:48:00+00:00,-0.529,0.013,False,False,False,False,v,False,NOAA CO-OPS 8720218 water_level datum=NAVD units=metric tz=gmt interval=6
2022-10-06 15:54:00+00:00,-0.532,0.007,False,False,False,False,v,False,NOAA CO-OPS 8720218 water_level datum=NAVD units=metric tz=gmt interval=6
2022-10-06 16:00:00+00:00,-0.53,0.011,False,False,False,False,v,False,NOAA CO-OPS 8720218 water_level datum=NAVD units=metric tz=gmt interval=6
2022-10-06 16:06:00+00:00,-0.526,0.007,False,False,False,False,v,False,NOAA CO-OPS 8720218 water_level datum=NAVD units=metric tz=gmt interval=6
2022-10-06 16:12:00+00:00,-0.521,0.008,False,False,False,False,v,False,NOAA CO-OPS 8720218 water_level datum=NAVD units=metric tz=gmt interval=6
2022-10-06 16:18:00+00:00,-0.525,0.008,False,False,False,False,v,False,NOAA CO-OPS 8720218 water_level datum=NAVD units=metric tz=gmt interval=6
2022-10-06 16:24:00+00:00,-0.522,0.004,False,False,False,False,v,False,NOAA CO-OPS 8720218 water_level datum=NAVD units=metric tz=gmt interval=6
2022-10-06 16:30:00+00:00,-0.514,0.006,False,False,False,False,v,False,NOAA CO-OPS 8720218 water_level datum=NAVD units=metric tz=gmt interval=6
2022-10-06 16:36:00+00:00,-0.501,0.006,False,False,False,False,v,False,NOAA CO-OPS 8720218 water_level datum=NAVD units=metric tz=gmt interval=6
2022-10-06 16:42:00+00:00,-0.491,0.006,False,False,False,False,v,False,NOAA CO-OPS 8720218 water_level datum=NAVD units=metric tz=gmt interval=6
2022-10-06 16:48:00+00:00,-0.484,0.006,False,False,False,False,v,False,NOAA CO-OPS 8720218 water_level datum=NAVD units=metric tz=gmt interval=6
2022-10-06 16:54:00+00:00,-0.468,0.005,False,False,False,False,v,False,NOAA CO-OPS 8720218 water_level datum=NAVD units=metric tz=gmt interval=6
2022-10-06 17:00:00+00:00,-0.453,0.004,False,False,False,False,v,False,NOAA CO-OPS 8720218 water_level datum=NAVD units=metric tz=gmt interval=6
2022-10-06 17:06:00+00:00,-0.428,0.005,False,False,False,False,v,False,NOAA CO-OPS 8720218 water_level datum=NAVD units=metric tz=gmt interval=6
2022-10-06 17:12:00+00:00,-0.404,0.005,False,False,False,False,v,False,NOAA CO-OPS 8720218 water_level datum=NAVD units=metric tz=gmt interval=6
2022-10-06 17:18:00+00:00,-0.382,0.005,False,False,False,False,v,False,NOAA CO-OPS 8720218 water_level datum=NAVD units=metric tz=gmt interval=6
2022-10-06 17:24:00+00:00,-0.35,0.008,False,False,False,False,v,False,NOAA CO-OPS 8720218 water_level datum=NAVD units=metric tz=gmt interval=6
2022-10-06 17:30:00+00:00,-0.326,0.017,False,False,False,False,v,False,NOAA CO-OPS 8720218 water_level datum=NAVD units=metric tz=gmt interval=6
2022-10-06 17:36:00+00:00,-0.299,0.009,False,False,False,False,v,False,NOAA CO-OPS 8720218 water_level datum=NAVD units=metric tz=gmt interval=6
2022-10-06 17:42:00+00:00,-0.265,0.005,False,False,False,False,v,False,NOAA CO-OPS 8720218 water_level datum=NAVD units=metric tz=gmt interval=6
2022-10-06 17:48:00+00:00,-0.228,0.004,False,False,False,False,v,False,NOAA CO-OPS 8720218 water_level datum=NAVD units=metric tz=gmt interval=6
2022-10-06 17:54:00+00:00,-0.194,0.007,False,False,False,False,v,False,NOAA CO-OPS 8720218 water_level datum=NAVD units=metric tz=gmt interval=6
2022-10-06 18:00:00+00:00,-0.161,0.005,False,False,False,False,v,False,NOAA CO-OPS 8720218 water_level datum=NAVD units=metric tz=gmt interval=6
2022-10-06 18:06:00+00:00,-0.131,0.009,False,False,False,False,v,False,NOAA CO-OPS 8720218 water_level datum=NAVD units=metric tz=gmt interval=6
2022-10-06 18:12:00+00:00,-0.088,0.005,False,False,False,False,v,False,NOAA CO-OPS 8720218 water_level datum=NAVD units=metric tz=gmt interval=6
2022-10-06 18:18:00+00:00,-0.059,0.007,False,False,False,False,v,False,NOAA CO-OPS 8720218 water_level datum=NAVD units=metric tz=gmt interval=6
2022-10-06 18:24:00+00:00,-0.03,0.006,False,False,False,False,v,False,NOAA CO-OPS 8720218 water_level datum=NAVD units=metric tz=gmt interval=6
2022-10-06 18:30:00+00:00,0.011,0.006,False,False,False,False,v,False,NOAA CO-OPS 8720218 water_level datum=NAVD units=metric tz=gmt interval=6
2022-10-06 18:36:00+00:00,0.046,0.01,False,False,False,False,v,False,NOAA CO-OPS 8720218 water_level datum=NAVD units=metric tz=gmt interval=6
2022-10-06 18:42:00+00:00,0.075,0.007,False,False,False,False,v,False,NOAA CO-OPS 8720218 water_level datum=NAVD units=metric tz=gmt interval=6
2022-10-06 18:48:00+00:00,0.106,0.005,False,False,False,False,v,False,NOAA CO-OPS 8720218 water_level datum=NAVD units=metric tz=gmt interval=6
2022-10-06 18:54:00+00:00,0.139,0.005,False,False,False,False,v,False,NOAA CO-OPS 8720218 water_level datum=NAVD units=metric tz=gmt interval=6
2022-10-06 19:00:00+00:00,0.168,0.004,False,False,False,False,v,False,NOAA CO-OPS 8720218 water_level datum=NAVD units=metric tz=gmt interval=6
2022-10-06 19:06:00+00:00,0.196,0.005,False,False,False,False,v,False,NOAA CO-OPS 8720218 water_level datum=NAVD units=metric tz=gmt interval=6
2022-10-06 19:12:00+00:00,0.222,0.004,False,False,False,False,v,False,NOAA CO-OPS 8720218 water_level datum=NAVD units=metric tz=gmt interval=6
2022-10-06 19:18:00+00:00,0.25,0.005,False,False,False,False,v,False,NOAA CO-OPS 8720218 water_level datum=NAVD units=metric tz=gmt interval=6
2022-10-06 19:24:00+00:00,0.286,0.005,False,False,False,False,v,False,NOAA CO-OPS 8720218 water_level datum=NAVD units=metric tz=gmt interval=6
2022-10-06 19:30:00+00:00,0.324,0.007,False,False,False,False,v,False,NOAA CO-OPS 8720218 water_level datum=NAVD units=metric tz=gmt interval=6
2022-10-06 19:36:00+00:00,0.364,0.005,False,False,False,False,v,False,NOAA CO-OPS 8720218 water_level datum=NAVD units=metric tz=gmt interval=6
2022-10-06 19:42:00+00:00,0.396,0.004,False,False,False,False,v,False,NOAA CO-OPS 8720218 water_level datum=NAVD units=metric tz=gmt interval=6
2022-10-06 19:48:00+00:00,0.427,0.005,False,False,False,False,v,False,NOAA CO-OPS 8720218 water_level datum=NAVD units=metric tz=gmt interval=6
2022-10-06 19:54:00+00:00,0.463,0.006,False,False,False,False,v,False,NOAA CO-OPS 8720218 water_level datum=NAVD units=metric tz=gmt interval=6
2022-10-06 20:00:00+00:00,0.493,0.006,False,False,False,False,v,False,NOAA CO-OPS 8720218 water_level datum=NAVD units=metric tz=gmt interval=6
2022-10-06 20:06:00+00:00,0.528,0.013,False,False,False,False,v,False,NOAA CO-OPS 8720218 water_level datum=NAVD units=metric tz=gmt interval=6
2022-10-06 20:12:00+00:00,0.554,0.007,False,False,False,False,v,False,NOAA CO-OPS 8720218 water_level datum=NAVD units=metric tz=gmt interval=6
2022-10-06 20:18:00+00:00,0.57,0.018,False,False,False,False,v,False,NOAA CO-OPS 8720218 water_level datum=NAVD units=metric tz=gmt interval=6
2022-10-06 20:24:00+00:00,0.609,0.004,False,False,False,False,v,False,NOAA CO-OPS 8720218 water_level datum=NAVD units=metric tz=gmt interval=6
2022-10-06 20:30:00+00:00,0.633,0.005,False,False,False,False,v,False,NOAA CO-OPS 8720218 water_level datum=NAVD units=metric tz=gmt interval=6
2022-10-06 20:36:00+00:00,0.66,0.003,False,False,False,False,v,False,NOAA CO-OPS 8720218 water_level datum=NAVD units=metric tz=gmt interval=6
2022-10-06 20:42:00+00:00,0.698,0.008,False,False,False,False,v,False,NOAA CO-OPS 8720218 water_level datum=NAVD units=metric tz=gmt interval=6
2022-10-06 20:48:00+00:00,0.725,0.005,False,False,False,False,v,False,NOAA CO-OPS 8720218 water_level datum=NAVD units=metric tz=gmt interval=6
2022-10-06 20:54:00+00:00,0.743,0.007,False,False,False,False,v,False,NOAA CO-OPS 8720218 water_level datum=NAVD units=metric tz=gmt interval=6
2022-10-06 21:00:00+00:00,0.763,0.007,False,False,False,False,v,False,NOAA CO-OPS 8720218 water_level datum=NAVD units=metric tz=gmt interval=6
2022-10-06 21:06:00+00:00,0.788,0.011,False,False,False,False,v,False,NOAA CO-OPS 8720218 water_level datum=NAVD units=metric tz=gmt interval=6
2022-10-06 21:12:00+00:00,0.819,0.007,False,False,False,False,v,False,NOAA CO-OPS 8720218 water_level datum=NAVD units=metric tz=gmt interval=6
2022-10-06 21:18:00+00:00,0.849,0.008,False,False,False,False,v,False,NOAA CO-OPS 8720218 water_level datum=NAVD units=metric tz=gmt interval=6
2022-10-06 21:24:00+00:00,0.874,0.007,False,False,False,False,v,False,NOAA CO-OPS 8720218 water_level datum=NAVD units=metric tz=gmt interval=6
2022-10-06 21:30:00+00:00,0.888,0.008,False,False,False,False,v,False,NOAA CO-OPS 8720218 water_level datum=NAVD units=metric tz=gmt interval=6
2022-10-06 21:36:00+00:00,0.907,0.007,False,False,False,False,v,False,NOAA CO-OPS 8720218 water_level datum=NAVD units=metric tz=gmt interval=6
2022-10-06 21:42:00+00:00,0.925,0.006,False,False,False,False,v,False,NOAA CO-OPS 8720218 water_level datum=NAVD units=metric tz=gmt interval=6
2022-10-06 21:48:00+00:00,0.943,0.007,False,False,False,False,v,False,NOAA CO-OPS 8720218 water_level datum=NAVD units=metric tz=gmt interval=6
2022-10-06 21:54:00+00:00,0.961,0.007,False,False,False,False,v,False,NOAA CO-OPS 8720218 water_level datum=NAVD units=metric tz=gmt interval=6
2022-10-06 22:00:00+00:00,0.973,0.007,False,False,False,False,v,False,NOAA CO-OPS 8720218 water_level datum=NAVD units=metric tz=gmt interval=6
2022-10-06 22:06:00+00:00,0.993,0.007,False,False,False,False,v,False,NOAA CO-OPS 8720218 water_level datum=NAVD units=metric tz=gmt interval=6
2022-10-06 22:12:00+00:00,1.011,0.007,False,False,False,False,v,False,NOAA CO-OPS 8720218 water_level datum=NAVD units=metric tz=gmt interval=6
2022-10-06 22:18:00+00:00,1.02,0.008,False,False,False,False,v,False,NOAA CO-OPS 8720218 water_level datum=NAVD units=metric tz=gmt interval=6
2022-10-06 22:24:00+00:00,1.034,0.007,False,False,False,False,v,False,NOAA CO-OPS 8720218 water_level datum=NAVD units=metric tz=gmt interval=6
2022-10-06 22:30:00+00:00,1.05,0.005,False,False,False,False,v,False,NOAA CO-OPS 8720218 water_level datum=NAVD units=metric tz=gmt interval=6
2022-10-06 22:36:00+00:00,1.06,0.006,False,False,False,False,v,False,NOAA CO-OPS 8720218 water_level datum=NAVD units=metric tz=gmt interval=6
2022-10-06 22:42:00+00:00,1.069,0.006,False,False,False,False,v,False,NOAA CO-OPS 8720218 water_level datum=NAVD units=metric tz=gmt interval=6
2022-10-06 22:48:00+00:00,1.075,0.008,False,False,False,False,v,False,NOAA CO-OPS 8720218 water_level datum=NAVD units=metric tz=gmt interval=6
2022-10-06 22:54:00+00:00,1.078,0.007,False,False,False,False,v,False,NOAA CO-OPS 8720218 water_level datum=NAVD units=metric tz=gmt interval=6
2022-10-06 23:00:00+00:00,1.081,0.006,False,False,False,False,v,False,NOAA CO-OPS 8720218 water_level datum=NAVD units=metric tz=gmt interval=6
2022-10-06 23:06:00+00:00,1.093,0.017,False,False,False,False,v,False,NOAA CO-OPS 8720218 water_level datum=NAVD units=metric tz=gmt interval=6
2022-10-06 23:12:00+00:00,1.066,0.011,False,False,False,False,v,False,NOAA CO-OPS 8720218 water_level datum=NAVD units=metric tz=gmt interval=6
2022-10-06 23:18:00+00:00,1.066,0.007,False,False,False,False,v,False,NOAA CO-OPS 8720218 water_level datum=NAVD units=metric tz=gmt interval=6
2022-10-06 23:24:00+00:00,1.05,0.007,False,False,False,False,v,False,NOAA CO-OPS 8720218 water_level datum=NAVD units=metric tz=gmt interval=6
2022-10-06 23:30:00+00:00,1.044,0.004,False,False,False,False,v,False,NOAA CO-OPS 8720218 water_level datum=NAVD units=metric tz=gmt interval=6
2022-10-06 23:36:00+00:00,1.04,0.004,False,False,False,False,v,False,NOAA CO-OPS 8720218 water_level datum=NAVD units=metric tz=gmt interval=6
2022-10-06 23:42:00+00:00,1.036,0.004,False,False,False,False,v,False,NOAA CO-OPS 8720218 water_level datum=NAVD units=metric tz=gmt interval=6
2022-10-06 23:48:00+00:00,1.012,0.004,False,False,False,False,v,False,NOAA CO-OPS 8720218 water_level datum=NAVD units=metric tz=gmt interval=6
2022-10-06 23:54:00+00:00,0.994,0.004,False,False,False,False,v,False,NOAA CO-OPS 8720218 water_level datum=NAVD units=metric tz=gmt interval=6
2022-10-07 00:00:00+00:00,0.977,0.005,False,False,False,False,v,False,NOAA CO-OPS 8720218 water_level datum=NAVD units=metric tz=gmt interval=6
2022-10-07 00:06:00+00:00,0.958,0.004,False,False,False,False,v,False,NOAA CO-OPS 8720218 water_level datum=NAVD units=metric tz=gmt interval=6
2022-10-07 00:12:00+00:00,0.932,0.004,False,False,False,False,v,False,NOAA CO-OPS 8720218 water_level datum=NAVD units=metric tz=gmt interval=6
2022-10-07 00:18:00+00:00,0.9,0.004,False,False,False,False,v,False,NOAA CO-OPS 8720218 water_level datum=NAVD units=metric tz=gmt interval=6
2022-10-07 00:24:00+00:00,0.872,0.005,False,False,False,False,v,False,NOAA CO-OPS 8720218 water_level datum=NAVD units=metric tz=gmt interval=6
2022-10-07 00:30:00+00:00,0.835,0.006,False,False,False,False,v,False,NOAA CO-OPS 8720218 water_level datum=NAVD units=metric tz=gmt interval=6
2022-10-07 00:36:00+00:00,0.795,0.005,False,False,False,False,v,False,NOAA CO-OPS 8720218 water_level datum=NAVD units=metric tz=gmt interval=6
2022-10-07 00:42:00+00:00,0.764,0.01,False,False,False,False,v,False,NOAA CO-OPS 8720218 water_level datum=NAVD units=metric tz=gmt interval=6
2022-10-07 00:48:00+00:00,0.72,0.019,False,False,False,False,v,False,NOAA CO-OPS 8720218 water_level datum=NAVD units=metric tz=gmt interval=6
2022-10-07 00:54:00+00:00,0.659,0.012,False,False,False,False,v,False,NOAA CO-OPS 8720218 water_level datum=NAVD units=metric tz=gmt interval=6
2022-10-07 01:00:00+00:00,0.622,0.012,False,False,False,False,v,False,NOAA CO-OPS 8720218 water_level datum=NAVD units=metric tz=gmt interval=6
2022-10-07 01:06:00+00:00,0.595,0.035,False,False,False,False,v,False,NOAA CO-OPS 8720218 water_level datum=NAVD units=metric tz=gmt interval=6
2022-10-07 01:12:00+00:00,0.528,0.007,False,False,False,False,v,False,NOAA CO-OPS 8720218 water_level datum=NAVD units=metric tz=gmt interval=6
2022-10-07 01:18:00+00:00,0.478,0.009,False,False,False,False,v,False,NOAA CO-OPS 8720218 water_level datum=NAVD units=metric tz=gmt interval=6
2022-10-07 01:24:00+00:00,0.418,0.006,False,False,False,False,v,False,NOAA CO-OPS 8720218 water_level datum=NAVD units=metric tz=gmt interval=6
2022-10-07 01:30:00+00:00,0.365,0.005,False,False,False,False,v,False,NOAA CO-OPS 8720218 water_level datum=NAVD units=metric tz=gmt interval=6
2022-10-07 01:36:00+00:00,0.315,0.006,False,False,False,False,v,False,NOAA CO-OPS 8720218 water_level datum=NAVD units=metric tz=gmt interval=6
2022-10-07 01:42:00+00:00,0.273,0.006,False,False,False,False,v,False,NOAA CO-OPS 8720218 water_level datum=NAVD units=metric tz=gmt interval=6
2022-10-07 01:48:00+00:00,0.217,0.009,False,False,False,False,v,False,NOAA CO-OPS 8720218 water_level datum=NAVD units=metric tz=gmt interval=6
2022-10-07 01:54:00+00:00,0.157,0.006,False,False,False,False,v,False,NOAA CO-OPS 8720218 water_level datum=NAVD units=metric tz=gmt interval=6
2022-10-07 02:00:00+00:00,0.107,0.006,False,False,False,False,v,False,NOAA CO-OPS 8720218 water_level datum=NAVD units=metric tz=gmt interval=6
2022-10-07 02:06:00+00:00,0.054,0.007,False,False,False,False,v,False,NOAA CO-OPS 8720218 water_level datum=NAVD units=metric tz=gmt interval=6
2022-10-07 02:12:00+00:00,0.007,0.006,False,False,False,False,v,False,NOAA CO-OPS 8720218 water_level datum=NAVD units=metric tz=gmt interval=6
2022-10-07 02:18:00+00:00,-0.035,0.007,False,False,False,False,v,False,NOAA CO-OPS 8720218 water_level datum=NAVD units=metric tz=gmt interval=6
2022-10-07 02:24:00+00:00,-0.082,0.006,False,False,False,False,v,False,NOAA CO-OPS 8720218 water_level datum=NAVD units=metric tz=gmt interval=6
2022-10-07 02:30:00+00:00,-0.12,0.005,False,False,False,False,v,False,NOAA CO-OPS 8720218 water_level datum=NAVD units=metric tz=gmt interval=6
2022-10-07 02:36:00+00:00,-0.158,0.006,False,False,False,False,v,False,NOAA CO-OPS 8720218 water_level datum=NAVD units=metric tz=gmt interval=6
2022-10-07 02:42:00+00:00,-0.188,0.005,False,False,False,False,v,False,NOAA CO-OPS 8720218 water_level datum=NAVD units=metric tz=gmt interval=6
2022-10-07 02:48:00+00:00,-0.214,0.005,False,False,False,False,v,False,NOAA CO-OPS 8720218 water_level datum=NAVD units=metric tz=gmt interval=6
2022-10-07 02:54:00+00:00,-0.249,0.005,False,False,False,False,v,False,NOAA CO-OPS 8720218 water_level datum=NAVD units=metric tz=gmt interval=6
2022-10-07 03:00:00+00:00,-0.277,0.004,False,False,False,False,v,False,NOAA CO-OPS 8720218 water_level datum=NAVD units=metric tz=gmt interval=6
2022-10-07 03:06:00+00:00,-0.303,0.005,False,False,False,False,v,False,NOAA CO-OPS 8720218 water_level datum=NAVD units=metric tz=gmt interval=6
2022-10-07 03:12:00+00:00,-0.335,0.005,False,False,False,False,v,False,NOAA CO-OPS 8720218 water_level datum=NAVD units=metric tz=gmt interval=6
2022-10-07 03:18:00+00:00,-0.365,0.004,False,False,False,False,v,False,NOAA CO-OPS 8720218 water_level datum=NAVD units=metric tz=gmt interval=6
2022-10-07 03:24:00+00:00,-0.396,0.012,False,False,False,False,v,False,NOAA CO-OPS 8720218 water_level datum=NAVD units=metric tz=gmt interval=6
2022-10-07 03:30:00+00:00,-0.42,0.004,False,False,False,False,v,False,NOAA CO-OPS 8720218 water_level datum=NAVD units=metric tz=gmt interval=6
2022-10-07 03:36:00+00:00,-0.446,0.003,False,False,False,False,v,False,NOAA CO-OPS 8720218 water_level datum=NAVD units=metric tz=gmt interval=6
2022-10-07 03:42:00+00:00,-0.459,0.003,False,False,False,False,v,False,NOAA CO-OPS 8720218 water_level datum=NAVD units=metric tz=gmt interval=6
2022-10-07 03:48:00+00:00,-0.474,0.004,False,False,False,False,v,False,NOAA CO-OPS 8720218 water_level datum=NAVD units=metric tz=gmt interval=6
2022-10-07 03:54:00+00:00,-0.494,0.004,False,False,False,False,v,False,NOAA CO-OPS 8720218 water_level datum=NAVD units=metric tz=gmt interval=6
2022-10-07 04:00:00+00:00,-0.513,0.003,False,False,False,False,v,False,NOAA CO-OPS 8720218 water_level datum=NAVD units=metric tz=gmt interval=6
2022-10-07 04:06:00+00:00,-0.533,0.007,False,False,False,False,v,False,NOAA CO-OPS 8720218 water_level datum=NAVD units=metric tz=gmt interval=6
2022-10-07 04:12:00+00:00,-0.541,0.003,False,False,False,False,v,False,NOAA CO-OPS 8720218 water_level datum=NAVD units=metric tz=gmt interval=6
2022-10-07 04:18:00+00:00,-0.552,0.004,False,False,False,False,v,False,NOAA CO-OPS 8720218 water_level datum=NAVD units=metric tz=gmt interval=6
2022-10-07 04:24:00+00:00,-0.561,0.003,False,False,False,False,v,False,NOAA CO-OPS 8720218 water_level datum=NAVD units=metric tz=gmt interval=6
2022-10-07 04:30:00+00:00,-0.562,0.004,False,False,False,False,v,False,NOAA CO-OPS 8720218 water_level datum=NAVD units=metric tz=gmt interval=6
2022-10-07 04:36:00+00:00,-0.577,0.007,False,False,False,False,v,False,NOAA CO-OPS 8720218 water_level datum=NAVD units=metric tz=gmt interval=6
2022-10-07 04:42:00+00:00,-0.591,0.007,False,False,False,False,v,False,NOAA CO-OPS 8720218 water_level datum=NAVD units=metric tz=gmt interval=6
2022-10-07 04:48:00+00:00,-0.593,0.005,False,False,False,False,v,False,NOAA CO-OPS 8720218 water_level datum=NAVD units=metric tz=gmt interval=6
2022-10-07 04:54:00+00:00,-0.582,0.005,False,False,False,False,v,False,NOAA CO-OPS 8720218 water_level datum=NAVD units=metric tz=gmt interval=6
2022-10-07 05:00:00+00:00,-0.578,0.003,False,False,False,False,v,False,NOAA CO-OPS 8720218 water_level datum=NAVD units=metric tz=gmt interval=6
2022-10-07 05:06:00+00:00,-0.567,0.005,False,False,False,False,v,False,NOAA CO-OPS 8720218 water_level datum=NAVD units=metric tz=gmt interval=6
2022-10-07 05:12:00+00:00,-0.567,0.004,False,False,False,False,v,False,NOAA CO-OPS 8720218 water_level datum=NAVD units=metric tz=gmt interval=6
2022-10-07 05:18:00+00:00,-0.568,0.005,False,False,False,False,v,False,NOAA CO-OPS 8720218 water_level datum=NAVD units=metric tz=gmt interval=6
2022-10-07 05:24:00+00:00,-0.561,0.005,False,False,False,False,v,False,NOAA CO-OPS 8720218 water_level datum=NAVD units=metric tz=gmt interval=6
2022-10-07 05:30:00+00:00,-0.537,0.005,False,False,False,False,v,False,NOAA CO-OPS 8720218 water_level datum=NAVD units=metric tz=gmt interval=6
2022-10-07 05:36:00+00:00,-0.529,0.004,False,False,False,False,v,False,NOAA CO-OPS 8720218 water_level datum=NAVD units=metric tz=gmt interval=6
2022-10-07 05:42:00+00:00,-0.523,0.003,False,False,False,False,v,False,NOAA CO-OPS 8720218 water_level datum=NAVD units=metric tz=gmt interval=6
2022-10-07 05:48:00+00:00,-0.511,0.004,False,False,False,False,v,False,NOAA CO-OPS 8720218 water_level datum=NAVD units=metric tz=gmt interval=6
2022-10-07 05:54:00+00:00,-0.483,0.005,False,False,False,False,v,False,NOAA CO-OPS 8720218 water_level datum=NAVD units=metric tz=gmt interval=6
2022-10-07 06:00:00+00:00,-0.458,0.004,False,False,False,False,v,False,NOAA CO-OPS 8720218 water_level datum=NAVD units=metric tz=gmt interval=6
2022-10-07 06:06:00+00:00,-0.437,0.004,False,False,False,False,v,False,NOAA CO-OPS 8720218 water_level datum=NAVD units=metric tz=gmt interval=6
2022-10-07 06:12:00+00:00,-0.413,0.005,False,False,False,False,v,False,NOAA CO-OPS 8720218 water_level datum=NAVD units=metric tz=gmt interval=6
2022-10-07 06:18:00+00:00,-0.376,0.006,False,False,False,False,v,False,NOAA CO-OPS 8720218 water_level datum=NAVD units=metric tz=gmt interval=6
2022-10-07 06:24:00+00:00,-0.34,0.005,False,False,False,False,v,False,NOAA CO-OPS 8720218 water_level datum=NAVD units=metric tz=gmt interval=6
2022-10-07 06:30:00+00:00,-0.309,0.005,False,False,False,False,v,False,NOAA CO-OPS 8720218 water_level datum=NAVD units=metric tz=gmt interval=6
2022-10-07 06:36:00+00:00,-0.274,0.006,False,False,False,False,v,False,NOAA CO-OPS 8720218 water_level datum=NAVD units=metric tz=gmt interval=6
2022-10-07 06:42:00+00:00,-0.236,0.004,False,False,False,False,v,False,NOAA CO-OPS 8720218 water_level datum=NAVD units=metric tz=gmt interval=6
2022-10-07 06:48:00+00:00,-0.205,0.004,False,False,False,False,v,False,NOAA CO-OPS 8720218 water_level datum=NAVD units=metric tz=gmt interval=6
2022-10-07 06:54:00+00:00,-0.171,0.004,False,False,False,False,v,False,NOAA CO-OPS 8720218 water_level datum=NAVD units=metric tz=gmt interval=6
2022-10-07 07:00:00+00:00,-0.138,0.004,False,False,False,False,v,False,NOAA CO-OPS 8720218 water_level datum=NAVD units=metric tz=gmt interval=6
2022-10-07 07:06:00+00:00,-0.103,0.005,False,False,False,False,v,False,NOAA CO-OPS 8720218 water_level datum=NAVD units=metric tz=gmt interval=6
2022-10-07 07:12:00+00:00,-0.064,0.005,False,False,False,False,v,False,NOAA CO-OPS 8720218 water_level datum=NAVD units=metric tz=gmt interval=6
2022-10-07 07:18:00+00:00,-0.024,0.006,False,False,False,False,v,False,NOAA CO-OPS 8720218 water_level datum=NAVD units=metric tz=gmt interval=6
2022-10-07 07:24:00+00:00,0.013,0.005,False,False,False,False,v,False,NOAA CO-OPS 8720218 water_level datum=NAVD units=metric tz=gmt interval=6
2022-10-07 07:30:00+00:00,0.05,0.005,False,False,False,False,v,False,NOAA CO-OPS 8720218 water_level datum=NAVD units=metric tz=gmt interval=6
2022-10-07 07:36:00+00:00,0.079,0.004,False,False,False,False,v,False,NOAA CO-OPS 8720218 water_level datum=NAVD units=metric tz=gmt interval=6
2022-10-07 07:42:00+00:00,0.113,0.005,False,False,False,False,v,False,NOAA CO-OPS 8720218 water_level datum=NAVD units=metric tz=gmt interval=6
2022-10-07 07:48:00+00:00,0.151,0.005,False,False,False,False,v,False,NOAA CO-OPS 8720218 water_level datum=NAVD units=metric tz=gmt interval=6
2022-10-07 07:54:00+00:00,0.186,0.004,False,False,False,False,v,False,NOAA CO-OPS 8720218 water_level datum=NAVD units=metric tz=gmt interval=6
2022-10-07 08:00:00+00:00,0.219,0.005,False,False,False,False,v,False,NOAA CO-OPS 8720218 water_level datum=NAVD units=metric tz=gmt interval=6
2022-10-07 08:06:00+00:00,0.251,0.004,False,False,False,False,v,False,NOAA CO-OPS 8720218 water_level datum=NAVD units=metric tz=gmt interval=6
2022-10-07 08:12:00+00:00,0.281,0.005,False,False,False,False,v,False,NOAA CO-OPS 8720218 water_level datum=NAVD units=metric tz=gmt interval=6
2022-10-07 08:18:00+00:00,0.319,0.006,False,False,False,False,v,False,NOAA CO-OPS 8720218 water_level datum=NAVD units=metric tz=gmt interval=6
2022-10-07 08:24:00+00:00,0.36,0.006,False,False,False,False,v,False,NOAA CO-OPS 8720218 water_level datum=NAVD units=metric tz=gmt interval=6
2022-10-07 08:30:00+00:00,0.399,0.005,False,False,False,False,v,False,NOAA CO-OPS 8720218 water_level datum=NAVD units=metric tz=gmt interval=6
2022-10-07 08:36:00+00:00,0.429,0.005,False,False,False,False,v,False,NOAA CO-OPS 8720218 water_level datum=NAVD units=metric tz=gmt interval=6
2022-10-07 08:42:00+00:00,0.461,0.005,False,False,False,False,v,False,NOAA CO-OPS 8720218 water_level datum=NAVD units=metric tz=gmt interval=6
2022-10-07 08:48:00+00:00,0.49,0.006,False,False,False,False,v,False,NOAA CO-OPS 8720218 water_level datum=NAVD units=metric tz=gmt interval=6
2022-10-07 08:54:00+00:00,0.524,0.007,False,False,False,False,v,False,NOAA CO-OPS 8720218 water_level datum=NAVD units=metric tz=gmt interval=6
2022-10-07 09:00:00+00:00,0.556,0.005,False,False,False,False,v,False,NOAA CO-OPS 8720218 water_level datum=NAVD units=metric tz=gmt interval=6
2022-10-07 09:06:00+00:00,0.58,0.005,False,False,False,False,v,False,NOAA CO-OPS 8720218 water_level datum=NAVD units=metric tz=gmt interval=6
2022-10-07 09:12:00+00:00,0.601,0.005,False,False,False,False,v,False,NOAA CO-OPS 8720218 water_level datum=NAVD units=metric tz=gmt interval=6
2022-10-07 09:18:00+00:00,0.647,0.012,False,False,False,False,v,False,NOAA CO-OPS 8720218 water_level datum=NAVD units=metric tz=gmt interval=6
2022-10-07 09:24:00+00:00,0.654,0.016,False,False,False,False,v,False,NOAA CO-OPS 8720218 water_level datum=NAVD units=metric tz=gmt interval=6
2022-10-07 09:30:00+00:00,0.677,0.023,False,False,False,False,v,False,NOAA CO-OPS 8720218 water_level datum=NAVD units=metric tz=gmt interval=6
2022-10-07 09:36:00+00:00,0.697,0.014,False,False,False,False,v,False,NOAA CO-OPS 8720218 water_level datum=NAVD units=metric tz=gmt interval=6
2022-10-07 09:42:00+00:00,0.722,0.009,False,False,False,False,v,False,NOAA CO-OPS 8720218 water_level datum=NAVD units=metric tz=gmt interval=6
2022-10-07 09:48:00+00:00,0.736,0.007,False,False,False,False,v,False,NOAA CO-OPS 8720218 water_level datum=NAVD units=metric tz=gmt interval=6
2022-10-07 09:54:00+00:00,0.755,0.007,False,False,False,False,v,False,NOAA CO-OPS 8720218 water_level datum=NAVD units=metric tz=gmt interval=6
2022-10-07 10:00:00+00:00,0.767,0.006,False,False,False,False,v,False,NOAA CO-OPS 8720218 water_level datum=NAVD units=metric tz=gmt interval=6
2022-10-07 10:06:00+00:00,0.798,0.013,False,False,False,False,v,False,NOAA CO-OPS 8720218 water_level datum=NAVD units=metric tz=gmt interval=6
2022-10-07 10:12:00+00:00,0.811,0.011,False,False,False,False,v,False,NOAA CO-OPS 8720218 water_level datum=NAVD units=metric tz=gmt interval=6
2022-10-07 10:18:00+00:00,0.823,0.008,False,False,False,False,v,False,NOAA CO-OPS 8720218 water_level datum=NAVD units=metric tz=gmt interval=6
2022-10-07 10:24:00+00:00,0.844,0.007,False,False,False,False,v,False,NOAA CO-OPS 8720218 water_level datum=NAVD units=metric tz=gmt interval=6
2022-10-07 10:30:00+00:00,0.856,0.008,False,False,False,False,v,False,NOAA CO-OPS 8720218 water_level datum=NAVD units=metric tz=gmt interval=6
2022-10-07 10:36:00+00:00,0.871,0.007,False,False,False,False,v,False,NOAA CO-OPS 8720218 water_level datum=NAVD units=metric tz=gmt interval=6
2022-10-07 10:42:00+00:00,0.884,0.006,False,False,False,False,v,False,NOAA CO-OPS 8720218 water_level datum=NAVD units=metric tz=gmt interval=6
2022-10-07 10:48:00+00:00,0.888,0.005,False,False,False,False,v,False,NOAA CO-OPS 8720218 water_level datum=NAVD units=metric tz=gmt interval=6
2022-10-07 10:54:00+00:00,0.899,0.004,False,False,False,False,v,False,NOAA CO-OPS 8720218 water_level datum=NAVD units=metric tz=gmt interval=6
2022-10-07 11:00:00+00:00,0.909,0.006,False,False,False,False,v,False,NOAA CO-OPS 8720218 water_level datum=NAVD units=metric tz=gmt interval=6
2022-10-07 11:06:00+00:00,0.915,0.005,False,False,False,False,v,False,NOAA CO-OPS 8720218 water_level datum=NAVD units=metric tz=gmt interval=6
2022-10-07 11:12:00+00:00,0.915,0.006,False,False,False,False,v,False,NOAA CO-OPS 8720218 water_level datum=NAVD units=metric tz=gmt interval=6
2022-10-07 11:18:00+00:00,0.92,0.005,False,False,False,False,v,False,NOAA CO-OPS 8720218 water_level datum=NAVD units=metric tz=gmt interval=6
2022-10-07 11:24:00+00:00,0.922,0.005,False,False,False,False,v,False,NOAA CO-OPS 8720218 water_level datum=NAVD units=metric tz=gmt interval=6
2022-10-07 11:30:00+00:00,0.921,0.004,False,False,False,False,v,False,NOAA CO-OPS 8720218 water_level datum=NAVD units=metric tz=gmt interval=6
2022-10-07 11:36:00+00:00,0.917,0.006,False,False,False,False,v,False,NOAA CO-OPS 8720218 water_level datum=NAVD units=metric tz=gmt interval=6
2022-10-07 11:42:00+00:00,0.907,0.005,False,False,False,False,v,False,NOAA CO-OPS 8720218 water_level datum=NAVD units=metric tz=gmt interval=6
2022-10-07 11:48:00+00:00,0.894,0.004,False,False,False,False,v,False,NOAA CO-OPS 8720218 water_level datum=NAVD units=metric tz=gmt interval=6
2022-10-07 11:54:00+00:00,0.889,0.003,False,False,False,False,v,False,NOAA CO-OPS 8720218 water_level datum=NAVD units=metric tz=gmt interval=6
2022-10-07 12:00:00+00:00,0.88,0.005,False,False,False,False,v,False,NOAA CO-OPS 8720218 water_level datum=NAVD units=metric tz=gmt interval=6
2022-10-07 12:06:00+00:00,0.869,0.003,False,False,False,False,v,False,NOAA CO-OPS 8720218 water_level datum=NAVD units=metric tz=gmt interval=6
2022-10-07 12:12:00+00:00,0.86,0.003,False,False,False,False,v,False,NOAA CO-OPS 8720218 water_level datum=NAVD units=metric tz=gmt interval=6
2022-10-07 12:18:00+00:00,0.844,0.006,False,False,False,False,v,False,NOAA CO-OPS 8720218 water_level datum=NAVD units=metric tz=gmt interval=6
2022-10-07 12:24:00+00:00,0.817,0.005,False,False,False,False,v,False,NOAA CO-OPS 8720218 water_level datum=NAVD units=metric tz=gmt interval=6
2022-10-07 12:30:00+00:00,0.789,0.006,False,False,False,False,v,False,NOAA CO-OPS 8720218 water_level datum=NAVD units=metric tz=gmt interval=6
2022-10-07 12:36:00+00:00,0.76,0.004,False,False,False,False,v,False,NOAA CO-OPS 8720218 water_level datum=NAVD units=metric tz=gmt interval=6
2022-10-07 12:42:00+00:00,0.736,0.005,False,False,False,False,v,False,NOAA CO-OPS 8720218 water_level datum=NAVD units=metric tz=gmt interval=6
2022-10-07 12:48:00+00:00,0.705,0.004,False,False,False,False,v,False,NOAA CO-OPS 8720218 water_level datum=NAVD units=metric tz=gmt interval=6
2022-10-07 12:54:00+00:00,0.674,0.004,False,False,False,False,v,False,NOAA CO-OPS 8720218 water_level datum=NAVD units=metric tz=gmt interval=6
2022-10-07 13:00:00+00:00,0.638,0.005,False,False,False,False,v,False,NOAA CO-OPS 8720218 water_level datum=NAVD units=metric tz=gmt interval=6
2022-10-07 13:06:00+00:00,0.592,0.005,False,False,False,False,v,False,NOAA CO-OPS 8720218 water_level datum=NAVD units=metric tz=gmt interval=6
2022-10-07 13:12:00+00:00,0.575,0.007,False,False,False,False,v,False,NOAA CO-OPS 8720218 water_level datum=NAVD units=metric tz=gmt interval=6
2022-10-07 13:18:00+00:00,0.485,0.019,False,False,False,False,v,False,NOAA CO-OPS 8720218 water_level datum=NAVD units=metric tz=gmt interval=6
2022-10-07 13:24:00+00:00,0.461,0.006,False,False,False,False,v,False,NOAA CO-OPS 8720218 water_level datum=NAVD units=metric tz=gmt interval=6
2022-10-07 13:30:00+00:00,0.412,0.011,False,False,False,False,v,False,NOAA CO-OPS 8720218 water_level datum=NAVD units=metric tz=gmt interval=6
2022-10-07 13:36:00+00:00,0.369,0.008,False,False,False,False,v,False,NOAA CO-OPS 8720218 water_level datum=NAVD units=metric tz=gmt interval=6
2022-10-07 13:42:00+00:00,0.32,0.011,False,False,False,False,v,False,NOAA CO-OPS 8720218 water_level datum=NAVD units=metric tz=gmt interval=6
2022-10-07 13:48:00+00:00,0.267,0.009,False,False,False,False,v,False,NOAA CO-OPS 8720218 water_level datum=NAVD units=metric tz=gmt interval=6
2022-10-07 13:54:00+00:00,0.217,0.008,False,False,False,False,v,False,NOAA CO-OPS 8720218 water_level datum=NAVD units=metric tz=gmt interval=6
2022-10-07 14:00:00+00:00,0.174,0.007,False,False,False,False,v,False,NOAA CO-OPS 8720218 water_level datum=NAVD units=metric tz=gmt interval=6
2022-10-07 14:06:00+00:00,0.122,0.01,False,False,False,False,v,False,NOAA CO-OPS 8720218 water_level datum=NAVD units=metric tz=gmt interval=6
2022-10-07 14:12:00+00:00,0.071,0.007,False,False,False,False,v,False,NOAA CO-OPS 8720218 water_level datum=NAVD units=metric tz=gmt interval=6
2022-10-07 14:18:00+00:00,0.021,0.007,False,False,False,False,v,False,NOAA CO-OPS 8720218 water_level datum=NAVD units=metric tz=gmt interval=6
2022-10-07 14:24:00+00:00,-0.023,0.009,False,False,False,False,v,False,NOAA CO-OPS 8720218 water_level datum=NAVD units=metric tz=gmt interval=6
2022-10-07 14:30:00+00:00,-0.054,0.014,False,False,False,False,v,False,NOAA CO-OPS 8720218 water_level datum=NAVD units=metric tz=gmt interval=6
2022-10-07 14:36:00+00:00,-0.099,0.012,False,False,False,False,v,False,NOAA CO-OPS 8720218 water_level datum=NAVD units=metric tz=gmt interval=6
2022-10-07 14:42:00+00:00,-0.132,0.009,False,False,False,False,v,False,NOAA CO-OPS 8720218 water_level datum=NAVD units=metric tz=gmt interval=6
2022-10-07 14:48:00+00:00,-0.169,0.009,False,False,False,False,v,False,NOAA CO-OPS 8720218 water_level datum=NAVD units=metric tz=gmt interval=6
2022-10-07 14:54:00+00:00,-0.21,0.008,False,False,False,False,v,False,NOAA CO-OPS 8720218 water_level datum=NAVD units=metric tz=gmt interval=6
2022-10-07 15:00:00+00:00,-0.247,0.008,False,False,False,False,v,False,NOAA CO-OPS 8720218 water_level datum=NAVD units=metric tz=gmt interval=6
2022-10-07 15:06:00+00:00,-0.284,0.013,False,False,False,False,v,False,NOAA CO-OPS 8720218 water_level datum=NAVD units=metric tz=gmt interval=6
2022-10-07 15:12:00+00:00,-0.322,0.009,False,False,False,False,v,False,NOAA CO-OPS 8720218 water_level datum=NAVD units=metric tz=gmt interval=6
2022-10-07 15:18:00+00:00,-0.362,0.009,False,False,False,False,v,False,NOAA CO-OPS 8720218 water_level datum=NAVD units=metric tz=gmt interval=6
2022-10-07 15:24:00+00:00,-0.399,0.01,False,False,False,False,v,False,NOAA CO-OPS 8720218 water_level datum=NAVD units=metric tz=gmt interval=6
2022-10-07 15:30:00+00:00,-0.425,0.006,False,False,False,False,v,False,NOAA CO-OPS 8720218 water_level datum=NAVD units=metric tz=gmt interval=6
2022-10-07 15:36:00+00:00,-0.448,0.007,False,False,False,False,v,False,NOAA CO-OPS 8720218 water_level datum=NAVD units=metric tz=gmt interval=6
2022-10-07 15:42:00+00:00,-0.465,0.01,False,False,False,False,v,False,NOAA CO-OPS 8720218 water_level datum=NAVD units=metric tz=gmt interval=6
2022-10-07 15:48:00+00:00,-0.487,0.006,False,False,False,False,v,False,NOAA CO-OPS 8720218 water_level datum=NAVD units=metric tz=gmt interval=6
2022-10-07 15:54:00+00:00,-0.525,0.008,False,False,False,False,v,False,NOAA CO-OPS 8720218 water_level datum=NAVD units=metric tz=gmt interval=6
2022-10-07 16:00:00+00:00,-0.549,0.008,False,False,False,False,v,False,NOAA CO-OPS 8720218 water_level datum=NAVD units=metric tz=gmt interval=6
2022-10-07 16:06:00+00:00,-0.567,0.006,False,False,False,False,v,False,NOAA CO-OPS 8720218 water_level datum=NAVD units=metric tz=gmt interval=6
2022-10-07 16:12:00+00:00,-0.587,0.007,False,False,False,False,v,False,NOAA CO-OPS 8720218 water_level datum=NAVD units=metric tz=gmt interval=6
2022-10-07 16:18:00+00:00,-0.601,0.005,False,False,False,False,v,False,NOAA CO-OPS 8720218 water_level datum=NAVD units=metric tz=gmt interval=6
2022-10-07 16:24:00+00:00,-0.613,0.008,False,False,False,False,v,False,NOAA CO-OPS 8720218 water_level datum=NAVD units=metric tz=gmt interval=6
2022-10-07 16:30:00+00:00,-0.63,0.008,False,False,False,False,v,False,NOAA CO-OPS 8720218 water_level datum=NAVD units=metric tz=gmt interval=6
2022-10-07 16:36:00+00:00,-0.651,0.01,False,False,False,False,v,False,NOAA CO-OPS 8720218 water_level datum=NAVD units=metric tz=gmt interval=6
2022-10-07 16:42:00+00:00,-0.662,0.008,False,False,False,False,v,False,NOAA CO-OPS 8720218 water_level datum=NAVD units=metric tz=gmt interval=6
2022-10-07 16:48:00+00:00,-0.667,0.005,False,False,False,False,v,False,NOAA CO-OPS 8720218 water_level datum=NAVD units=metric tz=gmt interval=6
2022-10-07 16:54:00+00:00,-0.669,0.005,False,False,False,False,v,False,NOAA CO-OPS 8720218 water_level datum=NAVD units=metric tz=gmt interval=6
2022-10-07 17:00:00+00:00,-0.667,0.007,False,False,False,False,v,False,NOAA CO-OPS 8720218 water_level datum=NAVD units=metric tz=gmt interval=6
2022-10-07 17:06:00+00:00,-0.658,0.006,False,False,False,False,v,False,NOAA CO-OPS 8720218 water_level datum=NAVD units=metric tz=gmt interval=6
2022-10-07 17:12:00+00:00,-0.651,0.007,False,False,False,False,v,False,NOAA CO-OPS 8720218 water_level datum=NAVD units=metric tz=gmt interval=6
2022-10-07 17:18:00+00:00,-0.651,0.01,False,False,False,False,v,False,NOAA CO-OPS 8720218 water_level datum=NAVD units=metric tz=gmt interval=6
2022-10-07 17:24:00+00:00,-0.642,0.006,False,False,False,False,v,False,NOAA CO-OPS 8720218 water_level datum=NAVD units=metric tz=gmt interval=6
2022-10-07 17:30:00+00:00,-0.637,0.005,False,False,False,False,v,False,NOAA CO-OPS 8720218 water_level datum=NAVD units=metric tz=gmt interval=6
2022-10-07 17:36:00+00:00,-0.623,0.006,False,False,False,False,v,False,NOAA CO-OPS 8720218 water_level datum=NAVD units=metric tz=gmt interval=6
2022-10-07 17:42:00+00:00,-0.607,0.006,False,False,False,False,v,False,NOAA CO-OPS 8720218 water_level datum=NAVD units=metric tz=gmt interval=6
2022-10-07 17:48:00+00:00,-0.592,0.007,False,False,False,False,v,False,NOAA CO-OPS 8720218 water_level datum=NAVD units=metric tz=gmt interval=6
2022-10-07 17:54:00+00:00,-0.569,0.008,False,False,False,False,v,False,NOAA CO-OPS 8720218 water_level datum=NAVD units=metric tz=gmt interval=6
2022-10-07 18:00:00+00:00,-0.545,0.011,False,False,False,False,v,False,NOAA CO-OPS 8720218 water_level datum=NAVD units=metric tz=gmt interval=6
2022-10-07 18:06:00+00:00,-0.523,0.008,False,False,False,False,v,False,NOAA CO-OPS 8720218 water_level datum=NAVD units=metric tz=gmt interval=6
2022-10-07 18:12:00+00:00,-0.499,0.006,False,False,False,False,v,False,NOAA CO-OPS 8720218 water_level datum=NAVD units=metric tz=gmt interval=6
2022-10-07 18:18:00+00:00,-0.47,0.009,False,False,False,False,v,False,NOAA CO-OPS 8720218 water_level datum=NAVD units=metric tz=gmt interval=6
2022-10-07 18:24:00+00:00,-0.438,0.008,False,False,False,False,v,False,NOAA CO-OPS 8720218 water_level datum=NAVD units=metric tz=gmt interval=6
2022-10-07 18:30:00+00:00,-0.408,0.009,False,False,False,False,v,False,NOAA CO-OPS 8720218 water_level datum=NAVD units=metric tz=gmt interval=6
2022-10-07 18:36:00+00:00,-0.369,0.008,False,False,False,False,v,False,NOAA CO-OPS 8720218 water_level datum=NAVD units=metric tz=gmt interval=6
2022-10-07 18:42:00+00:00,-0.335,0.006,False,False,False,False,v,False,NOAA CO-OPS 8720218 water_level datum=NAVD units=metric tz=gmt interval=6
2022-10-07 18:48:00+00:00,-0.302,0.007,False,False,False,False,v,False,NOAA CO-OPS 8720218 water_level datum=NAVD units=metric tz=gmt interval=6
2022-10-07 18:54:00+00:00,-0.267,0.006,False,False,False,False,v,False,NOAA CO-OPS 8720218 water_level datum=NAVD units=metric tz=gmt interval=6
2022-10-07 19:00:00+00:00,-0.235,0.004,False,False,False,False,v,False,NOAA CO-OPS 8720218 water_level datum=NAVD units=metric tz=gmt interval=6
2022-10-07 19:06:00+00:00,-0.202,0.006,False,False,False,False,v,False,NOAA CO-OPS 8720218 water_level datum=NAVD units=metric tz=gmt interval=6
2022-10-07 19:12:00+00:00,-0.169,0.005,False,False,False,False,v,False,NOAA CO-OPS 8720218 water_level datum=NAVD units=metric tz=gmt interval=6
2022-10-07 19:18:00+00:00,-0.133,0.007,False,False,False,False,v,False,NOAA CO-OPS 8720218 water_level datum=NAVD units=metric tz=gmt interval=6
2022-10-07 19:24:00+00:00,-0.102,0.004,False,False,False,False,v,False,NOAA CO-OPS 8720218 water_level datum=NAVD units=metric tz=gmt interval=6
2022-10-07 19:30:00+00:00,-0.074,0.007,False,False,False,False,v,False,NOAA CO-OPS 8720218 water_level datum=NAVD units=metric tz=gmt interval=6
2022-10-07 19:36:00+00:00,-0.037,0.007,False,False,False,False,v,False,NOAA CO-OPS 8720218 water_level datum=NAVD units=metric tz=gmt interval=6
2022-10-07 19:42:00+00:00,0.002,0.005,False,False,False,False,v,False,NOAA CO-OPS 8720218 water_level datum=NAVD units=metric tz=gmt interval=6
2022-10-07 19:48:00+00:00,0.044,0.007,False,False,False,False,v,False,NOAA CO-OPS 8720218 water_level datum=NAVD units=metric tz=gmt interval=6
2022-10-07 19:54:00+00:00,0.082,0.006,False,False,False,False,v,False,NOAA CO-OPS 8720218 water_level datum=NAVD units=metric tz=gmt interval=6
2022-10-07 20:00:00+00:00,0.118,0.007,False,False,False,False,v,False,NOAA CO-OPS 8720218 water_level datum=NAVD units=metric tz=gmt interval=6
2022-10-07 20:06:00+00:00,0.153,0.006,False,False,False,False,v,False,NOAA CO-OPS 8720218 water_level datum=NAVD units=metric tz=gmt interval=6
2022-10-07 20:12:00+00:00,0.191,0.005,False,False,False,False,v,False,NOAA CO-OPS 8720218 water_level datum=NAVD units=metric tz=gmt interval=6
2022-10-07 20:18:00+00:00,0.223,0.006,False,False,False,False,v,False,NOAA CO-OPS 8720218 water_level datum=NAVD units=metric tz=gmt interval=6
2022-10-07 20:24:00+00:00,0.261,0.009,False,False,False,False,v,False,NOAA CO-OPS 8720218 water_level datum=NAVD units=metric tz=gmt interval=6
2022-10-07 20:30:00+00:00,0.295,0.007,False,False,False,False,v,False,NOAA CO-OPS 8720218 water_level datum=NAVD units=metric tz=gmt interval=6
2022-10-07 20:36:00+00:00,0.326,0.006,False,False,False,False,v,False,NOAA CO-OPS 8720218 water_level datum=NAVD units=metric tz=gmt interval=6
2022-10-07 20:42:00+00:00,0.36,0.006,False,False,False,False,v,False,NOAA CO-OPS 8720218 water_level datum=NAVD units=metric tz=gmt interval=6
2022-10-07 20:48:00+00:00,0.392,0.005,False,False,False,False,v,False,NOAA CO-OPS 8720218 water_level datum=NAVD units=metric tz=gmt interval=6
2022-10-07 20:54:00+00:00,0.425,0.006,False,False,False,False,v,False,NOAA CO-OPS 8720218 water_level datum=NAVD units=metric tz=gmt interval=6
2022-10-07 21:00:00+00:00,0.459,0.007,False,False,False,False,v,False,NOAA CO-OPS 8720218 water_level datum=NAVD units=metric tz=gmt interval=6
2022-10-07 21:06:00+00:00,0.495,0.006,False,False,False,False,v,False,NOAA CO-OPS 8720218 water_level datum=NAVD units=metric tz=gmt interval=6
2022-10-07 21:12:00+00:00,0.546,0.035,False,False,False,False,v,False,NOAA CO-OPS 8720218 water_level datum=NAVD units=metric tz=gmt interval=6
2022-10-07 21:18:00+00:00,0.557,0.005,False,False,False,False,v,False,NOAA CO-OPS 8720218 water_level datum=NAVD units=metric tz=gmt interval=6
2022-10-07 21:24:00+00:00,0.581,0.012,False,False,False,False,v,False,NOAA CO-OPS 8720218 water_level datum=NAVD units=metric tz=gmt interval=6
2022-10-07 21:30:00+00:00,0.617,0.005,False,False,False,False,v,False,NOAA CO-OPS 8720218 water_level datum=NAVD units=metric tz=gmt interval=6
2022-10-07 21:36:00+00:00,0.639,0.009,False,False,False,False,v,False,NOAA CO-OPS 8720218 water_level datum=NAVD units=metric tz=gmt interval=6
2022-10-07 21:42:00+00:00,0.661,0.005,False,False,False,False,v,False,NOAA CO-OPS 8720218 water_level datum=NAVD units=metric tz=gmt interval=6
2022-10-07 21:48:00+00:00,0.684,0.004,False,False,False,False,v,False,NOAA CO-OPS 8720218 water_level datum=NAVD units=metric tz=gmt interval=6
2022-10-07 21:54:00+00:00,0.714,0.008,False,False,False,False,v,False,NOAA CO-OPS 8720218 water_level datum=NAVD units=metric tz=gmt interval=6
2022-10-07 22:00:00+00:00,0.748,0.006,False,False,False,False,v,False,NOAA CO-OPS 8720218 water_level datum=NAVD units=metric tz=gmt interval=6
2022-10-07 22:06:00+00:00,0.775,0.01,False,False,False,False,v,False,NOAA CO-OPS 8720218 water_level datum=NAVD units=metric tz=gmt interval=6
2022-10-07 22:12:00+00:00,0.797,0.006,False,False,False,False,v,False,NOAA CO-OPS 8720218 water_level datum=NAVD units=metric tz=gmt interval=6
2022-10-07 22:18:00+00:00,0.82,0.007,False,False,False,False,v,False,NOAA CO-OPS 8720218 water_level datum=NAVD units=metric tz=gmt interval=6
2022-10-07 22:24:00+00:00,0.842,0.008,False,False,False,False,v,False,NOAA CO-OPS 8720218 water_level datum=NAVD units=metric tz=gmt interval=6
2022-10-07 22:30:00+00:00,0.866,0.008,False,False,False,False,v,False,NOAA CO-OPS 8720218 water_level datum=NAVD units=metric tz=gmt interval=6
2022-10-07 22:36:00+00:00,0.889,0.004,False,False,False,False,v,False,NOAA CO-OPS 8720218 water_level datum=NAVD units=metric tz=gmt interval=6
2022-10-07 22:42:00+00:00,0.903,0.008,False,False,False,False,v,False,NOAA CO-OPS 8720218 water_level datum=NAVD units=metric tz=gmt interval=6
2022-10-07 22:48:00+00:00,0.924,0.007,False,False,False,False,v,False,NOAA CO-OPS 8720218 water_level datum=NAVD units=metric tz=gmt interval=6
2022-10-07 22:54:00+00:00,0.943,0.012,False,False,False,False,v,False,NOAA CO-OPS 8720218 water_level datum=NAVD units=metric tz=gmt interval=6
2022-10-07 23:00:00+00:00,0.953,0.012,False,False,False,False,v,False,NOAA CO-OPS 8720218 water_level datum=NAVD units=metric tz=gmt interval=6
2022-10-07 23:06:00+00:00,0.962,0.012,False,False,False,False,v,False,NOAA CO-OPS 8720218 water_level datum=NAVD units=metric tz=gmt interval=6
2022-10-07 23:12:00+00:00,0.973,0.009,False,False,False,False,v,False,NOAA CO-OPS 8720218 water_level datum=NAVD units=metric tz=gmt interval=6
2022-10-07 23:18:00+00:00,0.986,0.009,False,False,False,False,v,False,NOAA CO-OPS 8720218 water_level datum=NAVD units=metric tz=gmt interval=6
2022-10-07 23:24:00+00:00,1.004,0.009,False,False,False,False,v,False,NOAA CO-OPS 8720218 water_level datum=NAVD units=metric tz=gmt interval=6
2022-10-07 23:30:00+00:00,1.007,0.007,False,False,False,False,v,False,NOAA CO-OPS 8720218 water_level datum=NAVD units=metric tz=gmt interval=6
2022-10-07 23:36:00+00:00,1.023,0.014,False,False,False,False,v,False,NOAA CO-OPS 8720218 water_level datum=NAVD units=metric tz=gmt interval=6
2022-10-07 23:42:00+00:00,1.029,0.01,False,False,False,False,v,False,NOAA CO-OPS 8720218 water_level datum=NAVD units=metric tz=gmt interval=6
2022-10-07 23:48:00+00:00,1.017,0.01,False,False,False,False,v,False,NOAA CO-OPS 8720218 water_level datum=NAVD units=metric tz=gmt interval=6
2022-10-07 23:54:00+00:00,1.029,0.007,False,False,False,False,v,False,NOAA CO-OPS 8720218 water_level datum=NAVD units=metric tz=gmt interval=6
2022-10-08 00:00:00+00:00,1.031,0.01,False,False,False,False,v,False,NOAA CO-OPS 8720218 water_level datum=NAVD units=metric tz=gmt interval=6
2022-10-08 00:06:00+00:00,1.028,0.01,False,False,False,False,v,False,NOAA CO-OPS 8720218 water_level datum=NAVD units=metric tz=gmt interval=6
2022-10-08 00:12:00+00:00,1.019,0.006,False,False,False,False,v,False,NOAA CO-OPS 8720218 water_level datum=NAVD units=metric tz=gmt interval=6
2022-10-08 00:18:00+00:00,1.011,0.012,False,False,False,False,v,False,NOAA CO-OPS 8720218 water_level datum=NAVD units=metric tz=gmt interval=6
2022-10-08 00:24:00+00:00,0.992,0.011,False,False,False,False,v,False,NOAA CO-OPS 8720218 water_level datum=NAVD units=metric tz=gmt interval=6
2022-10-08 00:30:00+00:00,0.981,0.013,False,False,False,False,v,False,NOAA CO-OPS 8720218 water_level datum=NAVD units=metric tz=gmt interval=6
2022-10-08 00:36:00+00:00,0.975,0.005,False,False,False,False,v,False,NOAA CO-OPS 8720218 water_level datum=NAVD units=metric tz=gmt interval=6
2022-10-08 00:42:00+00:00,0.962,0.004,False,False,False,False,v,False,NOAA CO-OPS 8720218 water_level datum=NAVD units=metric tz=gmt interval=6
2022-10-08 00:48:00+00:00,0.937,0.006,False,False,False,False,v,False,NOAA CO-OPS 8720218 water_level datum=NAVD units=metric tz=gmt interval=6
2022-10-08 00:54:00+00:00,0.913,0.006,False,False,False,False,v,False,NOAA CO-OPS 8720218 water_level datum=NAVD units=metric tz=gmt interval=6
2022-10-08 01:00:00+00:00,0.871,0.004,False,False,False,False,v,False,NOAA CO-OPS 8720218 water_level datum=NAVD units=metric tz=gmt interval=6
2022-10-08 01:06:00+00:00,0.856,0.022,False,False,False,False,v,False,NOAA CO-OPS 8720218 water_level datum=NAVD units=metric tz=gmt interval=6
2022-10-08 01:12:00+00:00,0.811,0.008,False,False,False,False,v,False,NOAA CO-OPS 8720218 water_level datum=NAVD units=metric tz=gmt interval=6
2022-10-08 01:18:00+00:00,0.79,0.008,False,False,False,False,v,False,NOAA CO-OPS 8720218 water_level datum=NAVD units=metric tz=gmt interval=6
2022-10-08 01:24:00+00:00,0.739,0.013,False,False,False,False,v,False,NOAA CO-OPS 8720218 water_level datum=NAVD units=metric tz=gmt interval=6
2022-10-08 01:30:00+00:00,0.709,0.013,False,False,False,False,v,False,NOAA CO-OPS 8720218 water_level datum=NAVD units=metric tz=gmt interval=6
2022-10-08 01:36:00+00:00,0.67,0.017,False,False,False,False,v,False,NOAA CO-OPS 8720218 water_level datum=NAVD units=metric tz=gmt interval=6
2022-10-08 01:42:00+00:00,0.629,0.008,False,False,False,False,v,False,NOAA CO-OPS 8720218 water_level datum=NAVD units=metric tz=gmt interval=6
2022-10-08 01:48:00+00:00,0.574,0.009,False,False,False,False,v,False,NOAA CO-OPS 8720218 water_level datum=NAVD units=metric tz=gmt interval=6
2022-10-08 01:54:00+00:00,0.526,0.007,False,False,False,False,v,False,NOAA CO-OPS 8720218 water_level datum=NAVD units=metric tz=gmt interval=6
2022-10-08 02:00:00+00:00,0.475,0.007,False,False,False,False,v,False,NOAA CO-OPS 8720218 water_level datum=NAVD units=metric tz=gmt interval=6
2022-10-08 02:06:00+00:00,0.424,0.008,False,False,False,False,v,False,NOAA CO-OPS 8720218 water_level datum=NAVD units=metric tz=gmt interval=6
2022-10-08 02:12:00+00:00,0.372,0.009,False,False,False,False,v,False,NOAA CO-OPS 8720218 water_level datum=NAVD units=metric tz=gmt interval=6
2022-10-08 02:18:00+00:00,0.316,0.01,False,False,False,False,v,False,NOAA CO-OPS 8720218 water_level datum=NAVD units=metric tz=gmt interval=6
2022-10-08 02:24:00+00:00,0.258,0.009,False,False,False,False,v,False,NOAA CO-OPS 8720218 water_level datum=NAVD units=metric tz=gmt interval=6
2022-10-08 02:30:00+00:00,0.201,0.007,False,False,False,False,v,False,NOAA CO-OPS 8720218 water_level datum=NAVD units=metric tz=gmt interval=6
2022-10-08 02:36:00+00:00,0.147,0.007,False,False,False,False,v,False,NOAA CO-OPS 8720218 water_level datum=NAVD units=metric tz=gmt interval=6
2022-10-08 02:42:00+00:00,0.097,0.007,False,False,False,False,v,False,NOAA CO-OPS 8720218 water_level datum=NAVD units=metric tz=gmt interval=6
2022-10-08 02:48:00+00:00,0.05,0.007,False,False,False,False,v,False,NOAA CO-OPS 8720218 water_level datum=NAVD units=metric tz=gmt interval=6
2022-10-08 02:54:00+00:00,0.007,0.007,False,False,False,False,v,False,NOAA CO-OPS 8720218 water_level datum=NAVD units=metric tz=gmt interval=6
2022-10-08 03:00:00+00:00,-0.039,0.006,False,False,False,False,v,False,NOAA CO-OPS 8720218 water_level datum=NAVD units=metric tz=gmt interval=6
2022-10-08 03:06:00+00:00,-0.082,0.006,False,False,False,False,v,False,NOAA CO-OPS 8720218 water_level datum=NAVD units=metric tz=gmt interval=6
2022-10-08 03:12:00+00:00,-0.124,0.006,False,False,False,False,v,False,NOAA CO-OPS 8720218 water_level datum=NAVD units=metric tz=gmt interval=6
2022-10-08 03:18:00+00:00,-0.155,0.005,False,False,False,False,v,False,NOAA CO-OPS 8720218 water_level datum=NAVD units=metric tz=gmt interval=6
2022-10-08 03:24:00+00:00,-0.185,0.005,False,False,False,False,v,False,NOAA CO-OPS 8720218 water_level datum=NAVD units=metric tz=gmt interval=6
2022-10-08 03:30:00+00:00,-0.225,0.006,False,False,False,False,v,False,NOAA CO-OPS 8720218 water_level datum=NAVD units=metric tz=gmt interval=6
2022-10-08 03:36:00+00:00,-0.26,0.005,False,False,False,False,v,False,NOAA CO-OPS 8720218 water_level datum=NAVD units=metric tz=gmt interval=6
2022-10-08 03:42:00+00:00,-0.295,0.005,False,False,False,False,v,False,NOAA CO-OPS 8720218 water_level datum=NAVD units=metric tz=gmt interval=6
2022-10-08 03:48:00+00:00,-0.33,0.005,False,False,False,False,v,False,NOAA CO-OPS 8720218 water_level datum=NAVD units=metric tz=gmt interval=6
2022-10-08 03:54:00+00:00,-0.358,0.007,False,False,False,False,v,False,NOAA CO-OPS 8720218 water_level datum=NAVD units=metric tz=gmt interval=6
2022-10-08 04:00:00+00:00,-0.385,0.004,False,False,False,False,v,False,NOAA CO-OPS 8720218 water_level datum=NAVD units=metric tz=gmt interval=6
2022-10-08 04:06:00+00:00,-0.431,0.014,False,False,False,False,v,False,NOAA CO-OPS 8720218 water_level datum=NAVD units=metric tz=gmt interval=6
2022-10-08 04:12:00+00:00,-0.456,0.013,False,False,False,False,v,False,NOAA CO-OPS 8720218 water_level datum=NAVD units=metric tz=gmt interval=6
2022-10-08 04:18:00+00:00,-0.489,0.007,False,False,False,False,v,False,NOAA CO-OPS 8720218 water_level datum=NAVD units=metric tz=gmt interval=6
2022-10-08 04:24:00+00:00,-0.511,0.007,False,False,False,False,v,False,NOAA CO-OPS 8720218 water_level datum=NAVD units=metric tz=gmt interval=6
2022-10-08 04:30:00+00:00,-0.531,0.008,False,False,False,False,v,False,NOAA CO-OPS 8720218 water_level datum=NAVD units=metric tz=gmt interval=6
2022-10-08 04:36:00+00:00,-0.555,0.006,False,False,False,False,v,False,NOAA CO-OPS 8720218 water_level datum=NAVD units=metric tz=gmt interval=6
2022-10-08 04:42:00+00:00,-0.579,0.007,False,False,False,False,v,False,NOAA CO-OPS 8720218 water_level datum=NAVD units=metric tz=gmt interval=6
2022-10-08 04:48:00+00:00,-0.604,0.005,False,False,False,False,v,False,NOAA CO-OPS 8720218 water_level datum=NAVD units=metric tz=gmt interval=6
2022-10-08 04:54:00+00:00,-0.632,0.005,False,False,False,False,v,False,NOAA CO-OPS 8720218 water_level datum=NAVD units=metric tz=gmt interval=6
2022-10-08 05:00:00+00:00,-0.654,0.005,False,False,False,False,v,False,NOAA CO-OPS 8720218 water_level datum=NAVD units=metric tz=gmt interval=6
2022-10-08 05:06:00+00:00,-0.68,0.004,False,False,False,False,v,False,NOAA CO-OPS 8720218 water_level datum=NAVD units=metric tz=gmt interval=6
2022-10-08 05:12:00+00:00,-0.7,0.004,False,False,False,False,v,False,NOAA CO-OPS 8720218 water_level datum=NAVD units=metric tz=gmt interval=6
2022-10-08 05:18:00+00:00,-0.71,0.004,False,False,False,False,v,False,NOAA CO-OPS 8720218 water_level datum=NAVD units=metric tz=gmt interval=6
2022-10-08 05:24:00+00:00,-0.723,0.004,False,False,False,False,v,False,NOAA CO-OPS 8720218 water_level datum=NAVD units=metric tz=gmt interval=6
2022-10-08 05:30:00+00:00,-0.732,0.006,False,False,False,False,v,False,NOAA CO-OPS 8720218 water_level datum=NAVD units=metric tz=gmt interval=6
2022-10-08 05:36:00+00:00,-0.73,0.004,False,False,False,False,v,False,NOAA CO-OPS 8720218 water_level datum=NAVD units=metric tz=gmt interval=6
2022-10-08 05:42:00+00:00,-0.726,0.004,False,False,False,False,v,False,NOAA CO-OPS 8720218 water_level datum=NAVD units=metric tz=gmt interval=6
2022-10-08 05:48:00+00:00,-0.719,0.009,False,False,False,False,v,False,NOAA CO-OPS 8720218 water_level datum=NAVD units=metric tz=gmt interval=6
2022-10-08 05:54:00+00:00,-0.719,0.005,False,False,False,False,v,False,NOAA CO-OPS 8720218 water_level datum=NAVD units=metric tz=gmt interval=6
2022-10-08 06:00:00+00:00,-0.719,0.004,False,False,False,False,v,False,NOAA CO-OPS 8720218 water_level datum=NAVD units=metric tz=gmt interval=6
2022-10-08 06:06:00+00:00,-0.727,0.005,False,False,False,False,v,False,NOAA CO-OPS 8720218 water_level datum=NAVD units=metric tz=gmt interval=6
2022-10-08 06:12:00+00:00,-0.714,0.006,False,False,False,False,v,False,NOAA CO-OPS 8720218 water_level datum=NAVD units=metric tz=gmt interval=6
2022-10-08 06:18:00+00:00,-0.703,0.006,False,False,False,False,v,False,NOAA CO-OPS 8720218 water_level datum=NAVD units=metric tz=gmt interval=6
2022-10-08 06:24:00+00:00,-0.69,0.014,False,False,False,False,v,False,NOAA CO-OPS 8720218 water_level datum=NAVD units=metric tz=gmt interval=6
2022-10-08 06:30:00+00:00,-0.674,0.006,False,False,False,False,v,False,NOAA CO-OPS 8720218 water_level datum=NAVD units=metric tz=gmt interval=6
2022-10-08 06:36:00+00:00,-0.657,0.008,False,False,False,False,v,False,NOAA CO-OPS 8720218 water_level datum=NAVD units=metric tz=gmt interval=6
2022-10-08 06:42:00+00:00,-0.631,0.007,False,False,False,False,v,False,NOAA CO-OPS 8720218 water_level datum=NAVD units=metric tz=gmt interval=6
2022-10-08 06:48:00+00:00,-0.606,0.007,False,False,False,False,v,False,NOAA CO-OPS 8720218 water_level datum=NAVD units=metric tz=gmt interval=6
2022-10-08 06:54:00+00:00,-0.578,0.01,False,False,False,False,v,False,NOAA CO-OPS 8720218 water_level datum=NAVD units=metric tz=gmt interval=6
2022-10-08 07:00:00+00:00,-0.546,0.006,False,False,False,False,v,False,NOAA CO-OPS 8720218 water_level datum=NAVD units=metric tz=gmt interval=6
2022-10-08 07:06:00+00:00,-0.511,0.007,False,False,False,False,v,False,NOAA CO-OPS 8720218 water_level datum=NAVD units=metric tz=gmt interval=6
2022-10-08 07:12:00+00:00,-0.473,0.008,False,False,False,False,v,False,NOAA CO-OPS 8720218 water_level datum=NAVD units=metric tz=gmt interval=6
2022-10-08 07:18:00+00:00,-0.43,0.007,False,False,False,False,v,False,NOAA CO-OPS 8720218 water_level datum=NAVD units=metric tz=gmt interval=6
2022-10-08 07:24:00+00:00,-0.388,0.006,False,False,False,False,v,False,NOAA CO-OPS 8720218 water_level datum=NAVD units=metric tz=gmt interval=6
2022-10-08 07:30:00+00:00,-0.341,0.006,False,False,False,False,v,False,NOAA CO-OPS 8720218 water_level datum=NAVD units=metric tz=gmt interval=6
2022-10-08 07:36:00+00:00,-0.298,0.006,False,False,False,False,v,False,NOAA CO-OPS 8720218 water_level datum=NAVD units=metric tz=gmt interval=6
2022-10-08 07:42:00+00:00,-0.254,0.007,False,False,False,False,v,False,NOAA CO-OPS 8720218 water_level datum=NAVD units=metric tz=gmt interval=6
2022-10-08 07:48:00+00:00,-0.207,0.004,False,False,False,False,v,False,NOAA CO-OPS 8720218 water_level datum=NAVD units=metric tz=gmt interval=6
2022-10-08 07:54:00+00:00,-0.165,0.008,False,False,False,False,v,False,NOAA CO-OPS 8720218 water_level datum=NAVD units=metric tz=gmt interval=6
2022-10-08 08:00:00+00:00,-0.121,0.007,False,False,False,False,v,False,NOAA CO-OPS 8720218 water_level datum=NAVD units=metric tz=gmt interval=6
2022-10-08 08:06:00+00:00,-0.104,0.019,False,False,False,False,v,False,NOAA CO-OPS 8720218 water_level datum=NAVD units=metric tz=gmt interval=6
2022-10-08 08:12:00+00:00,-0.05,0.006,False,False,False,False,v,False,NOAA CO-OPS 8720218 water_level datum=NAVD units=metric tz=gmt interval=6
2022-10-08 08:18:00+00:00,-0.007,0.013,False,False,False,False,v,False,NOAA CO-OPS 8720218 water_level datum=NAVD units=metric tz=gmt interval=6
2022-10-08 08:24:00+00:00,0.014,0.007,False,False,False,False,v,False,NOAA CO-OPS 8720218 water_level datum=NAVD units=metric tz=gmt interval=6
2022-10-08 08:30:00+00:00,0.077,0.011,False,False,False,False,v,False,NOAA CO-OPS 8720218 water_level datum=NAVD units=metric tz=gmt interval=6
2022-10-08 08:36:00+00:00,0.086,0.011,False,False,False,False,v,False,NOAA CO-OPS 8720218 water_level datum=NAVD units=metric tz=gmt interval=6
2022-10-08 08:42:00+00:00,0.138,0.018,False,False,False,False,v,False,NOAA CO-OPS 8720218 water_level datum=NAVD units=metric tz=gmt interval=6
2022-10-08 08:48:00+00:00,0.172,0.008,False,False,False,False,v,False,NOAA CO-OPS 8720218 water_level datum=NAVD units=metric tz=gmt interval=6
2022-10-08 08:54:00+00:00,0.21,0.005,False,False,False,False,v,False,NOAA CO-OPS 8720218 water_level datum=NAVD units=metric tz=gmt interval=6
2022-10-08 09:00:00+00:00,0.242,0.007,False,False,False,False,v,False,NOAA CO-OPS 8720218 water_level datum=NAVD units=metric tz=gmt interval=6
2022-10-08 09:06:00+00:00,0.274,0.006,False,False,False,False,v,False,NOAA CO-OPS 8720218 water_level datum=NAVD units=metric tz=gmt interval=6
2022-10-08 09:12:00+00:00,0.299,0.005,False,False,False,False,v,False,NOAA CO-OPS 8720218 water_level datum=NAVD units=metric tz=gmt interval=6
2022-10-08 09:18:00+00:00,0.344,0.007,False,False,False,False,v,False,NOAA CO-OPS 8720218 water_level datum=NAVD units=metric tz=gmt interval=6
2022-10-08 09:24:00+00:00,0.371,0.006,False,False,False,False,v,False,NOAA CO-OPS 8720218 water_level datum=NAVD units=metric tz=gmt interval=6
2022-10-08 09:30:00+00:00,0.401,0.01,False,False,False,False,v,False,NOAA CO-OPS 8720218 water_level datum=NAVD units=metric tz=gmt interval=6
2022-10-08 09:36:00+00:00,0.442,0.007,False,False,False,False,v,False,NOAA CO-OPS 8720218 water_level datum=NAVD units=metric tz=gmt interval=6
2022-10-08 09:42:00+00:00,0.467,0.007,False,False,False,False,v,False,NOAA CO-OPS 8720218 water_level datum=NAVD units=metric tz=gmt interval=6
2022-10-08 09:48:00+00:00,0.503,0.009,False,False,False,False,v,False,NOAA CO-OPS 8720218 water_level datum=NAVD units=metric tz=gmt interval=6
2022-10-08 09:54:00+00:00,0.531,0.006,False,False,False,False,v,False,NOAA CO-OPS 8720218 water_level datum=NAVD units=metric tz=gmt interval=6
2022-10-08 10:00:00+00:00,0.551,0.004,False,False,False,False,v,False,NOAA CO-OPS 8720218 water_level datum=NAVD units=metric tz=gmt interval=6
2022-10-08 10:06:00+00:00,0.548,0.039,False,False,False,False,v,False,NOAA CO-OPS 8720218 water_level datum=NAVD units=metric tz=gmt interval=6
2022-10-08 10:12:00+00:00,0.597,0.006,False,False,False,False,v,False,NOAA CO-OPS 8720218 water_level datum=NAVD units=metric tz=gmt interval=6
2022-10-08 10:18:00+00:00,0.622,0.02,False,False,False,False,v,False,NOAA CO-OPS 8720218 water_level datum=NAVD units=metric tz=gmt interval=6
2022-10-08 10:24:00+00:00,0.614,0.011,False,False,False,False,v,False,NOAA CO-OPS 8720218 water_level datum=NAVD units=metric tz=gmt interval=6
2022-10-08 10:30:00+00:00,0.672,0.017,False,False,False,False,v,False,NOAA CO-OPS 8720218 water_level datum=NAVD units=metric tz=gmt interval=6
2022-10-08 10:36:00+00:00,0.698,0.012,False,False,False,False,v,False,NOAA CO-OPS 8720218 water_level datum=NAVD units=metric tz=gmt interval=6
2022-10-08 10:42:00+00:00,0.713,0.007,False,False,False,False,v,False,NOAA CO-OPS 8720218 water_level datum=NAVD units=metric tz=gmt interval=6
2022-10-08 10:48:00+00:00,0.734,0.011,False,False,False,False,v,False,NOAA CO-OPS 8720218 water_level datum=NAVD units=metric tz=gmt interval=6
2022-10-08 10:54:00+00:00,0.755,0.006,False,False,False,False,v,False,NOAA CO-OPS 8720218 water_level datum=NAVD units=metric tz=gmt interval=6
2022-10-08 11:00:00+00:00,0.772,0.008,False,False,False,False,v,False,NOAA CO-OPS 8720218 water_level datum=NAVD units=metric tz=gmt interval=6
2022-10-08 11:06:00+00:00,0.797,0.008,False,False,False,False,v,False,NOAA CO-OPS 8720218 water_level datum=NAVD units=metric tz=gmt interval=6
2022-10-08 11:12:00+00:00,0.809,0.008,False,False,False,False,v,False,NOAA CO-OPS 8720218 water_level datum=NAVD units=metric tz=gmt interval=6
2022-10-08 11:18:00+00:00,0.821,0.007,False,False,False,False,v,False,NOAA CO-OPS 8720218 water_level datum=NAVD units=metric tz=gmt interval=6
2022-10-08 11:24:00+00:00,0.843,0.006,False,False,False,False,v,False,NOAA CO-OPS 8720218 water_level datum=NAVD units=metric tz=gmt interval=6
2022-10-08 11:30:00+00:00,0.864,0.004,False,False,False,False,v,False,NOAA CO-OPS 8720218 water_level datum=NAVD units=metric tz=gmt interval=6
2022-10-08 11:36:00+00:00,0.873,0.005,False,False,False,False,v,False,NOAA CO-OPS 8720218 water_level datum=NAVD units=metric tz=gmt interval=6
2022-10-08 11:42:00+00:00,0.883,0.006,False,False,False,False,v,False,NOAA CO-OPS 8720218 water_level datum=NAVD units=metric tz=gmt interval=6
2022-10-08 11:48:00+00:00,0.894,0.005,False,False,False,False,v,False,NOAA CO-OPS 8720218 water_level datum=NAVD units=metric tz=gmt interval=6
2022-10-08 11:54:00+00:00,0.904,0.008,False,False,False,False,v,False,NOAA CO-OPS 8720218 water_level datum=NAVD units=metric tz=gmt interval=6
2022-10-08 12:00:00+00:00,0.911,0.006,False,False,False,False,v,False,NOAA CO-OPS 8720218 water_level datum=NAVD units=metric tz=gmt interval=6
2022-10-08 12:06:00+00:00,0.92,0.005,False,False,False,False,v,False,NOAA CO-OPS 8720218 water_level datum=NAVD units=metric tz=gmt interval=6
2022-10-08 12:12:00+00:00,0.924,0.005,False,False,False,False,v,False,NOAA CO-OPS 8720218 water_level datum=NAVD units=metric tz=gmt interval=6
2022-10-08 12:18:00+00:00,0.927,0.006,False,False,False,False,v,False,NOAA CO-OPS 8720218 water_level datum=NAVD units=metric tz=gmt interval=6
2022-10-08 12:24:00+00:00,0.931,0.005,False,False,False,False,v,False,NOAA CO-OPS 8720218 water_level datum=NAVD units=metric tz=gmt interval=6
2022-10-08 12:30:00+00:00,0.932,0.005,False,False,False,False,v,False,NOAA CO-OPS 8720218 water_level datum=NAVD units=metric tz=gmt interval=6
2022-10-08 12:36:00+00:00,0.925,0.006,False,False,False,False,v,False,NOAA CO-OPS 8720218 water_level datum=NAVD units=metric tz=gmt interval=6
2022-10-08 12:42:00+00:00,0.917,0.005,False,False,False,False,v,False,NOAA CO-OPS 8720218 water_level datum=NAVD units=metric tz=gmt interval=6
2022-10-08 12:48:00+00:00,0.905,0.004,False,False,False,False,v,False,NOAA CO-OPS 8720218 water_level datum=NAVD units=metric tz=gmt interval=6
2022-10-08 12:54:00+00:00,0.901,0.004,False,False,False,False,v,False,NOAA CO-OPS 8720218 water_level datum=NAVD units=metric tz=gmt interval=6
2022-10-08 13:00:00+00:00,0.891,0.003,False,False,False,False,v,False,NOAA CO-OPS 8720218 water_level datum=NAVD units=metric tz=gmt interval=6
2022-10-08 13:06:00+00:00,0.875,0.004,False,False,False,False,v,False,NOAA CO-OPS 8720218 water_level datum=NAVD units=metric tz=gmt interval=6
2022-10-08 13:12:00+00:00,0.853,0.005,False,False,False,False,v,False,NOAA CO-OPS 8720218 water_level datum=NAVD units=metric tz=gmt interval=6
2022-10-08 13:18:00+00:00,0.826,0.005,False,False,False,False,v,False,NOAA CO-OPS 8720218 water_level datum=NAVD units=metric tz=gmt interval=6
2022-10-08 13:24:00+00:00,0.803,0.004,False,False,False,False,v,False,NOAA CO-OPS 8720218 water_level datum=NAVD units=metric tz=gmt interval=6
2022-10-08 13:30:00+00:00,0.776,0.005,False,False,False,False,v,False,NOAA CO-OPS 8720218 water_level datum=NAVD units=metric tz=gmt interval=6
2022-10-08 13:36:00+00:00,0.746,0.005,False,False,False,False,v,False,NOAA CO-OPS 8720218 water_level datum=NAVD units=metric tz=gmt interval=6
2022-10-08 13:42:00+00:00,0.72,0.011,False,False,False,False,v,False,NOAA CO-OPS 8720218 water_level datum=NAVD units=metric tz=gmt interval=6
2022-10-08 13:48:00+00:00,0.69,0.007,False,False,False,False,v,False,NOAA CO-OPS 8720218 water_level datum=NAVD units=metric tz=gmt interval=6
2022-10-08 13:54:00+00:00,0.639,0.013,False,False,False,False,v,False,NOAA CO-OPS 8720218 water_level datum=NAVD units=metric tz=gmt interval=6
2022-10-08 14:00:00+00:00,0.587,0.01,False,False,False,False,v,False,NOAA CO-OPS 8720218 water_level datum=NAVD units=metric tz=gmt interval=6
2022-10-08 14:06:00+00:00,0.533,0.008,False,False,False,False,v,False,NOAA CO-OPS 8720218 water_level datum=NAVD units=metric tz=gmt interval=6
2022-10-08 14:12:00+00:00,0.475,0.011,False,False,False,False,v,False,NOAA CO-OPS 8720218 water_level datum=NAVD units=metric tz=gmt interval=6
2022-10-08 14:18:00+00:00,0.439,0.007,False,False,False,False,v,False,NOAA CO-OPS 8720218 water_level datum=NAVD units=metric tz=gmt interval=6
2022-10-08 14:24:00+00:00,0.385,0.008,False,False,False,False,v,False,NOAA CO-OPS 8720218 water_level datum=NAVD units=metric tz=gmt interval=6
2022-10-08 14:30:00+00:00,0.314,0.005,False,False,False,False,v,False,NOAA CO-OPS 8720218 water_level datum=NAVD units=metric tz=gmt interval=6
2022-10-08 14:36:00+00:00,0.263,0.01,False,False,False,False,v,False,NOAA CO-OPS 8720218 water_level datum=NAVD units=metric tz=gmt interval=6
2022-10-08 14:42:00+00:00,0.196,0.006,False,False,False,False,v,False,NOAA CO-OPS 8720218 water_level datum=NAVD units=metric tz=gmt interval=6
2022-10-08 14:48:00+00:00,0.149,0.009,False,False,False,False,v,False,NOAA CO-OPS 8720218 water_level datum=NAVD units=metric tz=gmt interval=6
2022-10-08 14:54:00+00:00,0.101,0.009,False,False,False,False,v,False,NOAA CO-OPS 8720218 water_level datum=NAVD units=metric tz=gmt interval=6
2022-10-08 15:00:00+00:00,0.03,0.008,False,False,False,False,v,False,NOAA CO-OPS 8720218 water_level datum=NAVD units=metric tz=gmt interval=6
2022-10-08 15:06:00+00:00,-0.003,0.007,False,False,False,False,v,False,NOAA CO-OPS 8720218 water_level datum=NAVD units=metric tz=gmt interval=6
2022-10-08 15:12:00+00:00,-0.063,0.008,False,False,False,False,v,False,NOAA CO-OPS 8720218 water_level datum=NAVD units=metric tz=gmt interval=6
2022-10-08 15:18:00+00:00,-0.113,0.009,False,False,False,False,v,False,NOAA CO-OPS 8720218 water_level datum=NAVD units=metric tz=gmt interval=6
2022-10-08 15:24:00+00:00,-0.153,0.01,False,False,False,False,v,False,NOAA CO-OPS 8720218 water_level datum=NAVD units=metric tz=gmt interval=6
2022-10-08 15:30:00+00:00,-0.197,0.009,False,False,False,False,v,False,NOAA CO-OPS 8720218 water_level datum=NAVD units=metric tz=gmt interval=6
2022-10-08 15:36:00+00:00,-0.237,0.007,False,False,False,False,v,False,NOAA CO-OPS 8720218 water_level datum=NAVD units=metric tz=gmt interval=6
2022-10-08 15:42:00+00:00,-0.275,0.011,False,False,False,False,v,False,NOAA CO-OPS 8720218 water_level datum=NAVD units=metric tz=gmt interval=6
2022-10-08 15:48:00+00:00,-0.314,0.009,False,False,False,False,v,False,NOAA CO-OPS 8720218 water_level datum=NAVD units=metric tz=gmt interval=6
2022-10-08 15:54:00+00:00,-0.351,0.015,False,False,False,False,v,False,NOAA CO-OPS 8720218 water_level datum=NAVD units=metric tz=gmt interval=6
2022-10-08 16:00:00+00:00,-0.39,0.008,False,False,False,False,v,False,NOAA CO-OPS 8720218 water_level datum=NAVD units=metric tz=gmt interval=6
2022-10-08 16:06:00+00:00,-0.427,0.01,False,False,False,False,v,False,NOAA CO-OPS 8720218 water_level datum=NAVD units=metric tz=gmt interval=6
2022-10-08 16:12:00+00:00,-0.456,0.019,False,False,False,False,v,False,NOAA CO-OPS 8720218 water_level datum=NAVD units=metric tz=gmt interval=6
2022-10-08 16:18:00+00:00,-0.487,0.011,False,False,False,False,v,False,NOAA CO-OPS 8720218 water_level datum=NAVD units=metric tz=gmt interval=6
2022-10-08 16:24:00+00:00,-0.516,0.009,False,False,False,False,v,False,NOAA CO-OPS 8720218 water_level datum=NAVD units=metric tz=gmt interval=6
2022-10-08 16:30:00+00:00,-0.536,0.013,False,False,False,False,v,False,NOAA CO-OPS 8720218 water_level datum=NAVD units=metric tz=gmt interval=6
2022-10-08 16:36:00+00:00,-0.568,0.01,False,False,False,False,v,False,NOAA CO-OPS 8720218 water_level datum=NAVD units=metric tz=gmt interval=6
2022-10-08 16:42:00+00:00,-0.598,0.009,False,False,False,False,v,False,NOAA CO-OPS 8720218 water_level datum=NAVD units=metric tz=gmt interval=6
2022-10-08 16:48:00+00:00,-0.622,0.008,False,False,False,False,v,False,NOAA CO-OPS 8720218 water_level datum=NAVD units=metric tz=gmt interval=6
2022-10-08 16:54:00+00:00,-0.644,0.009,False,False,False,False,v,False,NOAA CO-OPS 8720218 water_level datum=NAVD units=metric tz=gmt interval=6
2022-10-08 17:00:00+00:00,-0.667,0.01,False,False,False,False,v,False,NOAA CO-OPS 8720218 water_level datum=NAVD units=metric tz=gmt interval=6
2022-10-08 17:06:00+00:00,-0.682,0.012,False,False,False,False,v,False,NOAA CO-OPS 8720218 water_level datum=NAVD units=metric tz=gmt interval=6
2022-10-08 17:12:00+00:00,-0.699,0.009,False,False,False,False,v,False,NOAA CO-OPS 8720218 water_level datum=NAVD units=metric tz=gmt interval=6
2022-10-08 17:18:00+00:00,-0.713,0.009,False,False,False,False,v,False,NOAA CO-OPS 8720218 water_level datum=NAVD units=metric tz=gmt interval=6
2022-10-08 17:24:00+00:00,-0.732,0.013,False,False,False,False,v,False,NOAA CO-OPS 8720218 water_level datum=NAVD units=metric tz=gmt interval=6
2022-10-08 17:30:00+00:00,-0.745,0.015,False,False,False,False,v,False,NOAA CO-OPS 8720218 water_level datum=NAVD units=metric tz=gmt interval=6
2022-10-08 17:36:00+00:00,-0.742,0.009,False,False,False,False,v,False,NOAA CO-OPS 8720218 water_level datum=NAVD units=metric tz=gmt interval=6
2022-10-08 17:42:00+00:00,-0.749,0.013,False,False,False,False,v,False,NOAA CO-OPS 8720218 water_level datum=NAVD units=metric tz=gmt interval=6
2022-10-08 17:48:00+00:00,-0.748,0.008,False,False,False,False,v,False,NOAA CO-OPS 8720218 water_level datum=NAVD units=metric tz=gmt interval=6
2022-10-08 17:54:00+00:00,-0.744,0.012,False,False,False,False,v,False,NOAA CO-OPS 8720218 water_level datum=NAVD units=metric tz=gmt interval=6
2022-10-08 18:00:00+00:00,-0.744,0.008,False,False,False,False,v,False,NOAA CO-OPS 8720218 water_level datum=NAVD units=metric tz=gmt interval=6
2022-10-08 18:06:00+00:00,-0.734,0.014,False,False,False,False,v,False,NOAA CO-OPS 8720218 water_level datum=NAVD units=metric tz=gmt interval=6
2022-10-08 18:12:00+00:00,-0.733,0.011,False,False,False,False,v,False,NOAA CO-OPS 8720218 water_level datum=NAVD units=metric tz=gmt interval=6
2022-10-08 18:18:00+00:00,-0.729,0.011,False,False,False,False,v,False,NOAA CO-OPS 8720218 water_level datum=NAVD units=metric tz=gmt interval=6
2022-10-08 18:24:00+00:00,-0.712,0.015,False,False,False,False,v,False,NOAA CO-OPS 8720218 water_level datum=NAVD units=metric tz=gmt interval=6
2022-10-08 18:30:00+00:00,-0.716,0.009,False,False,False,False,v,False,NOAA CO-OPS 8720218 water_level datum=NAVD units=metric tz=gmt interval=6
2022-10-08 18:36:00+00:00,-0.696,0.012,False,False,False,False,v,False,NOAA CO-OPS 8720218 water_level datum=NAVD units=metric tz=gmt interval=6
2022-10-08 18:42:00+00:00,-0.692,0.01,False,False,False,False,v,False,NOAA CO-OPS 8720218 water_level datum=NAVD units=metric tz=gmt interval=6
2022-10-08 18:48:00+00:00,-0.681,0.011,False,False,False,False,v,False,NOAA CO-OPS 8720218 water_level datum=NAVD units=metric tz=gmt interval=6
2022-10-08 18:54:00+00:00,-0.664,0.023,False,False,False,False,v,False,NOAA CO-OPS 8720218 water_level datum=NAVD units=metric tz=gmt interval=6
2022-10-08 19:00:00+00:00,-0.651,0.011,False,False,False,False,v,False,NOAA CO-OPS 8720218 water_level datum=NAVD units=metric tz=gmt interval=6
2022-10-08 19:06:00+00:00,-0.631,0.016,False,False,False,False,v,False,NOAA CO-OPS 8720218 water_level datum=NAVD units=metric tz=gmt interval=6
2022-10-08 19:12:00+00:00,-0.607,0.011,False,False,False,False,v,False,NOAA CO-OPS 8720218 water_level datum=NAVD units=metric tz=gmt interval=6
2022-10-08 19:18:00+00:00,-0.568,0.01,False,False,False,False,v,False,NOAA CO-OPS 8720218 water_level datum=NAVD units=metric tz=gmt interval=6
2022-10-08 19:24:00+00:00,-0.538,0.007,False,False,False,False,v,False,NOAA CO-OPS 8720218 water_level datum=NAVD units=metric tz=gmt interval=6
2022-10-08 19:30:00+00:00,-0.515,0.009,False,False,False,False,v,False,NOAA CO-OPS 8720218 water_level datum=NAVD units=metric tz=gmt interval=6
2022-10-08 19:36:00+00:00,-0.487,0.009,False,False,False,False,v,False,NOAA CO-OPS 8720218 water_level datum=NAVD units=metric tz=gmt interval=6
2022-10-08 19:42:00+00:00,-0.448,0.01,False,False,False,False,v,False,NOAA CO-OPS 8720218 water_level datum=NAVD units=metric tz=gmt interval=6
2022-10-08 19:48:00+00:00,-0.404,0.008,False,False,False,False,v,False,NOAA CO-OPS 8720218 water_level datum=NAVD units=metric tz=gmt interval=6
2022-10-08 19:54:00+00:00,-0.361,0.013,False,False,False,False,v,False,NOAA CO-OPS 8720218 water_level datum=NAVD units=metric tz=gmt interval=6
2022-10-08 20:00:00+00:00,-0.327,0.01,False,False,False,False,v,False,NOAA CO-OPS 8720218 water_level datum=NAVD units=metric tz=gmt interval=6
2022-10-08 20:06:00+00:00,-0.293,0.012,False,False,False,False,v,False,NOAA CO-OPS 8720218 water_level datum=NAVD units=metric tz=gmt interval=6
2022-10-08 20:12:00+00:00,-0.254,0.013,False,False,False,False,v,False,NOAA CO-OPS 8720218 water_level datum=NAVD units=metric tz=gmt interval=6
2022-10-08 20:18:00+00:00,-0.213,0.009,False,False,False,False,v,False,NOAA CO-OPS 8720218 water_level datum=NAVD units=metric tz=gmt interval=6
2022-10-08 20:24:00+00:00,-0.188,0.009,False,False,False,False,v,False,NOAA CO-OPS 8720218 water_level datum=NAVD units=metric tz=gmt interval=6
2022-10-08 20:30:00+00:00,-0.13,0.011,False,False,False,False,v,False,NOAA CO-OPS 8720218 water_level datum=NAVD units=metric tz=gmt interval=6
2022-10-08 20:36:00+00:00,-0.096,0.007,False,False,False,False,v,False,NOAA CO-OPS 8720218 water_level datum=NAVD units=metric tz=gmt interval=6
2022-10-08 20:42:00+00:00,-0.068,0.005,False,False,False,False,v,False,NOAA CO-OPS 8720218 water_level datum=NAVD units=metric tz=gmt interval=6
2022-10-08 20:48:00+00:00,-0.03,0.018,False,False,False,False,v,False,NOAA CO-OPS 8720218 water_level datum=NAVD units=metric tz=gmt interval=6
2022-10-08 20:54:00+00:00,0.007,0.011,False,False,False,False,v,False,NOAA CO-OPS 8720218 water_level datum=NAVD units=metric tz=gmt interval=6
2022-10-08 21:00:00+00:00,0.059,0.01,False,False,False,False,v,False,NOAA CO-OPS 8720218 water_level datum=NAVD units=metric tz=gmt interval=6
2022-10-08 21:06:00+00:00,0.1,0.01,False,False,False,False,v,False,NOAA CO-OPS 8720218 water_level datum=NAVD units=metric tz=gmt interval=6
2022-10-08 21:12:00+00:00,0.129,0.011,False,False,False,False,v,False,NOAA CO-OPS 8720218 water_level datum=NAVD units=metric tz=gmt interval=6
2022-10-08 21:18:00+00:00,0.167,0.019,False,False,False,False,v,False,NOAA CO-OPS 8720218 water_level datum=NAVD units=metric tz=gmt interval=6
2022-10-08 21:24:00+00:00,0.203,0.009,False,False,False,False,v,False,NOAA CO-OPS 8720218 water_level datum=NAVD units=metric tz=gmt interval=6
2022-10-08 21:30:00+00:00,0.231,0.011,False,False,False,False,v,False,NOAA CO-OPS 8720218 water_level datum=NAVD units=metric tz=gmt interval=6
2022-10-08 21:36:00+00:00,0.285,0.008,False,False,False,False,v,False,NOAA CO-OPS 8720218 water_level datum=NAVD units=metric tz=gmt interval=6
2022-10-08 21:42:00+00:00,0.313,0.011,False,False,False,False,v,False,NOAA CO-OPS 8720218 water_level datum=NAVD units=metric tz=gmt interval=6
2022-10-08 21:48:00+00:00,0.347,0.007,False,False,False,False,v,False,NOAA CO-OPS 8720218 water_level datum=NAVD units=metric tz=gmt interval=6
2022-10-08 21:54:00+00:00,0.383,0.008,False,False,False,False,v,False,NOAA CO-OPS 8720218 water_level datum=NAVD units=metric tz=gmt interval=6
2022-10-08 22:00:00+00:00,0.415,0.007,False,False,False,False,v,False,NOAA CO-OPS 8720218 water_level datum=NAVD units=metric tz=gmt interval=6
2022-10-08 22:06:00+00:00,0.457,0.008,False,False,False,False,v,False,NOAA CO-OPS 8720218 water_level datum=NAVD units=metric tz=gmt interval=6
2022-10-08 22:12:00+00:00,0.487,0.008,False,False,False,False,v,False,NOAA CO-OPS 8720218 water_level datum=NAVD units=metric tz=gmt interval=6
2022-10-08 22:18:00+00:00,0.513,0.006,False,False,False,False,v,False,NOAA CO-OPS 8720218 water_level datum=NAVD units=metric tz=gmt interval=6
2022-10-08 22:24:00+00:00,0.541,0.005,False,False,False,False,v,False,NOAA CO-OPS 8720218 water_level datum=NAVD units=metric tz=gmt interval=6
2022-10-08 22:30:00+00:00,0.572,0.004,False,False,False,False,v,False,NOAA CO-OPS 8720218 water_level datum=NAVD units=metric tz=gmt interval=6
2022-10-08 22:36:00+00:00,0.6,0.003,False,False,False,False,v,False,NOAA CO-OPS 8720218 water_level datum=NAVD units=metric tz=gmt interval=6
2022-10-08 22:42:00+00:00,0.62,0.003,False,False,False,False,v,False,NOAA CO-OPS 8720218 water_level datum=NAVD units=metric tz=gmt interval=6
2022-10-08 22:48:00+00:00,0.636,0.003,False,False,False,False,v,False,NOAA CO-OPS 8720218 water_level datum=NAVD units=metric tz=gmt interval=6
2022-10-08 22:54:00+00:00,0.667,0.005,False,False,False,False,v,False,NOAA CO-OPS 8720218 water_level datum=NAVD units=metric tz=gmt interval=6
2022-10-08 23:00:00+00:00,0.684,0.004,False,False,False,False,v,False,NOAA CO-OPS 8720218 water_level datum=NAVD units=metric tz=gmt interval=6
2022-10-08 23:06:00+00:00,0.705,0.006,False,False,False,False,v,False,NOAA CO-OPS 8720218 water_level datum=NAVD units=metric tz=gmt interval=6
2022-10-08 23:12:00+00:00,0.728,0.009,False,False,False,False,v,False,NOAA CO-OPS 8720218 water_level datum=NAVD units=metric tz=gmt interval=6
2022-10-08 23:18:00+00:00,0.739,0.021,False,False,False,False,v,False,NOAA CO-OPS 8720218 water_level datum=NAVD units=metric tz=gmt interval=6
2022-10-08 23:24:00+00:00,0.77,0.009,False,False,False,False,v,False,NOAA CO-OPS 8720218 water_level datum=NAVD units=metric tz=gmt interval=6
2022-10-08 23:30:00+00:00,0.779,0.02,False,False,False,False,v,False,NOAA CO-OPS 8720218 water_level datum=NAVD units=metric tz=gmt interval=6
2022-10-08 23:36:00+00:00,0.815,0.009,False,False,False,False,v,False,NOAA CO-OPS 8720218 water_level datum=NAVD units=metric tz=gmt interval=6
2022-10-08 23:42:00+00:00,0.833,0.008,False,False,False,False,v,False,NOAA CO-OPS 8720218 water_level datum=NAVD units=metric tz=gmt interval=6
2022-10-08 23:48:00+00:00,0.835,0.007,False,False,False,False,v,False,NOAA CO-OPS 8720218 water_level datum=NAVD units=metric tz=gmt interval=6
2022-10-08 23:54:00+00:00,0.869,0.008,False,False,False,False,v,False,NOAA CO-OPS 8720218 water_level datum=NAVD units=metric tz=gmt interval=6
2022-10-09 00:00:00+00:00,0.876,0.007,False,False,False,False,v,False,NOAA CO-OPS 8720218 water_level datum=NAVD units=metric tz=gmt interval=6
