time_utc,tide_prediction_m_navd88
2022-09-19 00:00:00+00:00,-0.193
2022-09-19 00:06:00+00:00,-0.212
2022-09-19 00:12:00+00:00,-0.231
2022-09-19 00:18:00+00:00,-0.248
2022-09-19 00:24:00+00:00,-0.266
2022-09-19 00:30:00+00:00,-0.282
2022-09-19 00:36:00+00:00,-0.298
2022-09-19 00:42:00+00:00,-0.314
2022-09-19 00:48:00+00:00,-0.328
2022-09-19 00:54:00+00:00,-0.342
2022-09-19 01:00:00+00:00,-0.355
2022-09-19 01:06:00+00:00,-0.368
2022-09-19 01:12:00+00:00,-0.379
2022-09-19 01:18:00+00:00,-0.39
2022-09-19 01:24:00+00:00,-0.399
2022-09-19 01:30:00+00:00,-0.407
2022-09-19 01:36:00+00:00,-0.414
2022-09-19 01:42:00+00:00,-0.421
2022-09-19 01:48:00+00:00,-0.425
2022-09-19 01:54:00+00:00,-0.429
2022-09-19 02:00:00+00:00,-0.431
2022-09-19 02:06:00+00:00,-0.432
2022-09-19 02:12:00+00:00,-0.431
2022-09-19 02:18:00+00:00,-0.43
2022-09-19 02:24:00+00:00,-0.426
2022-09-19 02:30:00+00:00,-0.422
2022-09-19 02:36:00+00:00,-0.416
2022-09-19 02:42:00+00:00,-0.409
2022-09-19 02:48:00+00:00,-0.4
2022-09-19 02:54:00+00:00,-0.39
2022-09-19 03:00:00+00:00,-0.38
2022-09-19 03:06:00+00:00,-0.368
2022-09-19 03:12:00+00:00,-0.354
2022-09-19 03:18:00+00:00,-0.34
2022-09-19 03:24:00+00:00,-0.326
2022-09-19 03:30:00+00:00,-0.31
2022-09-19 03:36:00+00:00,-0.293
2022-09-19 03:42:00+00:00,-0.276
2022-09-19 03:48:00+00:00,-0.259
2022-09-19 03:54:00+00:00,-0.241
2022-09-19 04:00:00+00:00,-0.222
2022-09-19 04:06:00+00:00,-0.203
2022-09-19 04:12:00+00:00,-0.184
2022-09-19 04:18:00+00:00,-0.165
2022-09-19 04:24:00+00:00,-0.145
2022-09-19 04:30:00+00:00,-0.125
2022-09-19 04:36:00+00:00,-0.105
2022-09-19 04:42:00+00:00,-0.086
2022-09-19 04:48:00+00:00,-0.066
2022-09-19 04:54:00+00:00,-0.046
2022-09-19 05:00:00+00:00,-0.026
2022-09-19 05:06:00+00:00,-0.007
2022-09-19 05:12:00+00:00,0.012
2022-09-19 05:18:00+00:00,0.031
2022-09-19 05:24:00+00:00,0.05
2022-09-19 05:30:00+00:00,0.069
2022-09-19 05:36:00+00:00,0.087
2022-09-19 05:42:00+00:00,0.105
2022-09-19 05:48:00+00:00,0.122
2022-09-19 05:54:00+00:00,0.139
2022-09-19 06:00:00+00:00,0.156
2022-09-19 06:06:00+00:00,0.172
2022-09-19 06:12:00+00:00,0.188
2022-09-19 06:18:00+00:00,0.203
2022-09-19 06:24:00+00:00,0.217
2022-09-19 06:30:00+00:00,0.231
2022-09-19 06:36:00+00:00,0.244
2022-09-19 06:42:00+00:00,0.256
2022-09-19 06:48:00+00:00,0.268
2022-09-19 06:54:00+00:00,0.279
2022-09-19 07:00:00+00:00,0.29
2022-09-19 07:06:00+00:00,0.299
2022-09-19 07:12:00+00:00,0.308
2022-09-19 07:18:00+00:00,0.316
2022-09-19 07:24:00+00:00,0.323
2022-09-19 07:30:00+00:00,0.329
2022-09-19 07:36:00+00:00,0.335
2022-09-19 07:42:00+00:00,0.339
2022-09-19 07:48:00+00:00,0.343
2022-09-19 07:54:00+00:00,0.346
2022-09-19 08:00:00+00:00,0.348
2022-09-19 08:06:00+00:00,0.349
2022-09-19 08:12:00+00:00,0.349
2022-09-19 08:18:00+00:00,0.348
2022-09-19 08:24:00+00:00,0.346
2022-09-19 08:30:00+00:00,0.343
2022-09-19 08:36:00+00:00,0.339
2022-09-19 08:42:00+00:00,0.334
2022-09-19 08:48:00+00:00,0.327
2022-09-19 08:54:00+00:00,0.32
2022-09-19 09:00:00+00:00,0.311
2022-09-19 09:06:00+00:00,0.301
2022-09-19 09:12:00+00:00,0.29
2022-09-19 09:18:00+00:00,0.278
2022-09-19 09:24:00+00:00,0.264
2022-09-19 09:30:00+00:00,0.25
2022-09-19 09:36:00+00:00,0.234
2022-09-19 09:42:00+00:00,0.217
2022-09-19 09:48:00+00:00,0.199
2022-09-19 09:54:00+00:00,0.18
2022-09-19 10:00:00+00:00,0.16
2022-09-19 10:06:00+00:00,0.14
2022-09-19 10:12:00+00:00,0.118
2022-09-19 10:18:00+00:00,0.096
2022-09-19 10:24:00+00:00,0.073
2022-09-19 10:30:00+00:00,0.05
2022-09-19 10:36:00+00:00,0.027
2022-09-19 10:42:00+00:00,0.003
2022-09-19 10:48:00+00:00,-0.021
2022-09-19 10:54:00+00:00,-0.045
2022-09-19 11:00:00+00:00,-0.069
2022-09-19 11:06:00+00:00,-0.092
2022-09-19 11:12:00+00:00,-0.116
2022-09-19 11:18:00+00:00,-0.139
2022-09-19 11:24:00+00:00,-0.162
2022-09-19 11:30:00+00:00,-0.184
2022-09-19 11:36:00+00:00,-0.206
2022-09-19 11:42:00+00:00,-0.227
2022-09-19 11:48:00+00:00,-0.247
2022-09-19 11:54:00+00:00,-0.267
2022-09-19 12:00:00+00:00,-0.286
2022-09-19 12:06:00+00:00,-0.305
2022-09-19 12:12:00+00:00,-0.322
2022-09-19 12:18:00+00:00,-0.339
2022-09-19 12:24:00+00:00,-0.355
2022-09-19 12:30:00+00:00,-0.371
2022-09-19 12:36:00+00:00,-0.386
2022-09-19 12:42:00+00:00,-0.399
2022-09-19 12:48:00+00:00,-0.412
2022-09-19 12:54:00+00:00,-0.425
2022-09-19 13:00:00+00:00,-0.436
2022-09-19 13:06:00+00:00,-0.447
2022-09-19 13:12:00+00:00,-0.456
2022-09-19 13:18:00+00:00,-0.465
2022-09-19 13:24:00+00:00,-0.473
2022-09-19 13:30:00+00:00,-0.48
2022-09-19 13:36:00+00:00,-0.485
2022-09-19 13:42:00+00:00,-0.49
2022-09-19 13:48:00+00:00,-0.494
2022-09-19 13:54:00+00:00,-0.496
2022-09-19 14:00:00+00:00,-0.497
2022-09-19 14:06:00+00:00,-0.497
2022-09-19 14:12:00+00:00,-0.495
2022-09-19 14:18:00+00:00,-0.492
2022-09-19 14:24:00+00:00,-0.488
2022-09-19 14:30:00+00:00,-0.483
2022-09-19 14:36:00+00:00,-0.475
2022-09-19 14:42:00+00:00,-0.467
2022-09-19 14:48:00+00:00,-0.457
2022-09-19 14:54:00+00:00,-0.446
2022-09-19 15:00:00+00:00,-0.433
2022-09-19 15:06:00+00:00,-0.42
2022-09-19 15:12:00+00:00,-0.404
2022-09-19 15:18:00+00:00,-0.388
2022-09-19 15:24:00+00:00,-0.371
2022-09-19 15:30:00+00:00,-0.352
2022-09-19 15:36:00+00:00,-0.333
2022-09-19 15:42:00+00:00,-0.312
2022-09-19 15:48:00+00:00,-0.291
2022-09-19 15:54:00+00:00,-0.269
2022-09-19 16:00:00+00:00,-0.247
2022-09-19 16:06:00+00:00,-0.224
2022-09-19 16:12:00+00:00,-0.2
2022-09-19 16:18:00+00:00,-0.177
2022-09-19 16:24:00+00:00,-0.152
2022-09-19 16:30:00+00:00,-0.128
2022-09-19 16:36:00+00:00,-0.104
2022-09-19 16:42:00+00:00,-0.079
2022-09-19 16:48:00+00:00,-0.054
2022-09-19 16:54:00+00:00,-0.03
2022-09-19 17:00:00+00:00,-0.005
2022-09-19 17:06:00+00:00,0.019
2022-09-19 17:12:00+00:00,0.044
2022-09-19 17:18:00+00:00,0.068
2022-09-19 17:24:00+00:00,0.091
2022-09-19 17:30:00+00:00,0.115
2022-09-19 17:36:00+00:00,0.138
2022-09-19 17:42:00+00:00,0.161
2022-09-19 17:48:00+00:00,0.183
2022-09-19 17:54:00+00:00,0.206
2022-09-19 18:00:00+00:00,0.227
2022-09-19 18:06:00+00:00,0.248
2022-09-19 18:12:00+00:00,0.269
2022-09-19 18:18:00+00:00,0.289
2022-09-19 18:24:00+00:00,0.309
2022-09-19 18:30:00+00:00,0.328
2022-09-19 18:36:00+00:00,0.346
2022-09-19 18:42:00+00:00,0.364
2022-09-19 18:48:00+00:00,0.381
2022-09-19 18:54:00+00:00,0.398
2022-09-19 19:00:00+00:00,0.413
2022-09-19 19:06:00+00:00,0.428
2022-09-19 19:12:00+00:00,0.443
2022-09-19 19:18:00+00:00,0.456
2022-09-19 19:24:00+00:00,0.469
2022-09-19 19:30:00+00:00,0.481
2022-09-19 19:36:00+00:00,0.492
2022-09-19 19:42:00+00:00,0.502
2022-09-19 19:48:00+00:00,0.512
2022-09-19 19:54:00+00:00,0.52
2022-09-19 20:00:00+00:00,0.528
2022-09-19 20:06:00+00:00,0.535
2022-09-19 20:12:00+00:00,0.541
2022-09-19 20:18:00+00:00,0.546
2022-09-19 20:24:00+00:00,0.551
2022-09-19 20:30:00+00:00,0.554
2022-09-19 20:36:00+00:00,0.556
2022-09-19 20:42:00+00:00,0.557
2022-09-19 20:48:00+00:00,0.557
2022-09-19 20:54:00+00:00,0.556
2022-09-19 21:00:00+00:00,0.554
2022-09-19 21:06:00+00:00,0.551
2022-09-19 21:12:00+00:00,0.546
2022-09-19 21:18:00+00:00,0.541
2022-09-19 21:24:00+00:00,0.534
2022-09-19 21:30:00+00:00,0.525
2022-09-19 21:36:00+00:00,0.516
2022-09-19 21:42:00+00:00,0.505
2022-09-19 21:48:00+00:00,0.493
2022-09-19 21:54:00+00:00,0.48
2022-09-19 22:00:00+00:00,0.465
2022-09-19 22:06:00+00:00,0.449
2022-09-19 22:12:00+00:00,0.432
2022-09-19 22:18:00+00:00,0.414
2022-09-19 22:24:00+00:00,0.394
2022-09-19 22:30:00+00:00,0.374
2022-09-19 22:36:00+00:00,0.353
2022-09-19 22:42:00+00:00,0.33
2022-09-19 22:48:00+00:00,0.308
2022-09-19 22:54:00+00:00,0.284
2022-09-19 23:00:00+00:00,0.26
2022-09-19 23:06:00+00:00,0.235
2022-09-19 23:12:00+00:00,0.21
2022-09-19 23:18:00+00:00,0.184
2022-09-19 23:24:00+00:00,0.159
2022-09-19 23:30:00+00:00,0.133
2022-09-19 23:36:00+00:00,0.108
2022-09-19 23:42:00+00:00,0.082
2022-09-19 23:48:00+00:00,0.057
2022-09-19 23:54:00+00:00,0.032
2022-09-20 00:00:00+00:00,0.007
2022-09-20 00:06:00+00:00,-0.017
2022-09-20 00:12:00+00:00,-0.041
2022-09-20 00:18:00+00:00,-0.065
2022-09-20 00:24:00+00:00,-0.088
2022-09-20 00:30:00+00:00,-0.111
2022-09-20 00:36:00+00:00,-0.133
2022-09-20 00:42:00+00:00,-0.155
2022-09-20 00:48:00+00:00,-0.176
2022-09-20 00:54:00+00:00,-0.196
2022-09-20 01:00:00+00:00,-0.216
2022-09-20 01:06:00+00:00,-0.236
2022-09-20 01:12:00+00:00,-0.254
2022-09-20 01:18:00+00:00,-0.273
2022-09-20 01:24:00+00:00,-0.29
2022-09-20 01:30:00+00:00,-0.307
2022-09-20 01:36:00+00:00,-0.323
2022-09-20 01:42:00+00:00,-0.338
2022-09-20 01:48:00+00:00,-0.353
2022-09-20 01:54:00+00:00,-0.366
2022-09-20 02:00:00+00:00,-0.379
2022-09-20 02:06:00+00:00,-0.391
2022-09-20 02:12:00+00:00,-0.401
2022-09-20 02:18:00+00:00,-0.411
2022-09-20 02:24:00+00:00,-0.419
2022-09-20 02:30:00+00:00,-0.427
2022-09-20 02:36:00+00:00,-0.433
2022-09-20 02:42:00+00:00,-0.437
2022-09-20 02:48:00+00:00,-0.441
2022-09-20 02:54:00+00:00,-0.443
2022-09-20 03:00:00+00:00,-0.443
2022-09-20 03:06:00+00:00,-0.442
2022-09-20 03:12:00+00:00,-0.44
2022-09-20 03:18:00+00:00,-0.437
2022-09-20 03:24:00+00:00,-0.432
2022-09-20 03:30:00+00:00,-0.425
2022-09-20 03:36:00+00:00,-0.417
2022-09-20 03:42:00+00:00,-0.409
2022-09-20 03:48:00+00:00,-0.398
2022-09-20 03:54:00+00:00,-0.387
2022-09-20 04:00:00+00:00,-0.375
2022-09-20 04:06:00+00:00,-0.361
2022-09-20 04:12:00+00:00,-0.347
2022-09-20 04:18:00+00:00,-0.332
2022-09-20 04:24:00+00:00,-0.316
2022-09-20 04:30:00+00:00,-0.299
2022-09-20 04:36:00+00:00,-0.282
2022-09-20 04:42:00+00:00,-0.264
2022-09-20 04:48:00+00:00,-0.246
2022-09-20 04:54:00+00:00,-0.227
2022-09-20 05:00:00+00:00,-0.208
2022-09-20 05:06:00+00:00,-0.188
2022-09-20 05:12:00+00:00,-0.169
2022-09-20 05:18:00+00:00,-0.149
2022-09-20 05:24:00+00:00,-0.129
2022-09-20 05:30:00+00:00,-0.109
2022-09-20 05:36:00+00:00,-0.089
2022-09-20 05:42:00+00:00,-0.069
2022-09-20 05:48:00+00:00,-0.049
2022-09-20 05:54:00+00:00,-0.029
2022-09-20 06:00:00+00:00,-0.01
2022-09-20 06:06:00+00:00,0.01
2022-09-20 06:12:00+00:00,0.029
2022-09-20 06:18:00+00:00,0.048
2022-09-20 06:24:00+00:00,0.067
2022-09-20 06:30:00+00:00,0.086
2022-09-20 06:36:00+00:00,0.105
2022-09-20 06:42:00+00:00,0.123
2022-09-20 06:48:00+00:00,0.14
2022-09-20 06:54:00+00:00,0.157
2022-09-20 07:00:00+00:00,0.174
2022-09-20 07:06:00+00:00,0.191
2022-09-20 07:12:00+00:00,0.206
2022-09-20 07:18:00+00:00,0.222
2022-09-20 07:24:00+00:00,0.236
2022-09-20 07:30:00+00:00,0.25
2022-09-20 07:36:00+00:00,0.264
2022-09-20 07:42:00+00:00,0.277
2022-09-20 07:48:00+00:00,0.289
2022-09-20 07:54:00+00:00,0.3
2022-09-20 08:00:00+00:00,0.311
2022-09-20 08:06:00+00:00,0.321
2022-09-20 08:12:00+00:00,0.33
2022-09-20 08:18:00+00:00,0.338
2022-09-20 08:24:00+00:00,0.346
2022-09-20 08:30:00+00:00,0.353
2022-09-20 08:36:00+00:00,0.358
2022-09-20 08:42:00+00:00,0.363
2022-09-20 08:48:00+00:00,0.367
2022-09-20 08:54:00+00:00,0.37
2022-09-20 09:00:00+00:00,0.372
2022-09-20 09:06:00+00:00,0.374
2022-09-20 09:12:00+00:00,0.373
2022-09-20 09:18:00+00:00,0.372
2022-09-20 09:24:00+00:00,0.37
2022-09-20 09:30:00+00:00,0.367
2022-09-20 09:36:00+00:00,0.362
2022-09-20 09:42:00+00:00,0.356
2022-09-20 09:48:00+00:00,0.349
2022-09-20 09:54:00+00:00,0.34
2022-09-20 10:00:00+00:00,0.331
2022-09-20 10:06:00+00:00,0.32
2022-09-20 10:12:00+00:00,0.307
2022-09-20 10:18:00+00:00,0.294
2022-09-20 10:24:00+00:00,0.279
2022-09-20 10:30:00+00:00,0.263
2022-09-20 10:36:00+00:00,0.245
2022-09-20 10:42:00+00:00,0.227
2022-09-20 10:48:00+00:00,0.207
2022-09-20 10:54:00+00:00,0.187
2022-09-20 11:00:00+00:00,0.165
2022-09-20 11:06:00+00:00,0.143
2022-09-20 11:12:00+00:00,0.12
2022-09-20 11:18:00+00:00,0.096
2022-09-20 11:24:00+00:00,0.072
2022-09-20 11:30:00+00:00,0.048
2022-09-20 11:36:00+00:00,0.023
2022-09-20 11:42:00+00:00,-0.002
2022-09-20 11:48:00+00:00,-0.027
2022-09-20 11:54:00+00:00,-0.052
2022-09-20 12:00:00+00:00,-0.077
2022-09-20 12:06:00+00:00,-0.102
2022-09-20 12:12:00+00:00,-0.127
2022-09-20 12:18:00+00:00,-0.151
2022-09-20 12:24:00+00:00,-0.174
2022-09-20 12:30:00+00:00,-0.197
2022-09-20 12:36:00+00:00,-0.219
2022-09-20 12:42:00+00:00,-0.241
2022-09-20 12:48:00+00:00,-0.262
2022-09-20 12:54:00+00:00,-0.283
2022-09-20 13:00:00+00:00,-0.302
2022-09-20 13:06:00+00:00,-0.321
2022-09-20 13:12:00+00:00,-0.34
2022-09-20 13:18:00+00:00,-0.357
2022-09-20 13:24:00+00:00,-0.374
2022-09-20 13:30:00+00:00,-0.389
2022-09-20 13:36:00+00:00,-0.405
2022-09-20 13:42:00+00:00,-0.419
2022-09-20 13:48:00+00:00,-0.432
2022-09-20 13:54:00+00:00,-0.444
2022-09-20 14:00:00+00:00,-0.456
2022-09-20 14:06:00+00:00,-0.466
2022-09-20 14:12:00+00:00,-0.476
2022-09-20 14:18:00+00:00,-0.484
2022-09-20 14:24:00+00:00,-0.492
2022-09-20 14:30:00+00:00,-0.498
2022-09-20 14:36:00+00:00,-0.503
2022-09-20 14:42:00+00:00,-0.507
2022-09-20 14:48:00+00:00,-0.51
2022-09-20 14:54:00+00:00,-0.511
2022-09-20 15:00:00+00:00,-0.511
2022-09-20 15:06:00+00:00,-0.509
2022-09-20 15:12:00+00:00,-0.507
2022-09-20 15:18:00+00:00,-0.502
2022-09-20 15:24:00+00:00,-0.496
2022-09-20 15:30:00+00:00,-0.489
2022-09-20 15:36:00+00:00,-0.481
2022-09-20 15:42:00+00:00,-0.47
2022-09-20 15:48:00+00:00,-0.459
2022-09-20 15:54:00+00:00,-0.446
2022-09-20 16:00:00+00:00,-0.432
2022-09-20 16:06:00+00:00,-0.416
2022-09-20 16:12:00+00:00,-0.4
2022-09-20 16:18:00+00:00,-0.382
2022-09-20 16:24:00+00:00,-0.363
2022-09-20 16:30:00+00:00,-0.343
2022-09-20 16:36:00+00:00,-0.323
2022-09-20 16:42:00+00:00,-0.301
2022-09-20 16:48:00+00:00,-0.279
2022-09-20 16:54:00+00:00,-0.256
2022-09-20 17:00:00+00:00,-0.233
2022-09-20 17:06:00+00:00,-0.209
2022-09-20 17:12:00+00:00,-0.185
2022-09-20 17:18:00+00:00,-0.161
2022-09-20 17:24:00+00:00,-0.136
2022-09-20 17:30:00+00:00,-0.111
2022-09-20 17:36:00+00:00,-0.086
2022-09-20 17:42:00+00:00,-0.061
2022-09-20 17:48:00+00:00,-0.036
2022-09-20 17:54:00+00:00,-0.011
2022-09-20 18:00:00+00:00,0.014
2022-09-20 18:06:00+00:00,0.039
2022-09-20 18:12:00+00:00,0.063
2022-09-20 18:18:00+00:00,0.088
2022-09-20 18:24:00+00:00,0.112
2022-09-20 18:30:00+00:00,0.136
2022-09-20 18:36:00+00:00,0.16
2022-09-20 18:42:00+00:00,0.183
2022-09-20 18:48:00+00:00,0.206
2022-09-20 18:54:00+00:00,0.228
2022-09-20 19:00:00+00:00,0.25
2022-09-20 19:06:00+00:00,0.272
2022-09-20 19:12:00+00:00,0.293
2022-09-20 19:18:00+00:00,0.314
2022-09-20 19:24:00+00:00,0.334
2022-09-20 19:30:00+00:00,0.354
2022-09-20 19:36:00+00:00,0.373
2022-09-20 19:42:00+00:00,0.391
2022-09-20 19:48:00+00:00,0.409
2022-09-20 19:54:00+00:00,0.426
2022-09-20 20:00:00+00:00,0.442
2022-09-20 20:06:00+00:00,0.458
2022-09-20 20:12:00+00:00,0.473
2022-09-20 20:18:00+00:00,0.487
2022-09-20 20:24:00+00:00,0.5
2022-09-20 20:30:00+00:00,0.513
2022-09-20 20:36:00+00:00,0.524
2022-09-20 20:42:00+00:00,0.535
2022-09-20 20:48:00+00:00,0.545
2022-09-20 20:54:00+00:00,0.554
2022-09-20 21:00:00+00:00,0.562
2022-09-20 21:06:00+00:00,0.569
2022-09-20 21:12:00+00:00,0.575
2022-09-20 21:18:00+00:00,0.58
2022-09-20 21:24:00+00:00,0.583
2022-09-20 21:30:00+00:00,0.586
2022-09-20 21:36:00+00:00,0.588
2022-09-20 21:42:00+00:00,0.588
2022-09-20 21:48:00+00:00,0.587
2022-09-20 21:54:00+00:00,0.585
2022-09-20 22:00:00+00:00,0.582
2022-09-20 22:06:00+00:00,0.577
2022-09-20 22:12:00+00:00,0.571
2022-09-20 22:18:00+00:00,0.563
2022-09-20 22:24:00+00:00,0.554
2022-09-20 22:30:00+00:00,0.544
2022-09-20 22:36:00+00:00,0.532
2022-09-20 22:42:00+00:00,0.519
2022-09-20 22:48:00+00:00,0.504
2022-09-20 22:54:00+00:00,0.488
2022-09-20 23:00:00+00:00,0.47
2022-09-20 23:06:00+00:00,0.452
2022-09-20 23:12:00+00:00,0.432
2022-09-20 23:18:00+00:00,0.41
2022-09-20 23:24:00+00:00,0.388
2022-09-20 23:30:00+00:00,0.365
2022-09-20 23:36:00+00:00,0.341
2022-09-20 23:42:00+00:00,0.316
2022-09-20 23:48:00+00:00,0.29
2022-09-20 23:54:00+00:00,0.263
2022-09-21 00:00:00+00:00,0.237
2022-09-21 00:06:00+00:00,0.209
2022-09-21 00:12:00+00:00,0.182
2022-09-21 00:18:00+00:00,0.154
2022-09-21 00:24:00+00:00,0.127
2022-09-21 00:30:00+00:00,0.099
2022-09-21 00:36:00+00:00,0.071
2022-09-21 00:42:00+00:00,0.044
2022-09-21 00:48:00+00:00,0.017
2022-09-21 00:54:00+00:00,-0.01
2022-09-21 01:00:00+00:00,-0.036
2022-09-21 01:06:00+00:00,-0.062
2022-09-21 01:12:00+00:00,-0.087
2022-09-21 01:18:00+00:00,-0.112
2022-09-21 01:24:00+00:00,-0.136
2022-09-21 01:30:00+00:00,-0.16
2022-09-21 01:36:00+00:00,-0.183
2022-09-21 01:42:00+00:00,-0.205
2022-09-21 01:48:00+00:00,-0.227
2022-09-21 01:54:00+00:00,-0.248
2022-09-21 02:00:00+00:00,-0.269
2022-09-21 02:06:00+00:00,-0.288
2022-09-21 02:12:00+00:00,-0.307
2022-09-21 02:18:00+00:00,-0.326
2022-09-21 02:24:00+00:00,-0.343
2022-09-21 02:30:00+00:00,-0.36
2022-09-21 02:36:00+00:00,-0.375
2022-09-21 02:42:00+00:00,-0.39
2022-09-21 02:48:00+00:00,-0.404
2022-09-21 02:54:00+00:00,-0.416
2022-09-21 03:00:00+00:00,-0.428
2022-09-21 03:06:00+00:00,-0.438
2022-09-21 03:12:00+00:00,-0.448
2022-09-21 03:18:00+00:00,-0.455
2022-09-21 03:24:00+00:00,-0.462
2022-09-21 03:30:00+00:00,-0.467
2022-09-21 03:36:00+00:00,-0.471
2022-09-21 03:42:00+00:00,-0.473
2022-09-21 03:48:00+00:00,-0.474
2022-09-21 03:54:00+00:00,-0.474
2022-09-21 04:00:00+00:00,-0.472
2022-09-21 04:06:00+00:00,-0.468
2022-09-21 04:12:00+00:00,-0.464
2022-09-21 04:18:00+00:00,-0.457
2022-09-21 04:24:00+00:00,-0.449
2022-09-21 04:30:00+00:00,-0.44
2022-09-21 04:36:00+00:00,-0.43
2022-09-21 04:42:00+00:00,-0.419
2022-09-21 04:48:00+00:00,-0.406
2022-09-21 04:54:00+00:00,-0.392
2022-09-21 05:00:00+00:00,-0.377
2022-09-21 05:06:00+00:00,-0.361
2022-09-21 05:12:00+00:00,-0.345
2022-09-21 05:18:00+00:00,-0.328
2022-09-21 05:24:00+00:00,-0.309
2022-09-21 05:30:00+00:00,-0.291
2022-09-21 05:36:00+00:00,-0.272
2022-09-21 05:42:00+00:00,-0.252
2022-09-21 05:48:00+00:00,-0.232
2022-09-21 05:54:00+00:00,-0.211
2022-09-21 06:00:00+00:00,-0.191
2022-09-21 06:06:00+00:00,-0.17
2022-09-21 06:12:00+00:00,-0.149
2022-09-21 06:18:00+00:00,-0.127
2022-09-21 06:24:00+00:00,-0.106
2022-09-21 06:30:00+00:00,-0.085
2022-09-21 06:36:00+00:00,-0.063
2022-09-21 06:42:00+00:00,-0.042
2022-09-21 06:48:00+00:00,-0.021
2022-09-21 06:54:00+00:00,0.001
2022-09-21 07:00:00+00:00,0.022
2022-09-21 07:06:00+00:00,0.043
2022-09-21 07:12:00+00:00,0.064
2022-09-21 07:18:00+00:00,0.084
2022-09-21 07:24:00+00:00,0.105
2022-09-21 07:30:00+00:00,0.125
2022-09-21 07:36:00+00:00,0.144
2022-09-21 07:42:00+00:00,0.164
2022-09-21 07:48:00+00:00,0.183
2022-09-21 07:54:00+00:00,0.201
2022-09-21 08:00:00+00:00,0.219
2022-09-21 08:06:00+00:00,0.236
2022-09-21 08:12:00+00:00,0.253
2022-09-21 08:18:00+00:00,0.27
2022-09-21 08:24:00+00:00,0.285
2022-09-21 08:30:00+00:00,0.3
2022-09-21 08:36:00+00:00,0.315
2022-09-21 08:42:00+00:00,0.328
2022-09-21 08:48:00+00:00,0.341
2022-09-21 08:54:00+00:00,0.353
2022-09-21 09:00:00+00:00,0.364
2022-09-21 09:06:00+00:00,0.375
2022-09-21 09:12:00+00:00,0.384
2022-09-21 09:18:00+00:00,0.393
2022-09-21 09:24:00+00:00,0.4
2022-09-21 09:30:00+00:00,0.407
2022-09-21 09:36:00+00:00,0.413
2022-09-21 09:42:00+00:00,0.417
2022-09-21 09:48:00+00:00,0.421
2022-09-21 09:54:00+00:00,0.423
2022-09-21 10:00:00+00:00,0.424
2022-09-21 10:06:00+00:00,0.424
2022-09-21 10:12:00+00:00,0.423
2022-09-21 10:18:00+00:00,0.42
2022-09-21 10:24:00+00:00,0.416
2022-09-21 10:30:00+00:00,0.411
2022-09-21 10:36:00+00:00,0.404
2022-09-21 10:42:00+00:00,0.396
2022-09-21 10:48:00+00:00,0.387
2022-09-21 10:54:00+00:00,0.376
2022-09-21 11:00:00+00:00,0.363
2022-09-21 11:06:00+00:00,0.349
2022-09-21 11:12:00+00:00,0.334
2022-09-21 11:18:00+00:00,0.317
2022-09-21 11:24:00+00:00,0.299
2022-09-21 11:30:00+00:00,0.28
2022-09-21 11:36:00+00:00,0.259
2022-09-21 11:42:00+00:00,0.237
2022-09-21 11:48:00+00:00,0.214
2022-09-21 11:54:00+00:00,0.191
2022-09-21 12:00:00+00:00,0.166
2022-09-21 12:06:00+00:00,0.141
2022-09-21 12:12:00+00:00,0.114
2022-09-21 12:18:00+00:00,0.088
2022-09-21 12:24:00+00:00,0.061
2022-09-21 12:30:00+00:00,0.033
2022-09-21 12:36:00+00:00,0.006
2022-09-21 12:42:00+00:00,-0.022
2022-09-21 12:48:00+00:00,-0.049
2022-09-21 12:54:00+00:00,-0.076
2022-09-21 13:00:00+00:00,-0.103
2022-09-21 13:06:00+00:00,-0.13
2022-09-21 13:12:00+00:00,-0.156
2022-09-21 13:18:00+00:00,-0.182
2022-09-21 13:24:00+00:00,-0.207
2022-09-21 13:30:00+00:00,-0.231
2022-09-21 13:36:00+00:00,-0.255
2022-09-21 13:42:00+00:00,-0.278
2022-09-21 13:48:00+00:00,-0.301
2022-09-21 13:54:00+00:00,-0.322
2022-09-21 14:00:00+00:00,-0.343
2022-09-21 14:06:00+00:00,-0.362
2022-09-21 14:12:00+00:00,-0.381
2022-09-21 14:18:00+00:00,-0.399
2022-09-21 14:24:00+00:00,-0.417
2022-09-21 14:30:00+00:00,-0.433
2022-09-21 14:36:00+00:00,-0.448
2022-09-21 14:42:00+00:00,-0.462
2022-09-21 14:48:00+00:00,-0.476
2022-09-21 14:54:00+00:00,-0.488
2022-09-21 15:00:00+00:00,-0.499
2022-09-21 15:06:00+00:00,-0.509
2022-09-21 15:12:00+00:00,-0.518
2022-09-21 15:18:00+00:00,-0.526
2022-09-21 15:24:00+00:00,-0.532
2022-09-21 15:30:00+00:00,-0.537
2022-09-21 15:36:00+00:00,-0.541
2022-09-21 15:42:00+00:00,-0.543
2022-09-21 15:48:00+00:00,-0.544
2022-09-21 15:54:00+00:00,-0.544
2022-09-21 16:00:00+00:00,-0.542
2022-09-21 16:06:00+00:00,-0.538
2022-09-21 16:12:00+00:00,-0.533
2022-09-21 16:18:00+00:00,-0.526
2022-09-21 16:24:00+00:00,-0.518
2022-09-21 16:30:00+00:00,-0.509
2022-09-21 16:36:00+00:00,-0.497
2022-09-21 16:42:00+00:00,-0.485
2022-09-21 16:48:00+00:00,-0.471
2022-09-21 16:54:00+00:00,-0.455
2022-09-21 17:00:00+00:00,-0.439
2022-09-21 17:06:00+00:00,-0.421
2022-09-21 17:12:00+00:00,-0.402
2022-09-21 17:18:00+00:00,-0.381
2022-09-21 17:24:00+00:00,-0.36
2022-09-21 17:30:00+00:00,-0.338
2022-09-21 17:36:00+00:00,-0.315
2022-09-21 17:42:00+00:00,-0.292
2022-09-21 17:48:00+00:00,-0.268
2022-09-21 17:54:00+00:00,-0.243
2022-09-21 18:00:00+00:00,-0.218
2022-09-21 18:06:00+00:00,-0.192
2022-09-21 18:12:00+00:00,-0.166
2022-09-21 18:18:00+00:00,-0.14
2022-09-21 18:24:00+00:00,-0.113
2022-09-21 18:30:00+00:00,-0.087
2022-09-21 18:36:00+00:00,-0.06
2022-09-21 18:42:00+00:00,-0.034
2022-09-21 18:48:00+00:00,-0.007
2022-09-21 18:54:00+00:00,0.02
2022-09-21 19:00:00+00:00,0.046
2022-09-21 19:06:00+00:00,0.072
2022-09-21 19:12:00+00:00,0.099
2022-09-21 19:18:00+00:00,0.125
2022-09-21 19:24:00+00:00,0.15
2022-09-21 19:30:00+00:00,0.176
2022-09-21 19:36:00+00:00,0.201
2022-09-21 19:42:00+00:00,0.226
2022-09-21 19:48:00+00:00,0.25
2022-09-21 19:54:00+00:00,0.274
2022-09-21 20:00:00+00:00,0.298
2022-09-21 20:06:00+00:00,0.321
2022-09-21 20:12:00+00:00,0.343
2022-09-21 20:18:00+00:00,0.365
2022-09-21 20:24:00+00:00,0.387
2022-09-21 20:30:00+00:00,0.407
2022-09-21 20:36:00+00:00,0.427
2022-09-21 20:42:00+00:00,0.447
2022-09-21 20:48:00+00:00,0.465
2022-09-21 20:54:00+00:00,0.483
2022-09-21 21:00:00+00:00,0.5
2022-09-21 21:06:00+00:00,0.516
2022-09-21 21:12:00+00:00,0.531
2022-09-21 21:18:00+00:00,0.546
2022-09-21 21:24:00+00:00,0.559
2022-09-21 21:30:00+00:00,0.571
2022-09-21 21:36:00+00:00,0.583
2022-09-21 21:42:00+00:00,0.593
2022-09-21 21:48:00+00:00,0.602
2022-09-21 21:54:00+00:00,0.61
2022-09-21 22:00:00+00:00,0.617
2022-09-21 22:06:00+00:00,0.623
2022-09-21 22:12:00+00:00,0.628
2022-09-21 22:18:00+00:00,0.631
2022-09-21 22:24:00+00:00,0.633
2022-09-21 22:30:00+00:00,0.634
2022-09-21 22:36:00+00:00,0.633
2022-09-21 22:42:00+00:00,0.631
2022-09-21 22:48:00+00:00,0.628
2022-09-21 22:54:00+00:00,0.622
2022-09-21 23:00:00+00:00,0.616
2022-09-21 23:06:00+00:00,0.608
2022-09-21 23:12:00+00:00,0.598
2022-09-21 23:18:00+00:00,0.586
2022-09-21 23:24:00+00:00,0.573
2022-09-21 23:30:00+00:00,0.559
2022-09-21 23:36:00+00:00,0.543
2022-09-21 23:42:00+00:00,0.525
2022-09-21 23:48:00+00:00,0.506
2022-09-21 23:54:00+00:00,0.485
2022-09-22 00:00:00+00:00,0.463
2022-09-22 00:06:00+00:00,0.44
2022-09-22 00:12:00+00:00,0.415
2022-09-22 00:18:00+00:00,0.39
2022-09-22 00:24:00+00:00,0.363
2022-09-22 00:30:00+00:00,0.335
2022-09-22 00:36:00+00:00,0.307
2022-09-22 00:42:00+00:00,0.278
2022-09-22 00:48:00+00:00,0.248
2022-09-22 00:54:00+00:00,0.218
2022-09-22 01:00:00+00:00,0.188
2022-09-22 01:06:00+00:00,0.157
2022-09-22 01:12:00+00:00,0.126
2022-09-22 01:18:00+00:00,0.096
2022-09-22 01:24:00+00:00,0.065
2022-09-22 01:30:00+00:00,0.035
2022-09-22 01:36:00+00:00,0.005
2022-09-22 01:42:00+00:00,-0.025
2022-09-22 01:48:00+00:00,-0.054
2022-09-22 01:54:00+00:00,-0.082
2022-09-22 02:00:00+00:00,-0.11
2022-09-22 02:06:00+00:00,-0.137
2022-09-22 02:12:00+00:00,-0.164
2022-09-22 02:18:00+00:00,-0.19
2022-09-22 02:24:00+00:00,-0.215
2022-09-22 02:30:00+00:00,-0.24
2022-09-22 02:36:00+00:00,-0.263
2022-09-22 02:42:00+00:00,-0.286
2022-09-22 02:48:00+00:00,-0.308
2022-09-22 02:54:00+00:00,-0.33
2022-09-22 03:00:00+00:00,-0.35
2022-09-22 03:06:00+00:00,-0.369
2022-09-22 03:12:00+00:00,-0.388
2022-09-22 03:18:00+00:00,-0.405
2022-09-22 03:24:00+00:00,-0.422
2022-09-22 03:30:00+00:00,-0.437
2022-09-22 03:36:00+00:00,-0.451
2022-09-22 03:42:00+00:00,-0.465
2022-09-22 03:48:00+00:00,-0.476
2022-09-22 03:54:00+00:00,-0.487
2022-09-22 04:00:00+00:00,-0.496
2022-09-22 04:06:00+00:00,-0.504
2022-09-22 04:12:00+00:00,-0.511
2022-09-22 04:18:00+00:00,-0.516
2022-09-22 04:24:00+00:00,-0.519
2022-09-22 04:30:00+00:00,-0.521
2022-09-22 04:36:00+00:00,-0.522
2022-09-22 04:42:00+00:00,-0.52
2022-09-22 04:48:00+00:00,-0.518
2022-09-22 04:54:00+00:00,-0.513
2022-09-22 05:00:00+00:00,-0.507
2022-09-22 05:06:00+00:00,-0.5
2022-09-22 05:12:00+00:00,-0.491
2022-09-22 05:18:00+00:00,-0.481
2022-09-22 05:24:00+00:00,-0.469
2022-09-22 05:30:00+00:00,-0.456
2022-09-22 05:36:00+00:00,-0.442
2022-09-22 05:42:00+00:00,-0.427
2022-09-22 05:48:00+00:00,-0.41
2022-09-22 05:54:00+00:00,-0.393
2022-09-22 06:00:00+00:00,-0.375
2022-09-22 06:06:00+00:00,-0.355
2022-09-22 06:12:00+00:00,-0.335
2022-09-22 06:18:00+00:00,-0.315
2022-09-22 06:24:00+00:00,-0.293
2022-09-22 06:30:00+00:00,-0.272
2022-09-22 06:36:00+00:00,-0.249
2022-09-22 06:42:00+00:00,-0.227
2022-09-22 06:48:00+00:00,-0.204
2022-09-22 06:54:00+00:00,-0.18
2022-09-22 07:00:00+00:00,-0.157
2022-09-22 07:06:00+00:00,-0.133
2022-09-22 07:12:00+00:00,-0.109
2022-09-22 07:18:00+00:00,-0.086
2022-09-22 07:24:00+00:00,-0.062
2022-09-22 07:30:00+00:00,-0.038
2022-09-22 07:36:00+00:00,-0.014
2022-09-22 07:42:00+00:00,0.01
2022-09-22 07:48:00+00:00,0.034
2022-09-22 07:54:00+00:00,0.057
2022-09-22 08:00:00+00:00,0.08
2022-09-22 08:06:00+00:00,0.104
2022-09-22 08:12:00+00:00,0.126
2022-09-22 08:18:00+00:00,0.149
2022-09-22 08:24:00+00:00,0.171
2022-09-22 08:30:00+00:00,0.193
2022-09-22 08:36:00+00:00,0.214
2022-09-22 08:42:00+00:00,0.235
2022-09-22 08:48:00+00:00,0.255
2022-09-22 08:54:00+00:00,0.275
2022-09-22 09:00:00+00:00,0.294
2022-09-22 09:06:00+00:00,0.313
2022-09-22 09:12:00+00:00,0.331
2022-09-22 09:18:00+00:00,0.348
2022-09-22 09:24:00+00:00,0.364
2022-09-22 09:30:00+00:00,0.38
2022-09-22 09:36:00+00:00,0.394
2022-09-22 09:42:00+00:00,0.408
2022-09-22 09:48:00+00:00,0.421
2022-09-22 09:54:00+00:00,0.433
2022-09-22 10:00:00+00:00,0.443
2022-09-22 10:06:00+00:00,0.453
2022-09-22 10:12:00+00:00,0.462
2022-09-22 10:18:00+00:00,0.47
2022-09-22 10:24:00+00:00,0.476
2022-09-22 10:30:00+00:00,0.481
2022-09-22 10:36:00+00:00,0.485
2022-09-22 10:42:00+00:00,0.488
2022-09-22 10:48:00+00:00,0.49
2022-09-22 10:54:00+00:00,0.49
2022-09-22 11:00:00+00:00,0.488
2022-09-22 11:06:00+00:00,0.486
2022-09-22 11:12:00+00:00,0.481
2022-09-22 11:18:00+00:00,0.476
2022-09-22 11:24:00+00:00,0.468
2022-09-22 11:30:00+00:00,0.459
2022-09-22 11:36:00+00:00,0.449
2022-09-22 11:42:00+00:00,0.437
2022-09-22 11:48:00+00:00,0.423
2022-09-22 11:54:00+00:00,0.408
2022-09-22 12:00:00+00:00,0.391
2022-09-22 12:06:00+00:00,0.372
2022-09-22 12:12:00+00:00,0.352
2022-09-22 12:18:00+00:00,0.331
2022-09-22 12:24:00+00:00,0.308
2022-09-22 12:30:00+00:00,0.284
2022-09-22 12:36:00+00:00,0.259
2022-09-22 12:42:00+00:00,0.233
2022-09-22 12:48:00+00:00,0.206
2022-09-22 12:54:00+00:00,0.177
2022-09-22 13:00:00+00:00,0.148
2022-09-22 13:06:00+00:00,0.119
2022-09-22 13:12:00+00:00,0.089
2022-09-22 13:18:00+00:00,0.059
2022-09-22 13:24:00+00:00,0.028
2022-09-22 13:30:00+00:00,-0.003
2022-09-22 13:36:00+00:00,-0.033
2022-09-22 13:42:00+00:00,-0.064
2022-09-22 13:48:00+00:00,-0.094
2022-09-22 13:54:00+00:00,-0.124
2022-09-22 14:00:00+00:00,-0.153
2022-09-22 14:06:00+00:00,-0.182
2022-09-22 14:12:00+00:00,-0.21
2022-09-22 14:18:00+00:00,-0.238
2022-09-22 14:24:00+00:00,-0.264
2022-09-22 14:30:00+00:00,-0.29
2022-09-22 14:36:00+00:00,-0.315
2022-09-22 14:42:00+00:00,-0.339
2022-09-22 14:48:00+00:00,-0.363
2022-09-22 14:54:00+00:00,-0.385
2022-09-22 15:00:00+00:00,-0.406
2022-09-22 15:06:00+00:00,-0.426
2022-09-22 15:12:00+00:00,-0.446
2022-09-22 15:18:00+00:00,-0.464
2022-09-22 15:24:00+00:00,-0.481
2022-09-22 15:30:00+00:00,-0.497
2022-09-22 15:36:00+00:00,-0.512
2022-09-22 15:42:00+00:00,-0.525
2022-09-22 15:48:00+00:00,-0.538
2022-09-22 15:54:00+00:00,-0.549
2022-09-22 16:00:00+00:00,-0.559
2022-09-22 16:06:00+00:00,-0.568
2022-09-22 16:12:00+00:00,-0.575
2022-09-22 16:18:00+00:00,-0.581
2022-09-22 16:24:00+00:00,-0.585
2022-09-22 16:30:00+00:00,-0.588
2022-09-22 16:36:00+00:00,-0.589
2022-09-22 16:42:00+00:00,-0.589
2022-09-22 16:48:00+00:00,-0.587
2022-09-22 16:54:00+00:00,-0.583
2022-09-22 17:00:00+00:00,-0.578
2022-09-22 17:06:00+00:00,-0.571
2022-09-22 17:12:00+00:00,-0.563
2022-09-22 17:18:00+00:00,-0.552
2022-09-22 17:24:00+00:00,-0.541
2022-09-22 17:30:00+00:00,-0.527
2022-09-22 17:36:00+00:00,-0.512
2022-09-22 17:42:00+00:00,-0.496
2022-09-22 17:48:00+00:00,-0.478
2022-09-22 17:54:00+00:00,-0.459
2022-09-22 18:00:00+00:00,-0.439
2022-09-22 18:06:00+00:00,-0.417
2022-09-22 18:12:00+00:00,-0.394
2022-09-22 18:18:00+00:00,-0.371
2022-09-22 18:24:00+00:00,-0.346
2022-09-22 18:30:00+00:00,-0.321
2022-09-22 18:36:00+00:00,-0.295
2022-09-22 18:42:00+00:00,-0.268
2022-09-22 18:48:00+00:00,-0.241
2022-09-22 18:54:00+00:00,-0.213
2022-09-22 19:00:00+00:00,-0.185
2022-09-22 19:06:00+00:00,-0.156
2022-09-22 19:12:00+00:00,-0.128
2022-09-22 19:18:00+00:00,-0.099
2022-09-22 19:24:00+00:00,-0.07
2022-09-22 19:30:00+00:00,-0.041
2022-09-22 19:36:00+00:00,-0.011
2022-09-22 19:42:00+00:00,0.018
2022-09-22 19:48:00+00:00,0.047
2022-09-22 19:54:00+00:00,0.076
2022-09-22 20:00:00+00:00,0.104
2022-09-22 20:06:00+00:00,0.133
2022-09-22 20:12:00+00:00,0.161
2022-09-22 20:18:00+00:00,0.189
2022-09-22 20:24:00+00:00,0.217
2022-09-22 20:30:00+00:00,0.244
2022-09-22 20:36:00+00:00,0.271
2022-09-22 20:42:00+00:00,0.297
2022-09-22 20:48:00+00:00,0.323
2022-09-22 20:54:00+00:00,0.348
2022-09-22 21:00:00+00:00,0.373
2022-09-22 21:06:00+00:00,0.397
2022-09-22 21:12:00+00:00,0.42
2022-09-22 21:18:00+00:00,0.443
2022-09-22 21:24:00+00:00,0.465
2022-09-22 21:30:00+00:00,0.486
2022-09-22 21:36:00+00:00,0.506
2022-09-22 21:42:00+00:00,0.526
2022-09-22 21:48:00+00:00,0.544
2022-09-22 21:54:00+00:00,0.562
2022-09-22 22:00:00+00:00,0.578
2022-09-22 22:06:00+00:00,0.593
2022-09-22 22:12:00+00:00,0.608
2022-09-22 22:18:00+00:00,0.621
2022-09-22 22:24:00+00:00,0.633
2022-09-22 22:30:00+00:00,0.644
2022-09-22 22:36:00+00:00,0.653
2022-09-22 22:42:00+00:00,0.661
2022-09-22 22:48:00+00:00,0.668
2022-09-22 22:54:00+00:00,0.674
2022-09-22 23:00:00+00:00,0.678
2022-09-22 23:06:00+00:00,0.681
2022-09-22 23:12:00+00:00,0.682
2022-09-22 23:18:00+00:00,0.682
2022-09-22 23:24:00+00:00,0.681
2022-09-22 23:30:00+00:00,0.677
2022-09-22 23:36:00+00:00,0.672
2022-09-22 23:42:00+00:00,0.666
2022-09-22 23:48:00+00:00,0.657
2022-09-22 23:54:00+00:00,0.647
2022-09-23 00:00:00+00:00,0.636
2022-09-23 00:06:00+00:00,0.622
2022-09-23 00:12:00+00:00,0.607
2022-09-23 00:18:00+00:00,0.59
2022-09-23 00:24:00+00:00,0.571
2022-09-23 00:30:00+00:00,0.551
2022-09-23 00:36:00+00:00,0.529
2022-09-23 00:42:00+00:00,0.506
2022-09-23 00:48:00+00:00,0.481
2022-09-23 00:54:00+00:00,0.454
2022-09-23 01:00:00+00:00,0.427
2022-09-23 01:06:00+00:00,0.398
2022-09-23 01:12:00+00:00,0.368
2022-09-23 01:18:00+00:00,0.337
2022-09-23 01:24:00+00:00,0.305
2022-09-23 01:30:00+00:00,0.272
2022-09-23 01:36:00+00:00,0.239
2022-09-23 01:42:00+00:00,0.206
2022-09-23 01:48:00+00:00,0.172
2022-09-23 01:54:00+00:00,0.138
2022-09-23 02:00:00+00:00,0.103
2022-09-23 02:06:00+00:00,0.069
2022-09-23 02:12:00+00:00,0.035
2022-09-23 02:18:00+00:00,0.002
2022-09-23 02:24:00+00:00,-0.031
2022-09-23 02:30:00+00:00,-0.064
2022-09-23 02:36:00+00:00,-0.096
2022-09-23 02:42:00+00:00,-0.127
2022-09-23 02:48:00+00:00,-0.158
2022-09-23 02:54:00+00:00,-0.188
2022-09-23 03:00:00+00:00,-0.217
2022-09-23 03:06:00+00:00,-0.245
2022-09-23 03:12:00+00:00,-0.272
2022-09-23 03:18:00+00:00,-0.299
2022-09-23 03:24:00+00:00,-0.324
2022-09-23 03:30:00+00:00,-0.348
2022-09-23 03:36:00+00:00,-0.372
2022-09-23 03:42:00+00:00,-0.394
2022-09-23 03:48:00+00:00,-0.415
2022-09-23 03:54:00+00:00,-0.435
2022-09-23 04:00:00+00:00,-0.454
2022-09-23 04:06:00+00:00,-0.472
2022-09-23 04:12:00+00:00,-0.489
2022-09-23 04:18:00+00:00,-0.504
2022-09-23 04:24:00+00:00,-0.518
2022-09-23 04:30:00+00:00,-0.531
2022-09-23 04:36:00+00:00,-0.542
2022-09-23 04:42:00+00:00,-0.552
2022-09-23 04:48:00+00:00,-0.56
2022-09-23 04:54:00+00:00,-0.567
2022-09-23 05:00:00+00:00,-0.572
2022-09-23 05:06:00+00:00,-0.576
2022-09-23 05:12:00+00:00,-0.578
2022-09-23 05:18:00+00:00,-0.578
2022-09-23 05:24:00+00:00,-0.577
2022-09-23 05:30:00+00:00,-0.574
2022-09-23 05:36:00+00:00,-0.569
2022-09-23 05:42:00+00:00,-0.563
2022-09-23 05:48:00+00:00,-0.555
2022-09-23 05:54:00+00:00,-0.545
2022-09-23 06:00:00+00:00,-0.534
2022-09-23 06:06:00+00:00,-0.521
2022-09-23 06:12:00+00:00,-0.507
2022-09-23 06:18:00+00:00,-0.491
2022-09-23 06:24:00+00:00,-0.475
2022-09-23 06:30:00+00:00,-0.456
2022-09-23 06:36:00+00:00,-0.437
2022-09-23 06:42:00+00:00,-0.417
2022-09-23 06:48:00+00:00,-0.395
2022-09-23 06:54:00+00:00,-0.373
2022-09-23 07:00:00+00:00,-0.35
2022-09-23 07:06:00+00:00,-0.326
2022-09-23 07:12:00+00:00,-0.302
2022-09-23 07:18:00+00:00,-0.277
2022-09-23 07:24:00+00:00,-0.251
2022-09-23 07:30:00+00:00,-0.225
2022-09-23 07:36:00+00:00,-0.199
2022-09-23 07:42:00+00:00,-0.173
2022-09-23 07:48:00+00:00,-0.146
2022-09-23 07:54:00+00:00,-0.119
2022-09-23 08:00:00+00:00,-0.093
2022-09-23 08:06:00+00:00,-0.066
2022-09-23 08:12:00+00:00,-0.039
2022-09-23 08:18:00+00:00,-0.012
2022-09-23 08:24:00+00:00,0.015
2022-09-23 08:30:00+00:00,0.042
2022-09-23 08:36:00+00:00,0.068
2022-09-23 08:42:00+00:00,0.094
2022-09-23 08:48:00+00:00,0.12
2022-09-23 08:54:00+00:00,0.146
2022-09-23 09:00:00+00:00,0.171
2022-09-23 09:06:00+00:00,0.196
2022-09-23 09:12:00+00:00,0.221
2022-09-23 09:18:00+00:00,0.245
2022-09-23 09:24:00+00:00,0.268
2022-09-23 09:30:00+00:00,0.291
2022-09-23 09:36:00+00:00,0.313
2022-09-23 09:42:00+00:00,0.335
2022-09-23 09:48:00+00:00,0.356
2022-09-23 09:54:00+00:00,0.376
2022-09-23 10:00:00+00:00,0.395
2022-09-23 10:06:00+00:00,0.414
2022-09-23 10:12:00+00:00,0.431
2022-09-23 10:18:00+00:00,0.448
2022-09-23 10:24:00+00:00,0.464
2022-09-23 10:30:00+00:00,0.478
2022-09-23 10:36:00+00:00,0.492
2022-09-23 10:42:00+00:00,0.504
2022-09-23 10:48:00+00:00,0.515
2022-09-23 10:54:00+00:00,0.526
2022-09-23 11:00:00+00:00,0.534
2022-09-23 11:06:00+00:00,0.542
2022-09-23 11:12:00+00:00,0.548
2022-09-23 11:18:00+00:00,0.554
2022-09-23 11:24:00+00:00,0.557
2022-09-23 11:30:00+00:00,0.559
2022-09-23 11:36:00+00:00,0.56
2022-09-23 11:42:00+00:00,0.559
2022-09-23 11:48:00+00:00,0.557
2022-09-23 11:54:00+00:00,0.553
2022-09-23 12:00:00+00:00,0.548
2022-09-23 12:06:00+00:00,0.54
2022-09-23 12:12:00+00:00,0.531
2022-09-23 12:18:00+00:00,0.521
2022-09-23 12:24:00+00:00,0.508
2022-09-23 12:30:00+00:00,0.494
2022-09-23 12:36:00+00:00,0.479
2022-09-23 12:42:00+00:00,0.461
2022-09-23 12:48:00+00:00,0.442
2022-09-23 12:54:00+00:00,0.421
2022-09-23 13:00:00+00:00,0.399
2022-09-23 13:06:00+00:00,0.375
2022-09-23 13:12:00+00:00,0.349
2022-09-23 13:18:00+00:00,0.322
2022-09-23 13:24:00+00:00,0.294
2022-09-23 13:30:00+00:00,0.265
2022-09-23 13:36:00+00:00,0.234
2022-09-23 13:42:00+00:00,0.203
2022-09-23 13:48:00+00:00,0.171
2022-09-23 13:54:00+00:00,0.138
2022-09-23 14:00:00+00:00,0.104
2022-09-23 14:06:00+00:00,0.071
2022-09-23 14:12:00+00:00,0.037
2022-09-23 14:18:00+00:00,0.003
2022-09-23 14:24:00+00:00,-0.032
2022-09-23 14:30:00+00:00,-0.065
2022-09-23 14:36:00+00:00,-0.099
2022-09-23 14:42:00+00:00,-0.132
2022-09-23 14:48:00+00:00,-0.165
2022-09-23 14:54:00+00:00,-0.197
2022-09-23 15:00:00+00:00,-0.228
2022-09-23 15:06:00+00:00,-0.259
2022-09-23 15:12:00+00:00,-0.288
2022-09-23 15:18:00+00:00,-0.317
2022-09-23 15:24:00+00:00,-0.345
2022-09-23 15:30:00+00:00,-0.371
2022-09-23 15:36:00+00:00,-0.397
2022-09-23 15:42:00+00:00,-0.421
2022-09-23 15:48:00+00:00,-0.445
2022-09-23 15:54:00+00:00,-0.467
2022-09-23 16:00:00+00:00,-0.488
2022-09-23 16:06:00+00:00,-0.508
2022-09-23 16:12:00+00:00,-0.526
2022-09-23 16:18:00+00:00,-0.543
2022-09-23 16:24:00+00:00,-0.559
2022-09-23 16:30:00+00:00,-0.574
2022-09-23 16:36:00+00:00,-0.587
2022-09-23 16:42:00+00:00,-0.598
2022-09-23 16:48:00+00:00,-0.609
2022-09-23 16:54:00+00:00,-0.617
2022-09-23 17:00:00+00:00,-0.625
2022-09-23 17:06:00+00:00,-0.63
2022-09-23 17:12:00+00:00,-0.634
2022-09-23 17:18:00+00:00,-0.637
2022-09-23 17:24:00+00:00,-0.637
2022-09-23 17:30:00+00:00,-0.636
2022-09-23 17:36:00+00:00,-0.633
2022-09-23 17:42:00+00:00,-0.629
2022-09-23 17:48:00+00:00,-0.622
2022-09-23 17:54:00+00:00,-0.614
2022-09-23 18:00:00+00:00,-0.604
2022-09-23 18:06:00+00:00,-0.592
2022-09-23 18:12:00+00:00,-0.579
2022-09-23 18:18:00+00:00,-0.564
2022-09-23 18:24:00+00:00,-0.547
2022-09-23 18:30:00+00:00,-0.529
2022-09-23 18:36:00+00:00,-0.509
2022-09-23 18:42:00+00:00,-0.487
2022-09-23 18:48:00+00:00,-0.465
2022-09-23 18:54:00+00:00,-0.441
2022-09-23 19:00:00+00:00,-0.416
2022-09-23 19:06:00+00:00,-0.39
2022-09-23 19:12:00+00:00,-0.363
2022-09-23 19:18:00+00:00,-0.335
2022-09-23 19:24:00+00:00,-0.306
2022-09-23 19:30:00+00:00,-0.276
2022-09-23 19:36:00+00:00,-0.246
2022-09-23 19:42:00+00:00,-0.216
2022-09-23 19:48:00+00:00,-0.185
2022-09-23 19:54:00+00:00,-0.154
2022-09-23 20:00:00+00:00,-0.122
2022-09-23 20:06:00+00:00,-0.091
2022-09-23 20:12:00+00:00,-0.059
2022-09-23 20:18:00+00:00,-0.027
2022-09-23 20:24:00+00:00,0.004
2022-09-23 20:30:00+00:00,0.036
2022-09-23 20:36:00+00:00,0.067
2022-09-23 20:42:00+00:00,0.099
2022-09-23 20:48:00+00:00,0.13
2022-09-23 20:54:00+00:00,0.161
2022-09-23 21:00:00+00:00,0.191
2022-09-23 21:06:00+00:00,0.221
2022-09-23 21:12:00+00:00,0.251
2022-09-23 21:18:00+00:00,0.28
2022-09-23 21:24:00+00:00,0.309
2022-09-23 21:30:00+00:00,0.337
2022-09-23 21:36:00+00:00,0.364
2022-09-23 21:42:00+00:00,0.391
2022-09-23 21:48:00+00:00,0.418
2022-09-23 21:54:00+00:00,0.443
2022-09-23 22:00:00+00:00,0.468
2022-09-23 22:06:00+00:00,0.491
2022-09-23 22:12:00+00:00,0.514
2022-09-23 22:18:00+00:00,0.536
2022-09-23 22:24:00+00:00,0.557
2022-09-23 22:30:00+00:00,0.577
2022-09-23 22:36:00+00:00,0.596
2022-09-23 22:42:00+00:00,0.613
2022-09-23 22:48:00+00:00,0.63
2022-09-23 22:54:00+00:00,0.645
2022-09-23 23:00:00+00:00,0.659
2022-09-23 23:06:00+00:00,0.672
2022-09-23 23:12:00+00:00,0.684
2022-09-23 23:18:00+00:00,0.694
2022-09-23 23:24:00+00:00,0.703
2022-09-23 23:30:00+00:00,0.71
2022-09-23 23:36:00+00:00,0.716
2022-09-23 23:42:00+00:00,0.72
2022-09-23 23:48:00+00:00,0.723
2022-09-23 23:54:00+00:00,0.724
2022-09-24 00:00:00+00:00,0.724
2022-09-24 00:06:00+00:00,0.722
2022-09-24 00:12:00+00:00,0.718
2022-09-24 00:18:00+00:00,0.712
2022-09-24 00:24:00+00:00,0.705
2022-09-24 00:30:00+00:00,0.696
2022-09-24 00:36:00+00:00,0.685
2022-09-24 00:42:00+00:00,0.673
2022-09-24 00:48:00+00:00,0.658
2022-09-24 00:54:00+00:00,0.642
2022-09-24 01:00:00+00:00,0.623
2022-09-24 01:06:00+00:00,0.603
2022-09-24 01:12:00+00:00,0.582
2022-09-24 01:18:00+00:00,0.558
2022-09-24 01:24:00+00:00,0.533
2022-09-24 01:30:00+00:00,0.506
2022-09-24 01:36:00+00:00,0.477
2022-09-24 01:42:00+00:00,0.447
2022-09-24 01:48:00+00:00,0.416
2022-09-24 01:54:00+00:00,0.383
2022-09-24 02:00:00+00:00,0.35
2022-09-24 02:06:00+00:00,0.315
2022-09-24 02:12:00+00:00,0.279
2022-09-24 02:18:00+00:00,0.243
2022-09-24 02:24:00+00:00,0.206
2022-09-24 02:30:00+00:00,0.169
2022-09-24 02:36:00+00:00,0.131
2022-09-24 02:42:00+00:00,0.094
2022-09-24 02:48:00+00:00,0.056
2022-09-24 02:54:00+00:00,0.018
2022-09-24 03:00:00+00:00,-0.019
2022-09-24 03:06:00+00:00,-0.055
2022-09-24 03:12:00+00:00,-0.092
2022-09-24 03:18:00+00:00,-0.127
2022-09-24 03:24:00+00:00,-0.162
2022-09-24 03:30:00+00:00,-0.196
2022-09-24 03:36:00+00:00,-0.229
2022-09-24 03:42:00+00:00,-0.261
2022-09-24 03:48:00+00:00,-0.292
2022-09-24 03:54:00+00:00,-0.322
2022-09-24 04:00:00+00:00,-0.351
2022-09-24 04:06:00+00:00,-0.378
2022-09-24 04:12:00+00:00,-0.405
2022-09-24 04:18:00+00:00,-0.43
2022-09-24 04:24:00+00:00,-0.454
2022-09-24 04:30:00+00:00,-0.476
2022-09-24 04:36:00+00:00,-0.497
2022-09-24 04:42:00+00:00,-0.517
2022-09-24 04:48:00+00:00,-0.536
2022-09-24 04:54:00+00:00,-0.553
2022-09-24 05:00:00+00:00,-0.568
2022-09-24 05:06:00+00:00,-0.583
2022-09-24 05:12:00+00:00,-0.595
2022-09-24 05:18:00+00:00,-0.606
2022-09-24 05:24:00+00:00,-0.616
2022-09-24 05:30:00+00:00,-0.624
2022-09-24 05:36:00+00:00,-0.63
2022-09-24 05:42:00+00:00,-0.634
2022-09-24 05:48:00+00:00,-0.637
2022-09-24 05:54:00+00:00,-0.638
2022-09-24 06:00:00+00:00,-0.637
2022-09-24 06:06:00+00:00,-0.635
2022-09-24 06:12:00+00:00,-0.63
2022-09-24 06:18:00+00:00,-0.624
2022-09-24 06:24:00+00:00,-0.616
2022-09-24 06:30:00+00:00,-0.606
2022-09-24 06:36:00+00:00,-0.595
2022-09-24 06:42:00+00:00,-0.582
2022-09-24 06:48:00+00:00,-0.567
2022-09-24 06:54:00+00:00,-0.55
2022-09-24 07:00:00+00:00,-0.532
2022-09-24 07:06:00+00:00,-0.513
2022-09-24 07:12:00+00:00,-0.492
2022-09-24 07:18:00+00:00,-0.47
2022-09-24 07:24:00+00:00,-0.447
2022-09-24 07:30:00+00:00,-0.422
2022-09-24 07:36:00+00:00,-0.397
2022-09-24 07:42:00+00:00,-0.371
2022-09-24 07:48:00+00:00,-0.344
2022-09-24 07:54:00+00:00,-0.316
2022-09-24 08:00:00+00:00,-0.288
2022-09-24 08:06:00+00:00,-0.259
2022-09-24 08:12:00+00:00,-0.23
2022-09-24 08:18:00+00:00,-0.201
2022-09-24 08:24:00+00:00,-0.171
2022-09-24 08:30:00+00:00,-0.142
2022-09-24 08:36:00+00:00,-0.112
2022-09-24 08:42:00+00:00,-0.082
2022-09-24 08:48:00+00:00,-0.052
2022-09-24 08:54:00+00:00,-0.022
2022-09-24 09:00:00+00:00,0.008
2022-09-24 09:06:00+00:00,0.038
2022-09-24 09:12:00+00:00,0.067
2022-09-24 09:18:00+00:00,0.096
2022-09-24 09:24:00+00:00,0.125
2022-09-24 09:30:00+00:00,0.153
2022-09-24 09:36:00+00:00,0.181
2022-09-24 09:42:00+00:00,0.209
2022-09-24 09:48:00+00:00,0.236
2022-09-24 09:54:00+00:00,0.263
2022-09-24 10:00:00+00:00,0.289
2022-09-24 10:06:00+00:00,0.314
2022-09-24 10:12:00+00:00,0.339
2022-09-24 10:18:00+00:00,0.363
2022-09-24 10:24:00+00:00,0.387
2022-09-24 10:30:00+00:00,0.409
2022-09-24 10:36:00+00:00,0.431
2022-09-24 10:42:00+00:00,0.452
2022-09-24 10:48:00+00:00,0.472
2022-09-24 10:54:00+00:00,0.491
2022-09-24 11:00:00+00:00,0.508
2022-09-24 11:06:00+00:00,0.525
2022-09-24 11:12:00+00:00,0.541
2022-09-24 11:18:00+00:00,0.555
2022-09-24 11:24:00+00:00,0.569
2022-09-24 11:30:00+00:00,0.581
2022-09-24 11:36:00+00:00,0.591
2022-09-24 11:42:00+00:00,0.601
2022-09-24 11:48:00+00:00,0.609
2022-09-24 11:54:00+00:00,0.616
2022-09-24 12:00:00+00:00,0.621
2022-09-24 12:06:00+00:00,0.625
2022-09-24 12:12:00+00:00,0.627
2022-09-24 12:18:00+00:00,0.628
2022-09-24 12:24:00+00:00,0.627
2022-09-24 12:30:00+00:00,0.625
2022-09-24 12:36:00+00:00,0.621
2022-09-24 12:42:00+00:00,0.615
2022-09-24 12:48:00+00:00,0.607
2022-09-24 12:54:00+00:00,0.598
2022-09-24 13:00:00+00:00,0.587
2022-09-24 13:06:00+00:00,0.574
2022-09-24 13:12:00+00:00,0.559
2022-09-24 13:18:00+00:00,0.543
2022-09-24 13:24:00+00:00,0.524
2022-09-24 13:30:00+00:00,0.504
2022-09-24 13:36:00+00:00,0.482
2022-09-24 13:42:00+00:00,0.459
2022-09-24 13:48:00+00:00,0.433
2022-09-24 13:54:00+00:00,0.406
2022-09-24 14:00:00+00:00,0.377
2022-09-24 14:06:00+00:00,0.347
2022-09-24 14:12:00+00:00,0.316
2022-09-24 14:18:00+00:00,0.283
2022-09-24 14:24:00+00:00,0.249
2022-09-24 14:30:00+00:00,0.215
2022-09-24 14:36:00+00:00,0.179
2022-09-24 14:42:00+00:00,0.143
2022-09-24 14:48:00+00:00,0.106
2022-09-24 14:54:00+00:00,0.069
2022-09-24 15:00:00+00:00,0.031
2022-09-24 15:06:00+00:00,-0.006
2022-09-24 15:12:00+00:00,-0.044
2022-09-24 15:18:00+00:00,-0.081
2022-09-24 15:24:00+00:00,-0.118
2022-09-24 15:30:00+00:00,-0.154
2022-09-24 15:36:00+00:00,-0.19
2022-09-24 15:42:00+00:00,-0.225
2022-09-24 15:48:00+00:00,-0.259
2022-09-24 15:54:00+00:00,-0.292
2022-09-24 16:00:00+00:00,-0.324
2022-09-24 16:06:00+00:00,-0.355
2022-09-24 16:12:00+00:00,-0.385
2022-09-24 16:18:00+00:00,-0.414
2022-09-24 16:24:00+00:00,-0.441
2022-09-24 16:30:00+00:00,-0.467
2022-09-24 16:36:00+00:00,-0.492
2022-09-24 16:42:00+00:00,-0.515
2022-09-24 16:48:00+00:00,-0.537
2022-09-24 16:54:00+00:00,-0.558
2022-09-24 17:00:00+00:00,-0.577
2022-09-24 17:06:00+00:00,-0.594
2022-09-24 17:12:00+00:00,-0.61
2022-09-24 17:18:00+00:00,-0.625
2022-09-24 17:24:00+00:00,-0.637
2022-09-24 17:30:00+00:00,-0.649
2022-09-24 17:36:00+00:00,-0.658
2022-09-24 17:42:00+00:00,-0.666
2022-09-24 17:48:00+00:00,-0.672
2022-09-24 17:54:00+00:00,-0.677
2022-09-24 18:00:00+00:00,-0.679
2022-09-24 18:06:00+00:00,-0.68
2022-09-24 18:12:00+00:00,-0.679
2022-09-24 18:18:00+00:00,-0.676
2022-09-24 18:24:00+00:00,-0.671
2022-09-24 18:30:00+00:00,-0.665
2022-09-24 18:36:00+00:00,-0.656
2022-09-24 18:42:00+00:00,-0.646
2022-09-24 18:48:00+00:00,-0.633
2022-09-24 18:54:00+00:00,-0.619
2022-09-24 19:00:00+00:00,-0.603
2022-09-24 19:06:00+00:00,-0.585
2022-09-24 19:12:00+00:00,-0.566
2022-09-24 19:18:00+00:00,-0.545
2022-09-24 19:24:00+00:00,-0.522
2022-09-24 19:30:00+00:00,-0.498
2022-09-24 19:36:00+00:00,-0.473
2022-09-24 19:42:00+00:00,-0.446
2022-09-24 19:48:00+00:00,-0.418
2022-09-24 19:54:00+00:00,-0.389
2022-09-24 20:00:00+00:00,-0.359
2022-09-24 20:06:00+00:00,-0.328
2022-09-24 20:12:00+00:00,-0.297
2022-09-24 20:18:00+00:00,-0.265
2022-09-24 20:24:00+00:00,-0.232
2022-09-24 20:30:00+00:00,-0.199
2022-09-24 20:36:00+00:00,-0.165
2022-09-24 20:42:00+00:00,-0.132
2022-09-24 20:48:00+00:00,-0.098
2022-09-24 20:54:00+00:00,-0.064
2022-09-24 21:00:00+00:00,-0.03
2022-09-24 21:06:00+00:00,0.004
2022-09-24 21:12:00+00:00,0.038
2022-09-24 21:18:00+00:00,0.071
2022-09-24 21:24:00+00:00,0.105
2022-09-24 21:30:00+00:00,0.138
2022-09-24 21:36:00+00:00,0.17
2022-09-24 21:42:00+00:00,0.203
2022-09-24 21:48:00+00:00,0.234
2022-09-24 21:54:00+00:00,0.266
2022-09-24 22:00:00+00:00,0.296
2022-09-24 22:06:00+00:00,0.327
2022-09-24 22:12:00+00:00,0.356
2022-09-24 22:18:00+00:00,0.385
2022-09-24 22:24:00+00:00,0.413
2022-09-24 22:30:00+00:00,0.44
2022-09-24 22:36:00+00:00,0.467
2022-09-24 22:42:00+00:00,0.492
2022-09-24 22:48:00+00:00,0.517
2022-09-24 22:54:00+00:00,0.541
2022-09-24 23:00:00+00:00,0.563
2022-09-24 23:06:00+00:00,0.585
2022-09-24 23:12:00+00:00,0.605
2022-09-24 23:18:00+00:00,0.625
2022-09-24 23:24:00+00:00,0.643
2022-09-24 23:30:00+00:00,0.66
2022-09-24 23:36:00+00:00,0.675
2022-09-24 23:42:00+00:00,0.689
2022-09-24 23:48:00+00:00,0.702
2022-09-24 23:54:00+00:00,0.714
2022-09-25 00:00:00+00:00,0.724
2022-09-25 00:06:00+00:00,0.732
2022-09-25 00:12:00+00:00,0.739
2022-09-25 00:18:00+00:00,0.745
2022-09-25 00:24:00+00:00,0.748
2022-09-25 00:30:00+00:00,0.751
2022-09-25 00:36:00+00:00,0.751
2022-09-25 00:42:00+00:00,0.75
2022-09-25 00:48:00+00:00,0.747
2022-09-25 00:54:00+00:00,0.742
2022-09-25 01:00:00+00:00,0.736
2022-09-25 01:06:00+00:00,0.728
2022-09-25 01:12:00+00:00,0.718
2022-09-25 01:18:00+00:00,0.706
2022-09-25 01:24:00+00:00,0.692
2022-09-25 01:30:00+00:00,0.676
2022-09-25 01:36:00+00:00,0.658
2022-09-25 01:42:00+00:00,0.638
2022-09-25 01:48:00+00:00,0.617
2022-09-25 01:54:00+00:00,0.593
2022-09-25 02:00:00+00:00,0.568
2022-09-25 02:06:00+00:00,0.541
2022-09-25 02:12:00+00:00,0.512
2022-09-25 02:18:00+00:00,0.481
2022-09-25 02:24:00+00:00,0.449
2022-09-25 02:30:00+00:00,0.416
2022-09-25 02:36:00+00:00,0.381
2022-09-25 02:42:00+00:00,0.344
2022-09-25 02:48:00+00:00,0.307
2022-09-25 02:54:00+00:00,0.269
2022-09-25 03:00:00+00:00,0.229
2022-09-25 03:06:00+00:00,0.19
2022-09-25 03:12:00+00:00,0.149
2022-09-25 03:18:00+00:00,0.109
2022-09-25 03:24:00+00:00,0.068
2022-09-25 03:30:00+00:00,0.027
2022-09-25 03:36:00+00:00,-0.014
2022-09-25 03:42:00+00:00,-0.054
2022-09-25 03:48:00+00:00,-0.094
2022-09-25 03:54:00+00:00,-0.134
2022-09-25 04:00:00+00:00,-0.172
2022-09-25 04:06:00+00:00,-0.21
2022-09-25 04:12:00+00:00,-0.247
2022-09-25 04:18:00+00:00,-0.283
2022-09-25 04:24:00+00:00,-0.317
2022-09-25 04:30:00+00:00,-0.35
2022-09-25 04:36:00+00:00,-0.382
2022-09-25 04:42:00+00:00,-0.413
2022-09-25 04:48:00+00:00,-0.442
2022-09-25 04:54:00+00:00,-0.47
2022-09-25 05:00:00+00:00,-0.496
2022-09-25 05:06:00+00:00,-0.521
2022-09-25 05:12:00+00:00,-0.544
2022-09-25 05:18:00+00:00,-0.566
2022-09-25 05:24:00+00:00,-0.586
2022-09-25 05:30:00+00:00,-0.604
2022-09-25 05:36:00+00:00,-0.621
2022-09-25 05:42:00+00:00,-0.636
2022-09-25 05:48:00+00:00,-0.649
2022-09-25 05:54:00+00:00,-0.661
2022-09-25 06:00:00+00:00,-0.671
2022-09-25 06:06:00+00:00,-0.679
2022-09-25 06:12:00+00:00,-0.685
2022-09-25 06:18:00+00:00,-0.69
2022-09-25 06:24:00+00:00,-0.692
2022-09-25 06:30:00+00:00,-0.693
2022-09-25 06:36:00+00:00,-0.692
2022-09-25 06:42:00+00:00,-0.689
2022-09-25 06:48:00+00:00,-0.684
2022-09-25 06:54:00+00:00,-0.678
2022-09-25 07:00:00+00:00,-0.669
2022-09-25 07:06:00+00:00,-0.658
2022-09-25 07:12:00+00:00,-0.646
2022-09-25 07:18:00+00:00,-0.632
2022-09-25 07:24:00+00:00,-0.616
2022-09-25 07:30:00+00:00,-0.598
2022-09-25 07:36:00+00:00,-0.579
2022-09-25 07:42:00+00:00,-0.558
2022-09-25 07:48:00+00:00,-0.535
2022-09-25 07:54:00+00:00,-0.511
2022-09-25 08:00:00+00:00,-0.486
2022-09-25 08:06:00+00:00,-0.46
2022-09-25 08:12:00+00:00,-0.432
2022-09-25 08:18:00+00:00,-0.404
2022-09-25 08:24:00+00:00,-0.374
2022-09-25 08:30:00+00:00,-0.344
2022-09-25 08:36:00+00:00,-0.313
2022-09-25 08:42:00+00:00,-0.282
2022-09-25 08:48:00+00:00,-0.25
2022-09-25 08:54:00+00:00,-0.218
2022-09-25 09:00:00+00:00,-0.185
2022-09-25 09:06:00+00:00,-0.152
2022-09-25 09:12:00+00:00,-0.12
2022-09-25 09:18:00+00:00,-0.087
2022-09-25 09:24:00+00:00,-0.054
2022-09-25 09:30:00+00:00,-0.022
2022-09-25 09:36:00+00:00,0.011
2022-09-25 09:42:00+00:00,0.043
2022-09-25 09:48:00+00:00,0.075
2022-09-25 09:54:00+00:00,0.107
2022-09-25 10:00:00+00:00,0.138
2022-09-25 10:06:00+00:00,0.169
2022-09-25 10:12:00+00:00,0.199
2022-09-25 10:18:00+00:00,0.229
2022-09-25 10:24:00+00:00,0.258
2022-09-25 10:30:00+00:00,0.287
2022-09-25 10:36:00+00:00,0.315
2022-09-25 10:42:00+00:00,0.342
2022-09-25 10:48:00+00:00,0.369
2022-09-25 10:54:00+00:00,0.394
2022-09-25 11:00:00+00:00,0.42
2022-09-25 11:06:00+00:00,0.444
2022-09-25 11:12:00+00:00,0.467
2022-09-25 11:18:00+00:00,0.49
2022-09-25 11:24:00+00:00,0.511
2022-09-25 11:30:00+00:00,0.532
2022-09-25 11:36:00+00:00,0.551
2022-09-25 11:42:00+00:00,0.569
2022-09-25 11:48:00+00:00,0.586
2022-09-25 11:54:00+00:00,0.602
2022-09-25 12:00:00+00:00,0.617
2022-09-25 12:06:00+00:00,0.631
2022-09-25 12:12:00+00:00,0.643
2022-09-25 12:18:00+00:00,0.654
2022-09-25 12:24:00+00:00,0.663
2022-09-25 12:30:00+00:00,0.671
2022-09-25 12:36:00+00:00,0.678
2022-09-25 12:42:00+00:00,0.683
2022-09-25 12:48:00+00:00,0.687
2022-09-25 12:54:00+00:00,0.689
2022-09-25 13:00:00+00:00,0.689
2022-09-25 13:06:00+00:00,0.688
2022-09-25 13:12:00+00:00,0.685
2022-09-25 13:18:00+00:00,0.68
2022-09-25 13:24:00+00:00,0.674
2022-09-25 13:30:00+00:00,0.666
2022-09-25 13:36:00+00:00,0.656
2022-09-25 13:42:00+00:00,0.644
2022-09-25 13:48:00+00:00,0.63
2022-09-25 13:54:00+00:00,0.615
2022-09-25 14:00:00+00:00,0.597
2022-09-25 14:06:00+00:00,0.578
2022-09-25 14:12:00+00:00,0.557
2022-09-25 14:18:00+00:00,0.534
2022-09-25 14:24:00+00:00,0.509
2022-09-25 14:30:00+00:00,0.482
2022-09-25 14:36:00+00:00,0.454
2022-09-25 14:42:00+00:00,0.423
2022-09-25 14:48:00+00:00,0.392
2022-09-25 14:54:00+00:00,0.358
2022-09-25 15:00:00+00:00,0.324
2022-09-25 15:06:00+00:00,0.288
2022-09-25 15:12:00+00:00,0.251
2022-09-25 15:18:00+00:00,0.213
2022-09-25 15:24:00+00:00,0.174
2022-09-25 15:30:00+00:00,0.135
2022-09-25 15:36:00+00:00,0.095
2022-09-25 15:42:00+00:00,0.054
2022-09-25 15:48:00+00:00,0.014
2022-09-25 15:54:00+00:00,-0.027
2022-09-25 16:00:00+00:00,-0.067
2022-09-25 16:06:00+00:00,-0.107
2022-09-25 16:12:00+00:00,-0.147
2022-09-25 16:18:00+00:00,-0.185
2022-09-25 16:24:00+00:00,-0.224
2022-09-25 16:30:00+00:00,-0.261
2022-09-25 16:36:00+00:00,-0.297
2022-09-25 16:42:00+00:00,-0.332
2022-09-25 16:48:00+00:00,-0.366
2022-09-25 16:54:00+00:00,-0.399
2022-09-25 17:00:00+00:00,-0.43
2022-09-25 17:06:00+00:00,-0.46
2022-09-25 17:12:00+00:00,-0.488
2022-09-25 17:18:00+00:00,-0.515
2022-09-25 17:24:00+00:00,-0.54
2022-09-25 17:30:00+00:00,-0.563
2022-09-25 17:36:00+00:00,-0.585
2022-09-25 17:42:00+00:00,-0.605
2022-09-25 17:48:00+00:00,-0.624
2022-09-25 17:54:00+00:00,-0.641
2022-09-25 18:00:00+00:00,-0.656
2022-09-25 18:06:00+00:00,-0.669
2022-09-25 18:12:00+00:00,-0.68
2022-09-25 18:18:00+00:00,-0.69
2022-09-25 18:24:00+00:00,-0.698
2022-09-25 18:30:00+00:00,-0.704
2022-09-25 18:36:00+00:00,-0.708
2022-09-25 18:42:00+00:00,-0.71
2022-09-25 18:48:00+00:00,-0.711
2022-09-25 18:54:00+00:00,-0.709
2022-09-25 19:00:00+00:00,-0.706
2022-09-25 19:06:00+00:00,-0.7
2022-09-25 19:12:00+00:00,-0.693
2022-09-25 19:18:00+00:00,-0.683
2022-09-25 19:24:00+00:00,-0.672
2022-09-25 19:30:00+00:00,-0.659
2022-09-25 19:36:00+00:00,-0.643
2022-09-25 19:42:00+00:00,-0.626
2022-09-25 19:48:00+00:00,-0.607
2022-09-25 19:54:00+00:00,-0.587
2022-09-25 20:00:00+00:00,-0.565
2022-09-25 20:06:00+00:00,-0.541
2022-09-25 20:12:00+00:00,-0.515
2022-09-25 20:18:00+00:00,-0.488
2022-09-25 20:24:00+00:00,-0.46
2022-09-25 20:30:00+00:00,-0.431
2022-09-25 20:36:00+00:00,-0.4
2022-09-25 20:42:00+00:00,-0.369
2022-09-25 20:48:00+00:00,-0.337
2022-09-25 20:54:00+00:00,-0.303
2022-09-25 21:00:00+00:00,-0.27
2022-09-25 21:06:00+00:00,-0.235
2022-09-25 21:12:00+00:00,-0.201
2022-09-25 21:18:00+00:00,-0.166
2022-09-25 21:24:00+00:00,-0.13
2022-09-25 21:30:00+00:00,-0.095
2022-09-25 21:36:00+00:00,-0.06
2022-09-25 21:42:00+00:00,-0.024
2022-09-25 21:48:00+00:00,0.011
2022-09-25 21:54:00+00:00,0.046
2022-09-25 22:00:00+00:00,0.08
2022-09-25 22:06:00+00:00,0.115
2022-09-25 22:12:00+00:00,0.149
2022-09-25 22:18:00+00:00,0.182
2022-09-25 22:24:00+00:00,0.215
2022-09-25 22:30:00+00:00,0.248
2022-09-25 22:36:00+00:00,0.28
2022-09-25 22:42:00+00:00,0.311
2022-09-25 22:48:00+00:00,0.342
2022-09-25 22:54:00+00:00,0.372
2022-09-25 23:00:00+00:00,0.401
2022-09-25 23:06:00+00:00,0.429
2022-09-25 23:12:00+00:00,0.457
2022-09-25 23:18:00+00:00,0.483
2022-09-25 23:24:00+00:00,0.509
2022-09-25 23:30:00+00:00,0.533
2022-09-25 23:36:00+00:00,0.557
2022-09-25 23:42:00+00:00,0.58
2022-09-25 23:48:00+00:00,0.601
2022-09-25 23:54:00+00:00,0.621
2022-09-26 00:00:00+00:00,0.64
2022-09-26 00:06:00+00:00,0.658
2022-09-26 00:12:00+00:00,0.675
2022-09-26 00:18:00+00:00,0.69
2022-09-26 00:24:00+00:00,0.703
2022-09-26 00:30:00+00:00,0.716
2022-09-26 00:36:00+00:00,0.727
2022-09-26 00:42:00+00:00,0.736
2022-09-26 00:48:00+00:00,0.744
2022-09-26 00:54:00+00:00,0.75
2022-09-26 01:00:00+00:00,0.755
2022-09-26 01:06:00+00:00,0.758
2022-09-26 01:12:00+00:00,0.759
2022-09-26 01:18:00+00:00,0.758
2022-09-26 01:24:00+00:00,0.756
2022-09-26 01:30:00+00:00,0.752
2022-09-26 01:36:00+00:00,0.747
2022-09-26 01:42:00+00:00,0.739
2022-09-26 01:48:00+00:00,0.73
2022-09-26 01:54:00+00:00,0.718
2022-09-26 02:00:00+00:00,0.705
2022-09-26 02:06:00+00:00,0.69
2022-09-26 02:12:00+00:00,0.673
2022-09-26 02:18:00+00:00,0.654
2022-09-26 02:24:00+00:00,0.633
2022-09-26 02:30:00+00:00,0.61
2022-09-26 02:36:00+00:00,0.585
2022-09-26 02:42:00+00:00,0.558
2022-09-26 02:48:00+00:00,0.53
2022-09-26 02:54:00+00:00,0.499
2022-09-26 03:00:00+00:00,0.467
2022-09-26 03:06:00+00:00,0.433
2022-09-26 03:12:00+00:00,0.398
2022-09-26 03:18:00+00:00,0.361
2022-09-26 03:24:00+00:00,0.323
2022-09-26 03:30:00+00:00,0.283
2022-09-26 03:36:00+00:00,0.243
2022-09-26 03:42:00+00:00,0.202
2022-09-26 03:48:00+00:00,0.159
2022-09-26 03:54:00+00:00,0.117
2022-09-26 04:00:00+00:00,0.074
2022-09-26 04:06:00+00:00,0.03
2022-09-26 04:12:00+00:00,-0.013
2022-09-26 04:18:00+00:00,-0.056
2022-09-26 04:24:00+00:00,-0.099
2022-09-26 04:30:00+00:00,-0.141
2022-09-26 04:36:00+00:00,-0.183
2022-09-26 04:42:00+00:00,-0.224
2022-09-26 04:48:00+00:00,-0.264
2022-09-26 04:54:00+00:00,-0.303
2022-09-26 05:00:00+00:00,-0.34
2022-09-26 05:06:00+00:00,-0.376
2022-09-26 05:12:00+00:00,-0.411
2022-09-26 05:18:00+00:00,-0.445
2022-09-26 05:24:00+00:00,-0.476
2022-09-26 05:30:00+00:00,-0.506
2022-09-26 05:36:00+00:00,-0.535
2022-09-26 05:42:00+00:00,-0.561
2022-09-26 05:48:00+00:00,-0.586
2022-09-26 05:54:00+00:00,-0.609
2022-09-26 06:00:00+00:00,-0.63
2022-09-26 06:06:00+00:00,-0.65
2022-09-26 06:12:00+00:00,-0.667
2022-09-26 06:18:00+00:00,-0.683
2022-09-26 06:24:00+00:00,-0.696
2022-09-26 06:30:00+00:00,-0.708
2022-09-26 06:36:00+00:00,-0.718
2022-09-26 06:42:00+00:00,-0.726
2022-09-26 06:48:00+00:00,-0.732
2022-09-26 06:54:00+00:00,-0.736
2022-09-26 07:00:00+00:00,-0.738
2022-09-26 07:06:00+00:00,-0.738
2022-09-26 07:12:00+00:00,-0.736
2022-09-26 07:18:00+00:00,-0.732
2022-09-26 07:24:00+00:00,-0.726
2022-09-26 07:30:00+00:00,-0.719
2022-09-26 07:36:00+00:00,-0.709
2022-09-26 07:42:00+00:00,-0.697
2022-09-26 07:48:00+00:00,-0.684
2022-09-26 07:54:00+00:00,-0.669
2022-09-26 08:00:00+00:00,-0.651
2022-09-26 08:06:00+00:00,-0.632
2022-09-26 08:12:00+00:00,-0.612
2022-09-26 08:18:00+00:00,-0.589
2022-09-26 08:24:00+00:00,-0.565
2022-09-26 08:30:00+00:00,-0.54
2022-09-26 08:36:00+00:00,-0.513
2022-09-26 08:42:00+00:00,-0.485
2022-09-26 08:48:00+00:00,-0.455
2022-09-26 08:54:00+00:00,-0.425
2022-09-26 09:00:00+00:00,-0.394
2022-09-26 09:06:00+00:00,-0.361
2022-09-26 09:12:00+00:00,-0.328
2022-09-26 09:18:00+00:00,-0.295
2022-09-26 09:24:00+00:00,-0.26
2022-09-26 09:30:00+00:00,-0.226
2022-09-26 09:36:00+00:00,-0.191
2022-09-26 09:42:00+00:00,-0.156
2022-09-26 09:48:00+00:00,-0.121
2022-09-26 09:54:00+00:00,-0.086
2022-09-26 10:00:00+00:00,-0.051
2022-09-26 10:06:00+00:00,-0.016
2022-09-26 10:12:00+00:00,0.019
2022-09-26 10:18:00+00:00,0.053
2022-09-26 10:24:00+00:00,0.087
2022-09-26 10:30:00+00:00,0.12
2022-09-26 10:36:00+00:00,0.153
2022-09-26 10:42:00+00:00,0.186
2022-09-26 10:48:00+00:00,0.218
2022-09-26 10:54:00+00:00,0.249
2022-09-26 11:00:00+00:00,0.28
2022-09-26 11:06:00+00:00,0.31
2022-09-26 11:12:00+00:00,0.339
2022-09-26 11:18:00+00:00,0.368
2022-09-26 11:24:00+00:00,0.396
2022-09-26 11:30:00+00:00,0.423
2022-09-26 11:36:00+00:00,0.449
2022-09-26 11:42:00+00:00,0.474
2022-09-26 11:48:00+00:00,0.499
2022-09-26 11:54:00+00:00,0.522
2022-09-26 12:00:00+00:00,0.545
2022-09-26 12:06:00+00:00,0.566
2022-09-26 12:12:00+00:00,0.587
2022-09-26 12:18:00+00:00,0.606
2022-09-26 12:24:00+00:00,0.624
2022-09-26 12:30:00+00:00,0.641
2022-09-26 12:36:00+00:00,0.657
2022-09-26 12:42:00+00:00,0.672
2022-09-26 12:48:00+00:00,0.685
2022-09-26 12:54:00+00:00,0.697
2022-09-26 13:00:00+00:00,0.707
2022-09-26 13:06:00+00:00,0.717
2022-09-26 13:12:00+00:00,0.724
2022-09-26 13:18:00+00:00,0.73
2022-09-26 13:24:00+00:00,0.735
2022-09-26 13:30:00+00:00,0.738
2022-09-26 13:36:00+00:00,0.74
2022-09-26 13:42:00+00:00,0.74
2022-09-26 13:48:00+00:00,0.738
2022-09-26 13:54:00+00:00,0.734
2022-09-26 14:00:00+00:00,0.729
2022-09-26 14:06:00+00:00,0.722
2022-09-26 14:12:00+00:00,0.713
2022-09-26 14:18:00+00:00,0.703
2022-09-26 14:24:00+00:00,0.69
2022-09-26 14:30:00+00:00,0.676
2022-09-26 14:36:00+00:00,0.659
2022-09-26 14:42:00+00:00,0.641
2022-09-26 14:48:00+00:00,0.621
2022-09-26 14:54:00+00:00,0.599
2022-09-26 15:00:00+00:00,0.575
2022-09-26 15:06:00+00:00,0.549
2022-09-26 15:12:00+00:00,0.522
2022-09-26 15:18:00+00:00,0.492
2022-09-26 15:24:00+00:00,0.461
2022-09-26 15:30:00+00:00,0.428
2022-09-26 15:36:00+00:00,0.393
2022-09-26 15:42:00+00:00,0.357
2022-09-26 15:48:00+00:00,0.32
2022-09-26 15:54:00+00:00,0.281
2022-09-26 16:00:00+00:00,0.242
2022-09-26 16:06:00+00:00,0.201
2022-09-26 16:12:00+00:00,0.16
2022-09-26 16:18:00+00:00,0.118
2022-09-26 16:24:00+00:00,0.076
2022-09-26 16:30:00+00:00,0.033
2022-09-26 16:36:00+00:00,-0.01
2022-09-26 16:42:00+00:00,-0.053
2022-09-26 16:48:00+00:00,-0.095
2022-09-26 16:54:00+00:00,-0.137
2022-09-26 17:00:00+00:00,-0.178
2022-09-26 17:06:00+00:00,-0.218
2022-09-26 17:12:00+00:00,-0.258
2022-09-26 17:18:00+00:00,-0.297
2022-09-26 17:24:00+00:00,-0.334
2022-09-26 17:30:00+00:00,-0.37
2022-09-26 17:36:00+00:00,-0.404
2022-09-26 17:42:00+00:00,-0.437
2022-09-26 17:48:00+00:00,-0.469
2022-09-26 17:54:00+00:00,-0.499
2022-09-26 18:00:00+00:00,-0.527
2022-09-26 18:06:00+00:00,-0.553
2022-09-26 18:12:00+00:00,-0.577
2022-09-26 18:18:00+00:00,-0.6
2022-09-26 18:24:00+00:00,-0.621
2022-09-26 18:30:00+00:00,-0.64
2022-09-26 18:36:00+00:00,-0.657
2022-09-26 18:42:00+00:00,-0.672
2022-09-26 18:48:00+00:00,-0.685
2022-09-26 18:54:00+00:00,-0.697
2022-09-26 19:00:00+00:00,-0.706
2022-09-26 19:06:00+00:00,-0.713
2022-09-26 19:12:00+00:00,-0.719
2022-09-26 19:18:00+00:00,-0.723
2022-09-26 19:24:00+00:00,-0.724
2022-09-26 19:30:00+00:00,-0.724
2022-09-26 19:36:00+00:00,-0.722
2022-09-26 19:42:00+00:00,-0.717
2022-09-26 19:48:00+00:00,-0.711
2022-09-26 19:54:00+00:00,-0.703
2022-09-26 20:00:00+00:00,-0.693
2022-09-26 20:06:00+00:00,-0.681
2022-09-26 20:12:00+00:00,-0.667
2022-09-26 20:18:00+00:00,-0.651
2022-09-26 20:24:00+00:00,-0.633
2022-09-26 20:30:00+00:00,-0.613
2022-09-26 20:36:00+00:00,-0.592
2022-09-26 20:42:00+00:00,-0.569
2022-09-26 20:48:00+00:00,-0.545
2022-09-26 20:54:00+00:00,-0.519
2022-09-26 21:00:00+00:00,-0.491
2022-09-26 21:06:00+00:00,-0.462
2022-09-26 21:12:00+00:00,-0.432
2022-09-26 21:18:00+00:00,-0.401
2022-09-26 21:24:00+00:00,-0.369
2022-09-26 21:30:00+00:00,-0.336
2022-09-26 21:36:00+00:00,-0.302
2022-09-26 21:42:00+00:00,-0.268
2022-09-26 21:48:00+00:00,-0.233
2022-09-26 21:54:00+00:00,-0.198
2022-09-26 22:00:00+00:00,-0.163
2022-09-26 22:06:00+00:00,-0.127
2022-09-26 22:12:00+00:00,-0.091
2022-09-26 22:18:00+00:00,-0.055
2022-09-26 22:24:00+00:00,-0.02
2022-09-26 22:30:00+00:00,0.016
2022-09-26 22:36:00+00:00,0.051
2022-09-26 22:42:00+00:00,0.086
2022-09-26 22:48:00+00:00,0.12
2022-09-26 22:54:00+00:00,0.154
2022-09-26 23:00:00+00:00,0.188
2022-09-26 23:06:00+00:00,0.221
2022-09-26 23:12:00+00:00,0.253
2022-09-26 23:18:00+00:00,0.284
2022-09-26 23:24:00+00:00,0.315
2022-09-26 23:30:00+00:00,0.346
2022-09-26 23:36:00+00:00,0.375
2022-09-26 23:42:00+00:00,0.404
2022-09-26 23:48:00+00:00,0.432
2022-09-26 23:54:00+00:00,0.458
2022-09-27 00:00:00+00:00,0.484
2022-09-27 00:06:00+00:00,0.51
2022-09-27 00:12:00+00:00,0.534
2022-09-27 00:18:00+00:00,0.556
2022-09-27 00:24:00+00:00,0.578
2022-09-27 00:30:00+00:00,0.599
2022-09-27 00:36:00+00:00,0.619
2022-09-27 00:42:00+00:00,0.637
2022-09-27 00:48:00+00:00,0.654
2022-09-27 00:54:00+00:00,0.67
2022-09-27 01:00:00+00:00,0.684
2022-09-27 01:06:00+00:00,0.697
2022-09-27 01:12:00+00:00,0.709
2022-09-27 01:18:00+00:00,0.719
2022-09-27 01:24:00+00:00,0.727
2022-09-27 01:30:00+00:00,0.734
2022-09-27 01:36:00+00:00,0.74
2022-09-27 01:42:00+00:00,0.743
2022-09-27 01:48:00+00:00,0.746
2022-09-27 01:54:00+00:00,0.746
2022-09-27 02:00:00+00:00,0.745
2022-09-27 02:06:00+00:00,0.742
2022-09-27 02:12:00+00:00,0.737
2022-09-27 02:18:00+00:00,0.73
2022-09-27 02:24:00+00:00,0.722
2022-09-27 02:30:00+00:00,0.712
2022-09-27 02:36:00+00:00,0.699
2022-09-27 02:42:00+00:00,0.685
2022-09-27 02:48:00+00:00,0.669
2022-09-27 02:54:00+00:00,0.651
2022-09-27 03:00:00+00:00,0.631
2022-09-27 03:06:00+00:00,0.609
2022-09-27 03:12:00+00:00,0.586
2022-09-27 03:18:00+00:00,0.56
2022-09-27 03:24:00+00:00,0.532
2022-09-27 03:30:00+00:00,0.503
2022-09-27 03:36:00+00:00,0.472
2022-09-27 03:42:00+00:00,0.438
2022-09-27 03:48:00+00:00,0.404
2022-09-27 03:54:00+00:00,0.367
2022-09-27 04:00:00+00:00,0.33
2022-09-27 04:06:00+00:00,0.29
2022-09-27 04:12:00+00:00,0.25
2022-09-27 04:18:00+00:00,0.208
2022-09-27 04:24:00+00:00,0.166
2022-09-27 04:30:00+00:00,0.123
2022-09-27 04:36:00+00:00,0.079
2022-09-27 04:42:00+00:00,0.035
2022-09-27 04:48:00+00:00,-0.01
2022-09-27 04:54:00+00:00,-0.054
2022-09-27 05:00:00+00:00,-0.099
2022-09-27 05:06:00+00:00,-0.143
2022-09-27 05:12:00+00:00,-0.187
2022-09-27 05:18:00+00:00,-0.23
2022-09-27 05:24:00+00:00,-0.272
2022-09-27 05:30:00+00:00,-0.313
2022-09-27 05:36:00+00:00,-0.352
2022-09-27 05:42:00+00:00,-0.391
2022-09-27 05:48:00+00:00,-0.428
2022-09-27 05:54:00+00:00,-0.463
2022-09-27 06:00:00+00:00,-0.497
2022-09-27 06:06:00+00:00,-0.529
2022-09-27 06:12:00+00:00,-0.559
2022-09-27 06:18:00+00:00,-0.587
2022-09-27 06:24:00+00:00,-0.613
2022-09-27 06:30:00+00:00,-0.637
2022-09-27 06:36:00+00:00,-0.66
2022-09-27 06:42:00+00:00,-0.68
2022-09-27 06:48:00+00:00,-0.698
2022-09-27 06:54:00+00:00,-0.713
2022-09-27 07:00:00+00:00,-0.727
2022-09-27 07:06:00+00:00,-0.739
2022-09-27 07:12:00+00:00,-0.749
2022-09-27 07:18:00+00:00,-0.756
2022-09-27 07:24:00+00:00,-0.762
2022-09-27 07:30:00+00:00,-0.765
2022-09-27 07:36:00+00:00,-0.767
2022-09-27 07:42:00+00:00,-0.766
2022-09-27 07:48:00+00:00,-0.764
2022-09-27 07:54:00+00:00,-0.759
2022-09-27 08:00:00+00:00,-0.753
2022-09-27 08:06:00+00:00,-0.744
2022-09-27 08:12:00+00:00,-0.734
2022-09-27 08:18:00+00:00,-0.722
2022-09-27 08:24:00+00:00,-0.707
2022-09-27 08:30:00+00:00,-0.691
2022-09-27 08:36:00+00:00,-0.673
2022-09-27 08:42:00+00:00,-0.653
2022-09-27 08:48:00+00:00,-0.632
2022-09-27 08:54:00+00:00,-0.609
2022-09-27 09:00:00+00:00,-0.584
2022-09-27 09:06:00+00:00,-0.558
2022-09-27 09:12:00+00:00,-0.53
2022-09-27 09:18:00+00:00,-0.501
2022-09-27 09:24:00+00:00,-0.471
2022-09-27 09:30:00+00:00,-0.439
2022-09-27 09:36:00+00:00,-0.407
2022-09-27 09:42:00+00:00,-0.373
2022-09-27 09:48:00+00:00,-0.339
2022-09-27 09:54:00+00:00,-0.304
2022-09-27 10:00:00+00:00,-0.268
2022-09-27 10:06:00+00:00,-0.233
2022-09-27 10:12:00+00:00,-0.196
2022-09-27 10:18:00+00:00,-0.16
2022-09-27 10:24:00+00:00,-0.123
2022-09-27 10:30:00+00:00,-0.087
2022-09-27 10:36:00+00:00,-0.05
2022-09-27 10:42:00+00:00,-0.014
2022-09-27 10:48:00+00:00,0.022
2022-09-27 10:54:00+00:00,0.058
2022-09-27 11:00:00+00:00,0.093
2022-09-27 11:06:00+00:00,0.128
2022-09-27 11:12:00+00:00,0.162
2022-09-27 11:18:00+00:00,0.196
2022-09-27 11:24:00+00:00,0.229
2022-09-27 11:30:00+00:00,0.262
2022-09-27 11:36:00+00:00,0.293
2022-09-27 11:42:00+00:00,0.324
2022-09-27 11:48:00+00:00,0.355
2022-09-27 11:54:00+00:00,0.384
2022-09-27 12:00:00+00:00,0.413
2022-09-27 12:06:00+00:00,0.441
2022-09-27 12:12:00+00:00,0.468
2022-09-27 12:18:00+00:00,0.494
2022-09-27 12:24:00+00:00,0.519
2022-09-27 12:30:00+00:00,0.544
2022-09-27 12:36:00+00:00,0.567
2022-09-27 12:42:00+00:00,0.589
2022-09-27 12:48:00+00:00,0.61
2022-09-27 12:54:00+00:00,0.631
2022-09-27 13:00:00+00:00,0.65
2022-09-27 13:06:00+00:00,0.667
2022-09-27 13:12:00+00:00,0.684
2022-09-27 13:18:00+00:00,0.7
2022-09-27 13:24:00+00:00,0.714
2022-09-27 13:30:00+00:00,0.726
2022-09-27 13:36:00+00:00,0.738
2022-09-27 13:42:00+00:00,0.748
2022-09-27 13:48:00+00:00,0.757
2022-09-27 13:54:00+00:00,0.764
2022-09-27 14:00:00+00:00,0.77
2022-09-27 14:06:00+00:00,0.774
2022-09-27 14:12:00+00:00,0.777
2022-09-27 14:18:00+00:00,0.778
2022-09-27 14:24:00+00:00,0.777
2022-09-27 14:30:00+00:00,0.775
2022-09-27 14:36:00+00:00,0.771
2022-09-27 14:42:00+00:00,0.765
2022-09-27 14:48:00+00:00,0.758
2022-09-27 14:54:00+00:00,0.748
2022-09-27 15:00:00+00:00,0.737
2022-09-27 15:06:00+00:00,0.725
2022-09-27 15:12:00+00:00,0.71
2022-09-27 15:18:00+00:00,0.693
2022-09-27 15:24:00+00:00,0.675
2022-09-27 15:30:00+00:00,0.654
2022-09-27 15:36:00+00:00,0.632
2022-09-27 15:42:00+00:00,0.608
2022-09-27 15:48:00+00:00,0.581
2022-09-27 15:54:00+00:00,0.553
2022-09-27 16:00:00+00:00,0.524
2022-09-27 16:06:00+00:00,0.492
2022-09-27 16:12:00+00:00,0.459
2022-09-27 16:18:00+00:00,0.424
2022-09-27 16:24:00+00:00,0.387
2022-09-27 16:30:00+00:00,0.35
2022-09-27 16:36:00+00:00,0.31
2022-09-27 16:42:00+00:00,0.27
2022-09-27 16:48:00+00:00,0.229
2022-09-27 16:54:00+00:00,0.187
2022-09-27 17:00:00+00:00,0.144
2022-09-27 17:06:00+00:00,0.101
2022-09-27 17:12:00+00:00,0.057
2022-09-27 17:18:00+00:00,0.013
2022-09-27 17:24:00+00:00,-0.031
2022-09-27 17:30:00+00:00,-0.074
2022-09-27 17:36:00+00:00,-0.117
2022-09-27 17:42:00+00:00,-0.16
2022-09-27 17:48:00+00:00,-0.201
2022-09-27 17:54:00+00:00,-0.242
2022-09-27 18:00:00+00:00,-0.282
2022-09-27 18:06:00+00:00,-0.321
2022-09-27 18:12:00+00:00,-0.358
2022-09-27 18:18:00+00:00,-0.393
2022-09-27 18:24:00+00:00,-0.427
2022-09-27 18:30:00+00:00,-0.46
2022-09-27 18:36:00+00:00,-0.49
2022-09-27 18:42:00+00:00,-0.519
2022-09-27 18:48:00+00:00,-0.546
2022-09-27 18:54:00+00:00,-0.571
2022-09-27 19:00:00+00:00,-0.594
2022-09-27 19:06:00+00:00,-0.615
2022-09-27 19:12:00+00:00,-0.635
2022-09-27 19:18:00+00:00,-0.652
2022-09-27 19:24:00+00:00,-0.667
2022-09-27 19:30:00+00:00,-0.68
2022-09-27 19:36:00+00:00,-0.691
2022-09-27 19:42:00+00:00,-0.7
2022-09-27 19:48:00+00:00,-0.707
2022-09-27 19:54:00+00:00,-0.713
2022-09-27 20:00:00+00:00,-0.716
2022-09-27 20:06:00+00:00,-0.717
2022-09-27 20:12:00+00:00,-0.717
2022-09-27 20:18:00+00:00,-0.714
2022-09-27 20:24:00+00:00,-0.71
2022-09-27 20:30:00+00:00,-0.703
2022-09-27 20:36:00+00:00,-0.695
2022-09-27 20:42:00+00:00,-0.685
2022-09-27 20:48:00+00:00,-0.673
2022-09-27 20:54:00+00:00,-0.659
2022-09-27 21:00:00+00:00,-0.643
2022-09-27 21:06:00+00:00,-0.625
2022-09-27 21:12:00+00:00,-0.606
2022-09-27 21:18:00+00:00,-0.585
2022-09-27 21:24:00+00:00,-0.563
2022-09-27 21:30:00+00:00,-0.539
2022-09-27 21:36:00+00:00,-0.513
2022-09-27 21:42:00+00:00,-0.486
2022-09-27 21:48:00+00:00,-0.458
2022-09-27 21:54:00+00:00,-0.429
2022-09-27 22:00:00+00:00,-0.398
2022-09-27 22:06:00+00:00,-0.367
2022-09-27 22:12:00+00:00,-0.335
2022-09-27 22:18:00+00:00,-0.302
2022-09-27 22:24:00+00:00,-0.268
2022-09-27 22:30:00+00:00,-0.234
2022-09-27 22:36:00+00:00,-0.199
2022-09-27 22:42:00+00:00,-0.165
2022-09-27 22:48:00+00:00,-0.13
2022-09-27 22:54:00+00:00,-0.094
2022-09-27 23:00:00+00:00,-0.059
2022-09-27 23:06:00+00:00,-0.025
2022-09-27 23:12:00+00:00,0.01
2022-09-27 23:18:00+00:00,0.045
2022-09-27 23:24:00+00:00,0.079
2022-09-27 23:30:00+00:00,0.112
2022-09-27 23:36:00+00:00,0.146
2022-09-27 23:42:00+00:00,0.178
2022-09-27 23:48:00+00:00,0.21
2022-09-27 23:54:00+00:00,0.242
2022-09-28 00:00:00+00:00,0.272
2022-09-28 00:06:00+00:00,0.302
2022-09-28 00:12:00+00:00,0.332
2022-09-28 00:18:00+00:00,0.36
2022-09-28 00:24:00+00:00,0.388
2022-09-28 00:30:00+00:00,0.415
2022-09-28 00:36:00+00:00,0.441
2022-09-28 00:42:00+00:00,0.466
2022-09-28 00:48:00+00:00,0.49
2022-09-28 00:54:00+00:00,0.513
2022-09-28 01:00:00+00:00,0.535
2022-09-28 01:06:00+00:00,0.556
2022-09-28 01:12:00+00:00,0.576
2022-09-28 01:18:00+00:00,0.595
2022-09-28 01:24:00+00:00,0.613
2022-09-28 01:30:00+00:00,0.629
2022-09-28 01:36:00+00:00,0.644
2022-09-28 01:42:00+00:00,0.658
2022-09-28 01:48:00+00:00,0.67
2022-09-28 01:54:00+00:00,0.681
2022-09-28 02:00:00+00:00,0.69
2022-09-28 02:06:00+00:00,0.698
2022-09-28 02:12:00+00:00,0.704
2022-09-28 02:18:00+00:00,0.709
2022-09-28 02:24:00+00:00,0.712
2022-09-28 02:30:00+00:00,0.714
2022-09-28 02:36:00+00:00,0.714
2022-09-28 02:42:00+00:00,0.712
2022-09-28 02:48:00+00:00,0.709
2022-09-28 02:54:00+00:00,0.703
2022-09-28 03:00:00+00:00,0.696
2022-09-28 03:06:00+00:00,0.687
2022-09-28 03:12:00+00:00,0.677
2022-09-28 03:18:00+00:00,0.664
2022-09-28 03:24:00+00:00,0.65
2022-09-28 03:30:00+00:00,0.634
2022-09-28 03:36:00+00:00,0.615
2022-09-28 03:42:00+00:00,0.595
2022-09-28 03:48:00+00:00,0.573
2022-09-28 03:54:00+00:00,0.55
2022-09-28 04:00:00+00:00,0.524
2022-09-28 04:06:00+00:00,0.496
2022-09-28 04:12:00+00:00,0.467
2022-09-28 04:18:00+00:00,0.436
2022-09-28 04:24:00+00:00,0.403
2022-09-28 04:30:00+00:00,0.369
2022-09-28 04:36:00+00:00,0.332
2022-09-28 04:42:00+00:00,0.295
2022-09-28 04:48:00+00:00,0.256
2022-09-28 04:54:00+00:00,0.216
2022-09-28 05:00:00+00:00,0.175
2022-09-28 05:06:00+00:00,0.132
2022-09-28 05:12:00+00:00,0.089
2022-09-28 05:18:00+00:00,0.046
2022-09-28 05:24:00+00:00,0.002
2022-09-28 05:30:00+00:00,-0.043
2022-09-28 05:36:00+00:00,-0.087
2022-09-28 05:42:00+00:00,-0.132
2022-09-28 05:48:00+00:00,-0.176
2022-09-28 05:54:00+00:00,-0.219
2022-09-28 06:00:00+00:00,-0.262
2022-09-28 06:06:00+00:00,-0.304
2022-09-28 06:12:00+00:00,-0.345
2022-09-28 06:18:00+00:00,-0.384
2022-09-28 06:24:00+00:00,-0.423
2022-09-28 06:30:00+00:00,-0.459
2022-09-28 06:36:00+00:00,-0.494
2022-09-28 06:42:00+00:00,-0.528
2022-09-28 06:48:00+00:00,-0.559
2022-09-28 06:54:00+00:00,-0.589
2022-09-28 07:00:00+00:00,-0.616
2022-09-28 07:06:00+00:00,-0.641
2022-09-28 07:12:00+00:00,-0.665
2022-09-28 07:18:00+00:00,-0.686
2022-09-28 07:24:00+00:00,-0.704
2022-09-28 07:30:00+00:00,-0.721
2022-09-28 07:36:00+00:00,-0.735
2022-09-28 07:42:00+00:00,-0.748
2022-09-28 07:48:00+00:00,-0.758
2022-09-28 07:54:00+00:00,-0.766
2022-09-28 08:00:00+00:00,-0.771
2022-09-28 08:06:00+00:00,-0.775
2022-09-28 08:12:00+00:00,-0.776
2022-09-28 08:18:00+00:00,-0.776
2022-09-28 08:24:00+00:00,-0.773
2022-09-28 08:30:00+00:00,-0.769
2022-09-28 08:36:00+00:00,-0.762
2022-09-28 08:42:00+00:00,-0.754
2022-09-28 08:48:00+00:00,-0.744
2022-09-28 08:54:00+00:00,-0.731
2022-09-28 09:00:00+00:00,-0.717
2022-09-28 09:06:00+00:00,-0.701
2022-09-28 09:12:00+00:00,-0.684
2022-09-28 09:18:00+00:00,-0.664
2022-09-28 09:24:00+00:00,-0.643
2022-09-28 09:30:00+00:00,-0.62
2022-09-28 09:36:00+00:00,-0.596
2022-09-28 09:42:00+00:00,-0.57
2022-09-28 09:48:00+00:00,-0.543
2022-09-28 09:54:00+00:00,-0.514
2022-09-28 10:00:00+00:00,-0.484
2022-09-28 10:06:00+00:00,-0.453
2022-09-28 10:12:00+00:00,-0.42
2022-09-28 10:18:00+00:00,-0.387
2022-09-28 10:24:00+00:00,-0.353
2022-09-28 10:30:00+00:00,-0.318
2022-09-28 10:36:00+00:00,-0.283
2022-09-28 10:42:00+00:00,-0.246
2022-09-28 10:48:00+00:00,-0.21
2022-09-28 10:54:00+00:00,-0.173
2022-09-28 11:00:00+00:00,-0.136
2022-09-28 11:06:00+00:00,-0.099
2022-09-28 11:12:00+00:00,-0.062
2022-09-28 11:18:00+00:00,-0.025
2022-09-28 11:24:00+00:00,0.012
2022-09-28 11:30:00+00:00,0.048
2022-09-28 11:36:00+00:00,0.084
2022-09-28 11:42:00+00:00,0.12
2022-09-28 11:48:00+00:00,0.155
2022-09-28 11:54:00+00:00,0.19
2022-09-28 12:00:00+00:00,0.224
2022-09-28 12:06:00+00:00,0.257
2022-09-28 12:12:00+00:00,0.289
2022-09-28 12:18:00+00:00,0.321
2022-09-28 12:24:00+00:00,0.352
2022-09-28 12:30:00+00:00,0.382
2022-09-28 12:36:00+00:00,0.412
2022-09-28 12:42:00+00:00,0.44
2022-09-28 12:48:00+00:00,0.468
2022-09-28 12:54:00+00:00,0.495
2022-09-28 13:00:00+00:00,0.521
2022-09-28 13:06:00+00:00,0.546
2022-09-28 13:12:00+00:00,0.57
2022-09-28 13:18:00+00:00,0.593
2022-09-28 13:24:00+00:00,0.615
2022-09-28 13:30:00+00:00,0.636
2022-09-28 13:36:00+00:00,0.656
2022-09-28 13:42:00+00:00,0.675
2022-09-28 13:48:00+00:00,0.692
2022-09-28 13:54:00+00:00,0.709
2022-09-28 14:00:00+00:00,0.724
2022-09-28 14:06:00+00:00,0.738
2022-09-28 14:12:00+00:00,0.751
2022-09-28 14:18:00+00:00,0.762
2022-09-28 14:24:00+00:00,0.772
2022-09-28 14:30:00+00:00,0.78
2022-09-28 14:36:00+00:00,0.787
2022-09-28 14:42:00+00:00,0.793
2022-09-28 14:48:00+00:00,0.797
2022-09-28 14:54:00+00:00,0.8
2022-09-28 15:00:00+00:00,0.801
2022-09-28 15:06:00+00:00,0.8
2022-09-28 15:12:00+00:00,0.798
2022-09-28 15:18:00+00:00,0.794
2022-09-28 15:24:00+00:00,0.788
2022-09-28 15:30:00+00:00,0.781
2022-09-28 15:36:00+00:00,0.772
2022-09-28 15:42:00+00:00,0.761
2022-09-28 15:48:00+00:00,0.748
2022-09-28 15:54:00+00:00,0.734
2022-09-28 16:00:00+00:00,0.717
2022-09-28 16:06:00+00:00,0.699
2022-09-28 16:12:00+00:00,0.679
2022-09-28 16:18:00+00:00,0.658
2022-09-28 16:24:00+00:00,0.634
2022-09-28 16:30:00+00:00,0.608
2022-09-28 16:36:00+00:00,0.581
2022-09-28 16:42:00+00:00,0.552
2022-09-28 16:48:00+00:00,0.521
2022-09-28 16:54:00+00:00,0.489
2022-09-28 17:00:00+00:00,0.455
2022-09-28 17:06:00+00:00,0.419
2022-09-28 17:12:00+00:00,0.382
2022-09-28 17:18:00+00:00,0.344
2022-09-28 17:24:00+00:00,0.304
2022-09-28 17:30:00+00:00,0.263
2022-09-28 17:36:00+00:00,0.222
2022-09-28 17:42:00+00:00,0.18
2022-09-28 17:48:00+00:00,0.137
2022-09-28 17:54:00+00:00,0.094
2022-09-28 18:00:00+00:00,0.05
2022-09-28 18:06:00+00:00,0.006
2022-09-28 18:12:00+00:00,-0.037
2022-09-28 18:18:00+00:00,-0.08
2022-09-28 18:24:00+00:00,-0.123
2022-09-28 18:30:00+00:00,-0.164
2022-09-28 18:36:00+00:00,-0.205
2022-09-28 18:42:00+00:00,-0.245
2022-09-28 18:48:00+00:00,-0.284
2022-09-28 18:54:00+00:00,-0.322
2022-09-28 19:00:00+00:00,-0.358
2022-09-28 19:06:00+00:00,-0.392
2022-09-28 19:12:00+00:00,-0.425
2022-09-28 19:18:00+00:00,-0.456
2022-09-28 19:24:00+00:00,-0.485
2022-09-28 19:30:00+00:00,-0.513
2022-09-28 19:36:00+00:00,-0.538
2022-09-28 19:42:00+00:00,-0.562
2022-09-28 19:48:00+00:00,-0.583
2022-09-28 19:54:00+00:00,-0.603
2022-09-28 20:00:00+00:00,-0.62
2022-09-28 20:06:00+00:00,-0.636
2022-09-28 20:12:00+00:00,-0.649
2022-09-28 20:18:00+00:00,-0.661
2022-09-28 20:24:00+00:00,-0.67
2022-09-28 20:30:00+00:00,-0.678
2022-09-28 20:36:00+00:00,-0.684
2022-09-28 20:42:00+00:00,-0.687
2022-09-28 20:48:00+00:00,-0.689
2022-09-28 20:54:00+00:00,-0.689
2022-09-28 21:00:00+00:00,-0.687
2022-09-28 21:06:00+00:00,-0.684
2022-09-28 21:12:00+00:00,-0.678
2022-09-28 21:18:00+00:00,-0.671
2022-09-28 21:24:00+00:00,-0.662
2022-09-28 21:30:00+00:00,-0.651
2022-09-28 21:36:00+00:00,-0.639
2022-09-28 21:42:00+00:00,-0.625
2022-09-28 21:48:00+00:00,-0.609
2022-09-28 21:54:00+00:00,-0.591
2022-09-28 22:00:00+00:00,-0.572
2022-09-28 22:06:00+00:00,-0.552
2022-09-28 22:12:00+00:00,-0.53
2022-09-28 22:18:00+00:00,-0.506
2022-09-28 22:24:00+00:00,-0.481
2022-09-28 22:30:00+00:00,-0.455
2022-09-28 22:36:00+00:00,-0.428
2022-09-28 22:42:00+00:00,-0.399
2022-09-28 22:48:00+00:00,-0.37
2022-09-28 22:54:00+00:00,-0.34
2022-09-28 23:00:00+00:00,-0.309
2022-09-28 23:06:00+00:00,-0.277
2022-09-28 23:12:00+00:00,-0.245
2022-09-28 23:18:00+00:00,-0.212
2022-09-28 23:24:00+00:00,-0.179
2022-09-28 23:30:00+00:00,-0.146
2022-09-28 23:36:00+00:00,-0.112
2022-09-28 23:42:00+00:00,-0.079
2022-09-28 23:48:00+00:00,-0.046
2022-09-28 23:54:00+00:00,-0.012
2022-09-29 00:00:00+00:00,0.021
2022-09-29 00:06:00+00:00,0.053
2022-09-29 00:12:00+00:00,0.086
2022-09-29 00:18:00+00:00,0.118
2022-09-29 00:24:00+00:00,0.149
2022-09-29 00:30:00+00:00,0.18
2022-09-29 00:36:00+00:00,0.21
2022-09-29 00:42:00+00:00,0.24
2022-09-29 00:48:00+00:00,0.269
2022-09-29 00:54:00+00:00,0.297
2022-09-29 01:00:00+00:00,0.325
2022-09-29 01:06:00+00:00,0.351
2022-09-29 01:12:00+00:00,0.377
2022-09-29 01:18:00+00:00,0.402
2022-09-29 01:24:00+00:00,0.427
2022-09-29 01:30:00+00:00,0.45
2022-09-29 01:36:00+00:00,0.472
2022-09-29 01:42:00+00:00,0.494
2022-09-29 01:48:00+00:00,0.514
2022-09-29 01:54:00+00:00,0.533
2022-09-29 02:00:00+00:00,0.551
2022-09-29 02:06:00+00:00,0.568
2022-09-29 02:12:00+00:00,0.584
2022-09-29 02:18:00+00:00,0.599
2022-09-29 02:24:00+00:00,0.612
2022-09-29 02:30:00+00:00,0.624
2022-09-29 02:36:00+00:00,0.635
2022-09-29 02:42:00+00:00,0.644
2022-09-29 02:48:00+00:00,0.652
2022-09-29 02:54:00+00:00,0.658
2022-09-29 03:00:00+00:00,0.663
2022-09-29 03:06:00+00:00,0.666
2022-09-29 03:12:00+00:00,0.668
2022-09-29 03:18:00+00:00,0.667
2022-09-29 03:24:00+00:00,0.666
2022-09-29 03:30:00+00:00,0.662
2022-09-29 03:36:00+00:00,0.657
2022-09-29 03:42:00+00:00,0.651
2022-09-29 03:48:00+00:00,0.642
2022-09-29 03:54:00+00:00,0.632
2022-09-29 04:00:00+00:00,0.62
2022-09-29 04:06:00+00:00,0.606
2022-09-29 04:12:00+00:00,0.591
2022-09-29 04:18:00+00:00,0.573
2022-09-29 04:24:00+00:00,0.554
2022-09-29 04:30:00+00:00,0.533
2022-09-29 04:36:00+00:00,0.51
2022-09-29 04:42:00+00:00,0.486
2022-09-29 04:48:00+00:00,0.46
2022-09-29 04:54:00+00:00,0.432
2022-09-29 05:00:00+00:00,0.402
2022-09-29 05:06:00+00:00,0.371
2022-09-29 05:12:00+00:00,0.338
2022-09-29 05:18:00+00:00,0.303
2022-09-29 05:24:00+00:00,0.267
2022-09-29 05:30:00+00:00,0.23
2022-09-29 05:36:00+00:00,0.192
2022-09-29 05:42:00+00:00,0.152
2022-09-29 05:48:00+00:00,0.112
2022-09-29 05:54:00+00:00,0.071
2022-09-29 06:00:00+00:00,0.029
2022-09-29 06:06:00+00:00,-0.014
2022-09-29 06:12:00+00:00,-0.057
2022-09-29 06:18:00+00:00,-0.1
2022-09-29 06:24:00+00:00,-0.142
2022-09-29 06:30:00+00:00,-0.185
2022-09-29 06:36:00+00:00,-0.227
2022-09-29 06:42:00+00:00,-0.269
2022-09-29 06:48:00+00:00,-0.31
2022-09-29 06:54:00+00:00,-0.349
2022-09-29 07:00:00+00:00,-0.388
2022-09-29 07:06:00+00:00,-0.425
2022-09-29 07:12:00+00:00,-0.461
2022-09-29 07:18:00+00:00,-0.495
2022-09-29 07:24:00+00:00,-0.528
2022-09-29 07:30:00+00:00,-0.558
2022-09-29 07:36:00+00:00,-0.587
2022-09-29 07:42:00+00:00,-0.614
2022-09-29 07:48:00+00:00,-0.638
2022-09-29 07:54:00+00:00,-0.661
2022-09-29 08:00:00+00:00,-0.681
2022-09-29 08:06:00+00:00,-0.699
2022-09-29 08:12:00+00:00,-0.715
2022-09-29 08:18:00+00:00,-0.728
2022-09-29 08:24:00+00:00,-0.74
2022-09-29 08:30:00+00:00,-0.749
2022-09-29 08:36:00+00:00,-0.756
2022-09-29 08:42:00+00:00,-0.761
2022-09-29 08:48:00+00:00,-0.764
2022-09-29 08:54:00+00:00,-0.764
2022-09-29 09:00:00+00:00,-0.763
2022-09-29 09:06:00+00:00,-0.76
2022-09-29 09:12:00+00:00,-0.755
2022-09-29 09:18:00+00:00,-0.748
2022-09-29 09:24:00+00:00,-0.739
2022-09-29 09:30:00+00:00,-0.728
2022-09-29 09:36:00+00:00,-0.716
2022-09-29 09:42:00+00:00,-0.702
2022-09-29 09:48:00+00:00,-0.686
2022-09-29 09:54:00+00:00,-0.668
2022-09-29 10:00:00+00:00,-0.649
2022-09-29 10:06:00+00:00,-0.628
2022-09-29 10:12:00+00:00,-0.606
2022-09-29 10:18:00+00:00,-0.582
2022-09-29 10:24:00+00:00,-0.557
2022-09-29 10:30:00+00:00,-0.53
2022-09-29 10:36:00+00:00,-0.502
2022-09-29 10:42:00+00:00,-0.473
2022-09-29 10:48:00+00:00,-0.442
2022-09-29 10:54:00+00:00,-0.411
2022-09-29 11:00:00+00:00,-0.378
2022-09-29 11:06:00+00:00,-0.345
2022-09-29 11:12:00+00:00,-0.311
2022-09-29 11:18:00+00:00,-0.276
2022-09-29 11:24:00+00:00,-0.241
2022-09-29 11:30:00+00:00,-0.205
2022-09-29 11:36:00+00:00,-0.169
2022-09-29 11:42:00+00:00,-0.132
2022-09-29 11:48:00+00:00,-0.096
2022-09-29 11:54:00+00:00,-0.059
2022-09-29 12:00:00+00:00,-0.022
2022-09-29 12:06:00+00:00,0.014
2022-09-29 12:12:00+00:00,0.05
2022-09-29 12:18:00+00:00,0.086
2022-09-29 12:24:00+00:00,0.122
2022-09-29 12:30:00+00:00,0.156
2022-09-29 12:36:00+00:00,0.191
2022-09-29 12:42:00+00:00,0.225
2022-09-29 12:48:00+00:00,0.258
2022-09-29 12:54:00+00:00,0.29
2022-09-29 13:00:00+00:00,0.322
2022-09-29 13:06:00+00:00,0.353
2022-09-29 13:12:00+00:00,0.383
2022-09-29 13:18:00+00:00,0.413
2022-09-29 13:24:00+00:00,0.442
2022-09-29 13:30:00+00:00,0.469
2022-09-29 13:36:00+00:00,0.496
2022-09-29 13:42:00+00:00,0.522
2022-09-29 13:48:00+00:00,0.547
2022-09-29 13:54:00+00:00,0.571
2022-09-29 14:00:00+00:00,0.594
2022-09-29 14:06:00+00:00,0.616
2022-09-29 14:12:00+00:00,0.637
2022-09-29 14:18:00+00:00,0.657
2022-09-29 14:24:00+00:00,0.676
2022-09-29 14:30:00+00:00,0.694
2022-09-29 14:36:00+00:00,0.711
2022-09-29 14:42:00+00:00,0.726
2022-09-29 14:48:00+00:00,0.74
2022-09-29 14:54:00+00:00,0.753
2022-09-29 15:00:00+00:00,0.765
2022-09-29 15:06:00+00:00,0.775
2022-09-29 15:12:00+00:00,0.784
2022-09-29 15:18:00+00:00,0.792
2022-09-29 15:24:00+00:00,0.798
2022-09-29 15:30:00+00:00,0.802
2022-09-29 15:36:00+00:00,0.806
2022-09-29 15:42:00+00:00,0.807
2022-09-29 15:48:00+00:00,0.807
2022-09-29 15:54:00+00:00,0.806
2022-09-29 16:00:00+00:00,0.803
2022-09-29 16:06:00+00:00,0.798
2022-09-29 16:12:00+00:00,0.791
2022-09-29 16:18:00+00:00,0.783
2022-09-29 16:24:00+00:00,0.774
2022-09-29 16:30:00+00:00,0.762
2022-09-29 16:36:00+00:00,0.749
2022-09-29 16:42:00+00:00,0.734
2022-09-29 16:48:00+00:00,0.718
2022-09-29 16:54:00+00:00,0.699
2022-09-29 17:00:00+00:00,0.679
2022-09-29 17:06:00+00:00,0.657
2022-09-29 17:12:00+00:00,0.634
2022-09-29 17:18:00+00:00,0.608
2022-09-29 17:24:00+00:00,0.582
2022-09-29 17:30:00+00:00,0.553
2022-09-29 17:36:00+00:00,0.523
2022-09-29 17:42:00+00:00,0.491
2022-09-29 17:48:00+00:00,0.457
2022-09-29 17:54:00+00:00,0.423
2022-09-29 18:00:00+00:00,0.386
2022-09-29 18:06:00+00:00,0.349
2022-09-29 18:12:00+00:00,0.311
2022-09-29 18:18:00+00:00,0.271
2022-09-29 18:24:00+00:00,0.231
2022-09-29 18:30:00+00:00,0.19
2022-09-29 18:36:00+00:00,0.149
2022-09-29 18:42:00+00:00,0.107
2022-09-29 18:48:00+00:00,0.065
2022-09-29 18:54:00+00:00,0.023
2022-09-29 19:00:00+00:00,-0.019
2022-09-29 19:06:00+00:00,-0.06
2022-09-29 19:12:00+00:00,-0.101
2022-09-29 19:18:00+00:00,-0.142
2022-09-29 19:24:00+00:00,-0.181
2022-09-29 19:30:00+00:00,-0.219
2022-09-29 19:36:00+00:00,-0.257
2022-09-29 19:42:00+00:00,-0.293
2022-09-29 19:48:00+00:00,-0.327
2022-09-29 19:54:00+00:00,-0.36
2022-09-29 20:00:00+00:00,-0.391
2022-09-29 20:06:00+00:00,-0.421
2022-09-29 20:12:00+00:00,-0.449
2022-09-29 20:18:00+00:00,-0.475
2022-09-29 20:24:00+00:00,-0.499
2022-09-29 20:30:00+00:00,-0.522
2022-09-29 20:36:00+00:00,-0.542
2022-09-29 20:42:00+00:00,-0.561
2022-09-29 20:48:00+00:00,-0.577
2022-09-29 20:54:00+00:00,-0.592
2022-09-29 21:00:00+00:00,-0.605
2022-09-29 21:06:00+00:00,-0.616
2022-09-29 21:12:00+00:00,-0.625
2022-09-29 21:18:00+00:00,-0.633
2022-09-29 21:24:00+00:00,-0.638
2022-09-29 21:30:00+00:00,-0.642
2022-09-29 21:36:00+00:00,-0.644
2022-09-29 21:42:00+00:00,-0.645
2022-09-29 21:48:00+00:00,-0.644
2022-09-29 21:54:00+00:00,-0.641
2022-09-29 22:00:00+00:00,-0.636
2022-09-29 22:06:00+00:00,-0.63
2022-09-29 22:12:00+00:00,-0.622
2022-09-29 22:18:00+00:00,-0.612
2022-09-29 22:24:00+00:00,-0.601
2022-09-29 22:30:00+00:00,-0.589
2022-09-29 22:36:00+00:00,-0.574
2022-09-29 22:42:00+00:00,-0.559
2022-09-29 22:48:00+00:00,-0.541
2022-09-29 22:54:00+00:00,-0.523
2022-09-29 23:00:00+00:00,-0.503
2022-09-29 23:06:00+00:00,-0.481
2022-09-29 23:12:00+00:00,-0.459
2022-09-29 23:18:00+00:00,-0.435
2022-09-29 23:24:00+00:00,-0.41
2022-09-29 23:30:00+00:00,-0.384
2022-09-29 23:36:00+00:00,-0.357
2022-09-29 23:42:00+00:00,-0.329
2022-09-29 23:48:00+00:00,-0.3
2022-09-29 23:54:00+00:00,-0.271
2022-09-30 00:00:00+00:00,-0.241
2022-09-30 00:06:00+00:00,-0.211
2022-09-30 00:12:00+00:00,-0.18
2022-09-30 00:18:00+00:00,-0.149
2022-09-30 00:24:00+00:00,-0.117
2022-09-30 00:30:00+00:00,-0.086
2022-09-30 00:36:00+00:00,-0.055
2022-09-30 00:42:00+00:00,-0.024
2022-09-30 00:48:00+00:00,0.008
2022-09-30 00:54:00+00:00,0.038
2022-09-30 01:00:00+00:00,0.069
2022-09-30 01:06:00+00:00,0.099
2022-09-30 01:12:00+00:00,0.128
2022-09-30 01:18:00+00:00,0.158
2022-09-30 01:24:00+00:00,0.186
2022-09-30 01:30:00+00:00,0.214
2022-09-30 01:36:00+00:00,0.242
2022-09-30 01:42:00+00:00,0.268
2022-09-30 01:48:00+00:00,0.294
2022-09-30 01:54:00+00:00,0.32
2022-09-30 02:00:00+00:00,0.344
2022-09-30 02:06:00+00:00,0.368
2022-09-30 02:12:00+00:00,0.391
2022-09-30 02:18:00+00:00,0.413
2022-09-30 02:24:00+00:00,0.434
2022-09-30 02:30:00+00:00,0.454
2022-09-30 02:36:00+00:00,0.473
2022-09-30 02:42:00+00:00,0.491
2022-09-30 02:48:00+00:00,0.508
2022-09-30 02:54:00+00:00,0.524
2022-09-30 03:00:00+00:00,0.539
2022-09-30 03:06:00+00:00,0.553
2022-09-30 03:12:00+00:00,0.565
2022-09-30 03:18:00+00:00,0.576
2022-09-30 03:24:00+00:00,0.585
2022-09-30 03:30:00+00:00,0.594
2022-09-30 03:36:00+00:00,0.601
2022-09-30 03:42:00+00:00,0.606
2022-09-30 03:48:00+00:00,0.61
2022-09-30 03:54:00+00:00,0.612
2022-09-30 04:00:00+00:00,0.613
2022-09-30 04:06:00+00:00,0.612
2022-09-30 04:12:00+00:00,0.61
2022-09-30 04:18:00+00:00,0.606
2022-09-30 04:24:00+00:00,0.601
2022-09-30 04:30:00+00:00,0.594
2022-09-30 04:36:00+00:00,0.585
2022-09-30 04:42:00+00:00,0.575
2022-09-30 04:48:00+00:00,0.563
2022-09-30 04:54:00+00:00,0.549
2022-09-30 05:00:00+00:00,0.534
2022-09-30 05:06:00+00:00,0.517
2022-09-30 05:12:00+00:00,0.498
2022-09-30 05:18:00+00:00,0.477
2022-09-30 05:24:00+00:00,0.455
2022-09-30 05:30:00+00:00,0.432
2022-09-30 05:36:00+00:00,0.406
2022-09-30 05:42:00+00:00,0.38
2022-09-30 05:48:00+00:00,0.351
2022-09-30 05:54:00+00:00,0.321
2022-09-30 06:00:00+00:00,0.29
2022-09-30 06:06:00+00:00,0.257
2022-09-30 06:12:00+00:00,0.223
2022-09-30 06:18:00+00:00,0.188
2022-09-30 06:24:00+00:00,0.152
2022-09-30 06:30:00+00:00,0.114
2022-09-30 06:36:00+00:00,0.076
2022-09-30 06:42:00+00:00,0.037
2022-09-30 06:48:00+00:00,-0.002
2022-09-30 06:54:00+00:00,-0.042
2022-09-30 07:00:00+00:00,-0.082
2022-09-30 07:06:00+00:00,-0.123
2022-09-30 07:12:00+00:00,-0.163
2022-09-30 07:18:00+00:00,-0.203
2022-09-30 07:24:00+00:00,-0.242
2022-09-30 07:30:00+00:00,-0.281
2022-09-30 07:36:00+00:00,-0.319
2022-09-30 07:42:00+00:00,-0.356
2022-09-30 07:48:00+00:00,-0.392
2022-09-30 07:54:00+00:00,-0.427
2022-09-30 08:00:00+00:00,-0.46
2022-09-30 08:06:00+00:00,-0.492
2022-09-30 08:12:00+00:00,-0.522
2022-09-30 08:18:00+00:00,-0.55
2022-09-30 08:24:00+00:00,-0.576
2022-09-30 08:30:00+00:00,-0.6
2022-09-30 08:36:00+00:00,-0.623
2022-09-30 08:42:00+00:00,-0.643
2022-09-30 08:48:00+00:00,-0.661
2022-09-30 08:54:00+00:00,-0.677
2022-09-30 09:00:00+00:00,-0.691
2022-09-30 09:06:00+00:00,-0.703
2022-09-30 09:12:00+00:00,-0.713
2022-09-30 09:18:00+00:00,-0.721
2022-09-30 09:24:00+00:00,-0.727
2022-09-30 09:30:00+00:00,-0.73
2022-09-30 09:36:00+00:00,-0.732
2022-09-30 09:42:00+00:00,-0.732
2022-09-30 09:48:00+00:00,-0.73
2022-09-30 09:54:00+00:00,-0.727
2022-09-30 10:00:00+00:00,-0.721
2022-09-30 10:06:00+00:00,-0.714
2022-09-30 10:12:00+00:00,-0.705
2022-09-30 10:18:00+00:00,-0.694
2022-09-30 10:24:00+00:00,-0.682
2022-09-30 10:30:00+00:00,-0.668
2022-09-30 10:36:00+00:00,-0.653
2022-09-30 10:42:00+00:00,-0.636
2022-09-30 10:48:00+00:00,-0.617
2022-09-30 10:54:00+00:00,-0.597
2022-09-30 11:00:00+00:00,-0.576
2022-09-30 11:06:00+00:00,-0.553
2022-09-30 11:12:00+00:00,-0.529
2022-09-30 11:18:00+00:00,-0.503
2022-09-30 11:24:00+00:00,-0.476
2022-09-30 11:30:00+00:00,-0.449
2022-09-30 11:36:00+00:00,-0.419
2022-09-30 11:42:00+00:00,-0.389
2022-09-30 11:48:00+00:00,-0.358
2022-09-30 11:54:00+00:00,-0.326
2022-09-30 12:00:00+00:00,-0.294
2022-09-30 12:06:00+00:00,-0.26
2022-09-30 12:12:00+00:00,-0.226
2022-09-30 12:18:00+00:00,-0.192
2022-09-30 12:24:00+00:00,-0.157
2022-09-30 12:30:00+00:00,-0.121
2022-09-30 12:36:00+00:00,-0.086
2022-09-30 12:42:00+00:00,-0.051
2022-09-30 12:48:00+00:00,-0.015
2022-09-30 12:54:00+00:00,0.02
2022-09-30 13:00:00+00:00,0.055
2022-09-30 13:06:00+00:00,0.09
2022-09-30 13:12:00+00:00,0.125
2022-09-30 13:18:00+00:00,0.159
2022-09-30 13:24:00+00:00,0.193
2022-09-30 13:30:00+00:00,0.226
2022-09-30 13:36:00+00:00,0.258
2022-09-30 13:42:00+00:00,0.29
2022-09-30 13:48:00+00:00,0.321
2022-09-30 13:54:00+00:00,0.352
2022-09-30 14:00:00+00:00,0.381
2022-09-30 14:06:00+00:00,0.41
2022-09-30 14:12:00+00:00,0.438
2022-09-30 14:18:00+00:00,0.465
2022-09-30 14:24:00+00:00,0.492
2022-09-30 14:30:00+00:00,0.517
2022-09-30 14:36:00+00:00,0.542
2022-09-30 14:42:00+00:00,0.566
2022-09-30 14:48:00+00:00,0.588
2022-09-30 14:54:00+00:00,0.61
2022-09-30 15:00:00+00:00,0.631
2022-09-30 15:06:00+00:00,0.65
2022-09-30 15:12:00+00:00,0.669
2022-09-30 15:18:00+00:00,0.686
2022-09-30 15:24:00+00:00,0.703
2022-09-30 15:30:00+00:00,0.718
2022-09-30 15:36:00+00:00,0.732
2022-09-30 15:42:00+00:00,0.744
2022-09-30 15:48:00+00:00,0.756
2022-09-30 15:54:00+00:00,0.766
2022-09-30 16:00:00+00:00,0.775
2022-09-30 16:06:00+00:00,0.782
2022-09-30 16:12:00+00:00,0.788
2022-09-30 16:18:00+00:00,0.793
2022-09-30 16:24:00+00:00,0.796
2022-09-30 16:30:00+00:00,0.798
2022-09-30 16:36:00+00:00,0.798
2022-09-30 16:42:00+00:00,0.797
2022-09-30 16:48:00+00:00,0.794
2022-09-30 16:54:00+00:00,0.79
2022-09-30 17:00:00+00:00,0.784
2022-09-30 17:06:00+00:00,0.777
2022-09-30 17:12:00+00:00,0.768
2022-09-30 17:18:00+00:00,0.757
2022-09-30 17:24:00+00:00,0.745
2022-09-30 17:30:00+00:00,0.732
2022-09-30 17:36:00+00:00,0.716
2022-09-30 17:42:00+00:00,0.699
2022-09-30 17:48:00+00:00,0.681
2022-09-30 17:54:00+00:00,0.66
2022-09-30 18:00:00+00:00,0.639
2022-09-30 18:06:00+00:00,0.615
2022-09-30 18:12:00+00:00,0.59
2022-09-30 18:18:00+00:00,0.564
2022-09-30 18:24:00+00:00,0.535
2022-09-30 18:30:00+00:00,0.506
2022-09-30 18:36:00+00:00,0.475
2022-09-30 18:42:00+00:00,0.443
2022-09-30 18:48:00+00:00,0.409
2022-09-30 18:54:00+00:00,0.374
2022-09-30 19:00:00+00:00,0.338
2022-09-30 19:06:00+00:00,0.302
2022-09-30 19:12:00+00:00,0.264
2022-09-30 19:18:00+00:00,0.226
2022-09-30 19:24:00+00:00,0.187
2022-09-30 19:30:00+00:00,0.148
2022-09-30 19:36:00+00:00,0.108
2022-09-30 19:42:00+00:00,0.069
2022-09-30 19:48:00+00:00,0.029
2022-09-30 19:54:00+00:00,-0.01
2022-09-30 20:00:00+00:00,-0.049
2022-09-30 20:06:00+00:00,-0.087
2022-09-30 20:12:00+00:00,-0.125
2022-09-30 20:18:00+00:00,-0.161
2022-09-30 20:24:00+00:00,-0.197
2022-09-30 20:30:00+00:00,-0.232
2022-09-30 20:36:00+00:00,-0.265
2022-09-30 20:42:00+00:00,-0.297
2022-09-30 20:48:00+00:00,-0.327
2022-09-30 20:54:00+00:00,-0.356
2022-09-30 21:00:00+00:00,-0.383
2022-09-30 21:06:00+00:00,-0.409
2022-09-30 21:12:00+00:00,-0.433
2022-09-30 21:18:00+00:00,-0.456
2022-09-30 21:24:00+00:00,-0.476
2022-09-30 21:30:00+00:00,-0.495
2022-09-30 21:36:00+00:00,-0.512
2022-09-30 21:42:00+00:00,-0.528
2022-09-30 21:48:00+00:00,-0.542
2022-09-30 21:54:00+00:00,-0.554
2022-09-30 22:00:00+00:00,-0.565
2022-09-30 22:06:00+00:00,-0.574
2022-09-30 22:12:00+00:00,-0.581
2022-09-30 22:18:00+00:00,-0.587
2022-09-30 22:24:00+00:00,-0.591
2022-09-30 22:30:00+00:00,-0.593
2022-09-30 22:36:00+00:00,-0.594
2022-09-30 22:42:00+00:00,-0.594
2022-09-30 22:48:00+00:00,-0.592
2022-09-30 22:54:00+00:00,-0.589
2022-09-30 23:00:00+00:00,-0.584
2022-09-30 23:06:00+00:00,-0.577
2022-09-30 23:12:00+00:00,-0.569
2022-09-30 23:18:00+00:00,-0.56
2022-09-30 23:24:00+00:00,-0.549
2022-09-30 23:30:00+00:00,-0.536
2022-09-30 23:36:00+00:00,-0.522
2022-09-30 23:42:00+00:00,-0.507
2022-09-30 23:48:00+00:00,-0.49
2022-09-30 23:54:00+00:00,-0.472
2022-10-01 00:00:00+00:00,-0.453
2022-10-01 00:06:00+00:00,-0.432
2022-10-01 00:12:00+00:00,-0.411
2022-10-01 00:18:00+00:00,-0.388
2022-10-01 00:24:00+00:00,-0.364
2022-10-01 00:30:00+00:00,-0.339
2022-10-01 00:36:00+00:00,-0.313
2022-10-01 00:42:00+00:00,-0.286
2022-10-01 00:48:00+00:00,-0.259
2022-10-01 00:54:00+00:00,-0.231
2022-10-01 01:00:00+00:00,-0.203
2022-10-01 01:06:00+00:00,-0.174
2022-10-01 01:12:00+00:00,-0.145
2022-10-01 01:18:00+00:00,-0.116
2022-10-01 01:24:00+00:00,-0.087
2022-10-01 01:30:00+00:00,-0.058
2022-10-01 01:36:00+00:00,-0.028
2022-10-01 01:42:00+00:00,0.001
2022-10-01 01:48:00+00:00,0.03
2022-10-01 01:54:00+00:00,0.058
2022-10-01 02:00:00+00:00,0.086
2022-10-01 02:06:00+00:00,0.114
2022-10-01 02:12:00+00:00,0.142
2022-10-01 02:18:00+00:00,0.169
2022-10-01 02:24:00+00:00,0.195
2022-10-01 02:30:00+00:00,0.221
2022-10-01 02:36:00+00:00,0.246
2022-10-01 02:42:00+00:00,0.27
2022-10-01 02:48:00+00:00,0.294
2022-10-01 02:54:00+00:00,0.317
2022-10-01 03:00:00+00:00,0.339
2022-10-01 03:06:00+00:00,0.36
2022-10-01 03:12:00+00:00,0.381
2022-10-01 03:18:00+00:00,0.401
2022-10-01 03:24:00+00:00,0.419
2022-10-01 03:30:00+00:00,0.437
2022-10-01 03:36:00+00:00,0.453
2022-10-01 03:42:00+00:00,0.469
2022-10-01 03:48:00+00:00,0.483
2022-10-01 03:54:00+00:00,0.497
2022-10-01 04:00:00+00:00,0.509
2022-10-01 04:06:00+00:00,0.52
2022-10-01 04:12:00+00:00,0.529
2022-10-01 04:18:00+00:00,0.538
2022-10-01 04:24:00+00:00,0.545
2022-10-01 04:30:00+00:00,0.55
2022-10-01 04:36:00+00:00,0.554
2022-10-01 04:42:00+00:00,0.557
2022-10-01 04:48:00+00:00,0.559
2022-10-01 04:54:00+00:00,0.559
2022-10-01 05:00:00+00:00,0.557
2022-10-01 05:06:00+00:00,0.554
2022-10-01 05:12:00+00:00,0.549
2022-10-01 05:18:00+00:00,0.543
2022-10-01 05:24:00+00:00,0.536
2022-10-01 05:30:00+00:00,0.527
2022-10-01 05:36:00+00:00,0.516
2022-10-01 05:42:00+00:00,0.504
2022-10-01 05:48:00+00:00,0.49
2022-10-01 05:54:00+00:00,0.475
2022-10-01 06:00:00+00:00,0.458
2022-10-01 06:06:00+00:00,0.44
2022-10-01 06:12:00+00:00,0.421
2022-10-01 06:18:00+00:00,0.399
2022-10-01 06:24:00+00:00,0.377
2022-10-01 06:30:00+00:00,0.352
2022-10-01 06:36:00+00:00,0.327
2022-10-01 06:42:00+00:00,0.3
2022-10-01 06:48:00+00:00,0.272
2022-10-01 06:54:00+00:00,0.242
2022-10-01 07:00:00+00:00,0.211
2022-10-01 07:06:00+00:00,0.179
2022-10-01 07:12:00+00:00,0.146
2022-10-01 07:18:00+00:00,0.112
2022-10-01 07:24:00+00:00,0.078
2022-10-01 07:30:00+00:00,0.042
2022-10-01 07:36:00+00:00,0.006
2022-10-01 07:42:00+00:00,-0.031
2022-10-01 07:48:00+00:00,-0.068
2022-10-01 07:54:00+00:00,-0.105
2022-10-01 08:00:00+00:00,-0.142
2022-10-01 08:06:00+00:00,-0.179
2022-10-01 08:12:00+00:00,-0.215
2022-10-01 08:18:00+00:00,-0.251
2022-10-01 08:24:00+00:00,-0.287
2022-10-01 08:30:00+00:00,-0.321
2022-10-01 08:36:00+00:00,-0.355
2022-10-01 08:42:00+00:00,-0.387
2022-10-01 08:48:00+00:00,-0.418
2022-10-01 08:54:00+00:00,-0.448
2022-10-01 09:00:00+00:00,-0.477
2022-10-01 09:06:00+00:00,-0.503
2022-10-01 09:12:00+00:00,-0.529
2022-10-01 09:18:00+00:00,-0.552
2022-10-01 09:24:00+00:00,-0.574
2022-10-01 09:30:00+00:00,-0.593
2022-10-01 09:36:00+00:00,-0.611
2022-10-01 09:42:00+00:00,-0.627
2022-10-01 09:48:00+00:00,-0.641
2022-10-01 09:54:00+00:00,-0.654
2022-10-01 10:00:00+00:00,-0.664
2022-10-01 10:06:00+00:00,-0.672
2022-10-01 10:12:00+00:00,-0.679
2022-10-01 10:18:00+00:00,-0.684
2022-10-01 10:24:00+00:00,-0.687
2022-10-01 10:30:00+00:00,-0.689
2022-10-01 10:36:00+00:00,-0.688
2022-10-01 10:42:00+00:00,-0.686
2022-10-01 10:48:00+00:00,-0.683
2022-10-01 10:54:00+00:00,-0.678
2022-10-01 11:00:00+00:00,-0.671
2022-10-01 11:06:00+00:00,-0.663
2022-10-01 11:12:00+00:00,-0.653
2022-10-01 11:18:00+00:00,-0.641
2022-10-01 11:24:00+00:00,-0.629
2022-10-01 11:30:00+00:00,-0.614
2022-10-01 11:36:00+00:00,-0.599
2022-10-01 11:42:00+00:00,-0.581
2022-10-01 11:48:00+00:00,-0.563
2022-10-01 11:54:00+00:00,-0.543
2022-10-01 12:00:00+00:00,-0.521
2022-10-01 12:06:00+00:00,-0.499
2022-10-01 12:12:00+00:00,-0.475
2022-10-01 12:18:00+00:00,-0.45
2022-10-01 12:24:00+00:00,-0.423
2022-10-01 12:30:00+00:00,-0.396
2022-10-01 12:36:00+00:00,-0.367
2022-10-01 12:42:00+00:00,-0.338
2022-10-01 12:48:00+00:00,-0.308
2022-10-01 12:54:00+00:00,-0.276
2022-10-01 13:00:00+00:00,-0.245
2022-10-01 13:06:00+00:00,-0.212
2022-10-01 13:12:00+00:00,-0.179
2022-10-01 13:18:00+00:00,-0.146
2022-10-01 13:24:00+00:00,-0.112
2022-10-01 13:30:00+00:00,-0.078
2022-10-01 13:36:00+00:00,-0.044
2022-10-01 13:42:00+00:00,-0.01
2022-10-01 13:48:00+00:00,0.024
2022-10-01 13:54:00+00:00,0.058
2022-10-01 14:00:00+00:00,0.092
2022-10-01 14:06:00+00:00,0.125
2022-10-01 14:12:00+00:00,0.158
2022-10-01 14:18:00+00:00,0.19
2022-10-01 14:24:00+00:00,0.222
2022-10-01 14:30:00+00:00,0.254
2022-10-01 14:36:00+00:00,0.284
2022-10-01 14:42:00+00:00,0.315
2022-10-01 14:48:00+00:00,0.344
2022-10-01 14:54:00+00:00,0.373
2022-10-01 15:00:00+00:00,0.401
2022-10-01 15:06:00+00:00,0.428
2022-10-01 15:12:00+00:00,0.454
2022-10-01 15:18:00+00:00,0.48
2022-10-01 15:24:00+00:00,0.505
2022-10-01 15:30:00+00:00,0.529
2022-10-01 15:36:00+00:00,0.552
2022-10-01 15:42:00+00:00,0.574
2022-10-01 15:48:00+00:00,0.595
2022-10-01 15:54:00+00:00,0.615
2022-10-01 16:00:00+00:00,0.634
2022-10-01 16:06:00+00:00,0.652
2022-10-01 16:12:00+00:00,0.669
2022-10-01 16:18:00+00:00,0.684
2022-10-01 16:24:00+00:00,0.699
2022-10-01 16:30:00+00:00,0.713
2022-10-01 16:36:00+00:00,0.725
2022-10-01 16:42:00+00:00,0.736
2022-10-01 16:48:00+00:00,0.746
2022-10-01 16:54:00+00:00,0.754
2022-10-01 17:00:00+00:00,0.762
2022-10-01 17:06:00+00:00,0.768
2022-10-01 17:12:00+00:00,0.772
2022-10-01 17:18:00+00:00,0.776
2022-10-01 17:24:00+00:00,0.778
2022-10-01 17:30:00+00:00,0.778
2022-10-01 17:36:00+00:00,0.777
2022-10-01 17:42:00+00:00,0.775
2022-10-01 17:48:00+00:00,0.771
2022-10-01 17:54:00+00:00,0.766
2022-10-01 18:00:00+00:00,0.76
2022-10-01 18:06:00+00:00,0.752
2022-10-01 18:12:00+00:00,0.742
2022-10-01 18:18:00+00:00,0.731
2022-10-01 18:24:00+00:00,0.719
2022-10-01 18:30:00+00:00,0.705
2022-10-01 18:36:00+00:00,0.69
2022-10-01 18:42:00+00:00,0.673
2022-10-01 18:48:00+00:00,0.654
2022-10-01 18:54:00+00:00,0.634
2022-10-01 19:00:00+00:00,0.613
2022-10-01 19:06:00+00:00,0.59
2022-10-01 19:12:00+00:00,0.565
2022-10-01 19:18:00+00:00,0.539
2022-10-01 19:24:00+00:00,0.512
2022-10-01 19:30:00+00:00,0.484
2022-10-01 19:36:00+00:00,0.454
2022-10-01 19:42:00+00:00,0.423
2022-10-01 19:48:00+00:00,0.39
2022-10-01 19:54:00+00:00,0.357
2022-10-01 20:00:00+00:00,0.323
2022-10-01 20:06:00+00:00,0.288
2022-10-01 20:12:00+00:00,0.252
2022-10-01 20:18:00+00:00,0.216
2022-10-01 20:24:00+00:00,0.179
2022-10-01 20:30:00+00:00,0.143
2022-10-01 20:36:00+00:00,0.106
2022-10-01 20:42:00+00:00,0.069
2022-10-01 20:48:00+00:00,0.032
2022-10-01 20:54:00+00:00,-0.005
2022-10-01 21:00:00+00:00,-0.041
2022-10-01 21:06:00+00:00,-0.076
2022-10-01 21:12:00+00:00,-0.111
2022-10-01 21:18:00+00:00,-0.144
2022-10-01 21:24:00+00:00,-0.177
2022-10-01 21:30:00+00:00,-0.209
2022-10-01 21:36:00+00:00,-0.24
2022-10-01 21:42:00+00:00,-0.269
2022-10-01 21:48:00+00:00,-0.297
2022-10-01 21:54:00+00:00,-0.324
2022-10-01 22:00:00+00:00,-0.349
2022-10-01 22:06:00+00:00,-0.373
2022-10-01 22:12:00+00:00,-0.395
2022-10-01 22:18:00+00:00,-0.416
2022-10-01 22:24:00+00:00,-0.435
2022-10-01 22:30:00+00:00,-0.453
2022-10-01 22:36:00+00:00,-0.47
2022-10-01 22:42:00+00:00,-0.485
2022-10-01 22:48:00+00:00,-0.498
2022-10-01 22:54:00+00:00,-0.51
2022-10-01 23:00:00+00:00,-0.521
2022-10-01 23:06:00+00:00,-0.53
2022-10-01 23:12:00+00:00,-0.538
2022-10-01 23:18:00+00:00,-0.545
2022-10-01 23:24:00+00:00,-0.55
2022-10-01 23:30:00+00:00,-0.553
2022-10-01 23:36:00+00:00,-0.555
2022-10-01 23:42:00+00:00,-0.556
2022-10-01 23:48:00+00:00,-0.555
2022-10-01 23:54:00+00:00,-0.553
2022-10-02 00:00:00+00:00,-0.549
2022-10-02 00:06:00+00:00,-0.544
2022-10-02 00:12:00+00:00,-0.537
2022-10-02 00:18:00+00:00,-0.529
2022-10-02 00:24:00+00:00,-0.519
2022-10-02 00:30:00+00:00,-0.508
2022-10-02 00:36:00+00:00,-0.496
2022-10-02 00:42:00+00:00,-0.481
2022-10-02 00:48:00+00:00,-0.466
2022-10-02 00:54:00+00:00,-0.449
2022-10-02 01:00:00+00:00,-0.431
2022-10-02 01:06:00+00:00,-0.412
2022-10-02 01:12:00+00:00,-0.391
2022-10-02 01:18:00+00:00,-0.369
2022-10-02 01:24:00+00:00,-0.347
2022-10-02 01:30:00+00:00,-0.323
2022-10-02 01:36:00+00:00,-0.298
2022-10-02 01:42:00+00:00,-0.273
2022-10-02 01:48:00+00:00,-0.247
2022-10-02 01:54:00+00:00,-0.221
2022-10-02 02:00:00+00:00,-0.194
2022-10-02 02:06:00+00:00,-0.166
2022-10-02 02:12:00+00:00,-0.139
2022-10-02 02:18:00+00:00,-0.111
2022-10-02 02:24:00+00:00,-0.083
2022-10-02 02:30:00+00:00,-0.055
2022-10-02 02:36:00+00:00,-0.028
2022-10-02 02:42:00+00:00,0.0
2022-10-02 02:48:00+00:00,0.027
2022-10-02 02:54:00+00:00,0.054
2022-10-02 03:00:00+00:00,0.081
2022-10-02 03:06:00+00:00,0.108
2022-10-02 03:12:00+00:00,0.133
2022-10-02 03:18:00+00:00,0.159
2022-10-02 03:24:00+00:00,0.184
2022-10-02 03:30:00+00:00,0.208
2022-10-02 03:36:00+00:00,0.232
2022-10-02 03:42:00+00:00,0.254
2022-10-02 03:48:00+00:00,0.277
2022-10-02 03:54:00+00:00,0.298
2022-10-02 04:00:00+00:00,0.319
2022-10-02 04:06:00+00:00,0.339
2022-10-02 04:12:00+00:00,0.358
2022-10-02 04:18:00+00:00,0.376
2022-10-02 04:24:00+00:00,0.393
2022-10-02 04:30:00+00:00,0.409
2022-10-02 04:36:00+00:00,0.424
2022-10-02 04:42:00+00:00,0.438
2022-10-02 04:48:00+00:00,0.451
2022-10-02 04:54:00+00:00,0.463
2022-10-02 05:00:00+00:00,0.474
2022-10-02 05:06:00+00:00,0.484
2022-10-02 05:12:00+00:00,0.492
2022-10-02 05:18:00+00:00,0.499
2022-10-02 05:24:00+00:00,0.505
2022-10-02 05:30:00+00:00,0.509
2022-10-02 05:36:00+00:00,0.512
2022-10-02 05:42:00+00:00,0.514
2022-10-02 05:48:00+00:00,0.515
2022-10-02 05:54:00+00:00,0.514
2022-10-02 06:00:00+00:00,0.512
2022-10-02 06:06:00+00:00,0.508
2022-10-02 06:12:00+00:00,0.504
2022-10-02 06:18:00+00:00,0.497
2022-10-02 06:24:00+00:00,0.49
2022-10-02 06:30:00+00:00,0.481
2022-10-02 06:36:00+00:00,0.47
2022-10-02 06:42:00+00:00,0.458
2022-10-02 06:48:00+00:00,0.445
2022-10-02 06:54:00+00:00,0.431
2022-10-02 07:00:00+00:00,0.415
2022-10-02 07:06:00+00:00,0.397
2022-10-02 07:12:00+00:00,0.378
2022-10-02 07:18:00+00:00,0.358
2022-10-02 07:24:00+00:00,0.337
2022-10-02 07:30:00+00:00,0.314
2022-10-02 07:36:00+00:00,0.29
2022-10-02 07:42:00+00:00,0.264
2022-10-02 07:48:00+00:00,0.238
2022-10-02 07:54:00+00:00,0.21
2022-10-02 08:00:00+00:00,0.181
2022-10-02 08:06:00+00:00,0.151
2022-10-02 08:12:00+00:00,0.12
2022-10-02 08:18:00+00:00,0.088
2022-10-02 08:24:00+00:00,0.056
2022-10-02 08:30:00+00:00,0.023
2022-10-02 08:36:00+00:00,-0.011
2022-10-02 08:42:00+00:00,-0.045
2022-10-02 08:48:00+00:00,-0.079
2022-10-02 08:54:00+00:00,-0.113
2022-10-02 09:00:00+00:00,-0.147
2022-10-02 09:06:00+00:00,-0.181
2022-10-02 09:12:00+00:00,-0.215
2022-10-02 09:18:00+00:00,-0.248
2022-10-02 09:24:00+00:00,-0.28
2022-10-02 09:30:00+00:00,-0.311
2022-10-02 09:36:00+00:00,-0.342
2022-10-02 09:42:00+00:00,-0.371
2022-10-02 09:48:00+00:00,-0.4
2022-10-02 09:54:00+00:00,-0.427
2022-10-02 10:00:00+00:00,-0.452
2022-10-02 10:06:00+00:00,-0.477
2022-10-02 10:12:00+00:00,-0.499
2022-10-02 10:18:00+00:00,-0.52
2022-10-02 10:24:00+00:00,-0.54
2022-10-02 10:30:00+00:00,-0.558
2022-10-02 10:36:00+00:00,-0.574
2022-10-02 10:42:00+00:00,-0.589
2022-10-02 10:48:00+00:00,-0.602
2022-10-02 10:54:00+00:00,-0.613
2022-10-02 11:00:00+00:00,-0.623
2022-10-02 11:06:00+00:00,-0.631
2022-10-02 11:12:00+00:00,-0.638
2022-10-02 11:18:00+00:00,-0.643
2022-10-02 11:24:00+00:00,-0.646
2022-10-02 11:30:00+00:00,-0.648
2022-10-02 11:36:00+00:00,-0.648
2022-10-02 11:42:00+00:00,-0.647
2022-10-02 11:48:00+00:00,-0.645
2022-10-02 11:54:00+00:00,-0.64
2022-10-02 12:00:00+00:00,-0.635
2022-10-02 12:06:00+00:00,-0.628
2022-10-02 12:12:00+00:00,-0.619
2022-10-02 12:18:00+00:00,-0.609
2022-10-02 12:24:00+00:00,-0.598
2022-10-02 12:30:00+00:00,-0.585
2022-10-02 12:36:00+00:00,-0.571
2022-10-02 12:42:00+00:00,-0.555
2022-10-02 12:48:00+00:00,-0.538
2022-10-02 12:54:00+00:00,-0.519
2022-10-02 13:00:00+00:00,-0.499
2022-10-02 13:06:00+00:00,-0.478
2022-10-02 13:12:00+00:00,-0.455
2022-10-02 13:18:00+00:00,-0.431
2022-10-02 13:24:00+00:00,-0.406
2022-10-02 13:30:00+00:00,-0.38
2022-10-02 13:36:00+00:00,-0.352
2022-10-02 13:42:00+00:00,-0.324
2022-10-02 13:48:00+00:00,-0.295
2022-10-02 13:54:00+00:00,-0.265
2022-10-02 14:00:00+00:00,-0.234
2022-10-02 14:06:00+00:00,-0.203
2022-10-02 14:12:00+00:00,-0.171
2022-10-02 14:18:00+00:00,-0.139
2022-10-02 14:24:00+00:00,-0.106
2022-10-02 14:30:00+00:00,-0.074
2022-10-02 14:36:00+00:00,-0.041
2022-10-02 14:42:00+00:00,-0.008
2022-10-02 14:48:00+00:00,0.025
2022-10-02 14:54:00+00:00,0.057
2022-10-02 15:00:00+00:00,0.09
2022-10-02 15:06:00+00:00,0.122
2022-10-02 15:12:00+00:00,0.153
2022-10-02 15:18:00+00:00,0.185
2022-10-02 15:24:00+00:00,0.215
2022-10-02 15:30:00+00:00,0.246
2022-10-02 15:36:00+00:00,0.275
2022-10-02 15:42:00+00:00,0.304
2022-10-02 15:48:00+00:00,0.333
2022-10-02 15:54:00+00:00,0.36
2022-10-02 16:00:00+00:00,0.387
2022-10-02 16:06:00+00:00,0.414
2022-10-02 16:12:00+00:00,0.439
2022-10-02 16:18:00+00:00,0.464
2022-10-02 16:24:00+00:00,0.488
2022-10-02 16:30:00+00:00,0.511
2022-10-02 16:36:00+00:00,0.533
2022-10-02 16:42:00+00:00,0.554
2022-10-02 16:48:00+00:00,0.575
2022-10-02 16:54:00+00:00,0.594
2022-10-02 17:00:00+00:00,0.613
2022-10-02 17:06:00+00:00,0.63
2022-10-02 17:12:00+00:00,0.647
2022-10-02 17:18:00+00:00,0.662
2022-10-02 17:24:00+00:00,0.677
2022-10-02 17:30:00+00:00,0.69
2022-10-02 17:36:00+00:00,0.702
2022-10-02 17:42:00+00:00,0.713
2022-10-02 17:48:00+00:00,0.723
2022-10-02 17:54:00+00:00,0.732
2022-10-02 18:00:00+00:00,0.739
2022-10-02 18:06:00+00:00,0.745
2022-10-02 18:12:00+00:00,0.75
2022-10-02 18:18:00+00:00,0.754
2022-10-02 18:24:00+00:00,0.757
2022-10-02 18:30:00+00:00,0.758
2022-10-02 18:36:00+00:00,0.758
2022-10-02 18:42:00+00:00,0.757
2022-10-02 18:48:00+00:00,0.754
2022-10-02 18:54:00+00:00,0.75
2022-10-02 19:00:00+00:00,0.745
2022-10-02 19:06:00+00:00,0.738
2022-10-02 19:12:00+00:00,0.73
2022-10-02 19:18:00+00:00,0.72
2022-10-02 19:24:00+00:00,0.71
2022-10-02 19:30:00+00:00,0.697
2022-10-02 19:36:00+00:00,0.683
2022-10-02 19:42:00+00:00,0.668
2022-10-02 19:48:00+00:00,0.651
2022-10-02 19:54:00+00:00,0.633
2022-10-02 20:00:00+00:00,0.613
2022-10-02 20:06:00+00:00,0.592
2022-10-02 20:12:00+00:00,0.569
2022-10-02 20:18:00+00:00,0.545
2022-10-02 20:24:00+00:00,0.519
2022-10-02 20:30:00+00:00,0.492
2022-10-02 20:36:00+00:00,0.464
2022-10-02 20:42:00+00:00,0.434
2022-10-02 20:48:00+00:00,0.404
2022-10-02 20:54:00+00:00,0.372
2022-10-02 21:00:00+00:00,0.34
2022-10-02 21:06:00+00:00,0.306
2022-10-02 21:12:00+00:00,0.272
2022-10-02 21:18:00+00:00,0.238
2022-10-02 21:24:00+00:00,0.203
2022-10-02 21:30:00+00:00,0.168
2022-10-02 21:36:00+00:00,0.132
2022-10-02 21:42:00+00:00,0.097
2022-10-02 21:48:00+00:00,0.061
2022-10-02 21:54:00+00:00,0.026
2022-10-02 22:00:00+00:00,-0.008
2022-10-02 22:06:00+00:00,-0.042
2022-10-02 22:12:00+00:00,-0.076
2022-10-02 22:18:00+00:00,-0.108
2022-10-02 22:24:00+00:00,-0.14
2022-10-02 22:30:00+00:00,-0.171
2022-10-02 22:36:00+00:00,-0.201
2022-10-02 22:42:00+00:00,-0.23
2022-10-02 22:48:00+00:00,-0.258
2022-10-02 22:54:00+00:00,-0.285
2022-10-02 23:00:00+00:00,-0.31
2022-10-02 23:06:00+00:00,-0.334
2022-10-02 23:12:00+00:00,-0.357
2022-10-02 23:18:00+00:00,-0.379
2022-10-02 23:24:00+00:00,-0.399
2022-10-02 23:30:00+00:00,-0.419
2022-10-02 23:36:00+00:00,-0.436
2022-10-02 23:42:00+00:00,-0.453
2022-10-02 23:48:00+00:00,-0.468
2022-10-02 23:54:00+00:00,-0.482
2022-10-03 00:00:00+00:00,-0.495
2022-10-03 00:06:00+00:00,-0.506
2022-10-03 00:12:00+00:00,-0.516
2022-10-03 00:18:00+00:00,-0.524
2022-10-03 00:24:00+00:00,-0.531
2022-10-03 00:30:00+00:00,-0.537
2022-10-03 00:36:00+00:00,-0.541
2022-10-03 00:42:00+00:00,-0.544
2022-10-03 00:48:00+00:00,-0.545
2022-10-03 00:54:00+00:00,-0.544
2022-10-03 01:00:00+00:00,-0.542
2022-10-03 01:06:00+00:00,-0.539
2022-10-03 01:12:00+00:00,-0.534
2022-10-03 01:18:00+00:00,-0.527
2022-10-03 01:24:00+00:00,-0.519
2022-10-03 01:30:00+00:00,-0.509
2022-10-03 01:36:00+00:00,-0.497
2022-10-03 01:42:00+00:00,-0.484
2022-10-03 01:48:00+00:00,-0.47
2022-10-03 01:54:00+00:00,-0.454
2022-10-03 02:00:00+00:00,-0.436
2022-10-03 02:06:00+00:00,-0.418
2022-10-03 02:12:00+00:00,-0.398
2022-10-03 02:18:00+00:00,-0.377
2022-10-03 02:24:00+00:00,-0.355
2022-10-03 02:30:00+00:00,-0.332
2022-10-03 02:36:00+00:00,-0.308
2022-10-03 02:42:00+00:00,-0.283
2022-10-03 02:48:00+00:00,-0.258
2022-10-03 02:54:00+00:00,-0.232
2022-10-03 03:00:00+00:00,-0.206
2022-10-03 03:06:00+00:00,-0.179
2022-10-03 03:12:00+00:00,-0.152
2022-10-03 03:18:00+00:00,-0.125
2022-10-03 03:24:00+00:00,-0.098
2022-10-03 03:30:00+00:00,-0.071
2022-10-03 03:36:00+00:00,-0.044
2022-10-03 03:42:00+00:00,-0.017
2022-10-03 03:48:00+00:00,0.01
2022-10-03 03:54:00+00:00,0.036
2022-10-03 04:00:00+00:00,0.062
2022-10-03 04:06:00+00:00,0.088
2022-10-03 04:12:00+00:00,0.113
2022-10-03 04:18:00+00:00,0.138
2022-10-03 04:24:00+00:00,0.162
2022-10-03 04:30:00+00:00,0.186
2022-10-03 04:36:00+00:00,0.209
2022-10-03 04:42:00+00:00,0.231
2022-10-03 04:48:00+00:00,0.253
2022-10-03 04:54:00+00:00,0.274
2022-10-03 05:00:00+00:00,0.295
2022-10-03 05:06:00+00:00,0.314
2022-10-03 05:12:00+00:00,0.333
2022-10-03 05:18:00+00:00,0.351
2022-10-03 05:24:00+00:00,0.368
2022-10-03 05:30:00+00:00,0.384
2022-10-03 05:36:00+00:00,0.399
2022-10-03 05:42:00+00:00,0.413
2022-10-03 05:48:00+00:00,0.426
2022-10-03 05:54:00+00:00,0.438
2022-10-03 06:00:00+00:00,0.449
2022-10-03 06:06:00+00:00,0.459
2022-10-03 06:12:00+00:00,0.468
2022-10-03 06:18:00+00:00,0.475
2022-10-03 06:24:00+00:00,0.482
2022-10-03 06:30:00+00:00,0.487
2022-10-03 06:36:00+00:00,0.491
2022-10-03 06:42:00+00:00,0.494
2022-10-03 06:48:00+00:00,0.495
2022-10-03 06:54:00+00:00,0.496
2022-10-03 07:00:00+00:00,0.495
2022-10-03 07:06:00+00:00,0.493
2022-10-03 07:12:00+00:00,0.489
2022-10-03 07:18:00+00:00,0.485
2022-10-03 07:24:00+00:00,0.479
2022-10-03 07:30:00+00:00,0.471
2022-10-03 07:36:00+00:00,0.463
2022-10-03 07:42:00+00:00,0.453
2022-10-03 07:48:00+00:00,0.442
2022-10-03 07:54:00+00:00,0.429
2022-10-03 08:00:00+00:00,0.415
2022-10-03 08:06:00+00:00,0.399
2022-10-03 08:12:00+00:00,0.383
2022-10-03 08:18:00+00:00,0.364
2022-10-03 08:24:00+00:00,0.345
2022-10-03 08:30:00+00:00,0.324
2022-10-03 08:36:00+00:00,0.302
2022-10-03 08:42:00+00:00,0.278
2022-10-03 08:48:00+00:00,0.253
2022-10-03 08:54:00+00:00,0.227
2022-10-03 09:00:00+00:00,0.2
2022-10-03 09:06:00+00:00,0.172
2022-10-03 09:12:00+00:00,0.142
2022-10-03 09:18:00+00:00,0.112
2022-10-03 09:24:00+00:00,0.082
2022-10-03 09:30:00+00:00,0.05
2022-10-03 09:36:00+00:00,0.018
2022-10-03 09:42:00+00:00,-0.014
2022-10-03 09:48:00+00:00,-0.047
2022-10-03 09:54:00+00:00,-0.08
2022-10-03 10:00:00+00:00,-0.113
2022-10-03 10:06:00+00:00,-0.145
2022-10-03 10:12:00+00:00,-0.177
2022-10-03 10:18:00+00:00,-0.209
2022-10-03 10:24:00+00:00,-0.24
2022-10-03 10:30:00+00:00,-0.271
2022-10-03 10:36:00+00:00,-0.301
2022-10-03 10:42:00+00:00,-0.329
2022-10-03 10:48:00+00:00,-0.357
2022-10-03 10:54:00+00:00,-0.384
2022-10-03 11:00:00+00:00,-0.409
2022-10-03 11:06:00+00:00,-0.433
2022-10-03 11:12:00+00:00,-0.456
2022-10-03 11:18:00+00:00,-0.478
2022-10-03 11:24:00+00:00,-0.498
2022-10-03 11:30:00+00:00,-0.517
2022-10-03 11:36:00+00:00,-0.534
2022-10-03 11:42:00+00:00,-0.55
2022-10-03 11:48:00+00:00,-0.564
2022-10-03 11:54:00+00:00,-0.577
2022-10-03 12:00:00+00:00,-0.589
2022-10-03 12:06:00+00:00,-0.599
2022-10-03 12:12:00+00:00,-0.608
2022-10-03 12:18:00+00:00,-0.615
2022-10-03 12:24:00+00:00,-0.621
2022-10-03 12:30:00+00:00,-0.625
2022-10-03 12:36:00+00:00,-0.628
2022-10-03 12:42:00+00:00,-0.629
2022-10-03 12:48:00+00:00,-0.629
2022-10-03 12:54:00+00:00,-0.628
2022-10-03 13:00:00+00:00,-0.624
2022-10-03 13:06:00+00:00,-0.62
2022-10-03 13:12:00+00:00,-0.614
2022-10-03 13:18:00+00:00,-0.606
2022-10-03 13:24:00+00:00,-0.597
2022-10-03 13:30:00+00:00,-0.586
2022-10-03 13:36:00+00:00,-0.574
2022-10-03 13:42:00+00:00,-0.56
2022-10-03 13:48:00+00:00,-0.544
2022-10-03 13:54:00+00:00,-0.527
2022-10-03 14:00:00+00:00,-0.509
2022-10-03 14:06:00+00:00,-0.489
2022-10-03 14:12:00+00:00,-0.468
2022-10-03 14:18:00+00:00,-0.445
2022-10-03 14:24:00+00:00,-0.421
2022-10-03 14:30:00+00:00,-0.396
2022-10-03 14:36:00+00:00,-0.37
2022-10-03 14:42:00+00:00,-0.343
2022-10-03 14:48:00+00:00,-0.314
2022-10-03 14:54:00+00:00,-0.285
2022-10-03 15:00:00+00:00,-0.256
2022-10-03 15:06:00+00:00,-0.225
2022-10-03 15:12:00+00:00,-0.195
2022-10-03 15:18:00+00:00,-0.163
2022-10-03 15:24:00+00:00,-0.132
2022-10-03 15:30:00+00:00,-0.1
2022-10-03 15:36:00+00:00,-0.068
2022-10-03 15:42:00+00:00,-0.036
2022-10-03 15:48:00+00:00,-0.004
2022-10-03 15:54:00+00:00,0.027
2022-10-03 16:00:00+00:00,0.059
2022-10-03 16:06:00+00:00,0.09
2022-10-03 16:12:00+00:00,0.121
2022-10-03 16:18:00+00:00,0.152
2022-10-03 16:24:00+00:00,0.182
2022-10-03 16:30:00+00:00,0.212
2022-10-03 16:36:00+00:00,0.241
2022-10-03 16:42:00+00:00,0.27
2022-10-03 16:48:00+00:00,0.298
2022-10-03 16:54:00+00:00,0.325
2022-10-03 17:00:00+00:00,0.352
2022-10-03 17:06:00+00:00,0.378
2022-10-03 17:12:00+00:00,0.404
2022-10-03 17:18:00+00:00,0.429
2022-10-03 17:24:00+00:00,0.453
2022-10-03 17:30:00+00:00,0.477
2022-10-03 17:36:00+00:00,0.499
2022-10-03 17:42:00+00:00,0.521
2022-10-03 17:48:00+00:00,0.542
2022-10-03 17:54:00+00:00,0.562
2022-10-03 18:00:00+00:00,0.582
2022-10-03 18:06:00+00:00,0.6
2022-10-03 18:12:00+00:00,0.618
2022-10-03 18:18:00+00:00,0.634
2022-10-03 18:24:00+00:00,0.65
2022-10-03 18:30:00+00:00,0.665
2022-10-03 18:36:00+00:00,0.678
2022-10-03 18:42:00+00:00,0.691
2022-10-03 18:48:00+00:00,0.702
2022-10-03 18:54:00+00:00,0.713
2022-10-03 19:00:00+00:00,0.722
2022-10-03 19:06:00+00:00,0.731
2022-10-03 19:12:00+00:00,0.738
2022-10-03 19:18:00+00:00,0.744
2022-10-03 19:24:00+00:00,0.748
2022-10-03 19:30:00+00:00,0.752
2022-10-03 19:36:00+00:00,0.754
2022-10-03 19:42:00+00:00,0.755
2022-10-03 19:48:00+00:00,0.755
2022-10-03 19:54:00+00:00,0.754
2022-10-03 20:00:00+00:00,0.751
2022-10-03 20:06:00+00:00,0.746
2022-10-03 20:12:00+00:00,0.741
2022-10-03 20:18:00+00:00,0.733
2022-10-03 20:24:00+00:00,0.725
2022-10-03 20:30:00+00:00,0.714
2022-10-03 20:36:00+00:00,0.703
2022-10-03 20:42:00+00:00,0.689
2022-10-03 20:48:00+00:00,0.674
2022-10-03 20:54:00+00:00,0.657
2022-10-03 21:00:00+00:00,0.639
2022-10-03 21:06:00+00:00,0.619
2022-10-03 21:12:00+00:00,0.598
2022-10-03 21:18:00+00:00,0.575
2022-10-03 21:24:00+00:00,0.55
2022-10-03 21:30:00+00:00,0.524
2022-10-03 21:36:00+00:00,0.497
2022-10-03 21:42:00+00:00,0.468
2022-10-03 21:48:00+00:00,0.438
2022-10-03 21:54:00+00:00,0.407
2022-10-03 22:00:00+00:00,0.375
2022-10-03 22:06:00+00:00,0.342
2022-10-03 22:12:00+00:00,0.308
2022-10-03 22:18:00+00:00,0.274
2022-10-03 22:24:00+00:00,0.239
2022-10-03 22:30:00+00:00,0.204
2022-10-03 22:36:00+00:00,0.168
2022-10-03 22:42:00+00:00,0.132
2022-10-03 22:48:00+00:00,0.097
2022-10-03 22:54:00+00:00,0.061
2022-10-03 23:00:00+00:00,0.026
2022-10-03 23:06:00+00:00,-0.009
2022-10-03 23:12:00+00:00,-0.043
2022-10-03 23:18:00+00:00,-0.076
2022-10-03 23:24:00+00:00,-0.109
2022-10-03 23:30:00+00:00,-0.142
2022-10-03 23:36:00+00:00,-0.173
2022-10-03 23:42:00+00:00,-0.203
2022-10-03 23:48:00+00:00,-0.233
2022-10-03 23:54:00+00:00,-0.261
2022-10-04 00:00:00+00:00,-0.289
2022-10-04 00:06:00+00:00,-0.315
2022-10-04 00:12:00+00:00,-0.34
2022-10-04 00:18:00+00:00,-0.364
2022-10-04 00:24:00+00:00,-0.387
2022-10-04 00:30:00+00:00,-0.408
2022-10-04 00:36:00+00:00,-0.429
2022-10-04 00:42:00+00:00,-0.448
2022-10-04 00:48:00+00:00,-0.466
2022-10-04 00:54:00+00:00,-0.482
2022-10-04 01:00:00+00:00,-0.497
2022-10-04 01:06:00+00:00,-0.511
2022-10-04 01:12:00+00:00,-0.523
2022-10-04 01:18:00+00:00,-0.534
2022-10-04 01:24:00+00:00,-0.543
2022-10-04 01:30:00+00:00,-0.551
2022-10-04 01:36:00+00:00,-0.557
2022-10-04 01:42:00+00:00,-0.561
2022-10-04 01:48:00+00:00,-0.564
2022-10-04 01:54:00+00:00,-0.565
2022-10-04 02:00:00+00:00,-0.564
2022-10-04 02:06:00+00:00,-0.561
2022-10-04 02:12:00+00:00,-0.557
2022-10-04 02:18:00+00:00,-0.551
2022-10-04 02:24:00+00:00,-0.544
2022-10-04 02:30:00+00:00,-0.534
2022-10-04 02:36:00+00:00,-0.523
2022-10-04 02:42:00+00:00,-0.51
2022-10-04 02:48:00+00:00,-0.496
2022-10-04 02:54:00+00:00,-0.48
2022-10-04 03:00:00+00:00,-0.463
2022-10-04 03:06:00+00:00,-0.444
2022-10-04 03:12:00+00:00,-0.424
2022-10-04 03:18:00+00:00,-0.403
2022-10-04 03:24:00+00:00,-0.381
2022-10-04 03:30:00+00:00,-0.358
2022-10-04 03:36:00+00:00,-0.334
2022-10-04 03:42:00+00:00,-0.309
2022-10-04 03:48:00+00:00,-0.283
2022-10-04 03:54:00+00:00,-0.258
2022-10-04 04:00:00+00:00,-0.231
2022-10-04 04:06:00+00:00,-0.204
2022-10-04 04:12:00+00:00,-0.177
2022-10-04 04:18:00+00:00,-0.15
2022-10-04 04:24:00+00:00,-0.123
2022-10-04 04:30:00+00:00,-0.096
2022-10-04 04:36:00+00:00,-0.068
2022-10-04 04:42:00+00:00,-0.041
2022-10-04 04:48:00+00:00,-0.014
2022-10-04 04:54:00+00:00,0.012
2022-10-04 05:00:00+00:00,0.039
2022-10-04 05:06:00+00:00,0.065
2022-10-04 05:12:00+00:00,0.091
2022-10-04 05:18:00+00:00,0.116
2022-10-04 05:24:00+00:00,0.141
2022-10-04 05:30:00+00:00,0.165
2022-10-04 05:36:00+00:00,0.189
2022-10-04 05:42:00+00:00,0.212
2022-10-04 05:48:00+00:00,0.235
2022-10-04 05:54:00+00:00,0.257
2022-10-04 06:00:00+00:00,0.278
2022-10-04 06:06:00+00:00,0.299
2022-10-04 06:12:00+00:00,0.319
2022-10-04 06:18:00+00:00,0.338
2022-10-04 06:24:00+00:00,0.356
2022-10-04 06:30:00+00:00,0.374
2022-10-04 06:36:00+00:00,0.39
2022-10-04 06:42:00+00:00,0.406
2022-10-04 06:48:00+00:00,0.421
2022-10-04 06:54:00+00:00,0.435
2022-10-04 07:00:00+00:00,0.447
2022-10-04 07:06:00+00:00,0.459
2022-10-04 07:12:00+00:00,0.47
2022-10-04 07:18:00+00:00,0.48
2022-10-04 07:24:00+00:00,0.488
2022-10-04 07:30:00+00:00,0.496
2022-10-04 07:36:00+00:00,0.502
2022-10-04 07:42:00+00:00,0.508
2022-10-04 07:48:00+00:00,0.512
2022-10-04 07:54:00+00:00,0.514
2022-10-04 08:00:00+00:00,0.516
2022-10-04 08:06:00+00:00,0.517
2022-10-04 08:12:00+00:00,0.516
2022-10-04 08:18:00+00:00,0.514
2022-10-04 08:24:00+00:00,0.51
2022-10-04 08:30:00+00:00,0.505
2022-10-04 08:36:00+00:00,0.499
2022-10-04 08:42:00+00:00,0.491
2022-10-04 08:48:00+00:00,0.482
2022-10-04 08:54:00+00:00,0.471
2022-10-04 09:00:00+00:00,0.459
2022-10-04 09:06:00+00:00,0.446
2022-10-04 09:12:00+00:00,0.431
2022-10-04 09:18:00+00:00,0.414
2022-10-04 09:24:00+00:00,0.396
2022-10-04 09:30:00+00:00,0.376
2022-10-04 09:36:00+00:00,0.355
2022-10-04 09:42:00+00:00,0.332
2022-10-04 09:48:00+00:00,0.308
2022-10-04 09:54:00+00:00,0.283
2022-10-04 10:00:00+00:00,0.256
2022-10-04 10:06:00+00:00,0.228
2022-10-04 10:12:00+00:00,0.199
2022-10-04 10:18:00+00:00,0.169
2022-10-04 10:24:00+00:00,0.138
2022-10-04 10:30:00+00:00,0.107
2022-10-04 10:36:00+00:00,0.074
2022-10-04 10:42:00+00:00,0.042
2022-10-04 10:48:00+00:00,0.008
2022-10-04 10:54:00+00:00,-0.025
2022-10-04 11:00:00+00:00,-0.058
2022-10-04 11:06:00+00:00,-0.092
2022-10-04 11:12:00+00:00,-0.125
2022-10-04 11:18:00+00:00,-0.158
2022-10-04 11:24:00+00:00,-0.19
2022-10-04 11:30:00+00:00,-0.222
2022-10-04 11:36:00+00:00,-0.253
2022-10-04 11:42:00+00:00,-0.283
2022-10-04 11:48:00+00:00,-0.312
2022-10-04 11:54:00+00:00,-0.34
2022-10-04 12:00:00+00:00,-0.368
2022-10-04 12:06:00+00:00,-0.394
2022-10-04 12:12:00+00:00,-0.419
2022-10-04 12:18:00+00:00,-0.443
2022-10-04 12:24:00+00:00,-0.466
2022-10-04 12:30:00+00:00,-0.487
2022-10-04 12:36:00+00:00,-0.507
2022-10-04 12:42:00+00:00,-0.526
2022-10-04 12:48:00+00:00,-0.543
2022-10-04 12:54:00+00:00,-0.559
2022-10-04 13:00:00+00:00,-0.574
2022-10-04 13:06:00+00:00,-0.587
2022-10-04 13:12:00+00:00,-0.599
2022-10-04 13:18:00+00:00,-0.609
2022-10-04 13:24:00+00:00,-0.618
2022-10-04 13:30:00+00:00,-0.626
2022-10-04 13:36:00+00:00,-0.632
2022-10-04 13:42:00+00:00,-0.636
2022-10-04 13:48:00+00:00,-0.639
2022-10-04 13:54:00+00:00,-0.64
2022-10-04 14:00:00+00:00,-0.64
2022-10-04 14:06:00+00:00,-0.638
2022-10-04 14:12:00+00:00,-0.634
2022-10-04 14:18:00+00:00,-0.629
2022-10-04 14:24:00+00:00,-0.621
2022-10-04 14:30:00+00:00,-0.613
2022-10-04 14:36:00+00:00,-0.602
2022-10-04 14:42:00+00:00,-0.59
2022-10-04 14:48:00+00:00,-0.576
2022-10-04 14:54:00+00:00,-0.56
2022-10-04 15:00:00+00:00,-0.543
2022-10-04 15:06:00+00:00,-0.524
2022-10-04 15:12:00+00:00,-0.504
2022-10-04 15:18:00+00:00,-0.482
2022-10-04 15:24:00+00:00,-0.459
2022-10-04 15:30:00+00:00,-0.435
2022-10-04 15:36:00+00:00,-0.41
2022-10-04 15:42:00+00:00,-0.383
2022-10-04 15:48:00+00:00,-0.356
2022-10-04 15:54:00+00:00,-0.327
2022-10-04 16:00:00+00:00,-0.298
2022-10-04 16:06:00+00:00,-0.268
2022-10-04 16:12:00+00:00,-0.238
2022-10-04 16:18:00+00:00,-0.207
2022-10-04 16:24:00+00:00,-0.176
2022-10-04 16:30:00+00:00,-0.145
2022-10-04 16:36:00+00:00,-0.114
2022-10-04 16:42:00+00:00,-0.082
2022-10-04 16:48:00+00:00,-0.05
2022-10-04 16:54:00+00:00,-0.019
2022-10-04 17:00:00+00:00,0.013
2022-10-04 17:06:00+00:00,0.044
2022-10-04 17:12:00+00:00,0.075
2022-10-04 17:18:00+00:00,0.106
2022-10-04 17:24:00+00:00,0.136
2022-10-04 17:30:00+00:00,0.166
2022-10-04 17:36:00+00:00,0.196
2022-10-04 17:42:00+00:00,0.226
2022-10-04 17:48:00+00:00,0.254
2022-10-04 17:54:00+00:00,0.283
2022-10-04 18:00:00+00:00,0.311
2022-10-04 18:06:00+00:00,0.338
2022-10-04 18:12:00+00:00,0.365
2022-10-04 18:18:00+00:00,0.392
2022-10-04 18:24:00+00:00,0.417
2022-10-04 18:30:00+00:00,0.442
2022-10-04 18:36:00+00:00,0.467
2022-10-04 18:42:00+00:00,0.491
2022-10-04 18:48:00+00:00,0.514
2022-10-04 18:54:00+00:00,0.536
2022-10-04 19:00:00+00:00,0.558
2022-10-04 19:06:00+00:00,0.578
2022-10-04 19:12:00+00:00,0.598
2022-10-04 19:18:00+00:00,0.617
2022-10-04 19:24:00+00:00,0.636
2022-10-04 19:30:00+00:00,0.653
2022-10-04 19:36:00+00:00,0.669
2022-10-04 19:42:00+00:00,0.684
2022-10-04 19:48:00+00:00,0.699
2022-10-04 19:54:00+00:00,0.712
2022-10-04 20:00:00+00:00,0.724
2022-10-04 20:06:00+00:00,0.736
2022-10-04 20:12:00+00:00,0.746
2022-10-04 20:18:00+00:00,0.754
2022-10-04 20:24:00+00:00,0.762
2022-10-04 20:30:00+00:00,0.768
2022-10-04 20:36:00+00:00,0.773
2022-10-04 20:42:00+00:00,0.777
2022-10-04 20:48:00+00:00,0.779
2022-10-04 20:54:00+00:00,0.78
2022-10-04 21:00:00+00:00,0.779
2022-10-04 21:06:00+00:00,0.777
2022-10-04 21:12:00+00:00,0.773
2022-10-04 21:18:00+00:00,0.768
2022-10-04 21:24:00+00:00,0.76
2022-10-04 21:30:00+00:00,0.752
2022-10-04 21:36:00+00:00,0.741
2022-10-04 21:42:00+00:00,0.728
2022-10-04 21:48:00+00:00,0.714
2022-10-04 21:54:00+00:00,0.698
2022-10-04 22:00:00+00:00,0.68
2022-10-04 22:06:00+00:00,0.66
2022-10-04 22:12:00+00:00,0.638
2022-10-04 22:18:00+00:00,0.615
2022-10-04 22:24:00+00:00,0.59
2022-10-04 22:30:00+00:00,0.563
2022-10-04 22:36:00+00:00,0.535
2022-10-04 22:42:00+00:00,0.505
2022-10-04 22:48:00+00:00,0.474
2022-10-04 22:54:00+00:00,0.442
2022-10-04 23:00:00+00:00,0.408
2022-10-04 23:06:00+00:00,0.374
2022-10-04 23:12:00+00:00,0.338
2022-10-04 23:18:00+00:00,0.302
2022-10-04 23:24:00+00:00,0.266
2022-10-04 23:30:00+00:00,0.228
2022-10-04 23:36:00+00:00,0.191
2022-10-04 23:42:00+00:00,0.153
2022-10-04 23:48:00+00:00,0.116
2022-10-04 23:54:00+00:00,0.078
2022-10-05 00:00:00+00:00,0.041
2022-10-05 00:06:00+00:00,0.004
2022-10-05 00:12:00+00:00,-0.032
2022-10-05 00:18:00+00:00,-0.068
2022-10-05 00:24:00+00:00,-0.103
2022-10-05 00:30:00+00:00,-0.138
2022-10-05 00:36:00+00:00,-0.172
2022-10-05 00:42:00+00:00,-0.205
2022-10-05 00:48:00+00:00,-0.237
2022-10-05 00:54:00+00:00,-0.268
2022-10-05 01:00:00+00:00,-0.298
2022-10-05 01:06:00+00:00,-0.327
2022-10-05 01:12:00+00:00,-0.354
2022-10-05 01:18:00+00:00,-0.381
2022-10-05 01:24:00+00:00,-0.406
2022-10-05 01:30:00+00:00,-0.431
2022-10-05 01:36:00+00:00,-0.453
2022-10-05 01:42:00+00:00,-0.475
2022-10-05 01:48:00+00:00,-0.495
2022-10-05 01:54:00+00:00,-0.514
2022-10-05 02:00:00+00:00,-0.531
2022-10-05 02:06:00+00:00,-0.547
2022-10-05 02:12:00+00:00,-0.561
2022-10-05 02:18:00+00:00,-0.573
2022-10-05 02:24:00+00:00,-0.583
2022-10-05 02:30:00+00:00,-0.592
2022-10-05 02:36:00+00:00,-0.599
2022-10-05 02:42:00+00:00,-0.605
2022-10-05 02:48:00+00:00,-0.608
2022-10-05 02:54:00+00:00,-0.609
2022-10-05 03:00:00+00:00,-0.609
2022-10-05 03:06:00+00:00,-0.606
2022-10-05 03:12:00+00:00,-0.602
2022-10-05 03:18:00+00:00,-0.596
2022-10-05 03:24:00+00:00,-0.588
2022-10-05 03:30:00+00:00,-0.578
2022-10-05 03:36:00+00:00,-0.566
2022-10-05 03:42:00+00:00,-0.552
2022-10-05 03:48:00+00:00,-0.537
2022-10-05 03:54:00+00:00,-0.52
2022-10-05 04:00:00+00:00,-0.502
2022-10-05 04:06:00+00:00,-0.482
2022-10-05 04:12:00+00:00,-0.462
2022-10-05 04:18:00+00:00,-0.439
2022-10-05 04:24:00+00:00,-0.416
2022-10-05 04:30:00+00:00,-0.392
2022-10-05 04:36:00+00:00,-0.367
2022-10-05 04:42:00+00:00,-0.341
2022-10-05 04:48:00+00:00,-0.315
2022-10-05 04:54:00+00:00,-0.288
2022-10-05 05:00:00+00:00,-0.26
2022-10-05 05:06:00+00:00,-0.232
2022-10-05 05:12:00+00:00,-0.204
2022-10-05 05:18:00+00:00,-0.176
2022-10-05 05:24:00+00:00,-0.147
2022-10-05 05:30:00+00:00,-0.119
2022-10-05 05:36:00+00:00,-0.09
2022-10-05 05:42:00+00:00,-0.062
2022-10-05 05:48:00+00:00,-0.033
2022-10-05 05:54:00+00:00,-0.005
2022-10-05 06:00:00+00:00,0.023
2022-10-05 06:06:00+00:00,0.051
2022-10-05 06:12:00+00:00,0.078
2022-10-05 06:18:00+00:00,0.106
2022-10-05 06:24:00+00:00,0.132
2022-10-05 06:30:00+00:00,0.159
2022-10-05 06:36:00+00:00,0.185
2022-10-05 06:42:00+00:00,0.21
2022-10-05 06:48:00+00:00,0.235
2022-10-05 06:54:00+00:00,0.259
2022-10-05 07:00:00+00:00,0.283
2022-10-05 07:06:00+00:00,0.306
2022-10-05 07:12:00+00:00,0.329
2022-10-05 07:18:00+00:00,0.35
2022-10-05 07:24:00+00:00,0.371
2022-10-05 07:30:00+00:00,0.392
2022-10-05 07:36:00+00:00,0.411
2022-10-05 07:42:00+00:00,0.43
2022-10-05 07:48:00+00:00,0.447
2022-10-05 07:54:00+00:00,0.464
2022-10-05 08:00:00+00:00,0.48
2022-10-05 08:06:00+00:00,0.494
2022-10-05 08:12:00+00:00,0.508
2022-10-05 08:18:00+00:00,0.521
2022-10-05 08:24:00+00:00,0.532
2022-10-05 08:30:00+00:00,0.542
2022-10-05 08:36:00+00:00,0.552
2022-10-05 08:42:00+00:00,0.56
2022-10-05 08:48:00+00:00,0.567
2022-10-05 08:54:00+00:00,0.572
2022-10-05 09:00:00+00:00,0.576
2022-10-05 09:06:00+00:00,0.579
2022-10-05 09:12:00+00:00,0.581
2022-10-05 09:18:00+00:00,0.58
2022-10-05 09:24:00+00:00,0.579
2022-10-05 09:30:00+00:00,0.576
2022-10-05 09:36:00+00:00,0.571
2022-10-05 09:42:00+00:00,0.565
2022-10-05 09:48:00+00:00,0.557
2022-10-05 09:54:00+00:00,0.547
2022-10-05 10:00:00+00:00,0.536
2022-10-05 10:06:00+00:00,0.523
2022-10-05 10:12:00+00:00,0.508
2022-10-05 10:18:00+00:00,0.491
2022-10-05 10:24:00+00:00,0.473
2022-10-05 10:30:00+00:00,0.453
2022-10-05 10:36:00+00:00,0.431
2022-10-05 10:42:00+00:00,0.408
2022-10-05 10:48:00+00:00,0.383
2022-10-05 10:54:00+00:00,0.356
2022-10-05 11:00:00+00:00,0.328
2022-10-05 11:06:00+00:00,0.299
2022-10-05 11:12:00+00:00,0.268
2022-10-05 11:18:00+00:00,0.236
2022-10-05 11:24:00+00:00,0.204
2022-10-05 11:30:00+00:00,0.17
2022-10-05 11:36:00+00:00,0.136
2022-10-05 11:42:00+00:00,0.101
2022-10-05 11:48:00+00:00,0.065
2022-10-05 11:54:00+00:00,0.03
2022-10-05 12:00:00+00:00,-0.006
2022-10-05 12:06:00+00:00,-0.042
2022-10-05 12:12:00+00:00,-0.077
2022-10-05 12:18:00+00:00,-0.112
2022-10-05 12:24:00+00:00,-0.147
2022-10-05 12:30:00+00:00,-0.182
2022-10-05 12:36:00+00:00,-0.215
2022-10-05 12:42:00+00:00,-0.248
2022-10-05 12:48:00+00:00,-0.28
2022-10-05 12:54:00+00:00,-0.312
2022-10-05 13:00:00+00:00,-0.342
2022-10-05 13:06:00+00:00,-0.371
2022-10-05 13:12:00+00:00,-0.4
2022-10-05 13:18:00+00:00,-0.427
2022-10-05 13:24:00+00:00,-0.453
2022-10-05 13:30:00+00:00,-0.477
2022-10-05 13:36:00+00:00,-0.501
2022-10-05 13:42:00+00:00,-0.523
2022-10-05 13:48:00+00:00,-0.543
2022-10-05 13:54:00+00:00,-0.563
2022-10-05 14:00:00+00:00,-0.581
2022-10-05 14:06:00+00:00,-0.597
2022-10-05 14:12:00+00:00,-0.612
2022-10-05 14:18:00+00:00,-0.626
2022-10-05 14:24:00+00:00,-0.638
2022-10-05 14:30:00+00:00,-0.648
2022-10-05 14:36:00+00:00,-0.657
2022-10-05 14:42:00+00:00,-0.664
2022-10-05 14:48:00+00:00,-0.669
2022-10-05 14:54:00+00:00,-0.673
2022-10-05 15:00:00+00:00,-0.675
2022-10-05 15:06:00+00:00,-0.675
2022-10-05 15:12:00+00:00,-0.673
2022-10-05 15:18:00+00:00,-0.669
2022-10-05 15:24:00+00:00,-0.663
2022-10-05 15:30:00+00:00,-0.656
2022-10-05 15:36:00+00:00,-0.646
2022-10-05 15:42:00+00:00,-0.635
2022-10-05 15:48:00+00:00,-0.622
2022-10-05 15:54:00+00:00,-0.607
2022-10-05 16:00:00+00:00,-0.591
2022-10-05 16:06:00+00:00,-0.572
2022-10-05 16:12:00+00:00,-0.552
2022-10-05 16:18:00+00:00,-0.531
2022-10-05 16:24:00+00:00,-0.508
2022-10-05 16:30:00+00:00,-0.484
2022-10-05 16:36:00+00:00,-0.459
2022-10-05 16:42:00+00:00,-0.433
2022-10-05 16:48:00+00:00,-0.405
2022-10-05 16:54:00+00:00,-0.377
2022-10-05 17:00:00+00:00,-0.348
2022-10-05 17:06:00+00:00,-0.318
2022-10-05 17:12:00+00:00,-0.287
2022-10-05 17:18:00+00:00,-0.256
2022-10-05 17:24:00+00:00,-0.225
2022-10-05 17:30:00+00:00,-0.193
2022-10-05 17:36:00+00:00,-0.161
2022-10-05 17:42:00+00:00,-0.129
2022-10-05 17:48:00+00:00,-0.097
2022-10-05 17:54:00+00:00,-0.065
2022-10-05 18:00:00+00:00,-0.032
2022-10-05 18:06:00+00:00,0.0
2022-10-05 18:12:00+00:00,0.032
2022-10-05 18:18:00+00:00,0.064
2022-10-05 18:24:00+00:00,0.096
2022-10-05 18:30:00+00:00,0.128
2022-10-05 18:36:00+00:00,0.159
2022-10-05 18:42:00+00:00,0.19
2022-10-05 18:48:00+00:00,0.221
2022-10-05 18:54:00+00:00,0.251
2022-10-05 19:00:00+00:00,0.281
2022-10-05 19:06:00+00:00,0.311
2022-10-05 19:12:00+00:00,0.34
2022-10-05 19:18:00+00:00,0.369
2022-10-05 19:24:00+00:00,0.397
2022-10-05 19:30:00+00:00,0.425
2022-10-05 19:36:00+00:00,0.452
2022-10-05 19:42:00+00:00,0.479
2022-10-05 19:48:00+00:00,0.504
2022-10-05 19:54:00+00:00,0.53
2022-10-05 20:00:00+00:00,0.554
2022-10-05 20:06:00+00:00,0.578
2022-10-05 20:12:00+00:00,0.6
2022-10-05 20:18:00+00:00,0.622
2022-10-05 20:24:00+00:00,0.643
2022-10-05 20:30:00+00:00,0.664
2022-10-05 20:36:00+00:00,0.683
2022-10-05 20:42:00+00:00,0.701
2022-10-05 20:48:00+00:00,0.718
2022-10-05 20:54:00+00:00,0.734
2022-10-05 21:00:00+00:00,0.749
2022-10-05 21:06:00+00:00,0.762
2022-10-05 21:12:00+00:00,0.775
2022-10-05 21:18:00+00:00,0.786
2022-10-05 21:24:00+00:00,0.795
2022-10-05 21:30:00+00:00,0.804
2022-10-05 21:36:00+00:00,0.81
2022-10-05 21:42:00+00:00,0.815
2022-10-05 21:48:00+00:00,0.819
2022-10-05 21:54:00+00:00,0.821
2022-10-05 22:00:00+00:00,0.821
2022-10-05 22:06:00+00:00,0.819
2022-10-05 22:12:00+00:00,0.816
2022-10-05 22:18:00+00:00,0.81
2022-10-05 22:24:00+00:00,0.803
2022-10-05 22:30:00+00:00,0.793
2022-10-05 22:36:00+00:00,0.782
2022-10-05 22:42:00+00:00,0.768
2022-10-05 22:48:00+00:00,0.752
2022-10-05 22:54:00+00:00,0.735
2022-10-05 23:00:00+00:00,0.715
2022-10-05 23:06:00+00:00,0.693
2022-10-05 23:12:00+00:00,0.669
2022-10-05 23:18:00+00:00,0.644
2022-10-05 23:24:00+00:00,0.616
2022-10-05 23:30:00+00:00,0.587
2022-10-05 23:36:00+00:00,0.556
2022-10-05 23:42:00+00:00,0.523
2022-10-05 23:48:00+00:00,0.489
2022-10-05 23:54:00+00:00,0.454
2022-10-06 00:00:00+00:00,0.418
2022-10-06 00:06:00+00:00,0.38
2022-10-06 00:12:00+00:00,0.342
2022-10-06 00:18:00+00:00,0.303
2022-10-06 00:24:00+00:00,0.264
2022-10-06 00:30:00+00:00,0.224
2022-10-06 00:36:00+00:00,0.183
2022-10-06 00:42:00+00:00,0.143
2022-10-06 00:48:00+00:00,0.102
2022-10-06 00:54:00+00:00,0.062
2022-10-06 01:00:00+00:00,0.022
2022-10-06 01:06:00+00:00,-0.018
2022-10-06 01:12:00+00:00,-0.057
2022-10-06 01:18:00+00:00,-0.095
2022-10-06 01:24:00+00:00,-0.133
2022-10-06 01:30:00+00:00,-0.17
2022-10-06 01:36:00+00:00,-0.207
2022-10-06 01:42:00+00:00,-0.242
2022-10-06 01:48:00+00:00,-0.277
2022-10-06 01:54:00+00:00,-0.31
2022-10-06 02:00:00+00:00,-0.342
2022-10-06 02:06:00+00:00,-0.374
2022-10-06 02:12:00+00:00,-0.403
2022-10-06 02:18:00+00:00,-0.432
2022-10-06 02:24:00+00:00,-0.46
2022-10-06 02:30:00+00:00,-0.486
2022-10-06 02:36:00+00:00,-0.51
2022-10-06 02:42:00+00:00,-0.533
2022-10-06 02:48:00+00:00,-0.555
2022-10-06 02:54:00+00:00,-0.574
2022-10-06 03:00:00+00:00,-0.593
2022-10-06 03:06:00+00:00,-0.609
2022-10-06 03:12:00+00:00,-0.623
2022-10-06 03:18:00+00:00,-0.636
2022-10-06 03:24:00+00:00,-0.647
2022-10-06 03:30:00+00:00,-0.656
2022-10-06 03:36:00+00:00,-0.662
2022-10-06 03:42:00+00:00,-0.667
2022-10-06 03:48:00+00:00,-0.669
2022-10-06 03:54:00+00:00,-0.67
2022-10-06 04:00:00+00:00,-0.668
2022-10-06 04:06:00+00:00,-0.665
2022-10-06 04:12:00+00:00,-0.659
2022-10-06 04:18:00+00:00,-0.651
2022-10-06 04:24:00+00:00,-0.641
2022-10-06 04:30:00+00:00,-0.629
2022-10-06 04:36:00+00:00,-0.615
2022-10-06 04:42:00+00:00,-0.6
2022-10-06 04:48:00+00:00,-0.583
2022-10-06 04:54:00+00:00,-0.564
2022-10-06 05:00:00+00:00,-0.544
2022-10-06 05:06:00+00:00,-0.522
2022-10-06 05:12:00+00:00,-0.499
2022-10-06 05:18:00+00:00,-0.474
2022-10-06 05:24:00+00:00,-0.449
2022-10-06 05:30:00+00:00,-0.423
2022-10-06 05:36:00+00:00,-0.395
2022-10-06 05:42:00+00:00,-0.367
2022-10-06 05:48:00+00:00,-0.339
2022-10-06 05:54:00+00:00,-0.309
2022-10-06 06:00:00+00:00,-0.279
2022-10-06 06:06:00+00:00,-0.249
2022-10-06 06:12:00+00:00,-0.219
2022-10-06 06:18:00+00:00,-0.188
2022-10-06 06:24:00+00:00,-0.157
2022-10-06 06:30:00+00:00,-0.126
2022-10-06 06:36:00+00:00,-0.095
2022-10-06 06:42:00+00:00,-0.064
2022-10-06 06:48:00+00:00,-0.033
2022-10-06 06:54:00+00:00,-0.002
2022-10-06 07:00:00+00:00,0.029
2022-10-06 07:06:00+00:00,0.06
2022-10-06 07:12:00+00:00,0.09
2022-10-06 07:18:00+00:00,0.12
2022-10-06 07:24:00+00:00,0.15
2022-10-06 07:30:00+00:00,0.18
2022-10-06 07:36:00+00:00,0.209
2022-10-06 07:42:00+00:00,0.237
2022-10-06 07:48:00+00:00,0.265
2022-10-06 07:54:00+00:00,0.293
2022-10-06 08:00:00+00:00,0.32
2022-10-06 08:06:00+00:00,0.346
2022-10-06 08:12:00+00:00,0.371
2022-10-06 08:18:00+00:00,0.396
2022-10-06 08:24:00+00:00,0.42
2022-10-06 08:30:00+00:00,0.444
2022-10-06 08:36:00+00:00,0.466
2022-10-06 08:42:00+00:00,0.488
2022-10-06 08:48:00+00:00,0.508
2022-10-06 08:54:00+00:00,0.528
2022-10-06 09:00:00+00:00,0.546
2022-10-06 09:06:00+00:00,0.564
2022-10-06 09:12:00+00:00,0.58
2022-10-06 09:18:00+00:00,0.595
2022-10-06 09:24:00+00:00,0.609
2022-10-06 09:30:00+00:00,0.622
2022-10-06 09:36:00+00:00,0.633
2022-10-06 09:42:00+00:00,0.643
2022-10-06 09:48:00+00:00,0.651
2022-10-06 09:54:00+00:00,0.658
2022-10-06 10:00:00+00:00,0.664
2022-10-06 10:06:00+00:00,0.668
2022-10-06 10:12:00+00:00,0.67
2022-10-06 10:18:00+00:00,0.671
2022-10-06 10:24:00+00:00,0.67
2022-10-06 10:30:00+00:00,0.667
2022-10-06 10:36:00+00:00,0.662
2022-10-06 10:42:00+00:00,0.656
2022-10-06 10:48:00+00:00,0.647
2022-10-06 10:54:00+00:00,0.637
2022-10-06 11:00:00+00:00,0.624
2022-10-06 11:06:00+00:00,0.61
2022-10-06 11:12:00+00:00,0.593
2022-10-06 11:18:00+00:00,0.575
2022-10-06 11:24:00+00:00,0.554
2022-10-06 11:30:00+00:00,0.532
2022-10-06 11:36:00+00:00,0.508
2022-10-06 11:42:00+00:00,0.482
2022-10-06 11:48:00+00:00,0.454
2022-10-06 11:54:00+00:00,0.425
2022-10-06 12:00:00+00:00,0.394
2022-10-06 12:06:00+00:00,0.361
2022-10-06 12:12:00+00:00,0.328
2022-10-06 12:18:00+00:00,0.293
2022-10-06 12:24:00+00:00,0.257
2022-10-06 12:30:00+00:00,0.22
2022-10-06 12:36:00+00:00,0.183
2022-10-06 12:42:00+00:00,0.145
2022-10-06 12:48:00+00:00,0.106
2022-10-06 12:54:00+00:00,0.067
2022-10-06 13:00:00+00:00,0.029
2022-10-06 13:06:00+00:00,-0.01
2022-10-06 13:12:00+00:00,-0.049
2022-10-06 13:18:00+00:00,-0.087
2022-10-06 13:24:00+00:00,-0.125
2022-10-06 13:30:00+00:00,-0.163
2022-10-06 13:36:00+00:00,-0.2
2022-10-06 13:42:00+00:00,-0.236
2022-10-06 13:48:00+00:00,-0.271
2022-10-06 13:54:00+00:00,-0.306
2022-10-06 14:00:00+00:00,-0.339
2022-10-06 14:06:00+00:00,-0.371
2022-10-06 14:12:00+00:00,-0.403
2022-10-06 14:18:00+00:00,-0.433
2022-10-06 14:24:00+00:00,-0.462
2022-10-06 14:30:00+00:00,-0.49
2022-10-06 14:36:00+00:00,-0.516
2022-10-06 14:42:00+00:00,-0.541
2022-10-06 14:48:00+00:00,-0.565
2022-10-06 14:54:00+00:00,-0.587
2022-10-06 15:00:00+00:00,-0.608
2022-10-06 15:06:00+00:00,-0.627
2022-10-06 15:12:00+00:00,-0.644
2022-10-06 15:18:00+00:00,-0.66
2022-10-06 15:24:00+00:00,-0.674
2022-10-06 15:30:00+00:00,-0.687
2022-10-06 15:36:00+00:00,-0.697
2022-10-06 15:42:00+00:00,-0.706
2022-10-06 15:48:00+00:00,-0.713
2022-10-06 15:54:00+00:00,-0.718
2022-10-06 16:00:00+00:00,-0.721
2022-10-06 16:06:00+00:00,-0.721
2022-10-06 16:12:00+00:00,-0.72
2022-10-06 16:18:00+00:00,-0.717
2022-10-06 16:24:00+00:00,-0.712
2022-10-06 16:30:00+00:00,-0.704
2022-10-06 16:36:00+00:00,-0.695
2022-10-06 16:42:00+00:00,-0.684
2022-10-06 16:48:00+00:00,-0.67
2022-10-06 16:54:00+00:00,-0.655
2022-10-06 17:00:00+00:00,-0.638
2022-10-06 17:06:00+00:00,-0.619
2022-10-06 17:12:00+00:00,-0.599
2022-10-06 17:18:00+00:00,-0.577
2022-10-06 17:24:00+00:00,-0.553
2022-10-06 17:30:00+00:00,-0.528
2022-10-06 17:36:00+00:00,-0.502
2022-10-06 17:42:00+00:00,-0.475
2022-10-06 17:48:00+00:00,-0.447
2022-10-06 17:54:00+00:00,-0.417
2022-10-06 18:00:00+00:00,-0.387
2022-10-06 18:06:00+00:00,-0.356
2022-10-06 18:12:00+00:00,-0.324
2022-10-06 18:18:00+00:00,-0.292
2022-10-06 18:24:00+00:00,-0.26
2022-10-06 18:30:00+00:00,-0.227
2022-10-06 18:36:00+00:00,-0.193
2022-10-06 18:42:00+00:00,-0.16
2022-10-06 18:48:00+00:00,-0.126
2022-10-06 18:54:00+00:00,-0.092
2022-10-06 19:00:00+00:00,-0.058
2022-10-06 19:06:00+00:00,-0.023
2022-10-06 19:12:00+00:00,0.011
2022-10-06 19:18:00+00:00,0.045
2022-10-06 19:24:00+00:00,0.079
2022-10-06 19:30:00+00:00,0.112
2022-10-06 19:36:00+00:00,0.146
2022-10-06 19:42:00+00:00,0.18
2022-10-06 19:48:00+00:00,0.213
2022-10-06 19:54:00+00:00,0.246
2022-10-06 20:00:00+00:00,0.278
2022-10-06 20:06:00+00:00,0.31
2022-10-06 20:12:00+00:00,0.342
2022-10-06 20:18:00+00:00,0.374
2022-10-06 20:24:00+00:00,0.404
2022-10-06 20:30:00+00:00,0.435
2022-10-06 20:36:00+00:00,0.464
2022-10-06 20:42:00+00:00,0.493
2022-10-06 20:48:00+00:00,0.522
2022-10-06 20:54:00+00:00,0.549
2022-10-06 21:00:00+00:00,0.576
2022-10-06 21:06:00+00:00,0.602
2022-10-06 21:12:00+00:00,0.627
2022-10-06 21:18:00+00:00,0.651
2022-10-06 21:24:00+00:00,0.674
2022-10-06 21:30:00+00:00,0.696
2022-10-06 21:36:00+00:00,0.717
2022-10-06 21:42:00+00:00,0.736
2022-10-06 21:48:00+00:00,0.755
2022-10-06 21:54:00+00:00,0.772
2022-10-06 22:00:00+00:00,0.788
2022-10-06 22:06:00+00:00,0.802
2022-10-06 22:12:00+00:00,0.815
2022-10-06 22:18:00+00:00,0.827
2022-10-06 22:24:00+00:00,0.837
2022-10-06 22:30:00+00:00,0.845
2022-10-06 22:36:00+00:00,0.851
2022-10-06 22:42:00+00:00,0.856
2022-10-06 22:48:00+00:00,0.858
2022-10-06 22:54:00+00:00,0.859
2022-10-06 23:00:00+00:00,0.858
2022-10-06 23:06:00+00:00,0.855
2022-10-06 23:12:00+00:00,0.849
2022-10-06 23:18:00+00:00,0.841
2022-10-06 23:24:00+00:00,0.832
2022-10-06 23:30:00+00:00,0.819
2022-10-06 23:36:00+00:00,0.805
2022-10-06 23:42:00+00:00,0.788
2022-10-06 23:48:00+00:00,0.769
2022-10-06 23:54:00+00:00,0.748
2022-10-07 00:00:00+00:00,0.725
2022-10-07 00:06:00+00:00,0.7
2022-10-07 00:12:00+00:00,0.672
2022-10-07 00:18:00+00:00,0.642
2022-10-07 00:24:00+00:00,0.611
2022-10-07 00:30:00+00:00,0.578
2022-10-07 00:36:00+00:00,0.543
2022-10-07 00:42:00+00:00,0.507
2022-10-07 00:48:00+00:00,0.469
2022-10-07 00:54:00+00:00,0.43
2022-10-07 01:00:00+00:00,0.39
2022-10-07 01:06:00+00:00,0.349
2022-10-07 01:12:00+00:00,0.307
2022-10-07 01:18:00+00:00,0.265
2022-10-07 01:24:00+00:00,0.222
2022-10-07 01:30:00+00:00,0.179
2022-10-07 01:36:00+00:00,0.135
2022-10-07 01:42:00+00:00,0.092
2022-10-07 01:48:00+00:00,0.049
2022-10-07 01:54:00+00:00,0.006
2022-10-07 02:00:00+00:00,-0.037
2022-10-07 02:06:00+00:00,-0.079
2022-10-07 02:12:00+00:00,-0.12
2022-10-07 02:18:00+00:00,-0.161
2022-10-07 02:24:00+00:00,-0.201
2022-10-07 02:30:00+00:00,-0.24
2022-10-07 02:36:00+00:00,-0.278
2022-10-07 02:42:00+00:00,-0.315
2022-10-07 02:48:00+00:00,-0.351
2022-10-07 02:54:00+00:00,-0.386
2022-10-07 03:00:00+00:00,-0.42
2022-10-07 03:06:00+00:00,-0.452
2022-10-07 03:12:00+00:00,-0.483
2022-10-07 03:18:00+00:00,-0.512
2022-10-07 03:24:00+00:00,-0.54
2022-10-07 03:30:00+00:00,-0.567
2022-10-07 03:36:00+00:00,-0.592
2022-10-07 03:42:00+00:00,-0.615
2022-10-07 03:48:00+00:00,-0.636
2022-10-07 03:54:00+00:00,-0.655
2022-10-07 04:00:00+00:00,-0.673
2022-10-07 04:06:00+00:00,-0.688
2022-10-07 04:12:00+00:00,-0.701
2022-10-07 04:18:00+00:00,-0.713
2022-10-07 04:24:00+00:00,-0.722
2022-10-07 04:30:00+00:00,-0.729
2022-10-07 04:36:00+00:00,-0.733
2022-10-07 04:42:00+00:00,-0.736
2022-10-07 04:48:00+00:00,-0.736
2022-10-07 04:54:00+00:00,-0.733
2022-10-07 05:00:00+00:00,-0.729
2022-10-07 05:06:00+00:00,-0.722
2022-10-07 05:12:00+00:00,-0.713
2022-10-07 05:18:00+00:00,-0.702
2022-10-07 05:24:00+00:00,-0.689
2022-10-07 05:30:00+00:00,-0.674
2022-10-07 05:36:00+00:00,-0.657
2022-10-07 05:42:00+00:00,-0.638
2022-10-07 05:48:00+00:00,-0.617
2022-10-07 05:54:00+00:00,-0.595
2022-10-07 06:00:00+00:00,-0.571
2022-10-07 06:06:00+00:00,-0.546
2022-10-07 06:12:00+00:00,-0.519
2022-10-07 06:18:00+00:00,-0.492
2022-10-07 06:24:00+00:00,-0.463
2022-10-07 06:30:00+00:00,-0.433
2022-10-07 06:36:00+00:00,-0.402
2022-10-07 06:42:00+00:00,-0.371
2022-10-07 06:48:00+00:00,-0.339
2022-10-07 06:54:00+00:00,-0.306
2022-10-07 07:00:00+00:00,-0.273
2022-10-07 07:06:00+00:00,-0.24
2022-10-07 07:12:00+00:00,-0.206
2022-10-07 07:18:00+00:00,-0.172
2022-10-07 07:24:00+00:00,-0.137
2022-10-07 07:30:00+00:00,-0.103
2022-10-07 07:36:00+00:00,-0.069
2022-10-07 07:42:00+00:00,-0.034
2022-10-07 07:48:00+00:00,0.0
2022-10-07 07:54:00+00:00,0.035
2022-10-07 08:00:00+00:00,0.069
2022-10-07 08:06:00+00:00,0.103
2022-10-07 08:12:00+00:00,0.136
2022-10-07 08:18:00+00:00,0.17
2022-10-07 08:24:00+00:00,0.203
2022-10-07 08:30:00+00:00,0.235
2022-10-07 08:36:00+00:00,0.267
2022-10-07 08:42:00+00:00,0.299
2022-10-07 08:48:00+00:00,0.33
2022-10-07 08:54:00+00:00,0.36
2022-10-07 09:00:00+00:00,0.39
2022-10-07 09:06:00+00:00,0.419
2022-10-07 09:12:00+00:00,0.447
2022-10-07 09:18:00+00:00,0.474
2022-10-07 09:24:00+00:00,0.501
2022-10-07 09:30:00+00:00,0.526
2022-10-07 09:36:00+00:00,0.551
2022-10-07 09:42:00+00:00,0.574
2022-10-07 09:48:00+00:00,0.596
2022-10-07 09:54:00+00:00,0.618
2022-10-07 10:00:00+00:00,0.638
2022-10-07 10:06:00+00:00,0.656
2022-10-07 10:12:00+00:00,0.674
2022-10-07 10:18:00+00:00,0.69
2022-10-07 10:24:00+00:00,0.705
2022-10-07 10:30:00+00:00,0.718
2022-10-07 10:36:00+00:00,0.73
2022-10-07 10:42:00+00:00,0.74
2022-10-07 10:48:00+00:00,0.748
2022-10-07 10:54:00+00:00,0.755
2022-10-07 11:00:00+00:00,0.76
2022-10-07 11:06:00+00:00,0.763
2022-10-07 11:12:00+00:00,0.765
2022-10-07 11:18:00+00:00,0.764
2022-10-07 11:24:00+00:00,0.762
2022-10-07 11:30:00+00:00,0.757
2022-10-07 11:36:00+00:00,0.75
2022-10-07 11:42:00+00:00,0.741
2022-10-07 11:48:00+00:00,0.73
2022-10-07 11:54:00+00:00,0.717
2022-10-07 12:00:00+00:00,0.702
2022-10-07 12:06:00+00:00,0.684
2022-10-07 12:12:00+00:00,0.664
2022-10-07 12:18:00+00:00,0.642
2022-10-07 12:24:00+00:00,0.619
2022-10-07 12:30:00+00:00,0.593
2022-10-07 12:36:00+00:00,0.565
2022-10-07 12:42:00+00:00,0.535
2022-10-07 12:48:00+00:00,0.503
2022-10-07 12:54:00+00:00,0.47
2022-10-07 13:00:00+00:00,0.435
2022-10-07 13:06:00+00:00,0.399
2022-10-07 13:12:00+00:00,0.361
2022-10-07 13:18:00+00:00,0.323
2022-10-07 13:24:00+00:00,0.283
2022-10-07 13:30:00+00:00,0.243
2022-10-07 13:36:00+00:00,0.202
2022-10-07 13:42:00+00:00,0.16
2022-10-07 13:48:00+00:00,0.118
2022-10-07 13:54:00+00:00,0.076
2022-10-07 14:00:00+00:00,0.034
2022-10-07 14:06:00+00:00,-0.008
2022-10-07 14:12:00+00:00,-0.049
2022-10-07 14:18:00+00:00,-0.091
2022-10-07 14:24:00+00:00,-0.132
2022-10-07 14:30:00+00:00,-0.172
2022-10-07 14:36:00+00:00,-0.211
2022-10-07 14:42:00+00:00,-0.25
2022-10-07 14:48:00+00:00,-0.288
2022-10-07 14:54:00+00:00,-0.325
2022-10-07 15:00:00+00:00,-0.361
2022-10-07 15:06:00+00:00,-0.396
2022-10-07 15:12:00+00:00,-0.429
2022-10-07 15:18:00+00:00,-0.461
2022-10-07 15:24:00+00:00,-0.493
2022-10-07 15:30:00+00:00,-0.522
2022-10-07 15:36:00+00:00,-0.551
2022-10-07 15:42:00+00:00,-0.578
2022-10-07 15:48:00+00:00,-0.603
2022-10-07 15:54:00+00:00,-0.627
2022-10-07 16:00:00+00:00,-0.649
2022-10-07 16:06:00+00:00,-0.669
2022-10-07 16:12:00+00:00,-0.688
2022-10-07 16:18:00+00:00,-0.705
2022-10-07 16:24:00+00:00,-0.719
2022-10-07 16:30:00+00:00,-0.732
2022-10-07 16:36:00+00:00,-0.743
2022-10-07 16:42:00+00:00,-0.752
2022-10-07 16:48:00+00:00,-0.759
2022-10-07 16:54:00+00:00,-0.763
2022-10-07 17:00:00+00:00,-0.765
2022-10-07 17:06:00+00:00,-0.766
2022-10-07 17:12:00+00:00,-0.764
2022-10-07 17:18:00+00:00,-0.759
2022-10-07 17:24:00+00:00,-0.753
2022-10-07 17:30:00+00:00,-0.744
2022-10-07 17:36:00+00:00,-0.733
2022-10-07 17:42:00+00:00,-0.72
2022-10-07 17:48:00+00:00,-0.705
2022-10-07 17:54:00+00:00,-0.688
2022-10-07 18:00:00+00:00,-0.67
2022-10-07 18:06:00+00:00,-0.649
2022-10-07 18:12:00+00:00,-0.627
2022-10-07 18:18:00+00:00,-0.603
2022-10-07 18:24:00+00:00,-0.577
2022-10-07 18:30:00+00:00,-0.55
2022-10-07 18:36:00+00:00,-0.522
2022-10-07 18:42:00+00:00,-0.493
2022-10-07 18:48:00+00:00,-0.463
2022-10-07 18:54:00+00:00,-0.431
2022-10-07 19:00:00+00:00,-0.399
2022-10-07 19:06:00+00:00,-0.366
2022-10-07 19:12:00+00:00,-0.333
2022-10-07 19:18:00+00:00,-0.299
2022-10-07 19:24:00+00:00,-0.264
2022-10-07 19:30:00+00:00,-0.229
2022-10-07 19:36:00+00:00,-0.194
2022-10-07 19:42:00+00:00,-0.158
2022-10-07 19:48:00+00:00,-0.122
2022-10-07 19:54:00+00:00,-0.086
2022-10-07 20:00:00+00:00,-0.05
2022-10-07 20:06:00+00:00,-0.014
2022-10-07 20:12:00+00:00,0.022
2022-10-07 20:18:00+00:00,0.059
2022-10-07 20:24:00+00:00,0.095
2022-10-07 20:30:00+00:00,0.131
2022-10-07 20:36:00+00:00,0.166
2022-10-07 20:42:00+00:00,0.202
2022-10-07 20:48:00+00:00,0.237
2022-10-07 20:54:00+00:00,0.272
2022-10-07 21:00:00+00:00,0.306
2022-10-07 21:06:00+00:00,0.34
2022-10-07 21:12:00+00:00,0.373
2022-10-07 21:18:00+00:00,0.406
2022-10-07 21:24:00+00:00,0.439
2022-10-07 21:30:00+00:00,0.47
2022-10-07 21:36:00+00:00,0.501
2022-10-07 21:42:00+00:00,0.531
2022-10-07 21:48:00+00:00,0.561
2022-10-07 21:54:00+00:00,0.589
2022-10-07 22:00:00+00:00,0.616
2022-10-07 22:06:00+00:00,0.643
2022-10-07 22:12:00+00:00,0.668
2022-10-07 22:18:00+00:00,0.693
2022-10-07 22:24:00+00:00,0.716
2022-10-07 22:30:00+00:00,0.738
2022-10-07 22:36:00+00:00,0.758
2022-10-07 22:42:00+00:00,0.777
2022-10-07 22:48:00+00:00,0.795
2022-10-07 22:54:00+00:00,0.811
2022-10-07 23:00:00+00:00,0.826
2022-10-07 23:06:00+00:00,0.839
2022-10-07 23:12:00+00:00,0.851
2022-10-07 23:18:00+00:00,0.86
2022-10-07 23:24:00+00:00,0.868
2022-10-07 23:30:00+00:00,0.874
2022-10-07 23:36:00+00:00,0.878
2022-10-07 23:42:00+00:00,0.879
2022-10-07 23:48:00+00:00,0.879
2022-10-07 23:54:00+00:00,0.877
2022-10-08 00:00:00+00:00,0.872
2022-10-08 00:06:00+00:00,0.865
2022-10-08 00:12:00+00:00,0.855
2022-10-08 00:18:00+00:00,0.844
2022-10-08 00:24:00+00:00,0.83
2022-10-08 00:30:00+00:00,0.813
2022-10-08 00:36:00+00:00,0.794
2022-10-08 00:42:00+00:00,0.773
2022-10-08 00:48:00+00:00,0.749
2022-10-08 00:54:00+00:00,0.724
2022-10-08 01:00:00+00:00,0.696
2022-10-08 01:06:00+00:00,0.665
2022-10-08 01:12:00+00:00,0.633
2022-10-08 01:18:00+00:00,0.599
2022-10-08 01:24:00+00:00,0.563
2022-10-08 01:30:00+00:00,0.526
2022-10-08 01:36:00+00:00,0.487
2022-10-08 01:42:00+00:00,0.446
2022-10-08 01:48:00+00:00,0.404
2022-10-08 01:54:00+00:00,0.362
2022-10-08 02:00:00+00:00,0.318
2022-10-08 02:06:00+00:00,0.274
2022-10-08 02:12:00+00:00,0.229
2022-10-08 02:18:00+00:00,0.183
2022-10-08 02:24:00+00:00,0.138
2022-10-08 02:30:00+00:00,0.092
2022-10-08 02:36:00+00:00,0.047
2022-10-08 02:42:00+00:00,0.001
2022-10-08 02:48:00+00:00,-0.044
2022-10-08 02:54:00+00:00,-0.088
2022-10-08 03:00:00+00:00,-0.132
2022-10-08 03:06:00+00:00,-0.176
2022-10-08 03:12:00+00:00,-0.218
2022-10-08 03:18:00+00:00,-0.26
2022-10-08 03:24:00+00:00,-0.301
2022-10-08 03:30:00+00:00,-0.34
2022-10-08 03:36:00+00:00,-0.379
2022-10-08 03:42:00+00:00,-0.416
2022-10-08 03:48:00+00:00,-0.452
2022-10-08 03:54:00+00:00,-0.487
2022-10-08 04:00:00+00:00,-0.52
2022-10-08 04:06:00+00:00,-0.551
2022-10-08 04:12:00+00:00,-0.581
2022-10-08 04:18:00+00:00,-0.61
2022-10-08 04:24:00+00:00,-0.636
2022-10-08 04:30:00+00:00,-0.661
2022-10-08 04:36:00+00:00,-0.684
2022-10-08 04:42:00+00:00,-0.705
2022-10-08 04:48:00+00:00,-0.724
2022-10-08 04:54:00+00:00,-0.741
2022-10-08 05:00:00+00:00,-0.755
2022-10-08 05:06:00+00:00,-0.768
2022-10-08 05:12:00+00:00,-0.778
2022-10-08 05:18:00+00:00,-0.785
2022-10-08 05:24:00+00:00,-0.791
2022-10-08 05:30:00+00:00,-0.794
2022-10-08 05:36:00+00:00,-0.794
2022-10-08 05:42:00+00:00,-0.792
2022-10-08 05:48:00+00:00,-0.788
2022-10-08 05:54:00+00:00,-0.781
2022-10-08 06:00:00+00:00,-0.772
2022-10-08 06:06:00+00:00,-0.76
2022-10-08 06:12:00+00:00,-0.747
2022-10-08 06:18:00+00:00,-0.731
2022-10-08 06:24:00+00:00,-0.713
2022-10-08 06:30:00+00:00,-0.693
2022-10-08 06:36:00+00:00,-0.671
2022-10-08 06:42:00+00:00,-0.647
2022-10-08 06:48:00+00:00,-0.622
2022-10-08 06:54:00+00:00,-0.595
2022-10-08 07:00:00+00:00,-0.566
2022-10-08 07:06:00+00:00,-0.537
2022-10-08 07:12:00+00:00,-0.506
2022-10-08 07:18:00+00:00,-0.474
2022-10-08 07:24:00+00:00,-0.441
2022-10-08 07:30:00+00:00,-0.407
2022-10-08 07:36:00+00:00,-0.372
2022-10-08 07:42:00+00:00,-0.337
2022-10-08 07:48:00+00:00,-0.301
2022-10-08 07:54:00+00:00,-0.265
2022-10-08 08:00:00+00:00,-0.228
2022-10-08 08:06:00+00:00,-0.191
2022-10-08 08:12:00+00:00,-0.153
2022-10-08 08:18:00+00:00,-0.116
2022-10-08 08:24:00+00:00,-0.079
2022-10-08 08:30:00+00:00,-0.041
2022-10-08 08:36:00+00:00,-0.004
2022-10-08 08:42:00+00:00,0.034
2022-10-08 08:48:00+00:00,0.071
2022-10-08 08:54:00+00:00,0.108
2022-10-08 09:00:00+00:00,0.145
2022-10-08 09:06:00+00:00,0.181
2022-10-08 09:12:00+00:00,0.217
2022-10-08 09:18:00+00:00,0.253
2022-10-08 09:24:00+00:00,0.288
2022-10-08 09:30:00+00:00,0.323
2022-10-08 09:36:00+00:00,0.357
2022-10-08 09:42:00+00:00,0.39
2022-10-08 09:48:00+00:00,0.422
2022-10-08 09:54:00+00:00,0.454
2022-10-08 10:00:00+00:00,0.485
2022-10-08 10:06:00+00:00,0.515
2022-10-08 10:12:00+00:00,0.544
2022-10-08 10:18:00+00:00,0.572
2022-10-08 10:24:00+00:00,0.599
2022-10-08 10:30:00+00:00,0.625
2022-10-08 10:36:00+00:00,0.65
2022-10-08 10:42:00+00:00,0.673
2022-10-08 10:48:00+00:00,0.696
2022-10-08 10:54:00+00:00,0.716
2022-10-08 11:00:00+00:00,0.736
2022-10-08 11:06:00+00:00,0.754
2022-10-08 11:12:00+00:00,0.771
2022-10-08 11:18:00+00:00,0.786
2022-10-08 11:24:00+00:00,0.799
2022-10-08 11:30:00+00:00,0.811
2022-10-08 11:36:00+00:00,0.821
2022-10-08 11:42:00+00:00,0.829
2022-10-08 11:48:00+00:00,0.836
2022-10-08 11:54:00+00:00,0.84
2022-10-08 12:00:00+00:00,0.843
2022-10-08 12:06:00+00:00,0.843
2022-10-08 12:12:00+00:00,0.842
2022-10-08 12:18:00+00:00,0.838
2022-10-08 12:24:00+00:00,0.832
2022-10-08 12:30:00+00:00,0.824
2022-10-08 12:36:00+00:00,0.814
2022-10-08 12:42:00+00:00,0.801
2022-10-08 12:48:00+00:00,0.786
2022-10-08 12:54:00+00:00,0.768
2022-10-08 13:00:00+00:00,0.749
2022-10-08 13:06:00+00:00,0.727
2022-10-08 13:12:00+00:00,0.703
2022-10-08 13:18:00+00:00,0.677
2022-10-08 13:24:00+00:00,0.648
2022-10-08 13:30:00+00:00,0.618
2022-10-08 13:36:00+00:00,0.585
2022-10-08 13:42:00+00:00,0.551
2022-10-08 13:48:00+00:00,0.515
2022-10-08 13:54:00+00:00,0.478
2022-10-08 14:00:00+00:00,0.439
2022-10-08 14:06:00+00:00,0.399
2022-10-08 14:12:00+00:00,0.357
2022-10-08 14:18:00+00:00,0.315
2022-10-08 14:24:00+00:00,0.272
2022-10-08 14:30:00+00:00,0.228
2022-10-08 14:36:00+00:00,0.184
2022-10-08 14:42:00+00:00,0.14
2022-10-08 14:48:00+00:00,0.095
2022-10-08 14:54:00+00:00,0.051
2022-10-08 15:00:00+00:00,0.006
2022-10-08 15:06:00+00:00,-0.038
2022-10-08 15:12:00+00:00,-0.082
2022-10-08 15:18:00+00:00,-0.125
2022-10-08 15:24:00+00:00,-0.168
2022-10-08 15:30:00+00:00,-0.21
2022-10-08 15:36:00+00:00,-0.251
2022-10-08 15:42:00+00:00,-0.291
2022-10-08 15:48:00+00:00,-0.33
2022-10-08 15:54:00+00:00,-0.368
2022-10-08 16:00:00+00:00,-0.405
2022-10-08 16:06:00+00:00,-0.44
2022-10-08 16:12:00+00:00,-0.475
2022-10-08 16:18:00+00:00,-0.508
2022-10-08 16:24:00+00:00,-0.539
2022-10-08 16:30:00+00:00,-0.569
2022-10-08 16:36:00+00:00,-0.598
2022-10-08 16:42:00+00:00,-0.625
2022-10-08 16:48:00+00:00,-0.65
2022-10-08 16:54:00+00:00,-0.673
2022-10-08 17:00:00+00:00,-0.695
2022-10-08 17:06:00+00:00,-0.714
2022-10-08 17:12:00+00:00,-0.732
2022-10-08 17:18:00+00:00,-0.747
2022-10-08 17:24:00+00:00,-0.761
2022-10-08 17:30:00+00:00,-0.772
2022-10-08 17:36:00+00:00,-0.781
2022-10-08 17:42:00+00:00,-0.788
2022-10-08 17:48:00+00:00,-0.793
2022-10-08 17:54:00+00:00,-0.795
2022-10-08 18:00:00+00:00,-0.795
2022-10-08 18:06:00+00:00,-0.792
2022-10-08 18:12:00+00:00,-0.787
2022-10-08 18:18:00+00:00,-0.78
2022-10-08 18:24:00+00:00,-0.771
2022-10-08 18:30:00+00:00,-0.759
2022-10-08 18:36:00+00:00,-0.745
2022-10-08 18:42:00+00:00,-0.729
2022-10-08 18:48:00+00:00,-0.711
2022-10-08 18:54:00+00:00,-0.691
2022-10-08 19:00:00+00:00,-0.669
2022-10-08 19:06:00+00:00,-0.646
2022-10-08 19:12:00+00:00,-0.62
2022-10-08 19:18:00+00:00,-0.594
2022-10-08 19:24:00+00:00,-0.565
2022-10-08 19:30:00+00:00,-0.536
2022-10-08 19:36:00+00:00,-0.505
2022-10-08 19:42:00+00:00,-0.473
2022-10-08 19:48:00+00:00,-0.441
2022-10-08 19:54:00+00:00,-0.407
2022-10-08 20:00:00+00:00,-0.373
2022-10-08 20:06:00+00:00,-0.338
2022-10-08 20:12:00+00:00,-0.302
2022-10-08 20:18:00+00:00,-0.266
2022-10-08 20:24:00+00:00,-0.23
2022-10-08 20:30:00+00:00,-0.193
2022-10-08 20:36:00+00:00,-0.156
2022-10-08 20:42:00+00:00,-0.118
2022-10-08 20:48:00+00:00,-0.081
2022-10-08 20:54:00+00:00,-0.044
2022-10-08 21:00:00+00:00,-0.006
2022-10-08 21:06:00+00:00,0.031
2022-10-08 21:12:00+00:00,0.069
2022-10-08 21:18:00+00:00,0.106
2022-10-08 21:24:00+00:00,0.143
2022-10-08 21:30:00+00:00,0.179
2022-10-08 21:36:00+00:00,0.216
2022-10-08 21:42:00+00:00,0.252
2022-10-08 21:48:00+00:00,0.287
2022-10-08 21:54:00+00:00,0.323
2022-10-08 22:00:00+00:00,0.357
2022-10-08 22:06:00+00:00,0.391
2022-10-08 22:12:00+00:00,0.424
2022-10-08 22:18:00+00:00,0.457
2022-10-08 22:24:00+00:00,0.489
2022-10-08 22:30:00+00:00,0.52
2022-10-08 22:36:00+00:00,0.55
2022-10-08 22:42:00+00:00,0.579
2022-10-08 22:48:00+00:00,0.607
2022-10-08 22:54:00+00:00,0.635
2022-10-08 23:00:00+00:00,0.661
2022-10-08 23:06:00+00:00,0.685
2022-10-08 23:12:00+00:00,0.709
2022-10-08 23:18:00+00:00,0.731
2022-10-08 23:24:00+00:00,0.752
2022-10-08 23:30:00+00:00,0.772
2022-10-08 23:36:00+00:00,0.79
2022-10-08 23:42:00+00:00,0.806
2022-10-08 23:48:00+00:00,0.821
2022-10-08 23:54:00+00:00,0.834
2022-10-09 00:00:00+00:00,0.846
