mode,mask,mae,rmse,n,csi_0.1,csi_0.3,tp_0.1,fp_0.1,fn_0.1,tp_0.3,fp_0.3,fn_0.3,sa,ss,sid,event,level,tau_h,config
single,active,0.006002092367030804,0.020791704369036046,4110456,0.9752427710602826,0.9870707060248698,1025774,7235,18805,762674,4696,5294,24671.33658261597,1776.9294555467832,irma_s005,irma,low,0,zero
single,land,0.0038382233219989887,0.012185139786631416,3684744,0.9603452029037174,0.9760566113545234,608807,6951,18188,357103,4151,4609,14142.87035639584,547.1020622450764,irma_s005,irma,low,0,zero
single,active,0.00604584393222291,0.021116709925102867,4110456,0.975317607152385,0.9869319282375052,1012683,7547,18081,754091,4532,5453,24851.175466269255,1832.9157878702108,irma_s006,irma,low,6,zero
single,land,0.0038782369067509696,0.012339789066937475,3684744,0.9601022300789125,0.975469976885924,595802,7262,17497,348592,4012,4754,14290.310172729194,561.0774214669186,irma_s006,irma,low,6,zero
single,active,0.007011600716413487,0.02225524795109776,4110456,0.9710883357903584,0.9851738472716878,1127721,10916,22659,827083,6432,6015,28820.876234386116,2035.892667213479,irma_s024,irma,mid,6,zero
single,land,0.0049223356443684006,0.01396536991444629,3684744,0.956022239770338,0.9741122788506481,710662,10632,22059,420986,5885,5303,18137.5467315726,718.641358903827,irma_s024,irma,mid,6,zero
single,active,0.007036552594353596,0.02173011177092856,4110456,0.9735077053238054,0.9859015093734901,1113833,9165,21146,818246,5955,5746,28923.439830776304,1940.948105819122,irma_s037,irma,low,-6,zero
single,land,0.004590617217719047,0.013650618234454435,3684744,0.9593847775343645,0.974799639791193,695435,8877,20564,410261,5489,5117,16915.24924928695,686.6129057228767,irma_s037,irma,low,-6,zero
single,active,0.006759080575537386,0.02172183947883043,4110456,0.9740933875809417,0.9856099167542716,1104919,8355,21031,818483,5610,6340,27782.9033062011,1939.4706137836704,irma_s041,irma,mid,0,zero
single,land,0.004511150588559129,0.01335501425974005,3684744,0.9600214308296193,0.9741568862617436,686279,8104,20475,409368,5183,5677,16622.43506428972,657.1976964200097,irma_s041,irma,mid,0,zero
single,active,0.007555095160749764,0.02217107546841631,4110456,0.9718463620534434,0.9844322597915686,1162613,10168,23512,853172,7047,6445,31054.88623407483,2020.5217241255957,irma_s046,irma,mid,-6,zero
single,land,0.005111236723701584,0.014527097749487305,3684744,0.9577497602636135,0.9729794147617195,744071,9884,22940,444961,6580,5777,18833.59885023907,777.6157314886715,irma_s046,irma,mid,-6,zero
single,active,0.0074538990748284914,0.023170618208193574,4110456,0.9718350914082703,0.9845768390053476,1170243,9714,24201,862573,6762,6750,30638.92417552322,2206.8115390579287,irma_s049,irma,high,-6,zero
single,land,0.0051383386475100015,0.014413435455455563,3684744,0.9578357252935935,0.9733097652281675,751425,9450,23628,453174,6322,6105,18933.462501380593,765.4949599381933,irma_s049,irma,high,-6,zero
single,active,0.006647171440940298,0.022141891566052115,4110456,0.9755613317110939,0.9863239523864499,1058406,6991,19523,794552,4785,6232,27322.905732441694,2015.2059784178762,irma_s059,irma,mid,0,zero
single,land,0.004216488664097528,0.013378932716465524,3684744,0.9612197871498214,0.974593627798937,638645,6790,18976,383065,4394,5592,15536.681306101382,659.5538497926553,irma_s059,irma,mid,0,zero
single,active,0.006724966530663632,0.023010376009482077,4110456,0.9747266417254663,0.9856875034803646,1051539,7556,19709,796539,4246,7320,27642.67902576551,2176.3935725380143,irma_s063,irma,high,6,zero
single,land,0.0043577158036170825,0.013747890796282913,3684744,0.9596399680984391,0.9731210717117647,631707,7362,19206,384123,3888,6722,16057.067161083221,696.4332023095832,irma_s063,irma,high,6,zero
single,active,0.007123338206288154,0.022513764846160144,4110456,0.9740587193798315,0.9855916997655447,1119549,8331,21485,838228,5870,6384,29280.16827006638,2083.465219564129,irma_s068,irma,high,0,zero
single,land,0.004723251254965498,0.01405029382622795,3684744,0.9600984126635637,0.9743856250656749,699689,8124,20955,426549,5465,5748,17403.97172222659,727.4081009296148,irma_s068,irma,high,0,zero
single,active,0.005025781628329679,0.0169237165800133,4110456,0.9764389957560505,0.9873660738149966,868314,6752,14200,646473,4399,3873,20658.254248857498,1177.2846755947296,matthew_s005,matthew,low,0,zero
single,land,0.0030394284987445707,0.01065077145758018,3684744,0.9576210984797882,0.9720588235294118,451594,6394,13591,242587,3707,3266,11199.515924178064,417.99342641755686,matthew_s005,matthew,low,0,zero
single,active,0.004985065945878362,0.017167060743704835,4110456,0.9761726929897313,0.9878220162311071,852148,7315,13485,636837,4029,3822,20490.89422763139,1211.3841623521998,matthew_s006,matthew,low,6,zero
single,land,0.002998323364556541,0.010683035636879726,3684744,0.9564482122463323,0.9723989024711105,435490,6975,12855,232838,3382,3227,11048.054027609527,420.5297012173263,matthew_s006,matthew,low,6,zero
single,active,0.0063259244235031225,0.018863052699300997,4110456,0.9688602110188299,0.9855995360777507,991455,11210,20656,720628,6421,4108,26002.43400213495,1462.560903360708,matthew_s024,matthew,mid,6,zero
single,land,0.004390195574233973,0.012941189351604983,3684744,0.9488509174652946,0.9713203946254598,574348,10871,20090,315548,5738,3579,16176.746800985187,617.1002236168877,matthew_s024,matthew,mid,6,zero
single,active,0.006191787764712238,0.01892392879990464,4110456,0.9733755866853926,0.9848827311692068,973068,8939,17677,718534,5707,5322,25451.071168188006,1472.0162843071032,matthew_s037,matthew,low,-6,zero
single,land,0.003966895239182639,0.012163291767153861,3684744,0.955446568992633,0.969302726667729,554052,8697,17139,310236,5149,4676,14616.993431206793,545.1419073779311,matthew_s037,matthew,low,-6,zero
single,active,0.005892724790317721,0.017860858251699075,4110456,0.9740360182319784,0.9866533834137867,957155,8111,17403,711088,5437,4182,24221.785970710218,1311.2776269501635,matthew_s041,matthew,mid,0,zero
single,land,0.0038738578048652717,0.012004588998446052,3684744,0.9560075643905427,0.9725454013547269,538390,7880,16895,302519,4885,3655,14274.174303330481,531.0090364244426,matthew_s041,matthew,mid,0,zero
single,active,0.006854922732641799,0.01993009369809945,4110456,0.9699420000504266,0.985016715974024,1038675,10613,21575,757797,6774,4753,28176.858275923878,1632.7086162272217,matthew_s046,matthew,mid,-6,zero
single,land,0.004602083875131529,0.013220982526714387,3684744,0.9517511987303675,0.9712091115970333,619492,10352,21053,349105,6210,4139,16957.50094638765,644.0725391496503,matthew_s046,matthew,mid,-6,zero
single,active,0.006701524488258511,0.019387076006874355,4110456,0.9699985732256943,0.9852199944485807,1040177,10501,21671,759579,6725,4670,27546.32154190913,1544.9507147304284,matthew_s049,matthew,high,-6,zero
single,land,0.0046065968039632876,0.013164653554745658,3684744,0.9518700108783918,0.9715141847507006,621257,10233,21180,350806,6165,4121,16974.1299338229,638.595993478296,matthew_s049,matthew,high,-6,zero
single,active,0.0054356091184683585,0.017612225159893552,4110456,0.9776356192982857,0.987208266007782,898147,6242,14304,681228,4455,4372,22342.832114662975,1275.024299446894,matthew_s059,matthew,mid,0,zero
single,land,0.003245492465113681,0.011197802771915219,3684744,0.9600591805065675,0.9719790094687897,478241,6060,13836,269869,4003,3777,11958.808887872845,462.0329497540032,matthew_s059,matthew,mid,0,zero
single,active,0.005335307440946889,0.01797616359086899,4110456,0.9769761093510272,0.9878357771260997,882567,6786,14013,673704,3921,4375,21930.546482484788,1328.262853062356,matthew_s063,matthew,high,6,zero
single,land,0.00322340492784891,0.011346576372028135,3684744,0.9583381610527187,0.9728462648314435,463184,6592,13544,262292,3495,3826,11877.421967461705,474.3916122570807,matthew_s063,matthew,high,6,zero
single,active,0.006162788766116978,0.018484458112929085,4110456,0.9744673333239645,0.9869880678850468,970778,7875,17561,729398,5436,4180,25331.87206041813,1404.4408418920973,matthew_s068,matthew,high,0,zero
single,land,0.004002700876074308,0.012382588185419173,3684744,0.9568817828312489,0.9736370240273653,550718,7686,17130,317652,4980,3621,14748.92803690955,564.9762341817965,matthew_s068,matthew,high,0,zero
single,active,0.0034142027252638454,0.018073732519296327,4110456,0.9872499019223224,0.9895879914431781,558663,2547,4668,491277,2385,2784,14033.930077277124,1342.7207643780494,ian_s005,ian,low,0,zero
single,land,0.0010043455132839386,0.007136583836915003,3684744,0.9614209923513382,0.9638401810047822,146061,1932,3929,93719,1515,2001,3700.7561039999127,187.66706606176265,ian_s005,ian,low,0,zero
single,active,0.003423228420491008,0.01811656630388096,4110456,0.9873517129399529,0.9896413459601048,558222,2521,4630,491159,2366,2775,14071.029800377786,1349.0926595308176,ian_s006,ian,low,6,zero
single,land,0.0010031924539219117,0.007149892442012465,3684744,0.9616522485636928,0.9639672110889131,145623,1908,3899,93607,1505,1994,3696.507375434041,188.36765775444394,ian_s006,ian,low,6,zero
single,active,0.0037285228802383013,0.018370208767131524,4110456,0.9835089569713795,0.9891277401990296,593050,3706,6238,502740,2716,2810,15325.929244212806,1387.1332671522507,ian_s024,ian,mid,6,zero
single,land,0.0013157875736314088,0.007757155489306996,3684744,0.9545199623292382,0.9642142555573912,180410,3071,5525,105055,1829,2070,4848.340367212892,221.7238004301886,ian_s024,ian,mid,6,zero
single,active,0.003639139970600424,0.017131353310162783,4110456,0.9858399898567263,0.9895714827455442,583149,3155,5221,506243,2607,2728,14958.524726994336,1206.3500526060445,ian_s037,ian,low,-6,zero
single,land,0.001170472017830917,0.007250442009219256,3684744,0.9590940762602888,0.9650907567464184,169306,2649,4572,105966,1790,2043,4312.889744870365,193.70297323676604,ian_s037,ian,low,-6,zero
single,active,0.0036757982297873143,0.01795064207341499,4110456,0.9859820158042932,0.9893804623010292,586188,2996,5338,509991,2680,2794,15109.206888418645,1324.4939488358764,ian_s041,ian,mid,0,zero
single,land,0.0012155454440478228,0.007632321993210812,3684744,0.9598984629975732,0.9644259685122943,172057,2450,4738,109038,1873,2149,4478.973781682551,214.6449566458762,ian_s041,ian,mid,0,zero
single,active,0.0038005692978066,0.017301260154397077,4110456,0.9834638575768022,0.9891310626335753,604787,3645,6524,513725,2862,2783,15622.072873584926,1230.397604165762,ian_s046,ian,mid,-6,zero
single,land,0.0013506157479224615,0.007576531061069338,3684744,0.9548521328578645,0.9647055821154533,190916,3136,5891,113405,2043,2106,4976.673273462802,211.51839207913176,ian_s046,ian,mid,-6,zero
single,active,0.003841098655507835,0.018116129380151228,4110456,0.9833297012841312,0.9890206831235488,609158,3641,6686,517962,2916,2834,15788.667015124112,1349.0275872120712,ian_s049,ian,high,-6,zero
single,land,0.0014049486194063383,0.007970016194433655,3684744,0.9549118511263467,0.964429419525066,194993,3107,6100,116966,2103,2211,5176.875995665789,234.0592063277017,ian_s049,ian,high,-6,zero
single,active,0.003754634812932612,0.018099548039856996,4110456,0.9877711730935325,0.9897509021958529,583269,2492,4729,517806,2540,2822,15433.261194627732,1346.5592400050414,ian_s059,ian,mid,0,zero
single,land,0.0011746294687391646,0.007766865327660047,3684744,0.964444699403396,0.9663683943947324,168122,2061,4137,114476,1777,2207,4328.208887159824,222.27922301692215,ian_s059,ian,mid,0,zero
single,active,0.0038356134903018736,0.019064930651457375,4110456,0.9872609220266395,0.9895837080938811,588292,2510,5081,522614,2535,2966,15766.120484892279,1494.033939902272,ian_s063,ian,high,6,zero
single,land,0.0012587288743843867,0.008455159771294863,3684744,0.9632479108635098,0.9660856663025224,172903,2073,4524,118502,1808,2352,4638.093667514622,263.42134173363314,ian_s063,ian,high,6,zero
single,active,0.003886882616585817,0.018194928648209173,4110456,0.9863508332810503,0.9894797013885734,597411,2911,5356,522754,2683,2875,15976.859972640872,1360.78877246557,ian_s068,ian,high,0,zero
single,land,0.0013135637748256238,0.007997369819230712,3684744,0.9617310726592472,0.9663075939429746,182249,2478,4774,119396,1898,2265,4840.146237906069,235.66857680557274,ian_s068,ian,high,0,zero
single,active,0.0036245233562483166,0.015437259881773805,4110456,0.9822658528621933,0.9892051991755999,628769,5400,5952,515001,2792,2828,14898.44377683103,979.5586287226603,milton_s005,milton,low,0,zero
single,land,0.0014825527139227764,0.007441805381686548,3684744,0.9533069714533341,0.9624547857540345,211188,5013,5331,110690,2175,2143,5462.827217310667,204.06284474420355,milton_s005,milton,low,0,zero
single,active,0.003619361118566558,0.015429480163013534,4110456,0.9827325314278277,0.9896777989045278,626719,5215,5797,514772,2664,2705,14877.224625978619,978.5715661936977,milton_s006,milton,low,6,zero
single,land,0.0014718888703940793,0.007430692415365422,3684744,0.9542845409746304,0.9644655872212281,209141,4837,5182,110494,2059,2012,5423.533683851361,203.45383922038795,milton_s006,milton,low,6,zero
single,active,0.004728468090805558,0.01650559771215578,4110456,0.9783015170895233,0.9888675181904081,851272,6577,12304,618504,3706,3257,19436.16003466025,1119.8310767326568,milton_s024,milton,mid,6,zero
single,land,0.002712076911890536,0.00955466232690599,3684744,0.9602551325493323,0.9740386803185438,433584,6218,11728,214045,3085,2620,9993.309128627181,336.386072845231,milton_s024,milton,mid,6,zero
single,active,0.0044103672856435315,0.016480671959011664,4110456,0.9783846619758403,0.9885242381644149,780206,6450,10787,589285,3656,3185,18128.62067147717,1116.4514285084629,milton_s037,milton,low,-6,zero
single,land,0.0022900075262687167,0.008826480720725878,3684744,0.9565250756821982,0.9699647583658955,361467,6135,10294,182204,3082,2560,8438.091492373496,287.06647351962874,milton_s037,milton,low,-6,zero
single,active,0.004405936895053583,0.01647717005650556,4110456,0.9788474260189135,0.9884927492108525,776828,5968,10819,590918,3502,3377,18110.409745894372,1115.9770196145048,milton_s041,milton,mid,0,zero
single,land,0.002314138053409285,0.009012638539643668,3684744,0.9571335271224458,0.969547992935898,357587,5674,10341,182817,2952,2790,8527.006307471544,299.30310867022405,milton_s041,milton,mid,0,zero
single,active,0.004883087695771788,0.017325788337332833,4110456,0.9783935711616857,0.9889331425698928,877213,6595,12777,639370,3888,3267,20071.71711761132,1233.8887730276688,milton_s046,milton,mid,-6,zero
single,land,0.0027817963454920373,0.009641155866171584,3684744,0.9610865249356928,0.9749897137483101,458445,6273,12289,232225,3308,2649,10250.207393273711,342.50390583304977,milton_s046,milton,mid,-6,zero
single,active,0.004887433111937513,0.017209629153903158,4110456,0.9783459480440267,0.9886504634138485,882199,6581,12945,644609,3857,3543,20089.578759562224,1217.3992435061707,milton_s049,milton,high,-6,zero
single,land,0.002817720905194201,0.00978759070292206,3684744,0.9610317351569734,0.9743348828009099,462904,6273,12497,236436,3280,2948,10382.580199088901,352.987169550276,milton_s049,milton,high,-6,zero
single,active,0.003911870104252428,0.016363575608748026,4110456,0.983007165779575,0.9900308397183776,654901,4882,6439,547989,2663,2855,16079.56994124502,1100.6428551228635,milton_s059,milton,mid,0,zero
single,land,0.0016554821359144034,0.00810189273371619,3684744,0.956519078238731,0.9683118022441385,234439,4607,6050,136867,2151,2328,6100.0278674177825,241.8690497154878,milton_s059,milton,mid,0,zero
single,active,0.0039263108932876805,0.016365161498475188,4110456,0.9833402214440563,0.990633436432875,659071,4809,6357,554091,2562,2677,16138.928169179708,1100.8562049214852,milton_s063,milton,high,6,zero
single,land,0.0017064335871282558,0.008493155004209354,3684744,0.9573981478504132,0.9704348301626256,238193,4581,6018,141962,2117,2208,6287.770921569318,265.79415167299175,milton_s063,milton,high,6,zero
single,active,0.004583874859051453,0.017063666157116558,4110456,0.9787154296380506,0.9888828867937769,788598,5790,11360,605937,3470,3342,18841.8159176372,1196.8361411139088,milton_s068,milton,high,0,zero
single,land,0.00241580916171187,0.009356133121365585,3684744,0.9571042300392585,0.9712210490633008,368131,5543,10956,194825,2995,2778,8901.638313762844,322.55227190856345,milton_s068,milton,high,0,zero
single,active,0.004463417376032869,0.017655785828062535,4110456,0.9723390374079344,0.9831674382303572,618500,6065,11530,459793,4120,3752,18346.68073381856,1281.3391852869433,beryl_s005,beryl,low,0,zero
single,land,0.002163245190021414,0.009365185965093895,3684744,0.9373427161012499,0.9452080765949379,223111,4805,10109,89739,2689,2513,7971.004734460264,323.1767666552281,beryl_s005,beryl,low,0,zero
single,active,0.004322265041465963,0.017346642192607894,4110456,0.9729502785095732,0.9832076720434991,607156,6027,10853,454590,4085,3679,17766.480273284018,1236.8608540567614,beryl_s006,beryl,low,6,zero
single,land,0.001996641293573375,0.009033512764278008,3684744,0.9369817578772802,0.9432365533850683,211875,4788,9462,84597,2646,2445,7357.112026646733,300.6911495835143,beryl_s006,beryl,low,6,zero
single,active,0.00529934721393238,0.01868252267827657,4110456,0.9665343630853456,0.9825308441797733,741501,7705,17969,533247,4482,4999,21782.733551591635,1434.699807110001,beryl_s024,beryl,mid,6,zero
single,land,0.0030479315791003526,0.011181963227151865,3684744,0.9374718372177614,0.9596795664444063,345359,6492,16543,162206,3082,3733,11230.84759850055,460.7267621520795,beryl_s024,beryl,mid,6,zero
single,active,0.005134412267436126,0.017874442328595083,4110456,0.97099555473607,0.9837350139790552,726729,7124,14584,518994,4392,4189,21104.775711156428,1313.2729700084788,beryl_s037,beryl,low,-6,zero
single,land,0.0028523550874929716,0.01061391525087939,3684744,0.944584505969304,0.9592310549777118,328586,6049,13228,144606,3136,3010,10510.198294509202,415.1055610408327,beryl_s037,beryl,low,-6,zero
single,active,0.005103832568627924,0.01854983992172175,4110456,0.9706022543051821,0.9837216860218031,710674,6804,14721,511552,4229,4236,20979.079204712063,1414.3937742412445,beryl_s041,beryl,mid,0,zero
single,land,0.0028514258669722456,0.010661397506983016,3684744,0.9424366223531044,0.9579285309608242,312348,5667,13411,136956,2910,3105,10506.77435477078,418.8278888734338,beryl_s041,beryl,mid,0,zero
single,active,0.0055579954442743175,0.01841844116528455,4110456,0.967547842592445,0.9830624084301668,789073,8505,17961,564964,4669,5065,22845.895721890032,1394.4268800542704,beryl_s046,beryl,mid,-6,zero
single,land,0.003306037868831722,0.011555053624411327,3684744,0.9419974138513351,0.9631854871420459,390473,7450,16593,189971,3399,3862,12181.903200950474,491.98430787758235,beryl_s046,beryl,mid,-6,zero
single,active,0.0055291714831173545,0.018974138572334997,4110456,0.9675237104840576,0.9831520728356071,789897,8542,17972,565630,4649,5044,22727.41609780863,1479.8378792286824,beryl_s049,beryl,high,-6,zero
single,land,0.003307208689752695,0.011516218015779985,3684744,0.9419708204930662,0.9634988523877412,391257,7475,16628,190582,3368,3852,12186.217376314104,488.68282561199374,beryl_s049,beryl,high,-6,zero
single,active,0.004521157880526923,0.017440622617814202,4110456,0.9743485603129476,0.9845783053716314,638134,5708,11092,481637,3950,3594,18584.02053695917,1250.2992580354082,beryl_s059,beryl,mid,0,zero
single,land,0.0022057535218202072,0.009432148816890648,3684744,0.9423381351907552,0.9523329453492315,238110,4670,9900,103910,2720,2481,8127.637055005878,327.8148392047217,beryl_s059,beryl,mid,0,zero
single,active,0.0044017755225866885,0.017588238943981167,4110456,0.9749749765283716,0.9845816838977305,628269,5562,10564,477785,3917,3565,18093.30460746959,1271.553734852879,beryl_s063,beryl,high,6,zero
single,land,0.0020770641440605283,0.009215992920052261,3684744,0.9423294632896748,0.9508464069429212,228072,4530,9428,99701,2677,2477,7653.449642442167,312.9619832380122,beryl_s063,beryl,high,6,zero
single,active,0.0051479742559896674,0.018314910366815467,4110456,0.9714958441278065,0.9841779840254328,719995,6646,14479,522568,4104,4297,21160.521668378264,1378.7946793592678,beryl_s068,beryl,high,0,zero
single,land,0.002878163526389676,0.01071237335966459,3684744,0.9440962232606499,0.9598219328261519,319620,5635,13291,144458,2897,3150,10605.295784883201,422.84258767799105,beryl_s068,beryl,high,0,zero
single,active,0.006586038599887227,0.021602282865107108,4110456,0.9750173800397367,0.9866524417007293,1026627,8353,17952,762042,4383,5926,27071.621879138052,1918.1797450176446,irma_s005,irma,low,0,B_N1_s0
single,land,0.0038871166693150586,0.012157995855965427,3684744,0.9601408885361952,0.9755274492377111,609797,8117,17198,356726,3963,4986,14323.029824558645,544.6672998990954,irma_s005,irma,low,0,B_N1_s0
single,active,0.006658164997852832,0.021968923230216188,4110456,0.975037353532302,0.9866542719291929,1013447,8629,17317,753572,4221,5972,27368.09426441416,1983.8441271650745,irma_s006,irma,low,6,B_N1_s0
single,land,0.003913311662911904,0.012321675012726107,3684744,0.9598286597596539,0.9751677138281312,596713,8388,16586,348287,3810,5059,14419.55167004466,559.431375953565,irma_s006,irma,low,6,B_N1_s0
single,active,0.007698124616518026,0.02359422718105808,4110456,0.9701276114567189,0.98540320936217,1127330,11663,23050,826368,5511,6730,31642.80251871422,2288.239705801031,irma_s024,irma,mid,6,B_N1_s0
single,land,0.005008298408773842,0.014143084850502478,3684744,0.9546620618293478,0.9746819011059572,710407,11424,22314,420469,5102,5820,18454.29751193896,737.0477320178027,irma_s024,irma,mid,6,B_N1_s0
single,active,0.007589855664428267,0.022980501802038557,4110456,0.9727094750592912,0.986016735059576,1113943,10217,21036,817681,5285,6311,31197.767754983157,2170.7460484112357,irma_s037,irma,low,-6,B_N1_s0
single,land,0.004638079189428236,0.013729801977709176,3684744,0.9582491387705458,0.9752452869691001,695686,9998,20313,409919,4946,5459,17090.134464770555,694.6017408387277,irma_s037,irma,low,-6,B_N1_s0
single,active,0.0073371949263921175,0.022750291550837715,4110456,0.9733425548223394,0.9857499105075578,1104773,9080,21177,817856,4856,6967,30159.216908358037,2127.4724113629,irma_s041,irma,mid,0,B_N1_s0
single,land,0.004533186239576658,0.013358791854689214,3684744,0.9589743231441048,0.9747119039958052,686266,8871,20488,408955,4520,6090,16703.630797162652,657.5695384514435,irma_s041,irma,mid,0,B_N1_s0
single,active,0.008151743114541747,0.023531774261314798,4110456,0.9705279968994424,0.9846248036225858,1161920,11079,24205,852370,6063,7247,33507.38139562681,2276.1419909756605,irma_s046,irma,mid,-6,B_N1_s0
single,land,0.005183272847303589,0.014716022968785492,3684744,0.9558449205010593,0.9734333171221143,743525,10861,23486,444347,5736,6391,19099.033524464816,797.973068784678,irma_s046,irma,mid,-6,B_N1_s0
single,active,0.008137235606594016,0.024560562183986022,4110456,0.970795886576266,0.9846815706931915,1169744,10489,24700,861749,5832,7574,33447.74892253801,2479.5142616750018,irma_s049,irma,high,-6,B_N1_s0
single,land,0.005224205149078553,0.014584391019513048,3684744,0.9563547090335158,0.9737913376508811,751055,10278,23998,452589,5491,6690,19249.858577836305,783.7614879539237,irma_s049,irma,high,-6,B_N1_s0
single,active,0.007237849869376273,0.023324510877073854,4110456,0.9754624737798716,0.9862755083030069,1058885,7592,19044,794080,4346,6704,29750.86342267692,2236.222918421258,irma_s059,irma,mid,0,B_N1_s0
single,land,0.004228147729090452,0.013406166476721848,3684744,0.9611429465020082,0.9748316208955604,639211,7432,18410,382831,4058,5826,15579.64197587967,662.2417193551267,irma_s059,irma,mid,0,B_N1_s0
single,active,0.007397428191757309,0.02412279777845239,4110456,0.9749720098762503,0.9855722206126699,1051948,7704,19300,796025,3819,7834,30406.80309537798,2391.9128723069753,irma_s063,irma,high,6,B_N1_s0
single,land,0.004366956520997536,0.01377907683983633,3684744,0.9601347421113141,0.9732268730285911,632194,7530,18719,383829,3543,7016,16091.116839006543,699.5963973692591,irma_s063,irma,high,6,B_N1_s0
single,active,0.0077083046073845455,0.023782288838618167,4110456,0.9734862848097963,0.9859048332003267,1119334,8786,21700,837607,4970,7005,31684.64692325145,2324.862660829886,irma_s068,irma,high,0,B_N1_s0
single,land,0.004728013565854559,0.014126555706997427,3684744,0.9592576645558685,0.9752021291933369,699554,8622,21090,426137,4676,6160,17421.51961870119,735.3259508350995,irma_s068,irma,high,0,B_N1_s0
single,active,0.005557119103744897,0.018316054701866275,4110456,0.9752158717220675,0.986957837216694,868616,8177,13898,645881,4070,4465,22842.293562702835,1378.966981853712,matthew_s005,matthew,low,0,B_N1_s0
single,land,0.003077106607263488,0.010788730160658897,3684744,0.9555828952291565,0.9714640845211604,452049,7876,13136,242288,3552,3565,11338.350108474493,428.89203634218717,matthew_s005,matthew,low,0,B_N1_s0
single,active,0.005515869372178502,0.01858840027688963,4110456,0.9754726283363093,0.9873706849064245,852765,8574,12868,636314,3794,4345,22672.738356087357,1420.2802092023412,matthew_s006,matthew,low,6,B_N1_s0
single,land,0.003033627225018376,0.010832751595445332,3684744,0.9553710646647628,0.971867349581812,436253,8287,12092,232632,3301,3433,11178.13971562311,432.39920755115224,matthew_s006,matthew,low,6,B_N1_s0
single,active,0.0069418712494612065,0.020667632815476487,4110456,0.9668435077968497,0.9852318104721631,990857,12726,21254,719701,5753,5035,28534.256328575313,1755.7855807399967,matthew_s024,matthew,mid,6,B_N1_s0
single,land,0.004480608621970528,0.013254708789186744,3684744,0.9457024311311334,0.9708932722485648,573926,12440,20512,314917,5231,4210,16509.89573615417,647.3627432923397,matthew_s024,matthew,mid,6,B_N1_s0
single,active,0.006625483636688683,0.020095298859981705,4110456,0.9718797916281672,0.9847337248888292,972944,10350,17801,717928,5202,5928,27233.758967328817,1659.8886014703858,matthew_s037,matthew,low,-6,B_N1_s0
single,land,0.003990856822124719,0.012272658006599924,3684744,0.9530228933838139,0.9691683557290494,554037,10156,17154,309847,4792,5065,14705.285730183125,554.989267563108,matthew_s037,matthew,low,-6,B_N1_s0
single,active,0.006425699292569272,0.019436675827999177,4110456,0.9721758113101698,0.9865846849574582,956586,9406,17972,710339,4728,4931,26412.55421133712,1552.8660190390724,matthew_s041,matthew,mid,0,B_N1_s0
single,land,0.0038965969671778426,0.012121936814509075,3684744,0.9530177919425159,0.972686078305706,537949,9184,17336,302020,4327,4154,14357.962295226753,541.4412656311457,matthew_s041,matthew,mid,0,B_N1_s0
single,active,0.007335456434385894,0.02123066967512065,4110456,0.9677741477113799,0.9848297773516121,1037961,12274,22289,756951,6061,5599,30152.070913460106,1852.7524242989937,matthew_s046,matthew,mid,-6,B_N1_s0
single,land,0.00465592057498254,0.013418703437124478,3684744,0.9483107088296091,0.9710020145616866,618878,12066,21667,348480,5643,4764,17155.875403143466,663.4809073548388,matthew_s046,matthew,mid,-6,B_N1_s0
single,active,0.0072539697836566715,0.020909161821142008,4110456,0.9677845237973314,0.9848310187168483,1039448,12201,22400,758637,6073,5612,29817.12362105027,1797.062787567624,matthew_s049,matthew,high,-6,B_N1_s0
single,land,0.004679357932976675,0.01340587634004814,3684744,0.9484397133858701,0.9708728979012291,620658,11962,21779,350089,5665,4838,17242.236067388207,662.2130551533475,matthew_s049,matthew,high,-6,B_N1_s0
single,active,0.0059274767320854245,0.018987167346607232,4110456,0.9766153919762686,0.9870938274827091,898117,7171,14334,680769,4070,4831,24364.632298260927,1481.870866726434,matthew_s059,matthew,mid,0,B_N1_s0
single,land,0.003238102872342159,0.01118344626448702,3684744,0.9583166364787535,0.9720139299465009,478292,7019,13785,269625,3742,4021,11931.580130245537,460.8489804578044,matthew_s059,matthew,mid,0,B_N1_s0
single,active,0.005962338567629442,0.01973498812637348,4110456,0.9764491371465408,0.9872284561789513,883084,7803,13496,673043,3671,5036,24507.930339343846,1600.8982967995946,matthew_s063,matthew,high,6,B_N1_s0
single,land,0.00325768587398059,0.011428010998845453,3684744,0.9575127030369601,0.9718173957254775,463755,7605,12973,261863,3339,4255,12003.738478034735,481.225485955705,matthew_s063,matthew,high,6,B_N1_s0
single,active,0.006689300777788416,0.020056803371820177,4110456,0.9728454738277783,0.987162243613968,970068,8806,18271,728813,4713,4765,27496.07651786506,1653.5351733128152,matthew_s068,matthew,high,0,B_N1_s0
single,land,0.00400167121568562,0.01241010393168445,3684744,0.9541882773335184,0.9741969360588837,550080,8642,17768,317256,4386,4017,14745.134001970291,567.4899275743719,matthew_s068,matthew,high,0,B_N1_s0
single,active,0.0036074269352338265,0.018027841087113656,4110456,0.9869387049181485,0.990182927074899,559235,3305,4096,491608,2421,2453,14828.169690493494,1335.910754410481,ian_s005,ian,low,0,B_N1_s0
single,land,0.0009795866284600565,0.006800963087826726,3684744,0.9602376838908958,0.9663541431590177,146732,2818,3258,94206,1766,1514,3609.5259516984224,170.43082873417833,ian_s005,ian,low,0,B_N1_s0
single,active,0.0036200855501985585,0.01808251232519093,4110456,0.9869794748341084,0.9901861429385964,558811,3331,4041,491468,2405,2466,14880.202370326966,1344.0256073086107,ian_s006,ian,low,6,B_N1_s0
single,land,0.0009803014187726488,0.006821317682219011,3684744,0.9603709562032777,0.9663616101233579,146325,2841,3197,94084,1758,1517,3612.159771014005,171.45251981068256,ian_s006,ian,low,6,B_N1_s0
single,active,0.003872210723244218,0.018222542547871708,4110456,0.9834346552377987,0.9896641487827386,593848,4563,5440,502978,2681,2572,15916.551800623536,1364.9223637379189,ian_s024,ian,mid,6,B_N1_s0
single,land,0.0012792003466551454,0.007451671744274813,3684744,0.9543200909492832,0.9662412854878752,181317,4061,4618,105472,2032,1653,4713.5258021354675,204.6042974081843,ian_s024,ian,mid,6,B_N1_s0
single,active,0.003703432681242831,0.016612437377658894,4110456,0.985515346674254,0.9903828482722755,583635,3843,4735,506563,2511,2408,15222.797085210681,1134.3751845479692,ian_s037,ian,low,-6,B_N1_s0
single,land,0.0011266151945635184,0.006887854759707467,3684744,0.9582929140253119,0.9681895524153556,169913,3430,3965,106405,1892,1604,4151.288578476757,174.81362636713257,ian_s037,ian,low,-6,B_N1_s0
single,active,0.0037900059059004874,0.017736181996488246,4110456,0.9857366273532213,0.9900782600764942,586810,3775,4716,510220,2548,2565,15578.652515944093,1293.0349888508224,ian_s041,ian,mid,0,B_N1_s0
single,land,0.0011730432072534483,0.007290111262446355,3684744,0.9589534631974552,0.9672002191955171,172743,3342,4052,109430,1954,1757,4322.3639196679,195.82838107156383,ian_s041,ian,mid,0,B_N1_s0
single,active,0.0038685369608916394,0.016812860897722454,4110456,0.9835443140757582,0.9899770612604943,605642,4464,5669,514005,2701,2503,15901.450962118804,1161.9120169018909,ian_s046,ian,mid,-6,B_N1_s0
single,land,0.001303483870918205,0.007239267269752177,3684744,0.955450449329118,0.9678900642879009,191907,4048,4900,113820,2085,1691,4803.00437246263,193.1063441821111,ian_s046,ian,mid,-6,B_N1_s0
single,active,0.003964656768451832,0.017928723302839785,4110456,0.9836398576145274,0.9896841449835072,610140,4444,5704,518162,2767,2634,16296.547201823443,1321.2613564372255,ian_s049,ian,high,-6,B_N1_s0
single,land,0.0013611323736269206,0.007653211150802857,3684744,0.9558567562955559,0.9671708221718525,196051,4012,5042,117342,2148,1835,5015.424346927553,215.821502445604,ian_s049,ian,high,-6,B_N1_s0
single,active,0.00387317213213364,0.017917982503723336,4110456,0.9874715030813879,0.990431564176388,583884,3294,4114,518069,2446,2559,15920.503629561514,1319.6787393535872,ian_s059,ian,mid,0,B_N1_s0
single,land,0.001130787942605753,0.007374962033617398,3684744,0.9636098981077147,0.96876555185357,168810,2926,3449,114852,1872,1831,4166.664086788893,200.41346565840402,ian_s059,ian,mid,0,B_N1_s0
single,active,0.004046047013943933,0.019194375378738793,4110456,0.9870181671917946,0.9899259405138149,588934,3307,4439,522769,2509,2811,16631.098224747926,1514.3908311645869,ian_s063,ian,high,6,B_N1_s0
single,land,0.0012331566551850135,0.00823529981520284,3684744,0.9624535728144575,0.9674842429276396,173617,2963,3810,118809,1948,2045,4543.866586253047,249.8999388638017,ian_s063,ian,high,6,B_N1_s0
single,active,0.003976537344813521,0.017956336410263278,4110456,0.9860599025149558,0.9902547916623277,597998,3685,4769,523010,2528,2619,16345.381788212806,1325.334399102706,ian_s068,ian,high,0,B_N1_s0
single,land,0.0012626522437197867,0.007613182721075298,3684744,0.9609482129065815,0.9688991731257788,182904,3314,4119,119754,1937,1907,4652.550279133022,213.56979306631388,ian_s068,ian,high,0,B_N1_s0
single,active,0.003952813216771453,0.015061160766977024,4110456,0.9819643907928645,0.9891554759658524,629122,5956,5599,514803,2618,3026,16247.864803757519,932.4099349812957,milton_s005,milton,low,0,B_N1_s0
single,land,0.0014749378481413713,0.007321058884390921,3684744,0.9527361280535838,0.9636071133527545,211657,5638,4862,110810,2162,2023,5434.768386311829,197.49455218721405,milton_s005,milton,low,0,B_N1_s0
single,active,0.003935164150759759,0.014997521338319915,4110456,0.9821153340099996,0.9894942509725942,627006,5908,5510,514538,2524,2939,16175.319094475359,924.5469723604242,milton_s006,milton,low,6,B_N1_s0
single,land,0.001462770891740802,0.0072983619042265024,3684744,0.9528603453058143,0.9649755186468488,209554,5598,4769,110564,2071,1942,5389.93626671657,196.27189257932326,milton_s006,milton,low,6,B_N1_s0
single,active,0.005146959840316555,0.01668924188677359,4110456,0.9775976060051818,0.9880736497702043,851990,7938,11586,617880,3577,3881,21156.351957388222,1144.8885764864367,milton_s024,milton,mid,6,B_N1_s0
single,land,0.002743943106064077,0.009689230590969463,3684744,0.9592164291139017,0.9725116240980519,434479,7640,10833,213760,3137,2905,10110.727896410972,345.9281495202477,milton_s024,milton,mid,6,B_N1_s0
single,active,0.004773057219130718,0.016369229909587047,4110456,0.9778891402403376,0.9885786525059642,781131,7800,9862,588836,3169,3634,19619.441684719175,1101.4036229629494,milton_s037,milton,low,-6,B_N1_s0
single,land,0.0022899927460053827,0.008856201350688748,3684744,0.9558029547299933,0.9708255344563717,362559,7563,9202,182056,2763,2708,8438.037030886859,289.0029555417182,milton_s037,milton,low,-6,B_N1_s0
single,active,0.004809321357653803,0.01639590857006918,4110456,0.9783260587917133,0.9882206621337056,777779,7363,9868,590365,3107,3930,19768.50383049622,1104.9966958873936,milton_s041,milton,mid,0,B_N1_s0
single,land,0.002321133676185114,0.00901785273317797,3684744,0.9563521371988044,0.9696840964968644,358677,7119,9251,182608,2710,2999,8552.783386521041,299.64952792820975,milton_s041,milton,mid,0,B_N1_s0
single,active,0.005299464446496758,0.01735383063980092,4110456,0.9781071322771122,0.9885014429288749,878260,7928,11730,638824,3618,3813,21783.21543088928,1237.8861765454822,milton_s046,milton,mid,-6,B_N1_s0
single,land,0.002810968684548766,0.009764363036737896,3684744,0.9607789037155948,0.9744287634408603,459652,7682,11082,231992,3206,2882,10357.699994578958,351.3137568630996,milton_s046,milton,mid,-6,B_N1_s0
single,active,0.0053382241915411474,0.017367199331118827,4110456,0.9780374561363684,0.9882157620320445,883249,7939,11895,644038,3566,4114,21942.535657465458,1239.7941463573552,milton_s049,milton,high,-6,B_N1_s0
single,land,0.002850117483981889,0.009890459541084536,3684744,0.9607261511710947,0.9738846123716186,464122,7694,11279,236205,3155,3179,10501.953298397362,360.446042681541,milton_s049,milton,high,-6,B_N1_s0
single,active,0.004165577320479643,0.015589991545071062,4110456,0.9830276337245148,0.9899668211159381,655299,5273,6041,547812,2520,3032,17122.422290429473,999.0374373162285,milton_s059,milton,mid,0,B_N1_s0
single,land,0.0016346951214623114,0.007874372414455807,3684744,0.9568094811436019,0.96911169595608,234935,5051,5554,136982,2153,2213,6023.433040637523,228.4752818262085,milton_s059,milton,mid,0,B_N1_s0
single,active,0.004288931649763473,0.016043020653467396,4110456,0.9832617392224895,0.9904715236620252,659453,5251,5975,553838,2398,2930,17629.464833360165,1057.9430476372893,milton_s063,milton,high,6,B_N1_s0
single,land,0.0016960690537342555,0.008299106703611158,3684744,0.9574320421066145,0.9708923076923077,238661,5061,5550,141993,2080,2177,6249.580269332975,253.7873770630967,milton_s063,milton,high,6,B_N1_s0
single,active,0.005019729580274384,0.016974744510421812,4110456,0.9783602250477111,0.9888237407721957,789478,6982,10480,605437,3001,3842,20633.37757161632,1184.394812137477,milton_s068,milton,high,0,B_N1_s0
single,land,0.0024264158624730217,0.00936073184180692,3684744,0.9565681617336453,0.9719173499246003,369110,6782,9977,194642,2663,2961,8940.721290752292,322.86943119843596,milton_s068,milton,high,0,B_N1_s0
single,active,0.004916163878111354,0.018782234284772225,4110456,0.971539740469762,0.9829236463213743,619991,8123,10039,459448,3885,4097,20207.675309766084,1450.055118812457,beryl_s005,beryl,low,0,B_N1_s0
single,land,0.0022079576863866727,0.009507698524574183,3684744,0.9354825280791295,0.9445415674958401,224716,6994,8504,89688,2702,2564,8135.758837167174,333.08733913719453,beryl_s005,beryl,low,0,B_N1_s0
single,active,0.004744382499505768,0.018250047928157216,4110456,0.9721408912806309,0.9831063826103518,608602,8034,9407,454262,3799,4007,19501.57551138848,1369.0459422496629,beryl_s006,beryl,low,6,B_N1_s0
single,land,0.002037987340909556,0.00914362067102031,3684744,0.9350583349032425,0.942788011239463,213428,6914,7909,84553,2642,2489,7509.461626492441,308.0659661402163,beryl_s006,beryl,low,6,B_N1_s0
single,active,0.005803771023959747,0.019736412040534442,4110456,0.9661011440035052,0.981916827360915,743068,9671,16402,532629,4192,5617,23856.145428061485,1601.129320398591,beryl_s024,beryl,mid,6,B_N1_s0
single,land,0.003152445867460985,0.01147316087933021,3684744,0.9367541991573345,0.9578434794956601,347059,8589,14843,161888,3074,4051,11615.955995451659,485.0354566189658,beryl_s024,beryl,mid,6,B_N1_s0
single,active,0.005616679546142328,0.019111322719983673,4110456,0.9702400937991313,0.9829428268122535,728204,9227,13109,518522,4337,4661,23087.11414051801,1501.3138672524515,beryl_s037,beryl,low,-6,B_N1_s0
single,land,0.0029190970216587064,0.010776797898727812,3684744,0.9430392039255336,0.9570068441870788,330175,8304,11639,144442,3315,3174,10756.125235974789,427.9438576413639,beryl_s037,beryl,low,-6,B_N1_s0
single,active,0.005598727581860208,0.019777507526268296,4110456,0.9700346476939672,0.9828670111598086,712246,8853,13149,511082,4203,4706,23013.323381222785,1607.8040585516742,beryl_s041,beryl,mid,0,B_N1_s0
single,land,0.0029156508699111298,0.010874359835561143,3684744,0.9413249173537619,0.9555422090619587,314074,7892,11685,136826,3131,3235,10743.427048999816,435.7272488199136,beryl_s041,beryl,mid,0,B_N1_s0
single,active,0.00607766828158349,0.019780414508496973,4110456,0.9668508287292817,0.9822958786699367,790650,10724,16384,564328,4470,5701,24981.988054044545,1608.276737053852,beryl_s046,beryl,mid,-6,B_N1_s0
single,land,0.0034086957366279026,0.011777627406576903,3684744,0.9406900819904145,0.9611156444656189,392153,9812,14913,189631,3470,4202,12560.171163365245,511.12007910236184,beryl_s046,beryl,mid,-6,B_N1_s0
single,active,0.006049030398193698,0.02028514686730505,4110456,0.9667308345324093,0.982311333057446,791449,10817,16420,564941,4440,5733,24864.273294437677,1691.3999620452817,beryl_s049,beryl,high,-6,B_N1_s0
single,land,0.0034108581171279095,0.01174318085084618,3684744,0.9404685252250592,0.9611578351495057,392908,9894,14977,190167,3418,4267,12568.138981938362,508.13465959867943,beryl_s049,beryl,high,-6,B_N1_s0
single,active,0.004952016559721383,0.018580351232419034,4110456,0.9735723047982004,0.9846447017064623,639674,7812,9552,481572,3851,3659,20355.046180006117,1419.0504720215038,beryl_s059,beryl,mid,0,B_N1_s0
single,land,0.0022419931668239963,0.00955812060089119,3684744,0.9406364749082007,0.9525522721447142,239772,6894,8238,104053,2845,2338,8261.17086949572,336.6296242536786,beryl_s059,beryl,mid,0,B_N1_s0
single,active,0.0047897465421176885,0.01836063401420348,4110456,0.9742411655597994,0.9847385368950973,629768,7586,9065,477675,3728,3675,19688.042412526906,1385.6876660424111,beryl_s063,beryl,high,6,B_N1_s0
single,land,0.002107991720488344,0.009286237854696561,3684744,0.9406580445412772,0.9516347345343628,229688,6678,7812,99836,2732,2342,7767.409844119102,317.7510007667332,beryl_s063,beryl,high,6,B_N1_s0
single,active,0.005620292833495909,0.019538678249873417,4110456,0.9708806837294037,0.9836991528456326,721576,8744,12898,522299,4089,4566,23101.96639920026,1569.2074677972098,beryl_s068,beryl,high,0,B_N1_s0
single,land,0.0029332436727209045,0.010905686184173662,3684744,0.9430200517065813,0.9582150155250657,321352,7858,11559,144426,3116,3182,10808.252023596317,438.2413102774533,beryl_s068,beryl,high,0,B_N1_s0
single,active,0.006482393847621727,0.021410786249879306,4110456,0.9750166995590176,0.9867608851634361,1026130,7844,18449,761884,4138,6084,26645.59468531981,1884.3225061403996,irma_s005,irma,low,0,B_N1_s1
single,land,0.0038503233076000822,0.012079667761368248,3684744,0.9601884607202792,0.9758120343337775,609350,7620,17645,356631,3759,5081,14187.455705739558,537.6718502307245,irma_s005,irma,low,0,B_N1_s1
single,active,0.006563063829990803,0.02175981097023946,4110456,0.9750078437335787,0.9867470479144184,1013078,8282,17686,753409,3984,6135,26977.185098368675,1946.257236077173,irma_s006,irma,low,6,B_N1_s1
single,land,0.003885831416986306,0.01226014797584236,3684744,0.9598326871607191,0.9754424890323231,596393,8052,16906,348192,3612,5154,14318.29399875179,553.8583969410297,irma_s006,irma,low,6,B_N1_s1
single,active,0.007597606205298409,0.023383395551013722,4110456,0.9701528116149564,0.9853763543449353,1127336,11639,23044,826243,5407,6855,31229.626012206078,2247.5282337386393,irma_s024,irma,mid,6,B_N1_s1
single,land,0.004986569875476268,0.014106826902509651,3684744,0.9547400036283251,0.9747397463541304,710465,11424,22256,420415,5021,5874,18374.233429241925,733.2735083167028,irma_s024,irma,mid,6,B_N1_s1
single,active,0.007497472545044634,0.02287449267322835,4110456,0.9729956869627814,0.9861032533104295,1113758,9690,21221,817451,4979,6541,30818.031007613987,2150.76492442791,irma_s037,irma,low,-6,B_N1_s1
single,land,0.004594268278212551,0.013652211546696,3684744,0.9587188209867014,0.9754796350036542,695539,9489,20460,409759,4681,5619,16928.70247253403,686.7731992091907,irma_s037,irma,low,-6,B_N1_s1
single,active,0.007227932504643229,0.022557598421212632,4110456,0.9735493196079814,0.9857373630215428,1104628,8690,21322,817679,4687,7144,29710.09853130579,2091.585996681794,irma_s041,irma,mid,0,B_N1_s1
single,land,0.004503923218003607,0.013287140098414474,3684744,0.9593258254164657,0.9747744482804662,686153,8491,20601,408836,4371,6209,16595.804053999484,650.5345226896329,irma_s041,irma,mid,0,B_N1_s1
single,active,0.008052987443254594,0.023360234713656763,4110456,0.9708377199578884,0.9848502007261735,1161918,10695,24207,852248,5741,7369,33101.450554050505,2243.078165213062,irma_s046,irma,mid,-6,B_N1_s1
single,land,0.00514049633565815,0.014612703796213825,3684744,0.956338600602439,0.9739074011964497,743559,10495,23452,444280,5445,6458,18941.413029838353,786.8074846244926,irma_s046,irma,mid,-6,B_N1_s1
single,active,0.008009832070280722,0.024263924386911738,4110456,0.9709663333986366,0.9847454140236584,1169661,10192,24783,861603,5627,7720,32924.06229227781,2419.9817540871495,irma_s049,irma,high,-6,B_N1_s1
single,land,0.005186588544068773,0.014506676206383932,3684744,0.956644799694287,0.9739487930088143,751014,9997,24039,452482,5306,6797,19111.251018226147,775.4309934664836,irma_s049,irma,high,-6,B_N1_s1
single,active,0.007129815932319501,0.023114775692617773,4110456,0.9755179567239681,0.9862865292917647,1058516,7152,19413,793864,4118,6920,29306.794677898288,2196.1872729073634,irma_s059,irma,mid,0,B_N1_s1
single,land,0.004193234474920543,0.0133133177439303,3684744,0.9612698307614531,0.9749230596771563,638883,7003,18738,382669,3855,5988,15450.995572056621,653.100347583966,irma_s059,irma,mid,0,B_N1_s1
single,active,0.00728518760084853,0.023930344804327697,4110456,0.9748233882936171,0.9855897467649062,1051619,7531,19629,795913,3691,7946,29945.443085033447,2353.899497685515,irma_s063,irma,high,6,B_N1_s1
single,land,0.004345171866754999,0.013733471336708816,3684744,0.9599454941529263,0.9733767880693923,631911,7365,19002,383783,3435,7062,16010.845964994282,694.9730621054579,irma_s063,irma,high,6,B_N1_s1
single,active,0.007596860164841825,0.0235723459489413,4110456,0.9736183472798433,0.9859006357428773,1119185,8477,21849,837424,4788,7188,31226.559445735067,2283.997457340352,irma_s068,irma,high,0,B_N1_s1
single,land,0.00469856404743386,0.014037084423643412,3684744,0.9594966089418582,0.9752808885877279,699450,8332,21194,426030,4531,6267,17313.005682397634,726.040996471061,irma_s068,irma,high,0,B_N1_s1
single,active,0.005519850995754249,0.018241103825549693,4110456,0.9752393213956305,0.9868968996514401,868081,7607,14433,645549,3774,4797,22689.104644604027,1367.704369131289,matthew_s005,matthew,low,0,B_N1_s1
single,land,0.003058202868229799,0.010702288844858758,3684744,0.9557003147030003,0.9714438227951742,451577,7324,13608,242043,3305,3810,11268.694669492543,422.04684334118576,matthew_s005,matthew,low,0,B_N1_s1
single,active,0.005485714375951504,0.018534050413244515,4110456,0.9754887429740158,0.9873570390790896,852305,8088,13328,636087,3573,4572,22548.787570916116,1411.9869526293053,matthew_s006,matthew,low,6,B_N1_s1
single,land,0.003016519125797541,0.010752473430772996,3684744,0.9554682584743812,0.9719387435145971,435855,7824,12490,232479,3126,3586,11115.100749667734,426.0142011655517,matthew_s006,matthew,low,6,B_N1_s1
single,active,0.0068911085829828364,0.020491753976850557,4110456,0.9671645025236676,0.9853342517113463,990861,12390,21250,719563,5537,5173,28325.5986215733,1726.0297219696952,matthew_s024,matthew,mid,6,B_N1_s1
single,land,0.0044717497839545615,0.013222114728128306,3684744,0.9462461670348511,0.9711537868366019,573974,12142,20464,314850,5075,4277,16477.253185927868,644.1828563763786,matthew_s024,matthew,mid,6,B_N1_s1
single,active,0.006599350851195662,0.020075758859545104,4110456,0.9720750462517354,0.9846005444626176,972564,9758,18181,717569,4936,6287,27126.341302402318,1656.6621299217084,matthew_s037,matthew,low,-6,B_N1_s1
single,land,0.003975541700744663,0.012192940927792115,3684744,0.9533900274976453,0.9689103115854708,553707,9586,17484,309562,4583,5350,14648.853428568691,547.8028152479263,matthew_s037,matthew,low,-6,B_N1_s1
single,active,0.00638036614432396,0.019306475931254567,4110456,0.9723700505745817,0.9866054061864379,956324,8940,18234,710127,4498,5143,26226.214300133288,1532.131422399575,matthew_s041,matthew,mid,0,B_N1_s1
single,land,0.0038886419389677538,0.01207732438560723,3684744,0.9533685095156538,0.9727906721925375,537717,8733,17568,301855,4124,4319,14328.650052759796,537.4632608897849,matthew_s041,matthew,mid,0,B_N1_s1
single,active,0.007300997339475623,0.02120524959184282,4110456,0.9680007686158478,0.9849569846290006,1037752,11807,22498,756772,5780,5778,30010.428320031613,1848.318374287434,matthew_s046,matthew,mid,-6,B_N1_s1
single,land,0.004640257776276173,0.013350368310592534,3684744,0.9486988801982308,0.9713351288957291,618712,11624,21833,348381,5418,4863,17098.16199958697,656.740523417413,matthew_s046,matthew,mid,-6,B_N1_s1
single,active,0.0071873539663356726,0.020728288106265185,4110456,0.9678494118874371,0.9848372704230034,1039087,11756,22761,758435,5863,5814,29543.302235048264,1766.1064491642198,matthew_s049,matthew,high,-6,B_N1_s1
single,land,0.004663288369897797,0.01333485333150234,3684744,0.948547670891031,0.9709611724294839,620335,11547,22102,349948,5487,4979,17183.023841250688,655.2149632900988,matthew_s049,matthew,high,-6,B_N1_s1
single,active,0.005881748775084578,0.01887770302650609,4110456,0.9766901390061539,0.9870641324860278,897672,6645,14779,680483,3801,5117,24176.669543039054,1464.833633757324,matthew_s059,matthew,mid,0,B_N1_s1
single,land,0.003222869804716426,0.011131092032533168,3684744,0.9584474034139796,0.971916760469882,477879,6520,14198,269392,3530,4254,11875.450175710022,456.54423953860737,matthew_s059,matthew,mid,0,B_N1_s1
single,active,0.005883161589659367,0.01940766170807744,4110456,0.9764977524447626,0.987289285761447,882628,7291,13952,672888,3472,5191,24182.476855184883,1548.2333942718076,matthew_s063,matthew,high,6,B_N1_s1
single,land,0.003238503500734266,0.011366587867664073,3684744,0.9576359811017373,0.9720450072412641,463356,7126,13372,261762,3172,4356,11933.056343309581,476.06641826515727,matthew_s063,matthew,high,6,B_N1_s1
single,active,0.0066419752352792905,0.019951712044981567,4110456,0.972926444120285,0.9872399866140441,969780,8427,18559,728669,4509,4909,27301.54695770517,1636.2525638822626,matthew_s068,matthew,high,0,B_N1_s1
single,land,0.003996027720794381,0.012396383793689765,3684744,0.9543444301732218,0.9743786673220485,549836,8292,18012,317170,4237,4103,14724.339168030769,566.2358307214969,matthew_s068,matthew,high,0,B_N1_s1
single,active,0.003578573196969447,0.01782371206747247,4110456,0.9869462025316456,0.9901761838454144,558880,2941,4451,491368,2182,2693,14709.567668922246,1305.8290299903233,ian_s005,ian,low,0,B_N1_s1
single,land,0.000965739442653906,0.006691774811528505,3684744,0.9603861059561828,0.9663218024719262,146456,2507,3534,94055,1613,1665,3558.502616882324,165.0022840808113,ian_s005,ian,low,0,B_N1_s1
single,active,0.0035917045727754727,0.017880213568665947,4110456,0.9870081210289582,0.9902217097797013,558464,2963,4388,491248,2165,2686,14763.543611392379,1314.121157272136,ian_s006,ian,low,6,B_N1_s1
single,land,0.0009661751795330364,0.006711827503620562,3684744,0.9605782384510154,0.9664917695473251,146054,2526,3468,93943,1599,1658,3560.108195733279,165.99266334646688,ian_s006,ian,low,6,B_N1_s1
single,active,0.003844253763617681,0.018023372232702537,4110456,0.9835590647229239,0.9897237823567974,593452,4084,5836,502749,2419,2801,15801.635948184878,1335.2485286121196,ian_s024,ian,mid,6,B_N1_s1
single,land,0.0012659063008118158,0.007369448159597976,3684744,0.9547612516616378,0.9664421524005286,180996,3637,4939,105319,1851,1806,4664.540646478534,200.11390031811106,ian_s024,ian,mid,6,B_N1_s1
single,active,0.003682888262973285,0.016475672420559747,4110456,0.9856090917692859,0.9903987417421941,583315,3462,5055,506275,2212,2696,15138.350157868117,1115.7741630148869,ian_s037,ian,low,-6,B_N1_s1
single,land,0.0011109657967806614,0.006700656155649359,3684744,0.9586784798110499,0.9682742273680371,169665,3100,4213,106210,1681,1799,4093.6245538927615,165.4405578053639,ian_s037,ian,low,-6,B_N1_s1
single,active,0.0037657998504599982,0.01756056517040551,4110456,0.9857649510875046,0.9901571745849317,586471,3414,5055,510026,2311,2759,15479.154590122402,1267.5554941104742,ian_s041,ian,mid,0,B_N1_s1
single,land,0.0011599356262453407,0.007199591392206184,3684744,0.959186283833008,0.9675220635749631,172478,3022,4317,109300,1782,1887,4274.065839193761,190.99544871752678,ian_s041,ian,mid,0,B_N1_s1
single,active,0.0038489584383633447,0.016672915598689532,4110456,0.9836220625995384,0.989971614504545,605262,4029,6049,513723,2419,2785,15820.97430672124,1142.6496925140516,ian_s046,ian,mid,-6,B_N1_s1
single,land,0.0012891550240441084,0.007072865879262028,3684744,0.9558311466741163,0.9678859226195546,191604,3651,5203,113624,1883,1887,4750.206239916384,184.33090947358997,ian_s046,ian,mid,-6,B_N1_s1
single,active,0.003942174380197319,0.01775563893919656,4110456,0.983577943468119,0.9898049077855342,609718,4054,6126,517956,2495,2840,16204.13433412835,1295.8735149094025,ian_s049,ian,high,-6,B_N1_s1
single,land,0.00135021122656406,0.007586040965862111,3684744,0.9557575283993788,0.9673994700040451,195699,3665,5394,117184,1956,1993,4975.182715814561,212.04971232670596,ian_s049,ian,high,-6,B_N1_s1
single,active,0.0038527545219499085,0.01776577528766551,4110456,0.9874138062321796,0.9904865369387841,583527,2967,4471,517864,2210,2764,15836.577941276133,1297.3535151440442,ian_s059,ian,mid,0,B_N1_s1
single,land,0.001119345737408752,0.007301039149939709,3684744,0.9635321966448248,0.9689587890971442,168516,2635,3743,114716,1708,1967,4124.5024898424745,196.41591516088613,ian_s059,ian,mid,0,B_N1_s1
single,active,0.004013311625474949,0.01901603115586355,4110456,0.9870458284213686,0.9899657505701924,588608,2960,4765,522595,2312,2985,16496.540850803256,1486.379696089438,ian_s063,ian,high,6,B_N1_s1
single,land,0.0012194501438508355,0.008169532257961165,3684744,0.9626600027766209,0.9677479842490155,173351,2648,4076,118703,1805,2151,4493.361600853503,245.92444743973135,ian_s063,ian,high,6,B_N1_s1
single,active,0.003957562410525937,0.01780593807734753,4110456,0.9860517145798685,0.9902846784321376,597642,3329,5125,522800,2300,2829,16267.3861557208,1303.2259560993668,ian_s068,ian,high,0,B_N1_s1
single,land,0.0012518989995255133,0.007543491725624294,3684744,0.9610714943557087,0.9689499862287964,182618,2992,4405,119613,1785,2048,4612.927327107638,209.67765793020354,ian_s068,ian,high,0,B_N1_s1
single,active,0.003931846801917889,0.015019512212082288,4110456,0.9821249767638757,0.9890381942909424,628724,5446,5997,514558,2432,3271,16161.683278024197,927.2602876360062,milton_s005,milton,low,0,B_N1_s1
single,land,0.0014699243710987922,0.007291195123701869,3684744,0.953308340889713,0.9633153711554701,211317,5148,5202,110657,2038,2176,5416.295006860048,195.88661518228812,milton_s005,milton,low,0,B_N1_s1
single,active,0.003920749938397644,0.01499831103037042,4110456,0.9821977481099705,0.989365017680081,626596,5437,5920,514266,2317,3211,16116.070108786225,924.6443386651306,milton_s006,milton,low,6,B_N1_s1
single,land,0.0014592246490540257,0.007272990798707839,3684744,0.9531776842182004,0.9645756328588531,209192,5145,5131,110387,1935,2119,5376.8692702539265,194.90967468039705,milton_s006,milton,low,6,B_N1_s1
single,active,0.005098960418431916,0.016533471392333878,4110456,0.9777213538526555,0.9882526496339153,851389,7213,12187,617650,3231,4111,20959.05244570598,1123.6164797037986,milton_s024,milton,mid,6,B_N1_s1
single,land,0.00272649665492224,0.009672272134406086,3684744,0.9594830350134327,0.9730711057657264,433931,6943,11381,213593,2839,3072,10046.442190244794,344.71829624265126,milton_s024,milton,mid,6,B_N1_s1
single,active,0.0047450011062485494,0.01618402017875405,4110456,0.9781706175509739,0.9885583178106949,780587,7014,10406,588555,2897,3915,19504.118267185986,1076.620949255539,milton_s037,milton,low,-6,B_N1_s1
single,land,0.002277097567629139,0.008769635989368493,3684744,0.9564298582530735,0.9708512398900249,362068,6801,9693,181855,2551,2909,8390.521599736065,283.38082112957113,milton_s037,milton,low,-6,B_N1_s1
single,active,0.004773434023666858,0.016232926008406486,4110456,0.9785288355484822,0.9880710579149803,777175,6581,10472,590079,2908,4216,19620.99052318558,1083.1375743213612,milton_s041,milton,mid,0,B_N1_s1
single,land,0.002313873157000791,0.00900708074047695,3684744,0.9567825206455904,0.9693481703493501,358117,6365,9811,182410,2571,3197,8526.030232019722,298.9340816293727,milton_s041,milton,mid,0,B_N1_s1
single,active,0.005257371849008901,0.017161754129898305,4110456,0.9781653110309148,0.988652321946431,877651,7252,12339,638530,3222,4107,21610.19566098973,1210.6353615569808,milton_s046,milton,mid,-6,B_N1_s1
single,land,0.0027880264953839174,0.009681650949475363,3684744,0.9609010344062525,0.9749772864930345,459082,7028,11652,231795,2870,3079,10273.163900706917,345.387139423586,milton_s046,milton,mid,-6,B_N1_s1
single,active,0.00528762019705447,0.01719084262416482,4110456,0.9781195974998892,0.9882175221948108,882616,7216,12528,643716,3239,4436,21734.530164703727,1214.7427976613544,milton_s049,milton,high,-6,B_N1_s1
single,land,0.0028320989034086373,0.009867322609799003,3684744,0.9608805250479898,0.9739544636518236,463523,6993,11878,235958,2884,3426,10435.559441741556,358.76161926715514,milton_s049,milton,high,-6,B_N1_s1
single,active,0.004146273922644145,0.015520090816738752,4110456,0.9831419016283203,0.9899164646524904,654977,4868,6363,547601,2335,3243,17043.07652297616,990.0987681126999,milton_s059,milton,mid,0,B_N1_s1
single,land,0.0016345103165245193,0.007885010635850584,3684744,0.9571420996169833,0.968981488038752,234652,4670,5837,136826,2011,2369,6022.752081751823,229.09303581221388,milton_s059,milton,mid,0,B_N1_s1
single,active,0.0042589243699026344,0.015964454980986347,4110456,0.9832229534464932,0.9902265913985419,659016,4833,6412,553604,2300,3164,17506.121229812503,1047.6065297753678,milton_s063,milton,high,6,B_N1_s1
single,land,0.0016968693293493613,0.008369288099767348,3684744,0.9574506557798637,0.9701876440850726,238275,4653,5936,141823,2011,2347,6252.529080104083,258.0978319333796,milton_s063,milton,high,6,B_N1_s1
single,active,0.004986271686526633,0.016823917681326038,4110456,0.9785924186547882,0.9887518379349779,788905,6205,11053,605215,2821,4064,20495.850371513516,1163.440755426427,milton_s068,milton,high,0,B_N1_s1
single,land,0.0024229098942945763,0.009361896216763617,3684744,0.9570411801211592,0.9717230972177806,368569,6026,10518,194469,2525,3134,8927.802695542574,322.9497592043761,milton_s068,milton,high,0,B_N1_s1
single,active,0.004905932558079596,0.018663635845226477,4110456,0.9718159154414706,0.9831833812237977,619417,7351,10613,459184,3493,4361,20165.619918953627,1431.8004942529963,beryl_s005,beryl,low,0,B_N1_s1
single,land,0.0021825182987444845,0.009355624233903707,3684744,0.9362229774300482,0.9454666371092884,224246,6302,8974,89565,2479,2687,8042.021206188947,322.517185117703,beryl_s005,beryl,low,0,B_N1_s1
single,active,0.004738685320775798,0.018206300764538365,4110456,0.9723488301428137,0.9833651734310629,608000,7281,10009,454002,3413,4267,19478.1575088948,1362.4903327842055,beryl_s006,beryl,low,6,B_N1_s1
single,land,0.0020120517860637106,0.008979342116870716,3684744,0.9355788326684125,0.9437737536329086,212934,6259,8403,84430,2418,2612,7413.895746387541,297.0956942611914,beryl_s006,beryl,low,6,B_N1_s1
single,active,0.005805140664828042,0.019746378368162974,4110456,0.9661048927936626,0.9820089540179634,742469,9048,17001,532350,3857,5896,23861.775276586413,1602.7467783602192,beryl_s024,beryl,mid,6,B_N1_s1
single,land,0.003127580813473115,0.011339598039219653,3684744,0.9367933376761334,0.9582151086679659,346577,8059,15325,161763,2878,4176,11524.334636960179,473.80827426178354,beryl_s024,beryl,mid,6,B_N1_s1
single,active,0.005623446947526706,0.019152175255051865,4110456,0.9703854361162977,0.9832287342627094,727595,8487,13718,518252,3909,4931,23114.931246142834,1507.7391713234606,beryl_s037,beryl,low,-6,B_N1_s1
single,land,0.0028904902397189,0.010631139125826675,3684744,0.9433492532700732,0.9581908827180573,329660,7643,12154,144339,3021,3277,10650.716567862779,416.45389052374315,beryl_s037,beryl,low,-6,B_N1_s1
single,active,0.00559326573068947,0.019679147947861842,4110456,0.9701299657296156,0.9830780836839087,711666,8183,13729,510829,3834,4959,22990.872682306916,1591.8516254522244,beryl_s041,beryl,mid,0,B_N1_s1
single,land,0.0028925587900847103,0.01074786284498258,3684744,0.9414906712944893,0.9564706458404739,313571,7299,12188,136738,2900,3323,10658.338646411896,425.6489356435747,beryl_s041,beryl,mid,0,B_N1_s1
single,active,0.006087577725341972,0.019864121392597373,4110456,0.966758124758301,0.9823904410227827,789969,10098,17065,564010,4091,6019,25022.72038659826,1621.9173698496888,beryl_s046,beryl,mid,-6,B_N1_s1
single,land,0.0033772570311285,0.011637762415149877,3684744,0.9405620020512426,0.9616280545053161,391587,9267,15479,189484,3212,4349,12444.327581908554,499.0525672023938,beryl_s046,beryl,mid,-6,B_N1_s1
single,active,0.006055922811852642,0.020299577558588223,4110456,0.9666593728187218,0.9823402400683424,790767,10172,17102,564603,4079,6071,24892.604257516563,1693.8073148440099,beryl_s049,beryl,high,-6,B_N1_s1
single,land,0.0033819559828169588,0.011632093453854542,3684744,0.9403557801085268,0.9615055689656045,392339,9339,15546,190006,3179,4428,12461.642015948892,498.5664908361545,beryl_s049,beryl,high,-6,B_N1_s1
single,active,0.004945260857547685,0.018502473190199754,4110456,0.9736705782691235,0.9847992846722199,639057,7112,10169,481298,3496,3933,20327.277163472027,1407.1797309036435,beryl_s059,beryl,mid,0,B_N1_s1
single,land,0.002215923672658003,0.00940701927064551,3684744,0.9409694367105532,0.9532948634441254,239281,6282,8729,103912,2612,2479,8165.11145728454,326.0704086373618,beryl_s059,beryl,mid,0,B_N1_s1
single,active,0.004789677401563868,0.018324890709081353,4110456,0.9743910597913621,0.9849122546410342,629176,6879,9657,477385,3348,3965,19687.75821332261,1380.2977816825712,beryl_s063,beryl,high,6,B_N1_s1
single,land,0.0020843733378756537,0.009142656521717868,3684744,0.9411100527188819,0.9526730686541494,229213,6056,8287,99702,2477,2476,7680.3821504972875,308.0010015190181,beryl_s063,beryl,high,6,B_N1_s1
single,active,0.005618987954451638,0.019476323171412423,4110456,0.9709404034513827,0.9838775340957924,720965,8069,13509,522010,3699,4855,23096.602751303464,1559.2076183665986,beryl_s068,beryl,high,0,B_N1_s1
single,land,0.0029115738686520216,0.01079036723046169,3684744,0.9431382578429989,0.95911489836885,320833,7265,12078,144295,2838,3313,10728.404343072325,429.02220540950424,beryl_s068,beryl,high,0,B_N1_s1
single,active,0.00644528590584133,0.0216138459486899,4110456,0.9749455079043219,0.9864980278890649,1026525,8326,18054,762342,4808,5626,26493.06412338093,1920.2337880126345,irma_s005,irma,low,0,B_N1_s2
single,land,0.003918898610178167,0.012163405200180515,3684744,0.960036911293218,0.9751337972183292,609658,8041,17337,356937,4327,4775,14440.138140462339,545.1520752479511,irma_s005,irma,low,0,B_N1_s2
single,active,0.006507910491683186,0.021944896147986486,4110456,0.9752046792628564,0.9863382902060116,1013539,8545,17225,753884,4782,5660,26750.4797280021,1979.5070989286262,irma_s006,irma,low,6,B_N1_s2
single,land,0.003943143910458953,0.012342498393662216,3684744,0.9601365624803917,0.9745501824434845,596770,8248,16529,348543,4299,4803,14529.475865200162,561.3238290717389,irma_s006,irma,low,6,B_N1_s2
single,active,0.007638142684921018,0.02404046560619935,4110456,0.970205864477574,0.9848424711170229,1127028,11258,23352,826272,5891,6826,31396.249428089708,2375.613327231202,irma_s024,irma,mid,6,B_N1_s2
single,land,0.005123136432276685,0.0145265671311978,3684744,0.9547821129290778,0.9735591288757939,710060,10967,22661,420303,5429,5986,18877.446230012923,777.5589259792982,irma_s024,irma,mid,6,B_N1_s2
single,active,0.007504105675601013,0.022931215764995464,4110456,0.972922549635296,0.985777694197521,1113900,9922,21079,817744,5550,6248,30845.29619890824,2161.4448813931376,irma_s037,irma,low,-6,B_N1_s2
single,land,0.00469681102193291,0.013817571484621248,3684744,0.9585656525010542,0.9747322464664143,695587,9655,20412,409910,5158,5468,17306.54623220116,703.5107863125746,irma_s037,irma,low,-6,B_N1_s2
single,active,0.007214741526401978,0.022935100493482522,4110456,0.9733987708002488,0.9858175596708315,1104537,8772,21413,818199,5147,6624,29655.87759564817,2162.177274984243,irma_s041,irma,mid,0,B_N1_s2
single,land,0.0045855693924926316,0.013393440820284104,3684744,0.9590113743121729,0.9748713074590458,685977,8542,20777,409250,4754,5795,16896.64930557087,660.9850646989838,irma_s041,irma,mid,0,B_N1_s2
single,active,0.008118980557674361,0.023604935452049423,4110456,0.970626160015978,0.9843768411275845,1161493,10518,24632,852114,6021,7503,33372.712347175926,2290.317218326004,irma_s046,irma,mid,-6,B_N1_s2
single,land,0.005297509783317666,0.015037986044775116,3684744,0.9559736047479547,0.9729318728128896,743041,10250,23970,444014,5629,6724,19519.96738902107,833.27178238009,irma_s046,irma,mid,-6,B_N1_s2
single,active,0.008077064535303885,0.024815971828193385,4110456,0.9708298598079624,0.9842500342763127,1169217,9904,25227,861455,5917,7868,33200.418381527066,2531.352221067043,irma_s049,irma,high,-6,B_N1_s2
single,land,0.005343815066853615,0.014933901820211027,3684744,0.9563762964964172,0.972948724568832,750479,9658,24574,452211,5505,7068,19690.590504698455,821.7768523920273,irma_s049,irma,high,-6,B_N1_s2
single,active,0.007077992005329669,0.02318870444512212,4110456,0.9756171474890387,0.9862118445567942,1059169,7711,18760,794511,4835,6273,29093.77470625937,2210.258015397973,irma_s059,irma,mid,0,B_N1_s2
single,land,0.004250633720714011,0.013322389601848977,3684744,0.9613846500789296,0.9746010590946318,639465,7529,18156,383180,4509,5477,15662.49709859863,653.990711999663,irma_s059,irma,mid,0,B_N1_s2
single,active,0.00720949284260524,0.02415263492101261,4110456,0.9753471684787797,0.9854316023876535,1052344,7695,18904,796549,4466,7310,29634.303111843765,2397.833577106694,irma_s063,irma,high,6,B_N1_s2
single,land,0.004384177886312805,0.013776174296817554,3684744,0.9607347297085899,0.9728785496745578,632566,7506,18347,384288,4156,6557,16154.57316152379,699.3016904320194,irma_s063,irma,high,6,B_N1_s2
single,active,0.007571771997964345,0.023822799828331256,4110456,0.9734452848832355,0.9860557722042705,1119135,8630,21899,837964,5202,6648,31123.43563966453,2332.7897954866376,irma_s068,irma,high,0,B_N1_s2
single,land,0.004766134596794505,0.014083193933177182,3684744,0.9592046952387876,0.9754436611019357,699336,8435,21308,426423,4861,5874,17561.98585873097,730.8186806537306,irma_s068,irma,high,0,B_N1_s2
single,active,0.005532054309205576,0.018437595488266914,4110456,0.974730149607572,0.9867288877347611,868352,8350,14162,645967,4309,4379,22739.265827599913,1397.328666455517,matthew_s005,matthew,low,0,B_N1_s2
single,land,0.003125213819787072,0.010827120771078603,3684744,0.9546595716803536,0.9708499785632144,451743,8013,13442,242296,3718,3557,11515.612871177495,431.94980535044454,matthew_s005,matthew,low,0,B_N1_s2
single,active,0.005487237604415071,0.018717472312268515,4110456,0.9753909922522115,0.9870049504950495,852798,8681,12835,636405,4125,4254,22555.048734493554,1440.0726504748238,matthew_s006,matthew,low,6,B_N1_s2
single,land,0.0030825669354586625,0.010889024204213674,3684744,0.9551726705028158,0.9708265869902686,436235,8363,12110,232645,3571,3420,11358.470020029694,436.90322118490167,matthew_s006,matthew,low,6,B_N1_s2
single,active,0.0069946525082441365,0.02125865339502199,4110456,0.9665261882203017,0.9844673878089999,990526,12720,21585,719434,6049,5302,28751.21137042716,1857.639794774326,matthew_s024,matthew,mid,6,B_N1_s2
single,land,0.004610867641246106,0.01362076156973433,3684744,0.9451147569078253,0.9691043686404258,573541,12410,20897,314580,5482,4547,16989.86687587574,683.6126676129384,matthew_s024,matthew,mid,6,B_N1_s2
single,active,0.006660579932307949,0.020509662870329973,4110456,0.9715224775224776,0.9844497427256412,972494,10255,18251,718035,5521,5821,27378.020746234804,1729.0479887339739,matthew_s037,matthew,low,-6,B_N1_s2
single,land,0.004065697880209477,0.012428011641945258,3684744,0.952359896977632,0.9685471495854312,553543,10042,17648,309907,5059,5005,14981.055869914591,569.1288787758413,matthew_s037,matthew,low,-6,B_N1_s2
single,active,0.006449931749462326,0.019815262865362428,4110456,0.9714126585983585,0.9862809407830972,955804,9374,18754,710286,4896,4984,26512.160659167916,1613.9485263171653,matthew_s041,matthew,mid,0,B_N1_s2
single,land,0.003972307210998885,0.01226917846371295,3684744,0.9516448510704643,0.9721147221131123,537135,9143,18150,301933,4420,4241,14636.935161884874,554.6746111613181,matthew_s041,matthew,mid,0,B_N1_s2
single,active,0.0074192344698264905,0.021775721145817592,4110456,0.9673139472427787,0.9844964164956984,1037332,12134,22918,756744,6111,5806,30496.436841905117,1949.104376144202,matthew_s046,matthew,mid,-6,B_N1_s2
single,land,0.004773996091591934,0.013740157719736466,3684744,0.9474961184586641,0.9702330532088005,618191,11902,22354,348205,5644,5039,17590.953454516828,695.64994665637,matthew_s046,matthew,mid,-6,B_N1_s2
single,active,0.007316499345257299,0.021482924725689287,4110456,0.9671523432880434,0.9844658253349706,1038622,12049,23226,758399,6117,5850,30074.148632708937,1897.041436424163,matthew_s049,matthew,high,-6,B_N1_s2
single,land,0.0047908039955583724,0.013700872555936541,3684744,0.9473500787952805,0.9701727236421726,619782,11790,22655,349821,5649,5106,17652.88627780974,691.6776991452944,matthew_s049,matthew,high,-6,B_N1_s2
single,active,0.0059126272358068985,0.01922506085331836,4110456,0.976188353774272,0.9870787550963912,897982,7435,14469,681034,4349,4566,24303.59409718588,1519.2367243366486,matthew_s059,matthew,mid,0,B_N1_s2
single,land,0.003294829293378835,0.011271354415977498,3684744,0.9575082508250825,0.9718663444256751,478126,7267,13951,269828,3993,3818,12140.602469801903,468.12251779739574,matthew_s059,matthew,mid,0,B_N1_s2
single,active,0.005851411409820865,0.01976129209940641,4110456,0.9765174648591158,0.9871342337561823,883262,7922,13318,673421,4119,4658,24051.969137966633,1605.1686869018754,matthew_s063,matthew,high,6,B_N1_s2
single,land,0.0032845597728256865,0.011431523863063037,3684744,0.9576138763259855,0.9714505915526358,463917,7723,12811,262178,3765,3940,12102.761915560812,481.521379897223,matthew_s063,matthew,high,6,B_N1_s2
single,active,0.006720681780335676,0.020489611824992402,4110456,0.9720638740568048,0.9870253683097228,969415,8936,18924,728860,4863,4718,27625.066748071462,1725.6688719886383,matthew_s068,matthew,high,0,B_N1_s2
single,land,0.004081568468765896,0.012604588160776392,3684744,0.952860849236575,0.9738805053841337,549431,8764,18417,317263,4499,4010,15039.534925874323,585.4160711952286,matthew_s068,matthew,high,0,B_N1_s2
single,active,0.0035589923053387026,0.01784409635315074,4110456,0.9870931547498284,0.9901717972261151,559515,3500,3816,491751,2571,2310,14629.081275433302,1308.8175896240136,ian_s005,ian,low,0,B_N1_s2
single,land,0.000989711556282655,0.006769818659950698,3684744,0.9607745714621932,0.9660004712197421,146962,2972,3028,94300,1899,1420,3646.8337187431753,168.8734560837121,ian_s005,ian,low,0,B_N1_s2
single,active,0.0035693888111706156,0.01786812522596052,4110456,0.9871883607599407,0.9902552998640415,559104,3508,3748,491637,2541,2297,14671.815655209124,1312.3448723363788,ian_s006,ian,low,6,B_N1_s2
single,land,0.0009913970664645441,0.0067931130163735665,3684744,0.9611391998321235,0.9662470632893212,146567,2971,2955,94183,1872,1418,3653.04439227283,170.0376132357103,ian_s006,ian,low,6,B_N1_s2
single,active,0.0038271257503641044,0.018005499977480695,4110456,0.9836693751955256,0.9896888560177189,594275,4853,5013,503140,2832,2410,15731.232003338635,1332.6017352959498,ian_s024,ian,mid,6,B_N1_s2
single,land,0.001295953390288198,0.007458548121841808,3684744,0.9551019549915629,0.9660577996595714,181690,4296,4245,105565,2149,1560,4775.256479144096,204.98208795162142,ian_s024,ian,mid,6,B_N1_s2
single,active,0.0036714281394778802,0.016551588781862782,4110456,0.9858244834796168,0.9902492890717378,584171,4201,4199,506666,2684,2305,15091.24382448569,1126.0803483695597,ian_s037,ian,low,-6,B_N1_s2
single,land,0.0011341773507867123,0.006766371505689855,3684744,0.9592643258853929,0.9676114832014104,170397,3755,3481,106475,2030,1534,4179.153188247234,168.70152100730934,ian_s037,ian,low,-6,B_N1_s2
single,active,0.003753537107464837,0.01762109558827811,4110456,0.9859020142138321,0.9901459485882326,587220,4091,4306,510444,2739,2341,15428.749124601483,1276.3089593678105,ian_s041,ian,mid,0,B_N1_s2
single,land,0.0011871681762830129,0.007282444115336665,3684744,0.95946327918461,0.9673643417695819,173115,3634,3680,109584,2094,1603,4374.410814549774,195.41668489768395,ian_s041,ian,mid,0,B_N1_s2
single,active,0.003841841172802624,0.016766172802374524,4110456,0.9839003901558676,0.9898213195897724,606244,4853,5067,514132,2911,2376,15791.719099793583,1155.467885979632,ian_s046,ian,mid,-6,B_N1_s2
single,land,0.001313407320423884,0.007147452858435833,3684744,0.9564979697727238,0.9672313505710525,192456,4402,4351,113906,2254,1605,4839.569743487984,188.23913547264294,ian_s046,ian,mid,-6,B_N1_s2
single,active,0.003920852085360506,0.01779261744552723,4110456,0.9838184782538649,0.989727805950999,610664,4864,5180,518364,2948,2432,16116.489979382604,1301.2767973828531,ian_s049,ian,high,-6,B_N1_s2
single,land,0.001374020744807207,0.007663086564835888,3684744,0.9564176431658037,0.9670535934798715,196540,4403,4553,117468,2293,1709,5062.914695303887,216.3788375938209,ian_s049,ian,high,-6,B_N1_s2
single,active,0.0038370467171737715,0.017859294784229297,4110456,0.9875700904562029,0.9904061522937323,584204,3559,3794,518232,2624,2396,15772.011700887233,1311.0480690919455,ian_s059,ian,mid,0,B_N1_s2
single,land,0.001141647014605648,0.007366415225643538,3684744,0.9639449112446273,0.9689087737923713,169101,3167,3158,114993,2000,1690,4206.676987186074,199.94921842148617,ian_s059,ian,mid,0,B_N1_s2
single,active,0.003983231918506127,0.019003032414367536,4110456,0.9872109094259651,0.9900224877339633,589281,3542,4092,523017,2708,2563,16372.899538815022,1484.3483088194478,ian_s063,ian,high,6,B_N1_s2
single,land,0.001242716968481913,0.008251004096126105,3684744,0.9631167738113037,0.9679959008726912,173936,3170,3491,119018,2099,1836,4579.093893311918,250.8539395283976,ian_s063,ian,high,6,B_N1_s2
single,active,0.0039433692304035916,0.017907705228852797,4110456,0.986175251920928,0.9902052450676074,598350,3971,4417,523169,2715,2460,16209.045713327825,1318.1653087493032,ian_s068,ian,high,0,B_N1_s2
single,land,0.0012745107803932717,0.0076094757135581285,3684744,0.9613384889010141,0.968964931989558,183234,3580,3789,119891,2070,1770,4696.245950989425,213.36186108594356,ian_s068,ian,high,0,B_N1_s2
single,active,0.003881528005676002,0.014986031280107143,4110456,0.9818714061357118,0.9890387599281029,629573,6476,5148,515036,2915,2793,15954.850080098957,923.1308677984064,milton_s005,milton,low,0,B_N1_s2
single,land,0.0014967402927726396,0.007441479566460449,3684744,0.9524536777091521,0.9627238650562265,212040,6106,4479,110952,2415,1881,5515.104813352227,204.044976680465,milton_s005,milton,low,0,B_N1_s2
single,active,0.003870330154099112,0.014969912100457335,4110456,0.9821510748800211,0.9893502724415957,627459,6346,5057,514754,2818,2723,15908.82180389762,921.1460715045147,milton_s006,milton,low,6,B_N1_s2
single,land,0.0014869542236882747,0.007414996668187567,3684744,0.9529295350146159,0.9640415581701168,209938,5985,4385,110698,2321,1808,5479.045654010028,202.59524160937175,milton_s006,milton,low,6,B_N1_s2
single,active,0.005073194424371179,0.016555219272488545,4110456,0.9778823718261089,0.9878134322276957,852865,8579,10711,618226,4092,3535,20853.14246082306,1126.5744003383568,milton_s024,milton,mid,6,B_N1_s2
single,land,0.002792039947197789,0.009846652105903434,3684744,0.9597266012567522,0.9715750190680275,435284,8238,10028,214003,3599,2662,10287.95244319737,357.2600942261722,milton_s024,milton,mid,6,B_N1_s2
single,active,0.004706579211760294,0.016266034289544776,4110456,0.9782461846384789,0.9884227799422146,782010,8407,8983,589098,3528,3372,19346.18676045537,1087.5603621459447,milton_s037,milton,low,-6,B_N1_s2
single,land,0.0023155268238821552,0.008905547513366738,3684744,0.9565508091773451,0.9701665752782909,363386,8131,8375,182239,3079,2525,8532.123571138829,292.23253840300043,milton_s037,milton,low,-6,B_N1_s2
single,active,0.004727936408495469,0.016233562887280523,4110456,0.9786495074993841,0.988128975270929,778547,7885,9100,590662,3463,3633,19433.97457791865,1083.2225671280391,milton_s041,milton,mid,0,B_N1_s2
single,land,0.002354348254296893,0.009159282327147479,3684744,0.9570267564228196,0.9690688860028095,359398,7608,8530,182810,3038,2797,8675.17060393095,309.1222119099362,milton_s041,milton,mid,0,B_N1_s2
single,active,0.005241504802683811,0.017271813545709887,4110456,0.9782603131930311,0.9882756626446406,879142,8689,10848,639107,4052,3530,21544.974865220487,1226.2129142661047,milton_s046,milton,mid,-6,B_N1_s2
single,land,0.0028516265322863906,0.009839120093957094,3684744,0.9610450324850828,0.9736444835828406,460478,8409,10256,232185,3596,2689,10507.513755083084,356.71374444213717,milton_s046,milton,mid,-6,B_N1_s2
single,active,0.0052623207344666915,0.01725723172141518,4110456,0.9783105654389781,0.9879780013216379,884156,8614,10988,644380,4069,3772,21630.53783691302,1224.1433141752905,milton_s049,milton,high,-6,B_N1_s2
single,land,0.0028951626042217258,0.010033165336207418,3684744,0.9612000711128752,0.9730399318487668,464969,8337,10432,236438,3605,2946,10667.933034930378,370.92256846753315,milton_s049,milton,high,-6,B_N1_s2
single,active,0.004102486488590101,0.015524057913485045,4110456,0.9830560810142368,0.9897991251232666,655838,5802,5502,548030,2834,2814,16863.090201944113,990.6049919026768,milton_s059,milton,mid,0,B_N1_s2
single,land,0.001656475091909115,0.008027891685668686,3684744,0.9569500894163551,0.968207684378486,235448,5551,5041,137135,2443,2060,6103.68665606156,237.47086207501405,milton_s059,milton,mid,0,B_N1_s2
single,active,0.004213627110844763,0.016002655341059283,4110456,0.9832823758694058,0.9900624203662305,659928,5720,5500,554032,2825,2736,17319.92883953452,1052.626034185005,milton_s063,milton,high,6,B_N1_s2
single,land,0.0017234144886663564,0.00851200532123298,3684744,0.957531926140391,0.9693181663188619,239112,5506,5099,142135,2464,2035,6350.341196626425,266.9753061752995,milton_s063,milton,high,6,B_N1_s2
single,active,0.0049273472883336646,0.016828973119108075,4110456,0.9788195519449158,0.9887313276924684,790387,7532,9571,605768,3393,3511,20253.644225414842,1164.1400676987785,milton_s068,milton,high,0,B_N1_s2
single,land,0.0024501710217810333,0.009488425092736744,3684744,0.9575632720562545,0.9715073300334475,369990,7300,9097,194897,3010,2706,9028.252971481532,331.7382788447056,milton_s068,milton,high,0,B_N1_s2
single,active,0.004904612326535043,0.01887135726447744,4110456,0.9715410598350588,0.9827424714833776,620123,8258,9907,459552,4077,3993,20160.193165279925,1463.848988189573,beryl_s005,beryl,low,0,B_N1_s2
single,land,0.0022120604019023986,0.009452222422006325,3684744,0.9356763125137902,0.9436043577016909,224756,6987,8464,89733,2844,2519,8150.8762935474515,329.2116424208355,beryl_s005,beryl,low,0,B_N1_s2
single,active,0.004761787221761065,0.018402209548293903,4110456,0.9722058511139541,0.9828207906935494,608701,8094,9308,454361,4034,3908,19573.1168564111,1391.9702302660166,beryl_s006,beryl,low,6,B_N1_s2
single,land,0.002050897196173992,0.009135240769449604,3684744,0.9352445799814221,0.9413813439562029,213449,6891,7888,84601,2827,2441,7557.031138218939,307.5015552580529,beryl_s006,beryl,low,6,B_N1_s2
single,active,0.005858731425983815,0.019958589727901696,4110456,0.965868736110768,0.9815840142979538,742783,9561,16687,532740,4489,5506,24082.057742323726,1637.3808445973405,beryl_s024,beryl,mid,6,B_N1_s2
single,land,0.0031919661645392976,0.01156488752207039,3684744,0.9361912991817666,0.9568158721905797,346681,8408,15221,161943,3313,3996,11761.57817298919,492.8220680865537,beryl_s024,beryl,mid,6,B_N1_s2
single,active,0.005671751232524495,0.01935908698672944,4110456,0.9703555679895555,0.982635237678408,728378,9317,12935,518628,4610,4555,23313.483884237707,1540.4930602821273,beryl_s037,beryl,low,-6,B_N1_s2
single,land,0.0029424480147820504,0.010794045827486316,3684744,0.9432983654689245,0.9560902673485455,330278,8317,11536,144514,3535,3102,10842.167667780071,429.314775400965,beryl_s037,beryl,low,-6,B_N1_s2
single,active,0.00559895897843527,0.01990439441967183,4110456,0.9697204472082165,0.9825839090003959,712185,9028,13210,511205,4478,4583,23014.274526663125,1628.5006700712272,beryl_s041,beryl,mid,0,B_N1_s2
single,land,0.0029347332829794677,0.010873071612064333,3684744,0.9407497085731923,0.9545911037339768,313931,7944,11828,136875,3325,3186,10813.740856058896,435.62401868208923,beryl_s041,beryl,mid,0,B_N1_s2
single,active,0.0061561315644989515,0.02008823120244642,4110456,0.9667509673379739,0.9821209532475803,790520,10674,16514,564475,4722,5554,25304.5079260841,1658.7212178714678,beryl_s046,beryl,mid,-6,B_N1_s2
single,land,0.0034419614456012576,0.01183730621766173,3684744,0.9405019280005182,0.960635582921494,391957,9687,15109,189714,3655,4119,12682.74678491056,516.3130299526703,beryl_s046,beryl,mid,-6,B_N1_s2
single,active,0.006117656086753798,0.020433591507206375,4110456,0.9667057195109884,0.9821764384856838,791296,10680,16573,565107,4688,5567,25146.35616773367,1716.2455247784965,beryl_s049,beryl,high,-6,B_N1_s2
single,land,0.0034481917881055433,0.011831858592860706,3684744,0.9404294653355333,0.9609068874974752,392713,9704,15172,190298,3606,4136,12705.704002071172,515.8379163742427,beryl_s049,beryl,high,-6,B_N1_s2
single,active,0.0049509624063912945,0.018709852052295896,4110456,0.9734133686340743,0.984498880951651,639737,7984,9489,481671,4024,3560,20350.713129125535,1438.900324000373,beryl_s059,beryl,mid,0,B_N1_s2
single,land,0.002250351980528294,0.009515692113329012,3684744,0.94033883681713,0.9521392379593554,239777,6980,8233,104105,2947,2286,8291.970958139747,333.6476603285738,beryl_s059,beryl,mid,0,B_N1_s2
single,active,0.004818721667747693,0.018497138040724444,4110456,0.9741584242639837,0.9844270908454041,629847,7722,8986,477772,3980,3578,19807.14339152351,1406.3683332339572,beryl_s063,beryl,high,6,B_N1_s2
single,land,0.0021295560353499308,0.00932258370123283,3684744,0.9404256015982576,0.9507541514012466,229714,6766,7786,99910,2907,2268,7846.868823919445,320.24318979790513,beryl_s063,beryl,high,6,B_N1_s2
single,active,0.005631492403156468,0.019709820001817566,4110456,0.9704806627827676,0.9833335215700447,721466,8937,13008,522392,4381,4473,23148.001737508923,1596.8176340256903,beryl_s068,beryl,high,0,B_N1_s2
single,land,0.002956113749162247,0.010915065426644097,3684744,0.9422089618794482,0.9573347292256111,321167,7955,11744,144480,3311,3128,10892.522400543094,438.9954377970533,beryl_s068,beryl,high,0,B_N1_s2
single,active,0.006229951455975125,0.020956360376060915,4110456,0.9750313946634293,0.9865243583705536,1027218,8944,17361,762461,4908,5507,25607.941341921687,1805.185016350927,irma_s005,irma,low,0,B_N2_s0
single,land,0.003940200588329176,0.012234927396867398,3684744,0.9602212482655986,0.9752124123653902,610380,8671,16615,357075,4439,4637,14518.6304766424,551.5820358555894,irma_s005,irma,low,0,B_N2_s0
single,active,0.0063075152974188175,0.021375025059426147,4110456,0.9749975721597394,0.9864592396815324,1014016,9255,16748,753936,4741,5608,25926.764099366963,1878.033214369912,irma_s006,irma,low,6,B_N2_s0
single,land,0.003964839572653331,0.012406208917615125,3684744,0.9598014417807889,0.9747919602711227,597271,8987,16028,348609,4278,4737,14609.418826296926,567.1337606331404,irma_s006,irma,low,6,B_N2_s0
single,active,0.007369482734708728,0.023012992793440552,4110456,0.9699043854715452,0.9851578829456865,1127799,12414,22581,826711,6068,6387,30291.9345237799,2176.888607961805,irma_s024,irma,mid,6,B_N2_s0
single,land,0.005074926894917025,0.01427551965062118,3684744,0.9543039262805453,0.9741841974874162,710840,12157,21881,420756,5617,5533,18699.806426484138,750.9156795149837,irma_s024,irma,mid,6,B_N2_s0
single,active,0.007271395070779497,0.022379903866252878,4110456,0.9728477410639957,0.9857691983274892,1114866,11003,20113,818080,5898,5912,29888.749497056007,2058.7633911320418,irma_s037,irma,low,-6,B_N2_s0
single,land,0.004706977605647912,0.013779014010381115,3684744,0.9584604355944121,0.9747100986175488,696587,10778,19412,410274,5541,5104,17344.00749054551,699.5900173830212,irma_s037,irma,low,-6,B_N2_s0
single,active,0.007007072729593693,0.022005803399562502,4110456,0.9733867019796645,0.9855357168666863,1105522,9798,20428,818243,5429,6580,28802.264143794775,1990.5104456541746,irma_s041,irma,mid,0,B_N2_s0
single,land,0.004614611463047635,0.013445053925570029,3684744,0.9590235335833084,0.97428707450607,686985,9584,19769,409298,5055,5747,17003.661900795996,666.0892386159603,irma_s041,irma,mid,0,B_N2_s0
single,active,0.007824736749398506,0.022902927481877555,4110456,0.9705834972777027,0.9844450011024136,1162826,11944,23299,852806,6664,6811,32163.23611998558,2156.115390660766,irma_s046,irma,mid,-6,B_N2_s0
single,land,0.005259288549617452,0.014745421992775716,3684744,0.9559570987186632,0.9730961523734506,744421,11707,22590,444739,6297,5999,19379.131927471608,801.1645645781946,irma_s046,irma,mid,-6,B_N2_s0
single,active,0.007810585165312348,0.02386203181225972,4110456,0.9707652344404432,0.9845346463202416,1170473,11278,23971,862220,6441,7103,32105.066656269133,2340.47951551257,irma_s049,irma,high,-6,B_N2_s0
single,land,0.005319774364640314,0.014675430129827041,3684744,0.956310296751608,0.9734482276971345,751767,11059,23286,452999,6076,6280,19602.006671462208,793.5768651188083,irma_s049,irma,high,-6,B_N2_s0
single,active,0.006883521004845519,0.022523178531078134,4110456,0.9754451956430481,0.986036310557418,1059591,8335,18338,794411,4877,6373,28294.41021549329,2085.207903265427,irma_s059,irma,mid,0,B_N2_s0
single,land,0.004296677119934277,0.01344317785702634,3684744,0.9611341335011573,0.9742337123340971,639901,8156,17720,383095,4570,5562,15832.155237615108,665.9033647785363,irma_s059,irma,mid,0,B_N2_s0
single,active,0.0070001769350686955,0.023336077336266994,4110456,0.9747207661103598,0.9853180087626716,1052445,8492,18803,796335,4342,7524,28773.91928381473,2238.4413224382847,irma_s063,irma,high,6,B_N2_s0
single,land,0.004434505140513342,0.013814375693213804,3684744,0.9597281024970458,0.9726798928265725,632671,8306,18242,384086,4029,6759,16340.016209475696,703.1854015323468,irma_s063,irma,high,6,B_N2_s0
single,active,0.007367842685927697,0.02293878938276836,4110456,0.9734266329828514,0.9857018850081511,1120123,9667,20911,838026,5570,6586,30285.193175427616,2162.872861560803,irma_s068,irma,high,0,B_N2_s0
single,land,0.004818874426894822,0.014175134415980752,3684744,0.9591816330359919,0.9747721886120589,700334,9493,20310,426495,5236,5802,17756.318631254137,740.3919563799425,irma_s068,irma,high,0,B_N2_s0
single,active,0.00523107134600472,0.01766439971159675,4110456,0.975051839750092,0.9866613927192035,868974,8694,13540,646057,4445,4289,21502.088600613177,1282.589766716884,matthew_s005,matthew,low,0,B_N2_s0
single,land,0.0031320026999449913,0.01087183109325302,3684744,0.9553652690817328,0.9707555972016995,452418,8370,12767,242420,3870,3433,11540.628156606108,435.52462285692434,matthew_s005,matthew,low,0,B_N2_s0
single,active,0.005213235127613334,0.017965233041562632,4110456,0.9752158240069695,0.987094913330294,852993,9038,12640,636540,4203,4119,21428.773609708995,1326.6480225735534,matthew_s006,matthew,low,6,B_N2_s0
single,land,0.0030848873490166044,0.010910928910556866,3684744,0.9549810315178724,0.9712065146199318,436497,8729,11848,232805,3642,3260,11367.02014996484,438.6627659295255,matthew_s006,matthew,low,6,B_N2_s0
single,active,0.0067065494103533815,0.020211815083479176,4110456,0.9664256122804161,0.9850915548453473,991198,13522,20913,720031,6192,4705,27566.976263083518,1679.1930814274383,matthew_s024,matthew,mid,6,B_N2_s0
single,land,0.0045496432557923195,0.013368963200377563,3684744,0.9450590140409313,0.9706235565819862,574267,13214,20171,315210,5623,3917,16764.270688921213,658.5712627711617,matthew_s024,matthew,mid,6,B_N2_s0
single,active,0.0063458282318069855,0.019544700505773113,4110456,0.971780604530234,0.984422441882302,973661,11190,17084,718147,5655,5709,26084.247730400413,1570.174946271056,matthew_s037,matthew,low,-6,B_N2_s0
single,land,0.004055940870039197,0.01233303792312265,3684744,0.9528923334312417,0.9685764268532692,554752,10986,16439,310051,5198,4861,14945.10378523171,560.4636543835237,matthew_s037,matthew,low,-6,B_N2_s0
single,active,0.006126397810717006,0.018850764422660055,4110456,0.9720053332845905,0.9863615669901619,957191,10201,17367,710638,5194,4632,25182.288639448583,1460.6559626011624,matthew_s041,matthew,mid,0,B_N2_s0
single,land,0.003968281035278195,0.012228815983069739,3684744,0.952767384054702,0.9721889875209057,538547,9960,16738,302273,4746,3901,14622.099735055119,551.0311369328473,matthew_s041,matthew,mid,0,B_N2_s0
single,active,0.0070854303969281164,0.020735346717296245,4110456,0.9675287415209951,0.9847559033001786,1038675,13284,21575,757296,6469,5254,29124.34988763556,1767.309479628656,matthew_s046,matthew,mid,-6,B_N2_s0
single,land,0.004738361188941695,0.013482088394343903,3684744,0.9479622155378962,0.9709003251235915,619590,13057,20955,348794,6004,4450,17459.647960785776,669.7637847605329,matthew_s046,matthew,mid,-6,B_N2_s0
single,active,0.007017371789759641,0.020437348401146825,4110456,0.9674984766945901,0.9846530889729026,1040027,13117,21821,758945,6525,5304,28844.597977448255,1716.8766761987283,matthew_s049,matthew,high,-6,B_N2_s0
single,land,0.004774650284558123,0.013518155510800786,3684744,0.9480086250440637,0.9705534456346799,621231,12864,21206,350363,6066,4564,17593.363988123834,673.3520656310296,matthew_s049,matthew,high,-6,B_N2_s0
single,active,0.005583697671300615,0.018282849744259252,4110456,0.9765592484528408,0.9868068678484065,898664,7784,13787,680952,4456,4648,22951.54359518364,1373.971688252686,matthew_s059,matthew,mid,0,B_N2_s0
single,land,0.0032940290295348468,0.011265473448623192,3684744,0.9582606224584548,0.9713014268278194,478839,7619,13238,269778,4103,3868,12137.65370240435,467.63414791136415,matthew_s059,matthew,mid,0,B_N2_s0
single,active,0.0056412218670161725,0.01908720311607742,4110456,0.97629074510064,0.9871131186692645,883260,8130,13320,673299,4010,4780,23187.99427060783,1497.52676720816,matthew_s063,matthew,high,6,B_N2_s0
single,land,0.003312194426710412,0.011555866220225865,3684744,0.9572349416483716,0.9715283363667029,463922,7920,12806,262096,3659,4022,12204.58854065463,492.0535067683158,matthew_s063,matthew,high,6,B_N2_s0
single,active,0.006367971266114182,0.019417252052560514,4110456,0.9726329478668427,0.9868838701381322,970783,9759,17556,729095,5207,4483,26175.265698626637,1549.7638991234917,matthew_s068,matthew,high,0,B_N2_s0
single,land,0.004069831184833014,0.012510540170638691,3684744,0.953847858990922,0.9736132789142348,550788,9590,17060,317506,4838,3767,14996.28603932634,576.7126051203583,matthew_s068,matthew,high,0,B_N2_s0
single,active,0.003345919032090056,0.01738417479193115,4110456,0.9872946183885694,0.9902275408595094,559489,3358,3842,491848,2641,2213,13753.252960968763,1242.2189889844014,ian_s005,ian,low,0,B_N2_s0
single,land,0.0009949478548894255,0.006784421146700457,3684744,0.9614742998449551,0.9660109714660008,146970,2869,3020,94387,1988,1333,3666.128138616681,169.6027612772138,ian_s005,ian,low,0,B_N2_s0
single,active,0.003358298769105208,0.01744928580546593,4110456,0.9873107652747657,0.9902968151480853,559043,3376,3809,491720,2604,2214,13804.139325261116,1251.5416755208857,ian_s006,ian,low,6,B_N2_s0
single,land,0.0009948368290197411,0.0068073647749279775,3684744,0.9614854668328849,0.9664486632770215,146540,2888,2982,94279,1951,1322,3665.7190367095172,170.7518298392721,ian_s006,ian,low,6,B_N2_s0
single,active,0.003629643104555995,0.017664724287975563,4110456,0.983809563237425,0.9897530907903691,594098,4587,5190,503236,2896,2314,14919.488276980817,1282.6369013122778,ian_s024,ian,mid,6,B_N2_s0
single,land,0.0012997502659523703,0.007488458385650391,3684744,0.9554456227139962,0.9662573040591823,181549,4080,4386,105667,2232,1458,4789.246993966401,206.6294224271787,ian_s024,ian,mid,6,B_N2_s0
single,active,0.003460660151243657,0.015979149654443463,4110456,0.9857884234232713,0.9903567645322816,583916,3964,4454,506720,2683,2251,14224.891282640398,1049.535981271101,ian_s037,ian,low,-6,B_N2_s0
single,land,0.0011362587149284817,0.006760250233526665,3684744,0.9590509467989179,0.968284836698715,170174,3562,3704,106552,2033,1457,4186.822482280433,168.39642371361734,ian_s037,ian,low,-6,B_N2_s0
single,active,0.0035478145301121714,0.017196977758015795,4110456,0.9859751785855254,0.9900012025711747,587023,3847,4503,510407,2777,2378,14583.135522186756,1215.609996515894,ian_s041,ian,mid,0,B_N2_s0
single,land,0.0011913450230227338,0.00729835771281325,3684744,0.9596735264580062,0.9670784434836319,172961,3434,3834,109599,2143,1588,4389.80142551288,196.27166714342786,ian_s041,ian,mid,0,B_N2_s0
single,active,0.003634296349177753,0.01621684398677038,4110456,0.9838933868542497,0.9899902578774495,605915,4523,5396,514195,2886,2313,14938.61523425579,1080.9925003722142,ian_s046,ian,mid,-6,B_N2_s0
single,land,0.0013159052677436727,0.0071522898891099255,3684744,0.9563596545802951,0.9681435620440436,192147,4108,4660,113996,2236,1515,4848.774039886892,188.49400293006067,ian_s046,ian,mid,-6,B_N2_s0
single,active,0.003728481756753969,0.017435583991211565,4110456,0.9838987859210687,0.9896918829544716,610399,4544,5445,518363,2966,2433,15325.760207939893,1249.5769350736136,ian_s049,ian,high,-6,B_N2_s0
single,land,0.0013815868789412377,0.007696189900203299,3684744,0.9565117820180482,0.9672403717147773,196303,4135,4790,117511,2314,1666,5090.793962657452,218.25232091848892,ian_s049,ian,high,-6,B_N2_s0
single,active,0.0036206947053513657,0.017415920659843417,4110456,0.9876065760058983,0.9904833247976274,584033,3364,3965,518312,2664,2316,14882.706275779754,1246.760053204487,ian_s059,ian,mid,0,B_N2_s0
single,land,0.0011447223679890547,0.007363739018216039,3684744,0.9639859641114883,0.9692082234930475,168953,3006,3306,115077,2050,1606,4218.0088771134615,199.80396231914807,ian_s059,ian,mid,0,B_N2_s0
single,active,0.003782089969777907,0.01862755792776797,4110456,0.9871791219600476,0.9900526800975992,589110,3388,4263,523028,2703,2552,15546.114408813417,1426.2703335651088,ian_s063,ian,high,6,B_N2_s0
single,land,0.0012488794501960073,0.008269046691372281,3684744,0.9629483926018684,0.9679302662178205,173791,3051,3636,119038,2128,1816,4601.801060833037,251.9522312372944,ian_s063,ian,high,6,B_N2_s0
single,active,0.0037330649932898904,0.017481929249819134,4110456,0.9861614171605682,0.990245582691114,598171,3798,4596,523222,2747,2407,15344.599400058389,1256.228726454987,ian_s068,ian,high,0,B_N2_s0
single,land,0.0012784011195743543,0.007614245186729471,3684744,0.961220203717316,0.969081493330748,183074,3437,3949,119950,2116,1711,4710.580854944885,213.6294071361678,ian_s068,ian,high,0,B_N2_s0
single,active,0.0037007155460743735,0.014657132683372421,4110456,0.982059568412232,0.9887381504755174,629346,6122,5375,514832,2867,2997,15211.628420654684,883.0555864082694,milton_s005,milton,low,0,B_N2_s0
single,land,0.0015107865746077345,0.007504912211572858,3684744,0.9531706834354393,0.9621660562084469,211907,5799,4612,110855,2381,1978,5566.861766066402,207.5384425440161,milton_s005,milton,low,0,B_N2_s0
single,active,0.0036880034156799445,0.014611611217201581,4110456,0.9822055196711685,0.9890895880146933,627261,6109,5255,514561,2760,2916,15159.375768002123,877.5789951376534,milton_s006,milton,low,6,B_N2_s0
single,land,0.0015006872209894152,0.007491068490348686,3684744,0.9532776942333117,0.9636186228045721,209825,5786,4498,110608,2278,1898,5529.648233417422,206.77348903992032,milton_s006,milton,low,6,B_N2_s0
single,active,0.004923986690606224,0.01635786892966509,4110456,0.9776499730501497,0.9877794417797326,852501,8414,11075,618021,3906,3740,20239.8306363225,1099.8753064550406,milton_s024,milton,mid,6,B_N2_s0
single,land,0.002808531367618019,0.009933699642055519,3684744,0.9593324334815442,0.9717810086324398,434969,8096,10343,213889,3435,2776,10348.719105642289,363.60460024456887,milton_s024,milton,mid,6,B_N2_s0
single,active,0.004524225212676343,0.015939730403393,4110456,0.9780170693346313,0.9883448514283221,781642,8218,9351,588929,3404,3541,18596.628670796752,1044.3641301204498,milton_s037,milton,low,-6,B_N2_s0
single,land,0.0023304159846758788,0.008971313085810647,3684744,0.9560848177135454,0.9702367002577924,363056,7971,8705,182160,2984,2604,8586.986317038536,296.56462549083176,milton_s037,milton,low,-6,B_N2_s0
single,active,0.004556093130482502,0.01599377312504063,4110456,0.9784071450662684,0.9878956702134779,778227,7755,9420,590485,3425,3810,18727.620344750583,1051.4578459214893,milton_s041,milton,mid,0,B_N2_s0
single,land,0.0023706420313399333,0.009231080993536644,3684744,0.9565630818157846,0.9686202783300198,359133,7513,8795,182706,3018,2901,8735.20900112763,313.98756100831025,milton_s041,milton,mid,0,B_N2_s0
single,active,0.005060256635707069,0.01693005774913467,4110456,0.9781974705637468,0.9881377138729978,878795,8392,11195,638917,3950,3720,20799.962249781936,1178.1670774949905,milton_s046,milton,mid,-6,B_N2_s0
single,land,0.002865051084098047,0.009911187385179739,3684744,0.9609743058571953,0.9735111282623468,460176,8130,10558,232087,3528,2787,10556.979791823775,361.9584290919196,milton_s046,milton,mid,-6,B_N2_s0
single,active,0.005106246041412295,0.0169843726387873,4110456,0.9782158009326439,0.9879518257063503,883772,8309,11372,644193,3897,3959,20988.999678399414,1185.7387780901504,milton_s049,milton,high,-6,B_N2_s0
single,land,0.0029138494682580374,0.010115412471955888,3684744,0.9610558844335232,0.9731206482667183,464634,8061,10767,236335,3479,3049,10736.789345066994,377.02878920390935,milton_s049,milton,high,-6,B_N2_s0
single,active,0.003925823543167968,0.015258127060137319,4110456,0.9832042545022617,0.9897329074498298,655577,5436,5763,547833,2672,3011,16136.924937956035,956.9570756466119,milton_s059,milton,mid,0,B_N2_s0
single,land,0.0016719447522632737,0.008073959603964153,3684744,0.957360476331951,0.9682663085730441,235234,5222,5255,137000,2295,2195,6160.688394233584,240.20412694568608,milton_s059,milton,mid,0,B_N2_s0
single,active,0.004048320972865812,0.015841584762896623,4110456,0.9833855051724651,0.9900627624412105,659714,5432,5714,553852,2643,2916,16640.445232842118,1031.542805906515,milton_s063,milton,high,6,B_N2_s0
single,land,0.0017366494716375992,0.008545166761975587,3684744,0.9578669702703569,0.9694700264201694,238938,5237,5273,142007,2309,2163,6399.108720719814,269.0595462500506,milton_s063,milton,high,6,B_N2_s0
single,active,0.004744358540242997,0.016553771482812025,4110456,0.9786279892570092,0.988573434336838,789972,7266,9986,605521,3241,3758,19501.477027893066,1126.3773662259496,milton_s068,milton,high,0,B_N2_s0
single,land,0.0024694090951783722,0.009560264872078285,3684744,0.9571851425996566,0.9711499613437414,369618,7064,9469,194701,2882,2902,9099.140347003937,336.7806803454309,milton_s068,milton,high,0,B_N2_s0
single,active,0.004671074849073607,0.018210867433361477,4110456,0.9717585624135614,0.9830029964517392,620428,8429,9602,459606,4008,3939,19200.247639823705,1363.1739227720236,beryl_s005,beryl,low,0,B_N2_s0
single,land,0.0022274340074306736,0.009468471416475634,3684744,0.936123146523406,0.9447570762903514,225132,7274,8088,89819,2819,2433,8207.52409427613,330.3444884051635,beryl_s005,beryl,low,0,B_N2_s0
single,active,0.0044952511436036294,0.017726344295348723,4110456,0.972188872994789,0.9831717871051493,608948,8359,9061,454422,3931,3847,18477.5320347324,1291.6009751540926,beryl_s006,beryl,low,6,B_N2_s0
single,land,0.0020523794918997106,0.009089130169810774,3684744,0.9351740853845278,0.9429780599175854,213749,7229,7588,84670,2748,2372,7562.493018500507,304.4051297477375,beryl_s006,beryl,low,6,B_N2_s0
single,active,0.0055638386079062225,0.019273836258270612,4110456,0.9660706932007581,0.9818394887934021,743659,10307,15811,532860,4470,5386,22869.91378889978,1526.955335723111,beryl_s024,beryl,mid,6,B_N2_s0
single,land,0.0031770139867899894,0.011472074322524584,3684744,0.9367271433845226,0.9576447928913676,347626,9205,14276,162090,3320,3849,11706.483225740492,484.94359115547934,beryl_s024,beryl,mid,6,B_N2_s0
single,active,0.005378085542299543,0.01859213937684962,4110456,0.9704285792270422,0.9829450489477095,728853,9750,12460,518706,4523,4477,22106.38398585841,1420.8516520065646,beryl_s037,beryl,low,-6,B_N2_s0
single,land,0.0029419450807164336,0.010756052079308345,3684744,0.9434142529574829,0.9568998034583391,330795,8822,11019,144600,3497,3016,10840.314484499395,426.2978212663224,beryl_s037,beryl,low,-6,B_N2_s0
single,active,0.0053576220792258085,0.01917959534975656,4110456,0.9700129969991222,0.982713780728547,712751,9390,12644,511248,4453,4540,22022.2698212862,1512.059510413726,beryl_s041,beryl,mid,0,B_N2_s0
single,land,0.002947240304537009,0.010882566976470684,3684744,0.9413655243407586,0.9551539491298527,314578,8413,11181,136992,3363,3069,10859.826028700918,436.38520468272606,beryl_s041,beryl,mid,0,B_N2_s0
single,active,0.005821627603656397,0.01925111916296434,4110456,0.9667454717615077,0.9823509556999245,791257,11441,15777,564618,4733,5411,23929.54411321506,1523.3579670481392,beryl_s046,beryl,mid,-6,B_N2_s0
single,land,0.0034275452721137007,0.011746368294294152,3684744,0.9405339515190413,0.9613427765768411,392735,10500,14331,189895,3698,3938,12629.626876149327,508.410542312623,beryl_s046,beryl,mid,-6,B_N2_s0
single,active,0.005788152945438894,0.01977088623336174,4110456,0.9667004345066641,0.9823386283847196,792037,11451,15832,565218,4706,5456,23791.948003496975,1606.7276883816685,beryl_s049,beryl,high,-6,B_N2_s0
single,land,0.0034354574986142387,0.011748503939647695,3684744,0.9404088734232275,0.9614675935040612,393484,10533,14401,190460,3659,3974,12658.781405273825,508.59543066112184,beryl_s049,beryl,high,-6,B_N2_s0
single,active,0.004713219975441621,0.01802286719592836,4110456,0.9735491181771859,0.9846560749229942,640055,8219,9171,481742,4018,3489,19373.483327373862,1335.1736990904444,beryl_s059,beryl,mid,0,B_N2_s0
single,land,0.0022638266769905427,0.00953415302322783,3684744,0.940642417073677,0.9523570162130546,240162,7307,7848,104205,3027,2186,8341.62176508084,334.9435017932345,beryl_s059,beryl,mid,0,B_N2_s0
single,active,0.004548054117982796,0.017822383891199316,4110456,0.9742362473505772,0.9847638949856665,630174,8006,8659,477836,3879,3514,18694.57633758709,1305.6344233329144,beryl_s063,beryl,high,6,B_N2_s0
single,land,0.002133725870745735,0.009288703426639743,3684744,0.9406004955069134,0.95145187539854,230069,7098,7431,99970,2893,2208,7862.233599875122,317.91975413472875,beryl_s063,beryl,high,6,B_N2_s0
single,active,0.005381610777267853,0.018965251558789257,4110456,0.9708534740663551,0.9836938103880651,722048,9251,12426,522487,4283,4378,22120.87430908531,1478.4519655179406,beryl_s068,beryl,high,0,B_N2_s0
single,land,0.002966355412372287,0.010924759099218126,3684744,0.9429678183080804,0.9580299587255948,321817,8370,11094,144606,3333,3002,10930.26030760631,439.77552797786063,beryl_s068,beryl,high,0,B_N2_s0
single,active,0.006362951537742234,0.021285223135321742,4110456,0.9748125654808648,0.9865612084936582,1025341,7255,19238,761497,3902,6471,26154.63232602179,1862.2861710030993,irma_s005,irma,low,0,B_N2_s1
single,land,0.0038793386134766093,0.01210068617171042,3684744,0.9597878907845738,0.9752493818506419,608518,7018,18477,356164,3491,5548,14294.369679976255,539.544557258543,irma_s005,irma,low,0,B_N2_s1
single,active,0.006465442020552178,0.02176786057240797,4110456,0.9751042139107877,0.9865088441148615,1012635,7725,18129,753090,3845,6454,26575.914946030825,1947.6974594559297,irma_s006,irma,low,6,B_N2_s1
single,land,0.003928177010465798,0.012328023475361747,3684744,0.9599454878467216,0.9747607102316521,595914,7480,17385,347780,3439,5566,14474.326670251787,560.0079930297451,irma_s006,irma,low,6,B_N2_s1
single,active,0.0074798323373478845,0.023308259658434173,4110456,0.9704226940730875,0.985406276100704,1127079,11051,23301,825869,5002,7229,30745.521710045636,2233.1078531190556,irma_s024,irma,mid,6,B_N2_s1
single,land,0.005001095577300261,0.014093011595819174,3684744,0.955098824010415,0.974605871144871,710158,10823,22563,419945,4598,6344,18427.756921883672,731.8379710481933,irma_s024,irma,mid,6,B_N2_s1
single,active,0.0073624224950223525,0.022683994821575414,4110456,0.97298098023913,0.9862003299370176,1113315,9252,21664,817208,4651,6784,30262.913719199598,2115.091123589425,irma_s037,irma,low,-6,B_N2_s1
single,land,0.0046045833274488066,0.013580394528473073,3684744,0.9586559601014015,0.9755354887898787,695062,9039,20937,409442,4332,5936,16966.710788317025,679.5667074564159,irma_s037,irma,low,-6,B_N2_s1
single,active,0.007122820897873399,0.022428833925094437,4110456,0.9733946628829533,0.985600812404118,1103813,8033,22137,817205,4321,7618,29278.0418965891,2067.775541975815,irma_s041,irma,mid,0,B_N2_s1
single,land,0.004536788566463463,0.013296072238361984,3684744,0.9590652931734439,0.9744270182036866,685326,7823,21428,408320,3991,6725,16716.904449544847,651.4094466286591,irma_s041,irma,mid,0,B_N2_s1
single,active,0.007901526208854865,0.02318204371554371,4110456,0.9710581069818492,0.9849086402168031,1161637,10134,24488,851879,5315,7738,32478.875814344734,2208.9884475695285,irma_s046,irma,mid,-6,B_N2_s1
single,land,0.005134075463532246,0.014489532185348087,3684744,0.9566433440421763,0.9739214769857308,743243,9917,23768,443854,5001,6884,18917.753759797662,773.5992644566322,irma_s046,irma,mid,-6,B_N2_s1
single,active,0.007870532430195741,0.02392738536588021,4110456,0.9709342066249345,0.9846252541492946,1169031,9583,25413,861041,5163,8282,32351.47725089267,2353.317325553885,irma_s049,irma,high,-6,B_N2_s1
single,land,0.005200672361370291,0.014437234698500893,3684744,0.9565645285481905,0.9736586374889841,750356,9375,24697,451874,4820,7405,19163.14627952501,768.0249940115098,irma_s049,irma,high,-6,B_N2_s1
single,active,0.00703607910463634,0.022994383886117097,4110456,0.9749090590551363,0.9859585678957113,1057284,6566,20645,793391,3906,7393,28921.493572127074,2173.369453352497,irma_s059,irma,mid,0,B_N2_s1
single,land,0.004247538349623599,0.013368256101744233,3684744,0.9602261945996415,0.9740400767785632,637619,6409,20002,382113,3640,6544,15651.091448545456,658.5015995492862,irma_s059,irma,mid,0,B_N2_s1
single,active,0.007258551664873882,0.024162933627582938,4110456,0.9740542525597523,0.9851766795613576,1050349,7079,20899,795342,3450,8517,29835.957242190838,2399.878890124761,irma_s063,irma,high,6,B_N2_s1
single,land,0.004450222367913099,0.013946108558400335,3684744,0.9586303977039521,0.9723573645594613,630612,6913,20301,383137,3184,7708,16397.930168833584,716.6603929054577,irma_s063,irma,high,6,B_N2_s1
single,active,0.007489069711190016,0.023440946794419444,4110456,0.9732912269462308,0.985815978724557,1118152,7802,22882,837011,4442,7601,30783.49152877927,2258.6050869651795,irma_s068,irma,high,0,B_N2_s1
single,land,0.004733169548069571,0.01403843298212663,3684744,0.9589558540634281,0.9749848208864602,698397,7645,22247,425537,4158,6760,17440.518093232065,726.180506321888,irma_s068,irma,high,0,B_N2_s1
single,active,0.005397189818693189,0.018271373523155447,4110456,0.9754331296398717,0.9867910331348242,867718,7058,14796,645237,3528,5109,22184.91127338633,1372.2473340863894,matthew_s005,matthew,low,0,B_N2_s1
single,land,0.0030699367006218896,0.010720049378251653,3684744,0.9559596909868334,0.9710685354249711,451169,6769,14016,241664,3011,4189,11311.930837996304,423.4487858254661,matthew_s005,matthew,low,0,B_N2_s1
single,active,0.00537274429701976,0.01859807071037009,4110456,0.9757472918648892,0.9873660476506222,852205,7754,13428,635843,3320,4816,22084.429032150656,1421.7583673827467,matthew_s006,matthew,low,6,B_N2_s1
single,land,0.0030283252865410458,0.010778224756137085,3684744,0.9559097440847713,0.9717554088726859,435718,7470,12627,232165,2848,3900,11158.603429630399,428.05718542067945,matthew_s006,matthew,low,6,B_N2_s1
single,active,0.006737922814148786,0.020633036445299676,4110456,0.9679430689538607,0.9856136499728003,990742,11443,21369,719290,5053,5446,27695.935258954763,1749.9123423570825,matthew_s024,matthew,mid,6,B_N2_s1
single,land,0.004418120705367701,0.013055255112313199,3684744,0.9475055605367838,0.9716709505214769,573816,11169,20622,314526,4569,4601,16279.643760379404,628.0266105257037,matthew_s024,matthew,mid,6,B_N2_s1
single,active,0.0064993559906801985,0.020173039464719614,4110456,0.9725174166371638,0.9847099167268404,972426,9161,18319,717308,4590,6548,26715.316828027368,1672.7563222111926,matthew_s037,matthew,low,-6,B_N2_s1
single,land,0.003957540089496635,0.012135422862896915,3684744,0.954080383890128,0.9691577773042356,553525,8975,17666,309266,4196,5646,14582.522099532187,542.6466777730247,matthew_s037,matthew,low,-6,B_N2_s1
single,active,0.006259688088154433,0.01937449925324972,4110456,0.9727016743312292,0.9866578441811908,955836,8103,18722,709776,4104,5494,25730.17246008292,1542.9468888781741,matthew_s041,matthew,mid,0,B_N2_s1
single,land,0.003867937672213915,0.012008036712081492,3684744,0.9538728155374284,0.9728477291356065,537204,7897,18081,301468,3708,4706,14252.36013006419,531.3140914319043,matthew_s041,matthew,mid,0,B_N2_s1
single,active,0.007175760567101838,0.021245851403300684,4110456,0.9690101628065929,0.9851119210101081,1037775,10714,22475,756563,5447,5987,29495.648077607155,1855.4031217162033,matthew_s046,matthew,mid,-6,B_N2_s1
single,land,0.0045890265880932125,0.013197472791648124,3684744,0.9502738585642623,0.9716394998325332,618691,10521,21854,348119,5036,5125,16909.388186316937,641.7839782362379,matthew_s046,matthew,mid,-6,B_N2_s1
single,active,0.0070584137635818795,0.020759407490130624,4110456,0.9687831294632993,0.9851934723938497,1039017,10649,22831,758198,5344,6051,29013.29920499772,1771.4133418604074,matthew_s049,matthew,high,-6,B_N2_s1
single,land,0.004608373189134386,0.013164820726367816,3684744,0.9500158531523266,0.9716513465749314,620234,10430,22203,349674,4949,5253,16980.675458423793,638.6122120298144,matthew_s049,matthew,high,-6,B_N2_s1
single,active,0.005800634987749558,0.01898953914463789,4110456,0.976691174389466,0.9869535502275982,897210,6171,15241,680162,3553,5438,23843.254889205098,1482.2411081489684,matthew_s059,matthew,mid,0,B_N2_s1
single,land,0.0032466473635755885,0.01118458274072763,3684744,0.9584266865820263,0.9716390689611586,477400,6031,14677,269042,3249,4604,11963.064393050969,460.9426493530946,matthew_s059,matthew,mid,0,B_N2_s1
single,active,0.005812261383408676,0.019552598807678845,4110456,0.9763362791701483,0.9870422444259196,882154,6955,14426,672539,3289,5540,23891.044677000493,1571.4442644297026,matthew_s063,matthew,high,6,B_N2_s1
single,land,0.003268132933212097,0.01143620172906888,3684744,0.957251911554538,0.9712930928765994,462838,6779,13890,261374,2981,4744,12042.233216855675,481.9155449078684,matthew_s063,matthew,high,6,B_N2_s1
single,active,0.00653271457898345,0.020021648287425624,4110456,0.9731646657556556,0.9873011225384741,969236,7624,19103,728335,4125,5243,26852.435837469995,1647.7436996759513,matthew_s068,matthew,high,0,B_N2_s1
single,land,0.003980765703459153,0.012338291415323563,3684744,0.9547504784285642,0.974630625974769,549288,7473,18560,316830,3804,4443,14668.102541226894,560.94123639784,matthew_s068,matthew,high,0,B_N2_s1
single,active,0.003436879042597641,0.017451527655788935,4110456,0.9874472331631842,0.9903608437485518,559063,2839,4268,491525,2248,2536,14127.14008191973,1251.8632874631378,ian_s005,ian,low,0,B_N2_s1
single,land,0.0009573014539174825,0.0066316412146339735,3684744,0.9621403497260589,0.966929166196084,146635,2415,3355,94176,1677,1544,3527.41078851372,162.05012272235268,ian_s005,ian,low,0,B_N2_s1
single,active,0.0034443854215841724,0.017487723060256904,4110456,0.9875180970798958,0.9903601005306681,558638,2847,4214,491384,2233,2550,14157.99472246319,1257.0615358192827,ian_s006,ian,low,6,B_N2_s1
single,land,0.000956025253956279,0.006647099717731737,3684744,0.9623672190704348,0.9670165842423993,146224,2420,3298,94053,1660,1548,3522.708318363875,162.80648812550217,ian_s006,ian,low,6,B_N2_s1
single,active,0.003707129366573828,0.017674244970829926,4110456,0.9839623173315737,0.9899526372358729,593469,3854,5819,502890,2444,2660,15237.992147609591,1284.0198688318992,ian_s024,ian,mid,6,B_N2_s1
single,land,0.001259789883958621,0.0073400535606337105,3684744,0.9559632833708316,0.9672737281526675,181004,3407,4931,105428,1870,1697,4642.003216177225,198.5206910610145,ian_s024,ian,mid,6,B_N2_s1
single,active,0.003563984651883141,0.01650394175547854,4110456,0.9860258392692675,0.9902395428562488,583466,3365,4904,506358,2378,2613,14649.602096240968,1119.6063894770386,ian_s037,ian,low,-6,B_N2_s1
single,land,0.001102170000556601,0.00661268675971906,3684744,0.9599215278327434,0.9677445793226543,169789,3000,4089,106269,1802,1740,4061.214296530932,161.1251082089708,ian_s037,ian,low,-6,B_N2_s1
single,active,0.0036526612689027392,0.0173802435447666,4110456,0.9860975441628684,0.9900603058576456,586518,3261,5008,510086,2422,2699,15014.103428728878,1241.657223152646,ian_s041,ian,mid,0,B_N2_s1
single,land,0.0011587405713906795,0.007182801075049031,3684744,0.9601224433004035,0.9672985237012729,172510,2880,4285,109356,1866,1831,4269.662367988378,190.10563856691988,ian_s041,ian,mid,0,B_N2_s1
single,active,0.0037379265469430424,0.016728179374336478,4110456,0.9839628177971268,0.9900172063977741,605268,3822,6043,513812,2485,2696,15364.58260244131,1150.2370624749447,ian_s046,ian,mid,-6,B_N2_s1
single,land,0.0012831535584002462,0.007013563956348657,3684744,0.956629646645227,0.9681581278103284,191567,3445,5240,113685,1913,1826,4728.092375393957,181.25284981736863,ian_s046,ian,mid,-6,B_N2_s1
single,active,0.0038321651816742874,0.017590263156312853,4110456,0.9838207860780656,0.9898295693377661,609658,3840,6186,518057,2584,2739,15751.946364004165,1271.846435318473,ian_s049,ian,high,-6,B_N2_s1
single,land,0.0013500012409319768,0.0075807975849877625,3684744,0.9563387304939576,0.9676929551662389,195621,3459,5472,117266,2004,1911,4974.408972516656,211.75668117653166,ian_s049,ian,high,-6,B_N2_s1
single,active,0.003750208402218791,0.017742463191173886,4110456,0.9876439787031678,0.9906161374897451,583585,2888,4413,518012,2291,2616,15415.066628150642,1293.9509968906,ian_s059,ian,mid,0,B_N2_s1
single,land,0.001117734746994795,0.007289561240786875,3684744,0.9641288182130191,0.9695657312666734,168549,2561,3710,114847,1769,1836,4118.566402580589,195.79883260953744,ian_s059,ian,mid,0,B_N2_s1
single,active,0.003902746591519599,0.0186749017476658,4110456,0.9872782072419455,0.9900165727543918,588636,2848,4737,522704,2395,2876,16042.068143591285,1433.5295671128415,ian_s063,ian,high,6,B_N2_s1
single,land,0.0012206437489118496,0.008171647396867276,3684744,0.9632714523056749,0.9679219763386891,173359,2542,4068,118795,1878,2059,4497.759729940444,246.0518064333899,ian_s063,ian,high,6,B_N2_s1
single,active,0.003862603242042584,0.017802871957523097,4110456,0.9862193809860131,0.9903333333333333,597645,3229,5122,522896,2371,2733,15877.06067187339,1302.7771729027756,ian_s068,ian,high,0,B_N2_s1
single,land,0.0012542583640411766,0.007547002880692163,3684744,0.9614353789853356,0.9692781084254424,182591,2892,4432,119701,1834,1960,4621.620981350541,209.87289433649764,ian_s068,ian,high,0,B_N2_s1
single,active,0.003959337148693326,0.015406020919971885,4110456,0.9823967713346536,0.9887127281674329,628507,5048,6214,514360,2403,3469,16274.681138869375,975.5981547501202,milton_s005,milton,low,0,B_N2_s1
single,land,0.001506697433624086,0.0075563981866310324,3684744,0.9540038228476148,0.9620529882074239,211122,4782,5397,110461,1985,2372,5551.79432836175,210.39576346657293,milton_s005,milton,low,0,B_N2_s1
single,active,0.003948870772617777,0.015381122256487568,4110456,0.9826840234310044,0.9889907586238736,626408,4930,6108,514113,2359,3364,16231.659560531378,972.4472488700329,milton_s006,milton,low,6,B_N2_s1
single,land,0.0014952616002231218,0.007536034697609775,3684744,0.9545217915464144,0.9631648843223597,209025,4661,5298,110240,1950,2266,5509.656209852546,209.26331417513194,milton_s006,milton,low,6,B_N2_s1
single,active,0.0051058053843036745,0.016843790519614092,4110456,0.977746980932386,0.9879387930151577,850854,6643,12722,617359,3135,4402,20987.188376743346,1166.1909502273725,milton_s024,milton,mid,6,B_N2_s1
single,land,0.002775039484565485,0.009906627663947308,3684744,0.9594775901309789,0.972254762089257,433373,6364,11939,213302,2724,3363,10225.310090515763,361.6254619460892,milton_s024,milton,mid,6,B_N2_s1
single,active,0.004746842959236624,0.01655203013934557,4110456,0.9782247098551409,0.9882866372250769,779829,6195,11164,588330,2833,4140,19511.689122851938,1126.1404043099255,milton_s037,milton,low,-6,B_N2_s1
single,land,0.0023199469699867635,0.008958707554565742,3684744,0.9564601610606068,0.9699785828352908,361299,5985,10462,181612,2469,3152,8548.410677976906,295.7318091018313,milton_s037,milton,low,-6,B_N2_s1
single,active,0.004803088715177494,0.016645983492486922,4110456,0.978574434998702,0.9879245055495355,776536,5891,11111,589867,2782,4428,19742.884827833623,1138.9611825136176,milton_s041,milton,mid,0,B_N2_s1
single,land,0.002368966612647462,0.009276663666003004,3684744,0.9568764537568154,0.9686821952776005,357490,5673,10438,182151,2433,3456,8729.03551215306,317.09613066421133,milton_s041,milton,mid,0,B_N2_s1
single,active,0.0052468043726618405,0.017452021621804363,4110456,0.9782823065888195,0.9884538432472947,876989,6468,13001,638300,3119,4337,21566.7585144341,1251.9341565221414,milton_s046,milton,mid,-6,B_N2_s1
single,land,0.00282915029354078,0.00986065278240273,3684744,0.9610860923820066,0.9743539026761328,458415,6242,12319,231525,2745,3349,10424.694569222629,358.2767725793047,milton_s046,milton,mid,-6,B_N2_s1
single,active,0.005295372393872619,0.017496742827612256,4110456,0.978146100813643,0.9879640348964683,881920,6480,13224,643459,3146,4693,21766.39522862807,1258.358597376086,milton_s049,milton,high,-6,B_N2_s1
single,land,0.002885350536976713,0.010109261163380713,3684744,0.9609132829644947,0.9730397116087393,462821,6246,12580,235642,2787,3742,10631.778079021722,376.5703768045925,milton_s049,milton,high,-6,B_N2_s1
single,active,0.004170822183979968,0.015991815488374552,4110456,0.9832648616170341,0.98967897993828,654584,4385,6756,547434,2299,3410,17143.981071073562,1051.2004649465805,milton_s059,milton,mid,0,B_N2_s1
single,land,0.0016747170784077831,0.008154449469716607,3684744,0.9574871566419676,0.9680613697698633,234277,4190,6212,136668,1982,2527,6170.903706360608,245.01722234626953,milton_s059,milton,mid,0,B_N2_s1
single,active,0.004283545684774689,0.016366069518499896,4110456,0.9835232524627765,0.9898616439948843,658637,4243,6791,553397,2297,3371,17607.32606125623,1100.9783701943236,milton_s063,milton,high,6,B_N2_s1
single,land,0.0017398346637507833,0.00863765589757814,3684744,0.9581930370060092,0.968894939185399,237904,4073,6307,141635,2012,2535,6410.845338247716,274.9154313778536,milton_s063,milton,high,6,B_N2_s1
single,active,0.005014481553654708,0.017249002626092524,4110456,0.9783337699438945,0.9885859485428088,787996,5489,11962,604980,2686,4299,20611.80578910932,1222.9761292649985,milton_s068,milton,high,0,B_N2_s1
single,land,0.002483975999224998,0.009641697980726177,3684744,0.9564956113195178,0.9712241367241017,367675,5311,11412,194239,2391,3364,9152.815659288317,342.54242436239446,milton_s068,milton,high,0,B_N2_s1
single,active,0.0047492749038692455,0.018498381484269636,4110456,0.9723140016128071,0.9831837772910337,619751,7368,10279,459195,3504,4350,19521.685524258763,1406.5574217730086,beryl_s005,beryl,low,0,B_N2_s1
single,land,0.002172475494129139,0.009292870358433673,3684744,0.9373149783506403,0.9454654921097662,224486,6279,8734,89511,2422,2741,8005.016042139381,318.2050570480327,beryl_s005,beryl,low,0,B_N2_s1
single,active,0.004583046652981688,0.01807855051682847,4110456,0.9730168047200999,0.98337914140725,608370,7232,9639,454035,3440,4234,18838.411613028497,1343.436730223811,beryl_s006,beryl,low,6,B_N2_s1
single,land,0.001999362430082612,0.00892405295459993,3684744,0.9372318728461917,0.9440970862927129,213224,6167,8113,84407,2363,2635,7367.138718072325,293.4482998754054,beryl_s006,beryl,low,6,B_N2_s1
single,active,0.0056328806212951905,0.019564345791795203,4110456,0.9668760232487318,0.98212931615022,742934,8916,16536,532319,3759,5927,23153.707947086543,1573.3330441460162,beryl_s024,beryl,mid,6,B_N2_s1
single,land,0.0031059109321847703,0.011241619605583498,3684744,0.9382729404256125,0.9586048635282817,346948,7871,14954,161662,2704,4277,11444.48667190224,465.6558801023085,beryl_s024,beryl,mid,6,B_N2_s1
single,active,0.0054638927234823,0.019007118168516534,4110456,0.9710928683291491,0.9833166981028247,727972,8329,13341,518202,3811,4981,22459.09062859416,1484.9866631724487,beryl_s037,beryl,low,-6,B_N2_s1
single,land,0.002873578129092493,0.010559330338816475,3684744,0.944719143587644,0.9581672247913676,329963,7457,11851,144208,2888,3408,10588.399769704789,410.8469559366171,beryl_s037,beryl,low,-6,B_N2_s1
single,active,0.005432447463702253,0.019471429688420385,4110456,0.9706436425001976,0.9831960271019402,712070,8211,13325,510790,3732,4998,22329.836271859705,1558.4242058744107,beryl_s041,beryl,mid,0,B_N2_s1
single,land,0.0028836182978843666,0.010687111337144962,3684744,0.9426354540759335,0.9564693773237455,313924,7269,11835,136602,2758,3459,10625.395221419632,420.8506362061063,beryl_s041,beryl,mid,0,B_N2_s1
single,active,0.005919348520464881,0.019688276540591784,4110456,0.9676557289549842,0.9825586966938189,790447,9834,16587,563915,3896,6114,24331.22164203599,1593.3287966748485,beryl_s046,beryl,mid,-6,B_N2_s1
single,land,0.0033520441222041984,0.011537997197254898,3684744,0.9422637790543951,0.9617948301089254,392010,8964,15056,189312,2999,4521,12351.424467027187,490.53294271132404,beryl_s046,beryl,mid,-6,B_N2_s1
single,active,0.0058930727895197335,0.020070044465212225,4110456,0.9677045385340656,0.9825425861687852,791322,9862,16547,564511,3867,6163,24223.216406118125,1655.7191545225837,beryl_s049,beryl,high,-6,B_N2_s1
single,land,0.003362037512273456,0.011548716690940104,3684744,0.9423873643706534,0.9619601564558296,392837,8968,15048,189864,2938,4570,12388.247551124543,491.4448353585555,beryl_s049,beryl,high,-6,B_N2_s1
single,active,0.004794569916682168,0.018348649684167696,4110456,0.9742448069046226,0.9848740011663717,639354,7030,9872,481303,3464,3928,19707.868681445718,1383.8793277678087,beryl_s059,beryl,mid,0,B_N2_s1
single,land,0.0022021328379437494,0.009316565980703045,3684744,0.9423139721995994,0.9533844247625166,239507,6159,8503,103876,2564,2515,8114.295761816204,319.829889773415,beryl_s059,beryl,mid,0,B_N2_s1
single,active,0.004635699896999906,0.01807881681894632,4110456,0.9750727187681022,0.9850894693732708,629544,6805,9289,477464,3341,3886,19054.840455822647,1343.4763089147107,beryl_s063,beryl,high,6,B_N2_s1
single,land,0.0020727624909229712,0.009086035832128175,3684744,0.9427252339212513,0.9532638822517442,229514,5958,7986,99740,2452,2438,7637.599151853472,304.19789937284406,beryl_s063,beryl,high,6,B_N2_s1
single,active,0.005461887392635378,0.01929351809623216,4110456,0.9714386141640664,0.9839438430349492,721333,8067,13141,521995,3648,4870,22450.847804382443,1530.0754859440929,beryl_s068,beryl,high,0,B_N2_s1
single,land,0.0029001792459974634,0.010713300038941794,3684744,0.9442363442845634,0.9590335645454122,321148,7203,11763,144207,2759,3401,10686.418075613678,422.9157472661606,beryl_s068,beryl,high,0,B_N2_s1
single,active,0.006133386397647486,0.02107153247894676,4110456,0.9735622121569673,0.9865278882037444,1023136,6341,21443,761858,4294,6110,25211.014918528497,1825.0814352798177,irma_s005,irma,low,0,B_N2_s2
single,land,0.0039023698653749593,0.012150753645401436,3684744,0.957650678916009,0.9750337178859364,606258,6073,20737,356407,3821,5305,14379.23394722119,544.018604098883,irma_s005,irma,low,0,B_N2_s2
single,active,0.006183415530226656,0.02137823046008571,4110456,0.9738649859641546,0.9863636720683073,1010233,6580,20531,753426,4298,6118,25416.65746671334,1878.5965166589926,irma_s006,irma,low,6,B_N2_s2
single,land,0.003923455713144034,0.012327960621723392,3684744,0.9577779391709235,0.9744093716576792,593444,6306,19855,348022,3816,5324,14456.9298982732,560.002282714509,irma_s006,irma,low,6,B_N2_s2
single,active,0.007275678147263722,0.02329421301157582,4110456,0.9683006465470763,0.984968217597038,1122488,8855,27892,825755,5259,7343,29906.35489448905,2230.4171137799085,irma_s024,irma,mid,6,B_N2_s2
single,land,0.00506691087217049,0.014364585304944145,3684744,0.951702805589055,0.9737100942288867,705503,8585,27218,419745,4789,6544,18670.26943476498,760.3149075968071,irma_s024,irma,mid,6,B_N2_s2
single,active,0.007182743275453145,0.02253373744838719,4110456,0.971320882846349,0.9858663681090251,1109941,7734,25038,817159,4882,6833,29524.350193046033,2087.1634619560696,irma_s037,irma,low,-6,B_N2_s2
single,land,0.0046544239853631665,0.013765488790365824,3684744,0.9559507716804472,0.9747909566575929,691617,7487,24382,409304,4511,6074,17150.360853523016,698.2172827323781,irma_s037,irma,low,-6,B_N2_s2
single,active,0.0069310880675309975,0.02249601634242846,4110456,0.9713045136546795,0.9856594045270606,1100150,6702,25800,817431,4501,7392,28489.932533711195,2080.181556018486,irma_s041,irma,mid,0,B_N2_s2
single,land,0.004584483947534108,0.01343985672254123,3684744,0.9556467216654422,0.9744464511080521,681594,6474,25160,408448,4114,6597,16892.64971877262,665.5743828265063,irma_s041,irma,mid,0,B_N2_s2
single,active,0.0077904347444023025,0.023217094127955088,4110456,0.9686179858247228,0.9844128248821395,1156989,8349,29136,851523,5389,8094,32022.23923773691,2215.673318815047,irma_s046,irma,mid,-6,B_N2_s2
single,land,0.005252051656462346,0.014944697155969218,3684744,0.9528055909267423,0.9729040043883708,738532,8102,28479,443401,5012,7337,19352.46582883969,822.9653647560834,irma_s046,irma,mid,-6,B_N2_s2
single,active,0.007773626666006126,0.02429945629956751,4110456,0.9684671982165213,0.9843000610661183,1164238,7701,30206,860733,5139,8590,31953.150371044874,2427.074550619233,irma_s049,irma,high,-6,B_N2_s2
single,land,0.005324910225169609,0.014873507518030318,3684744,0.9526825490541877,0.9729747203724057,745476,7449,29577,451470,4731,7809,19620.931002732366,815.1435847667851,irma_s049,irma,high,-6,B_N2_s2
single,active,0.006815024802087449,0.02277264932334175,4110456,0.973325680814292,0.9859735994096762,1054831,5810,23098,793691,4198,7093,28012.859587889165,2131.655998770104,irma_s059,irma,mid,0,B_N2_s2
single,land,0.004277308366923648,0.013436338515724126,3684744,0.9575998902379635,0.9739783675278557,635131,5632,22490,382343,3901,6314,15760.786341171712,665.2259681238164,irma_s059,irma,mid,0,B_N2_s2
single,active,0.006958663713345081,0.0236907743890876,4110456,0.9727701902112343,0.985038795873164,1047584,5660,23664,795605,3830,8254,28603.281012501568,2307.0049029183733,irma_s063,irma,high,6,B_N2_s2
single,land,0.004444972524331959,0.013936570088352319,3684744,0.9564454993631893,0.9720335222446211,627807,5483,23106,383336,3520,7509,16378.58583919704,715.680405410174,irma_s063,irma,high,6,B_N2_s2
single,active,0.00729837520955696,0.023442512778022402,4110456,0.9710673868447243,0.985870239877323,1114294,6460,26740,837062,4447,7550,29999.65017037466,2258.9068714200644,irma_s068,irma,high,0,B_N2_s2
single,land,0.004782256932480826,0.014179445035786945,3684744,0.9553903550282834,0.975001432090279,694500,6284,26144,425515,4128,6782,17621.39253841713,740.8423272065479,irma_s068,irma,high,0,B_N2_s2
single,active,0.005216154716664485,0.017864322887971837,4110456,0.973440598151695,0.9867553616711019,865524,6625,16990,645562,3881,4784,21440.774452041835,1311.7863976485903,matthew_s005,matthew,low,0,B_N2_s2
single,land,0.0031031386528194084,0.010825435098999,3684744,0.9521797596474036,0.9708275300133661,448928,6289,16257,241871,3286,3982,11434.271532144397,431.81531547798534,matthew_s005,matthew,low,0,B_N2_s2
single,active,0.005175800974105505,0.018141746843745723,4110456,0.9748213311573707,0.9871997417600665,850594,6931,15039,636114,3703,4545,21274.902168817818,1352.8455218881281,matthew_s006,matthew,low,6,B_N2_s2
single,land,0.0030453001645688745,0.010849670374979007,3684744,0.954020133638122,0.9712012775278832,434041,6615,14304,232323,3147,3742,11221.151509594172,433.75091947149895,matthew_s006,matthew,low,6,B_N2_s2
single,active,0.006696545557312742,0.020749201783350782,4110456,0.9656776700852995,0.9848598343291206,986967,9935,25144,719187,5507,5549,27525.855865329504,1769.6720511907506,matthew_s024,matthew,mid,6,B_N2_s2
single,land,0.004535271706149551,0.013462051229335296,3684744,0.9435918829524121,0.969916529091386,569988,9624,24450,314316,4938,4811,16711.31520760432,667.7744497983336,matthew_s024,matthew,mid,6,B_N2_s2
single,active,0.006348657628139493,0.01990893817007487,4110456,0.9702023321916334,0.9846193748121678,969041,8058,21704,717501,4853,6355,26095.87783953175,1629.2442591495326,matthew_s037,matthew,low,-6,B_N2_s2
single,land,0.00402254409291367,0.01236885840002965,3684744,0.9500180474553088,0.9688666599854684,550088,7838,21103,309363,4392,5549,14822.045211099088,563.7240400756624,matthew_s037,matthew,low,-6,B_N2_s2
single,active,0.00614722276164342,0.019307651777982462,4110456,0.9697634440139971,0.9862861971157655,952234,7366,22324,709699,4297,5571,25267.888683933765,1532.3180547593327,matthew_s041,matthew,mid,0,B_N2_s2
single,land,0.003951591818621041,0.012271227382975822,3684744,0.9487115203046904,0.9720355740787933,533562,7122,21723,301332,3827,4842,14560.604244112968,554.8598849176034,matthew_s041,matthew,mid,0,B_N2_s2
single,active,0.007119451900589951,0.021236298648189218,4110456,0.9659028978096527,0.9846989725969432,1033264,9489,26986,756301,5503,6249,29264.19378149137,1853.7350099839975,matthew_s046,matthew,mid,-6,B_N2_s2
single,land,0.0047226901342193196,0.013649398151202065,3684744,0.9450976288380568,0.9706615457186958,614132,9263,26413,347756,5023,5488,17401.904135923833,686.4901731908993,matthew_s046,matthew,mid,-6,B_N2_s2
single,active,0.007041988337744337,0.02109512431569718,4110456,0.9656194162358358,0.984568995867484,1034358,9338,27490,757871,5500,6378,28945.783214811236,1829.1704712143649,matthew_s049,matthew,high,-6,B_N2_s2
single,land,0.004743633939722262,0.013600271674342267,3684744,0.9447492866691941,0.97034662280982,615524,9084,26913,349285,5032,5642,17479.076697587967,681.5574790829111,matthew_s049,matthew,high,-6,B_N2_s2
single,active,0.005627392950341796,0.01865037291115483,4110456,0.9744810489466312,0.9869458438926597,894673,5651,17778,680360,3759,5240,23131.151117090136,1429.7662573731513,matthew_s059,matthew,mid,0,B_N2_s2
single,land,0.003297949168041702,0.011348853136107085,3684744,0.954299713807962,0.9715747070841244,474829,5491,17248,269167,3396,4479,12152.098409246653,474.5820108599769,matthew_s059,matthew,mid,0,B_N2_s2
single,active,0.005581757512760978,0.019222857666290373,4110456,0.9753419588840625,0.9868761514721242,880409,6087,16171,672789,3657,5290,22943.56865887344,1518.8885360133922,matthew_s063,matthew,high,6,B_N2_s2
single,land,0.0032729269603650065,0.01147463545194313,3684744,0.9553579753717751,0.9707420452731869,461072,5889,15656,261548,3313,4570,12059.897979643196,485.16014169389734,matthew_s063,matthew,high,6,B_N2_s2
single,active,0.006429365496279036,0.019989369574366006,4110456,0.9703722909267779,0.9870583499260612,965600,6743,22739,728225,4195,5353,26427.623980373144,1642.4350286327895,matthew_s068,matthew,high,0,B_N2_s2
single,land,0.004070616669513641,0.012640158843075969,3684744,0.9498367933150542,0.9739837098282396,545610,6577,22238,316646,3831,4627,14999.180349290371,588.7248713600482,matthew_s068,matthew,high,0,B_N2_s2
single,active,0.00329702643814849,0.017297652392534182,4110456,0.9873516712034712,0.9904353920703781,559313,3147,4018,491769,2457,2292,13552.28210484609,1229.8845179868997,ian_s005,ian,low,0,B_N2_s2
single,land,0.0009666781114998092,0.006692935368651679,3684744,0.961678820161042,0.9669397758385545,146782,2641,3208,94295,1799,1425,3561.961371280253,165.05952186511024,ian_s005,ian,low,0,B_N2_s2
single,active,0.0033069729816531637,0.017323827662952863,4110456,0.9874098050162898,0.9904486957362624,558870,3144,3982,491631,2438,2303,13593.166934274137,1233.609522563522,ian_s006,ian,low,6,B_N2_s2
single,land,0.0009674027474398418,0.00671279037932279,3684744,0.9618622625017251,0.9670476366511609,146356,2637,3166,94174,1782,1427,3564.6314692124724,166.04029322574766,ian_s006,ian,low,6,B_N2_s2
single,active,0.0035788590978837412,0.017545359654953505,4110456,0.9838684818905729,0.9899811507116688,593681,4127,5607,503150,2692,2400,14710.742852050811,1265.3613175613764,ian_s024,ian,mid,6,B_N2_s2
single,land,0.0012707320219450394,0.00739505647135666,3684744,0.955607846447678,0.9670725338757112,181124,3603,4811,105555,2024,1570,4682.322193469852,201.5070800544166,ian_s024,ian,mid,6,B_N2_s2
single,active,0.0034370057615465137,0.01622882924943145,4110456,0.9859691916828692,0.9903606120258744,583677,3613,4693,506616,2576,2355,14127.660954583436,1082.5909330514555,ian_s037,ian,low,-6,B_N2_s2
single,land,0.0011135601843341371,0.006675660912936696,3684744,0.9597024703769387,0.9682868917333042,169923,3180,3955,106437,1914,1572,4103.184207864106,164.20858468247442,ian_s037,ian,low,-6,B_N2_s2
single,active,0.003516965917578979,0.017230591851744338,4110456,0.9860709862071168,0.9902021652244771,586729,3491,4797,510370,2635,2415,14456.333657708019,1220.3668281001235,ian_s041,ian,mid,0,B_N2_s2
single,land,0.0011674738559982985,0.00723068714842049,3684744,0.9600653900046707,0.967549850250466,172662,3049,4133,109516,2002,1671,4301.842286046594,192.64886860607857,ian_s041,ian,mid,0,B_N2_s2
single,active,0.0036075777640338204,0.016464223559172955,4110456,0.9838582030977039,0.989999537818039,605426,4048,5885,514083,2768,2425,14828.7896656394,1114.2240101601874,ian_s046,ian,mid,-6,B_N2_s2
single,land,0.0012933554689912316,0.007066679799568998,3684744,0.9562861433910297,0.9682159073516657,191656,3610,5151,113868,2095,1643,4765.683804232627,184.0086109721829,ian_s046,ian,mid,-6,B_N2_s2
single,active,0.003695151411670089,0.01744289793449176,4110456,0.9837718802936194,0.9899367057178763,609791,4006,6053,518317,2790,2479,15188.757291007787,1250.6255092691176,ian_s049,ian,high,-6,B_N2_s2
single,land,0.0013586222767768652,0.007623252193799368,3684744,0.9562192166366977,0.9679081346654796,195696,3563,5397,117415,2131,1762,5006.175282619894,214.13511705048677,ian_s049,ian,high,-6,B_N2_s2
single,active,0.003597846805215112,0.0175078688462138,4110456,0.9876173090360314,0.9906233153509996,583748,3069,4250,518201,2478,2427,14788.79098757729,1259.9594636289,ian_s059,ian,mid,0,B_N2_s2
single,land,0.0011220539230670974,0.007319360406494639,3684744,0.9641309691211944,0.9696156830988292,168667,2683,3592,114946,1865,1737,4134.481460697949,197.402925763784,ian_s059,ian,mid,0,B_N2_s2
single,active,0.003747236370923954,0.01851342015921916,4110456,0.9873842635287174,0.9901953358731794,588874,3025,4499,522938,2536,2642,15402.850224282593,1408.8453363332783,ian_s063,ian,high,6,B_N2_s2
single,land,0.0012231834384819674,0.00820492534396662,3684744,0.9635424764019989,0.9682586213916371,173534,2673,3893,118907,1951,1947,4507.117835845798,248.05991350696783,ian_s063,ian,high,6,B_N2_s2
single,active,0.0037147087796701337,0.017592100447443963,4110456,0.9861954967097177,0.9903616237000687,597811,3412,4956,523110,2572,2519,15269.14699164778,1272.1121361998155,ian_s068,ian,high,0,B_N2_s2
single,land,0.0012585489264444708,0.007577065155726321,3684744,0.9614307964303754,0.9693383060829889,182718,3025,4305,119817,1946,1844,4637.430605422705,211.54821438804754,ian_s068,ian,high,0,B_N2_s2
single,active,0.003659477237247591,0.014599278870924439,4110456,0.9824615399036681,0.9889854214858249,628853,5358,5868,514759,2663,3070,15042.120166707784,876.0982493529546,milton_s005,milton,low,0,B_N2_s2
single,land,0.0015032943802469367,0.007557189792639189,3684744,0.9541424792582628,0.9625543383759346,211375,5015,5144,110713,2187,2120,5539.254947848618,210.43984776976342,milton_s005,milton,low,0,B_N2_s2
single,active,0.003646071914073642,0.014564393661443315,4110456,0.9829399597609493,0.9893166583984218,626810,5173,5706,514506,2585,2971,14987.018175635487,871.9163502343677,milton_s006,milton,low,6,B_N2_s2
single,land,0.0014907057213271095,0.007530719102738257,3684744,0.9551792737792135,0.9638616236967238,209339,4839,4984,110473,2109,2033,5492.868962425739,208.968207600086,milton_s006,milton,low,6,B_N2_s2
single,active,0.0048543921301589426,0.016303032252546253,4110456,0.977699186627555,0.9879765447477536,850918,6751,12658,617842,3600,3919,19953.765257764608,1092.5134168997317,milton_s024,milton,mid,6,B_N2_s2
single,land,0.0027767877352328405,0.009914347233904698,3684744,0.9593434203681361,0.9721805127085097,433369,6423,11943,213660,3109,3005,10231.751946672797,362.1892624233333,milton_s024,milton,mid,6,B_N2_s2
single,active,0.004491645078614409,0.01600420941254635,4110456,0.9784314414073181,0.9885103789408998,780121,6325,10872,588738,3111,3732,18462.709463261068,1052.8304921956467,milton_s037,milton,low,-6,B_N2_s2
single,land,0.002314343059012414,0.008958898824258167,3684744,0.9568584480686877,0.9704283435497725,361526,6065,10235,181900,2679,2864,8527.761700637639,295.7444370697951,milton_s037,milton,low,-6,B_N2_s2
single,active,0.004538509855744807,0.016056021169640347,4110456,0.9787878024193548,0.9882045504386883,776766,5953,10881,590303,3054,3992,18655.345067605376,1059.658357829754,milton_s041,milton,mid,0,B_N2_s2
single,land,0.00236414174601872,0.00928151035426026,3684744,0.9572562643527416,0.9692121366649669,357652,5694,10276,182460,2649,3147,8711.257113792002,317.42755748402516,milton_s041,milton,mid,0,B_N2_s2
single,active,0.005011869908585155,0.016992028858986555,4110456,0.9782930450077462,0.9885032212336791,877117,6589,12873,638752,3544,3885,20601.070736963302,1186.8080343448407,milton_s046,milton,mid,-6,B_N2_s2
single,land,0.0028293518855582235,0.009864035391709318,3684744,0.9610510208359535,0.974192518267344,458479,6326,12255,231851,3119,3023,10425.437384199351,358.52262206605695,milton_s046,milton,mid,-6,B_N2_s2
single,active,0.005061928155238193,0.017058016060056264,4110456,0.978166457059331,0.9880623397507208,881999,6542,13145,643939,3567,4213,20806.83295726776,1196.0436829459434,milton_s049,milton,high,-6,B_N2_s2
single,land,0.0028868217222212424,0.01012088572817675,3684744,0.9609117275197798,0.9731537259461756,462851,6278,12550,236018,3145,3366,10637.199020024389,377.43690571961326,milton_s049,milton,high,-6,B_N2_s2
single,active,0.003934023205904399,0.015404111693695504,4110456,0.9833552790610732,0.9898025013959894,654951,4697,6389,547728,2527,3116,16170.62929084897,975.3563632809141,milton_s059,milton,mid,0,B_N2_s2
single,land,0.0016767765563194203,0.008182604966589445,3684744,0.9577115748131152,0.9682410538678138,234579,4448,5910,136857,2151,2338,6178.492355238646,246.71212309849784,milton_s059,milton,mid,0,B_N2_s2
single,active,0.004039448568230716,0.015871116733620644,4110456,0.9836332803897918,0.9901208916766948,658932,4468,6496,553736,2493,3032,16603.975603975356,1035.3924064997423,milton_s063,milton,high,6,B_N2_s2
single,land,0.0017403048077886355,0.008656218156317633,3684744,0.9584590989946796,0.9694399835992756,238156,4267,6055,141863,2165,2307,6412.577698670328,276.0982834477077,milton_s063,milton,high,6,B_N2_s2
single,active,0.004753959715492462,0.01668788045592538,4110456,0.9785562295313978,0.9887060921772335,788229,5544,11729,605362,2998,3917,19540.942236304283,1144.701794718738,milton_s068,milton,high,0,B_N2_s2
single,land,0.0024794256337989464,0.009651926253538773,3684744,0.9569238213167123,0.9713754943869601,367853,5325,11234,194516,2645,3087,9136.048727586865,343.2695734096392,milton_s068,milton,high,0,B_N2_s2
single,active,0.0045696794236329795,0.018045847682449958,4110456,0.972073840148973,0.9832023546221866,619630,7401,10400,459653,3961,3892,18783.466204948723,1338.5807599504099,beryl_s005,beryl,low,0,B_N2_s2
single,land,0.0021606765712904544,0.009297647313799172,3684744,0.9368704277018078,0.9453176024439061,224239,6129,8981,89739,2678,2513,7961.540032003075,318.5322846932053,beryl_s005,beryl,low,0,B_N2_s2
single,active,0.004440176262641855,0.017679341717765105,4110456,0.9727018180131861,0.9832736556289958,608282,7344,9727,454474,3936,3795,18251.14915983379,1284.7605248474742,beryl_s006,beryl,low,6,B_N2_s2
single,land,0.00200595989133489,0.0089931393839002,3684744,0.9365173578136541,0.94301857774905,213009,6111,8328,84618,2689,2424,7391.448673836887,298.0094043815462,beryl_s006,beryl,low,6,B_N2_s2
single,active,0.005541487732454781,0.019360789816268598,4110456,0.9656738862957248,0.981947050086063,741681,8575,17789,532830,4380,5416,22778.04149879515,1540.7640764161229,beryl_s024,beryl,mid,6,B_N2_s2
single,land,0.003131085698884656,0.011455732067023713,3684744,0.9357625255222239,0.9578074543712518,345564,7384,16338,161948,3143,3991,11537.249242451042,483.56294679835844,beryl_s024,beryl,mid,6,B_N2_s2
single,active,0.005343325737237586,0.01866990564093562,4110456,0.9705949855223303,0.9831518813637707,727393,8117,13920,518707,4413,4476,21963.50533658266,1432.762643808066,beryl_s037,beryl,low,-6,B_N2_s2
single,land,0.002880718371765556,0.010638989560985522,3684744,0.9436626983899534,0.9572475192432532,329276,7120,12538,144508,3346,3108,10614.7097360529,417.06916821491365,beryl_s037,beryl,low,-6,B_N2_s2
single,active,0.005268046269746549,0.01911359512927428,4110456,0.9698121286001412,0.9829721124117458,711235,7979,14160,511232,4300,4556,21654.07239775732,1501.6709123880669,beryl_s041,beryl,mid,0,B_N2_s2
single,land,0.0028728886104352177,0.010734114328601295,3684744,0.9408880323970381,0.9554936344653719,312961,6864,12798,136820,3132,3241,10585.859069969505,424.5606637659298,beryl_s041,beryl,mid,0,B_N2_s2
single,active,0.005807458855575254,0.019434959571333163,4110456,0.9667813601280778,0.9826290981751851,789260,9345,17774,564544,4495,5485,23871.304097652435,1552.591795296761,beryl_s046,beryl,mid,-6,B_N2_s2
single,land,0.003362149805843876,0.011667589169144732,3684744,0.940509089858645,0.9617425951365901,390695,8342,16371,189722,3436,4111,12388.661324184388,501.61391746341457,beryl_s046,beryl,mid,-6,B_N2_s2
single,active,0.005778332957667319,0.019775734487185195,4110456,0.9667676155865133,0.9825937427191387,790086,9376,17783,565127,4464,5547,23751.58337584138,1607.5157945580002,beryl_s049,beryl,high,-6,B_N2_s2
single,land,0.0033706172770251197,0.011677433882705313,3684744,0.9404868580049536,0.9617822803239406,391488,8376,16397,190254,3380,4180,12419.861787814647,502.460763992762,beryl_s049,beryl,high,-6,B_N2_s2
single,active,0.004633830647931908,0.017930901540709764,4110456,0.9738265126547851,0.9850488998304915,639135,7087,10091,481749,3830,3482,19047.156989775598,1321.5824274143088,beryl_s059,beryl,mid,0,B_N2_s2
single,land,0.002198481897255209,0.009345195807380838,3684744,0.9413503471511564,0.9538079576374446,239167,6058,8843,104111,2762,2280,8100.842980019748,321.7985858722151,beryl_s059,beryl,mid,0,B_N2_s2
single,active,0.004504408542716431,0.01776645903847428,4110456,0.9744930193377352,0.9851451165034334,629312,6951,9521,477887,3743,3463,18515.17312086001,1297.4533794698195,beryl_s063,beryl,high,6,B_N2_s2
single,land,0.0020837658432249244,0.009184410656960027,3684744,0.9412822935063868,0.9529588986242337,229174,5970,8326,99953,2709,2225,7678.143688227981,310.8206812711105,beryl_s063,beryl,high,6,B_N2_s2
single,active,0.00530893062029855,0.01894225147613713,4110456,0.970609234980628,0.983901434896672,720491,7834,13983,522431,4114,4434,21822.125721789896,1474.8681588035406,beryl_s068,beryl,high,0,B_N2_s2
single,land,0.002893315305851825,0.010764766046073218,3684744,0.9424573095524752,0.9586709940332783,320165,6802,12746,144442,3061,3166,10661.126213345677,426.9888275502209,beryl_s068,beryl,high,0,B_N2_s2
single,active,0.006173454486245176,0.02089568704888571,4110456,0.9751665766423427,0.9865812085189151,1027259,8840,17320,762868,5276,5100,25375.7130337134,1794.7473232370107,irma_s005,irma,low,0,B_N3_s0
single,land,0.003917631306963726,0.012194917193671972,3684744,0.9603668899015585,0.9753081365517091,610317,8509,16678,357349,4684,4363,14435.468452546746,547.9804084561302,irma_s005,irma,low,0,B_N3_s0
single,active,0.006239237943367635,0.0213082928496235,4110456,0.9754609665749334,0.9865270459547789,1014098,8845,16666,754341,5099,5203,25646.113039743155,1866.325188284388,irma_s006,irma,low,6,B_N3_s0
single,land,0.003931901918505734,0.012333512670847565,3684744,0.9604978337573615,0.9748676879055289,597251,8515,16048,348872,4520,4474,14488.052002802491,560.5068041683038,irma_s006,irma,low,6,B_N3_s0
single,active,0.007186817443371158,0.022630633727808273,4110456,0.9706319565009688,0.9855116489344593,1127654,11393,22726,827271,6335,5827,29541.09688100964,2105.151884196109,irma_s024,irma,mid,6,B_N3_s0
single,land,0.004943580565903544,0.013884417256418409,3684744,0.9554087975057107,0.9747999713004817,710613,11058,22108,421175,5774,5114,18215.82882872969,710.3340508750705,irma_s024,irma,mid,6,B_N3_s0
single,active,0.007187623476633706,0.0222631635669438,4110456,0.9731129490048492,0.9858913344872735,1114950,10777,20029,818486,6207,5506,29544.410045269877,2037.3411534490253,irma_s037,irma,low,-6,B_N3_s0
single,land,0.00465083528431385,0.013649067387991811,3684744,0.9588344928022993,0.9749644401490308,696576,10483,19423,410578,5743,4800,17137.137408863753,686.4569024283709,irma_s037,irma,low,-6,B_N3_s0
single,active,0.006929636033444129,0.021947380479901756,4110456,0.973445598136867,0.9857568208935277,1105145,9342,20805,818743,5750,6080,28483.96401148662,1979.9553153150716,irma_s041,irma,mid,0,B_N3_s0
single,land,0.004564005763507165,0.013337606261232515,3684744,0.9590476536394015,0.9746989929556857,686517,9078,20237,409704,5294,5341,16817.192853048444,655.4855244874398,irma_s041,irma,mid,0,B_N3_s0
single,active,0.00769226750161479,0.02270573466530049,4110456,0.9710173613547002,0.9847137888617329,1162669,11247,23456,853351,6981,6266,31618.727105617523,2119.147180276457,irma_s046,irma,mid,-6,B_N3_s0
single,land,0.005154662849692207,0.014478380210658193,3684744,0.9565532036870648,0.9735731375010388,744163,10952,22848,445178,6524,5560,18993.613007426262,772.4089100229936,irma_s046,irma,mid,-6,B_N3_s0
single,active,0.007678828564567797,0.023617680336935433,4110456,0.9710372862675057,0.984755986192033,1169997,10450,24447,862662,6693,6661,31563.48694619909,2292.7910831253803,irma_s049,irma,high,-6,B_N3_s0
single,land,0.005222761309206815,0.014425826964181354,3684744,0.9566685260039784,0.9738244638687378,751201,10173,23852,453326,6232,5953,19244.538397531956,766.8117473200474,irma_s049,irma,high,-6,B_N3_s0
single,active,0.006844735957516273,0.02251700182775067,4110456,0.9752791648672614,0.9860184196062229,1059160,8078,18769,794720,5205,6064,28134.98598498851,2084.064375097227,irma_s059,irma,mid,0,B_N3_s0
single,land,0.004279396196314605,0.01340054812777274,3684744,0.9608181677478298,0.974186481513485,639412,7866,18209,383319,4819,5338,15768.47945799306,661.6867619890447,irma_s059,irma,mid,0,B_N3_s0
single,active,0.0069721996493283716,0.023433320178079635,4110456,0.9745734514357001,0.9852969372948888,1051517,7703,19731,796517,4544,7342,28658.9198817797,2257.135631621623,irma_s063,irma,high,6,B_N3_s0
single,land,0.004423216125932833,0.013800732943427018,3684744,0.9594336599316832,0.9726038494350905,631694,7490,19219,384197,4174,6648,16298.419080734253,701.79718890497,irma_s063,irma,high,6,B_N3_s0
single,active,0.00729751055748411,0.022908630678719597,4110456,0.9733831509806871,0.9858594957161033,1119450,9027,21584,838369,5782,6243,29996.096056073904,2157.189339092993,irma_s068,irma,high,0,B_N3_s0
single,land,0.0047659549413026124,0.014054214535774025,3684744,0.9590721279203349,0.9750592331788054,699599,8810,21045,426761,5380,5536,17561.323874235153,727.8141214494839,irma_s068,irma,high,0,B_N3_s0
single,active,0.0052064384971415795,0.01764401574659531,4110456,0.9753285986558781,0.986728594803165,869444,8923,13070,646473,4822,3873,21400.836359206587,1279.631366696684,matthew_s005,matthew,low,0,B_N3_s0
single,land,0.0031113183615092445,0.01082444211483845,3684744,0.955839418369738,0.971073751930417,452784,8518,12401,242716,4093,3137,11464.41166466102,431.7361009061874,matthew_s005,matthew,low,0,B_N3_s0
single,active,0.0051721656980306665,0.01792798158702163,4110456,0.9757981998131903,0.9871510120321705,853518,9054,12115,636897,4528,3762,21259.959526464343,1321.1520368654963,matthew_s006,matthew,low,6,B_N3_s0
single,land,0.003056213507661826,0.010840254764130239,3684744,0.9560044024042553,0.971437265780994,436916,8678,11429,233041,3828,3024,11261.364385075867,432.9984067017723,matthew_s006,matthew,low,6,B_N3_s0
single,active,0.006554115774110174,0.019952242077057925,4110456,0.9674550325147258,0.9854517558673633,991713,12963,20398,720652,6555,4084,26940.404508385807,1636.339501570789,matthew_s024,matthew,mid,6,B_N3_s0
single,land,0.004429151555849608,0.013067525849779158,3684744,0.9467283668934023,0.9714627714406162,574684,12583,19754,315705,5852,3422,16320.289620507509,629.2077396913227,matthew_s024,matthew,mid,6,B_N3_s0
single,active,0.0062679291109103245,0.01945177454735691,4110456,0.9723982943988915,0.9847784239983011,973994,10896,16751,718775,6029,5081,25764.046821516007,1555.2795382184077,matthew_s037,matthew,low,-6,B_N3_s0
single,land,0.003993382437627788,0.012188272579230996,3684744,0.9538760069643173,0.9693809712568159,554987,10632,16204,310579,5477,4333,14714.591976754367,547.3834176748148,matthew_s037,matthew,low,-6,B_N3_s0
single,active,0.006051951107566416,0.01875797821276374,4110456,0.972142326114246,0.9865139702006048,957183,10054,17375,711099,5550,4171,24876.27874180302,1446.3122276078968,matthew_s041,matthew,mid,0,B_N3_s0
single,land,0.003905616073684335,0.01207833816782103,3684744,0.9529733240596701,0.9725920427267206,538469,9756,16816,302658,5013,3516,14391.195393811911,537.5534950419113,matthew_s041,matthew,mid,0,B_N3_s0
single,active,0.006953648341603804,0.020536361689700557,4110456,0.9684492895730727,0.9849712890924546,1039026,12626,21224,757831,6844,4719,28582.665547635406,1733.552556881386,matthew_s046,matthew,mid,-6,B_N3_s0
single,land,0.004630345582461152,0.0132261665109889,3684744,0.9493987492514041,0.9713788231105573,619852,12344,20693,349234,6280,4010,17061.638102900237,644.5777234650221,matthew_s046,matthew,mid,-6,B_N3_s0
single,active,0.0068851999682869,0.02025043367102941,4110456,0.9682296645373508,0.9848560691137986,1040234,12519,21614,759456,6885,4793,28301.311520844698,1685.616058993293,matthew_s049,matthew,high,-6,B_N3_s0
single,land,0.0046635121448062485,0.013248131765142775,3684744,0.9491493837098999,0.9710215131149175,621354,12206,21083,350799,6341,4128,17183.848394501954,646.7204562305776,matthew_s049,matthew,high,-6,B_N3_s0
single,active,0.005557203665460901,0.018261756015948417,4110456,0.9766569268032421,0.9868876205927514,898791,7822,13660,681288,4740,4312,22842.641149915755,1370.803093980726,matthew_s059,matthew,mid,0,B_N3_s0
single,land,0.0032721555134846985,0.011215922200733721,3684744,0.9583620165215164,0.9714932322062072,478905,7635,13172,270011,4288,3635,12057.055395379663,463.5294123364109,matthew_s059,matthew,mid,0,B_N3_s0
single,active,0.005598722501543026,0.019057878363117536,4110456,0.9766076440824304,0.9871078459389788,883409,7989,13171,673556,4274,4523,23013.302498802543,1492.9288313047393,matthew_s063,matthew,high,6,B_N3_s0
single,land,0.003277395909892195,0.011464753637240768,3684744,0.9577710442992251,0.971476516282464,464019,7750,12709,262253,3835,3865,12076.364914599806,484.3248736348282,matthew_s063,matthew,high,6,B_N3_s0
single,active,0.006296124893272371,0.019342256156715164,4110456,0.9728807647668435,0.9870039901335863,970684,9403,17655,729468,5495,4110,25879.944344300777,1537.815609013655,matthew_s068,matthew,high,0,B_N3_s0
single,land,0.004007961530687413,0.01236371513969415,3684744,0.9542500649857032,0.973900492755755,550650,9202,17198,317811,5055,3462,14768.312202431262,563.2553182927998,matthew_s068,matthew,high,0,B_N3_s0
single,active,0.003322766454917744,0.01727922528113692,4110456,0.9873764135189989,0.9900321530468935,559954,3782,3377,492044,2937,2017,13658.08531121537,1227.2655328215167,ian_s005,ian,low,0,B_N3_s0
single,land,0.0009982644837152168,0.006794194088528244,3684744,0.9616529378744958,0.9657530046602895,147331,3216,2659,94497,2128,1223,3678.3490667827427,170.09173792213397,ian_s005,ian,low,0,B_N3_s0
single,active,0.0033341011258608377,0.017335305293748396,4110456,0.9874258344833915,0.9901273481513686,559513,3786,3339,491922,2893,2012,13704.675977401435,1235.2446814100554,ian_s006,ian,low,6,B_N3_s0
single,land,0.0009980608747582748,0.006816790069050095,3684744,0.9618048735776669,0.9661006540362944,146908,3220,2614,94389,2100,1212,3677.598819900304,171.22499395719507,ian_s006,ian,low,6,B_N3_s0
single,active,0.003609777006923471,0.017563928824125934,4110456,0.9839263085103215,0.9896044011769493,594750,5178,4538,503484,3223,2066,14837.829556770623,1268.04113065479,ian_s024,ian,mid,6,B_N3_s0
single,land,0.0013025302678017435,0.007500549574806977,3684744,0.9557700483396054,0.9661328025128748,182100,4592,3835,105807,2391,1318,4799.4905891008675,207.2972267500007,ian_s024,ian,mid,6,B_N3_s0
single,active,0.003442863786373767,0.015920469858494213,4110456,0.9858508468743833,0.9901345922096287,584439,4457,3931,506940,3020,2031,14151.740107882768,1041.8417700979605,ian_s037,ian,low,-6,B_N3_s0
single,land,0.0011372368219934902,0.006759742690198232,3684744,0.9593216145394019,0.9678396792132742,170600,3956,3278,106684,2220,1325,4190.426556419581,168.371139065845,ian_s037,ian,low,-6,B_N3_s0
single,active,0.0035327808054389166,0.017105602167927326,4110456,0.9860358961880229,0.9898835807355775,587564,4359,3962,510675,3109,2110,14521.340058401227,1202.7261072588544,ian_s041,ian,mid,0,B_N3_s0
single,land,0.0011940927983586686,0.007303559464735858,3684744,0.9599548287811521,0.9668548678334552,173412,3851,3383,109768,2344,1419,4399.926274195313,196.55154390332822,ian_s041,ian,mid,0,B_N3_s0
single,active,0.0036146647380888566,0.016155559016458876,4110456,0.9840871225578706,0.9897795248017762,606610,5108,4701,514429,3233,2079,14857.920360665768,1072.8375950736472,ian_s046,ian,mid,-6,B_N3_s0
single,land,0.0013144590653490842,0.007149289988303372,3684744,0.9570471731369813,0.9678048449595971,192756,4600,4051,114140,2426,1371,4843.445154290646,188.3359151753918,ian_s046,ian,mid,-6,B_N3_s0
single,active,0.0037123075238362246,0.017345201626706365,4110456,0.9839148610001803,0.9895100558840421,611019,5164,4825,518623,3325,2173,15259.276735197753,1236.6554303710882,ian_s049,ian,high,-6,B_N3_s0
single,land,0.0013818934404968648,0.007698593261639647,3684744,0.9567000889424596,0.9668890495596162,196842,4658,4251,117682,2535,1495,5091.9235635101795,218.38865360250074,ian_s049,ian,high,-6,B_N3_s0
single,active,0.0036102365404917097,0.017348695438665417,4110456,0.9876684247794191,0.9903047620502868,584436,3735,3562,518480,2928,2148,14839.718449283391,1237.153674989315,ian_s059,ian,mid,0,B_N3_s0
single,land,0.0011471250342466536,0.007369194325042775,3684744,0.9642291612080063,0.9687323872574173,169282,3303,2977,115160,2194,1523,4226.862087190151,200.10011503949409,ian_s059,ian,mid,0,B_N3_s0
single,active,0.003768373061567754,0.01848886550560449,4110456,0.987281947533428,0.9899424852429242,589510,3731,3863,523244,2980,2336,15489.731661159545,1405.1106651779469,ian_s063,ian,high,6,B_N3_s0
single,land,0.0012497047559244718,0.008252697654607259,3684744,0.9632957475296279,0.9676413508619499,174108,3315,3319,119166,2297,1688,4604.842101164162,250.9569280645011,ian_s063,ian,high,6,B_N3_s0
single,active,0.0037254370776743898,0.017420463942689497,4110456,0.9862053399321882,0.9900618345316257,598601,4207,4166,523415,3040,2214,15313.245188549161,1247.4106214409937,ian_s068,ian,high,0,B_N3_s0
single,land,0.0012818184126361445,0.007624908069720753,3684744,0.9614144876491769,0.9686239390712235,183435,3774,3588,120059,2287,1602,4723.172705050558,214.22815337808112,ian_s068,ian,high,0,B_N3_s0
single,active,0.003706878312182297,0.014791391688406059,4110456,0.9821793324539164,0.9886188912200956,629905,6613,4816,515022,3122,2807,15236.960199579597,899.307217890419,milton_s005,milton,low,0,B_N3_s0
single,land,0.0015159045831913082,0.007548942893948735,3684744,0.9534475482405337,0.9617321510604918,212369,6219,4150,110956,2538,1877,5585.720317486674,209.98080698338828,milton_s005,milton,low,0,B_N3_s0
single,active,0.003695224875375097,0.014761026273134248,4110456,0.9824421663424779,0.9890217988572219,627811,6515,4705,514772,3009,2705,15189.05926033482,895.6186120554818,milton_s006,milton,low,6,B_N3_s0
single,land,0.0015057859148705289,0.007533103060047653,3684744,0.9539163608486394,0.9633551126229979,210288,6124,4035,110729,2435,1777,5548.435615103692,209.10053231722938,milton_s006,milton,low,6,B_N3_s0
single,active,0.004922024451847487,0.016410963505532283,4110456,0.9781129558511571,0.9876813573508529,853473,8995,10103,618331,4282,3430,20231.764940243214,1107.0268720632102,milton_s024,milton,mid,6,B_N3_s0
single,land,0.0028048729056180423,0.009947917968952799,3684744,0.9602261211325444,0.9716365484629278,435862,8604,9450,214104,3689,2561,10335.238609738648,364.6462159797858,milton_s024,milton,mid,6,B_N3_s0
single,active,0.004525136768245746,0.01602774151392555,4110456,0.9786188077456017,0.9881794549266247,782531,8635,8462,589202,3780,3268,18600.375579856336,1055.928868088048,milton_s037,milton,low,-6,B_N3_s0
single,land,0.002327632856622703,0.00898375856070739,3684744,0.9573473930133072,0.969607368684156,363882,8333,7879,182324,3275,2440,8576.731202643365,297.3880161500755,milton_s037,milton,low,-6,B_N3_s0
single,active,0.004563511795579016,0.016125356382518285,4110456,0.9788926296370302,0.9879397791635103,778945,8094,8702,590787,3704,3508,18758.11444120854,1068.8300292498664,milton_s041,milton,mid,0,B_N3_s0
single,land,0.0023695101960429918,0.00926060282189259,3684744,0.9575280121363745,0.9686311686385832,359772,7802,8156,182895,3211,2712,8731.038477808237,315.9990933988099,milton_s041,milton,mid,0,B_N3_s0
single,active,0.005054439108632841,0.016990652803592455,4110456,0.9785764102472834,0.9881157753498179,879749,9019,10241,639220,4271,3417,20776.049560714513,1186.615820985949,milton_s046,milton,mid,-6,B_N3_s0
single,land,0.002855876939835679,0.00990810655499621,3684744,0.9616510129547242,0.9733580282091466,461053,8705,9681,232288,3772,2586,10523.17541879788,361.73343906918114,milton_s046,milton,mid,-6,B_N3_s0
single,active,0.005105462755771649,0.017082011888673254,4110456,0.9785894122956841,0.9878877246335048,884637,8848,10507,644494,4244,3658,20985.78001723811,1199.4110435565779,milton_s049,milton,high,-6,B_N3_s0
single,land,0.0029061996331189006,0.01012336370358513,3684744,0.9617536812262627,0.9728210127134155,465433,8541,9968,236521,3745,2863,10708.60166093707,377.62174998948905,milton_s049,milton,high,-6,B_N3_s0
single,active,0.003943726699844433,0.015463952407844584,4110456,0.9833388295958748,0.9897405984079056,656005,5780,5335,548055,2892,2789,16210.515075735748,982.9490619600351,milton_s059,milton,mid,0,B_N3_s0
single,land,0.001676422842353941,0.008119210279307917,3684744,0.957737146759455,0.9682140713806615,235611,5519,4878,137133,2440,2062,6177.18900982663,242.904130013854,milton_s059,milton,mid,0,B_N3_s0
single,active,0.004062880602005456,0.015990732680431094,4110456,0.9836826119743309,0.9899752150146619,660053,5574,5375,554003,2845,2765,16700.29194779694,1051.0581159207343,milton_s063,milton,high,6,B_N3_s0
single,land,0.0017416106767754156,0.008587844164916807,3684744,0.958628178517907,0.9690240742003683,239241,5355,4970,142088,2460,2082,6417.389491584152,271.75380309904585,milton_s063,milton,high,6,B_N3_s0
single,active,0.004758126133481112,0.016730634983266286,4110456,0.9790020493960163,0.988508823174254,790598,7597,9360,605776,3539,3503,19558.06811412424,1150.574784787943,milton_s068,milton,high,0,B_N3_s0
single,land,0.002468945627785553,0.009595768172749836,3684744,0.9579273957112285,0.9708845245568409,370192,7364,8895,194874,3115,2729,9097.43258830905,339.2866835864027,milton_s068,milton,high,0,B_N3_s0
single,active,0.004583583167019185,0.017868788916211256,4110456,0.9718923502200334,0.9828743341502657,621254,9191,8776,459996,4466,3549,18840.616930373013,1312.4423651244929,beryl_s005,beryl,low,0,B_N3_s0
single,land,0.002213238390790991,0.0094305670252256,3684744,0.9365460647773616,0.9443855654309069,225746,7821,7474,89999,3047,2253,8155.216881036758,327.70489791547806,beryl_s005,beryl,low,0,B_N3_s0
single,active,0.004417948041635947,0.017462759844180328,4110456,0.9724770788513032,0.9830285372163948,609783,9032,8226,454807,4390,3462,18159.78103543073,1253.4752597328818,beryl_s006,beryl,low,6,B_N3_s0
single,land,0.002041810464293594,0.009070019168929517,3684744,0.9362290235669652,0.9426407046618311,214403,7670,6934,84865,2987,2177,7523.548857443035,303.12637796228205,beryl_s006,beryl,low,6,B_N3_s0
single,active,0.005452784223159831,0.018971643641358015,4110456,0.9668576651955495,0.9820626151690927,744638,10693,14832,533479,4977,4767,22413.42962679267,1479.4487336964144,beryl_s024,beryl,mid,6,B_N3_s0
single,land,0.003131356708560342,0.011370427877460306,3684744,0.9383468852935869,0.958450812226456,348396,9385,13506,162490,3595,3449,11538.24784372747,476.3881346020903,beryl_s024,beryl,mid,6,B_N3_s0
single,active,0.005296067313040199,0.018303334255554318,4110456,0.9710346809504233,0.9829259981447476,729852,10310,11461,519211,5047,3972,21769.251663289964,1377.052269910414,beryl_s037,beryl,low,-6,B_N3_s0
single,land,0.0029150428608555857,0.010690182969255242,3684744,0.9447891737891738,0.9568507305993358,331621,9186,10193,144916,3835,2700,10741.186691280454,421.09258822798,beryl_s037,beryl,low,-6,B_N3_s0
single,active,0.005251709596291113,0.01883879187241072,4110456,0.9706136783432127,0.9828418333541392,713601,9811,11794,511751,4897,4037,21586.921220332384,1458.8011599974743,beryl_s041,beryl,mid,0,B_N3_s0
single,land,0.0029141818541069285,0.010803904914943322,3684744,0.9426865118170753,0.9551695581675331,315224,8630,10535,137255,3636,2806,10738.01410182938,430.09939036351665,beryl_s041,beryl,mid,0,B_N3_s0
single,active,0.005727026537053596,0.018968464069675416,4110456,0.9676049338092441,0.9826669077179283,792392,11887,14642,565287,5229,4742,23540.690591391176,1478.9528758570493,beryl_s046,beryl,mid,-6,B_N3_s0
single,land,0.0033796803437181003,0.011634319911247882,3684744,0.9423109141125732,0.9621095724249469,393722,10760,13344,190363,4027,3470,12453.256868433207,498.75736675855103,beryl_s046,beryl,mid,-6,B_N3_s0
single,active,0.005697049881166827,0.01947971981034268,4110456,0.9675831890783417,0.982607638677861,793156,11860,14713,565869,5211,4805,23417.47286634147,1559.7515123103224,beryl_s049,beryl,high,-6,B_N3_s0
single,land,0.003389024210695379,0.011639158151298207,3684744,0.9422286773558584,0.9620897508265462,394432,10731,13453,190894,3982,3540,12487.686626214534,499.17227878474995,beryl_s049,beryl,high,-6,B_N3_s0
single,active,0.004640940073076915,0.01774526293814182,4110456,0.9737292385308554,0.9846154160352582,640782,8844,8444,482113,4415,3118,19076.379969019443,1294.3593980436506,beryl_s059,beryl,mid,0,B_N3_s0
single,land,0.0022501559435391346,0.009483675601183711,3684744,0.9413020611340734,0.9524443755188425,240722,7723,7288,104406,3228,1985,8291.248612020165,331.4062545514309,beryl_s059,beryl,mid,0,B_N3_s0
single,active,0.004480540506527316,0.017598941704350397,4110456,0.9744890315346275,0.9847478044210158,630930,8614,7903,478228,4285,3122,18417.064608298242,1273.1017324285338,beryl_s063,beryl,high,6,B_N3_s0
single,land,0.0021204073363383035,0.009251187987881897,3684744,0.9414881025264275,0.951705597932954,230674,7510,6826,100187,3093,1991,7813.158210128546,315.35689617790325,beryl_s063,beryl,high,6,B_N3_s0
single,active,0.005289569357295064,0.018664736770851093,4110456,0.9714433536925423,0.9836980547147912,722885,9661,11589,522927,4728,3938,21742.54210210964,1431.96941657423,beryl_s068,beryl,high,0,B_N3_s0
single,land,0.0029346449426031476,0.01084251707727281,3684744,0.944322264944375,0.9582674613201744,322470,8572,10441,144868,3569,2740,10813.415344387293,433.1791552587579,beryl_s068,beryl,high,0,B_N3_s0
single,active,0.007560371135374632,0.023868039879277138,4110456,0.9725499647990976,0.98575943006599,1020875,5110,23704,760195,3209,7773,31076.57289562747,2341.658252357141,irma_s005,irma,low,0,B_N3_s1
single,land,0.004005924408118762,0.012351124098968328,3684744,0.9561005946936489,0.9738453984633657,604181,4927,22814,355028,2851,6684,14760.80592726916,562.1086792141822,irma_s005,irma,low,0,B_N3_s1
single,active,0.007648503969475819,0.024335890050034305,4110456,0.9728311910435977,0.9856970148353479,1007893,5277,22871,751730,3094,7814,31438.839032355696,2434.358147415749,irma_s006,irma,low,6,B_N3_s1
single,land,0.004036476004022446,0.012549328602434967,3684744,0.9562021840691994,0.9733080595338388,591303,5088,21996,346595,2754,6751,14873.380736965686,580.2942979244401,irma_s006,irma,low,6,B_N3_s1
single,active,0.008652197459395286,0.02568357034044429,4110456,0.9677006723988271,0.9849072654693958,1120399,7415,29981,824327,3861,8771,35564.47696015611,2711.4449766059365,irma_s024,irma,mid,6,B_N3_s1
single,land,0.005103117545901836,0.014280287524221686,3684744,0.9508455931044362,0.9738880978306391,703582,7233,29139,418581,3515,7708,18803.681758556515,751.4173591762028,irma_s024,irma,mid,6,B_N3_s1
single,active,0.008553628263249898,0.025340384488310785,4110456,0.9706488170074077,0.985689395605325,1107884,6406,27095,815794,3646,8198,35159.312616445124,2639.468017122607,irma_s037,irma,low,-6,B_N3_s1
single,land,0.004714123295996828,0.01385291877158851,3684744,0.9549934992917759,0.9747044313213251,689724,6230,26275,408176,3391,7202,17370.337530184537,707.114748784091,irma_s037,irma,low,-6,B_N3_s1
single,active,0.00837599724992493,0.025145506070741803,4110456,0.9704916381042952,0.984788569814041,1098055,5492,27895,815595,3370,9228,34429.168151937425,2599.0268417186126,irma_s041,irma,mid,0,B_N3_s1
single,land,0.004688683728738689,0.01364048456257225,3684744,0.9544619610552658,0.9729950136914228,679659,5332,27095,406853,3100,8192,17276.59923736751,685.5938563083392,irma_s041,irma,mid,0,B_N3_s1
single,active,0.009119494555327843,0.025880357179786973,4110456,0.9681275301098791,0.9843568744312696,1155102,7005,31023,850254,4149,9363,37485.281111914665,2753.1541942230883,irma_s046,irma,mid,-6,B_N3_s1
single,land,0.0052576471215875316,0.014779323141665881,3684744,0.9521453936452309,0.9730658319897411,736812,6833,30199,442382,3889,8356,19373.083685386926,804.852708789015,irma_s046,irma,mid,-6,B_N3_s1
single,active,0.009126648241285158,0.026570804649509838,4110456,0.9676317222611746,0.9839936886194771,1162027,6454,32417,859364,4020,9959,37514.686023280025,2902.0134209519533,irma_s049,irma,high,-6,B_N3_s1
single,land,0.0053465404567621215,0.014755911704423086,3684744,0.9515000492742606,0.9726167927588597,743446,6288,31607,450342,3742,8937,19700.632868811488,802.3048472387322,irma_s049,irma,high,-6,B_N3_s1
single,active,0.008339539523930942,0.025868174129612988,4110456,0.9721914274839344,0.985082925846269,1052335,4507,25594,791919,3127,8865,34279.31027337909,2750.562736877269,irma_s059,irma,mid,0,B_N3_s1
single,land,0.0044246878377293885,0.013817348356030067,3684744,0.9558470318462101,0.9725335063130797,632765,4373,24856,380813,2911,7844,16303.841961946338,703.4880656625113,irma_s059,irma,mid,0,B_N3_s1
single,active,0.008614448814719417,0.026997002398712236,4110456,0.9710678037634258,0.9839584921800903,1044599,4474,26649,793656,2736,10203,35409.312817156315,2995.8570994922284,irma_s063,irma,high,6,B_N3_s1
single,land,0.0046453316568526885,0.014419359450304488,3684744,0.9537385502415857,0.9701106645210004,624941,4341,25972,381594,2506,9251,17116.857950598,766.1243338475584,irma_s063,irma,high,6,B_N3_s1
single,active,0.008799317803294156,0.026294080792094394,4110456,0.970105490532722,0.9851114284467704,1111997,5230,29037,835407,3421,9205,36169.20866045728,2841.881662802104,irma_s068,irma,high,0,B_N3_s1
single,land,0.004910631252555461,0.014479014074387161,3684744,0.9539397446761604,0.9738152809638952,692317,5101,28327,424080,3186,8217,18094.41904406622,772.4765436535881,irma_s068,irma,high,0,B_N3_s1
single,active,0.006577828800221515,0.02118891943887485,4110456,0.9735604707069843,0.9860982674889307,864216,5172,18298,644076,2810,6270,27037.875858843327,1845.4726921770846,matthew_s005,matthew,low,0,B_N3_s1
single,land,0.0031383784209127958,0.010916811345134813,3684744,0.9525220469057758,0.9696101887430822,447813,4949,17372,240729,2421,5124,11564.121056187898,439.13588799519243,matthew_s005,matthew,low,0,B_N3_s1
single,active,0.0065144081173235556,0.021414808389905254,4110456,0.9742417928575446,0.9866737971904908,848663,5468,16970,634672,2585,5987,26777.187932301313,1885.0305343992045,matthew_s006,matthew,low,6,B_N3_s1
single,land,0.003068188183941228,0.01091399817235727,3684744,0.9530623762681822,0.9703215030614343,432311,5257,16034,231215,2222,4850,11305.488001648337,438.9095937202496,matthew_s006,matthew,low,6,B_N3_s1
single,active,0.00782862185066905,0.02308026403789118,4110456,0.9655650070044418,0.9852461873518752,984941,7956,27170,717942,3957,6794,32179.205657813698,2189.634107477711,matthew_s024,matthew,mid,6,B_N3_s1
single,land,0.004456062429399765,0.013154752550004046,3684744,0.9434628388476688,0.9709872335151215,568142,7750,26296,313357,3593,5770,16419.44930035621,637.635791328272,matthew_s024,matthew,mid,6,B_N3_s1
single,active,0.007667182487370815,0.022899244402282398,4110456,0.9702761532453495,0.9841996945246779,967735,6636,23010,715898,3535,7958,31515.61625830829,2155.4219853231007,matthew_s037,matthew,low,-6,B_N3_s1
single,land,0.004024425643214786,0.012311022313441356,3684744,0.9503081290679961,0.9681680605712023,548974,6489,22217,308043,3259,6869,14828.978242281824,558.4644817463347,matthew_s037,matthew,low,-6,B_N3_s1
single,active,0.007471829765170598,0.02225812616198971,4110456,0.9701716902334926,0.9859119643915922,951297,5987,23261,708360,3212,6910,30712.627489224076,2036.4192942251293,matthew_s041,matthew,mid,0,B_N3_s1
single,land,0.00396539791937687,0.012264881379959843,3684744,0.9495054445652368,0.9714035212589051,532777,5825,22508,300255,2920,5919,14611.476191036403,554.2861473569219,matthew_s041,matthew,mid,0,B_N3_s1
single,active,0.008329535555739944,0.023866557270175833,4110456,0.966256918998439,0.9848997008369783,1031859,7643,28391,755227,4256,7323,34238.18940230459,2341.3673482002,matthew_s046,matthew,mid,-6,B_N3_s1
single,land,0.0046585533683857466,0.01336771052225321,3684744,0.9457994747221613,0.9713772994885204,612914,7493,27631,346975,3955,6269,17165.57657283917,658.4478516806485,matthew_s046,matthew,mid,-6,B_N3_s1
single,active,0.00821563693840878,0.023401016524984882,4110456,0.9659398977878982,0.9847529594249405,1032923,7497,28925,756760,4228,7489,33770.014147304,2250.9168398486772,matthew_s049,matthew,high,-6,B_N3_s1
single,land,0.004683117119865804,0.013335272456781266,3684744,0.9453193653783706,0.9708771411612918,614243,7336,28194,348408,3932,6519,17256.0877087228,655.2561518151075,matthew_s049,matthew,high,-6,B_N3_s1
single,active,0.007085383659136932,0.022176969194877154,4110456,0.9743524858913586,0.9862002940373183,893300,4363,19151,678849,2748,6751,29124.15777400136,2021.5960955668568,matthew_s059,matthew,mid,0,B_N3_s1
single,land,0.0033589706715534233,0.0114986157453092,3684744,0.9541463512914534,0.9701898981705462,473581,4263,18496,267916,2502,5730,12376.947028182447,487.19008670473585,matthew_s059,matthew,mid,0,B_N3_s1
single,active,0.00703726136847045,0.022495863447459484,4110456,0.9744462824955038,0.9861449243847862,878285,4737,18295,671187,2538,6892,28926.35321559757,2080.153280059861,matthew_s063,matthew,high,6,B_N3_s1
single,land,0.0033590532378442264,0.011706073134179073,3684744,0.9537830577353387,0.969489226779733,459072,4589,17656,260208,2279,5910,12377.251263827085,504.92838597088536,matthew_s063,matthew,high,6,B_N3_s1
single,active,0.007795331087697261,0.023040459539667605,4110456,0.9705425108547452,0.9865725081843502,964530,5466,23809,726879,3194,6699,32042.365441411734,2182.0880819599006,matthew_s068,matthew,high,0,B_N3_s1
single,land,0.0040985525173961495,0.012650986409460125,3684744,0.9502085619431588,0.9732196280418222,544670,5363,23178,315547,2957,5726,15102.116797160357,589.7339073836646,matthew_s068,matthew,high,0,B_N3_s1
single,active,0.004402143113673034,0.019746799198068536,4110456,0.9870119078138951,0.9900043161346795,558249,2264,5082,490858,1753,3203,18094.815574456006,1602.8150937697606,ian_s005,ian,low,0,B_N3_s1
single,land,0.0009637723648469323,0.006690442646302271,3684744,0.9610743556828281,0.9661275525455876,145992,1915,3998,93725,1291,1995,3551.2544387355447,164.9365949529129,ian_s005,ian,low,0,B_N3_s1
single,active,0.004409292717578398,0.019780241523542328,4110456,0.9871120155724651,0.9900619363689551,557817,2248,5035,490744,1736,3190,18124.203706726432,1608.2486075662928,ian_s006,ian,low,6,B_N3_s1
single,land,0.0009625319475960421,0.006702774145529465,3684744,0.9613652273837985,0.9664227247860777,145568,1896,3954,93628,1280,1973,3546.6838187128305,165.5451615330309,ian_s006,ian,low,6,B_N3_s1
single,active,0.004661118301165519,0.01987556666304802,4110456,0.9833046637355047,0.9895992212224758,592209,2976,7079,502184,1912,3366,19159.321687735617,1623.7869346250432,ian_s024,ian,mid,6,B_N3_s1
single,land,0.0012713626692537829,0.007396490946085598,3684744,0.9542134935746146,0.9663572231124864,179916,2614,6019,104929,1457,2196,4684.645967356861,201.58526332466536,ian_s024,ian,mid,6,B_N3_s1
single,active,0.004544060079416386,0.019076380906432072,4110456,0.9856460220715888,0.9900367089227154,582503,2616,5867,505686,1804,3285,18678.15901779756,1495.8290900714162,ian_s037,ian,low,-6,B_N3_s1
single,land,0.0011129005675184224,0.006663088874198797,3684744,0.9589694114976448,0.9673445873036194,168980,2332,4898,105783,1345,2226,4100.753688760102,163.5906705092071,ian_s037,ian,low,-6,B_N3_s1
single,active,0.004624795383115924,0.019700091589818305,4110456,0.9855593054865887,0.989775933222971,585506,2559,6020,509406,1883,3379,19010.017931301147,1595.2417022256577,ian_s041,ian,mid,0,B_N3_s1
single,land,0.0011713734662695207,0.007263326321990935,3684744,0.9587080126450777,0.9666225659512879,171649,2247,5146,108862,1434,2325,4316.211351595819,194.39202010932115,ian_s041,ian,mid,0,B_N3_s1
single,active,0.004726718020524808,0.019283210152120846,4110456,0.9832791438661159,0.9897670040372593,603933,2892,7378,513116,1913,3392,19428.96644777432,1528.4409764385794,ian_s046,ian,mid,-6,B_N3_s1
single,land,0.0012998885898293157,0.007071883751960841,3684744,0.9547957433577726,0.9676481652474266,190392,2599,6415,113180,1453,2331,4789.7566820420325,184.27972121340883,ian_s046,ian,mid,-6,B_N3_s1
single,active,0.00482043833425387,0.019916315936218582,4110456,0.9828952790323754,0.9895374681055358,608250,2991,7594,517348,2022,3448,19814.199673663825,1630.4519991329923,ian_s049,ian,high,-6,B_N3_s1
single,land,0.001372181981228521,0.0076693104323686395,3684744,0.9538655569405322,0.9671495663842159,194373,2681,6720,116763,1552,2414,5056.139322239906,216.73046095155962,ian_s049,ian,high,-6,B_N3_s1
single,active,0.00475645620366225,0.020187060534420886,4110456,0.9871674316395496,0.9902374594423866,582643,2219,5355,517305,1777,3323,19551.20394108072,1675.0823954540715,ian_s059,ian,mid,0,B_N3_s1
single,land,0.0011425836072945252,0.007423827498285776,3684744,0.9629468052741248,0.9682504722615185,167754,1950,4505,114301,1366,2382,4210.128091476858,203.078087276091,ian_s059,ian,mid,0,B_N3_s1
single,active,0.00489966184887902,0.02092454418388414,4110456,0.9867579471627651,0.9896667968587063,587641,2154,5732,521976,1846,3604,20139.84444469586,1799.707871103126,ian_s063,ian,high,6,B_N3_s1
single,land,0.0012468229332345416,0.008299226157473881,3684744,0.9620027993241472,0.9668571989304026,172515,1902,4912,118236,1435,2618,4594.223322298378,253.79468293389957,ian_s063,ian,high,6,B_N3_s1
single,active,0.004862838838956704,0.020195367971008866,4110456,0.9856804866684951,0.9900354900354901,596591,2491,6176,522216,1843,3413,19988.485082622617,1676.4613484777856,ian_s068,ian,high,0,B_N3_s1
single,land,0.0012834588948558057,0.007685845140391388,3684744,0.9601238664947473,0.9681599558025413,181690,2213,5333,119165,1423,2496,4729.217462066561,217.66599171168346,ian_s068,ian,high,0,B_N3_s1
single,active,0.005134909292753533,0.018760739299070812,4110456,0.9819841114546237,0.9879634671217564,627316,4104,7405,513495,1922,4334,21106.818711854517,1446.7380396806527,milton_s005,milton,low,0,B_N3_s1
single,land,0.0015544313674655608,0.007760560222352833,3684744,0.9532801872966756,0.960094389092816,210102,3880,6417,109854,1587,2979,5727.68165468052,221.9184790136482,milton_s005,milton,low,0,B_N3_s1
single,active,0.005121567528455932,0.018731064143106647,4110456,0.9823629970178146,0.9882444688348448,625221,3930,7295,513225,1853,4252,21051.977976746857,1442.1648486257052,milton_s006,milton,low,6,B_N3_s1
single,land,0.0015410239220985445,0.00774070093819942,3684744,0.954017189664187,0.9611452122062434,208012,3715,6311,109609,1534,2897,5678.278650809079,220.78415286549372,milton_s006,milton,low,6,B_N3_s1
single,active,0.006288037704351499,0.020017789478769615,4110456,0.9766964762659103,0.9873174185652359,848382,5048,15194,616325,2481,5436,25846.702310077846,1647.1086156075567,milton_s024,milton,mid,6,B_N3_s1
single,land,0.002845040375067942,0.010120721190973235,3684744,0.9576144111002259,0.9711344257500846,431073,4841,14239,212525,2177,4140,10483.24545178935,377.4246336893122,milton_s024,milton,mid,6,B_N3_s1
single,active,0.005944765811471386,0.019787046568543454,4110456,0.9773769816034807,0.9876923956527369,777693,4701,13300,587354,2203,5116,24435.698298357427,1609.3553773410863,milton_s037,milton,low,-6,B_N3_s1
single,land,0.0023958324462024236,0.009180922313630779,3684744,0.9548009236991547,0.9688569637950152,359304,4552,12457,180873,1923,3891,8828.029231149703,310.58461966944384,milton_s037,milton,low,-6,B_N3_s1
single,active,0.006026444439747938,0.01995556105666982,4110456,0.9775432394899634,0.9871775096738715,774312,4453,13335,588804,2157,5491,24771.43470602855,1636.8839445596118,milton_s041,milton,mid,0,B_N3_s1
single,land,0.002453184994914868,0.009537068994769781,3684744,0.9548314642966529,0.9671196492762589,355394,4278,12534,181333,1891,4274,9039.35869090259,335.1484146101688,milton_s041,milton,mid,0,B_N3_s1
single,active,0.006440236516602597,0.02058544103310766,4110456,0.9771461582125442,0.9877444977352279,874495,4958,15495,637192,2461,5445,26472.308831088245,1741.8484069226736,milton_s046,milton,mid,-6,B_N3_s1
single,land,0.0029091588176136753,0.010082847755734448,3684744,0.9590774122456532,0.9730020459387062,456072,4798,14662,230655,2181,4219,10719.505498249084,374.60514658107166,milton_s046,milton,mid,-6,B_N3_s1
single,active,0.006508540025702557,0.02068476258708777,4110456,0.9768530914577308,0.9871117661613934,879243,4933,15901,642285,2519,5867,26753.06739988923,1758.697251385902,milton_s049,milton,high,-6,B_N3_s1
single,land,0.0029743594457052754,0.010362333656361687,3684744,0.9586275984013363,0.971373587716757,460286,4750,15115,234713,2246,4671,10959.75312140584,395.6602894417941,milton_s049,milton,high,-6,B_N3_s1
single,active,0.00537986439030411,0.019310065527018437,4110456,0.982548355223086,0.9891069509233759,653319,3583,8021,546626,1802,4218,22113.69586231187,1532.7012046589152,milton_s059,milton,mid,0,B_N3_s1
single,land,0.0017508073956412145,0.008438684215902796,3684744,0.9557550786134514,0.9668123201534691,233123,3426,7366,136074,1550,3121,6451.2770462445915,262.3957468085822,milton_s059,milton,mid,0,B_N3_s1
single,active,0.005482783695506224,0.01952173529748714,4110456,0.9828194932729994,0.9892629057294939,657234,3295,8194,552534,1763,4234,22536.741137895733,1566.4871732493436,milton_s063,milton,high,6,B_N3_s1
single,land,0.00181654621318229,0.008930039159328725,3684744,0.9564937926239151,0.9674244971624246,236605,3156,7606,140976,1553,3194,6693.507759746164,293.8421188681843,milton_s063,milton,high,6,B_N3_s1
single,active,0.00628913682098667,0.020609128553466676,4110456,0.9770603122881857,0.9878953316639871,785620,4107,14338,604016,2138,5263,25851.220180645585,1745.8593784018847,milton_s068,milton,high,0,B_N3_s1
single,land,0.002597018679393884,0.00997162397967562,3684744,0.9540266494016416,0.9698705803334235,365438,3961,13649,193495,1903,4108,9569.348996784538,366.3861995377675,milton_s068,milton,high,0,B_N3_s1
single,active,0.005582042571231345,0.020730009524475842,4110456,0.9720566102126736,0.9830306070819076,618089,5827,11941,458513,2883,5032,22944.74037917331,1766.3998003592387,beryl_s005,beryl,low,0,B_N3_s1
single,land,0.0021517428084953895,0.009273749471100885,3684744,0.9366255731537312,0.9450823499448171,223063,4936,10157,89057,1980,3195,7928.621403146535,316.89693517447273,beryl_s005,beryl,low,0,B_N3_s1
single,active,0.005424242759761662,0.020356105171555332,4110456,0.9727588661122475,0.9832456758661823,606842,5827,11167,453350,2806,4919,22296.11119731888,1703.2538361588795,beryl_s006,beryl,low,6,B_N3_s1
single,land,0.001983642989631867,0.008889062150203403,3684744,0.9365073051732824,0.9437943322204612,211911,4941,9426,83959,1917,3083,7309.216604188085,291.1516165299757,beryl_s006,beryl,low,6,B_N3_s1
single,active,0.006499544585001479,0.021794201078806516,4110456,0.9658855790580506,0.9816789127407194,740388,7068,19082,531479,3152,6767,26716.092036686838,1952.4139888902862,beryl_s024,beryl,mid,6,B_N3_s1
single,land,0.0031121711054408717,0.011316976855161158,3684744,0.9362220018744651,0.9574839940791469,344628,6203,17274,161067,2280,4872,11467.553807746619,471.9197746067577,beryl_s024,beryl,mid,6,B_N3_s1
single,active,0.006316684525231169,0.021336778391290057,4110456,0.9703793148636976,0.9829273529037369,725671,6509,15642,517353,3156,5830,25964.45380684361,1871.3184385083077,beryl_s037,beryl,low,-6,B_N3_s1
single,land,0.002863360114585453,0.01054778557353288,3684744,0.9433538850160683,0.9573485302939412,327890,5765,13924,143631,2414,3985,10550.749002058059,409.94906968195716,beryl_s037,beryl,low,-6,B_N3_s1
single,active,0.006289627943727996,0.021684477221149225,4110456,0.9698906979858801,0.9827615114367592,709702,6339,15693,509952,3109,5836,25853.238919064403,1932.8044489250315,beryl_s041,beryl,mid,0,B_N3_s1
single,land,0.0028713846208804727,0.010690182099613574,3684744,0.9410445553818386,0.9554046175782649,311785,5559,13974,136020,2308,4041,10580.317253481597,421.09251971659023,beryl_s041,beryl,mid,0,B_N3_s1
single,active,0.0067899699712960036,0.022014724914618655,4110456,0.9667919730290635,0.9820394479794597,787745,7769,19289,563015,3283,7014,27909.872808333486,1992.12474424218,beryl_s046,beryl,mid,-6,B_N3_s1
single,land,0.0033502258573337674,0.011566556129744476,3684744,0.9406973262238708,0.960737183567671,389539,7030,17527,188659,2536,5174,12344.724626455456,492.9642892723215,beryl_s046,beryl,mid,-6,B_N3_s1
single,active,0.006765113566688599,0.022293896853823922,4110456,0.9668712589166828,0.9820592565489724,788586,7737,19283,563648,3271,7026,27807.701650876552,2042.9699499115832,beryl_s049,beryl,high,-6,B_N3_s1
single,land,0.0033616893250928578,0.011584893114555047,3684744,0.9408411528069359,0.9608927483241926,390339,6998,17546,189219,2486,5215,12386.964570499957,494.5285654372155,beryl_s049,beryl,high,-6,B_N3_s1
single,active,0.0056408841977944844,0.020610354362076422,4110456,0.9740072510911763,0.9847286794702882,637778,5572,11448,480586,2808,4645,23186.606296129525,1746.0670682221503,beryl_s059,beryl,mid,0,B_N3_s1
single,land,0.0021814076107703603,0.00927101121785256,3684744,0.9417480335512345,0.9531405598790248,238137,4857,9873,103370,2061,3021,8037.928605340421,316.70982294856,beryl_s059,beryl,mid,0,B_N3_s1
single,active,0.005490566706461119,0.020307521522051383,4110456,0.9746653711958478,0.9848984103046141,627973,5463,10860,476745,2705,4605,22568.732861973345,1695.1332711311125,beryl_s063,beryl,high,6,B_N3_s1
single,land,0.002054904751770051,0.00903348040920338,3684744,0.941750979348037,0.9527965816889913,228142,4753,9358,99229,1967,2949,7571.797954656184,300.6889956335691,beryl_s063,beryl,high,6,B_N3_s1
single,active,0.006327394627616259,0.021536906005489787,4110456,0.970793291624251,0.9835002557148977,719053,6212,15421,521144,3022,5721,26008.47721145302,1906.5870066630835,beryl_s068,beryl,high,0,B_N3_s1
single,land,0.002888977229558303,0.01070911004878571,3684744,0.9427572716850453,0.9578768996757708,319063,5525,13848,143580,2286,4028,10645.14151275158,422.58500579661893,beryl_s068,beryl,high,0,B_N3_s1
single,active,0.007055660213316848,0.02278780894447929,4110456,0.9727646757558969,0.9861292529700815,1021864,5895,22715,760992,3728,6976,29001.980857789516,2134.4950055861104,irma_s005,irma,low,0,B_N3_s2
single,land,0.003968975258477002,0.012277433907412033,3684744,0.9563720569987908,0.9744502950571758,605044,5650,21951,355688,3302,6024,14624.657769821584,555.4212993898208,irma_s005,irma,low,0,B_N3_s2
single,active,0.007119548949960722,0.023143915250048823,4110456,0.9730596245458255,0.9860336220338317,1008840,6007,21924,752531,3646,7013,29264.592698659748,2201.7279940577027,irma_s006,irma,low,6,B_N3_s2
single,land,0.0039853931267054615,0.012426363223600075,3684744,0.9564915386752647,0.9739285053203125,592118,5753,21181,347262,3212,6084,14685.153411269188,568.9779133126782,irma_s006,irma,low,6,B_N3_s2
single,active,0.008076167785708303,0.02441524365766204,4110456,0.9683060071543963,0.985259915470761,1121462,7789,28918,825234,4482,7864,33196.7323317714,2450.259768446982,irma_s024,irma,mid,6,B_N3_s2
single,land,0.005011841236677903,0.01405761746941146,3684744,0.9517612825833225,0.9744665820819913,704547,7535,28174,419350,4049,6939,18467.351925801486,728.1666140046914,irma_s024,irma,mid,6,B_N3_s2
single,active,0.00804920223745179,0.024241902641857584,4110456,0.9711100739979283,0.9858449048780988,1109065,7080,25914,816529,4261,7463,33085.89163214713,2415.5910350446356,irma_s037,irma,low,-6,B_N3_s2
single,land,0.0046683319396068875,0.013755026704842863,3684744,0.9556479057953772,0.9749398417880761,690792,6853,25207,408803,3933,6575,17201.608104474843,697.1563639192444,irma_s037,irma,low,-6,B_N3_s2
single,active,0.007861769396827341,0.024166494447258543,4110456,0.97090618711696,0.9852877829353727,1099126,6112,26824,816574,3944,8249,32315.457187805325,2400.586268274108,irma_s041,irma,mid,0,B_N3_s2
single,land,0.004634603519235004,0.013534748384839977,3684744,0.9550451905496254,0.9738639213672355,680612,5895,26142,407713,3610,7332,17077.327509880066,675.0060935138777,irma_s041,irma,mid,0,B_N3_s2
single,active,0.008585858750152626,0.02476556682744727,4110456,0.968614937121803,0.9846782525595058,1156194,7532,29931,851084,4710,8533,35291.794614717364,2521.079544155279,irma_s046,irma,mid,-6,B_N3_s2
single,land,0.0051858994952714834,0.014636464604822947,3684744,0.9528303226997937,0.973558912386707,737787,7300,29224,443091,4387,7647,19108.712049804628,789.368322351937,irma_s046,irma,mid,-6,B_N3_s2
single,active,0.008585680067963848,0.025607845321778497,4110456,0.968105960529503,0.9844694767774508,1163037,6909,31407,860320,4569,9003,35291.060149442405,2695.479787073549,irma_s049,irma,high,-6,B_N3_s2
single,land,0.005271895655404161,0.01459978876057896,3684744,0.9521513656784387,0.9733852281112055,744331,6683,30722,451166,4223,8113,19425.58588487655,785.4173029992952,irma_s049,irma,high,-6,B_N3_s2
single,active,0.007845011203990854,0.024970896131170085,4110456,0.9724347984242125,0.9854043363081586,1053284,5212,24645,792676,3633,8108,32246.573373511434,2563.0569730880843,irma_s059,irma,mid,0,B_N3_s2
single,land,0.00438550361013893,0.013721543975301207,3684744,0.9561811487037093,0.9730821133296089,633623,5039,23998,381455,3350,7202,16159.458114437759,693.7664341317892,irma_s059,irma,mid,0,B_N3_s2
single,active,0.008061944476936245,0.02591968343203977,4110456,0.9713208963683294,0.984489361992122,1045388,5006,25860,794541,3200,9318,33138.268046889454,2761.5276101575982,irma_s063,irma,high,6,B_N3_s2
single,land,0.004576346515921693,0.014273172443397085,3684744,0.9541192204872946,0.9710672338264237,625657,4830,25256,382382,2930,8463,16862.665366463363,750.6687659385211,irma_s063,irma,high,6,B_N3_s2
single,active,0.008284734461357128,0.025377539767097754,4110456,0.9705263506685001,0.9854942661753251,1113020,5787,28014,836252,3949,8360,34054.03647509217,2647.213919135112,irma_s068,irma,high,0,B_N3_s2
single,land,0.004854356844214952,0.014359100785180493,3684744,0.9545495226935696,0.9744672554191994,693254,5619,27390,424819,3653,7478,17887.06225557998,759.7344291513165,irma_s068,irma,high,0,B_N3_s2
single,active,0.006022813623452958,0.01967592775472909,4110456,0.9738556059635779,0.9865938370207167,865297,6013,17217,644818,3234,5528,24756.51039540395,1591.3307034809518,matthew_s005,matthew,low,0,B_N3_s2
single,land,0.0030971874856099307,0.010829051363956742,3684744,0.9529975153432861,0.9705096745645441,448757,5705,16428,241259,2737,4594,11412.343004476279,432.1038617397598,matthew_s005,matthew,low,0,B_N3_s2
single,active,0.005959148122493063,0.019842700433084975,4110456,0.9747129179193589,0.9870919533265912,849744,6156,15889,635398,3048,5261,24494.816154990345,1618.421187699867,matthew_s006,matthew,low,6,B_N3_s2
single,land,0.003028552878769452,0.010825654671497454,3684744,0.9538802621700583,0.9712366481308431,433261,5864,15084,231773,2572,4292,11159.442048728466,431.83283269154543,matthew_s006,matthew,low,6,B_N3_s2
single,active,0.007249960828795736,0.021625984872215044,4110456,0.9661367149919371,0.985774503808001,986157,8611,25954,718880,4518,5856,29800.644988488406,1922.3913047084482,matthew_s024,matthew,mid,6,B_N3_s2
single,land,0.004375432764388067,0.013009543005580819,3684744,0.9443980827840445,0.972100680154226,569235,8311,25203,314146,4035,4981,16122.349625982344,623.6363234122406,matthew_s024,matthew,mid,6,B_N3_s2
single,active,0.0071098216049171065,0.0214196900903694,4110456,0.9707952400229262,0.9846923566187733,968842,7243,21903,716794,4081,7062,29224.60887486115,1885.8900520866446,matthew_s037,matthew,low,-6,B_N3_s2
single,land,0.003980497850928031,0.012247280472486454,3684744,0.9510392761470603,0.9691268132544111,549928,7048,21263,308789,3714,6123,14667.115573219955,552.6964150658746,matthew_s037,matthew,low,-6,B_N3_s2
single,active,0.006924025783282279,0.020880452549207257,4110456,0.9705165890689085,0.9864201033652108,952201,6570,22357,709240,3734,6030,28460.903325047344,1792.1312704355385,matthew_s041,matthew,mid,0,B_N3_s2
single,land,0.003908037800391085,0.012161678972714992,3684744,0.9500478956195983,0.9724093368871658,533583,6353,21702,300985,3351,5189,14400.118836764246,544.9973505318965,matthew_s041,matthew,mid,0,B_N3_s2
single,active,0.007765492307151238,0.0224480617064859,4110456,0.9668198762530756,0.9851873669065498,1033019,8221,27231,755952,4768,6598,31919.71444688365,2071.3223851507128,matthew_s046,matthew,mid,-6,B_N3_s2
single,land,0.004597572292738494,0.013286422237102309,3684744,0.9466086106489826,0.9717725023068534,613941,8024,26604,347535,4386,5709,16940.876920234412,650.4642320254976,matthew_s046,matthew,mid,-6,B_N3_s2
single,active,0.007672128173235368,0.02216699523182968,4110456,0.9665471253538807,0.9850041608155199,1034131,8075,27717,757547,4831,6702,31535.945282444358,2019.7781022777037,matthew_s049,matthew,high,-6,B_N3_s2
single,land,0.00461881244608436,0.013225405031508344,3684744,0.9462782783336947,0.9713275212942686,615343,7840,27094,349065,4442,5862,17019.14144783467,644.5035041392479,matthew_s049,matthew,high,-6,B_N3_s2
single,active,0.006546433980136885,0.0207270183016919,4110456,0.9747294897829051,0.9865093238401097,894249,4982,18202,679480,3172,6120,26908.82883225754,1765.8900741945192,matthew_s059,matthew,mid,0,B_N3_s2
single,land,0.0033199546293919565,0.011420727686273772,3684744,0.9548141186509238,0.9707032168236804,474450,4826,17627,268414,2869,5232,12233.182900924236,480.6122911042685,matthew_s059,matthew,mid,0,B_N3_s2
single,active,0.006499253379168981,0.021203188466993976,4110456,0.9749034513575576,0.9865326193409324,879243,5297,17337,671881,2974,6198,26714.895047925413,1847.959083087553,matthew_s063,matthew,high,6,B_N3_s2
single,land,0.003304638359986721,0.011583387648731536,3684744,0.9545610201044761,0.9702450929329306,459939,5105,16789,260798,2678,5320,12176.74636913091,494.4000450490257,matthew_s063,matthew,high,6,B_N3_s2
single,active,0.007259355995215095,0.021678293107023294,4110456,0.970874128124472,0.9870274669379451,965445,6069,22894,727686,3672,5892,29839.26340666786,1931.7021877265638,matthew_s068,matthew,high,0,B_N3_s2
single,land,0.004044451298265336,0.012558625927856112,3684744,0.9507530138855725,0.974122423331403,545505,5913,22343,316243,3371,5030,14902.767654575408,581.1544528607858,matthew_s068,matthew,high,0,B_N3_s2
single,active,0.003919767208402747,0.018454462409040848,4110456,0.9871211893783807,0.9903340750056432,558986,2948,4345,491380,2115,2681,16112.03064038232,1399.886419970904,ian_s005,ian,low,0,B_N3_s2
single,land,0.0009572190617124401,0.0066592820179746095,3684744,0.9610218403620384,0.9669124073331482,146527,2480,3463,94039,1537,1681,3527.1071943305433,163.40379374080948,ian_s005,ian,low,0,B_N3_s2
single,active,0.003928847295759714,0.018496489013236504,4110456,0.9871549028929746,0.9903836073770029,558551,2967,4301,491258,2094,2676,16149.35393993929,1406.2696416752126,ian_s006,ian,low,6,B_N3_s2
single,land,0.0009569299216625989,0.006674306629505935,3684744,0.9610767216824434,0.9672257745652241,146100,2495,3422,93936,1518,1665,3526.0417872667313,164.14196583803735,ian_s006,ian,low,6,B_N3_s2
single,active,0.004180166424134371,0.018631377000401718,4110456,0.9835647783516693,0.9898754614816638,593183,3807,6105,502733,2325,2817,17182.390159081668,1426.855229170086,ian_s024,ian,mid,6,B_N3_s2
single,land,0.0012598646310851387,0.007355500127600588,3684744,0.9546689070657113,0.9671412823810399,180673,3317,5262,105283,1735,1842,4642.278640203178,199.35711267265788,ian_s024,ian,mid,6,B_N3_s2
single,active,0.004046537756528479,0.017518742249803047,4110456,0.9856643120289317,0.9902827719239211,583257,3370,5113,506187,2183,2784,16633.115400549024,1261.524965648278,ian_s037,ian,low,-6,B_N3_s2
single,land,0.0011031528835369786,0.006624333191090197,3684744,0.9587340898938667,0.9680453185433847,169555,2975,4323,106121,1615,1888,4064.835968695581,161.69316324664646,ian_s037,ian,low,-6,B_N3_s2
single,active,0.0041381160964286704,0.01837282355309758,4110456,0.9856266768876965,0.9900419948627643,586302,3326,5224,509934,2278,2851,17009.544137261808,1387.52817989175,ian_s041,ian,mid,0,B_N3_s2
single,land,0.0011596281657940757,0.007206629122034745,3684744,0.9587182512298822,0.9673770549886621,172274,2897,4521,109213,1709,1974,4272.932926140726,191.3690341810855,ian_s041,ian,mid,0,B_N3_s2
single,active,0.004224913964460244,0.017750185586336828,4110456,0.9834684002055272,0.9899772367627245,604837,3693,6474,513619,2311,2889,17366.322954699397,1295.07762462032,ian_s046,ian,mid,-6,B_N3_s2
single,land,0.001285103206772131,0.007023476448615626,3684744,0.9551949382524777,0.9682124062875809,191124,3282,5683,113520,1736,1991,4735.276330534369,181.76555266770748,ian_s046,ian,mid,-6,B_N3_s2
single,active,0.004329962949761173,0.018597520362266612,4110456,0.9832274558413387,0.9897938315752858,609192,3740,6652,517873,2417,2923,17798.122186623514,1421.674224198639,ian_s049,ian,high,-6,B_N3_s2
single,land,0.001356433764312887,0.007607689656460007,3684744,0.9546746505814266,0.9677214091513854,195146,3318,5947,117103,1832,2074,4998.111174449325,213.26171443756792,ian_s049,ian,high,-6,B_N3_s2
single,active,0.004261941584569376,0.01877240637784715,4110456,0.9872612219546333,0.9904358937083483,583346,2875,4652,517788,2160,2840,17518.5233579427,1448.5380172717937,ian_s059,ian,mid,0,B_N3_s2
single,land,0.0011289600184257776,0.007347584681303175,3684744,0.9630473095145453,0.9688886635056669,168306,2505,3953,114636,1634,2047,4159.9286541342735,198.92827671910808,ian_s059,ian,mid,0,B_N3_s2
single,active,0.0044122501813894256,0.019620380527094746,4110456,0.9869239387860531,0.9898730771635522,588408,2831,4965,522456,2221,3124,18136.36023159325,1582.3583960904793,ian_s063,ian,high,6,B_N3_s2
single,land,0.0012339707060356662,0.008253505593982151,3684744,0.962222098710538,0.9673490034184826,173123,2493,4304,118567,1715,2287,4546.866155240685,251.00606785298686,ian_s063,ian,high,6,B_N3_s2
single,active,0.00436912012013767,0.01880196645113386,4110456,0.9857401475657915,0.9901888165011262,597326,3200,5441,522688,2238,2941,17959.07601254061,1453.1035057432523,ian_s068,ian,high,0,B_N3_s2
single,land,0.001267180869538559,0.007606903690399669,3684744,0.9600474058467211,0.9687327734362333,182265,2827,4758,119499,1695,2162,4669.237105946988,213.21765170139304,ian_s068,ian,high,0,B_N3_s2
single,active,0.004606035615134486,0.017079855397888536,4110456,0.982121530448267,0.9885668357477705,628271,4987,6450,514120,2237,3709,18932.90673044324,1199.1082272824826,milton_s005,milton,low,0,B_N3_s2
single,land,0.0015328859086281498,0.007667446265624745,3684744,0.9533472869548707,0.9616347319489625,210889,4690,5630,110262,1828,2571,5648.292154502124,216.62511311910242,milton_s005,milton,low,0,B_N3_s2
single,active,0.004591245364526813,0.01703033870969519,4110456,0.9826298601946196,0.9888022938074895,626174,4727,6342,513841,2183,3636,18872.112056091428,1192.165569081208,milton_s006,milton,low,6,B_N3_s2
single,land,0.0015191436831196083,0.007640985075359836,3684744,0.9544579800242269,0.9625883670469658,208802,4442,5521,110020,1790,2486,5597.655571512878,215.13249954594946,milton_s006,milton,low,6,B_N3_s2
single,active,0.0057906508816315165,0.018622108418798865,4110456,0.9771548442448931,0.9875921265791985,849642,5930,13934,616933,2923,4828,23802.215660307556,1425.4359422741777,milton_s024,milton,mid,6,B_N3_s2
single,land,0.0028112168370980225,0.010018616214558448,3684744,0.9583448826405597,0.9715318077302091,432180,5653,13132,212952,2527,3713,10358.614373195916,369.8475966955118,milton_s024,milton,mid,6,B_N3_s2
single,active,0.005449178273900999,0.01833528862625991,4110456,0.9778886838173441,0.9881024010326155,778859,5477,12134,587915,2524,4555,22398.607531026006,1381.86464438484,milton_s037,milton,low,-6,B_N3_s2
single,land,0.002363489360369485,0.009124230961465897,3684744,0.9557590900892298,0.969567287374891,360325,5243,11436,181248,2173,3516,8708.853239685297,306.7607990944637,milton_s037,milton,low,-6,B_N3_s2
single,active,0.0055303063537523066,0.01854467936778896,4110456,0.9780806262606131,0.9876425919223603,775392,5122,12255,589433,2513,4862,22732.08093361929,1413.6069167709222,milton_s041,milton,mid,0,B_N3_s2
single,land,0.002421116715237749,0.009442094718515384,3684744,0.9558412505968124,0.9679740128338259,356351,4886,11577,181771,2178,3836,8921.195289772004,328.506544394454,milton_s041,milton,mid,0,B_N3_s2
single,active,0.00595469591102971,0.01920950897802111,4110456,0.9777451268269863,0.9880866068053515,875736,5679,14254,637802,2855,4835,24476.51553566754,1516.7797829633691,milton_s046,milton,mid,-6,B_N3_s2
single,land,0.002873815252462455,0.010017165439184992,3684744,0.9601109685386132,0.9735618238802952,457177,5437,13557,231108,2510,3766,10589.273508619517,369.7404906991886,milton_s046,milton,mid,-6,B_N3_s2
single,active,0.0060265684914528475,0.01937412631566292,4110456,0.9775255827584752,0.9875204280992345,880557,5658,14587,642939,2912,5213,24771.944615103304,1542.8874894228745,milton_s049,milton,high,-6,B_N3_s2
single,land,0.0029390307568455663,0.010272254401404161,3684744,0.9597675569772424,0.9721270484180943,461462,5405,13939,235211,2571,4173,10829.57594710216,388.8112777273263,milton_s049,milton,high,-6,B_N3_s2
single,active,0.004879731976970751,0.017804704137309148,4110456,0.9826910712246946,0.9893650495128284,654146,4328,7194,547107,2144,3737,20057.923583131284,1303.0453369195106,milton_s059,milton,mid,0,B_N3_s2
single,land,0.001729627667422305,0.00835147957277274,3684744,0.9559936386196295,0.9671611521606558,233837,4112,6652,136391,1827,2804,6373.235169768333,257.0006174495827,milton_s059,milton,mid,0,B_N3_s2
single,active,0.004993907121097334,0.018154305774376912,4110456,0.9832679238630778,0.9896791740476318,658173,3945,7255,553102,2102,3666,20527.235489357263,1354.7192305358292,milton_s063,milton,high,6,B_N3_s2
single,land,0.0017974083030584417,0.008835587016339764,3684744,0.9575597244850225,0.968323002636896,237448,3761,6763,141380,1835,2790,6622.989460244775,287.6591130423356,milton_s063,milton,high,6,B_N3_s2
single,active,0.005795272915142518,0.019235348844606464,4110456,0.9776405387941747,0.9882562760429012,786766,4802,13192,604547,2452,4732,23821.214325685054,1520.8631510461191,milton_s068,milton,high,0,B_N3_s2
single,land,0.002563592619963878,0.009877826212408078,3684744,0.955073574254484,0.970406115001677,366456,4607,12631,193859,2168,3744,9446.18252485618,359.52581747377087,milton_s068,milton,high,0,B_N3_s2
single,active,0.005133356296378736,0.019216094178553744,4110456,0.9723176818001278,0.983179095303468,619344,6947,10686,459065,3374,4480,21100.435188587755,1517.8198939925019,beryl_s005,beryl,low,0,B_N3_s2
single,land,0.0021475447177121366,0.009279421448741628,3684744,0.9374788200298716,0.9454012652603516,224079,5803,9141,89365,2274,2887,7913.152513321489,317.284692468524,beryl_s005,beryl,low,0,B_N3_s2
single,active,0.004976594155516007,0.01882255240354854,4110456,0.9728046694624134,0.9832949882798452,608000,6988,10009,453887,3329,4382,20456.071306105703,1456.287204172017,beryl_s006,beryl,low,6,B_N3_s2
single,land,0.0019840311684864087,0.008925686070025076,3684744,0.9368455799828349,0.943503141202952,212856,5868,8481,84252,2255,2790,7310.646943893284,293.55571268387115,beryl_s006,beryl,low,6,B_N3_s2
single,active,0.006033916950122432,0.020328206193947925,4110456,0.9661550406582441,0.9820896403719361,741638,8148,17832,532215,3675,6031,24802.150131132454,1698.5882602326353,beryl_s024,beryl,mid,6,B_N3_s2
single,land,0.0030920222006815897,0.011298188382673212,3684744,0.9368249295961707,0.9583301198958253,345635,7041,16267,161539,2624,4400,11393.310251828283,470.3541106318735,beryl_s024,beryl,mid,6,B_N3_s2
single,active,0.005865348796002742,0.01980302509797875,4110456,0.970665213814911,0.9832829112939042,726904,7559,14409,518078,3703,5105,24109.25815062225,1611.9556153283165,beryl_s037,beryl,low,-6,B_N3_s2
single,land,0.0028506823120791145,0.010547464453368469,3684744,0.9439055468821747,0.957828882196116,328902,6634,12912,144068,2795,3548,10504.034545339644,409.924108820201,beryl_s037,beryl,low,-6,B_N3_s2
single,active,0.0058275070034593665,0.02023615602034354,4110456,0.9701324505118709,0.9830731347622595,710915,7407,14480,510619,3623,5169,23953.711127411574,1683.239995988289,beryl_s041,beryl,mid,0,B_N3_s2
single,land,0.002852165152821833,0.010680951737783053,3684744,0.9415173518291068,0.9559255288586184,312757,6425,13002,136423,2652,3638,10509.498433869332,420.3656549626889,beryl_s041,beryl,mid,0,B_N3_s2
single,active,0.006324465722382118,0.020507399373661698,4110456,0.967165829416769,0.982528931121191,788981,8732,18053,563837,3834,6192,25996.43807535991,1728.6663658448917,beryl_s046,beryl,mid,-6,B_N3_s2
single,land,0.003325252519424757,0.011545967059123342,3684744,0.9413538437805813,0.9615687589890581,390547,7812,16519,189205,2934,4628,12252.704269435257,491.21084719741685,beryl_s046,beryl,mid,-6,B_N3_s2
single,active,0.006305948278988244,0.020873481581685824,4110456,0.9671213920965944,0.9824400772859406,789761,8741,18108,564402,3816,6272,25920.322939056903,1790.9348592498202,beryl_s049,beryl,high,-6,B_N3_s2
single,land,0.003336385374920778,0.01155075580163049,3684744,0.9412220351214818,0.9615628278487043,391266,7815,16619,189725,2875,4709,12293.725991927087,491.6183955754434,beryl_s049,beryl,high,-6,B_N3_s2
single,active,0.005190364344343064,0.01910953447032564,4110456,0.9740926085179832,0.9850043502738114,638845,6610,10381,481150,3244,4081,21334.764261391014,1501.032924018536,beryl_s059,beryl,mid,0,B_N3_s2
single,land,0.0021770111203558,0.009288695447248179,3684744,0.9420641209096607,0.9535360594385339,238980,5667,9030,103698,2360,2693,8021.728663664311,317.9192079217649,beryl_s059,beryl,mid,0,B_N3_s2
single,active,0.005041584085357804,0.018876689257703652,4110456,0.9746585371522425,0.985167099731493,629030,6552,9803,477344,3181,4006,20723.2095531635,1464.6763092393105,beryl_s063,beryl,high,6,B_N3_s2
single,land,0.002051824421612111,0.009055323783927609,3684744,0.9418190492642039,0.9532889195191055,228992,5638,8508,99592,2294,2586,7560.447726588696,302.1449136295132,beryl_s063,beryl,high,6,B_N3_s2
single,active,0.0058642585766895,0.0200780448775383,4110456,0.9710222109569021,0.9839046649319304,720213,7232,14261,521804,3475,5061,24104.776852104813,1657.03943820532,beryl_s068,beryl,high,0,B_N3_s2
single,land,0.0028689173124311143,0.010697007490122583,3684744,0.9433308178473729,0.9587255515464603,320008,6321,12903,144014,2606,3594,10571.225853476673,421.63040361505045,beryl_s068,beryl,high,0,B_N3_s2
single,active,0.006271821463764216,0.021079141434177332,4110456,0.9740592700450017,0.9861218654301821,1026188,8938,18391,762855,5623,5113,25780.0461666584,1826.3997513772747,irma_s005,irma,low,0,B_N5_s0
single,land,0.00400249504887285,0.012373896989979725,3684744,0.958581985641755,0.9743691131315004,609268,8598,17727,357307,4994,4405,14748.169616363943,564.1834119465091,irma_s005,irma,low,0,B_N5_s0
single,active,0.006335882821921054,0.021548625569159607,4110456,0.9742807239599663,0.9859564550767337,1012985,8962,17779,754305,5505,5239,26043.36756066233,1908.6625552388869,irma_s006,irma,low,6,B_N5_s0
single,land,0.004019772766814721,0.01252573165137233,3684744,0.9585705005756331,0.9737379094728321,596158,8625,17141,348827,4889,4519,14811.833583883941,578.1140534350014,irma_s006,irma,low,6,B_N5_s0
single,active,0.00730376825644055,0.022946481609436936,4110456,0.9687591512466367,0.9848853898056779,1124772,10664,25608,826895,6487,6203,30021.818052295595,2164.3236877209783,irma_s024,irma,mid,6,B_N5_s0
single,land,0.005050791941573378,0.014137127953769988,3684744,0.9524903472045585,0.9736361680121615,707747,10328,24974,420789,5894,5500,18610.875301960856,736.4269915419449,irma_s024,irma,mid,6,B_N5_s0
single,active,0.007293529116533374,0.022424579744828754,4110456,0.9717050168100249,0.9855431003021942,1112748,10171,22231,818258,6269,5734,29979.730518229306,2066.991207339466,irma_s037,irma,low,-6,B_N5_s0
single,land,0.004733514684306503,0.013800968586603094,3684744,0.9566444722735408,0.97429474379035,694389,9860,21610,410333,5781,5045,17441.789831910282,701.8211550422883,irma_s037,irma,low,-6,B_N5_s0
single,active,0.007035242431157991,0.02216055668271349,4110456,0.9717712590023772,0.9855165448677746,1102939,9028,23011,818709,5918,6114,28918.05446260795,2018.6049570889377,irma_s041,irma,mid,0,B_N5_s0
single,land,0.004657151517337051,0.013517036773645255,3684744,0.9564071960061942,0.9741849409380938,684317,8754,22437,409636,5446,5409,17160.411110598594,673.240619538704,irma_s041,irma,mid,0,B_N5_s0
single,active,0.00781369943335297,0.022873252761204853,4110456,0.9689851862685694,0.9842826015704703,1159415,10400,26710,852873,6875,6744,32117.867718022317,2150.531766293934,irma_s046,irma,mid,-6,B_N5_s0
single,land,0.005254408352421266,0.014666707817562833,3684744,0.9534359710823033,0.9728247434408136,740917,10091,26094,444685,6369,6053,19361.149650134146,792.6338238347602,irma_s046,irma,mid,-6,B_N5_s0
single,active,0.007793733380313906,0.023760614947655516,4110456,0.9690456953196945,0.9842863861770427,1166982,9815,27462,862227,6669,7096,32035.798135511577,2320.627083730132,irma_s049,irma,high,-6,B_N5_s0
single,land,0.005324574454344419,0.01464036816292625,3684744,0.9536098701861494,0.9729328509555891,748188,9532,26865,452873,6193,6406,19619.693773198873,789.7894289638343,irma_s049,irma,high,-6,B_N5_s0
single,active,0.006937747986941654,0.022683293500289706,4110456,0.9742069319848591,0.9857348204574233,1058054,8138,19875,794797,5515,5987,28517.307839412242,2114.9603410260056,irma_s059,irma,mid,0,B_N5_s0
single,land,0.004354814164817342,0.013544305209243724,3684744,0.9591053266600454,0.9736284053362861,638322,7918,19299,383373,5100,5284,16046.375364925712,675.9596675301036,irma_s059,irma,mid,0,B_N5_s0
single,active,0.007053282010720579,0.0237051993383085,4110456,0.9738290747069385,0.98502842250756,1050634,7621,20614,796756,5007,7103,28992.205360658467,2309.8151580322556,irma_s063,irma,high,6,B_N5_s0
single,land,0.004497693689870995,0.013982281924511954,3684744,0.9582281403707046,0.972087424674231,630815,7401,20098,384411,4604,6434,16572.84983759001,720.3829567267256,irma_s063,irma,high,6,B_N5_s0
single,active,0.0073964144813447995,0.023104201948062186,4110456,0.9716728319948787,0.9857622248037587,1117141,8675,23893,838375,5872,6237,30402.63628333062,2194.178461560946,irma_s068,irma,high,0,B_N5_s0
single,land,0.004849796929364351,0.0142047474016786,3684744,0.956387506291978,0.9748960570201489,697305,8459,23339,426751,5443,5546,17870.260136693716,743.4886632658701,irma_s068,irma,high,0,B_N5_s0
single,active,0.005301276719938187,0.01785109295157494,4110456,0.9742103526676198,0.9862709484416496,868113,8580,14401,646185,4834,4161,21790.66470113024,1309.8441550682305,matthew_s005,matthew,low,0,B_N5_s0
single,land,0.003168594375271383,0.010979913657079473,3684744,0.9537437442301152,0.9699905983076954,451467,8178,13718,242454,4102,3399,11675.459112714976,444.2272239568488,matthew_s005,matthew,low,0,B_N5_s0
single,active,0.005255899860586319,0.018154989478827,4110456,0.9749126735948284,0.9866708818975978,852372,8673,13261,636678,4620,3981,21604.145117346197,1354.8212718938685,matthew_s006,matthew,low,6,B_N5_s0
single,land,0.0031025092298919087,0.01097375907885114,3684744,0.9543536388541546,0.9702850237519793,435797,8296,12548,232849,3915,3216,11431.952269788831,443.72935757425086,matthew_s006,matthew,low,6,B_N5_s0
single,active,0.006668452794569772,0.020326493787244163,4110456,0.9654458463428617,0.9848847722047224,988548,11818,23563,720066,6381,4670,27410.381800156087,1698.302101052074,matthew_s024,matthew,mid,6,B_N5_s0
single,land,0.004502087130580369,0.01324472682257647,3684744,0.9433446558195269,0.9702045779905485,571548,11436,22890,315137,5688,3990,16589.03854188323,646.3880677743505,matthew_s024,matthew,mid,6,B_N5_s0
single,active,0.006374713797414539,0.019672089901158006,4110456,0.9709949002022333,0.9844529979295329,971795,10079,18950,718441,5931,5415,26202.980576865375,1590.7099755869003,matthew_s037,matthew,low,-6,B_N5_s0
single,land,0.004042853151531821,0.012315123321147994,3684744,0.9514913684790279,0.9687773198451355,552826,9819,18365,310280,5368,4632,14896.878892987967,558.8366114604033,matthew_s037,matthew,low,-6,B_N5_s0
single,active,0.006171831937204683,0.019036654962854054,4110456,0.9702407566987513,0.9860845774664497,954779,9506,19779,710753,5513,4517,25369.043617274612,1489.6055460081184,matthew_s041,matthew,mid,0,B_N5_s0
single,land,0.003974901292587216,0.012252925207227018,3684744,0.9496586395893046,0.9717193988403636,536088,9221,19197,302333,4958,3841,14646.493688452989,553.2060047043285,matthew_s041,matthew,mid,0,B_N5_s0
single,active,0.007074715023963476,0.020749678955981014,4110456,0.9662957300150844,0.9846643872125223,1035841,11721,24409,757394,6640,5156,29080.30481854081,1769.7534469751263,matthew_s046,matthew,mid,-6,B_N5_s0
single,land,0.00469637394441215,0.01338181459115957,3684744,0.9458595990736054,0.9707829707412242,616691,11445,23854,348813,6067,4431,17304.935713429004,659.8380213785423,matthew_s046,matthew,mid,-6,B_N5_s0
single,active,0.006995077101294017,0.020525108320568496,4110456,0.9661379486386427,0.9846608258896721,1037066,11566,24782,759077,6653,5172,28752.9566414766,1731.6531978697342,matthew_s049,matthew,high,-6,B_N5_s0
single,land,0.004725615191855173,0.013402955832441167,3684744,0.9457100722968239,0.9706697024591027,618205,11257,24232,350437,6099,4490,17412.6822244972,661.9245566542568,matthew_s049,matthew,high,-6,B_N5_s0
single,active,0.00567404608088573,0.01855180020365821,4110456,0.9753995895402329,0.9865907125693603,897313,7493,15138,681159,4817,4441,23322.916757453233,1414.6927263700238,matthew_s059,matthew,mid,0,B_N5_s0
single,land,0.0033367209929994653,0.011395533883547219,3684744,0.9560952947372426,0.9708963115903974,477452,7300,14625,269915,4360,3731,12294.962658628821,478.4941956323254,matthew_s059,matthew,mid,0,B_N5_s0
single,active,0.005687150141446195,0.019382051836505786,4110456,0.9758418902750532,0.9867451574479557,882487,7754,14093,673496,4464,4583,23376.780421808362,1544.1500689988459,matthew_s063,matthew,high,6,B_N5_s0
single,land,0.0033257575852728306,0.011607418906998929,3684744,0.9563931636639985,0.9706926485449975,463120,7508,13608,262220,4019,3898,12254.56530778855,496.4535685837569,matthew_s063,matthew,high,6,B_N5_s0
single,active,0.00642745403530767,0.01966473502917822,4110456,0.9709520681545813,0.9866910918121194,968180,8806,20159,729292,5551,4286,26419.767004154623,1589.520749508131,matthew_s068,matthew,high,0,B_N5_s0
single,land,0.004079676133500538,0.012545456271507804,3684744,0.9509311221170776,0.9733088616050226,548169,8607,19679,317652,5090,3621,15032.562154859304,579.9362317781555,matthew_s068,matthew,high,0,B_N5_s0
single,active,0.0033922170898189052,0.017614082639610753,4110456,0.9871921425398549,0.9898040461985927,560042,3977,3289,492089,3097,1972,13943.559090148658,1275.293255429701,ian_s005,ian,low,0,B_N5_s0
single,land,0.0010211460452267999,0.00694906665572521,3684744,0.9611849224871899,0.9649276812052793,147440,3404,2550,94533,2249,1187,3762.6617632731795,177.9345462973378,ian_s005,ian,low,0,B_N5_s0
single,active,0.0034022617650013246,0.017660823147160214,4110456,0.9872557978710267,0.9898830555264916,559622,3994,3230,491960,3054,1974,13984.847285520285,1282.0704396384112,ian_s006,ian,low,6,B_N5_s0
single,land,0.0010208348089815512,0.006970495237189611,3684744,0.9613895827067177,0.9653043282697144,147033,3416,2489,94428,2221,1173,3761.5149373859167,179.03361871566602,ian_s006,ian,low,6,B_N5_s0
single,active,0.0036760029258955337,0.017883776096972302,4110456,0.9838445290234433,0.9893580649598177,594796,5275,4492,503514,3380,2036,15110.048282764852,1314.6448713981354,ian_s024,ian,mid,6,B_N5_s0
single,land,0.0013238858164171213,0.007641820111230347,3684744,0.9556793679273494,0.9651993105523788,182163,4676,3772,105837,2528,1288,4878.180318728089,215.17952310857015,ian_s024,ian,mid,6,B_N5_s0
single,active,0.003508360868791168,0.016195637422501047,4110456,0.9857606596908963,0.9899846518548604,584561,4635,3809,506985,3143,1986,14420.96298328787,1078.1671481460019,ian_s037,ian,low,-6,B_N5_s0
single,land,0.0011540287961488438,0.006865457130129937,3684744,0.9590032244654915,0.9675039203778066,170716,4136,3162,106736,2312,1273,4252.300682436675,173.67857198441655,ian_s037,ian,low,-6,B_N5_s0
single,active,0.003604391134553619,0.017463435956955018,4110456,0.9857999104211714,0.9896332294718566,587658,4597,3868,510722,3287,2063,14815.69116537273,1253.5723242346842,ian_s041,ian,mid,0,B_N5_s0
single,land,0.0012176175482376819,0.007454779179943385,3684744,0.9593162430963662,0.9660387650779965,173524,4088,3271,109799,2472,1388,4486.608955163509,204.7749778354773,ian_s041,ian,mid,0,B_N5_s0
single,active,0.00368365933599919,0.01645170033470349,4110456,0.9840444342068124,0.9895764607669832,606626,5151,4685,514462,3373,2046,15141.519619613886,1112.5296246912683,ian_s046,ian,mid,-6,B_N5_s0
single,land,0.001331833094604466,0.007251450331872676,3684744,0.9569225270661352,0.9671189713879148,192773,4644,4034,114180,2551,1331,4907.464004345238,193.75685372487578,ian_s046,ian,mid,-6,B_N5_s0
single,active,0.003785612379906422,0.017700808279781672,4110456,0.9838251323888602,0.9892177993095425,611041,5243,4803,518637,3494,2159,15560.593120660633,1287.8823758315577,ian_s049,ian,high,-6,B_N5_s0
single,land,0.0014057718308322798,0.007847774685368363,3684744,0.9565181482075275,0.9658588229500932,196883,4740,4210,117687,2670,1490,5179.909319028258,226.93441986557366,ian_s049,ian,high,-6,B_N5_s0
single,active,0.0036838093860515593,0.01772272341551022,4110456,0.9876463532075217,0.9900768912047689,584578,3892,3420,518530,3099,2098,15142.136393751949,1291.0733701155107,ian_s059,ian,mid,0,B_N5_s0
single,land,0.0011700810507895714,0.007519679458367575,3684744,0.9643330734339163,0.9680520309900341,169442,3450,2817,115204,2323,1479,4311.449131410569,208.3559835237895,ian_s059,ian,mid,0,B_N5_s0
single,active,0.003837705379396168,0.018819270172399375,4110456,0.9873240332712734,0.9896679483227201,589701,3899,3672,523280,3163,2300,15774.719102971256,1455.7793607754356,ian_s063,ian,high,6,B_N5_s0
single,land,0.0012773330807088633,0.008432447783285809,3684744,0.9634548740652308,0.9668440176485855,174315,3500,3112,119208,2442,1646,4706.645405143499,262.00805397078864,ian_s063,ian,high,6,B_N5_s0
single,active,0.0038011935076643828,0.01779368229865697,4110456,0.9861616201544259,0.9898529951250505,598750,4385,4017,523460,3197,2169,15624.638660740107,1301.4325597533268,ian_s068,ian,high,0,B_N5_s0
single,land,0.0013063311407496077,0.0077748561434752075,3684744,0.9614377579020129,0.967993100502148,183600,3941,3423,120096,2406,1565,4813.495832890272,222.7368351832992,ian_s068,ian,high,0,B_N5_s0
single,active,0.0038449065923754177,0.015370368623059925,4110456,0.9819416822010387,0.9880295471987721,630002,6867,4719,514961,3371,2868,15804.31937206909,971.0879611055559,milton_s005,milton,low,0,B_N5_s0
single,land,0.00155818776985906,0.007764085677870959,3684744,0.9529844387640701,0.959640440883844,212506,6471,4013,110921,2753,1912,5741.523035861552,222.12015039032585,milton_s005,milton,low,0,B_N5_s0
single,active,0.003834690601674484,0.015354110763128072,4110456,0.9821662646607039,0.9883975036005761,627893,6778,4623,514708,3273,2769,15762.326991796494,969.0347296266266,milton_s006,milton,low,6,B_N5_s0
single,land,0.0015479093122928885,0.007747652531037279,3684744,0.9533188346699288,0.96127329246479,210407,6387,3916,110706,2660,1800,5703.649551015347,221.18088456146774,milton_s006,milton,low,6,B_N5_s0
single,active,0.005061711057142848,0.016898479418981895,4110456,0.9777046490470221,0.9870552021866299,853280,9162,10296,618244,4591,3517,20805.94058509916,1173.776088153775,milton_s024,milton,mid,6,B_N5_s0
single,land,0.0028609346615743676,0.010113054142317533,3684744,0.9595084728966405,0.9701580481260397,435708,8783,9604,214045,3964,2620,10541.811828628182,376.85300704566185,milton_s024,milton,mid,6,B_N5_s0
single,active,0.004662641078560978,0.016536128121963232,4110456,0.9782445076789974,0.9878880867939398,782443,8851,8550,589132,3885,3338,19165.580997217447,1123.9776119743606,milton_s037,milton,low,-6,B_N5_s0
single,land,0.002371459358150342,0.0091376464578135,3684744,0.9566655622695885,0.9688790615349453,363818,8537,7943,182282,3373,2482,8738.220641188323,307.6635324485553,milton_s037,milton,low,-6,B_N5_s0
single,active,0.004702045441458978,0.01661946947742893,4110456,0.9786549248443811,0.9875123706101051,779024,8368,8623,590722,3897,3573,19327.550897117704,1135.335757358163,milton_s041,milton,mid,0,B_N5_s0
single,land,0.0024168667195734427,0.009433068418895098,3684744,0.9571534576441583,0.9675512946678941,359883,8065,8045,182873,3399,2734,8905.535143747926,327.8787639549965,milton_s041,milton,mid,0,B_N5_s0
single,active,0.0051938507697424025,0.017461879169570572,4110456,0.9782311790286166,0.9876775962195223,879557,9140,10433,639140,4477,3497,21349.095059592277,1253.3488334395302,milton_s046,milton,mid,-6,B_N5_s0
single,land,0.00290885569960281,0.010055149567003017,3684744,0.9610965371413795,0.972383185396081,460890,8812,9844,232244,3966,2630,10718.388585977256,372.54984777814093,milton_s046,milton,mid,-6,B_N5_s0
single,active,0.0052515746183727,0.01755146089822619,4110456,0.9782251188057602,0.9873889968192877,884518,9063,10626,644453,4532,3699,21586.366399537772,1266.2415069341932,milton_s049,milton,high,-6,B_N5_s0
single,land,0.002963558590636188,0.010289945552866513,3684744,0.9611452365117461,0.9717857905895114,465350,8761,10051,236521,4004,2863,10919.95473549515,390.1516733445806,milton_s049,milton,high,-6,B_N5_s0
single,active,0.004081347736800552,0.015991030513783644,4110456,0.983228555504282,0.9893243123712698,656250,6104,5090,548055,3125,2789,16776.20029281825,1051.097268983185,milton_s059,milton,mid,0,B_N5_s0
single,land,0.0017184350930957027,0.008332928519092935,3684744,0.9575200545613978,0.9669768753525099,235864,5839,4625,137156,2645,2039,6331.993398673832,255.86013998977884,milton_s059,milton,mid,0,B_N5_s0
single,active,0.004200867494141033,0.016597686124859026,4110456,0.9834185839363435,0.9896079306957221,660222,5926,5206,554032,3082,2736,17267.480996496975,1132.3615094465017,milton_s063,milton,high,6,B_N5_s0
single,land,0.0017892935235823307,0.00884772856160904,3684744,0.9580415662988068,0.9679475393761108,239428,5703,4783,142146,2683,2024,6593.088575258851,288.45023781019796,milton_s063,milton,high,6,B_N5_s0
single,active,0.00488667810773384,0.017200596342287756,4110456,0.9788706505042203,0.9881149098667781,790811,7923,9147,605751,3758,3528,20086.47534800321,1216.121627114253,milton_s068,milton,high,0,B_N5_s0
single,land,0.002512727928471396,0.009765176049702767,3684744,0.9577340245368635,0.9699577437449295,370418,7678,8669,194881,3314,2722,9258.759158067405,351.3722623752222,milton_s068,milton,high,0,B_N5_s0
single,active,0.004638599929825851,0.018041074833161794,4110456,0.9715639884633812,0.9826134347816795,620501,8632,9529,459755,4345,3790,19066.760913152248,1337.8727855217053,beryl_s005,beryl,low,0,B_N5_s0
single,land,0.0022222897266568975,0.009516851881070694,3684744,0.9357318675470254,0.9433835423625554,225051,7288,8169,89812,2950,2440,8188.568736560643,333.72899490094005,beryl_s005,beryl,low,0,B_N5_s0
single,active,0.004481156135684061,0.017699374408543328,4110456,0.9721788178511405,0.9826573849878935,609106,8528,8903,454538,4291,3731,18419.595124859363,1287.6737319467427,beryl_s006,beryl,low,6,B_N5_s0
single,land,0.0020479366458999886,0.00915499455752289,3684744,0.9355771713114288,0.9411529267885931,213814,7200,7523,84652,2903,2390,7546.122268360108,308.8328585434996,beryl_s006,beryl,low,6,B_N5_s0
single,active,0.005532552073170629,0.019244493815909876,4110456,0.966029505993608,0.9817666566618362,743266,9933,16204,533169,4825,5077,22741.31186447665,1522.3096084149965,beryl_s024,beryl,mid,6,B_N5_s0
single,land,0.0031570546819412906,0.011501340053775488,3684744,0.9367168883599554,0.957677641753338,347107,8655,14795,162244,3475,3695,11632.938296955079,487.4209689843622,beryl_s024,beryl,mid,6,B_N5_s0
single,active,0.005359228577036184,0.018494701256199193,4110456,0.9705140172604122,0.9824927771109201,728824,9654,12489,518935,4999,4248,22028.873259849846,1405.9978120377875,beryl_s037,beryl,low,-6,B_N5_s0
single,land,0.0029287575551789425,0.010776819752675623,3684744,0.9437611848283066,0.9554092601885845,330659,8549,11155,144691,3828,2925,10791.721828900278,427.9455932723559,beryl_s037,beryl,low,-6,B_N5_s0
single,active,0.005313594641364755,0.01900381609717722,4110456,0.9700220370151074,0.9824217699618165,712649,9278,12746,511492,4856,4296,21841.296975165606,1484.4707400413874,beryl_s041,beryl,mid,0,B_N5_s0
single,land,0.0029310295006935937,0.01089374893456504,3684744,0.9414715819236115,0.9537905785400078,314331,8113,11428,137033,3611,3028,10800.093366503716,437.28244667074915,beryl_s041,beryl,mid,0,B_N5_s0
single,active,0.0058043732121170625,0.019185343513950338,4110456,0.9669094456424474,0.982215940108975,790959,10994,16075,564949,5149,5080,23858.620695985854,1512.9659809224365,beryl_s046,beryl,mid,-6,B_N5_s0
single,land,0.003404975469513094,0.01173992311376656,3684744,0.9409023649126678,0.960932010171428,392329,9905,14737,190081,3976,3752,12546.462931435555,507.8527701292514,beryl_s046,beryl,mid,-6,B_N5_s0
single,active,0.005771453572337652,0.019651133556377324,4110456,0.9668848455244841,0.9821533385430233,791782,11031,16087,565573,5176,5101,23723.305965136737,1587.3226678827023,beryl_s049,beryl,high,-6,B_N5_s0
single,land,0.00341516272587956,0.011743078399617387,3684744,0.9409006706205034,0.9609683321320747,393129,9937,14756,190659,3969,3775,12584.000363208354,508.1257933819636,beryl_s049,beryl,high,-6,B_N5_s0
single,active,0.0047022096302935315,0.01790860988426771,4110456,0.9735137708014301,0.9843406890832174,640170,8361,9056,481883,4318,3348,19328.22578809783,1318.2984933745647,beryl_s059,beryl,mid,0,B_N5_s0
single,land,0.0022631850137213795,0.009564255893711359,3684744,0.9408130807439791,0.9515644544267623,240167,7266,7843,104222,3136,2169,8339.257400199771,337.06192350180135,beryl_s059,beryl,mid,0,B_N5_s0
single,active,0.004542810513418403,0.017785704233935294,4110456,0.9741227161875207,0.984365636525761,630310,8221,8523,478005,4247,3345,18673.022731743753,1300.2657877102122,beryl_s063,beryl,high,6,B_N5_s0
single,land,0.002129126098305574,0.009336852233229036,3684744,0.9407119148449125,0.9505069028095813,230132,7136,7368,100038,3069,2140,7845.284615974873,321.2242262054286,beryl_s063,beryl,high,6,B_N5_s0
single,active,0.005354348659753787,0.01883441156348922,4110456,0.9707609101984503,0.9833026387323851,721918,9188,12556,522705,4716,4160,22008.814574576914,1458.1228514421823,beryl_s068,beryl,high,0,B_N5_s0
single,land,0.002952420573669388,0.010932036052900012,3684744,0.9429260096589459,0.9570621543672109,321567,8120,11344,144681,3564,2927,10878.913994304836,440.36158977558335,beryl_s068,beryl,high,0,B_N5_s0
single,active,0.006869813431553309,0.02236465061177577,4110456,0.9726555214245203,0.9862268839409949,1022117,6273,22462,761235,3898,6733,28238.06583860889,2055.9580045999833,irma_s005,irma,low,0,B_N5_s1
single,land,0.003965850762505516,0.012348724549056595,3684744,0.956217743859189,0.9745439210467224,605304,6024,21691,355882,3466,5830,14613.144802037627,561.8902898920379,irma_s005,irma,low,0,B_N5_s1
single,active,0.006924269336738495,0.022797559489185732,4110456,0.9729561367728075,0.9862083331695679,1008974,6255,21790,752760,3743,6784,28461.904440812767,2136.322030000486,irma_s006,irma,low,6,B_N5_s1
single,land,0.003968656730696214,0.012455489197839915,3684744,0.9563310597840128,0.97416608955793,592252,5997,21047,347449,3317,5897,14623.484076492488,571.6482774773561,irma_s006,irma,low,6,B_N5_s1
single,active,0.007871496990772496,0.024015782251402017,4110456,0.9670376464592808,0.9853536800878827,1119583,7365,30797,825214,4382,7884,32355.442034702748,2370.7375478286663,irma_s024,irma,mid,6,B_N5_s1
single,land,0.004995430392700848,0.014071978946501603,3684744,0.9497540008650519,0.9744850170944342,702666,7119,30055,419279,3968,7010,18406.882166922092,729.6551862984239,irma_s024,irma,mid,6,B_N5_s1
single,active,0.00783413440123345,0.023752767435390853,4110456,0.9703523206547864,0.9860628313594143,1108252,7134,26727,816674,4225,7318,32201.864754356444,2319.0944514975736,irma_s037,irma,low,-6,B_N5_s1
single,land,0.004656856183985921,0.013743958446741089,3684744,0.9544786793449843,0.9752503702785019,690006,6915,25993,408902,3901,6476,17159.32288280502,696.0348536236639,irma_s037,irma,low,-6,B_N5_s1
single,active,0.007638675601263835,0.023542260622429888,4110456,0.9700602134052102,0.9855236137152841,1098405,6356,27545,816800,3975,8023,31398.439957268536,2278.171057275295,irma_s041,irma,mid,0,B_N5_s1
single,land,0.004624606402643034,0.013544161882783692,3684744,0.9537105224398763,0.9742479429642811,679905,6151,26849,407903,3640,7142,17040.490694500506,675.9453615332784,irma_s041,irma,mid,0,B_N5_s1
single,active,0.00837062094988635,0.024205406010891554,4110456,0.967358926125009,0.9847760434143689,1154480,7310,31645,851073,4613,8544,34407.06910718605,2408.3230765913004,irma_s046,irma,mid,-6,B_N5_s1
single,land,0.0051837698106080585,0.0146133237419004,3684744,0.9509095066406064,0.9736936374644798,736100,7090,30911,443053,4285,7685,19100.86470701918,786.8742468418176,irma_s046,irma,mid,-6,B_N5_s1
single,active,0.008351053407429114,0.024874873263729506,4110456,0.9669657595652706,0.9845178847097947,1161615,6855,32829,860318,4524,9005,34326.637584887445,2543.3829589838147,irma_s049,irma,high,-6,B_N5_s1
single,land,0.005264328474928683,0.01458955799058441,3684744,0.9503988762895038,0.973414894649966,742923,6643,32130,451134,4176,8145,19397.702762022614,784.3169297671002,irma_s049,irma,high,-6,B_N5_s1
single,active,0.007570632154710098,0.02418089809963742,4110456,0.9724854383806538,0.9857271757854155,1053687,5570,24242,793122,3822,7662,31118.75036412105,2403.4487036595547,irma_s059,irma,mid,0,B_N5_s1
single,land,0.004336389819467243,0.013612087317191837,3684744,0.9562676367541284,0.9735794693966012,634037,5412,23584,381833,3538,6824,15978.486368943006,682.7422404033907,irma_s059,irma,mid,0,B_N5_s1
single,active,0.007771771200287289,0.025285475427147635,4110456,0.9718052499031563,0.9848329067949667,1046126,5229,25122,795030,3415,8829,31945.523560848087,2628.0416957430202,irma_s063,irma,high,6,B_N5_s1
single,land,0.004504272572744001,0.014127074647517142,3684744,0.9548857509158067,0.9716711508198386,626385,5066,24528,382819,3135,8026,16597.09133678302,735.3799763807294,irma_s063,irma,high,6,B_N5_s1
single,active,0.008014231748525478,0.024588305044550906,4110456,0.9697933130328124,0.9858427477371846,1112447,6063,28587,836597,3999,8015,32942.146976117045,2485.118992445281,irma_s068,irma,high,0,B_N5_s1
single,land,0.004818963782898294,0.014271220008670706,3684744,0.9534001241488851,0.9750251720760827,692690,5903,27954,425110,3702,7187,17756.64788525179,750.463411238272,irma_s068,irma,high,0,B_N5_s1
single,active,0.005889963771454019,0.01959006730197701,4110456,0.9733051114471931,0.9863558344526271,864949,6158,17565,644767,3340,5579,24210.4369241558,1577.472728098538,matthew_s005,matthew,low,0,B_N5_s1
single,land,0.003115905272510682,0.010928484955697891,3684744,0.9519754761161743,0.9699219095566296,448429,5866,16756,241206,2833,4647,11481.3132574521,440.075547391625,matthew_s005,matthew,low,0,B_N5_s1
single,active,0.0058312093631755855,0.019819691368204502,4110456,0.9742589837786753,0.9870088316335882,849434,6244,16199,635458,3163,5201,23968.929514121264,1614.6700079715813,matthew_s006,matthew,low,6,B_N5_s1
single,land,0.0030355892198660954,0.010895898061587543,3684744,0.9530031454501031,0.97100216970621,432956,5962,15389,231819,2677,4246,11185.369164366275,437.4549985127394,matthew_s006,matthew,low,6,B_N5_s1
single,active,0.007141922132482618,0.021610604771215108,4110456,0.9643756405056247,0.9856826849628422,984317,8567,27794,718747,4451,5989,29356.55668099597,1919.6579208709954,matthew_s024,matthew,mid,6,B_N5_s1
single,land,0.004398411724463868,0.013099025778635292,3684744,0.9414128476289392,0.9718719629581484,567414,8288,27024,314006,3967,5121,16207.021211247891,632.2448697214164,matthew_s024,matthew,mid,6,B_N5_s1
single,active,0.006985183565744875,0.021402876763986316,4110456,0.9696329990281437,0.9847921753000966,967781,7345,22964,716780,3993,7076,28712.28969891742,1882.930565721725,matthew_s037,matthew,low,-6,B_N5_s1
single,land,0.003981359704344879,0.012266886928362608,3684744,0.9490607860902281,0.9693422957016423,548895,7165,22296,308752,3605,6160,14670.291282426566,554.4674354674474,matthew_s037,matthew,low,-6,B_N5_s1
single,active,0.006759540196981908,0.02061502739610667,4110456,0.9692286844373621,0.9862754805459213,951265,6908,23293,709209,3808,6061,27784.792559925467,1746.8589377542305,matthew_s041,matthew,mid,0,B_N5_s1
single,land,0.003925627614611865,0.012246318808864669,3684744,0.9478056931155545,0.9719694693967202,532645,6692,22640,300913,3417,5261,14464.932799175382,552.609622382341,matthew_s041,matthew,mid,0,B_N5_s1
single,active,0.0076457057670507545,0.02236851976662262,4110456,0.9650286826565848,0.9851672464648387,1031220,8340,29030,755841,4671,6709,31427.337144408375,2056.669440528131,matthew_s046,matthew,mid,-6,B_N5_s1
single,land,0.004611394768611145,0.013305631652517533,3684744,0.9436971240411415,0.9717805207555402,612165,8143,28380,347430,4275,5814,16991.809205271304,652.3464648856557,matthew_s046,matthew,mid,-6,B_N5_s1
single,active,0.007534829168129128,0.02192707211039444,4110456,0.9647299802643382,0.9851698772805069,1032400,8296,29448,757505,4659,6744,30971.583763111383,1976.292822584587,matthew_s049,matthew,high,-6,B_N5_s1
single,land,0.004637581273557979,0.013288782333279044,3684744,0.943313271996372,0.9715570279223852,613630,8068,28807,348993,4283,5934,17088.299772255123,650.6953393117864,matthew_s049,matthew,high,-6,B_N5_s1
single,active,0.0063606839992259405,0.02043363411484183,4110456,0.973997942933847,0.9864971370098626,893947,5361,18504,679662,3365,5938,26145.311708722264,1716.2526821340575,matthew_s059,matthew,mid,0,B_N5_s1
single,land,0.0033134618538304497,0.011446226489436486,3684744,0.9534878109107582,0.9706139590019371,474159,5212,17918,268565,3050,5081,12209.258685130626,482.76079150113776,matthew_s059,matthew,mid,0,B_N5_s1
single,active,0.006318128072135884,0.02082398236542329,4110456,0.9746415450754158,0.986707344287711,879191,5486,17389,672074,3049,6005,25970.38744287938,1782.4509118310907,matthew_s063,matthew,high,6,B_N5_s1
single,land,0.003295466371875035,0.01163139870409142,3684744,0.954075663026521,0.9705277408940612,459895,5304,16833,260939,2745,5179,12142.949940968305,498.506936877325,matthew_s063,matthew,high,6,B_N5_s1
single,active,0.007057864364226819,0.021306529874471607,4110456,0.9695536954786459,0.9869439091240743,964417,6363,23922,727730,3779,5848,29011.040923122317,1866.01637435527,matthew_s068,matthew,high,0,B_N5_s1
single,land,0.004042905257781584,0.012581483489236715,3684744,0.9484911777053499,0.9738679230757387,544488,6209,23360,316249,3462,5024,14897.070891179144,583.2718600268561,matthew_s068,matthew,high,0,B_N5_s1
single,active,0.003776973154799106,0.018141965503381492,4110456,0.9873952251268955,0.9902761602720902,559077,2883,4254,491480,2245,2581,15525.081965982914,1352.8781333554043,ian_s005,ian,low,0,B_N5_s1
single,land,0.0009570797508996212,0.0066898072102064485,3684744,0.9620407601031138,0.9669518244277161,146666,2463,3324,94155,1653,1565,3526.593869648874,164.90526617710523,ian_s005,ian,low,0,B_N5_s1
single,active,0.0037883406885957493,0.018187420286775335,4110456,0.9874851961182897,0.9903318647388173,558650,2878,4202,491369,2232,2565,15571.807713482529,1359.6659116959365,ian_s006,ian,low,6,B_N5_s1
single,land,0.0009571531335278519,0.006707892954710502,3684744,0.9623619829707714,0.9670642673521851,146254,2452,3268,94047,1649,1554,3526.864265847951,165.79810684954455,ian_s006,ian,low,6,B_N5_s1
single,active,0.004043424099303342,0.01835159900343674,4110456,0.9840555535289689,0.9898627235613925,593478,3806,5810,502876,2476,2674,16620.316849526018,1384.3242466106933,ian_s024,ian,mid,6,B_N5_s1
single,land,0.0012597940832985055,0.007402805438618932,3684744,0.9563131926762528,0.9672107083551226,181032,3367,4903,105425,1874,1700,4642.018689669669,201.92960282287896,ian_s024,ian,mid,6,B_N5_s1
single,active,0.0039152840443070075,0.017453687322371764,4110456,0.9860652440652643,0.9903024091413192,583441,3316,4929,506303,2290,2668,16093.602791626006,1252.1731485423898,ian_s037,ian,low,-6,B_N5_s1
single,land,0.001097097589680398,0.0066269056633074305,3684744,0.9601056310152566,0.9683467006926723,169787,2964,4091,106247,1711,1762,4042.5237609893084,161.81877043539632,ian_s037,ian,low,-6,B_N5_s1
single,active,0.004000344301886588,0.01814720664221702,4110456,0.9860011129174071,0.9899517677086265,586506,3307,5020,510038,2430,2747,16443.239237755537,1353.6599280676535,ian_s041,ian,mid,0,B_N5_s1
single,land,0.0011596878137745193,0.0072482317529502325,3684744,0.9598738128223532,0.9671585801748239,172521,2938,4274,109316,1841,1871,4273.152713678777,193.58489272432666,ian_s041,ian,mid,0,B_N5_s1
single,active,0.004093749462061156,0.01767730481073548,4110456,0.9840188736305724,0.9900311034198345,605209,3727,6102,513741,2406,2767,16827.17703882605,1284.4644971975383,ian_s046,ian,mid,-6,B_N5_s1
single,land,0.0012778800957294197,0.007029829186221274,3684744,0.9569016336114303,0.9685683604070432,191543,3363,5264,113646,1823,1865,4708.661015458405,182.09451542216038,ian_s046,ian,mid,-6,B_N5_s1
single,active,0.004193318390312003,0.018388739067222326,4110456,0.9837329098725744,0.9896783512876266,609576,3812,6268,517964,2570,2832,17236.450737368315,1389.9331220729812,ian_s049,ian,high,-6,B_N5_s1
single,land,0.0013536632109807816,0.007649938819226601,3684744,0.9561860710723435,0.9676332928852678,195563,3431,5530,117222,1966,1955,4987.902394682169,215.63698159083054,ian_s049,ian,high,-6,B_N5_s1
single,active,0.004120935662746863,0.01861644225448394,4110456,0.9875580966308185,0.9904114435424496,583475,2828,4523,517901,2287,2727,16938.92472055182,1424.5686370982694,ian_s059,ian,mid,0,B_N5_s1
single,land,0.0011242201919060345,0.007370801566354527,3684744,0.9640692863641825,0.9688288881571726,168474,2494,3785,114751,1760,1932,4142.463606804609,200.18740931593945,ian_s059,ian,mid,0,B_N5_s1
single,active,0.004267562736589835,0.019367942411597935,4110456,0.987183938410446,0.9898871083835284,588564,2832,4809,522601,2360,2979,17541.62885599211,1541.9027177345095,ian_s063,ian,high,6,B_N5_s1
single,land,0.0012298488345187956,0.008259613474190415,3684744,0.9631066234697223,0.9673020970016055,173312,2524,4115,118687,1845,2167,4531.678113900125,251.3777116970834,ian_s063,ian,high,6,B_N5_s1
single,active,0.0042286079596850525,0.018651135485191872,4110456,0.9860672659134002,0.99014971449134,597540,3216,5227,522804,2376,2825,17381.50695953518,1429.8831799593304,ian_s068,ian,high,0,B_N5_s1
single,land,0.001262023353860233,0.0076360026267296025,3684744,0.9611344261259221,0.968710523758624,182530,2888,4493,119628,1831,2033,4650.23298099637,214.85202860008224,ian_s068,ian,high,0,B_N5_s1
single,active,0.004469103983871788,0.017001376298446835,4110456,0.9823507439943613,0.9883734342199358,628564,5136,6157,514140,2359,3689,18370.055285129696,1188.114137069107,milton_s005,milton,low,0,B_N5_s1
single,land,0.0015264683254058843,0.007713371187237915,3684744,0.9542688573764789,0.9610130508267847,211236,4840,5283,110307,1949,2526,5624.64500322938,219.22787934039442,milton_s005,milton,low,0,B_N5_s1
single,active,0.00446151019715385,0.01698608152706546,4110456,0.9826676371576745,0.9886486944074618,626429,4962,6087,513864,2287,3613,18338.841358952224,1185.9773970936442,milton_s006,milton,low,6,B_N5_s1
single,land,0.0015145689092201672,0.007696801628042034,3684744,0.9548248337838825,0.9620276401017491,209099,4669,5224,110055,1893,2451,5580.798700835556,218.28701765241425,milton_s006,milton,low,6,B_N5_s1
single,active,0.0056324104469940035,0.01843049180821339,4110456,0.9774068310488848,0.9876110500279276,850428,6510,13148,617090,3070,4671,23151.775316309184,1396.2521417435732,milton_s024,milton,mid,6,B_N5_s1
single,land,0.002804541373962244,0.01007078504504022,3684744,0.9589212197179917,0.9715779827388904,432998,6235,12314,213103,2672,3562,10334.017000459135,373.7093578931258,milton_s024,milton,mid,6,B_N5_s1
single,active,0.0052690267489169836,0.018162091550159062,4110456,0.9782372525848594,0.9880498103797949,779794,6149,11199,588025,2667,4445,21658.10261424631,1355.8814674235175,milton_s037,milton,low,-6,B_N5_s1
single,land,0.002340721513862301,0.00909182711716322,3684744,0.9566389277950906,0.9694520613845192,361312,5928,10449,181368,2319,3396,8624.959553875029,304.58580411209266,milton_s037,milton,low,-6,B_N5_s1
single,active,0.00534767631144173,0.01832788175773795,4110456,0.9783659601924594,0.9875797101206518,776351,5871,11296,589592,2712,4703,21981.388180423528,1380.7484119021874,milton_s041,milton,mid,0,B_N5_s1
single,land,0.0023979080578345087,0.009456893452314557,3684744,0.9565446665899314,0.9678292738713916,357345,5651,10583,181949,2390,3658,8835.677328657359,329.53709763121964,milton_s041,milton,mid,0,B_N5_s1
single,active,0.005767455206023322,0.01894834158705057,4110456,0.9780683453638727,0.9881451514226902,876672,6340,13318,637989,3006,4648,23706.8708563298,1475.8166790570488,milton_s046,milton,mid,-6,B_N5_s1
single,land,0.002856674889595022,0.010004853494556366,3684744,0.9607962385863661,0.9737002749114853,458148,6108,12586,231284,2657,3590,10526.11565938592,368.8321644982502,milton_s046,milton,mid,-6,B_N5_s1
single,active,0.0058352336009885476,0.019069156693078078,4110456,0.9779657538425698,0.9875993084111575,881553,6271,13591,643178,3102,4974,23985.47096658498,1494.696365537091,milton_s049,milton,high,-6,B_N5_s1
single,land,0.00291904599617406,0.010286080965672361,3684744,0.9606389983403989,0.972359308342591,462491,6040,12910,235450,2759,3934,10755.93722012639,389.8586704290954,milton_s049,milton,high,-6,B_N5_s1
single,active,0.004716561358444386,0.017679142247539206,4110456,0.9832207658792201,0.9894024745637695,654651,4483,6689,547286,2304,3558,19387.21793518588,1284.7315339460597,milton_s059,milton,mid,0,B_N5_s1
single,land,0.0017109231134081397,0.008366854754985378,3684744,0.9575160862016138,0.9674439690590202,234376,4286,6113,136576,1977,2619,6304.313676591963,257.94777144924024,milton_s059,milton,mid,0,B_N5_s1
single,active,0.004822697396671105,0.017936232755509842,4110456,0.9833419440769532,0.9893898634919727,658550,4278,6878,553156,2320,3612,19823.48545033112,1322.3684098910073,milton_s063,milton,high,6,B_N5_s1
single,land,0.0017813889161128148,0.008892363681469097,3684744,0.9578777811335951,0.9674557629564777,237865,4114,6346,141443,2031,2727,6563.962120313197,291.3679328655847,milton_s063,milton,high,6,B_N5_s1
single,active,0.005590034864825266,0.018989253877432773,4110456,0.9782027309907104,0.9882084567066036,787866,5464,12092,604748,2685,4531,22977.592350330204,1482.1965750406048,milton_s068,milton,high,0,B_N5_s1
single,land,0.0025243969843012294,0.009855919622388926,3684744,0.9563915447154472,0.9703047030470304,367613,5288,11474,194059,2395,3544,9301.75664152205,357.93290603421167,milton_s068,milton,high,0,B_N5_s1
single,active,0.005026919704176904,0.019205937206945835,4110456,0.972111585070895,0.9832614651680387,618959,6686,11071,459013,3282,4532,20662.93225955218,1516.2157824472142,beryl_s005,beryl,low,0,B_N5_s1
single,land,0.00215241218337247,0.009287829853664031,3684744,0.9369779039531699,0.9454056742542092,223770,5601,9450,89338,2245,2914,7931.087878208607,317.8599582658602,beryl_s005,beryl,low,0,B_N5_s1
single,active,0.004871301606089944,0.01888448806573994,4110456,0.9725479586266295,0.9833924550952702,607505,6644,10504,453813,3208,4456,20023.270914562047,1465.8868063594691,beryl_s006,beryl,low,6,B_N5_s1
single,land,0.0019862013210722967,0.008923614518497177,3684744,0.9362626707800793,0.943813046402152,212438,5563,8899,84207,2178,2835,7318.643400613219,293.4194665259982,beryl_s006,beryl,low,6,B_N5_s1
single,active,0.005940105356927807,0.020396007771735655,4110456,0.965624128285143,0.9818813363183511,740794,7696,18676,532000,3571,6246,24416.541705016047,1709.9379114241817,beryl_s024,beryl,mid,6,B_N5_s1
single,land,0.0031103495270306614,0.011355786293580233,3684744,0.9357623908525037,0.9575536366064274,344864,6636,17038,161343,2556,4596,11460.841757629067,475.1620442491569,beryl_s024,beryl,mid,6,B_N5_s1
single,active,0.005773398066603335,0.019933765515676365,4110456,0.9703462917166017,0.9831876937563241,726278,7160,15035,517901,3574,5282,23731.298723258078,1633.3102752590903,beryl_s037,beryl,low,-6,B_N5_s1
single,land,0.002862232763710245,0.010584149689712002,3684744,0.9433122080429324,0.9575682580233115,328350,6268,13464,143934,2696,3682,10546.595002684742,412.7805896493285,beryl_s037,beryl,low,-6,B_N5_s1
single,active,0.005728473461606109,0.020222585188895803,4110456,0.9697684230072378,0.9830046002730509,710271,7018,15124,510491,3529,5297,23546.6381110996,1680.9831141240134,beryl_s041,beryl,mid,0,B_N5_s1
single,land,0.002869388960559585,0.010731710133450202,3684744,0.940834357898797,0.9557139952748509,312214,6089,13545,136324,2580,3737,10572.963756088167,424.37050138303437,beryl_s041,beryl,mid,0,B_N5_s1
single,active,0.006241203704319337,0.020636933660238336,4110456,0.96670840942904,0.982208961050731,788168,8277,18866,563564,3743,6465,25654.193213641644,1750.57345964908,beryl_s046,beryl,mid,-6,B_N5_s1
single,land,0.003345653415427894,0.01160917790580733,3684744,0.940502013507025,0.9606918079124768,389792,7385,17274,188970,2869,4863,12327.87634857744,496.6040460344224,beryl_s046,beryl,mid,-6,B_N5_s1
single,active,0.006211732236279641,0.020897937779743834,4110456,0.9667991221911403,0.9821912275693028,789027,8254,18842,564206,3762,6468,25533.05204100907,1795.133978217615,beryl_s049,beryl,high,-6,B_N5_s1
single,land,0.0033592670566295955,0.011626255447300565,3684744,0.9406580069066162,0.9608800344713964,390612,7369,17273,189548,2831,4886,12378.039131313562,498.0661674770642,beryl_s049,beryl,high,-6,B_N5_s1
single,active,0.005088226821336941,0.01915592414385674,4110456,0.9740701478764213,0.98496306790265,638615,6389,10611,481119,3233,4112,20914.932467125356,1508.3294854393368,beryl_s059,beryl,mid,0,B_N5_s1
single,land,0.0021834257656312642,0.009308438731449802,3684744,0.9420419626761758,0.9534851647189709,238818,5501,9192,103702,2370,2689,8045.3649893552065,319.2721298691215,beryl_s059,beryl,mid,0,B_N5_s1
single,active,0.004940179609276229,0.018878672536403265,4110456,0.9745587859152528,0.985131155018648,628683,6262,10150,477299,3153,4051,20306.39091602713,1464.9840977382214,beryl_s063,beryl,high,6,B_N5_s1
single,land,0.0020599638604684983,0.009084350778380875,3684744,0.9415709798141568,0.9530022110976042,228701,5393,8799,99563,2295,2615,7590.439475078136,304.0850795934655,beryl_s063,beryl,high,6,B_N5_s1
single,active,0.005767062251745395,0.02011285265855116,4110456,0.9706619406387151,0.9838282048477671,719674,6952,14800,521730,3441,5135,23705.25563506037,1662.7897851254397,beryl_s068,beryl,high,0,B_N5_s1
single,land,0.0028852911472895502,0.010756105725948914,3684744,0.942609095816703,0.9583344429944872,319536,6080,13375,143938,2588,3670,10631.559243228287,426.30207366355063,beryl_s068,beryl,high,0,B_N5_s1
single,active,0.006406146203296497,0.021486354526497258,4110456,0.9731899378298093,0.9864417976567509,1022809,6407,21770,761538,4037,6430,26332.18209821731,1897.647219269995,irma_s005,irma,low,0,B_N5_s2
single,land,0.003923040656869934,0.012294763918442808,3684744,0.9571311021016705,0.974996304468035,606020,6168,20975,356172,3594,5540,14455.40052215755,556.9903977284746,irma_s005,irma,low,0,B_N5_s2
single,active,0.006464630081796182,0.021917332514916104,4110456,0.9736993598168646,0.9863202635353291,1009772,6283,20992,753021,3921,6523,26572.577507499605,1974.5375478560723,irma_s006,irma,low,6,B_N5_s2
single,land,0.003926913707983583,0.012417945357584361,3684744,0.9576013666249015,0.9744278135710542,593077,6037,20222,347708,3487,5638,14469.671724010259,568.2073004671319,irma_s006,irma,low,6,B_N5_s2
single,active,0.007416523973644116,0.023274617834302333,4110456,0.9679838835721064,0.985345903991558,1120996,7693,29384,825442,4620,7656,30485.2954666093,2226.666221990819,irma_s024,irma,mid,6,B_N5_s2
single,land,0.004954297403745748,0.01406177924399335,3684744,0.9512576704522425,0.9744961485211994,704100,7457,28621,419505,4195,6784,18255.31763266772,728.5978270318764,irma_s024,irma,mid,6,B_N5_s2
single,active,0.0073905097874290455,0.022849074515602967,4110456,0.9709296371347166,0.9860632855016891,1109224,7456,25755,816984,4539,7008,30378.365298796445,2145.9877161364975,irma_s037,irma,low,-6,B_N5_s2
single,land,0.00462791408209527,0.013740316391894781,3684744,0.9554245719990155,0.9752660366790996,691007,7247,24992,409207,4207,6171,17052.678646516055,695.6660135630328,irma_s037,irma,low,-6,B_N5_s2
single,active,0.0071818309652463145,0.022698806053540282,4110456,0.9708353680990535,0.9856427527988911,1099373,6449,26577,817087,4166,7736,29520.600182082504,2117.8540701362267,irma_s041,irma,mid,0,B_N5_s2
single,land,0.004576626316001703,0.013496366547922951,3684744,0.9549622581703838,0.9744649358400478,680890,6248,25864,408179,3830,6866,16863.696358129382,671.1831574459093,irma_s041,irma,mid,0,B_N5_s2
single,active,0.007927197307385642,0.02333098061108176,4110456,0.9681566810240121,0.9848486601028982,1155799,7689,30326,851445,4927,8172,32584.395735327154,2237.4636538921673,irma_s046,irma,mid,-6,B_N5_s2
single,land,0.005157716909169373,0.014622650542032952,3684744,0.9521723355657731,0.9737975442472532,737447,7478,29564,443408,4601,7330,19004.86643476039,787.8789957935534,irma_s046,irma,mid,-6,B_N5_s2
single,active,0.00791491506877292,0.024040913623691262,4110456,0.9678807467557865,0.9847294359913054,1163081,7234,31363,860752,4777,8571,32533.91013392806,2375.7018717926376,irma_s049,irma,high,-6,B_N5_s2
single,land,0.005237225637085856,0.014604816545187273,3684744,0.9518338799491104,0.9737834096016079,744415,7032,30638,451557,4435,7722,19297.835742898285,785.9583504133748,irma_s049,irma,high,-6,B_N5_s2
single,active,0.007128428441523288,0.02331559850087548,4110456,0.973043827311442,0.9859497815915544,1054473,5756,23456,793379,3901,7405,29301.091458030045,2234.5143079089057,irma_s059,irma,mid,0,B_N5_s2
single,land,0.004298290042813308,0.013611644705241212,3684744,0.9572090919371254,0.9740901339084284,634845,5604,22776,382119,3626,6538,15838.09844551608,682.6978408995174,irma_s059,irma,mid,0,B_N5_s2
single,active,0.00732234738936628,0.024423570302930072,4110456,0.9725156127517451,0.9850154935264058,1047092,5436,24156,795335,3575,8524,30098.186760704964,2451.9313407848817,irma_s063,irma,high,6,B_N5_s2
single,land,0.004467796913435386,0.014128682533391092,3684744,0.9560923870307042,0.9720804197578476,627384,5283,23529,383128,3287,7717,16462.687869999558,735.5473817911035,irma_s063,irma,high,6,B_N5_s2
single,active,0.007564530552501318,0.02375521659753196,4110456,0.9706415892367894,0.9859377963990862,1113488,6133,27546,836794,4117,7818,31093.669996712357,2319.572722602066,irma_s068,irma,high,0,B_N5_s2
single,land,0.0047762297383787755,0.01425730058911454,3684744,0.9547578317779647,0.9752615093941603,693749,5979,26895,425333,3825,6964,17599.183871112764,749.0001977468854,irma_s068,irma,high,0,B_N5_s2
single,active,0.005471463780266517,0.01857554536392261,4110456,0.9738841234552345,0.9865565291068733,865596,6294,16918,645059,3503,5287,22490.211124379188,1418.3164828847916,matthew_s005,matthew,low,0,B_N5_s2
single,land,0.003099620062226798,0.010883606109001505,3684744,0.9530884581265943,0.9705039642832745,449101,6021,16084,241507,2994,4346,11421.30642656982,436.46854599599703,matthew_s005,matthew,low,0,B_N5_s2
single,active,0.005422205221572481,0.01883559690044054,4110456,0.9746685627781091,0.987043944678591,849872,6327,15761,635603,3287,5056,22287.735986243933,1458.3063900971204,matthew_s006,matthew,low,6,B_N5_s2
single,land,0.0030265414252908227,0.010850754438049401,3684744,0.9538835325368128,0.9711474860802948,433438,6048,14907,231978,2805,4087,11152.030357591808,433.83760170761775,matthew_s006,matthew,low,6,B_N5_s2
single,active,0.006751218519886076,0.02085935343402797,4110456,0.9652288219350907,0.9856105739046517,985405,8792,26706,718997,4758,5739,27750.58667237684,1788.5113029255172,matthew_s024,matthew,mid,6,B_N5_s2
single,land,0.004382998502730274,0.013047930783009335,3684744,0.9429067551632693,0.9717182711842394,568536,8523,25902,314243,4262,4884,16150.227434944361,627.3221304761607,matthew_s024,matthew,mid,6,B_N5_s2
single,active,0.006550817527096576,0.020404900004944455,4110456,0.9703571467927314,0.9848848579401877,968627,7472,22118,717138,4288,6718,26926.847209159285,1711.4292308449853,matthew_s037,matthew,low,-6,B_N5_s2
single,land,0.0039567338674704085,0.012223410859684501,3684744,0.9503557500829738,0.9696656033474168,549777,7305,21414,309142,3901,5770,14579.551377758384,550.5441342556469,matthew_s037,matthew,low,-6,B_N5_s2
single,active,0.006354690452351869,0.01976839825884757,4110456,0.9699852774112696,0.9864219862050939,952026,6927,22532,709485,3981,5785,26120.675498012453,1606.323331594668,matthew_s041,matthew,mid,0,B_N5_s2
single,land,0.0039008227306868166,0.012188559275223448,3684744,0.9491527836346587,0.9724056002298457,533440,6732,21845,301225,3599,4949,14373.533151961863,547.4091693926024,matthew_s041,matthew,mid,0,B_N5_s2
single,active,0.007222697089879859,0.021422749486444775,4110456,0.9657555715030216,0.9852226696910988,1032187,8537,28063,756185,4977,6365,29688.578589279205,1886.428817740541,matthew_s046,matthew,mid,-6,B_N5_s2
single,land,0.004591856947189086,0.013267401197929636,3684744,0.9449060732613151,0.971917616811983,613159,8365,27386,347791,4596,5453,16919.8173350133,648.6031366778052,matthew_s046,matthew,mid,-6,B_N5_s2
single,active,0.0071278423833360015,0.021112363571908543,4110456,0.965581868140595,0.9851699514721501,1033498,8489,28350,757841,5000,6408,29298.682491637766,1832.1613446293632,matthew_s049,matthew,high,-6,B_N5_s2
single,land,0.004615350165467132,0.013244671712409804,3684744,0.9447360898950998,0.9716941510887613,614753,8277,27684,349360,4610,5567,17006.383830104023,646.3826886554737,matthew_s049,matthew,high,-6,B_N5_s2
single,active,0.005936931532334107,0.019450792032348167,4110456,0.9748754449174009,0.9867695380078256,894806,5416,17645,679900,3416,5700,24403.495838671923,1555.122426907731,matthew_s059,matthew,mid,0,B_N5_s2
single,land,0.0032906428950833693,0.011391092196131112,3684744,0.9551431558629564,0.9713538279206232,475050,5283,17027,268828,3110,4818,12125.176663801074,478.1212587482536,matthew_s059,matthew,mid,0,B_N5_s2
single,active,0.005929252590632384,0.02000565905192207,4110456,0.9751913410220742,0.9867593414900878,879803,5605,16777,672215,3156,5864,24371.931886680424,1645.1129829939089,matthew_s063,matthew,high,6,B_N5_s2
single,land,0.003279523749678863,0.011569605068433674,3684744,0.955143613855123,0.9707706263755874,460533,5433,16195,261114,2858,5004,12084.205459486693,493.2242138297254,matthew_s063,matthew,high,6,B_N5_s2
single,active,0.006652567533296034,0.02048561902035872,4110456,0.9704723934521152,0.9870744240912234,965391,6425,22948,727997,3952,5581,27345.08613264188,1724.9963763478447,matthew_s068,matthew,high,0,B_N5_s2
single,land,0.004014745140100205,0.012525672143187108,3684744,0.9501328976566119,0.9742032776794645,545496,6278,22352,316543,3652,4730,14793.30806651339,578.1085603528554,matthew_s068,matthew,high,0,B_N5_s2
single,active,0.003438349292994415,0.017510117743428918,4110456,0.9873811908382923,0.9904498004917174,558995,2808,4336,491481,2159,2580,14133.183481484652,1260.2831696536039,ian_s005,ian,low,0,B_N5_s2
single,land,0.0009573494022926723,0.006688335490009005,3684744,0.9620376932566869,0.9675917360468702,146603,2398,3387,94137,1570,1583,3527.5874660015106,164.8327176842816,ian_s005,ian,low,0,B_N5_s2
single,active,0.0034503254859307216,0.017557061748375416,4110456,0.9874677589581039,0.990453229694971,558572,2809,4280,491348,2150,2586,14182.41109559685,1267.0497770313177,ian_s006,ian,low,6,B_N5_s2
single,land,0.0009585306681004633,0.006708161033738301,3684744,0.9623339521044801,0.9676838367725004,146192,2392,3330,94025,1564,1576,3531.9401280991733,165.81135926241132,ian_s006,ian,low,6,B_N5_s2
single,active,0.0037095961229392234,0.017734690074136673,4110456,0.9838593873067197,0.9899328726943444,593341,3787,5947,502876,2440,2674,15248.131641112268,1292.817464395356,ian_s024,ian,mid,6,B_N5_s2
single,land,0.0012603943885210371,0.007390051626536773,3684744,0.9557922319428596,0.967402975212679,180920,3353,5015,105415,1842,1710,4644.230660736561,201.23441942006943,ian_s024,ian,mid,6,B_N5_s2
single,active,0.0035788269838700434,0.016705617275246883,4110456,0.9859282044348296,0.9903139743218609,583354,3310,5016,506300,2281,2671,14710.610848810524,1147.1363949360189,ian_s037,ian,low,-6,B_N5_s2
single,land,0.0010970922286981232,0.006632546296224132,3684744,0.9598552322786779,0.9682426827823202,169736,2957,4142,106223,1698,1786,4042.504007142037,162.0943587075704,ian_s037,ian,low,-6,B_N5_s2
single,active,0.0036667930901662397,0.01751121051819263,4110456,0.9858596590918643,0.9899408134702252,586412,3297,5114,509969,2366,2816,15072.191658232361,1260.44047854639,ian_s041,ian,mid,0,B_N5_s2
single,land,0.0011584075853563317,0.007236548168695252,3684744,0.959565553657573,0.9670626349892009,172456,2928,4339,109251,1785,1936,4268.435399696231,192.96130821793886,ian_s041,ian,mid,0,B_N5_s2
single,active,0.0037578892136982136,0.016945307762798317,4110456,0.9839449765044471,0.9899761060582704,605136,3699,6175,513758,2452,2750,15446.638265781105,1180.2905381887267,ian_s046,ian,mid,-6,B_N5_s2
single,land,0.0012780798662040745,0.007034803386076412,3684744,0.9568019665447569,0.9682808799222996,191502,3341,5305,113651,1863,1860,4709.397118516266,182.35230119314943,ian_s046,ian,mid,-6,B_N5_s2
single,active,0.0038575712796518995,0.017757535860448682,4110456,0.9836473257656693,0.9896439387425602,609521,3810,6323,517945,2569,2851,15856.377011872828,1296.1504186387517,ian_s049,ian,high,-6,B_N5_s2
single,land,0.0013519611933416695,0.007638377521601481,3684744,0.9560506720252676,0.9673363930528958,195542,3438,5551,117187,1967,1990,4981.630895398557,214.98569286217986,ian_s049,ian,high,-6,B_N5_s2
single,active,0.0037871792461136875,0.017956750836374134,4110456,0.9875725512831146,0.9904006150950758,583447,2791,4551,517827,2218,2801,15567.033655263484,1325.3955763391245,ian_s059,ian,mid,0,B_N5_s2
single,land,0.0011222536001320753,0.007363177781154465,3684744,0.9641491724090566,0.9689580587380445,168460,2465,3799,114682,1673,2001,4135.217219565064,199.7735068358464,ian_s059,ian,mid,0,B_N5_s2
single,active,0.00393656797813886,0.0187929893970283,4110456,0.9871989076043286,0.9897668656337554,588490,2748,4883,522491,2313,3089,16181.089465148747,1451.7162599211395,ian_s063,ian,high,6,B_N5_s2
single,land,0.0012298927148663113,0.008281298072710884,3684744,0.963305812692853,0.967002054727504,173265,2438,4162,118597,1790,2257,4531.839801747352,252.6993668252493,ian_s063,ian,high,6,B_N5_s2
single,active,0.003898020850890508,0.018004899182961023,4110456,0.9860731083422725,0.9901844534774916,597511,3183,5256,522756,2309,2873,16022.643194667995,1332.5128061950393,ian_s068,ian,high,0,B_N5_s2
single,land,0.0012592550616877336,0.0076231096728310585,3684744,0.9612376563528637,0.9688371037790886,182515,2852,4508,119570,1755,2091,4640.032533023506,214.127110373501,ian_s068,ian,high,0,B_N5_s2
single,active,0.004048185859307498,0.015721100129209305,4110456,0.9822115948144502,0.988360425060745,628473,5134,6248,514153,2379,3676,16639.889854505658,1015.9114876735963,milton_s005,milton,low,0,B_N5_s2
single,land,0.0015311676636920978,0.007718999128334901,3684744,0.9538459453721729,0.9610379429288178,211171,4870,5348,110331,1971,2502,5641.960861783475,219.54790846224978,milton_s005,milton,low,0,B_N5_s2
single,active,0.0040359420912745615,0.01567316102838586,4110456,0.9827129891828714,0.9886933150692311,626396,4899,6120,513904,2304,3573,16589.562384732068,1009.7251993925815,milton_s006,milton,low,6,B_N5_s2
single,land,0.00151815005570411,0.007696513978838417,3684744,0.9549564772613099,0.9623304432946441,209103,4643,5220,110106,1910,2400,5593.994308855385,218.2707020666661,milton_s006,milton,low,6,B_N5_s2
single,active,0.005207720107638536,0.017289135799525797,4110456,0.9775023764285871,0.9875447174242764,850430,6427,13146,617251,3275,4510,21406.104362763464,1228.6737354969794,milton_s024,milton,mid,6,B_N5_s2
single,land,0.002803182133013609,0.010072625298882492,3684744,0.9591615243883531,0.9713942132497632,433048,6174,12264,213256,2871,3409,10329.008545529097,373.84594762528343,milton_s024,milton,mid,6,B_N5_s2
single,active,0.004865876981832337,0.017021177280928026,4110456,0.9782140105843473,0.9880724589717788,779662,6033,11331,588161,2791,4309,20000.97323523462,1190.8832690153563,milton_s037,milton,low,-6,B_N5_s2
single,land,0.002348079880213461,0.009129481901887643,3684744,0.9565750515103524,0.9695896499043835,361197,5833,10564,181513,2442,3251,8652.07325013727,307.11397870696646,milton_s037,milton,low,-6,B_N5_s2
single,active,0.0049343489724936775,0.017151877111498227,4110456,0.9784626126937993,0.9875300820442224,776323,5764,11324,589671,2822,4624,20282.42434008047,1209.2422607421524,milton_s041,milton,mid,0,B_N5_s2
single,land,0.0024015870047142296,0.009472771711853852,3684744,0.9567490863331504,0.9678194529360163,357341,5567,10587,182042,2488,3565,8849.23330609873,330.64462163815153,milton_s041,milton,mid,0,B_N5_s2
single,active,0.005368248948979959,0.01790643353934827,4110456,0.9780346923997827,0.9881484555365789,876590,6287,13400,638169,3186,4468,22065.951101828367,1317.9781002324044,milton_s046,milton,mid,-6,B_N5_s2
single,land,0.002858679901757958,0.010027046669082468,3684744,0.9607348839160252,0.973681774965714,458088,6076,12646,231450,2832,3424,10533.503615923226,370.4702965048691,milton_s046,milton,mid,-6,B_N5_s2
single,active,0.005429705588415355,0.018015749180387137,4110456,0.9779156853326293,0.9874733655505271,881502,6265,13642,643252,3260,4900,22318.565914135426,1334.1192708124975,milton_s049,milton,high,-6,B_N5_s2
single,land,0.002918805299214924,0.010295506667960256,3684744,0.960561133566239,0.9720833866434441,462466,6053,12935,235529,2909,3855,10755.050313450396,390.57349572266907,milton_s049,milton,high,-6,B_N5_s2
single,active,0.0043277803947085,0.01648330106486444,4110456,0.9829594607583986,0.9893690494700796,654478,4484,6862,547222,2258,3622,17789.150890111923,1116.8076643608717,milton_s059,milton,mid,0,B_N5_s2
single,land,0.0017154590790004782,0.008372489118755268,3684744,0.9568606304230599,0.9674016238965014,234228,4299,6261,136541,1947,2654,6321.027548592538,258.29530011598854,milton_s059,milton,mid,0,B_N5_s2
single,active,0.004448948984945587,0.01691192216313848,4110456,0.9833840557418861,0.9895189897873208,658531,4230,6897,553152,2243,3616,18287.2090488635,1175.6443092246755,milton_s063,milton,high,6,B_N5_s2
single,land,0.0017854808682886592,0.00890057632271612,3684744,0.958027227323989,0.968024906770673,237859,4069,6352,141472,1975,2698,6579.039916541427,291.90637357361095,milton_s063,milton,high,6,B_N5_s2
single,active,0.005183147991064609,0.01783978677409718,4110456,0.9781802153047667,0.988146180227077,787797,5412,12161,604784,2760,4495,21305.10175875947,1308.1854733614064,milton_s068,milton,high,0,B_N5_s2
single,land,0.0025277410258134577,0.009874794092406275,3684744,0.956380894394617,0.9702557079451397,367563,5240,11524,194121,2469,3482,9314.078578419983,359.30512962500745,milton_s068,milton,high,0,B_N5_s2
single,active,0.004671955932636673,0.018308438820257372,4110456,0.9722111020579892,0.9832514065992413,619280,6951,10750,459261,3539,4284,19203.869295042008,1377.8204613772982,beryl_s005,beryl,low,0,B_N5_s2
single,land,0.0021528123910201672,0.009294635415307444,3684744,0.9372247018518441,0.9454747186558884,224052,5839,9168,89475,2383,2777,7932.562540937215,318.32594614699013,beryl_s005,beryl,low,0,B_N5_s2
single,active,0.0045152555661913075,0.01797441064344372,4110456,0.9728381392461367,0.9833977268789632,608018,6985,9991,454078,3475,4191,18559.759333584458,1328.0038143179959,beryl_s006,beryl,low,6,B_N5_s2
single,land,0.0019833444832421825,0.008921738188065537,3684744,0.9370518875190909,0.9439372580609071,212901,5866,8436,84371,2340,2671,7308.116684559733,293.2960873746379,beryl_s006,beryl,low,6,B_N5_s2
single,active,0.005563813979824108,0.019559876308274323,4110456,0.9661551570488266,0.9821918995737492,741555,8062,17915,532514,3923,5732,22869.812556251884,1572.6142689865187,beryl_s024,beryl,mid,6,B_N5_s2
single,land,0.0030781253581757357,0.011304517562157897,3684744,0.9368600543809759,0.9585513722375977,345588,6977,16314,161745,2800,4194,11342.103944785893,470.88123751687516,beryl_s024,beryl,mid,6,B_N5_s2
single,active,0.005412515845319682,0.019032488475011926,4110456,0.9709316534608641,0.9833606829499645,727021,7474,14292,518354,3942,4829,22247.90823148936,1488.9535675781112,beryl_s037,beryl,low,-6,B_N5_s2
single,land,0.0028467326362097115,0.010554541298119382,3684744,0.9445193958217318,0.9578370051657968,329046,6560,12768,144256,2990,3360,10489.481000877917,410.474372344957,beryl_s037,beryl,low,-6,B_N5_s2
single,active,0.005362606597739976,0.019344606443734903,4110456,0.9700764942305199,0.983145861999288,710809,7340,14586,510877,3847,4911,22042.758465319872,1538.1893531749874,beryl_s041,beryl,mid,0,B_N5_s2
single,land,0.002854340712369439,0.010695588243388062,3684744,0.9414469069045561,0.9560224226858235,312695,6384,13064,136607,2830,3454,10517.514813859016,421.5185297330767,beryl_s041,beryl,mid,0,B_N5_s2
single,active,0.005858481244993474,0.01975174785480661,4110456,0.96721144675645,0.9826843596678991,788995,8708,18039,564221,4134,5808,24081.029384370893,1603.6185430283683,beryl_s046,beryl,mid,-6,B_N5_s2
single,land,0.00331124193286432,0.011536500603985155,3684744,0.9414869897436515,0.961880494589162,390590,7799,16476,189502,3179,4331,12201.078844670206,490.4056969378646,beryl_s046,beryl,mid,-6,B_N5_s2
single,active,0.005824057383078724,0.02006131343884248,4110456,0.9671794294055267,0.9825553376978334,789820,8753,18049,564762,4115,5912,23939.53161462024,1654.2789002953732,beryl_s049,beryl,high,-6,B_N5_s2
single,land,0.0033243565510727674,0.011548325948100789,3684744,0.9414257845856315,0.9617337254445417,391378,7844,16507,190003,3129,4431,12249.402855426073,491.4115805291407,beryl_s049,beryl,high,-6,B_N5_s2
single,active,0.004739823393630433,0.01824694529352242,4110456,0.9741605928455979,0.9849695605463754,638874,6594,10352,481330,3444,3901,19482.835507288575,1368.5804872208485,beryl_s059,beryl,mid,0,B_N5_s2
single,land,0.002182043670878358,0.009307070217513693,3684744,0.9423290684199324,0.9529881575323602,239067,5688,8943,103809,2539,2582,8040.2723240070045,319.1782588659518,beryl_s059,beryl,mid,0,B_N5_s2
single,active,0.004577493606746024,0.01798855841020576,4110456,0.974892693887038,0.9852948762124454,629147,6517,9686,477534,3311,3816,18815.586060810834,1330.0951966486068,beryl_s063,beryl,high,6,B_N5_s2
single,land,0.002052616468056394,0.009062416391579902,3684744,0.9424979127165942,0.9533253645708821,229158,5639,8342,99694,2397,2484,7563.366214971989,302.61841068631725,beryl_s063,beryl,high,6,B_N5_s2
single,active,0.0054042711747908125,0.019221729870542607,4110456,0.971019299792629,0.9840412699130723,720172,7192,14302,522089,3691,4776,22214.018876045942,1518.7103163322545,beryl_s068,beryl,high,0,B_N5_s2
single,land,0.0028694698164452286,0.010716317553978703,3684744,0.943299060241248,0.9587181277218177,320001,6325,12910,144196,2797,3412,10573.261689327657,423.1540182645181,beryl_s068,beryl,high,0,B_N5_s2
single,active,0.006860878904826627,0.02255220129647908,4110456,0.9731093955868853,0.9860167560738179,1022918,6606,21661,761694,4528,6274,28201.340859618038,2090.585251845703,irma_s005,irma,low,0,B_N10_s0
single,land,0.004047573217396325,0.012510681193279995,3684744,0.9570044258756618,0.9741212886854468,606091,6326,20904,356242,3994,5470,14914.271127361804,576.7256069559503,irma_s005,irma,low,0,B_N10_s0
single,active,0.00689736293423369,0.022954899440183047,4110456,0.9737392082239213,0.985993675492008,1010122,6600,20642,753311,4468,6233,28351.306857198477,2165.911927047833,irma_s006,irma,low,6,B_N10_s0
single,land,0.0040365005652251516,0.012618351481352699,3684744,0.957670010716453,0.973730023230429,593380,6309,19919,347904,3944,5442,14873.471238709986,586.695235248841,irma_s006,irma,low,6,B_N10_s0
single,active,0.007840062654086481,0.024163701998592177,4110456,0.9684714156487153,0.9850191331399344,1122009,8156,28371,825777,5238,7321,32226.232576865703,2400.031522806905,irma_s024,irma,mid,6,B_N10_s0
single,land,0.005070325020204597,0.014244642866057727,3684744,0.9520417174136716,0.9738436231941219,705084,7881,27637,419749,4734,6540,18682.84969624877,747.6708537342378,irma_s024,irma,mid,6,B_N10_s0
single,active,0.00781808122559016,0.023792438126294703,4110456,0.9710690876874443,0.9858918208033204,1109226,7294,25753,817117,4818,6875,32135.878882214427,2326.847392824608,irma_s037,irma,low,-6,B_N10_s0
single,land,0.004716073013794346,0.013860894456611145,3684744,0.955641302243244,0.97482730694107,690986,7061,25013,409252,4442,6126,17377.521741140634,707.9292122358453,irma_s037,irma,low,-6,B_N10_s0
single,active,0.007630808861857896,0.023664800411641942,4110456,0.9709388563780006,0.985415363175299,1099697,6662,26253,817405,4680,7418,31366.10407107696,2301.9489901159145,irma_s041,irma,mid,0,B_N10_s0
single,land,0.004700840127980465,0.013683227343024377,3684744,0.9550831036194312,0.9739703813225861,681171,6452,25583,408415,4285,6630,17321.39245653525,689.8972372075862,irma_s041,irma,mid,0,B_N10_s0
single,active,0.008365407853801276,0.024294053568210825,4110456,0.9685064829000372,0.9845321012662911,1156235,7708,29890,851510,5271,8107,34385.64090510458,2425.9954010393308,irma_s046,irma,mid,-6,B_N10_s0
single,land,0.00525066054419827,0.014773787605002354,3684744,0.9527194880720583,0.9731689009455082,737866,7473,29145,443403,4890,7335,19347.33993627131,804.249912939752,irma_s046,irma,mid,-6,B_N10_s0
single,active,0.00837391751926065,0.02513400732575802,4110456,0.968315329040482,0.9842783546408065,1163763,7399,30681,860903,5331,8420,34420.61951055005,2596.6503762285283,irma_s049,irma,high,-6,B_N10_s0
single,land,0.0053592317659743125,0.014807194262317655,3684744,0.9524832242220629,0.9729211546747092,745060,7176,29993,451630,4921,7649,19747.397094283253,807.8911833141254,irma_s049,irma,high,-6,B_N10_s0
single,active,0.007558049559775475,0.024330492857893394,4110456,0.972971177498556,0.9856171129157854,1054512,5877,23417,793612,4409,7172,31067.03016127646,2433.2784875644006,irma_s059,irma,mid,0,B_N10_s0
single,land,0.00439464000271654,0.013746905555766022,3684744,0.9571053619428243,0.9733891132420417,634870,5702,22751,382283,4077,6374,16193.123382169753,696.3333863259064,irma_s059,irma,mid,0,B_N10_s0
single,active,0.00772267951161151,0.025371079443370553,4110456,0.9726108540864141,0.9848963347779062,1047569,5821,23679,795877,4223,7982,31743.7343345806,2645.866295823167,irma_s063,irma,high,6,B_N10_s0
single,land,0.00455962050443829,0.014262495342325932,3684744,0.95625499767727,0.9718132163233044,627834,5642,23079,383598,3879,7247,16801.034296005964,749.546104735679,irma_s063,irma,high,6,B_N10_s0
single,active,0.00801733876061622,0.02475855541422017,4110456,0.9706275324285952,0.9857779557136045,1113666,6333,27368,837167,4633,7445,32954.9182126075,2519.6522537241212,irma_s068,irma,high,0,B_N10_s0
single,land,0.004894094872576512,0.014425894513458985,3684744,0.9547687252854301,0.9749326590072014,693924,6154,26720,425640,4287,6657,18033.486717157066,766.8189285653252,irma_s068,irma,high,0,B_N10_s0
single,active,0.005904588978611654,0.019719825894070554,4110456,0.9737475565578779,0.9861849015467834,865275,6089,17239,645031,3721,5315,24270.553194668144,1598.4393272511734,matthew_s005,matthew,low,0,B_N10_s0
single,land,0.003154183312814613,0.011020618612513525,3684744,0.9528447309417041,0.9696305220883534,448767,5791,16418,241438,3147,4415,11622.358036793768,447.52702527727894,matthew_s005,matthew,low,0,B_N10_s0
single,active,0.005834311977943865,0.019885134035833273,4110456,0.9746698965874786,0.9866426401816576,849764,6215,15869,635683,3630,4976,23981.682675611228,1625.35057447212,matthew_s006,matthew,low,6,B_N10_s0
single,land,0.0030730721582012182,0.010986216235608987,3684744,0.9538850659728184,0.9702061109879863,433329,5933,15016,232018,3078,4047,11323.48419649899,444.7373519234562,matthew_s006,matthew,low,6,B_N10_s0
single,active,0.00716728286882713,0.02164742903103771,4110456,0.9656070140095984,0.9851514931417302,985485,8475,26626,718868,4967,5868,29460.800871867687,1926.2056515169227,matthew_s024,matthew,mid,6,B_N10_s0
single,land,0.004456934407696455,0.013196922865362438,3684744,0.9435740006305693,0.9707313153291259,568626,8192,25812,314084,4427,5043,16422.662317153066,641.7304942803737,matthew_s024,matthew,mid,6,B_N10_s0
single,active,0.007009211763545697,0.021692055728775504,4110456,0.9707244566900565,0.9845881359539222,968518,6982,22227,717110,4479,6746,28811.05654873699,1934.1556766011151,matthew_s037,matthew,low,-6,B_N10_s0
single,land,0.004003332374262074,0.012301113012287822,3684744,0.9509867869000513,0.9690202226054241,549658,6796,21533,309069,4038,5843,14751.25494606793,557.5658129922447,matthew_s037,matthew,low,-6,B_N10_s0
single,active,0.006797539294892222,0.02080102360774322,4110456,0.9698867261471602,0.9861368800683775,951616,6604,22942,709560,4265,5710,27940.9861799255,1778.5227199217584,matthew_s041,matthew,mid,0,B_N10_s0
single,land,0.003970157872889089,0.01231504138891884,3684744,0.948990165148591,0.9717389831711306,533025,6391,22260,301242,3829,4932,14629.015401180834,558.8291756311702,matthew_s041,matthew,mid,0,B_N10_s0
single,active,0.007670292741631679,0.02262362151028118,4110456,0.9663626253889445,0.9848464126480484,1032342,8026,27908,756105,5189,6445,31528.400821596384,2103.847502170389,matthew_s046,matthew,mid,-6,B_N10_s0
single,land,0.004643238454915596,0.013354926593957903,3684744,0.9459352747115464,0.9711943237845161,613317,7826,27228,347673,4741,5571,17109.14503731951,657.1890684155965,matthew_s046,matthew,mid,-6,B_N10_s0
single,active,0.0075623973366069405,0.02213063020592327,4110456,0.9660547714739696,0.9849164987978426,1033582,8052,28266,757844,5201,6405,31084.901506640017,2013.1566332552895,matthew_s049,matthew,high,-6,B_N10_s0
single,land,0.00468057355018936,0.013363825137353616,3684744,0.9455165074463439,0.9711637372597209,614824,7815,27613,349314,4759,5613,17246.71530561894,658.0651456754925,matthew_s049,matthew,high,-6,B_N10_s0
single,active,0.006394052858082773,0.020706016010496237,4110456,0.9746333734006232,0.9863325707272419,894346,5172,18105,679882,3703,5718,26282.472934823483,1762.3132020298244,matthew_s059,matthew,mid,0,B_N10_s0
single,land,0.003348379100651631,0.011527055899961709,3684744,0.9546818799938847,0.9703242669516308,474580,5031,17497,268774,3348,4872,12337.919800851494,489.6030548087665,matthew_s059,matthew,mid,0,B_N10_s0
single,active,0.006338291437765765,0.020983480619746402,4110456,0.9753777801425987,0.9866333539703824,879900,5532,16680,672511,3543,5568,26053.268070112914,1809.860325903479,matthew_s063,matthew,high,6,B_N10_s0
single,land,0.0033389622170173763,0.01172139380497863,3684744,0.9554943846795305,0.9704544526257551,460619,5346,16109,261356,3195,4762,12303.220995381474,506.2509309005582,matthew_s063,matthew,high,6,B_N10_s0
single,active,0.007110845777995317,0.021595585218511303,4110456,0.9703735435401916,0.9865875872836882,964987,6110,23352,727928,4246,5650,29228.818693235517,1916.9904912234576,matthew_s068,matthew,high,0,B_N10_s0
single,land,0.004089156139879796,0.012662486904157727,3684744,0.9499187881660764,0.9731314734174724,545071,5960,22777,316439,3903,4834,15067.49355148524,590.8066007184074,matthew_s068,matthew,high,0,B_N10_s0
single,active,0.003768521171009039,0.018203891291201035,4110456,0.9871784458037266,0.9903617758992016,559051,2981,4280,491573,2296,2488,15490.34045850113,1362.1297249991776,ian_s005,ian,low,0,B_N10_s0
single,land,0.0009656209381765766,0.006724477578983249,3684744,0.961399023175009,0.9673950995091294,146647,2545,3343,94203,1658,1517,3558.0659582205117,166.6189602859956,ian_s005,ian,low,0,B_N10_s0
single,active,0.003777484121654224,0.01824135658250903,4110456,0.9872737651522783,0.9903772132409546,558638,2987,4214,491443,2284,2491,15527.182272758335,1367.7422724507353,ian_s006,ian,low,6,B_N10_s0
single,land,0.0009654188284685559,0.006740053260550582,3684744,0.9617281515091735,0.9674762472751203,146250,2548,3272,94089,1651,1512,3557.3212356865406,167.3917220149942,ian_s006,ian,low,6,B_N10_s0
single,active,0.004028010446151965,0.018391911893629303,4110456,0.9836888580874282,0.9899563456292488,593308,3858,5980,502979,2532,2571,16556.95970644802,1390.4128066183594,ian_s024,ian,mid,6,B_N10_s0
single,land,0.0012677168606501838,0.007431593601303268,3684744,0.9553050790163103,0.9676277141258383,180866,3393,5069,105484,1888,1641,4671.212095979601,203.50319151405873,ian_s024,ian,mid,6,B_N10_s0
single,active,0.0039057631077637415,0.017474669120358607,4110456,0.9858219548465594,0.9903037556812404,583370,3390,5000,506374,2361,2597,16054.467400886118,1255.185536171075,ian_s037,ian,low,-6,B_N10_s0
single,land,0.0011024409186464615,0.006661816233195727,3684744,0.9595227059475225,0.9685017129528392,169753,3036,4125,106295,1743,1714,4062.212560337037,163.52818528149197,ian_s037,ian,low,-6,B_N10_s0
single,active,0.00398836259871885,0.018222574533493192,4110456,0.9858008692933714,0.9899183962584539,586518,3440,5008,510100,2510,2685,16393.98897407949,1364.9271553775359,ian_s041,ian,mid,0,B_N10_s0
single,land,0.0011674004476319323,0.0072692646705404445,3684744,0.9593839481804787,0.9672851735238971,172550,3060,4245,109369,1881,1818,4301.571795009077,194.71001200813845,ian_s041,ian,mid,0,B_N10_s0
single,active,0.004090785017719104,0.017713329134856688,4110456,0.9838518224627312,0.9899905203773353,605061,3681,6250,513813,2500,2695,16814.9918207936,1289.705014838667,ian_s046,ian,mid,-6,B_N10_s0
single,land,0.0012851673490012654,0.007071710727760015,3684744,0.9565584542124909,0.9686751914672482,191437,3324,5370,113706,1872,1805,4735.512678228319,184.27070396636276,ian_s046,ian,mid,-6,B_N10_s0
single,active,0.004185393447242823,0.018485540617223156,4110456,0.9834674335066469,0.989656904980695,609441,3842,6403,518027,2645,2769,17203.875607579947,1404.6053430908705,ian_s049,ian,high,-6,B_N10_s0
single,land,0.0013636197250826453,0.0076834340627819344,3684744,0.9555518618646512,0.9677712210621879,195461,3460,5632,117260,1988,1917,5024.589600279927,217.52944790367545,ian_s049,ian,high,-6,B_N10_s0
single,active,0.0041129419599041745,0.01874963146896771,4110456,0.9875863539589969,0.9903500335559562,583547,2884,4451,517960,2379,2668,16906.066956739873,1445.02538191103,ian_s059,ian,mid,0,B_N10_s0
single,land,0.0011307599678466815,0.007385630987618044,3684744,0.9642744772746775,0.9688030184092578,168560,2546,3699,114777,1790,1906,4166.561006963253,200.99373946765556,ian_s059,ian,mid,0,B_N10_s0
single,active,0.0042552909979069915,0.019418624918506634,4110456,0.9870348074839947,0.9896988036220824,588634,2993,4739,522654,2514,2926,17491.18641409278,1549.9830540575474,ian_s063,ian,high,6,B_N10_s0
single,land,0.0012411321775538402,0.008315279262583169,3684744,0.9627565070622723,0.9667049368541906,173404,2685,4023,118722,1957,2132,4573.254344448447,254.77745722581892,ian_s063,ian,high,6,B_N10_s0
single,active,0.004218302892490583,0.018772951997180366,4110456,0.9860456827748252,0.9901833427384383,597592,3282,5175,522898,2453,2731,17339.148434255272,1448.6222219088513,ian_s068,ian,high,0,B_N10_s0
single,land,0.0012685385354756675,0.007649824775006253,3684744,0.9611877914995315,0.9689673319030078,182593,2943,4430,119682,1854,1979,4674.239757362753,215.63055226669695,ian_s068,ian,high,0,B_N10_s0
single,active,0.004507042319210816,0.01737398611935757,4110456,0.9822059106262788,0.9882409923848989,628379,5042,6342,514164,2453,3665,18525.999143254012,1240.7633140663536,milton_s005,milton,low,0,B_N10_s0
single,land,0.001538319679079134,0.007759770023016292,3684744,0.9539704705994008,0.9609202208251336,211086,4752,5433,110354,2009,2479,5668.314207568765,221.87328874333946,milton_s005,milton,low,0,B_N10_s0
single,active,0.004498723112439834,0.017377281751011123,4110456,0.9825621988511825,0.9884356149205958,626237,4835,6279,513860,2395,3617,18491.80340986699,1241.2340738160403,milton_s006,milton,low,6,B_N10_s0
single,land,0.0015257830783267391,0.007740398391038527,3684744,0.9547097228123558,0.9617602348377627,208964,4554,5359,110085,1956,2421,5622.120043165982,220.76689439917334,milton_s006,milton,low,6,B_N10_s0
single,active,0.005642746383795978,0.018731121343524063,4110456,0.9772856351215564,0.9872197011745398,850045,6226,13531,617191,3420,4570,23194.26072975248,1442.1736567272258,milton_s024,milton,mid,6,B_N10_s0
single,land,0.0028326569218278907,0.010164318913597328,3684744,0.9587009994016885,0.9707415687363691,432633,5958,12679,213203,2964,3462,10437.61559676379,380.6833533063779,milton_s024,milton,mid,6,B_N10_s0
single,active,0.00528323640618693,0.018426972774831987,4110456,0.978118189396298,0.9879245435164979,779122,5559,11871,588069,2787,4401,21716.510785229504,1395.719004714975,milton_s037,milton,low,-6,B_N10_s0
single,land,0.002357154208302195,0.009144168508927209,3684744,0.9564746970890315,0.9691970724931888,360678,5330,11083,181424,2426,3340,8685.509826116264,308.1028826475963,milton_s037,milton,low,-6,B_N10_s0
single,active,0.005350503398231756,0.018546560638026337,4110456,0.9782714218892037,0.9873916720394544,775915,5502,11732,589616,2850,4679,21993.008796282113,1413.893738824594,milton_s041,milton,mid,0,B_N10_s0
single,land,0.0024162747226004317,0.00951992961394585,3684744,0.956404773771054,0.9675534573138962,356936,5278,10992,181991,2487,3616,8903.353786453605,333.94488452444784,milton_s041,milton,mid,0,B_N10_s0
single,active,0.00577211736847377,0.01917648276630819,4110456,0.977869018076519,0.9878315552851457,875978,5813,14012,638073,3296,4564,23726.03446994722,1511.568777483603,milton_s046,milton,mid,-6,B_N10_s0
single,land,0.002878516180783712,0.010060081244921389,3684744,0.9605208460178626,0.9730428748659503,457498,5568,13236,231375,2911,3499,10606.595226045698,372.91538116146273,milton_s046,milton,mid,-6,B_N10_s0
single,active,0.005826942203560359,0.019245662752691454,4110456,0.9777790108591309,0.9873269290096218,881062,5941,14082,643282,3387,4870,23951.389542277902,1522.4945483521421,milton_s049,milton,high,-6,B_N10_s0
single,land,0.0029453246403087227,0.010355511787121668,3684744,0.9603373878630163,0.9718634096431769,462026,5707,13375,235569,3005,3815,10852.767296429724,395.1395082394607,milton_s049,milton,high,-6,B_N10_s0
single,active,0.004733895037817632,0.017862498386724962,4110456,0.9830722830037911,0.9891974360179464,654502,4432,6838,547226,2358,3618,19458.467261567712,1311.5184632057092,milton_s059,milton,mid,0,B_N10_s0
single,land,0.0017228794540401805,0.008386161050269464,3684744,0.9572584962018903,0.9669858085715095,234267,4238,6222,136550,2017,2645,6348.369730997831,259.1395601480205,milton_s059,milton,mid,0,B_N10_s0
single,active,0.004846991704180181,0.018200245145617036,4110456,0.9831443562186262,0.9892684252786615,658457,4318,6971,553190,2423,3578,19923.34613239765,1361.58412452094,milton_s063,milton,high,6,B_N10_s0
single,land,0.0017967466098076747,0.008942593220451047,3684744,0.9574579451293656,0.9673381776917976,237800,4155,6411,141509,2117,2661,6620.551290009171,294.66888005807647,milton_s063,milton,high,6,B_N10_s0
single,active,0.005580749861010492,0.01915356645657023,4110456,0.9779040451084864,0.9880196182223355,787379,5212,12579,604751,2805,4528,22939.426750689745,1507.9582216589479,milton_s068,milton,high,0,B_N10_s0
single,land,0.002538045157220358,0.009893339865449532,3684744,0.9558204074831951,0.9699627658245246,367144,5027,11943,194075,2482,3528,9352.04666479677,360.6560132473191,milton_s068,milton,high,0,B_N10_s0
single,active,0.005068114092540009,0.019315315921010344,4110456,0.9715545010292107,0.9830020136240949,618307,6380,11723,458885,3275,4660,20832.259980365634,1533.5347988495532,beryl_s005,beryl,low,0,B_N10_s0
single,land,0.0021631801080308558,0.009337597502273072,3684744,0.9357410016436886,0.9442955934213731,223163,5268,10057,89167,2175,3085,7970.7649239860475,321.27550859063024,beryl_s005,beryl,low,0,B_N10_s0
single,active,0.0049093826188086765,0.019038863531659456,4110456,0.9720150150053968,0.98310799829238,606967,6433,11042,453666,3192,4603,20179.801241777837,1489.9512041281034,beryl_s006,beryl,low,6,B_N10_s0
single,land,0.001990949020761117,0.008965639902500053,3684744,0.935028896633873,0.9426532947432187,211943,5333,9394,84030,2100,3012,7336.1374585554,296.18966733298623,beryl_s006,beryl,low,6,B_N10_s0
single,active,0.005975013848165268,0.020516202701265616,4110456,0.9651973579562493,0.9817125268268558,740289,7512,19181,531991,3655,6255,24560.031522274017,1730.1508332238257,beryl_s024,beryl,mid,6,B_N10_s0
single,land,0.0031308587704035173,0.011417779803432242,3684744,0.9350368689117426,0.9571156459355696,344404,6430,17498,161296,2584,4643,11536.413069091737,480.36421481408246,beryl_s024,beryl,mid,6,B_N10_s0
single,active,0.005781036801276419,0.01993553323813314,4110456,0.9699106459229446,0.9831250379639191,725853,7058,15460,517926,3633,5257,23762.697406027466,1633.5999713799858,beryl_s037,beryl,low,-6,B_N10_s0
single,land,0.0028741384350888825,0.010615124552566246,3684744,0.9424297722537539,0.9570999028777457,327942,6161,13872,143877,2710,3739,10590.46435386315,415.200156944501,beryl_s037,beryl,low,-6,B_N10_s0
single,active,0.005750808085535085,0.020276569659136448,4110456,0.9696701495595165,0.9828761980307821,709944,6755,15451,510500,3606,5288,23638.443600036204,1689.969908563227,beryl_s041,beryl,mid,0,B_N10_s0
single,land,0.0028823725523096583,0.010755224024655783,3684744,0.9406073765795109,0.954923260214451,311896,5831,13863,136258,2629,3803,10620.8049678877,426.23218671864583,beryl_s041,beryl,mid,0,B_N10_s0
single,active,0.006243031351915182,0.020618944071433037,4110456,0.966372215523026,0.9820212580588953,787776,8155,19258,563582,3871,6447,25661.705678667873,1747.5227767215388,beryl_s046,beryl,mid,-6,B_N10_s0
single,land,0.003359670873644881,0.011621718264516924,3684744,0.9399286548691362,0.9599861775975445,389435,7258,17631,188908,2949,4925,12379.527093637735,497.6774995521186,beryl_s046,beryl,mid,-6,B_N10_s0
single,active,0.006214854291208316,0.020959128235990613,4110456,0.9664562344228267,0.9819783287445222,788723,8229,19146,564231,3912,6443,25545.88511042297,1805.661895841917,beryl_s049,beryl,high,-6,B_N10_s0
single,land,0.0033763724140070312,0.01164020610605817,3684744,0.940016376466055,0.9600478250737134,390323,7345,17562,189500,2952,4934,12441.067994277924,499.2621707697916,beryl_s049,beryl,high,-6,B_N10_s0
single,active,0.0051088752323012,0.01921517919956126,4110456,0.9736229694569705,0.9847999115631219,638020,6079,11206,481059,3253,4172,20999.80685186386,1517.6753547077662,beryl_s059,beryl,mid,0,B_N10_s0
single,land,0.0021895050853488565,0.00934860024385141,3684744,0.9414069597503654,0.9527593088163618,238336,5160,9674,103604,2350,2787,8067.765726208687,322.033089764174,beryl_s059,beryl,mid,0,B_N10_s0
single,active,0.004944860018097517,0.01892079550256165,4110456,0.9741883663124532,0.9849257846682187,628257,6070,10576,477232,3186,4118,20325.62953054905,1471.5288714736191,beryl_s063,beryl,high,6,B_N10_s0
single,land,0.002059522242502238,0.009115542740988624,3684744,0.9409137357022778,0.9522765356441806,228356,5196,9144,99451,2257,2727,7588.812225926667,306.1768733818001,beryl_s063,beryl,high,6,B_N10_s0
single,active,0.0057790114502849045,0.020125108498321567,4110456,0.9703571284016245,0.9836965026763981,719219,6716,15255,521730,3512,5135,23754.372289892286,1664.8168565208568,beryl_s068,beryl,high,0,B_N10_s0
single,land,0.0028946611704311993,0.010775672380219658,3684744,0.9422720952271298,0.95795170136855,319173,5816,13738,143915,2624,3693,10666.085379779339,427.8544742113762,beryl_s068,beryl,high,0,B_N10_s0
single,active,0.006420509916265471,0.021482900257986326,4110456,0.9728282043144193,0.985886364018506,1023783,7799,20796,762241,5185,5727,26391.223508372903,1897.0371152043544,irma_s005,irma,low,0,B_N10_s1
single,land,0.0040771876993598,0.012556020857724764,3684744,0.9564735660879323,0.973780194819377,606871,7493,20124,356684,4576,5028,15023.392912089825,580.9133769509936,irma_s005,irma,low,0,B_N10_s1
single,active,0.0064888684756157534,0.02197932122932435,4110456,0.9732585100564641,0.9857541176132099,1010764,7772,20000,753749,5098,5795,26672.208358805627,1985.7224978906497,irma_s006,irma,low,6,B_N10_s1
single,land,0.004080510423743028,0.012672733456783861,3684744,0.9568055468295661,0.9732107425313696,593938,7452,19361,348244,4484,5102,15035.636300824583,591.7631553553928,irma_s006,irma,low,6,B_N10_s1
single,active,0.007466195106029158,0.023223083577733634,4110456,0.967185595477064,0.9848103378394488,1121207,8867,29173,826118,5762,6980,30689.466470748186,2216.8166467225815,irma_s024,irma,mid,6,B_N10_s1
single,land,0.005128517458999551,0.01432969743310107,3684744,0.9499769317314152,0.9733851231088698,704197,8557,28524,420004,5199,6285,18897.273935943842,756.626175013261,irma_s024,irma,mid,6,B_N10_s1
single,active,0.0073806053883286185,0.0226125676987236,4110456,0.9702201525983254,0.9856400093065084,1109471,8546,25508,817615,5535,6377,30337.6537020877,2101.7921413570366,irma_s037,irma,low,-6,B_N10_s1
single,land,0.004776802363230376,0.013886468220237461,3684744,0.954267370819095,0.9743734273251804,691152,8276,24847,409687,5084,5691,17601.293847098947,710.5439231387796,irma_s037,irma,low,-6,B_N10_s1
single,active,0.007223452471869442,0.02247996373924794,4110456,0.9701849569956682,0.9852781194544471,1099921,7773,26029,817837,5234,6986,29691.68355371058,2077.213882579569,irma_s041,irma,mid,0,B_N10_s1
single,land,0.0047581145397109885,0.013763367123602837,3684744,0.9538730767615394,0.9736323728720706,681342,7536,25412,408763,4788,6282,17532.434001512825,698.0020676735859,irma_s041,irma,mid,0,B_N10_s1
single,active,0.007942906135559506,0.02321349778235041,4110456,0.9672132656836142,0.9842527962810214,1155609,8657,30516,851983,5997,7634,32648.966182347387,2214.986953001337,irma_s046,irma,mid,-6,B_N10_s1
single,land,0.005323039250799605,0.014812606595946956,3684744,0.9506911925344242,0.9726526971436336,737165,8388,29846,443801,5541,6937,19614.03694114834,808.4818928943567,irma_s046,irma,mid,-6,B_N10_s1
single,active,0.007964928631967894,0.024079355556045567,4110456,0.9669576236095845,0.984176788509661,1162958,8254,31486,861322,5847,8001,32739.488684844226,2383.3055418232225,irma_s049,irma,high,-6,B_N10_s1
single,land,0.005420836544147851,0.014832465867835997,3684744,0.9503787743342715,0.9727027975113146,744196,7999,30857,451979,5384,7300,19974.39493102953,810.6512105869232,irma_s049,irma,high,-6,B_N10_s1
single,active,0.007119021507088153,0.022970596712941903,4110456,0.972597385837804,0.9855221040795025,1055132,6931,22797,794046,4927,6738,29262.424667939544,2168.8751754937043,irma_s059,irma,mid,0,B_N10_s1
single,land,0.004434725970439417,0.013743980924062146,3684744,0.9564616614260104,0.9731457085016124,635432,6736,22189,382637,4539,6020,16340.829911220819,696.0371302620466,irma_s059,irma,mid,0,B_N10_s1
single,active,0.007307478644788434,0.024212268760389483,4110456,0.9723250519096632,0.9847072938440797,1048005,6586,23243,796126,4631,7733,30037.069440342486,2409.6888922242038,irma_s063,irma,high,6,B_N10_s1
single,land,0.004603635402937649,0.014290825612324552,3684744,0.9557296341712029,0.9713800452573442,628203,6389,22710,383767,4229,7078,16963.217929162085,752.5267799823456,irma_s063,irma,high,6,B_N10_s1
single,active,0.007611826862027806,0.023439681735766427,4110456,0.9698043443428102,0.9856111806081033,1113669,7310,27365,837530,5145,7082,31288.079395983368,2258.361309200254,irma_s068,irma,high,0,B_N10_s1
single,land,0.004956156077755846,0.014464659213271402,3684744,0.9534298940726583,0.9745628526581213,693871,7119,26773,425921,4741,6376,18262.166370574385,770.9455973354087,irma_s068,irma,high,0,B_N10_s1
single,active,0.005472315101434977,0.018554372414283312,4110456,0.9736495758868612,0.9861378607768357,866294,7225,16220,645657,4387,4689,22493.710442584008,1415.0850483968147,matthew_s005,matthew,low,0,B_N10_s1
single,land,0.0031857088740069464,0.01107637321337234,3684744,0.952651603418253,0.9695403197044197,449703,6869,15482,241942,3690,3911,11738.521659243852,452.0666628984948,matthew_s005,matthew,low,0,B_N10_s1
single,active,0.005437572541932844,0.018808880069419633,4110456,0.9742509921089533,0.9864077850550759,850412,7255,15221,636162,4269,4497,22350.90268042311,1454.1723354345604,matthew_s006,matthew,low,6,B_N10_s1
single,land,0.003120549681798151,0.011078087902739338,3684744,0.9529772508121572,0.9695146376472945,433861,6924,14484,232350,3591,3715,11498.426716707647,452.2066390232359,matthew_s006,matthew,low,6,B_N10_s1
single,active,0.006849599904312286,0.020913789996034108,4110456,0.9640827207177585,0.9848356453372724,985146,9737,26965,719386,5727,5350,28154.979024279863,1797.8584236077402,matthew_s024,matthew,mid,6,B_N10_s1
single,land,0.0045296775788695575,0.013356086929059435,3684744,0.9409533840762602,0.9701604419944041,568174,9390,26264,314494,5040,4633,16690.70228067413,657.3032723636802,matthew_s024,matthew,mid,6,B_N10_s1
single,active,0.006617675250357056,0.020640175953131203,4110456,0.9695867606482367,0.9845963257819478,968814,8458,21931,717689,5061,6167,27201.662938881665,1751.1235721659455,matthew_s037,matthew,low,-6,B_N10_s1
single,land,0.004058330558774612,0.012414707874236357,3684744,0.949039804077575,0.9689974894978369,549886,8222,21305,309554,4546,5358,14953.909176461399,567.9110643629473,matthew_s037,matthew,low,-6,B_N10_s1
single,active,0.006386189409662785,0.01973445234856938,4110456,0.969190089777424,0.986072690307959,952269,7983,22289,710067,4826,5203,26250.150576084852,1600.8113736025282,matthew_s041,matthew,mid,0,B_N10_s1
single,land,0.004012532336405919,0.012407509397566859,3684744,0.9478125571704893,0.9715138710861766,533627,7724,21658,301657,4328,4517,14785.15445137769,567.2526663757667,matthew_s041,matthew,mid,0,B_N10_s1
single,active,0.007320065065907676,0.021703282446929907,4110456,0.9646608860154913,0.984708067242858,1032082,9641,28168,756629,5829,5921,30088.805370550603,1936.158238277548,matthew_s046,matthew,mid,-6,B_N10_s1
single,land,0.004724109419876411,0.013520650608389018,3684744,0.9431606448009576,0.9708385045529975,612995,9392,27550,348099,5311,5145,17407.133840233088,673.6006548949945,matthew_s046,matthew,mid,-6,B_N10_s1
single,active,0.007228874115595552,0.02130564895033336,4110456,0.964539457227447,0.9847773214162817,1033396,9540,28452,758378,5852,5871,29713.96898169443,1865.8620756595972,matthew_s049,matthew,high,-6,B_N10_s1
single,land,0.004753349900927981,0.013510262602105656,3684744,0.9430549993171694,0.9708789607361452,614588,9262,27849,349764,5328,5163,17514.877527344972,672.5659887423267,matthew_s049,matthew,high,-6,B_N10_s1
single,active,0.005903713483662852,0.019402240543681042,4110456,0.9747105343930201,0.986353911183009,895527,6311,16924,680454,4268,5146,24266.95451120287,1547.368575455857,matthew_s059,matthew,mid,0,B_N10_s1
single,land,0.003362494187168292,0.01153681031614669,3684744,0.9548426074791304,0.9703112667985685,475715,6136,16362,269241,3833,4405,12389.93028120324,490.43202843168757,matthew_s059,matthew,mid,0,B_N10_s1
single,active,0.005934155881389434,0.020020053841078068,4110456,0.9749353341364893,0.9864234289308066,880468,6524,16112,672870,4052,5209,24392.086647592485,1647.4812703020666,matthew_s063,matthew,high,6,B_N10_s1
single,land,0.0033717843273223824,0.011796190668379024,3684744,0.9546898096582792,0.9698751408743105,461140,6298,15588,261618,3626,4500,12424.162069395185,512.7325487100555,matthew_s063,matthew,high,6,B_N10_s1
single,active,0.006658429866555319,0.020394992560652365,4110456,0.969832434777718,0.986498821744901,965635,7333,22704,728411,4802,5167,27369.18299556151,1709.7676913756848,matthew_s068,matthew,high,0,B_N10_s1
single,land,0.004117530297816033,0.01270064458886399,3684744,0.9489712334937366,0.9729040895663549,545667,7161,22181,316834,4385,4439,15172.04505969584,594.3726899726979,matthew_s068,matthew,high,0,B_N10_s1
single,active,0.003428941489540033,0.017671889529372917,4110456,0.9872415806959876,0.9901810210691374,559532,3432,3799,491915,2732,2146,14094.513119328767,1283.6776497325295,ian_s005,ian,low,0,B_N10_s1
single,land,0.0009917864360379461,0.006846533675750445,3684744,0.9614476584112119,0.9666055834809226,147014,2919,2976,94419,1961,1301,3654.4791194722056,172.72246112420285,ian_s005,ian,low,0,B_N10_s1
single,active,0.0034389841820873235,0.017719300877718065,4110456,0.9873612420842207,0.9902447962179206,559117,3422,3735,491813,2724,2121,14135.793165165931,1290.5747649482212,ian_s006,ian,low,6,B_N10_s1
single,land,0.0009918759873865663,0.006865300814061225,3684744,0.9618142338902774,0.9668204182041821,146618,2917,2904,94323,1959,1278,3654.8090932667255,173.67066327797224,ian_s006,ian,low,6,B_N10_s1
single,active,0.003702957945425516,0.017927021485117343,4110456,0.9837540432706561,0.9897866884802341,593972,4493,5316,503358,3002,2192,15220.845704521984,1321.0105366507935,ian_s024,ian,mid,6,B_N10_s1
single,land,0.0012907138648200617,0.00754313608308778,3684744,0.9554074050669573,0.9668837226317426,181429,3962,4506,105721,2217,1404,4755.950169112533,209.65788763310567,ian_s024,ian,mid,6,B_N10_s1
single,active,0.0035588111710126236,0.016638257218095597,4110456,0.985912449180815,0.9902334361186995,583952,3926,4418,506748,2775,2223,14628.336730755866,1137.9041245912315,ian_s037,ian,low,-6,B_N10_s1
single,land,0.0011230272461590365,0.00674495717189082,3684744,0.9596051281473046,0.9680585215139261,170209,3496,3669,106530,2036,1479,4138.0679071210325,167.63539154011747,ian_s037,ian,low,-6,B_N10_s1
single,active,0.003657194987570553,0.017666330783531477,4110456,0.9859614060426919,0.9899610230952705,587071,3904,4455,510513,2905,2272,15032.739079829305,1282.8702074364232,ian_s041,ian,mid,0,B_N10_s1
single,land,0.0011939454228340088,0.007394963692604957,3684744,0.9597758855019,0.9670544857941765,173014,3470,3781,109634,2182,1553,4399.383233115077,201.50202385014248,ian_s041,ian,mid,0,B_N10_s1
single,active,0.0037394312524532264,0.016893196114819244,4110456,0.9839574277304536,0.9898700158629931,605736,4301,5575,514186,2940,2322,15370.76762823388,1173.0422414562759,ian_s046,ian,mid,-6,B_N10_s1
single,land,0.0013004662504434781,0.007140953989093309,3684744,0.9567401368408988,0.9679469208485189,191990,3864,4817,113938,2200,1573,4791.885213524103,187.89697571165922,ian_s046,ian,mid,-6,B_N10_s1
single,active,0.003842911306794083,0.017899402490689487,4110456,0.9837206340197958,0.9896027593631476,610136,4389,5708,518442,3093,2354,15796.117838479578,1316.9432823483542,ian_s049,ian,high,-6,B_N10_s1
single,land,0.0013820617145828054,0.007782771307738754,3684744,0.9561949815894072,0.967213924206888,196063,3952,5030,117531,2338,1646,5092.5436104387045,223.19057889576695,ian_s049,ian,high,-6,B_N10_s1
single,active,0.00376294034757781,0.018076459217999417,4110456,0.9875530180548885,0.9902238746088212,583948,3310,4050,518301,2790,2327,15467.400729343295,1343.1259348248882,ian_s059,ian,mid,0,B_N10_s1
single,land,0.001155627493141414,0.007509316373524056,3684744,0.9640757189993949,0.9684973726758286,168881,2915,3378,115011,2069,1672,4258.1914715878665,207.78209658834402,ian_s059,ian,mid,0,B_N10_s1
single,active,0.003922911930815902,0.01896501483001308,4110456,0.9871905729051459,0.9898264670817327,589104,3375,4269,523054,2850,2526,16124.95688349381,1478.4150569708531,ian_s063,ian,high,6,B_N10_s1
single,land,0.0012695534929296726,0.008461341070159058,3684744,0.9631337427120974,0.9671293211331242,173784,3009,3643,119013,2204,1841,4677.979615751654,263.80664048105757,ian_s063,ian,high,6,B_N10_s1
single,active,0.0038775519941622117,0.018143702253200722,4110456,0.9861192632113486,0.9900271127819833,598105,3757,4662,523262,2904,2367,15938.506859716028,1353.1371707037545,ian_s068,ian,high,0,B_N10_s1
single,land,0.0012919438028029268,0.007771404162581636,3684744,0.9613519972686924,0.968568798152246,183027,3362,3996,119934,2165,1727,4760.482175715268,222.53909194643398,ian_s068,ian,high,0,B_N10_s1
single,active,0.004048194543308165,0.016162529490578337,4110456,0.9819802385051059,0.988109320510654,629195,6020,5526,514552,2915,3277,16639.925549708307,1073.7635673599245,milton_s005,milton,low,0,B_N10_s1
single,land,0.0015609916633566644,0.007917337356710073,3684744,0.9531328749370005,0.9599014025829746,211809,5705,4710,110596,2383,2237,5751.854665603489,230.97534340845104,milton_s005,milton,low,0,B_N10_s1
single,active,0.004038591630554011,0.016121937472823086,4110456,0.982337192780729,0.9884547154616865,627072,5831,5444,514292,2822,3185,16600.45319936052,1068.3768490687587,milton_s006,milton,low,6,B_N10_s1
single,land,0.0015490874744584382,0.007899233111362423,3684744,0.9538877238631143,0.9613582118155368,209696,5510,4627,110362,2292,2144,5707.990776985884,229.92022775183045,milton_s006,milton,low,6,B_N10_s1
single,active,0.005225908752944316,0.017615526712239187,4110456,0.9777411471384673,0.9871121870930112,851768,7583,11808,617720,4024,4041,21480.867988992482,1275.5023712392021,milton_s024,milton,mid,6,B_N10_s1
single,land,0.0028614283753022373,0.010260393849353719,3684744,0.9595378404714399,0.9702666236604081,434259,7259,11053,213578,3458,3087,10543.631037324667,387.91393738853037,milton_s024,milton,mid,6,B_N10_s1
single,active,0.004817527892850884,0.01722507789816178,4110456,0.9785734603629692,0.9880124424837292,780930,7036,10063,588560,3231,3910,19802.23643233627,1219.5858950454378,milton_s037,milton,low,-6,B_N10_s1
single,land,0.002365260553662853,0.009229203534855429,3684744,0.9573558627102883,0.9691352100661121,362386,6767,9375,181771,2796,2993,8715.379633545876,313.8598535978393,milton_s037,milton,low,-6,B_N10_s1
single,active,0.0048979667488380525,0.01740627149669524,4110456,0.9786600983485647,0.9875206859104896,777566,6874,10081,590171,3334,4124,20132.876810561866,1245.3789193815558,milton_s041,milton,mid,0,B_N10_s1
single,land,0.0024280582489214306,0.009617099389132506,3684744,0.9571662381421526,0.9675821057042975,358498,6613,9430,182396,2900,3211,8946.773064363748,340.79681635199955,milton_s041,milton,mid,0,B_N10_s1
single,active,0.0053365995434599455,0.018115103497235396,4110456,0.9783530098822973,0.9878164987748435,877838,7271,12152,638572,3811,4065,21935.857613012195,1348.874805661381,milton_s046,milton,mid,-6,B_N10_s1
single,land,0.0028980976769363387,0.01015443584707251,3684744,0.9613499064309369,0.9726741550395406,459258,6988,11476,231726,3362,3148,10678.748026505113,379.94341394971934,milton_s046,milton,mid,-6,B_N10_s1
single,active,0.0054144224868040765,0.018220626611302165,4110456,0.9782060430914885,0.9874105325794069,882784,7308,12360,643844,3901,4308,22255.745397418737,1364.635360188658,milton_s049,milton,high,-6,B_N10_s1
single,land,0.0029683834844720543,0.010463508356024871,3684744,0.9611077139925586,0.9717469455322618,463672,7034,11729,235980,3457,3404,10937.733234107494,403.4242230628576,milton_s049,milton,high,-6,B_N10_s1
single,active,0.004291321873438767,0.016755953081346423,4110456,0.9830185084907458,0.9892383956411618,655346,5327,5994,547585,2698,3259,17639.289742607623,1154.0596981156327,milton_s059,milton,mid,0,B_N10_s1
single,land,0.0017343513370857886,0.00853255803659767,3684744,0.9571041755736069,0.9666720846907839,235060,5106,5429,136787,2308,2408,6390.640683218837,268.2661164335973,milton_s059,milton,mid,0,B_N10_s1
single,active,0.004416880650657526,0.017209941271828764,4110456,0.9832032403444357,0.9894085896588086,659283,5118,6145,553584,2742,3184,18155.393571779132,1217.4434019907899,milton_s063,milton,high,6,B_N10_s1
single,land,0.0018146464157795497,0.009093316146960247,3684744,0.9575742250372279,0.9674597596839455,238571,4930,5640,141788,2387,2382,6686.507492665201,304.6855804214444,milton_s063,milton,high,6,B_N10_s1
single,active,0.005110122092011077,0.018002574355036216,4110456,0.9784613057376175,0.9881627435005298,789131,6544,10827,605223,3194,4056,21004.932013839483,1332.1687150730118,milton_s068,milton,high,0,B_N10_s1
single,land,0.002537737946977376,0.009974569072561114,3684744,0.9569434102272049,0.9701088176742655,368828,6336,10259,194436,2824,3167,9350.914673697203,366.6026538962186,milton_s068,milton,high,0,B_N10_s1
single,active,0.0046864696687881485,0.01842345511276722,4110456,0.9718695219966822,0.9830460975004492,619837,7748,10193,459519,3899,4026,19263.52736888826,1395.186177187152,beryl_s005,beryl,low,0,B_N10_s1
single,land,0.002178322688211434,0.009379818639466598,3684744,0.9367714426374507,0.9444479595064853,224531,6466,8689,89562,2578,2690,8026.561455450952,324.18745342330175,beryl_s005,beryl,low,0,B_N10_s1
single,active,0.004509445356731348,0.018067454528384475,4110456,0.9724759938114539,0.9831970601347871,608451,7663,9558,454298,3793,3971,18535.87672324851,1341.7881263942288,beryl_s006,beryl,low,6,B_N10_s1
single,land,0.0020044140246103436,0.009000588381192007,3684744,0.9364918336605139,0.9431769937210913,213242,6366,8095,84420,2464,2622,7385.752550698817,298.50328988883575,beryl_s006,beryl,low,6,B_N10_s1
single,active,0.00555328711837247,0.019534099295296415,4110456,0.9657064025560769,0.9817882625232185,742015,8895,17455,532789,4426,5457,22826.54235543683,1568.4720559467216,beryl_s024,beryl,mid,6,B_N10_s1
single,land,0.003119789668735245,0.011412551520384081,3684744,0.9361736673756678,0.9573589526677275,345948,7632,15954,161831,3100,4108,11495.626263134181,479.9243911159318,beryl_s024,beryl,mid,6,B_N10_s1
single,active,0.005385787407583278,0.018969274896780165,4110456,0.9705679141446342,0.9831011222325624,727660,8413,13653,518693,4426,4490,22138.04216422513,1479.0793173764039,beryl_s037,beryl,low,-6,B_N10_s1
single,land,0.002883572040877134,0.01066845890920482,3684744,0.9439247786089885,0.9567075473573317,329577,7342,12237,144393,3311,3223,10625.224776189774,419.382880207921,beryl_s037,beryl,low,-6,B_N10_s1
single,active,0.005370827080353004,0.01940190840418749,4110456,0.9700615129569845,0.9828448713413415,711544,8109,13851,511213,4348,4575,22076.548397399485,1547.315598294292,beryl_s041,beryl,mid,0,B_N10_s1
single,land,0.0028942873561222933,0.010809909665562192,3684744,0.9415345783440257,0.9548148820453387,313338,7036,12421,136761,3172,3300,10664.707969747484,430.5776169508846,beryl_s041,beryl,mid,0,B_N10_s1
single,active,0.0058255193629669945,0.019616222747306775,4110456,0.967084685567326,0.98237142678165,789673,9516,17361,564561,4663,5468,23945.54101862386,1581.6878279885996,beryl_s046,beryl,mid,-6,B_N10_s1
single,land,0.0033564340505528125,0.01166296992530791,3684744,0.9413508791351601,0.960752029019282,391152,8456,15914,189639,3553,4194,12367.600229170173,501.2168142927022,beryl_s046,beryl,mid,-6,B_N10_s1
single,active,0.005801010544159161,0.02000381494171628,4110456,0.9670417180435676,0.9822928561372772,790545,9619,17324,565173,4687,5501,23844.798597302288,1644.8097058253666,beryl_s049,beryl,high,-6,B_N10_s1
single,land,0.003376044621995764,0.011683508392624536,3684744,0.9411537297878778,0.9608304708021823,391951,8573,15934,190206,3526,4228,12439.860164631158,502.9836522902452,beryl_s049,beryl,high,-6,B_N10_s1
single,active,0.004745695086228717,0.018360678529726168,4110456,0.9739156259518733,0.9848368365093645,639473,7374,9753,481664,3849,3567,19506.970841359347,1385.694385275033,beryl_s059,beryl,mid,0,B_N10_s1
single,land,0.002214231468888679,0.009433580072037148,3684744,0.9419722894976882,0.9526841333821913,239585,6334,8425,103995,2769,2396,8158.876119598746,327.9143334520099,beryl_s059,beryl,mid,0,B_N10_s1
single,active,0.004559442332496986,0.017987048054200105,4110456,0.9746290787408644,0.9850059263076527,629702,7261,9131,477851,3775,3499,18741.38709226623,1329.8718510212198,beryl_s063,beryl,high,6,B_N10_s1
single,land,0.0020818919192704542,0.009182370706123974,3684744,0.9419695241533803,0.9522569692808026,229590,6234,7910,99847,2675,2331,7671.2387581802905,310.6826237480225,beryl_s063,beryl,high,6,B_N10_s1
single,active,0.005409260737945815,0.019267891337551492,4110456,0.970847059520699,0.9837654023438677,720852,8024,13622,522466,4223,4399,22234.528255853802,1526.0135171545812,beryl_s068,beryl,high,0,B_N10_s1
single,land,0.002912702478424144,0.010849081942195636,3684744,0.9432346399614013,0.958130186463951,320613,6997,12298,144441,3145,3167,10732.562981158495,433.70387171231084,beryl_s068,beryl,high,0,B_N10_s1
single,active,0.00654923228517642,0.021898414213126913,4110456,0.9717750497266818,0.9859075951612882,1020598,5662,23981,761307,4221,6661,26920.33114199713,1971.1303106427224,irma_s005,irma,low,0,B_N10_s2
single,land,0.0040401437625302095,0.012521746425201043,3684744,0.9547119926248859,0.9738164304088446,603757,5402,23238,355852,3708,5860,14886.895488120615,577.7462427857888,irma_s005,irma,low,0,B_N10_s2
single,active,0.006597491959751832,0.02232523913920315,4110456,0.9722195955529739,0.9858088237219692,1007587,5614,23177,752876,4170,6668,27118.700410913676,2048.7182816129157,irma_s006,irma,low,6,B_N10_s2
single,land,0.004034851887789231,0.012628820852421316,3684744,0.9550672770417499,0.9732695065656792,590839,5337,22460,347465,3662,5881,14867.396284420043,587.6691942098748,irma_s006,irma,low,6,B_N10_s2
single,active,0.007571374947636724,0.023501408459943526,4110456,0.9662920086101935,0.9848810728744939,1118225,6853,32155,825157,4726,7941,31121.80358176306,2270.2714365475604,irma_s024,irma,mid,6,B_N10_s2
single,land,0.00508179568687409,0.014302521355784265,3684744,0.9485428383609671,0.9734820771172878,701271,6593,31450,419122,4250,7167,18725.116166435182,753.7590337318844,irma_s024,irma,mid,6,B_N10_s2
single,active,0.007523662240290091,0.023090111741239105,4110456,0.96946720719,0.9857961540504135,1106514,6384,28465,816740,4516,7252,30925.682597573847,2191.5030174028134,irma_s037,irma,low,-6,B_N10_s2
single,land,0.004735248611220206,0.013917972523368417,3684744,0.9530536000132934,0.9746139049058331,688261,6165,27738,408871,4143,6507,17448.178908701986,713.7716097596175,irma_s037,irma,low,-6,B_N10_s2
single,active,0.007363415053744225,0.023012888925241927,4110456,0.969335356375632,0.9851199558073422,1096928,5679,29022,816760,4274,8063,30266.993588153273,2176.868957411346,irma_s041,irma,mid,0,B_N10_s2
single,land,0.004715444943895295,0.013738997363905742,3684744,0.9525025694019331,0.9733207619229484,678399,5474,28355,407763,3895,7282,17375.207464348525,695.5324563910991,irma_s041,irma,mid,0,B_N10_s2
single,active,0.00809259586896012,0.023698257301375435,4110456,0.966599847918181,0.9844152689415847,1152940,6654,33185,851027,4883,8590,33264.25924514234,2308.462503366218,irma_s046,irma,mid,-6,B_N10_s2
single,land,0.0052807518385068804,0.014856195182449145,3684744,0.9497132957094557,0.9728838056244412,734551,6434,32460,442918,4525,7820,19458.218652427197,813.2470817038713,irma_s046,irma,mid,-6,B_N10_s2
single,active,0.008117482681563074,0.02463873236325928,4110456,0.9660376384249393,0.9842403844723858,1159961,6297,34483,860357,4810,8966,33366.55539332703,2495.3227370572017,irma_s049,irma,high,-6,B_N10_s2
single,land,0.005390886219302921,0.014864333169905215,3684744,0.9489435898486307,0.9728015561684957,741254,6083,33799,451091,4424,8188,19864.035651259124,814.1382933686552,irma_s049,irma,high,-6,B_N10_s2
single,active,0.007294882161131413,0.023634468098179408,4110456,0.9714843468641092,0.9854234975902552,1052034,4985,25895,793125,4073,7659,29985.292148515582,2296.051734352187,irma_s059,irma,mid,0,B_N10_s2
single,land,0.004420107476666907,0.013807988488706017,3684744,0.9546191492637801,0.9729718020922261,632376,4817,25245,381799,3748,6858,16286.964504003525,702.5353032943138,irma_s059,irma,mid,0,B_N10_s2
single,active,0.007482513954617575,0.02475907201322583,4110456,0.9706668376459131,0.9845115485479808,1044587,4906,26661,795125,3775,8734,30756.544379841536,2519.757402300593,irma_s063,irma,high,6,B_N10_s2
single,land,0.004608528510514243,0.014400972254728469,3684744,0.9529920461218171,0.9709936519288955,624834,4742,26079,382856,3448,7989,16981.247777946293,764.1716956046954,irma_s063,irma,high,6,B_N10_s2
single,active,0.007768975811571796,0.02405315529271439,4110456,0.9689364326532962,0.9854719039439799,1110749,5325,30285,836506,4226,8106,31934.03323853016,2378.121909642103,irma_s068,irma,high,0,B_N10_s2
single,land,0.004921599100837384,0.014496509028486535,3684744,0.9520285034844022,0.9742888452791432,690988,5162,29656,424977,3895,7320,18134.832757215947,774.3444341517269,irma_s068,irma,high,0,B_N10_s2
single,active,0.0056168721190301375,0.019017385134664125,4110456,0.9731601663358042,0.9859895483651924,864247,5569,18267,644708,3523,5638,23087.90570290014,1486.591369937628,matthew_s005,matthew,low,0,B_N10_s2
single,land,0.0031565495027677756,0.011043920728503479,3684744,0.9516024128652136,0.9690298207539587,447708,5293,17477,241114,2967,4739,11631.076841026545,449.42153808139784,matthew_s005,matthew,low,0,B_N10_s2
single,active,0.005571974930032316,0.019182433249408642,4110456,0.9736087212552473,0.9865502950954071,848168,5526,17465,635367,3370,5292,22903.357783000916,1512.5070058424426,matthew_s006,matthew,low,6,B_N10_s2
single,land,0.003082357003502795,0.011029307995240715,3684744,0.9517404522596448,0.9698675663005626,431699,5244,16646,231713,2847,4352,11357.696474514902,448.23302315402805,matthew_s006,matthew,low,6,B_N10_s2
single,active,0.006915071696824837,0.021044075348394798,4110456,0.963717680190781,0.9851964371643733,982807,7697,29304,718621,4683,6115,28424.09794664383,1820.3282118921663,matthew_s024,matthew,mid,6,B_N10_s2
single,land,0.004452895463306753,0.013223495927183332,3684744,0.9402717247727458,0.9708235119434288,565911,7421,28527,313842,4147,5285,16407.77984104678,644.3174477398217,matthew_s024,matthew,mid,6,B_N10_s2
single,active,0.006753147795784207,0.020957954044300783,4110456,0.9692019048631368,0.9843461943187469,966524,6492,24221,716543,4082,7313,27758.516876067966,1805.4595845836284,matthew_s037,matthew,low,-6,B_N10_s2
single,land,0.004025482660605843,0.012379751141278154,3684744,0.9483235410746722,0.968437573569803,547654,6306,23537,308520,3663,6392,14832.873080771416,564.7173741001081,matthew_s037,matthew,low,-6,B_N10_s2
single,active,0.006523916194438514,0.020150551059761445,4110456,0.969096354397697,0.9859933540035871,950355,6103,24203,709156,3960,6114,26816.270464926958,1669.0289063163918,matthew_s041,matthew,mid,0,B_N10_s2
single,land,0.0039705141138454995,0.012347641752096286,3684744,0.9475621860404613,0.971367132257502,531752,5894,23533,300846,3540,5328,14630.328057907522,561.7917555986901,matthew_s041,matthew,mid,0,B_N10_s2
single,active,0.007425183760168691,0.021960666475048168,4110456,0.9645528433963784,0.9849145570940029,1029855,7452,30395,755721,4746,6829,30520.891138087958,1982.3531995539763,matthew_s046,matthew,mid,-6,B_N10_s2
single,land,0.004669879550055236,0.013441762463521075,3684744,0.942898556988756,0.9712946493494871,610821,7267,29724,347300,4320,5944,17207.31065278873,665.7631500628933,matthew_s046,matthew,mid,-6,B_N10_s2
single,active,0.007358124045660682,0.021738089235690268,4110456,0.9642700832320209,0.9848867252057384,1031094,7452,30754,757436,4810,6813,30245.245132230222,1942.3734723761743,matthew_s049,matthew,high,-6,B_N10_s2
single,land,0.0047071851224420045,0.013429275816987801,3684744,0.9425393512318714,0.9710317151094834,612332,7225,30105,348915,4397,6012,17344.77213680744,664.5268110148464,matthew_s049,matthew,high,-6,B_N10_s2
single,active,0.0061119924316306844,0.019941372461093936,4110456,0.9740513760947758,0.9861700923348437,893397,4746,19054,679485,3414,6115,25123.075962550938,1634.5570916488794,matthew_s059,matthew,mid,0,B_N10_s2
single,land,0.003355745087417878,0.011547829504026375,3684744,0.9536032761998336,0.9699187256294337,473629,4596,18448,268393,3071,5253,12365.061576392502,491.3693314404576,matthew_s059,matthew,mid,0,B_N10_s2
single,active,0.0061320736703136015,0.020570125213396274,4110456,0.9741132202728007,0.9862937703358973,878128,4884,18452,672030,3290,6049,25205.619010582566,1739.2574581250228,matthew_s063,matthew,high,6,B_N10_s2
single,land,0.0033589781617886236,0.011797148362269451,3684744,0.9530719364239291,0.9696614931763446,458846,4711,17882,260901,2946,5217,12376.97462778166,512.8158062253199,matthew_s063,matthew,high,6,B_N10_s2
single,active,0.006834190661759701,0.02086928879896814,4110456,0.9695324887518814,0.9864968764365205,963661,5605,24678,727501,3881,6077,28091.640010774136,1790.2154539561982,matthew_s068,matthew,high,0,B_N10_s2
single,land,0.004091433396361352,0.012674109315774746,3684744,0.9484231641374499,0.9728537433080998,543731,5452,24117,316015,3560,5258,15075.884658642113,591.8916559441285,matthew_s068,matthew,high,0,B_N10_s2
single,active,0.0035139583489117903,0.01753195031780647,4110456,0.9873808287501634,0.9903804304021923,559057,2871,4274,491506,2219,2555,14443.971179034561,1263.4279091907686,ian_s005,ian,low,0,B_N10_s2
single,land,0.0009621768978144546,0.006657106514407334,3684744,0.9619230062718136,0.9673079690037204,146624,2438,3366,94121,1582,1599,3545.375551160425,163.2970472570575,ian_s005,ian,low,0,B_N10_s2
single,active,0.0035255802426020595,0.017583195828992492,4110456,0.9874587260398917,0.9904139960495022,558637,2880,4215,491384,2206,2550,14491.742461685091,1270.8246485161285,ian_s006,ian,low,6,B_N10_s2
single,land,0.0009625668660861271,0.006674507433564933,3684744,0.9621704140921623,0.9673894028422363,146222,2449,3300,94008,1576,1593,3546.81248440966,164.15184277976238,ian_s006,ian,low,6,B_N10_s2
single,active,0.00378255452480302,0.017766482452843808,4110456,0.9836523152447924,0.990013759869606,593103,3672,6185,502926,2449,2624,15548.023941803724,1297.456799292849,ian_s024,ian,mid,6,B_N10_s2
single,land,0.0012671582097408681,0.007370102612819886,3684744,0.9550770304420924,0.9677043265920628,180649,3211,5286,105413,1806,1712,4669.153610393405,200.14944463547124,ian_s024,ian,mid,6,B_N10_s2
single,active,0.0036464169421796056,0.0166419438346839,4110456,0.9858272907053395,0.9904239776090065,583245,3260,5125,506381,2306,2590,14988.436398483813,1138.408441951075,ian_s037,ian,low,-6,B_N10_s2
single,land,0.0011002622153389713,0.006585009718287688,3684744,0.9594831585259609,0.9686605531348562,169604,2888,4274,106264,1693,1745,4054.1845963969827,159.77917000557565,ian_s037,ian,low,-6,B_N10_s2
single,active,0.0037418501444315836,0.017568002727548913,4110456,0.985907015219482,0.9900524261404772,586382,3238,5144,510076,2416,2709,15380.710377279669,1268.6294359547771,ian_s041,ian,mid,0,B_N10_s2
single,land,0.0011675384177252744,0.0072166655639250435,3684744,0.9597679713638363,0.9676408631463419,172406,2838,4389,109326,1795,1861,4302.080179482698,191.90243241274413,ian_s041,ian,mid,0,B_N10_s2
single,active,0.003833624513687955,0.01690139535118383,4110456,0.9837482474716424,0.9900699133598495,604834,3515,6477,513775,2420,2733,15757.944884035736,1174.1812070651022,ian_s046,ian,mid,-6,B_N10_s2
single,land,0.0012850739605291472,0.007001016015398771,3684744,0.9561970781380508,0.9685464898223601,191183,3134,5624,113626,1805,1885,4735.168565616012,180.60487239673782,ian_s046,ian,mid,-6,B_N10_s2
single,active,0.003944409758329273,0.01782207764643032,4110456,0.9834376684886308,0.9896938141867686,609218,3634,6626,517981,2579,2815,16213.322757583112,1305.5895538834043,ian_s049,ian,high,-6,B_N10_s2
single,land,0.001368294260502875,0.007635370938499026,3684744,0.9554784464194824,0.9676596377086808,195231,3235,5862,117201,1941,1976,5041.814066622406,214.81648280715385,ian_s049,ian,high,-6,B_N10_s2
single,active,0.003869271985829206,0.01809832131020719,4110456,0.9874900771989689,0.990332889022331,583420,2813,4578,517852,2279,2776,15904.472249783576,1346.3767152080404,ian_s059,ian,mid,0,B_N10_s2
single,land,0.0011339706052085842,0.007361718235328296,3684744,0.9640680177885633,0.9686291071881071,168441,2460,3818,114676,1707,2007,4178.391383718699,199.69431556868923,ian_s059,ian,mid,0,B_N10_s2
single,active,0.004024220286420409,0.018860970725670903,4110456,0.9870711923084664,0.9897226478671558,588480,2815,4893,522531,2377,3049,16541.38042163849,1462.2380664118887,ian_s063,ian,high,6,B_N10_s2
single,land,0.0012498251376539338,0.008359466111060376,3684744,0.9628355471572279,0.966867985426804,173243,2503,4184,118626,1837,2228,4605.285677019507,257.4923929918905,ian_s063,ian,high,6,B_N10_s2
single,active,0.0039810040868889325,0.018141220327376147,4110456,0.9859716528363668,0.9902003492569766,597416,3149,5351,522804,2349,2825,16363.742134977132,1352.7669974789114,ian_s068,ian,high,0,B_N10_s2
single,land,0.00127411825957148,0.007631162457576751,3684744,0.9610568184811527,0.9688558326446616,182423,2792,4600,119582,1765,2079,4694.799612246454,214.57974200477156,ian_s068,ian,high,0,B_N10_s2
single,active,0.004235880239706395,0.016260779900067943,4110456,0.9821018378219473,0.9881514492029192,628061,4786,6660,513985,2319,3844,17411.39934658259,1086.8578500703536,milton_s005,milton,low,0,B_N10_s2
single,land,0.0015670199246157204,0.007858104212695569,3684744,0.9535341379996742,0.9603786082833635,210773,4525,5746,110190,1903,2643,5774.067265108228,227.5322117485312,milton_s005,milton,low,0,B_N10_s2
single,active,0.004224288974635869,0.016215321125021023,4110456,0.9826542226269065,0.9883212633814848,625936,4469,6580,513678,2271,3799,17363.753961525857,1080.7894861683124,milton_s006,milton,low,6,B_N10_s2
single,land,0.0015535890343185814,0.00783426459023796,3684744,0.9548077407073531,0.9610737081402466,208657,4210,5666,109918,1864,2588,5724.577872671187,226.1537484737931,milton_s006,milton,low,6,B_N10_s2
single,active,0.005373757088428978,0.017815955011429907,4110456,0.9767787271788063,0.987046731603671,849019,5627,14557,616920,3255,4841,22088.592066675425,1304.6926578671544,milton_s024,milton,mid,6,B_N10_s2
single,land,0.0028594418328326274,0.010228583201272314,3684744,0.9576440046152481,0.9700513418584203,431591,5368,13721,212935,2844,3730,10536.311136879027,385.5123404931533,milton_s024,milton,mid,6,B_N10_s2
single,active,0.005023769410513212,0.017473111149457057,4110456,0.9777996364426657,0.9878185859814608,778351,5030,12642,587919,2699,4551,20649.983116060495,1254.961731605301,milton_s037,milton,low,-6,B_N10_s2
single,land,0.002393733533985277,0.009264133574220238,3684744,0.9557120513249474,0.9688044465822243,359903,4820,11858,181273,2346,3491,8820.295276951045,316.2400987087197,milton_s037,milton,low,-6,B_N10_s2
single,active,0.005102466808994488,0.017668062971072183,4110456,0.9777827968087375,0.987258788789342,774931,4892,12716,589432,2744,4863,20973.465309832245,1283.1217911703752,milton_s041,milton,mid,0,B_N10_s2
single,land,0.002453909042699378,0.009623830101931581,3684744,0.9553648828901848,0.9670920009148498,355968,4671,11960,181822,2402,3785,9042.026621632278,341.274009751569,milton_s041,milton,mid,0,B_N10_s2
single,active,0.005514819288404354,0.018325860824827886,4110456,0.9774711632005916,0.9877330062960864,875127,5307,14863,637876,3161,4761,22668.422032937407,1380.4439308824378,milton_s046,milton,mid,-6,B_N10_s2
single,land,0.0029109590960132038,0.010168040444734093,3684744,0.959673487230358,0.9726046417691906,456628,5082,14106,231157,2794,3717,10726.139063280076,380.9621687040821,milton_s046,milton,mid,-6,B_N10_s2
single,active,0.0055889919560787255,0.018477158553476508,4110456,0.9772535449020932,0.9871214458859705,879966,5304,15178,643004,3241,5148,22973.305519815534,1403.3318264013985,milton_s049,milton,high,-6,B_N10_s2
single,land,0.0029819342568049565,0.010458760223676006,3684744,0.9593463108228766,0.9712247736907499,460940,5072,14461,235286,2873,4098,10987.664361156523,403.0581743288934,milton_s049,milton,high,-6,B_N10_s2
single,active,0.00450100628034528,0.016946530648332132,4110456,0.9827857435846582,0.9890827957300315,654096,4213,7244,547034,2228,3810,18501.188271082938,1180.4608994859386,milton_s059,milton,mid,0,B_N10_s2
single,land,0.001759019658814132,0.00851585704428323,3684744,0.956511425311144,0.9664372931563543,233868,4012,6621,136373,1914,2822,6481.53713369742,267.21697604286584,milton_s059,milton,mid,0,B_N10_s2
single,active,0.0046325586881544945,0.017426956317244287,4110456,0.9831382110905929,0.9892892284022399,658038,3896,7390,552983,2202,3785,19041.928655076772,1248.3405813014638,milton_s063,milton,high,6,B_N10_s2
single,land,0.0018371931818834497,0.009063298860813382,3684744,0.9574102529976164,0.9673712165806514,237387,3736,6824,141331,1928,2839,6769.58655378595,302.6773495890743,milton_s063,milton,high,6,B_N10_s2
single,active,0.005348473261538175,0.018325092325471692,4110456,0.9774902708500872,0.9878766586051376,786431,4583,13527,604541,2681,4738,21984.66400872916,1380.328154817307,milton_s068,milton,high,0,B_N10_s2
single,land,0.002583937838795106,0.010026576284636995,3684744,0.9549452526669605,0.9694977123284246,366211,4402,12876,193885,2382,3718,9521.149447873235,370.435538637822,milton_s068,milton,high,0,B_N10_s2
single,active,0.004780864107899552,0.018665968914454753,4110456,0.9716561715716241,0.9831883995887595,618293,6299,11737,459031,3335,4514,19651.531557500362,1432.1584843566127,beryl_s005,beryl,low,0,B_N10_s2
single,land,0.0021534880817807283,0.009320195792634364,3684744,0.935936267682446,0.9450021177467175,223101,5152,10119,89246,2188,3006,7935.052288413048,320.07915511534884,beryl_s005,beryl,low,0,B_N10_s2
single,active,0.004602460845019534,0.018250789163357026,4110456,0.9723054647495704,0.9833525094743137,607056,6338,10953,453828,3242,4441,18918.212795175612,1369.1571535357439,beryl_s006,beryl,low,6,B_N10_s2
single,land,0.0019801497118414183,0.008934734846127773,3684744,0.9356893735375922,0.9432651962214195,211943,5173,9394,84077,2092,2965,7296.344769809395,294.1512224010842,beryl_s006,beryl,low,6,B_N10_s2
single,active,0.005664321884815089,0.019801489416484613,4110456,0.965188152233032,0.9819927395139129,740003,7223,19467,532080,3591,6166,23282.945877369493,1611.705617723134,beryl_s024,beryl,mid,6,B_N10_s2
single,land,0.0030997544888578693,0.011360844744907233,3684744,0.9348734072300682,0.9576892699988717,344025,6089,17877,161272,2458,4667,11421.8017542921,475.58546176532167,beryl_s024,beryl,mid,6,B_N10_s2
single,active,0.005478432615098543,0.019135047632587488,4110456,0.9699956558061821,0.9832940408262436,725678,6812,15635,518017,3635,5166,22518.856213327497,1505.0436612965646,beryl_s037,beryl,low,-6,B_N10_s2
single,land,0.002852167101157645,0.010583228816095015,3684744,0.9425453645993621,0.9571980811326906,327707,5869,14107,143864,2681,3752,10509.505612988025,412.70876484910445,beryl_s037,beryl,low,-6,B_N10_s2
single,active,0.005473258065429394,0.019693187130919866,4110456,0.9696064620938135,0.983038903276116,709654,6504,15741,510556,3577,5232,22497.586454592645,1594.1237022832227,beryl_s041,beryl,mid,0,B_N10_s2
single,land,0.0028646382129398898,0.010727871973570991,3684744,0.9403923936009659,0.9553073800660399,311552,5541,14207,136266,2580,3795,10555.458467300981,424.067006312008,beryl_s041,beryl,mid,0,B_N10_s2
single,active,0.005925945093932555,0.019812330472502995,4110456,0.9664147136008012,0.9822720310052122,787340,7668,19694,563666,3810,6363,24358.33656702563,1613.4708762374376,beryl_s046,beryl,mid,-6,B_N10_s2
single,land,0.0033231014879199416,0.011570289989713033,3684744,0.9398818758730021,0.9603589404646906,388925,6736,18141,188893,2857,4940,12244.778269004077,493.28261336143345,beryl_s046,beryl,mid,-6,B_N10_s2
single,active,0.005901419466318963,0.02028218643035917,4110456,0.9664243797528576,0.9821372005026577,788179,7693,19690,564283,3872,6391,24257.52505384758,1690.9063084783218,beryl_s049,beryl,high,-6,B_N10_s2
single,land,0.0033378809116019043,0.0115781081148906,3684744,0.9398752646887164,0.9603331086252427,389708,6753,18177,189467,2859,4967,12299.236661739647,493.949467549147,beryl_s049,beryl,high,-6,B_N10_s2
single,active,0.004836382338380847,0.01861620223341703,4110456,0.9738455338661717,0.984910921004956,637974,5882,11252,481128,3268,4103,19879.73680109158,1424.5319035188593,beryl_s059,beryl,mid,0,B_N10_s2
single,land,0.0021807326981046335,0.009326541046541794,3684744,0.9416315494026771,0.9531518769604371,238197,4952,9813,103620,2322,2771,8035.44172494486,320.51512768689395,beryl_s059,beryl,mid,0,B_N10_s2
single,active,0.004640621324875613,0.018197065563059053,4110456,0.9744800779262679,0.985273325834116,628259,5879,10574,477360,3145,3990,19075.069768562913,1361.1084286237367,beryl_s063,beryl,high,6,B_N10_s2
single,land,0.00204494719458015,0.009049425002338645,3684744,0.9413004388135537,0.9531031443407615,228239,4972,9261,99483,2200,2695,7535.106905546039,301.75139786105177,beryl_s063,beryl,high,6,B_N10_s2
single,active,0.005510069029617804,0.019562144475445502,4110456,0.9704944275500522,0.9838224313867457,719017,6403,15457,521784,3499,5081,22648.896303206682,1572.979011463808,beryl_s068,beryl,high,0,B_N10_s2
single,land,0.0028783604372592054,0.010743384962883747,3684744,0.9423075218297061,0.9581335890060723,318891,5504,14020,143904,2584,3704,10606.021351028234,425.29433329570276,beryl_s068,beryl,high,0,B_N10_s2
single,active,0.006699260901621953,0.022147613902557792,4110456,0.9749772775407128,0.9869671452933461,1026576,8344,18003,762214,4311,5754,27537.017168637365,2016.2477301420488,irma_s005,irma,low,0,Bp_N1_s0
single,land,0.0038910927183355283,0.012199484817144347,3684744,0.9600444038546325,0.9758658796111406,609705,8085,17290,356759,3870,4953,14337.680547330528,548.3909790047353,irma_s005,irma,low,0,Bp_N1_s0
single,active,0.0067355811643771,0.02230525832367877,4110456,0.9752050292294133,0.9870612377995199,1013593,8600,17171,753717,4053,5827,27686.310010600835,2045.0527671159202,irma_s006,irma,low,6,Bp_N1_s0
single,land,0.003906542153827996,0.012297592010635402,3684744,0.9600752199007793,0.9757844694518448,596825,8345,16474,348317,3615,5029,14394.607762064785,557.2466696463304,irma_s006,irma,low,6,Bp_N1_s0
single,active,0.00773109945488215,0.023567671521809285,4110456,0.9707221452069388,0.9854390344508582,1128083,11727,22297,826604,5720,6494,31778.344140917063,2283.0917077694685,irma_s024,irma,mid,6,Bp_N1_s0
single,land,0.004977471818388588,0.013941231067888325,3684744,0.9555543013938663,0.9745335239476629,711113,11468,21608,420596,5298,5693,18340.70941797644,716.1591931627543,irma_s024,irma,mid,6,Bp_N1_s0
single,active,0.007603942849466233,0.02318971278315888,4110456,0.9731836365081181,0.9862846516653663,1114450,10180,20529,817844,5225,6148,31255.672509245574,2210.4502413750115,irma_s037,irma,low,-6,Bp_N1_s0
single,land,0.004603574213942705,0.013656440991460803,3684744,0.9589378302578146,0.9755690714486277,696139,9949,19860,409979,4868,5399,16962.9924633801,687.198788753308,irma_s037,irma,low,-6,Bp_N1_s0
single,active,0.007431414622849817,0.023141087138012252,4110456,0.9737574195412526,0.9857578386715832,1105388,9228,20562,818041,5037,6782,30546.502824980766,2201.1899387692542,irma_s041,irma,mid,0,Bp_N1_s0
single,land,0.004538939078356794,0.013340875934108638,3684744,0.9595881272223037,0.9745308821987783,686830,9001,19924,409034,4679,6011,16724.828535340726,655.8069443734968,irma_s041,irma,mid,0,Bp_N1_s0
single,active,0.008110860039340513,0.02347017372330917,4110456,0.9711548099540255,0.9849290462686481,1162651,11059,23474,852658,6088,6959,33339.33331386745,2264.2408015844017,irma_s046,irma,mid,-6,Bp_N1_s0
single,land,0.005123935595045501,0.014499826914634808,3684744,0.956768410740595,0.9738519136780166,744207,10823,22804,444541,5739,6197,18880.39094023034,774.698930627824,irma_s046,irma,mid,-6,Bp_N1_s0
single,active,0.008102914928122242,0.024549884987720687,4110456,0.9713707609289232,0.9846998168730415,1170426,10478,24018,861956,6026,7367,33306.675283789635,2477.358895226316,irma_s049,irma,high,-6,Bp_N1_s0
single,land,0.0051713833969860195,0.014375665155999827,3684744,0.9571958670466498,0.9736886254333967,751684,10245,23369,452699,5653,6580,19055.223943743855,761.4882689806591,irma_s049,irma,high,-6,Bp_N1_s0
single,active,0.007336192403712107,0.02365279398128223,4110456,0.9756874764578627,0.9863010976262605,1059420,7890,18509,794072,4317,6712,30155.09608299285,2299.613776753615,irma_s059,irma,mid,0,Bp_N1_s0
single,land,0.004234550581533977,0.013366696884964476,3684744,0.9614738908319193,0.9746798691971517,639708,7720,17913,382710,3995,5947,15603.234848003834,658.3479988315852,irma_s059,irma,mid,0,Bp_N1_s0
single,active,0.007515038540569918,0.024368390897890307,4110456,0.9752216423351916,0.9856170065247806,1052585,8081,18663,796073,3831,7786,30890.23525931686,2440.8647132788733,irma_s063,irma,high,6,Bp_N1_s0
single,land,0.004392329913044433,0.013792317046453144,3684744,0.9605171686262367,0.9731070873449144,632806,7905,18107,383773,3534,7072,16184.611293110996,700.9415166734805,irma_s063,irma,high,6,Bp_N1_s0
single,active,0.007787112386109261,0.024025215725801213,4110456,0.9740720196559512,0.9857892736491456,1120364,9152,20670,837774,5239,6838,32008.58283015713,2372.6003798707316,irma_s068,irma,high,0,Bp_N1_s0
single,land,0.004734046205043281,0.014047240974175382,3684744,0.9601438549170531,0.974826857451305,700544,8980,20100,426206,4915,6091,17443.748349756002,727.0920323708225,irma_s068,irma,high,0,Bp_N1_s0
single,active,0.005695270906336088,0.01906565071127058,4110456,0.975314449169477,0.987077861270705,868775,8250,13739,646154,4267,4192,23410.160468574613,1494.146797812441,matthew_s005,matthew,low,0,Bp_N1_s0
single,land,0.003090187290446947,0.010781660888240861,3684744,0.9557308510143604,0.9714967036049937,452162,7921,13023,242403,3662,3450,11386.549077350646,428.33016089260246,matthew_s005,matthew,low,0,Bp_N1_s0
single,active,0.005652748425689026,0.01930514022137379,4110456,0.9754678910416109,0.9875399316410644,852795,8609,12838,636508,3880,4151,23235.37368286401,1531.9194300821443,matthew_s006,matthew,low,6,Bp_N1_s0
single,land,0.0030355896968799444,0.010796677754546662,3684744,0.9552869296718457,0.9719821374115957,436227,8300,12118,232676,3318,3389,11185.370922040194,429.52416175126433,matthew_s006,matthew,low,6,Bp_N1_s0
single,active,0.006945391418836927,0.020843084624938987,4110456,0.9679213549501148,0.9856878925976106,991588,12340,20523,720252,5974,4484,28548.72582990676,1785.7225681490997,matthew_s024,matthew,mid,6,Bp_N1_s0
single,land,0.004432353250355897,0.013033795081373605,3684744,0.9474166729874387,0.9715325408416681,574576,12028,19862,315307,5419,3820,16332.087045129389,625.9636261801937,matthew_s024,matthew,mid,6,Bp_N1_s0
single,active,0.006744710614760577,0.02097745773485116,4110456,0.9724670814007166,0.9848734194574728,973247,10057,17498,718150,5324,5706,27723.8362147063,1808.8215072040446,matthew_s037,matthew,low,-6,Bp_N1_s0
single,land,0.003978838851038867,0.012157649279927244,3684744,0.9539480138166285,0.9692471268860918,554281,9848,16910,309941,4863,4971,14661.00258333236,544.6362477509219,matthew_s037,matthew,low,-6,Bp_N1_s0
single,active,0.006494074539934166,0.019860909909161655,4110456,0.9728148748874486,0.986622691036495,957244,9436,17314,710762,5129,4508,26693.60765711963,1621.3929731640678,matthew_s041,matthew,mid,0,Bp_N1_s0
single,land,0.003907713227062162,0.012064684027746906,3684744,0.9540720611238758,0.9724450106648908,538567,9208,16718,302268,4659,3906,14398.922867137939,536.3388110505568,matthew_s041,matthew,mid,0,Bp_N1_s0
single,active,0.007382364140124066,0.021874183757706854,4110456,0.9689447599004845,0.9853598505544368,1038702,11743,21548,757454,6158,5096,30344.882973957807,1966.7706377622276,matthew_s046,matthew,mid,-6,Bp_N1_s0
single,land,0.004608098380183141,0.013187595305856732,3684744,0.9501762113186251,0.9718872145469944,619570,11513,20975,348856,5703,4388,16979.662857789546,640.8236671261284,matthew_s046,matthew,mid,-6,Bp_N1_s0
single,active,0.007251318008038995,0.021209319155295902,4110456,0.9689080945332534,0.9852677783430761,1040149,11679,21699,759137,6239,5112,29806.223614051938,1849.0278750781172,matthew_s049,matthew,high,-6,Bp_N1_s0
single,land,0.004633721341642525,0.013184226712863279,3684744,0.9502132690187178,0.9715970524144585,621315,11432,21122,350457,5775,4470,17074.076911289245,640.4963294481066,matthew_s049,matthew,high,-6,Bp_N1_s0
single,active,0.006036565600907237,0.019607586153714954,4110456,0.9769469117950836,0.9872097439629354,898586,7339,13865,680999,4222,4601,24813.03729364276,1580.2953695169638,matthew_s059,matthew,mid,0,Bp_N1_s0
single,land,0.0032529272159676674,0.011174095858749209,3684744,0.9588942591772843,0.9719431511884342,478727,7172,13350,269722,3862,3924,11986.204041473567,460.07867702292754,matthew_s059,matthew,mid,0,Bp_N1_s0
single,active,0.00600139154591158,0.020039954444333406,4110456,0.9765820650461338,0.9875769565816759,883255,7855,13325,673407,3799,4672,24668.45588824153,1650.7582011752418,matthew_s063,matthew,high,6,Bp_N1_s0
single,land,0.003246632791919752,0.011378347077676433,3684744,0.957674863179278,0.9722287143074428,463891,7665,12837,262073,3441,4045,11963.010700229555,477.05194898470165,matthew_s063,matthew,high,6,Bp_N1_s0
single,active,0.006741135411910075,0.020399397159886142,4110456,0.9735481936831297,0.9872000216627516,970979,9022,17360,729141,5017,4437,27709.14050069824,1710.506270185074,matthew_s068,matthew,high,0,Bp_N1_s0
single,land,0.004016666107546051,0.01235678562448604,3684744,0.9553605024371044,0.9740576530690518,550965,8861,16883,317460,4642,3813,14800.386339783669,562.6241176439772,matthew_s068,matthew,high,0,Bp_N1_s0
single,active,0.0038707037565578572,0.0187298707334268,4110456,0.986576873174047,0.9901251180977053,558881,3154,4450,491509,2350,2552,15910.357480365783,1441.9810855838152,ian_s005,ian,low,0,Bp_N1_s0
single,land,0.000998215274011648,0.006839602180016401,3684744,0.9591910271360998,0.9655246736185237,146409,2648,3581,94073,1712,1647,3678.167741622776,172.37290643911854,ian_s005,ian,low,0,Bp_N1_s0
single,active,0.0038874492408842772,0.018780363189918464,4110456,0.9866329103189481,0.9901105809529951,558451,3165,4401,491380,2354,2554,15979.189056888223,1449.766222881899,ian_s006,ian,low,6,Bp_N1_s0
single,land,0.001001617384976522,0.00686914122162161,3684744,0.9594038716799621,0.965476496275366,146004,2660,3518,93965,1724,1636,3690.7036495879292,173.86501825082442,ian_s006,ian,low,6,Bp_N1_s0
single,active,0.004135675642900854,0.0188834482536587,4110456,0.9830415265607659,0.9896189617780996,593472,4422,5816,502863,2588,2687,16999.512760415673,1465.725382354554,ian_s024,ian,mid,6,Bp_N1_s0
single,land,0.0013076528204754858,0.007504595529674015,3684744,0.9533106111289634,0.965624742116797,180966,3894,4969,105312,1936,1813,4818.365884330124,207.52092807361146,ian_s024,ian,mid,6,Bp_N1_s0
single,active,0.003994352687246706,0.017808079725822518,4110456,0.9853270544995119,0.9902489671178825,583355,3672,5015,506446,2462,2525,16418.610969409347,1303.5394717051472,ian_s037,ian,low,-6,Bp_N1_s0
single,land,0.0011513932790962627,0.0069622354898482425,3684744,0.9576923294059199,0.9674171317243703,169637,3253,4241,106264,1834,1745,4242.589476790279,178.6095752972452,ian_s037,ian,low,-6,Bp_N1_s0
single,active,0.004063458792076089,0.018524888074885174,4110456,0.985420972159215,0.9900626975671947,586493,3644,5033,510210,2546,2575,16702.66857264191,1410.5912615427173,ian_s041,ian,mid,0,Bp_N1_s0
single,land,0.0011987133732783504,0.0073512830994223715,3684744,0.9580805387025801,0.9668234295716129,172443,3193,4352,109369,1935,1818,4416.951909907162,199.12858883195705,ian_s041,ian,mid,0,Bp_N1_s0
single,active,0.004153218290524442,0.017933767394755766,4110456,0.9833311944325767,0.9898895925788954,605320,4270,5991,513919,2660,2589,17071.621041595936,1322.0049120293463,ian_s046,ian,mid,-6,Bp_N1_s0
single,land,0.001330492597773004,0.007305647948756903,3684744,0.9548707674212294,0.9672199487838287,191591,3839,5216,113688,2030,1823,4902.52461668849,196.66396948214387,ian_s046,ian,mid,-6,Bp_N1_s0
single,active,0.004229226222827413,0.01864503311929045,4110456,0.9831559769114185,0.9897009808134927,609773,4376,6071,518153,2749,2643,17384.048302978277,1428.9476612704582,ian_s049,ian,high,-6,Bp_N1_s0
single,land,0.0013908700538723953,0.007718220771811553,3684744,0.9546268249020784,0.966718055681509,195709,3918,5384,117260,2120,1917,5125.000085785985,219.50363382816803,ian_s049,ian,high,-6,Bp_N1_s0
single,active,0.004148504620403767,0.018819554001911442,4110456,0.9871703347825351,0.9903117891074535,583546,3132,4452,518042,2482,2586,17052.245707966387,1455.8232728142893,ian_s059,ian,mid,0,Bp_N1_s0
single,land,0.0011544647852056926,0.007454697911973971,3684744,0.9627879335074315,0.9681870319141759,168485,2738,3774,114796,1885,1887,4253.907190497965,204.7705131677723,ian_s059,ian,mid,0,Bp_N1_s0
single,active,0.004305867579300755,0.019914797729596614,4110456,0.9866937329124766,0.9899415846927279,588623,3188,4750,522803,2535,2777,17699.079226542264,1630.2034322110546,ian_s063,ian,high,6,Bp_N1_s0
single,land,0.0012593386425016715,0.008294670038831562,3684744,0.9615420889991068,0.9673455427887395,173317,2822,4110,118791,1947,2063,4640.340506926179,253.51610243356697,ian_s063,ian,high,6,Bp_N1_s0
single,active,0.0042527653602978475,0.018847158926488698,4110456,0.9857864537548469,0.9900853639373809,597705,3556,5062,522972,2580,2657,17480.804891828448,1460.0972705795436,ian_s068,ian,high,0,Bp_N1_s0
single,land,0.0012881124293243305,0.007689747404460787,3684744,0.9603266413570445,0.9682097991474078,182633,3155,4390,119693,1962,1968,4746.364545278251,217.88707496007908,ian_s068,ian,high,0,Bp_N1_s0
single,active,0.004090444930886373,0.015543299260325065,4110456,0.9813379028784389,0.9893877598068127,628806,6043,5915,515007,2702,2822,16813.593908831477,993.0621312259138,milton_s005,milton,low,0,Bp_N1_s0
single,land,0.0015086039857446078,0.007403069766906226,3684744,0.9508465270339601,0.9632671864542317,211280,5683,5239,110821,2214,2012,5558.819484848529,201.94402347986923,milton_s005,milton,low,0,Bp_N1_s0
single,active,0.004080325060339867,0.015529319887683714,4110456,0.981573626401164,0.9896905432556887,626722,5971,5794,514743,2628,2734,16771.99662622437,991.276648933112,milton_s006,milton,low,6,Bp_N1_s0
single,land,0.0014984335662446763,0.007382732119998019,3684744,0.9511537499715825,0.9644751072811639,209192,5612,5131,110579,2146,1927,5521.344092618674,200.83598994078162,milton_s006,milton,low,6,Bp_N1_s0
single,active,0.005187160869925798,0.016721491810245667,4110456,0.9769259187869442,0.9885137069443933,851473,8008,12103,618085,3506,3676,21321.596520751715,1149.3175665395565,milton_s024,milton,mid,6,Bp_N1_s0
single,land,0.0027671652164524703,0.009678645025219727,3684744,0.9577979990639929,0.9729662066202979,433871,7676,11441,213749,3023,2916,10196.295428331941,345.17270359731776,milton_s024,milton,mid,6,Bp_N1_s0
single,active,0.004837786098469274,0.016563687277658633,4110456,0.9771690583723049,0.9887165352612469,780633,7879,10360,589017,3269,3453,19885.506895169616,1127.7271821295312,milton_s037,milton,low,-6,Bp_N1_s0
single,land,0.0023244157830284344,0.008895918121829691,3684744,0.954226141051494,0.9704812982471105,362000,7604,9761,182039,2812,2725,8564.877110019326,291.6009095996848,milton_s037,milton,low,-6,Bp_N1_s0
single,active,0.004863499283982281,0.01647531683459528,4110456,0.9777504427271996,0.9883445162823626,777382,7425,10265,590523,3192,3772,19991.19981284067,1115.726001174776,milton_s041,milton,mid,0,Bp_N1_s0
single,land,0.00235469462448422,0.009050301874912755,3684744,0.9550285004345717,0.9692128818526423,358214,7154,9714,182559,2751,3048,8676.446889400482,301.8098790008858,milton_s041,milton,mid,0,Bp_N1_s0
single,active,0.005320169341439165,0.017396656491356688,4110456,0.977355276197263,0.9887738681026212,877753,8100,12237,639005,3623,3632,21868.321990534663,1244.0034360992875,milton_s046,milton,mid,-6,Bp_N1_s0
single,land,0.002830389862023625,0.009762253621537438,3684744,0.959285426213716,0.9746112705288233,459067,7817,11667,231976,3145,2898,10429.262061752379,351.16198320843137,milton_s046,milton,mid,-6,Bp_N1_s0
single,active,0.0053391434702742034,0.01730031603274481,4110456,0.9773414917395583,0.9884968583856936,882814,8137,12330,644238,3583,3914,21946.314312249422,1230.2633233892857,milton_s049,milton,high,-6,Bp_N1_s0
single,land,0.0028676471111104994,0.00988428803977774,3684744,0.9593336782203828,0.9740247422680413,463598,7849,11803,236201,3116,3183,10566.545486781746,359.99635696397206,milton_s049,milton,high,-6,Bp_N1_s0
single,active,0.004270021218050284,0.015924959364971486,4110456,0.9823407238563684,0.9898532450828793,655069,5505,6271,547959,2732,2885,17551.7343358621,1042.4294430641653,milton_s059,milton,mid,0,Bp_N1_s0
single,land,0.0016653032968830873,0.007972626541864735,3684744,0.9549420497460607,0.9679988692179936,234656,5239,5833,136967,2300,2228,6136.216331370175,234.21255003159177,milton_s059,milton,mid,0,Bp_N1_s0
single,active,0.004374687214279395,0.016183989456697273,4110456,0.9824720112551119,0.9904431442162789,659223,5556,6205,554043,2621,2725,17981.959308058023,1076.6168617694666,milton_s063,milton,high,6,Bp_N1_s0
single,land,0.0017286660712782182,0.008401143146358191,3684744,0.9552817183617857,0.9701092896174863,238381,5329,5830,142024,2230,2146,6369.691934145987,260.06630644346205,milton_s063,milton,high,6,Bp_N1_s0
single,active,0.005050542025596584,0.017001910973091585,4110456,0.977956674146611,0.9890020167051773,789257,7089,10701,605650,3106,3629,20760.03077236563,1188.1888680181828,milton_s068,milton,high,0,Bp_N1_s0
single,land,0.002449853668733112,0.009361107379185952,3684744,0.9556777373000368,0.9717238280664969,368840,6859,10247,194646,2707,2957,9027.083606742322,322.8953377139047,milton_s068,milton,high,0,Bp_N1_s0
single,active,0.005100624188444295,0.019615149257382943,4110456,0.9712360093354748,0.9833268426706153,619229,7538,10801,459546,3793,3999,20965.891299135983,1581.5147182611352,beryl_s005,beryl,low,0,Bp_N1_s0
single,land,0.002201990936601442,0.009461110467652621,3684744,0.9350711691781107,0.9453430416960833,224015,6350,9205,89714,2649,2538,8113.7728916965425,329.8310573424614,beryl_s005,beryl,low,0,Bp_N1_s0
single,active,0.004941393192206276,0.019187384475520326,4110456,0.9717379626135949,0.9834036750860333,607791,7459,10218,454362,3761,3907,20311.37929526344,1513.287900586705,beryl_s006,beryl,low,6,Bp_N1_s0
single,land,0.0020349548104344286,0.009118250944818034,3684744,0.9343007011439718,0.9432745929065358,212673,6291,8664,84574,2618,2468,7498.287528019398,306.35882909843235,beryl_s006,beryl,low,6,Bp_N1_s0
single,active,0.0059699300186501,0.02052281017602815,4110456,0.9659144294974487,0.982092127652122,742227,8949,17243,532729,4197,5517,24539.134664740413,1731.2654419087892,beryl_s024,beryl,mid,6,Bp_N1_s0
single,land,0.003113998968900968,0.011330066093861463,3684744,0.9366123085994661,0.9581861535639692,346274,7807,15628,161944,3072,3995,11474.289016664028,473.0120526705179,beryl_s024,beryl,mid,6,Bp_N1_s0
single,active,0.0058453733868547185,0.02017822260621358,4110456,0.9701304625003667,0.9833829153465338,727398,8481,13915,518645,4226,4538,24027.1501102373,1673.6160088780855,beryl_s037,beryl,low,-6,Bp_N1_s0
single,land,0.0029068787730079978,0.010727314668162345,3684744,0.942895173756226,0.9579537769998807,329391,7526,12423,144492,3218,3124,10711.104117568582,424.0229474906288,beryl_s037,beryl,low,-6,Bp_N1_s0
single,active,0.0057725358675559555,0.020596788224038664,4110456,0.9694972449256342,0.9833174644392509,711356,8342,14039,511212,4097,4576,23727.75469201058,1743.7692337740664,beryl_s041,beryl,mid,0,Bp_N1_s0
single,land,0.0028995233529545304,0.010794281095737502,3684744,0.9404191436978322,0.9564749458382836,313216,7301,12543,136862,3029,3199,10684.001277659088,429.3334903923186,beryl_s041,beryl,mid,0,Bp_N1_s0
single,active,0.006294191598643387,0.02078743608325156,4110456,0.966711596401214,0.9826266656917125,789640,9797,17394,564407,4357,5622,25871.9976217933,1776.199966121261,beryl_s046,beryl,mid,-6,Bp_N1_s0
single,land,0.003376539546097419,0.011682098981798169,3684744,0.9405401896482083,0.9615714235003575,391197,8862,15869,189619,3364,4214,12441.683833245188,502.8623072588775,beryl_s046,beryl,mid,-6,Bp_N1_s0
single,active,0.006244419549345038,0.021072035344059447,4110456,0.9666103773665656,0.9825793000071297,790493,9930,17376,565045,4389,5629,25667.41180312261,1825.1685462418388,beryl_s049,beryl,high,-6,Bp_N1_s0
single,land,0.0033794965893083223,0.011646448981617215,3684744,0.9404552280698387,0.9616323806731144,392025,8961,15860,190208,3363,4226,12452.579780474305,499.797842970892,beryl_s049,beryl,high,-6,Bp_N1_s0
single,active,0.005160184047850438,0.019556481930005958,4110456,0.9731757286803403,0.984709942830971,638885,7269,10341,481598,3845,3633,21210.70948059112,1572.0685002466282,beryl_s059,beryl,mid,0,Bp_N1_s0
single,land,0.0022440543513828916,0.00954140017564379,3684744,0.9400709442985009,0.9521839038368228,239045,6274,8965,104008,2840,2383,8268.765806932002,335.4528934846603,beryl_s059,beryl,mid,0,Bp_N1_s0
single,active,0.005008198808845367,0.019320039546558684,4110456,0.9739444143376945,0.9847168053299471,629022,7017,9811,477694,3758,3656,20585.98084301129,1534.284952762436,beryl_s063,beryl,high,6,Bp_N1_s0
single,land,0.0021168243002598936,0.009295250004835534,3684744,0.9402098935750887,0.9509296585375151,228990,6052,8510,99782,2753,2396,7799.955639436841,318.3680448958766,beryl_s063,beryl,high,6,Bp_N1_s0
single,active,0.005811780122835747,0.020435270854211558,4110456,0.9703918136528881,0.9838012755553713,720710,8226,13764,522306,4041,4559,23889.06647659093,1716.5276377117696,beryl_s068,beryl,high,0,Bp_N1_s0
single,land,0.00292253004689752,0.010844644584653373,3684744,0.9422813464647949,0.9581289778798356,320517,7239,12394,144368,3069,3240,10768.775055125356,433.3491678601208,beryl_s068,beryl,high,0,Bp_N1_s0
single,active,0.006208294903724534,0.02119591289658548,4110456,0.9752627836796455,0.98697938575317,1027374,8854,17205,762561,4653,5407,25518.923036783934,1846.6910992916398,irma_s005,irma,low,0,Bp_N1_s1
single,land,0.0038550546761001976,0.012168016568910818,3684744,0.9604964843633228,0.9759029229697044,610481,8594,16514,357078,4183,4634,14204.889587432146,545.5655077898784,irma_s005,irma,low,0,Bp_N1_s1
single,active,0.0062460455021419075,0.02138768758382948,4110456,0.9754051855285251,0.9870519831722903,1014318,9130,16446,754086,4434,5458,25674.095210552216,1880.258960084323,irma_s006,irma,low,6,Bp_N1_s1
single,land,0.0038727257701983747,0.012273389713323112,3684744,0.9604138471973538,0.9757497565180401,597533,8863,15766,348651,3970,4695,14270.00304538384,555.05544743773,irma_s006,irma,low,6,Bp_N1_s1
single,active,0.007242447282114439,0.022709158876683917,4110456,0.9710415878366757,0.9854571322012814,1129166,12460,21214,827038,6145,6060,29769.76088545099,2119.7863980923794,irma_s024,irma,mid,6,Bp_N1_s1
single,land,0.00494010339833377,0.013928271491240462,3684744,0.9560687542454566,0.974545648153078,712189,12193,20532,420993,5700,5296,18203.01635638997,714.8283485465273,irma_s024,irma,mid,6,Bp_N1_s1
single,active,0.007165458537792004,0.022341214722127516,4110456,0.97351451125162,0.9863387714658367,1115487,10856,19492,818241,5582,5751,29453.30203941837,2051.6513905425704,irma_s037,irma,low,-6,Bp_N1_s1
single,land,0.004574186123081503,0.013650284156227065,3684744,0.9594742079193613,0.9756337646404268,697153,10600,18846,410334,5204,5044,16854.70487190783,686.5792985101336,irma_s037,irma,low,-6,Bp_N1_s1
single,active,0.0069515666228657114,0.02216422400257208,4110456,0.9740747523340295,0.985730064911522,1106358,9854,19592,818360,5384,6463,28574.108734358102,2019.273124653241,irma_s041,irma,mid,0,Bp_N1_s1
single,land,0.004512047457040181,0.013315078640366788,3684744,0.9601129022351516,0.9745055981030966,687798,9618,18956,409344,5008,5701,16625.739795044065,653.2731246711597,irma_s041,irma,mid,0,Bp_N1_s1
single,active,0.007670093029176004,0.022599600535285425,4110456,0.9716695481870631,0.9849469541192675,1163927,11738,22198,853099,6520,6518,31527.57991233468,2099.382289623511,irma_s046,irma,mid,-6,Bp_N1_s1
single,land,0.005092438794296679,0.014473563517512885,3684744,0.957561705598623,0.9738920881732998,745457,11484,21554,444945,6135,5793,18764.33329265192,771.8950627853743,irma_s046,irma,mid,-6,Bp_N1_s1
single,active,0.007626051627892907,0.023624368021690677,4110456,0.9717801435793647,0.9847618590874472,1171583,11161,22861,862418,6440,6905,31346.54967018217,2294.0897402923724,irma_s049,irma,high,-6,Bp_N1_s1
single,land,0.005140382453810822,0.014352953844607651,3684744,0.9578358090270047,0.973839283411703,752835,10922,22218,453143,6037,6136,18940.993404384702,759.0841039164166,irma_s049,irma,high,-6,Bp_N1_s1
single,active,0.006837163717955811,0.02260760089563102,4110456,0.9759939315103929,0.9863966018820766,1060190,8338,17739,794431,4603,6353,28103.860627453774,2100.8689342826456,irma_s059,irma,mid,0,Bp_N1_s1
single,land,0.004203156978564401,0.013309558686159025,3684744,0.9619725946742407,0.974878285279454,640465,8162,17156,383056,4270,5601,15487.557457823306,652.731589714627,irma_s059,irma,mid,0,Bp_N1_s1
single,active,0.0069648231266757855,0.02326494826488569,4110456,0.9752673833930605,0.985747809878383,1053201,8662,18047,796431,4087,7428,28628.59900998324,2224.8164445905913,irma_s063,irma,high,6,Bp_N1_s1
single,land,0.004354014236623593,0.013723923257161597,3684744,0.9605837445670141,0.9733867861414641,633407,8485,17506,384114,3771,6731,16043.427834313363,694.0070497659692,irma_s063,irma,high,6,Bp_N1_s1
single,active,0.007298197440906507,0.02299136608097759,4110456,0.9743946705459197,0.9858296928335674,1121272,9703,19762,838111,5546,6501,29998.919460158795,2172.799020576662,irma_s068,irma,high,0,Bp_N1_s1
single,land,0.004707821929834494,0.013993136438288176,3684744,0.9606599540930082,0.9748961721405339,701447,9528,19197,426520,5206,5777,17347.118609026074,721.501864483271,irma_s068,irma,high,0,Bp_N1_s1
single,active,0.0053119424728045195,0.018144915294796633,4110456,0.9754885790646479,0.9871056802807309,869412,8744,13102,646418,4516,3928,21834.505808994174,1353.3181113431483,matthew_s005,matthew,low,0,Bp_N1_s1
single,land,0.003086247047248338,0.010758062603271418,3684744,0.9560444433182993,0.9716211237826755,452775,8407,12410,242641,3875,3212,11372.03028986603,426.45720355300745,matthew_s005,matthew,low,0,Bp_N1_s1
single,active,0.005275089857994612,0.018431390875348678,4110456,0.9756767045798813,0.9875325875735305,853441,9084,12192,636762,4142,3897,21683.0247573331,1396.3883676288713,matthew_s006,matthew,low,6,Bp_N1_s1
single,land,0.003035613044855811,0.010783165864734698,3684744,0.9556502069496583,0.9720078630067236,436843,8771,11502,232896,3538,3169,11185.45695335418,428.44974762809585,matthew_s006,matthew,low,6,Bp_N1_s1
single,active,0.006587658545342902,0.02015700249095583,4110456,0.9681597988567684,0.9855519080837095,992692,13228,19419,720537,6364,4199,27078.280593656003,1670.0977950835777,matthew_s024,matthew,mid,6,Bp_N1_s1
single,land,0.004434191401996206,0.013077208577853251,3684744,0.9478095934324849,0.9712925287320944,575655,12915,18783,315571,5771,3556,16338.860163357109,630.1405413089286,matthew_s024,matthew,mid,6,Bp_N1_s1
single,active,0.006376693373903414,0.020191332616397842,4110456,0.9726961469066118,0.9849388754396883,974162,10762,16583,718507,5638,5349,26211.117538921535,1675.7914483151553,matthew_s037,matthew,low,-6,Bp_N1_s1
single,land,0.003972895132758007,0.012154587314713238,3684744,0.9543876959890258,0.9693658847494907,555195,10538,15996,310263,5156,4649,14639.101503059268,544.3619435326361,matthew_s037,matthew,low,-6,Bp_N1_s1
single,active,0.006111027861716363,0.018996718204184714,4110456,0.973130532636206,0.9865541531447409,958156,10054,16402,711052,5473,4218,25119.111140359193,1483.3620525329775,matthew_s041,matthew,mid,0,Bp_N1_s1
single,land,0.00390486565342613,0.01206215860176196,3684744,0.9546176047452792,0.9723039050272687,539463,9824,15822,302545,4989,3629,14388.430287268013,536.1142975524568,matthew_s041,matthew,mid,0,Bp_N1_s1
single,active,0.007027476785164714,0.02114907348381316,4110456,0.9692996968089915,0.9853884662895781,1039982,12671,20268,757813,6500,4737,28886.13411644101,1838.538362098532,matthew_s046,matthew,mid,-6,Bp_N1_s1
single,land,0.004607259253784617,0.01320100705975073,3684744,0.950764113394152,0.971951457121385,620829,12434,19716,349193,6026,4051,16976.570891827345,642.1277622916318,matthew_s046,matthew,mid,-6,Bp_N1_s1
single,active,0.006886809081763021,0.0204533650328965,4110456,0.9692660524841258,0.985214780031262,1041362,12534,20486,759507,6656,4742,28307.9257109873,1719.5687433086064,matthew_s049,matthew,high,-6,Bp_N1_s1
single,land,0.0046340281918013275,0.013196547383790131,3684744,0.9508066018859913,0.9714726440907027,622514,12285,19923,350791,6165,4136,17075.207575570792,641.6939775030075,matthew_s049,matthew,high,-6,Bp_N1_s1
single,active,0.0056221041059577505,0.01859574034347037,4110456,0.9772310921904439,0.9873100198240183,899379,7883,13072,681315,4472,4285,23109.41155495867,1421.4020926793492,matthew_s059,matthew,mid,0,Bp_N1_s1
single,land,0.0032458453965652284,0.011157123625769117,3684744,0.959393595012385,0.9721754158565565,479503,7721,12574,270012,4094,3634,11960.109349921346,458.6821197682168,matthew_s059,matthew,mid,0,Bp_N1_s1
single,active,0.005596217035403644,0.019074291384369887,4110456,0.9767401254936977,0.9875831576601802,883858,8326,12722,673668,4059,4411,23003.00389047712,1495.5014182010004,matthew_s063,matthew,high,6,Bp_N1_s1
single,land,0.003243868127581837,0.011380828759757133,3684744,0.9579781672087397,0.9722644348734979,464492,8139,12236,262315,3680,3803,11952.823619898409,477.26006715370784,matthew_s063,matthew,high,6,Bp_N1_s1
single,active,0.006341896865786513,0.019516517026497628,4110456,0.9737782907894368,0.987299335867872,971858,9689,16481,729475,5281,4103,26068.088023353368,1565.6498232985018,matthew_s068,matthew,high,0,Bp_N1_s1
single,land,0.004010047204208746,0.012365042552580878,3684744,0.955756810541466,0.9742589010059141,551832,9529,16016,317775,4898,3498,14775.997375424951,563.3762710154998,matthew_s068,matthew,high,0,Bp_N1_s1
single,active,0.0035125591039190046,0.017888675913645537,4110456,0.9869238590149119,0.9901743360425416,559120,3197,4211,491577,2394,2484,14438.219644058496,1315.3653457825767,ian_s005,ian,low,0,Bp_N1_s1
single,land,0.0009989591986814522,0.006848250906389818,3684744,0.9602014816367436,0.9655816243831878,146593,2679,3397,94122,1757,1598,3680.9089135862887,172.8091156309001,ian_s005,ian,low,0,Bp_N1_s1
single,active,0.0035316458233739514,0.017943122851295956,4110456,0.9869909622165535,0.9901539267437643,558704,3216,4148,491453,2406,2481,14516.674764562398,1323.3845647489247,ian_s006,ian,low,6,Bp_N1_s1
single,land,0.001002496854942015,0.006881591416672775,3684744,0.9604388385231901,0.9655646958540017,146198,2698,3324,94018,1770,1583,3693.9442712664604,174.4958438569909,ian_s006,ian,low,6,Bp_N1_s1
single,active,0.0037911028112646767,0.018107740691404053,4110456,0.9833509141762312,0.9895995041761355,593823,4589,5465,502959,2695,2591,15583.161297179759,1347.7785397771686,ian_s024,ian,mid,6,Bp_N1_s1
single,land,0.0013085196626149104,0.0075298953849923635,3684744,0.9541750884284993,0.9654824939081366,181278,4049,4657,105394,2037,1731,4821.559975702316,208.92249578833014,ian_s024,ian,mid,6,Bp_N1_s1
single,active,0.003645369922332511,0.01692030864389944,4110456,0.9855531106829301,0.9903694826382847,583614,3799,4756,506573,2528,2398,14984.132669471204,1176.8105826869423,ian_s037,ian,low,-6,Bp_N1_s1
single,land,0.0011503548091255178,0.006904999311697742,3684744,0.9584066802076281,0.967961491915304,169868,3362,4010,106378,1890,1631,4238.762980796397,175.68496626943647,ian_s037,ian,low,-6,Bp_N1_s1
single,active,0.003717295487398525,0.01773205105767431,4110456,0.9855952560936686,0.9900665463787517,586715,3764,4811,510310,2645,2475,15279.779539950192,1292.4327367556193,ian_s041,ian,mid,0,Bp_N1_s1
single,land,0.0012017251926029879,0.007373521289382746,3684744,0.958698887235413,0.9668748398950595,172654,3297,4141,109457,2020,1730,4428.049693092704,200.33516929840502,ian_s041,ian,mid,0,Bp_N1_s1
single,active,0.0038056281682376566,0.017067195118188834,4110456,0.9836673644482193,0.9899011880162305,605704,4450,5607,514025,2761,2483,15642.867137901485,1197.3312310736073,ian_s046,ian,mid,-6,Bp_N1_s1
single,land,0.001328604110520666,0.007255054107899139,3684744,0.9558395123821665,0.9673788289705245,191945,4006,4862,113786,2112,1725,4895.566024616361,193.94948548259745,ian_s046,ian,mid,-6,Bp_N1_s1
single,active,0.003884521360365618,0.01788294798466531,4110456,0.9834266076932004,0.9897145039625704,610110,4548,5734,518264,2854,2532,15967.154132843018,1314.5231243592789,ian_s049,ian,high,-6,Bp_N1_s1
single,land,0.0013920408085938485,0.007748293194467357,3684744,0.9554128020041819,0.9667355899531267,196023,4078,5070,117353,2214,1824,5129.314017221332,221.21746554193504,ian_s049,ian,high,-6,Bp_N1_s1
single,active,0.0038025860715672865,0.018019221262552104,4110456,0.9872690862224688,0.990370482221326,583711,3240,4287,518145,2555,2483,15630.362733390182,1334.6335561799267,ian_s059,ian,mid,0,Bp_N1_s1
single,land,0.0011582191079582463,0.00748443351526425,3684744,0.9631203243675404,0.9683638202815477,168652,2851,3607,114877,1947,1806,4267.7409087345,206.40736520192235,ian_s059,ian,mid,0,Bp_N1_s1
single,active,0.0039555034565079295,0.019159311511040035,4110456,0.9869542552460387,0.9900154860303889,588810,3220,4563,522944,2638,2636,16258.922915823758,1508.8629723649776,ian_s063,ian,high,6,Bp_N1_s1
single,land,0.0012611680544546637,0.008341496174025232,3684744,0.9623527976081518,0.9676277434632944,173492,2852,3935,118905,2029,1949,4647.081421643496,256.38654515945206,ian_s063,ian,high,6,Bp_N1_s1
single,active,0.00391203912923349,0.018073036139270825,4110456,0.9859276860492152,0.9901380297259849,597905,3672,4862,523082,2663,2547,16080.264710992575,1342.6172964413029,ian_s068,ian,high,0,Bp_N1_s1
single,land,0.0012916125021473497,0.0077184831911373385,3684744,0.9607348551729936,0.9683824183286579,182824,3273,4199,119786,2036,1875,4759.261417612433,219.51856031875,ian_s068,ian,high,0,Bp_N1_s1
single,active,0.003708672202080437,0.014573986615826004,4110456,0.9814203234517326,0.9893433965162951,629113,6302,5608,515161,2881,2668,15244.333905074745,873.0653178548728,milton_s005,milton,low,0,Bp_N1_s1
single,land,0.0015118436043785332,0.007445416067366195,3684744,0.9511382640125156,0.9630285510907403,211575,5925,4944,110938,2364,1895,5570.756650172174,204.26091107325092,milton_s005,milton,low,0,Bp_N1_s1
single,active,0.003703261602319261,0.01457320304058848,4110456,0.981541809187611,0.9896131054777222,627004,6279,5512,514867,2794,2610,15222.093872822821,872.9714390842825,milton_s006,milton,low,6,Bp_N1_s1
single,land,0.0015032456087993743,0.007428868315506498,3684744,0.9511277000549433,0.9641509927082335,209464,5904,4859,110672,2281,1834,5539.075237549841,203.35396304544844,milton_s006,milton,low,6,Bp_N1_s1
single,active,0.004802440385528335,0.015807064216193583,4110456,0.9772636571727393,0.9885372985434215,852170,8420,11406,618337,3746,3424,19740.219897337258,1027.0520148995918,milton_s024,milton,mid,6,Bp_N1_s1
single,land,0.002760671353091282,0.009702115820473466,3684744,0.9584932461642978,0.9731005534509967,434554,8060,10758,213978,3228,2687,10172.367204274982,346.84882683729654,milton_s024,milton,mid,6,Bp_N1_s1
single,active,0.004461629888032842,0.015625733616124526,4110456,0.9775245615944612,0.98877364205538,781352,8324,9641,589229,3449,3241,18339.333343043923,1003.6235333622406,milton_s037,milton,low,-6,Bp_N1_s1
single,land,0.002319499058999863,0.008891040947321285,3684744,0.9549187341858806,0.9706294376767747,362681,8042,9080,182225,2975,2539,8546.760240655392,291.2812576768513,milton_s037,milton,low,-6,Bp_N1_s1
single,active,0.004474569698610955,0.015520639298883589,4110456,0.9780338449508518,0.9884541898525362,777978,7804,9669,590805,3411,3490,18392.52186507359,990.1687498026404,milton_s041,milton,mid,0,Bp_N1_s1
single,land,0.0023515976241035067,0.009080350164304588,3684744,0.9556519168227062,0.9694848378782576,358789,7511,9139,182808,2955,2799,8665.035235829651,303.8173094007025,milton_s041,milton,mid,0,Bp_N1_s1
single,active,0.004943555470003586,0.016494069762450696,4110456,0.9777081369584644,0.9888205848503224,878548,8589,11442,639229,3819,3408,20320.26724300906,1118.2673831983284,milton_s046,milton,mid,-6,Bp_N1_s1
single,land,0.002822770880260612,0.009759100046953444,3684744,0.959937958215735,0.9746352931298672,459841,8298,10893,232163,3331,2711,10401.188064415008,350.9351428333222,milton_s046,milton,mid,-6,Bp_N1_s1
single,active,0.004955073182550273,0.016396993320877584,4110456,0.9777440633683351,0.988583655438984,883557,8525,11587,644517,3808,3635,20367.610293652862,1105.14291354958,milton_s049,milton,high,-6,Bp_N1_s1
single,land,0.00286113350160501,0.00990795695291864,3684744,0.960110831963442,0.9741827560917324,464324,8214,11077,236440,3322,2944,10542.544503238052,361.72251555616424,milton_s049,milton,high,-6,Bp_N1_s1
single,active,0.00390999154743815,0.015022993626854891,4110456,0.9825179699738414,0.9898416929428209,655423,5745,5917,548109,2890,2735,16071.848216116428,927.6902019703739,milton_s059,milton,mid,0,Bp_N1_s1
single,land,0.0016707742635844454,0.00804229144869733,3684744,0.955401971745096,0.9680066090959801,235005,5486,5484,137092,2428,2103,6156.375443097204,238.32353699958992,milton_s059,milton,mid,0,Bp_N1_s1
single,active,0.00402522929631453,0.015438158468409794,4110456,0.9825847149548862,0.9902285601958577,659503,5764,5925,554122,2822,2646,16545.52791241184,979.6726701934872,milton_s063,milton,high,6,Bp_N1_s1
single,land,0.001737536561782615,0.00851454396716001,3684744,0.9556098342275967,0.9694017478867762,238654,5529,5557,142092,2407,2078,6402.37742080912,267.13457695016683,milton_s063,milton,high,6,Bp_N1_s1
single,active,0.004655951982486738,0.016035587613089358,4110456,0.9782377965335529,0.9889624147533438,789883,7497,10075,605872,3355,3407,19138.08576212451,1056.9629439709006,milton_s068,milton,high,0,Bp_N1_s1
single,land,0.0024441737338071995,0.00938999300207069,3684744,0.9562847329172933,0.9716760498062702,369452,7254,9635,194857,2934,2746,9006.154500603676,324.891132189425,milton_s068,milton,high,0,Bp_N1_s1
single,active,0.004805877390106661,0.0188927103666736,4110456,0.9714829553115897,0.9831785575265528,619606,7764,10424,459693,4013,3852,19754.347553428262,1467.1635776802361,beryl_s005,beryl,low,0,Bp_N1_s1
single,land,0.002199083260407314,0.00941189263838934,3684744,0.9356718316614878,0.9448482617156683,224332,6535,8888,89822,2813,2430,8103.058849286288,326.4083419566537,beryl_s005,beryl,low,0,Bp_N1_s1
single,active,0.004648464230116645,0.018435284517494755,4110456,0.9720883620792995,0.9832913616144833,608190,7644,9819,454493,3947,3776,19107.307685468346,1396.978405670585,beryl_s006,beryl,low,6,Bp_N1_s1
single,land,0.0020302022591586247,0.00906326304783158,3684744,0.9351684776643617,0.9429700985578262,213008,6438,8329,84674,2753,2368,7480.775593221188,302.67495757769683,beryl_s006,beryl,low,6,Bp_N1_s1
single,active,0.005670485223222726,0.01981034932306906,4110456,0.9664284775801758,0.9822058744939197,742910,9247,16560,532995,4405,5251,23308.280008707196,1613.1482118140914,beryl_s024,beryl,mid,6,Bp_N1_s1
single,land,0.003097356863037715,0.01127733055819576,3684744,0.9375549002808191,0.9585471095874217,346885,8087,15017,162167,3241,3772,11412.967116937041,468.6190523365999,beryl_s024,beryl,mid,6,Bp_N1_s1
single,active,0.005547832205439541,0.01946215175472099,4110456,0.9703952148173229,0.9834190998777471,727941,8836,13372,518847,4412,4336,22804.120175842196,1556.9394138567957,beryl_s037,beryl,low,-6,Bp_N1_s1
single,land,0.0028975224191952007,0.010684249186125958,3684744,0.9434493764102623,0.9578256608571277,329895,7855,11919,144647,3400,2969,10676.628348995,420.62524755924255,beryl_s037,beryl,low,-6,Bp_N1_s1
single,active,0.0054774246331762266,0.019899970425602445,4110456,0.9700163222819586,0.9833500621079795,711959,8571,13436,511403,4274,4385,22514.71294798702,1627.776842306052,beryl_s041,beryl,mid,0,Bp_N1_s1
single,land,0.0028965677380402995,0.010765764733713155,3684744,0.9414865846120609,0.9565976221891777,313773,7515,11986,137024,3180,3037,10673.110593337566,427.0680579289068,beryl_s041,beryl,mid,0,Bp_N1_s1
single,active,0.005988029057889055,0.020087591294050806,4110456,0.9671892856181497,0.9828698522975073,790478,10260,16556,564758,4572,5271,24613.529969174415,1658.615542790696,beryl_s046,beryl,mid,-6,Bp_N1_s1
single,land,0.0033594013188451583,0.011628611647566784,3684744,0.9414499882313948,0.9620625721869871,391984,9296,15082,189915,3571,3918,12378.533853206784,498.26806611211117,beryl_s046,beryl,mid,-6,Bp_N1_s1
single,active,0.005940320736274263,0.020390886497076245,4110456,0.9670072628750133,0.9827124053484637,791274,10402,16595,565323,4594,5351,24417.42701234296,1709.0793157245905,beryl_s049,beryl,high,-6,Bp_N1_s1
single,land,0.003365195180294658,0.011615711004468825,3684744,0.9411684356075947,0.9619469965199735,392743,9408,15142,190453,3553,3981,12399.88274941966,497.16313404947357,beryl_s049,beryl,high,-6,Bp_N1_s1
single,active,0.0048710404288176265,0.018852778480417113,4110456,0.9734244714739041,0.9847907812509582,639279,7506,9947,481737,3946,3494,20022.197356875986,1460.9680987631316,beryl_s059,beryl,mid,0,Bp_N1_s1
single,land,0.002244688651472739,0.009515965573393244,3684744,0.9406795311572933,0.9525952759939258,239402,6489,8608,104132,2923,2259,8271.103040382266,333.6668372041067,beryl_s059,beryl,mid,0,Bp_N1_s1
single,active,0.004717718640542418,0.018611831563872947,4110456,0.9741606546669164,0.9847541247120017,629375,7236,9458,477848,3896,3502,19391.974892329425,1423.8630853307448,beryl_s063,beryl,high,6,Bp_N1_s1
single,land,0.0021163663026717793,0.009274309097425491,3684744,0.9406955230370981,0.9511684355813621,229303,6259,8197,99925,2877,2253,7798.268035572022,316.9351827502972,beryl_s063,beryl,high,6,Bp_N1_s1
single,active,0.005522196880985724,0.01974705303379816,4110456,0.9708672788867518,0.9840032991430137,721334,8505,13140,522552,4182,4313,22698.747302629054,1602.8563008889132,beryl_s068,beryl,high,0,Bp_N1_s1
single,land,0.002922491716701206,0.010831862355258563,3684744,0.9431924330993156,0.9588074586880985,321091,7519,11820,144592,3196,3016,10768.633818164468,432.32822079086776,beryl_s068,beryl,high,0,Bp_N1_s1
single,active,0.006272384919135779,0.02129706049088988,4110456,0.9754589877935288,0.9866877586102082,1028244,9534,16335,762831,5155,5137,25782.36222517118,1864.3580941634916,irma_s005,irma,low,0,Bp_N1_s2
single,land,0.0038979183857179582,0.012208798008055202,3684744,0.9608571073804723,0.9753471625078141,611329,9238,15666,357296,4615,4416,14362.831384263933,549.2285913178073,irma_s005,irma,low,0,Bp_N1_s2
single,active,0.00629612385665722,0.02144368267768181,4110456,0.9756577183207699,0.9868307449191034,1015126,9689,15638,754365,4888,5179,25879.94008333981,1890.1172582465779,irma_s006,irma,low,6,Bp_N1_s2
single,land,0.0039033069882787293,0.012294288372078825,3684744,0.9608422222436348,0.9753706287059376,598303,9387,14996,348893,4357,4453,14382.687005218118,556.9473111531396,irma_s006,irma,low,6,Bp_N1_s2
single,active,0.007300830722385579,0.022776213860574258,4110456,0.9713998120942211,0.9852130161660068,1130077,12969,20303,827308,6627,5790,30009.743447814137,2132.3233749494743,irma_s024,irma,mid,6,Bp_N1_s2
single,land,0.004973528666208437,0.013947345143329326,3684744,0.9566434166871262,0.97417248101904,713060,12656,19661,421239,6118,5050,18326.17991163954,716.7874893964996,irma_s024,irma,mid,6,Bp_N1_s2
single,active,0.007228461003075256,0.02236804912913117,4110456,0.9737804686600592,0.9860767956633038,1116525,11609,18454,818567,6133,5425,29712.270900856704,2056.5828960832177,irma_s037,irma,low,-6,Bp_N1_s2
single,land,0.004625206995625564,0.013690979916806364,3684744,0.9598773028066089,0.9751213534591673,698137,11320,17862,410608,5706,4770,17042.703725889325,690.6792156482692,irma_s037,irma,low,-6,Bp_N1_s2
single,active,0.007022368903030118,0.022257208242063953,4110456,0.9743310435729061,0.9854601613959401,1107336,10559,18614,818673,5929,6150,28865.138391673565,2036.251334776105,irma_s041,irma,mid,0,Bp_N1_s2
single,land,0.00456285823054887,0.013362248235075107,3684744,0.9605047360846136,0.974023503450375,688728,10294,18026,409610,5489,5435,16812.964487865567,657.9098543283632,irma_s041,irma,mid,0,Bp_N1_s2
single,active,0.007734357553895987,0.02262319634949635,4110456,0.9719460396151122,0.9846495554901723,1164958,12458,21167,853381,7068,6236,31791.736413557082,2103.7684286188837,irma_s046,irma,mid,-6,Bp_N1_s2
single,land,0.0051442397447719595,0.014513760980462115,3684744,0.957990774988257,0.973332954364086,746453,12175,20558,445184,6643,5554,18955.20653411001,776.1885887755769,irma_s046,irma,mid,-6,Bp_N1_s2
single,active,0.007699317812415781,0.023735584620245713,4110456,0.9721442764500056,0.9844680025561439,1172720,11879,21724,862709,6997,6614,31647.707097951323,2315.7403869161453,irma_s049,irma,high,-6,Bp_N1_s2
single,land,0.005195937322353032,0.014405234399962965,3684744,0.9583814793769679,0.9732739707795414,753929,11616,21124,453388,6559,5891,19145.6988729164,764.6240946051762,irma_s049,irma,high,-6,Bp_N1_s2
single,active,0.006897060775479141,0.022651603880505453,4110456,0.9762217123384712,0.9862098832685791,1061112,9029,16817,794754,5083,6030,28350.064846932888,2109.0550722490566,irma_s059,irma,mid,0,Bp_N1_s2
single,land,0.00424952045500263,0.013336364480680452,3684744,0.962352934115384,0.9744564236450948,641363,8832,16258,383319,4710,5338,15658.39499944821,655.363473908235,irma_s059,irma,mid,0,Bp_N1_s2
single,active,0.007011845282835963,0.023332170030958513,4110456,0.9756319919883972,0.9855985888051975,1054105,9185,17143,796751,4534,7108,28821.88151390478,2237.6917927453346,irma_s063,irma,high,6,Bp_N1_s2
single,land,0.004381205028025597,0.01372610904019591,3684744,0.9611639304017869,0.9730321548455039,634274,8989,16639,384373,4181,6472,16143.61893978715,694.2281337238746,irma_s063,irma,high,6,Bp_N1_s2
single,active,0.007365727903253416,0.023046253722994164,4110456,0.9746924709666885,0.9856361293841603,1122296,10402,18738,838457,6064,6155,30276.500454295427,2183.1857170252606,irma_s068,irma,high,0,Bp_N1_s2
single,land,0.004759743183748112,0.014029762699418295,3684744,0.9611367663458052,0.9744966688128736,702442,10201,18202,426812,5685,5485,17538.43513785675,725.2837900005304,irma_s068,irma,high,0,Bp_N1_s2
single,active,0.0053723437378915126,0.01821157179498639,4110456,0.9757142392677723,0.986803997863737,870301,9449,12213,646702,5004,3644,22082.782551478595,1363.279374746952,matthew_s005,matthew,low,0,Bp_N1_s2
single,land,0.003134926715690848,0.010850203757085654,3684744,0.956491393797799,0.9709200521312236,453617,9066,11568,242864,4285,2989,11551.402406081557,433.7935678945437,matthew_s005,matthew,low,0,Bp_N1_s2
single,active,0.005327950239630215,0.018463054339075743,4110456,0.9756943730480218,0.9873410462854619,854117,9761,11516,637067,4576,3592,21900.305030189455,1401.1902266939378,matthew_s006,matthew,low,6,Bp_N1_s2
single,land,0.003076613251581614,0.01086121711872852,3684744,0.9556896902013986,0.9714915570668934,437466,9404,10879,233123,3899,2942,11336.532219085842,434.67464814554614,matthew_s006,matthew,low,6,Bp_N1_s2
single,active,0.006666463778693293,0.0202458775943743,4110456,0.9682566443434398,0.9853229444330531,993563,14025,18548,720813,6814,3923,27402.206037912518,1684.8576621930138,matthew_s024,matthew,mid,6,Bp_N1_s2
single,land,0.00448673972602112,0.013174573354706485,3684744,0.9480259565986726,0.9707705172032168,576487,13654,17951,315780,6161,3347,16532.487285017967,639.5587428823595,matthew_s024,matthew,mid,6,Bp_N1_s2
single,active,0.006443383179868819,0.020250283504034065,4110456,0.9729370823331278,0.984575765047533,975169,11549,15576,718760,6164,5096,26485.243051990867,1685.5910597301188,matthew_s037,matthew,low,-6,Bp_N1_s2
single,land,0.004024913011969561,0.012247230462070798,3684744,0.9547886905630512,0.9685977074610475,556152,11296,15039,310453,5606,4459,14830.77407137677,552.6919013256893,matthew_s037,matthew,low,-6,Bp_N1_s2
single,active,0.006191182126509472,0.019109274027890567,4110456,0.9733673104870465,0.9861928590542982,959125,10810,15433,711263,5951,4007,25448.581719003618,1500.9920093634494,matthew_s041,matthew,mid,0,Bp_N1_s2
single,land,0.003961592654057149,0.012162769927618368,3684744,0.9550341180816112,0.9715738223692868,540386,10544,14899,302722,5405,3452,14597.454762481153,545.095132129463,matthew_s041,matthew,mid,0,Bp_N1_s2
single,active,0.007103815054623307,0.021204335124306067,4110456,0.9695911617852643,0.9851045914190596,1041051,13451,19199,758103,7016,4447,29199.9192141667,1848.1589618081437,matthew_s046,matthew,mid,-6,Bp_N1_s2
single,land,0.004667700401326755,0.013299291724912742,3684744,0.9512501434089258,0.9713716212647305,621856,13180,18689,349415,6469,3829,17199.28104758635,651.7249469992071,matthew_s046,matthew,mid,-6,Bp_N1_s2
single,active,0.0069782411329418195,0.020574515747806596,4110456,0.9694333540725613,0.9849443157467627,1042390,13409,19458,759789,7154,4460,28683.7531343475,1739.999999513613,matthew_s049,matthew,high,-6,Bp_N1_s2
single,land,0.004699458112139441,0.01330759764258562,3684744,0.9510882912401288,0.9709411354697379,623504,13132,18933,351036,6615,3891,17316.30008195713,652.5392556457775,matthew_s049,matthew,high,-6,Bp_N1_s2
single,active,0.005685203377526841,0.01869920880393166,4110456,0.9773262991260805,0.987177927438627,900140,8572,12311,681597,4850,4003,23368.77833437547,1437.2637298072864,matthew_s059,matthew,mid,0,Bp_N1_s2
single,land,0.0032943350279835827,0.011240527208450334,3684744,0.959595172441354,0.9718381276724289,480239,8383,11838,270240,4425,3406,12138.781228352338,465.5653848799242,matthew_s059,matthew,mid,0,Bp_N1_s2
single,active,0.0056510756376750475,0.019166732554812303,4110456,0.9769584540892062,0.987490458141092,884546,8828,12034,673981,4440,4098,23228.497761335224,1510.0320651802479,matthew_s063,matthew,high,6,Bp_N1_s2
single,land,0.0032799225240810245,0.011437735502301353,3684744,0.9583782324810909,0.9720099803059246,465146,8619,11582,262571,4014,3547,12085.67484107241,482.0448183758129,matthew_s063,matthew,high,6,Bp_N1_s2
single,active,0.0064205439168124705,0.019635787101586137,4110456,0.973806899465306,0.9869175588459645,972725,10550,15614,729715,5810,3863,26391.36326612532,1584.844412501741,matthew_s068,matthew,high,0,Bp_N1_s2
single,land,0.004066867023337242,0.01246433055882373,3684744,0.955839573857249,0.9734636272907061,552676,10362,15172,317978,5373,3295,14985.363863039762,572.4601191491382,matthew_s068,matthew,high,0,Bp_N1_s2
single,active,0.0035373841535719587,0.017899583650309265,4110456,0.9868301520018486,0.990091136580053,559435,3570,3896,491805,2666,2256,14540.26191835478,1316.9699400149145,ian_s005,ian,low,0,Bp_N1_s2
single,land,0.001015102788045161,0.0069068153816431105,3684744,0.9599492747465371,0.9654098998545946,146854,2991,3136,94280,1938,1440,3740.3939076326787,175.77739151956405,ian_s005,ian,low,0,Bp_N1_s2
single,active,0.003554632568027701,0.01795088935211183,4110456,0.9868862646509977,0.9901204634884068,559001,3577,3851,491676,2648,2258,14611.160767044872,1324.5304401649516,ian_s006,ian,low,6,Bp_N1_s2
single,land,0.0010182932887615225,0.006940486656518007,3684744,0.9601300804479383,0.9655267880030761,146440,2999,3082,94163,1924,1438,3752.150086004287,177.49542667209957,ian_s006,ian,low,6,Bp_N1_s2
single,active,0.0038200892659078687,0.01812047020177172,4110456,0.9833190449867764,0.9895231952681338,594143,4934,5145,503224,3002,2326,15702.308843586594,1349.6741480266423,ian_s024,ian,mid,6,Bp_N1_s2
single,land,0.0013291209980122655,0.007601516172025809,3684744,0.9541386142776805,0.9652123827460732,181543,4334,4392,105573,2253,1552,4897.470622699708,212.91573983818807,ian_s024,ian,mid,6,Bp_N1_s2
single,active,0.0036672459957970516,0.01689555784414575,4110456,0.9856848024003226,0.9901935498997667,584104,4217,4266,506787,2835,2184,15074.053306899965,1173.3702553975743,ian_s037,ian,low,-6,Bp_N1_s2
single,land,0.0011645960074036764,0.006937145470847608,3684744,0.9587912706634836,0.967315987830904,170289,3730,3589,106516,2106,1493,4291.238150704652,177.3245733996953,ian_s037,ian,low,-6,Bp_N1_s2
single,active,0.0037421484893289526,0.017742217495127825,4110456,0.9856971145775277,0.9899475855007882,587164,4158,4362,510513,2912,2272,15381.93671085313,1293.9151601029957,ian_s041,ian,mid,0,Bp_N1_s2
single,land,0.0012192281949821176,0.007428677033088897,3684744,0.9590059908779047,0.9663850725736759,173044,3646,3751,109590,2215,1597,4492.543776091188,203.3434910501877,ian_s041,ian,mid,0,Bp_N1_s2
single,active,0.00383287986260597,0.017060449610052156,4110456,0.9835811230790953,0.9898067203276631,606064,4870,5247,514262,3050,2246,15754.884028527886,1196.3849699642483,ian_s046,ian,mid,-6,Bp_N1_s2
single,land,0.0013459863504485332,0.0073026445270634255,3684744,0.9555429633716567,0.9670468625354312,192239,4376,4568,113951,2323,1560,4959.6151288971305,196.50230184569836,ian_s046,ian,mid,-6,Bp_N1_s2
single,active,0.003912023453774586,0.017900013889912202,4110456,0.9834255567637228,0.9895827170060523,610486,4931,5358,518479,3141,2317,16080.20027770847,1317.0332509214447,ian_s049,ian,high,-6,Bp_N1_s2
single,land,0.0014114323436689275,0.007814547055335054,3684744,0.9553803858599129,0.9662368845179752,196345,4422,4748,117506,2435,1671,5200.766859740019,225.01679864167454,ian_s049,ian,high,-6,Bp_N1_s2
single,active,0.00382271363720739,0.018028422622319875,4110456,0.9872244544023908,0.9903346293094389,584041,3601,3957,518356,2787,2272,15713.096206340939,1335.9969423974328,ian_s059,ian,mid,0,Bp_N1_s2
single,land,0.001173103691970992,0.007523547069566084,3684744,0.9629483956655324,0.9683140978693672,168931,3172,3328,115027,2108,1656,4322.586790367961,208.57036690920305,ian_s059,ian,mid,0,Bp_N1_s2
single,active,0.00397112899055685,0.01914179703429248,4110456,0.9870122473184386,0.9899595999735081,589194,3574,4179,523159,2885,2421,16323.150986008346,1506.105580342947,ian_s063,ian,high,6,Bp_N1_s2
single,land,0.0012761812677376339,0.008387466266394373,3684744,0.9624369473375304,0.9673367242472009,173819,3176,3608,119054,2220,1800,4702.40126920864,259.2202310179599,ian_s063,ian,high,6,Bp_N1_s2
single,active,0.003934186623723847,0.018086609038712065,4110456,0.9858253495875476,0.9901043864246561,598256,4091,4511,523287,2888,2342,16171.301012605429,1344.6346721884909,ian_s068,ian,high,0,Bp_N1_s2
single,land,0.0013074015132778336,0.007760509036050741,3684744,0.9604562737642586,0.9682287209133335,183135,3652,3888,119919,2193,1742,4817.439881641418,221.9155516093062,ian_s068,ian,high,0,Bp_N1_s2
single,active,0.0037340103761786658,0.014609920250405622,4110456,0.9813257283558132,0.9891308520275769,629702,6964,5019,515353,3187,2476,15348.485354825854,877.3758866573961,milton_s005,milton,low,0,Bp_N1_s2
single,land,0.0015275314128325983,0.007521749664359445,3684744,0.9508643569327881,0.9621585563419938,212096,6537,4423,111061,2596,1772,5628.56220824644,208.4707222391675,milton_s005,milton,low,0,Bp_N1_s2
single,active,0.0037278987745184736,0.014602592548870065,4110456,0.9815816968112061,0.9894272383078203,627588,6848,4928,515079,3106,2398,15323.363885112107,876.4960000829484,milton_s006,milton,low,6,Bp_N1_s2
single,land,0.001518902814272634,0.007505431492581841,3684744,0.9512244842488652,0.9633905672679852,209979,6423,4344,110814,2519,1692,5596.768031474203,207.56716359957392,milton_s006,milton,low,6,Bp_N1_s2
single,active,0.0048669997749042635,0.015965389423283894,4110456,0.9774776219962142,0.9882036437065864,853076,9156,10500,618572,4195,3189,20005.58842675388,1047.729171795206,milton_s024,milton,mid,6,Bp_N1_s2
single,land,0.0027984948744245943,0.009823632312020157,3684744,0.9588783153147002,0.972161185464979,435395,8755,9917,214136,3603,2529,10311.737197566777,355.59162042904825,milton_s024,milton,mid,6,Bp_N1_s2
single,active,0.004512132474845055,0.01578939038389753,4110456,0.9775579174707288,0.9885491382505405,782148,9111,8845,589459,3817,3011,18546.922004021704,1024.7566111479305,milton_s037,milton,low,-6,Bp_N1_s2
single,land,0.002342814210049782,0.008981350291314855,3684744,0.9550273031623316,0.9699585194639438,363428,8781,8333,182391,3276,2373,8632.670603595674,297.22859635760364,milton_s037,milton,low,-6,Bp_N1_s2
single,active,0.0045193791568453375,0.015651921205620676,4110456,0.9781015297279646,0.9882090732619168,778784,8573,8863,591035,3792,3260,18576.70917152986,1006.9903519074647,milton_s041,milton,mid,0,Bp_N1_s2
single,land,0.0023756951365217203,0.009177540096781005,3684744,0.9557893113861596,0.9687356054068077,359545,8248,8383,182968,3266,2639,8753.82840012759,310.35582543625475,milton_s041,milton,mid,0,Bp_N1_s2
single,active,0.005012572409695516,0.01668648733009854,4110456,0.9777913447295729,0.9885849972482794,879273,9254,10717,639484,4231,3153,20603.958336867392,1144.5106803259798,milton_s046,milton,mid,-6,Bp_N1_s2
single,land,0.002859518728661762,0.009867203803487185,3684744,0.9601124989315103,0.9740514527413655,460517,8915,10217,232359,3675,2515,10536.594478324056,358.7529800668587,milton_s046,milton,mid,-6,Bp_N1_s2
single,active,0.005018577051000715,0.01656778657951433,4110456,0.9778136786897863,0.9883309038682908,884277,9197,10867,644794,4255,3358,20628.640150748193,1128.285447460995,milton_s049,milton,high,-6,Bp_N1_s2
single,land,0.002898193011642392,0.010023860354425566,3684744,0.9602276481860834,0.973503204627169,464996,8855,10405,236645,3702,2739,10679.099310491234,370.2348837417561,milton_s049,milton,high,-6,Bp_N1_s2
single,active,0.0039407033883460995,0.015109232727740353,4110456,0.9824919274156347,0.9897257430424942,656002,6352,5338,548314,3162,2530,16198.087886847556,938.3715347270041,milton_s059,milton,mid,0,Bp_N1_s2
single,land,0.0016881250869413402,0.008122860972640816,3684744,0.9553234638004462,0.9674940606692939,235535,6061,4954,137240,2656,1955,6220.308785356581,243.1226162506196,milton_s059,milton,mid,0,Bp_N1_s2
single,active,0.004056178659187429,0.015544781046306199,4110456,0.9826302101554022,0.9901992305136696,660073,6313,5355,554367,3086,2401,16672.743906728923,993.2514830052444,milton_s063,milton,high,6,Bp_N1_s2
single,land,0.0017570855126148883,0.008613548034275635,3684744,0.9557189379257987,0.969283694948738,239183,6054,5028,142286,2625,1884,6474.410300094634,273.38298442568777,milton_s063,milton,high,6,Bp_N1_s2
single,active,0.004696089795447016,0.01617556531871804,4110456,0.9783717767710977,0.9888454548124268,790678,8199,9280,606097,3655,3182,19303.07047623396,1075.4963458967693,milton_s068,milton,high,0,Bp_N1_s2
single,land,0.002466127024060894,0.009480379777576882,3684744,0.9565709442874049,0.9712687756484322,370214,7935,8873,195023,3189,2580,9087.046755146235,331.1759500135357,milton_s068,milton,high,0,Bp_N1_s2
single,active,0.004862456303759791,0.019010617700016396,4110456,0.9715079862198559,0.9828865120155578,620405,8570,9625,459927,4390,3618,19986.912688527256,1485.5335357665995,beryl_s005,beryl,low,0,Bp_N1_s2
single,land,0.0022312198030529596,0.00950196280601139,3684744,0.9357490674861423,0.9438762129556779,225028,7259,8192,89975,3073,2277,8221.473781980574,332.6855765116713,beryl_s005,beryl,low,0,Bp_N1_s2
single,active,0.0046985853585803,0.01854151095139821,4110456,0.9721413429366843,0.9830167713706347,608996,8439,9013,454718,4305,3551,19313.328378688544,1413.123919721502,beryl_s006,beryl,low,6,Bp_N1_s2
single,land,0.002057392339527701,0.00914841431670794,3684744,0.9354797764267675,0.9420473350437033,213730,7134,7607,84821,2997,2221,7580.964078720659,308.38906488785636,beryl_s006,beryl,low,6,Bp_N1_s2
single,active,0.0057260118875116775,0.01991257737424497,4110456,0.9667510009005181,0.9820450687004909,743970,10087,15500,533331,4836,4915,23536.5199190937,1629.8399407829372,beryl_s024,beryl,mid,6,Bp_N1_s2
single,land,0.003135072381330004,0.011357688298138791,3684744,0.938263179899389,0.9581167586064485,347847,8833,14055,162396,3556,3543,11551.939146671444,475.3212293618762,beryl_s024,beryl,mid,6,Bp_N1_s2
single,active,0.005601990282222794,0.019518434274100535,4110456,0.9705839278058704,0.9832910021042504,728992,9773,12321,519157,4796,4026,23026.734567504376,1565.9574484559814,beryl_s037,beryl,low,-6,Bp_N1_s2
single,land,0.002939172375403026,0.010780518688561341,3684744,0.9438485282454769,0.9575126245935013,330851,8720,10963,144864,3676,2752,10830.097775232047,428.2394118581412,beryl_s037,beryl,low,-6,Bp_N1_s2
single,active,0.005535906088090564,0.02000030456270169,4110456,0.9701445618848159,0.983205306055005,712902,9446,12493,511721,4674,4067,22755.098395228386,1644.2324760446613,beryl_s041,beryl,mid,0,Bp_N1_s2
single,land,0.002938012891846656,0.010865015133753028,3684744,0.9417365873517147,0.9559066307232567,314605,8310,11154,137229,3498,2832,10825.825375154614,434.9787005320871,beryl_s041,beryl,mid,0,Bp_N1_s2
single,active,0.0060391834141927956,0.020116304886026427,4110456,0.9673942399464249,0.982808934832211,791610,11257,15424,565123,4979,4906,24823.797699969262,1663.3606460890699,beryl_s046,beryl,mid,-6,Bp_N1_s2
single,land,0.003400730234786135,0.011708086293177782,3684744,0.9418376150306749,0.9618851090947713,393010,10214,14056,190182,3885,3651,12530.820328246802,505.10207163284304,beryl_s046,beryl,mid,-6,Bp_N1_s2
single,active,0.0059979096123061034,0.020463119050022634,4110456,0.9674109159270969,0.9827519416877005,792474,11301,15395,565730,4985,4944,24654.143553361297,1721.2092266537031,beryl_s049,beryl,high,-6,Bp_N1_s2
single,land,0.0034083750790462244,0.011700505926310124,3684744,0.9419363325440674,0.9619907813650438,393833,10225,14052,190757,3860,3677,12558.9896222651,504.44822959224706,beryl_s049,beryl,high,-6,Bp_N1_s2
single,active,0.004919755275608802,0.018949491232642512,4110456,0.9733767675569466,0.9846058308275591,640040,8320,9186,482000,4305,3231,20222.437591157854,1475.995767828738,beryl_s059,beryl,mid,0,Bp_N1_s2
single,land,0.0022743976810990375,0.009608929420914045,3684744,0.9405260972112303,0.9518425231342058,240058,7228,7952,104301,3187,2090,8380.573209043592,340.2180313400545,beryl_s059,beryl,mid,0,Bp_N1_s2
single,active,0.004760997397032639,0.018698618044979593,4110456,0.9740765475384392,0.9845333970310547,630097,8033,8736,478116,4277,3234,19569.87031661719,1437.172917087727,beryl_s063,beryl,high,6,Bp_N1_s2
single,land,0.0021440775891495606,0.00936295566642275,3684744,0.9405321389860318,0.9503892897835169,229946,6985,7554,100095,3142,2083,7900.377032153308,323.02285729566546,beryl_s063,beryl,high,6,Bp_N1_s2
single,active,0.0055767619512271435,0.01984045404995841,4110456,0.9708544686274484,0.9837506068121009,722140,9345,12334,522830,4601,4035,22923.03462299332,1618.0547669832904,beryl_s068,beryl,high,0,Bp_N1_s2
single,land,0.0029618846382703096,0.01092910666395722,3684744,0.9432177210886348,0.9581119265205106,321824,8287,11087,144787,3509,2821,10913.786649558693,440.125619544535,beryl_s068,beryl,high,0,Bp_N1_s2
single,active,0.006145457639484432,0.021042837556846453,4110456,0.9751839098673231,0.9867112471759782,1027759,9334,16820,762564,4866,5404,25260.633226964623,1820.1140784058055,irma_s005,irma,low,0,Bp_N2_s0
single,land,0.003885107015326191,0.012160759501747592,3684744,0.9604944172109008,0.9755041613972024,610934,9067,16061,357135,4391,4577,14315.62476408109,544.9149457423391,irma_s005,irma,low,0,Bp_N2_s0
single,active,0.006181376856964127,0.021216796553085948,4110456,0.9753896731215664,0.9868036552984947,1014693,9531,16071,754067,4607,5477,25408.277589969337,1850.3318635773383,irma_s006,irma,low,6,Bp_N2_s0
single,land,0.003901154389828176,0.01226743825210264,3684744,0.9604936407531507,0.9753842711086869,597963,9259,15336,348695,4149,4651,14374.755230993032,554.5172766262568,irma_s006,irma,low,6,Bp_N2_s0
single,active,0.007201248669512399,0.022618130425867758,4110456,0.97102759796215,0.9852197912807727,1129677,13003,20703,827093,6403,6005,29600.415801089257,2102.8263568817574,irma_s024,irma,mid,6,Bp_N2_s0
single,land,0.00497538924586471,0.01394838553346144,3684744,0.9561112504745437,0.9741951902277644,712736,12732,19985,421091,5956,5198,18333.035671364516,716.89442966893,irma_s024,irma,mid,6,Bp_N2_s0
single,active,0.007090469880720095,0.022028186056045677,4110456,0.9733794398132478,0.9860632635773527,1115816,11353,19163,818327,5901,5665,29145.0644640252,1994.561701467534,irma_s037,irma,low,-6,Bp_N2_s0
single,land,0.004613488249122255,0.013620603136332104,3684744,0.9593213159440142,0.9751632185655773,697535,11114,18464,410454,5530,4924,16999.523145023733,683.5967644712117,irma_s037,irma,low,-6,Bp_N2_s0
single,active,0.006904020342272439,0.022010070834416532,4110456,0.9740304770084799,0.9856012021876347,1106822,10382,19128,818528,5663,6295,28378.6718400158,1991.282532646567,irma_s041,irma,mid,0,Bp_N2_s0
single,land,0.004551346748850992,0.013327361784876535,3684744,0.960063661572625,0.9743319502864429,688285,10162,18469,409539,5283,5506,16770.5476247482,654.4789679998096,irma_s041,irma,mid,0,Bp_N2_s0
single,active,0.00759757502236168,0.022303032851481303,4110456,0.9715779803193659,0.9846527066079458,1164375,12312,21750,853174,6855,6443,31229.4978361167,2044.644703603299,irma_s046,irma,mid,-6,Bp_N2_s0
single,land,0.005136278103429109,0.01446466418613313,3684744,0.9574770403742853,0.9734172037977923,745956,12074,21055,445059,6475,5679,18925.86992394179,770.9461274283003,irma_s046,irma,mid,-6,Bp_N2_s0
single,active,0.007583306525383535,0.02350095925536509,4110456,0.9717755073784294,0.9844792141096809,1172108,11707,22336,862454,6728,6869,31170.847807101905,2270.184649699957,irma_s049,irma,high,-6,Bp_N2_s0
single,land,0.005192417613814628,0.01438150689477746,3684744,0.957866993501862,0.9733429549544906,753394,11480,21659,453206,6339,6073,19132.729647997767,762.1072760787144,irma_s049,irma,high,-6,Bp_N2_s0
single,active,0.006758177592503292,0.022329968157050847,4110456,0.9759612685809677,0.9862063657770898,1060541,8734,17388,794477,4805,6307,27779.19163417071,2049.5863082779783,irma_s059,irma,mid,0,Bp_N2_s0
single,land,0.004231345025479349,0.013285329700444649,3684744,0.9619682368128734,0.9744901982230384,640844,8559,16777,383114,4486,5543,15591.423194564879,650.3572616482452,irma_s059,irma,mid,0,Bp_N2_s0
single,active,0.006885198075054257,0.023068816459584637,4110456,0.9752756484252563,0.9855146709432169,1053562,9023,17686,796422,4269,7437,28301.30373879522,2187.46257325061,irma_s063,irma,high,6,Bp_N2_s0
single,land,0.004376081512326222,0.0137219984545668,3684744,0.9606430852571477,0.9729508611955421,633791,8844,17122,384121,3955,6724,16124.740096054971,693.8123921787412,irma_s063,irma,high,6,Bp_N2_s0
single,active,0.0072338083717193545,0.0227548796501001,4110456,0.9742885708354216,0.9856645280853426,1121639,10205,19395,838217,5796,6395,29734.25102438405,2128.3306015839566,irma_s068,irma,high,0,Bp_N2_s0
single,land,0.004745749200883363,0.013997032554633939,3684744,0.9605402179923029,0.9746072066556714,701836,10024,18808,426646,5465,5651,17486.870893459767,721.9036967046464,irma_s068,irma,high,0,Bp_N2_s0
single,active,0.005229944111180071,0.017923306365633166,4110456,0.9754953257401145,0.9869046365036692,869737,9071,12777,646463,4695,3883,21497.45515146479,1320.4630722032346,matthew_s005,matthew,low,0,Bp_N2_s0
single,land,0.0031182798046052464,0.010831064848728067,3684744,0.9561911031773161,0.9711413047827095,453160,8737,12025,242729,4089,3124,11490.062800340354,432.264561952611,matthew_s005,matthew,low,0,Bp_N2_s0
single,active,0.005201741283998885,0.018209181992782365,4110456,0.9754732805587042,0.9874468164282968,853703,9535,11930,636840,4277,3819,21381.528671260923,1362.9216072430017,matthew_s006,matthew,low,6,Bp_N2_s0
single,land,0.0030693261435111494,0.010861233532230665,3684744,0.9554207361981961,0.9717883374555283,437169,9222,11176,232995,3694,3070,11309.681091345847,434.6759619096635,matthew_s006,matthew,low,6,Bp_N2_s0
single,active,0.0065667722543098165,0.020105462095945145,4110456,0.9679185770874271,0.9853903607011095,993038,13841,19073,720614,6562,4122,26992.42841336131,1661.568009736389,matthew_s024,matthew,mid,6,Bp_N2_s0
single,land,0.004483414461772837,0.013183058965080983,3684744,0.9475103089476896,0.9709878346995586,576055,13529,18383,315673,5978,3454,16520.23453753069,640.3828749298344,matthew_s024,matthew,mid,6,Bp_N2_s0
single,active,0.006305539797554991,0.019909684251126845,4110456,0.9725459355828986,0.9846770071517349,974492,11256,16253,718571,5897,5285,25918.6438940987,1629.3663722463284,matthew_s037,matthew,low,-6,Bp_N2_s0
single,land,0.004012963277884603,0.01222531280838745,3684744,0.9541652640473753,0.9689007239431959,555557,11053,15634,310367,5417,4545,14786.742360405624,550.715475655913,matthew_s037,matthew,low,-6,Bp_N2_s0
single,active,0.006067094758430571,0.018882425990821346,4110456,0.97302867074228,0.9862528226723702,958478,10488,16080,711037,5678,4233,24938.52605235949,1465.5666914194073,matthew_s041,matthew,mid,0,Bp_N2_s0
single,land,0.003945956502571843,0.012148384007471836,3684744,0.9545059111018379,0.9717793736029393,539817,10261,15468,302581,5194,3593,14539.839547112584,543.8064359562934,matthew_s041,matthew,mid,0,Bp_N2_s0
single,active,0.006966927543519385,0.020874256113760793,4110456,0.9691965558427136,0.985073559805851,1040291,13104,19959,757823,6756,4727,28637.24912282452,1791.0677706879824,matthew_s046,matthew,mid,-6,Bp_N2_s0
single,land,0.004655778147724127,0.013283710708744404,3684744,0.9506326634304009,0.9713921733881847,621170,12883,19375,349232,6273,4012,17155.350595157593,650.1987621790861,matthew_s046,matthew,mid,-6,Bp_N2_s0
single,active,0.006861170837019208,0.020383144009936092,4110456,0.9690723279801152,0.9849858768419114,1041745,13144,20103,759497,6825,4752,28202.540834050626,1707.7816759766883,matthew_s049,matthew,high,-6,Bp_N2_s0
single,land,0.004685959188733584,0.013301133551014617,3684744,0.9505579606093391,0.9711191135887421,622932,12896,19505,350843,6350,4084,17266.560004930943,651.905474979642,matthew_s049,matthew,high,-6,Bp_N2_s0
single,active,0.00554624382633823,0.018399132673669383,4110456,0.9771633048571702,0.9871705155120131,899514,8085,12937,681352,4607,4248,22797.591213434935,1391.5047905248277,matthew_s059,matthew,mid,0,Bp_N2_s0
single,land,0.003276935217322731,0.011219421172315638,3684744,0.9593122441265353,0.971959018133792,479659,7926,12418,270087,4233,3559,12074.667380418628,463.81866705772006,matthew_s059,matthew,mid,0,Bp_N2_s0
single,active,0.005552861446890937,0.019096923701519348,4110456,0.976619950754425,0.9874824108818011,884094,8679,12486,673700,4161,4379,22824.79265154153,1499.0524536590444,matthew_s063,matthew,high,6,Bp_N2_s0
single,land,0.0032752063814178952,0.01144901277373797,3684744,0.957824273301347,0.9720735172623304,464744,8480,11984,262385,3805,3733,12068.297062691301,482.9958510697637,matthew_s063,matthew,high,6,Bp_N2_s0
single,active,0.006294866971629333,0.019374236082637324,4110456,0.9736468363583918,0.9869570747045723,972126,10099,16213,729458,5520,4120,25874.773712735623,1542.9049723863448,matthew_s068,matthew,high,0,Bp_N2_s0
single,land,0.004050221593206447,0.012438893256949067,3684744,0.9555870553253649,0.9736609098735589,552121,9934,15727,317800,5124,3473,14924.029714237899,570.1259413391363,matthew_s068,matthew,high,0,Bp_N2_s0
single,active,0.0033991051415661892,0.01767865474207817,4110456,0.9869812396415605,0.9902433032208176,559191,3236,4140,491737,2521,2324,13971.872123781592,1284.6606815263399,ian_s005,ian,low,0,Bp_N2_s0
single,land,0.0010029423402617987,0.0068331716318509985,3684744,0.9606434800827593,0.9660433423843434,146721,2742,3269,94281,1875,1439,3695.585770625621,172.04893110593312,ian_s005,ian,low,0,Bp_N2_s0
single,active,0.0034144276841874114,0.017729480307188013,4110456,0.9870235170049161,0.9902927484675677,558755,3249,4097,491614,2499,2320,14034.85476103425,1292.058016287012,ian_s006,ian,low,6,Bp_N2_s0
single,land,0.0010049862309672848,0.006862720080739432,3684744,0.960795902285264,0.9662846413510768,146310,2758,3212,94177,1862,1424,3703.116984639317,173.5401188374748,ian_s006,ian,low,6,Bp_N2_s0
single,active,0.0036867708856472147,0.017940983567829027,4110456,0.983360929893698,0.9897609108756634,593891,4652,5397,503141,2796,2409,15154.309507533908,1323.069020350837,ian_s024,ian,mid,6,Bp_N2_s0
single,land,0.001314477339841835,0.007535341563498724,3684744,0.9543285545179534,0.9662724926321185,181394,4140,4541,105573,2133,1552,4843.512491118163,209.2248215522548,ian_s024,ian,mid,6,Bp_N2_s0
single,active,0.0035127736339690273,0.016445265043719022,4110456,0.9854726946091608,0.9902952852482472,583660,3894,4710,506642,2636,2329,14439.101460389793,1111.6594348065807,ian_s037,ian,low,-6,Bp_N2_s0
single,land,0.0011511243743750354,0.006849758507647546,3684744,0.9582929249644783,0.9676824057744404,169959,3478,3919,106447,1993,1562,4241.598631732166,172.88520978118345,ian_s037,ian,low,-6,Bp_N2_s0
single,active,0.003607373361257401,0.017540647762018188,4110456,0.9855869686443923,0.9900373792255304,586783,3838,4743,510391,2742,2394,14827.949477020651,1264.6817707667094,ian_s041,ian,mid,0,Bp_N2_s0
single,land,0.0012056585126940507,0.007353875740515081,3684744,0.958692177927728,0.9668155260974706,172764,3413,4031,109546,2119,1641,4442.542970698327,199.26907043052785,ian_s041,ian,mid,0,Bp_N2_s0
single,active,0.0036832515574212305,0.01664500762403616,4110456,0.9836072761284916,0.9898764300649618,605727,4511,5584,514124,2874,2384,15139.84346371144,1138.8276435484868,ian_s046,ian,mid,-6,Bp_N2_s0
single,land,0.0013322620421187138,0.007228913515559594,3684744,0.9557917268156703,0.9674416234168882,192009,4083,4798,113894,2216,1617,4909.044566124678,192.55436957709946,ian_s046,ian,mid,-6,Bp_N2_s0
single,active,0.003778527347772975,0.017712505085840786,4110456,0.9834342568222075,0.9896915877322447,610159,4593,5685,518348,2951,2448,15531.470407817513,1289.5850198429016,ian_s049,ian,high,-6,Bp_N2_s0
single,land,0.0013970276822555241,0.007743876051749608,3684744,0.9555127892813642,0.9668285455593053,196119,4157,4974,117460,2313,1717,5147.689370024949,220.96531437363913,ian_s049,ian,high,-6,Bp_N2_s0
single,active,0.0036818436254968155,0.01780001782847495,4110456,0.9873239388978339,0.9904157079189377,583777,3274,4221,518237,2624,2391,15134.056221485138,1302.3594879218679,ian_s059,ian,mid,0,Bp_N2_s0
single,land,0.0011583797293932435,0.0074395202059880355,3684744,0.963281174180363,0.9687012932305489,168737,2910,3522,114980,2012,1703,4268.332757603377,203.937539705207,ian_s059,ian,mid,0,Bp_N2_s0
single,active,0.0038416020688089914,0.01898422366211289,4110456,0.9869279950393417,0.9900450141781411,588895,3322,4478,523019,2698,2561,15790.736273348331,1481.4114172394638,ian_s063,ian,high,6,Bp_N2_s0
single,land,0.001262342762363866,0.008313421634436404,3684744,0.9622390492134059,0.9677595139527129,173586,2971,3841,118987,2097,1867,4651.409919563681,254.66363569431414,ian_s063,ian,high,6,Bp_N2_s0
single,active,0.0037970643722417888,0.017872849139217953,4110456,0.9859506053556206,0.9901206155499997,597982,3736,4785,523153,2744,2476,15607.666031267494,1313.0388704756094,ian_s068,ian,high,0,Bp_N2_s0
single,land,0.0012932352524557516,0.007683011904880912,3684744,0.9608055298764602,0.968378360910031,182922,3361,4101,119862,2115,1799,4765.240837074816,217.50554472403243,ian_s068,ian,high,0,Bp_N2_s0
single,active,0.0036168398269209806,0.014243206639795804,4110456,0.9813246041127979,0.9891188516327483,629243,6497,5478,515142,2980,2687,14866.860967606306,833.8838326624597,milton_s005,milton,low,0,Bp_N2_s0
single,land,0.0015209768519284606,0.007498144604485548,3684744,0.9510203715014551,0.9625459718270766,211758,6145,4761,110970,2455,1863,5604.410329282284,207.1643128223611,milton_s005,milton,low,0,Bp_N2_s0
single,active,0.003612508781495772,0.014228028117624615,4110456,0.9815100877543067,0.9894511281085444,627129,6427,5387,514851,2863,2626,14849.058395951986,832.1074938899743,milton_s006,milton,low,6,Bp_N2_s0
single,land,0.00151222555102937,0.007480785757464874,3684744,0.9511553311283817,0.9638320287672067,209647,6090,4676,110699,2347,1807,5572.164025802165,206.20621688657354,milton_s006,milton,low,6,Bp_N2_s0
single,active,0.004787942430896878,0.015773217483819706,4110456,0.9771590361998211,0.988256505914904,852454,8804,11122,618276,3862,3485,19680.62669273466,1022.6583922863539,milton_s024,milton,mid,6,Bp_N2_s0
single,land,0.0027948526245059504,0.009838526337726344,3684744,0.9583438926192245,0.9726551669280243,434884,8475,10428,213989,3340,2676,10298.316439032555,356.6706929058998,milton_s024,milton,mid,6,Bp_N2_s0
single,active,0.004413664434209925,0.015509208311190391,4110456,0.9771620352597968,0.9884443877773565,781457,8728,9536,589186,3604,3284,18142.173455584794,988.7107636353296,milton_s037,milton,low,-6,Bp_N2_s0
single,land,0.0023397027897365994,0.008969735191759287,3684744,0.9542828137780127,0.9698721121453547,362846,8468,8915,182238,3135,2526,8621.205816265196,296.4603138026513,milton_s037,milton,low,-6,Bp_N2_s0
single,active,0.004429083509908586,0.015421741637130261,4110456,0.977743654956284,0.9881982559180185,778106,8171,9541,590738,3498,3557,18205.552887804806,977.5902236855479,milton_s041,milton,mid,0,Bp_N2_s0
single,land,0.0023741030509371384,0.00918547397028721,3684744,0.9550918756685133,0.9689742910151073,358956,7906,8972,182797,3043,2810,8747.961972322315,310.89265516615893,milton_s041,milton,mid,0,Bp_N2_s0
single,active,0.0049264844098977165,0.016454335769515147,4110456,0.9775177905361133,0.9884939794438138,878723,8943,11267,639178,3981,3459,20250.09740157053,1112.8860904770575,milton_s046,milton,mid,-6,Bp_N2_s0
single,land,0.0028556025773164287,0.009864793745585264,3684744,0.9596438092139022,0.9739982967583872,460059,8672,10675,232171,3495,2703,10522.164463151246,358.5777511203825,milton_s046,milton,mid,-6,Bp_N2_s0
single,active,0.004946209068663084,0.01640819318287005,4110456,0.9775241373817467,0.9882774220756815,883674,8848,11470,644431,3923,3721,20331.174743540585,1106.653150827843,milton_s049,milton,high,-6,Bp_N2_s0
single,land,0.002896553478542006,0.010036793896709027,3684744,0.9597396559739656,0.9735738876900523,464490,8574,10911,236411,3444,2973,10673.058050736785,371.1909101753608,milton_s049,milton,high,-6,Bp_N2_s0
single,active,0.0038421151635621925,0.01483046577610031,4110456,0.9825414954240372,0.9897378761394334,655534,5842,5806,548101,2940,2743,15792.845326755196,904.0648530874015,milton_s059,milton,mid,0,Bp_N2_s0
single,land,0.0016831451370686273,0.008097933725416983,3684744,0.9554551402135,0.9677455782504976,235127,5600,5362,137116,2491,2079,6201.958944942802,241.6327277474517,milton_s059,milton,mid,0,Bp_N2_s0
single,active,0.0039668317633318635,0.01538680648009888,4110456,0.9824654955150872,0.990239613730301,659590,5934,5838,554147,2841,2621,16305.487422578037,973.1661338652401,milton_s063,milton,high,6,Bp_N2_s0
single,land,0.0017495589372328508,0.008570328542407414,3684744,0.9553940829538816,0.9694851210978264,238774,5711,5437,142143,2447,2027,6446.676796615124,270.6464045958806,milton_s063,milton,high,6,Bp_N2_s0
single,active,0.004605952548904043,0.015944831349532822,4110456,0.9780589839682757,0.9888115426361017,789989,7753,9969,605830,3406,3449,18932.565290357918,1045.0326605712587,milton_s068,milton,high,0,Bp_N2_s0
single,land,0.0024669820993410683,0.009494299247303207,3684744,0.9559588842675937,0.971355503821094,369589,7529,9498,194851,2994,2752,9090.197488654405,332.14915527734763,milton_s068,milton,high,0,Bp_N2_s0
single,active,0.004714840803396792,0.018614183961371395,4110456,0.9714263779169787,0.9832095576364224,620009,8216,10021,459795,4102,3750,19380.145669367164,1424.2230395484735,beryl_s005,beryl,low,0,Bp_N2_s0
single,land,0.002216759555729952,0.009447415888144229,3684744,0.9355859118114693,0.9453448529566333,224782,7038,8438,89942,2890,2310,8168.191472418606,328.87691382197596,beryl_s005,beryl,low,0,Bp_N2_s0
single,active,0.004550241361287139,0.01811638204090626,4110456,0.971969527581691,0.9833273850080573,608589,8131,9420,454607,4046,3662,18703.566904950887,1349.0652165200142,beryl_s006,beryl,low,6,Bp_N2_s0
single,land,0.0020438199739990716,0.009086594965801905,3684744,0.9350044676489654,0.943546323390336,213469,6971,7868,84805,2837,2237,7530.953386273235,304.23533979803057,beryl_s006,beryl,low,6,Bp_N2_s0
single,active,0.005567975693254102,0.01949996085681307,4110456,0.9664611161083352,0.9822653092056053,743514,9846,15956,533152,4532,5094,22886.919096190482,1562.9946190487424,beryl_s024,beryl,mid,6,Bp_N2_s0
single,land,0.0031128537387728247,0.011300210697526875,3684744,0.9376974694234365,0.9587797531155868,347536,8725,14366,162331,3371,3608,11470.069136820734,470.52250740530263,beryl_s024,beryl,mid,6,Bp_N2_s0
single,active,0.005446183589175615,0.01904269255549841,4110456,0.9703557575499243,0.98329929021036,728481,9423,12832,518948,4579,4235,22386.298011228442,1490.5505710346265,beryl_s037,beryl,low,-6,Bp_N2_s0
single,land,0.002916489931487121,0.010714823564447515,3684744,0.9434758901833608,0.957887077035028,330493,8479,11321,144799,3549,2817,10746.51877610758,423.03604049786014,beryl_s037,beryl,low,-6,Bp_N2_s0
single,active,0.0053742292292567875,0.01957562296107872,4110456,0.9698941974690162,0.9833166416451533,712461,9181,12934,511540,4431,4248,22090.532780773938,1575.1473503183515,beryl_s041,beryl,mid,0,Bp_N2_s0
single,land,0.0029173332080644565,0.010803410413995573,3684744,0.9412749416792192,0.9567209456396667,314319,8170,11440,137189,3334,2872,10749.626034416258,430.0600194711425,beryl_s041,beryl,mid,0,Bp_N2_s0
single,active,0.005880550949024201,0.019640744737215738,4110456,0.9670779981271256,0.9828752168217112,791064,10960,15970,564938,4752,5091,24171.745931722224,1585.6447952887897,beryl_s046,beryl,mid,-6,Bp_N2_s0
single,land,0.0033787225149230823,0.011647374366953319,3684744,0.9413277966516183,0.9623850471452214,392625,10031,14441,190149,3748,3684,12449.727514527738,499.8772704376082,beryl_s046,beryl,mid,-6,Bp_N2_s0
single,active,0.005833065180601661,0.02003987244486506,4110456,0.9669796805548772,0.9827348606363512,791879,11051,15990,565502,4763,5172,23976.557769995183,1650.7446920609075,beryl_s049,beryl,high,-6,Bp_N2_s0
single,land,0.0033855012301037377,0.011640506355505039,3684744,0.9412105277008873,0.9622855758603461,393410,10098,14475,190674,3713,3760,12474.705344617367,499.2879272078761,beryl_s049,beryl,high,-6,Bp_N2_s0
single,active,0.004768268637632938,0.018521438261078407,4110456,0.9733813748746594,0.9847920013407401,639715,7983,9511,481841,4051,3390,19599.758431170136,1410.0659332301575,beryl_s059,beryl,mid,0,Bp_N2_s0
single,land,0.002261252509751263,0.009545327953917004,3684744,0.9404801580922283,0.9527069015938002,239861,7031,8149,104249,3033,2142,8332.136617790908,335.72913297959974,beryl_s059,beryl,mid,0,Bp_N2_s0
single,active,0.004613689108347664,0.018302885521002593,4110456,0.9741565856005098,0.9847375111512178,629801,7676,9032,477965,4023,3385,18964.366077542305,1376.9847496051354,beryl_s063,beryl,high,6,Bp_N2_s0
single,land,0.002131022005871076,0.009302135519378169,3684744,0.9406957653869616,0.9515115206496828,229764,6749,7736,100060,2981,2118,7852.270550001413,318.83988582927503,beryl_s063,beryl,high,6,Bp_N2_s0
single,active,0.005413030922979902,0.019395213015119896,4110456,0.9706596699229677,0.9839377994484031,721767,9110,12707,522653,4320,4212,22250.025435548276,1546.2478587519945,beryl_s068,beryl,high,0,Bp_N2_s0
single,land,0.0029416292251411,0.010863097408765461,3684744,0.942764920756841,0.9586919219022254,321579,8191,11332,144704,3331,2904,10839.150637563318,434.82516261328465,beryl_s068,beryl,high,0,Bp_N2_s0
single,active,0.006060195960850804,0.020768680773503773,4110456,0.975547296464498,0.9866677186252282,1028939,10151,15640,762853,5193,5115,24910.168848454952,1772.9962855787974,irma_s005,irma,low,0,Bp_N2_s1
single,land,0.0039048051027426086,0.012178561041991132,3684744,0.9610091274944376,0.975304126623669,612035,9872,14960,357329,4665,4383,14388.20717350021,546.511462020805,irma_s005,irma,low,0,Bp_N2_s1
single,active,0.006102391313561254,0.020976049694639613,4110456,0.9755399787379321,0.9867532083606392,1015821,10527,14943,754360,4943,5184,25083.610989175737,1808.5786934204025,irma_s006,irma,low,6,Bp_N2_s1
single,land,0.0039298055615633615,0.012308004520088851,3684744,0.9606573992699841,0.9752189237309691,599016,10249,14283,348907,4427,4439,14480.327464137226,558.190723191486,irma_s006,irma,low,6,Bp_N2_s1
single,active,0.007142724160985772,0.022394234772354294,4110456,0.9711970656141252,0.9851020638993232,1131127,14293,19253,827402,6817,5696,29359.853383868933,2061.4008815700877,irma_s024,irma,mid,6,Bp_N2_s1
single,land,0.005016223305228978,0.014024709685031755,3684744,0.9563215620103652,0.9739478587312815,714114,14009,18607,421324,6305,4965,18483.498726602644,724.7614419712977,irma_s024,irma,mid,6,Bp_N2_s1
single,active,0.00705598288306234,0.021850222979383407,4110456,0.9735850371848438,0.9859270785409927,1117330,12666,17649,818633,6326,5359,29003.307177580893,1962.4642329658413,irma_s037,irma,low,-6,Bp_N2_s1
single,land,0.004653430125180213,0.013690820317247644,3684744,0.9596099379871141,0.9749019626461065,698977,12398,17022,410695,5890,4683,17146.698733177036,690.6631128629023,irma_s037,irma,low,-6,Bp_N2_s1
single,active,0.006865945868189245,0.021752731043252243,4110456,0.9742449350980452,0.9854403344979943,1108189,11535,17761,818760,6034,6063,28222.168389573693,1944.990945899062,irma_s041,irma,mid,0,Bp_N2_s1
single,land,0.0045993156700620645,0.01339489053427125,3684744,0.9603852153083393,0.9740164031855462,689595,11286,17159,409720,5605,5325,16947.30081936717,661.1281632748678,irma_s041,irma,mid,0,Bp_N2_s1
single,active,0.007569870417460399,0.02214716831440804,4110456,0.9718641256558467,0.9844986902494812,1166028,13660,20097,853520,7342,6097,31115.6192766726,2016.166601126359,irma_s046,irma,mid,-6,Bp_N2_s1
single,land,0.0051806266143615805,0.014536936322467024,3684744,0.9578884782753548,0.973146721732385,747540,13393,19471,445346,6897,5392,19089.282833509147,778.6693789516373,irma_s046,irma,mid,-6,Bp_N2_s1
single,active,0.00753523198224355,0.023216369165254068,4110456,0.9720922605219284,0.9843386154044498,1173711,12963,20733,862760,7164,6563,30973.239512804896,2215.53495047088,irma_s049,irma,high,-6,Bp_N2_s1
single,land,0.005231796950963026,0.014441952349179027,3684744,0.958319845740015,0.9730411196422364,754927,12708,20126,453443,6727,5836,19277.832424279302,768.5270105953639,irma_s049,irma,high,-6,Bp_N2_s1
single,active,0.006700411946594661,0.02203757949465848,4110456,0.9760156897937267,0.9861527675230963,1061501,9657,16428,794706,5081,6078,27541.748488351703,1996.2631386706928,irma_s059,irma,mid,0,Bp_N2_s1
single,land,0.0042735647891450805,0.013341634168365007,3684744,0.9620140071474828,0.9743025933815641,641748,9467,15873,383277,4729,5380,15746.9922154136,655.8814926151715,irma_s059,irma,mid,0,Bp_N2_s1
single,active,0.006796707161638385,0.022752886264705924,4110456,0.9751602541870481,0.985531055777681,1054393,10003,16855,796656,4493,7203,27937.56573279947,2127.957723557804,irma_s063,irma,high,6,Bp_N2_s1
single,land,0.004418374769954958,0.013781433321509724,3684744,0.9604297709785024,0.9729158385887273,634579,9811,16334,384293,4146,6552,16280.579923342913,699.8357061528552,irma_s063,irma,high,6,Bp_N2_s1
single,active,0.007203286184664439,0.022489105197496344,4110456,0.9744369854074393,0.9856038913103785,1122910,11334,18124,838469,6104,6143,29608.79091747105,2078.903620613253,irma_s068,irma,high,0,Bp_N2_s1
single,land,0.004802480666055735,0.014071404028300337,3684744,0.9607481948323832,0.9744306831801838,703064,11144,17580,426825,5728,5472,17695.911819364876,729.5955666131529,irma_s068,irma,high,0,Bp_N2_s1
single,active,0.005204588706399775,0.017694072262080626,4110456,0.9757337253706725,0.9868148401331791,870776,9918,11738,646717,5012,3629,21393.232875753194,1286.9023586847607,matthew_s005,matthew,low,0,Bp_N2_s1
single,land,0.003139559153436286,0.010836481881764663,3684744,0.9565484816824509,0.9709197745533038,454108,9551,11077,242895,4317,2958,11568.471753269434,432.697054418573,matthew_s005,matthew,low,0,Bp_N2_s1
single,active,0.005178836497749117,0.01801217714160344,4110456,0.9755238449615234,0.9873583098539161,854674,10485,10959,637089,4587,3570,21287.379555191845,1333.5902832814347,matthew_s006,matthew,low,6,Bp_N2_s1
single,land,0.003096474836443713,0.010884510825926813,3684744,0.9554135403943466,0.9715739340225259,438038,10135,10307,233169,3926,2896,11409.717074736953,436.5411132847253,matthew_s006,matthew,low,6,Bp_N2_s1
single,active,0.00659431333144343,0.019990788389399314,4110456,0.9679840689256453,0.9851284146769783,994532,15315,17579,720849,6995,3887,27105.634799111634,1642.6681919851571,matthew_s024,matthew,mid,6,Bp_N2_s1
single,land,0.004529743609569935,0.013255014563128963,3684744,0.9475960820543452,0.970454308029816,577466,14963,16972,315846,6335,3281,16690.945586901158,647.3926117631502,matthew_s024,matthew,mid,6,Bp_N2_s1
single,active,0.006321008015257197,0.019764834710580045,4110456,0.9726623007685177,0.9846048074197131,975804,12485,14941,718922,6307,4934,25982.225322362036,1605.7442563743778,matthew_s037,matthew,low,-6,Bp_N2_s1
single,land,0.004055536098053957,0.012284554122709871,3684744,0.9543414135839393,0.9687498050955812,556800,12248,14391,310649,5758,4263,14943.612304087728,556.0657118979907,matthew_s037,matthew,low,-6,Bp_N2_s1
single,active,0.006080178887732341,0.018726653817790383,4110456,0.9731196751931177,0.9861399563554892,959677,11628,14881,711285,6012,3985,24992.30779015273,1441.4857983275267,matthew_s041,matthew,mid,0,Bp_N2_s1
single,land,0.003987716451277062,0.01219538161934559,3684744,0.9546081017885347,0.9715475720616218,540943,11380,14342,302776,5469,3398,14693.714267544448,548.0221473236179,matthew_s041,matthew,mid,0,Bp_N2_s1
single,active,0.007000257612213765,0.020783721822629816,4110456,0.9692702867647606,0.98491733765677,1041857,14638,18393,758148,7208,4402,28774.250903669745,1775.5652865802028,matthew_s046,matthew,mid,-6,Bp_N2_s1
single,land,0.004708857047193195,0.013363402099081004,3684744,0.9507474833226707,0.971081096851096,622674,14386,17871,349495,6659,3749,17350.93275150284,658.0234836014383,matthew_s046,matthew,mid,-6,Bp_N2_s1
single,active,0.006886521689726981,0.020246696221258017,4110456,0.9691888070440448,0.9847913772008047,1043261,14579,18587,759802,7287,4447,28306.74439866841,1684.9939168607555,matthew_s049,matthew,high,-6,Bp_N2_s1
single,land,0.004732741665086752,0.013364909957550205,3684744,0.9507110130508467,0.9706923247069232,624369,14302,18068,351080,6753,3847,17438.94145397842,658.1719880396173,matthew_s049,matthew,high,-6,Bp_N2_s1
single,active,0.0055137104485287304,0.018158476303642056,4110456,0.9773257568029241,0.987072099078668,900549,8991,11902,681595,4922,4005,22663.864195417613,1355.341732462734,matthew_s059,matthew,mid,0,Bp_N2_s1
single,land,0.003306262737204509,0.011250878526527334,3684744,0.9595995088693013,0.9716869202559862,480649,8808,11428,270265,4494,3381,12182.731783337891,466.4232511143029,matthew_s059,matthew,mid,0,Bp_N2_s1
single,active,0.005517623332043816,0.01882042268444465,4110456,0.9765932419220643,0.9874375282963301,885022,9654,11558,673935,4430,4144,22679.947930939496,1455.9576731763323,matthew_s063,matthew,high,6,Bp_N2_s1
single,land,0.003308725011726277,0.011489732109801459,3684744,0.9577377010066273,0.9719176408745289,465631,9450,11097,262548,4016,3570,12191.804634608328,486.43758790453234,matthew_s063,matthew,high,6,Bp_N2_s1
single,active,0.00629348369531034,0.01922321196528017,4110456,0.9737787320384115,0.9868602911941231,973286,11155,15053,729722,5860,3856,25869.087816290557,1518.9445261936798,matthew_s068,matthew,high,0,Bp_N2_s1
single,land,0.004092973890163667,0.012496928438778462,3684744,0.9558234596951698,0.9734215303052101,553244,10966,14604,318010,5420,3263,15081.560983937234,575.458336844132,matthew_s068,matthew,high,0,Bp_N2_s1
single,active,0.0033677120123944706,0.017607236955440544,4110456,0.9872123303622468,0.9902782447289323,559548,3465,3783,491892,2660,2169,13842.832047618926,1274.3021668183799,ian_s005,ian,low,0,Bp_N2_s1
single,land,0.001006152308743567,0.00685848343520584,3684744,0.9612786355640135,0.9661171411017817,146992,2923,2998,94351,1940,1369,3707.413682729006,173.32591775768094,ian_s005,ian,low,0,Bp_N2_s1
single,active,0.003381855234534096,0.017664387386996005,4110456,0.9873127594615736,0.9903396916434406,559132,3465,3720,491771,2634,2163,13900.967139922082,1282.5879769701007,ian_s006,ian,low,6,Bp_N2_s1
single,land,0.0010075413281265913,0.006889254185138758,3684744,0.9616577999645769,0.9663563093455836,146598,2921,2924,94241,1921,1360,3712.531863566488,174.88466836641396,ian_s006,ian,low,6,Bp_N2_s1
single,active,0.0036705393429769,0.017910467688728726,4110456,0.983600399150729,0.9897666424794458,594373,4995,4915,503329,2983,2221,15087.590465575457,1318.5720230200625,ian_s024,ian,mid,6,Bp_N2_s1
single,land,0.0013176057499025191,0.007562245837716907,3684744,0.9550318611871379,0.9661336186009089,181797,4422,4138,105667,2246,1458,4855.039881318808,210.72152635969553,ian_s024,ian,mid,6,Bp_N2_s1
single,active,0.0035261019818124163,0.016504867084605274,4110456,0.9857646260661763,0.9902172256544318,584103,4168,4267,506811,2847,2160,14493.887047752738,1119.731939295491,ian_s037,ian,low,-6,Bp_N2_s1
single,land,0.0011552398945848732,0.0068603752855779165,3684744,0.9590519789854216,0.9675635425842013,170319,3713,3559,106551,2114,1458,4256.763270132244,173.421551706539,ian_s037,ian,low,-6,Bp_N2_s1
single,active,0.0036047550245776805,0.01755455459164454,4110456,0.9858263909176077,0.9900989331047776,587172,4088,4354,510596,2917,2189,14817.186919305474,1266.6879322527582,ian_s041,ian,mid,0,Bp_N2_s1
single,land,0.0012134928592684793,0.007401158902345988,3684744,0.9593645549833988,0.9671881062396388,173078,3614,3717,109683,2217,1504,4471.410532232374,201.83978621410887,ian_s041,ian,mid,0,Bp_N2_s1
single,active,0.0036978842543259546,0.01670323245906258,4110456,0.9837707753872718,0.989872336002864,606233,4923,5078,514305,3059,2203,15199.990520499647,1146.8088986062994,ian_s046,ian,mid,-6,Bp_N2_s1
single,land,0.0013355689891027182,0.007236004428261582,3684744,0.9561769616026711,0.9673964697895452,192444,4457,4363,113998,2329,1513,4921.2298191823065,192.93231181766927,ian_s046,ian,mid,-6,Bp_N2_s1
single,active,0.0037764013279213996,0.017731673536662537,4110456,0.9835448746859095,0.9897370219231106,610624,4996,5220,518545,3126,2251,15522.731496762484,1292.377704732663,ian_s049,ian,high,-6,Bp_N2_s1
single,land,0.0014026472593398186,0.007784368817354944,3684744,0.9557695581333139,0.9671664624166207,196511,4512,4582,117591,2406,1586,5168.396072968841,223.28221352692208,ian_s049,ian,high,-6,Bp_N2_s1
single,active,0.003683493786543187,0.017813120160970156,4110456,0.9874854600048693,0.9903676972071671,584070,3474,3928,518405,2819,2223,15140.839135859162,1304.2774890681937,ian_s059,ian,mid,0,Bp_N2_s1
single,land,0.001170654285269404,0.00751669408249568,3684744,0.9637864260413755,0.9685495951928094,168972,3062,3287,115085,2139,1598,4313.561353720725,208.19057821478523,ian_s059,ian,mid,0,Bp_N2_s1
single,active,0.003826040864800157,0.01893324687125144,4110456,0.987243247953189,0.9900411184677362,589169,3409,4204,523210,2893,2370,15726.772628962994,1473.4662717643744,ian_s063,ian,high,6,Bp_N2_s1
single,land,0.0012722712169673503,0.008372008081921718,3684744,0.9631893341608299,0.9676337018953457,173821,3037,3606,119107,2237,1747,4687.9937330931425,258.26562053511816,ian_s063,ian,high,6,Bp_N2_s1
single,active,0.003806452368379813,0.017903051122039975,4110456,0.9861213659437009,0.9901148007446535,598339,3993,4428,523343,2939,2286,15646.254976321012,1317.4802310293305,ian_s068,ian,high,0,Bp_N2_s1
single,land,0.0013051883790065257,0.007757483862314347,3684744,0.9613005451292518,0.9685058436107703,183221,3574,3802,119994,2235,1667,4809.285048414022,221.74257268563505,ian_s068,ian,high,0,Bp_N2_s1
single,active,0.003594002154941776,0.014319347608420628,4110456,0.9812656515648058,0.9891946574117086,629687,6988,5034,515317,3117,2512,14772.987721793354,842.8231724099766,milton_s005,milton,low,0,Bp_N2_s1
single,land,0.0015325623809643132,0.007589453839704535,3684744,0.9507913101550349,0.9627000225377508,212132,6592,4387,111059,2529,1774,5647.100037883967,212.24055276949306,milton_s005,milton,low,0,Bp_N2_s1
single,active,0.0035906004000683537,0.014300472431934752,4110456,0.9814368532416696,0.9895200147545897,627569,6923,4947,515061,3039,2416,14759.004958063364,840.6026870028913,milton_s006,milton,low,6,Bp_N2_s1
single,land,0.0015243869080135322,0.007574846293053944,3684744,0.9509834996649218,0.9639123249543359,210019,6521,4304,110821,2464,1685,5616.975512981415,211.42433325523442,milton_s006,milton,low,6,Bp_N2_s1
single,active,0.004766232002743656,0.01576795468536638,4110456,0.9775181030355372,0.9882124757954741,853430,9482,10146,618538,4155,3223,19591.386933069676,1021.9760778327462,milton_s024,milton,mid,6,Bp_N2_s1
single,land,0.0028045746417267254,0.009871270269379622,3684744,0.9589915914607444,0.9724496514769657,435784,9107,9528,214148,3550,2517,10334.139583654702,359.0487391082005,milton_s024,milton,mid,6,Bp_N2_s1
single,active,0.004414693789208362,0.015560021552853728,4110456,0.9775623763687687,0.9885335641043702,782307,9270,8686,589425,3792,3045,18146.404574014246,995.2000567883208,milton_s037,milton,low,-6,Bp_N2_s1
single,land,0.0023486952985430185,0.009010007219500968,3684744,0.9550454378315911,0.9700038292983875,363624,8979,8137,182384,3260,2380,8654.340909134597,299.1283657628641,milton_s037,milton,low,-6,Bp_N2_s1
single,active,0.004404971359281367,0.015460611099917074,4110456,0.9780923449416487,0.9881999043551833,778852,8650,8795,590989,3751,3306,18106.44095358625,982.5243347516187,milton_s041,milton,mid,0,Bp_N2_s1
single,land,0.002383637102309568,0.009240426975388393,3684744,0.9558175937663608,0.9687835927198785,359656,8353,8272,182948,3236,2659,8783.092510912567,314.62367449776804,milton_s041,milton,mid,0,Bp_N2_s1
single,active,0.004928226362388108,0.016491536456628104,4110456,0.9778521818780069,0.9885610481969621,879668,9602,10322,639426,4188,3211,20257.257620636374,1117.9239026914713,milton_s046,milton,mid,-6,Bp_N2_s1
single,land,0.0028650948666390304,0.0098960471475767,3684744,0.9602071511303318,0.974031854370438,460934,9302,9800,232329,3649,2545,10557.141119278967,360.853425079138,milton_s046,milton,mid,-6,Bp_N2_s1
single,active,0.004932657214610858,0.016442983400162658,4110456,0.9777488907606497,0.9883870849053566,884544,9530,10600,644716,4139,3436,20275.470443740487,1111.3509892294942,milton_s049,milton,high,-6,Bp_N2_s1
single,land,0.002907207432721391,0.010079100859852835,3684744,0.9601320608718081,0.9737107441077579,465304,9224,10097,236601,3605,2783,10712.31514447555,374.3267836190918,milton_s049,milton,high,-6,Bp_N2_s1
single,active,0.0038506181363410635,0.01499373009554215,4110456,0.9825685998103458,0.9897574016943431,655895,6191,5445,548287,3117,2557,15827.796422231942,924.0795965970751,milton_s059,milton,mid,0,Bp_N2_s1
single,land,0.0016979793822816493,0.008211370687302452,3684744,0.955510555235413,0.9676620949829002,235455,5929,5034,137229,2620,1966,6256.619340986013,248.44979134761599,milton_s059,milton,mid,0,Bp_N2_s1
single,active,0.003967437924996763,0.015530248071338902,4110456,0.9825704395727101,0.9902142748684787,659968,6247,5460,554317,3027,2451,16307.979023430496,991.3951492005601,milton_s063,milton,high,6,Bp_N2_s1
single,land,0.0017661757716136688,0.008679438240191517,3684744,0.955658488432041,0.9694663250565565,239122,6006,5089,142275,2586,1895,6507.905577398837,277.5815233311958,milton_s063,milton,high,6,Bp_N2_s1
single,active,0.004582341607891792,0.0159909577332006,4110456,0.9783500345820398,0.988781954543749,790725,8265,9233,606065,3662,3214,18835.51355620846,1051.08770120731,milton_s068,milton,high,0,Bp_N2_s1
single,land,0.0024783138699681294,0.00956150894390755,3684744,0.9565497056384635,0.9711219560778845,370289,8022,8798,195011,3207,2592,9131.952162481844,336.8683362050618,milton_s068,milton,high,0,Bp_N2_s1
single,active,0.004667418050483483,0.018428126705767035,4110456,0.9717192020137506,0.9830220495361198,620742,8778,9288,459957,4356,3588,19185.216530118138,1395.8938151718062,beryl_s005,beryl,low,0,Bp_N2_s1
single,land,0.0022219147688147018,0.009442033032572896,3684744,0.9363515888215427,0.9446537448447387,225392,7493,7828,90017,3039,2235,8187.18711290136,328.5022520906348,beryl_s005,beryl,low,0,Bp_N2_s1
single,active,0.004507607087260764,0.017957768969191823,4110456,0.9723548120947497,0.983171185194794,609296,8610,8713,454756,4271,3513,18528.320597473532,1325.5458782507264,beryl_s006,beryl,low,6,Bp_N2_s1
single,land,0.002046764395923079,0.009082684602349686,3684744,0.9360777317171293,0.9430279194302792,214066,7347,7271,84881,2967,2161,7541.802827291191,303.9735443126719,beryl_s006,beryl,low,6,Bp_N2_s1
single,active,0.005519981377321231,0.01934718230798313,4110456,0.9668307986370813,0.9822846063337918,744568,10642,14902,533466,4841,4780,22689.640572298318,1538.5990209310046,beryl_s024,beryl,mid,6,Bp_N2_s1
single,land,0.0031162022848014986,0.011301340552991115,3684744,0.938448280505211,0.9588055193406996,348474,9428,13428,162530,3574,3409,11482.407671708614,470.616602819538,beryl_s024,beryl,mid,6,Bp_N2_s1
single,active,0.00540022411991554,0.01890439830983708,4110456,0.9708276716569271,0.983462229824053,729477,10084,11836,519212,4760,3971,22197.38363505155,1468.9794557097591,beryl_s037,beryl,low,-6,Bp_N2_s1
single,land,0.0029217972810460097,0.010716101772484658,3684744,0.9443663838434506,0.9582526261511103,331347,9053,10467,144952,3651,2664,10766.075000550598,423.13697735722417,beryl_s037,beryl,low,-6,Bp_N2_s1
single,active,0.00533126178790507,0.01942543176334993,4110456,0.9703625214912185,0.9833539895277897,713395,9789,12000,511762,4637,4026,21913.91700366512,1551.069881095471,beryl_s041,beryl,mid,0,Bp_N2_s1
single,land,0.0029274503588290575,0.010809051404714784,3684744,0.9423009643417807,0.9567962315164523,315129,8666,10630,137306,3445,2755,10786.905144993216,430.50924760246903,beryl_s041,beryl,mid,0,Bp_N2_s1
single,active,0.005833798955229423,0.01950782160797191,4110456,0.9675321265498473,0.9830540306018645,792284,11837,14750,565318,5034,4711,23979.573918316513,1564.2550101089264,beryl_s046,beryl,mid,-6,Bp_N2_s1
single,land,0.003384958172520179,0.011651964952004963,3684744,0.9421407307430912,0.9628534008909925,393698,10810,13368,190411,3924,3422,12472.704316444695,500.27138180800705,beryl_s046,beryl,mid,-6,Bp_N2_s1
single,active,0.0057915268300918,0.019919081828307327,4110456,0.9674930040670341,0.9830232303632817,793114,11893,14755,565896,4995,4778,23805.81620791182,1630.9048908666434,beryl_s049,beryl,high,-6,Bp_N2_s1
single,land,0.0033944623440504917,0.011654143953582241,3684744,0.9421695436612184,0.9628860156927608,394509,10839,13376,190948,3874,3486,12507.724755465984,500.45850802441214,beryl_s049,beryl,high,-6,Bp_N2_s1
single,active,0.004740566999396824,0.018394222311394502,4110456,0.9736714472721966,0.984713409626691,640410,8501,8816,482031,4283,3200,19485.892066072673,1390.7621597735085,beryl_s059,beryl,mid,0,Bp_N2_s1
single,land,0.002269396804920066,0.009543255080307938,3684744,0.9412305801395843,0.9523053334793561,240459,7463,7551,104346,3181,2045,8362.146260548383,335.58333421834163,beryl_s059,beryl,mid,0,Bp_N2_s1
single,active,0.004579206011126462,0.01820050955320631,4110456,0.9744575750925035,0.9846649327971105,630476,8169,8357,478172,4269,3178,18822.624823670834,1361.6236861629022,beryl_s063,beryl,high,6,Bp_N2_s1
single,land,0.00213634906417319,0.009305259380965821,3684744,0.9414678809083923,0.9512653720146241,230332,7152,7168,100173,3127,2005,7871.899396117777,319.05406867173843,beryl_s063,beryl,high,6,Bp_N2_s1
single,active,0.005381520171783895,0.019262623672815563,4110456,0.9711368162479876,0.9840177492745605,722687,9692,11787,522909,4537,3956,22120.50187923014,1525.1792350195815,beryl_s068,beryl,high,0,Bp_N2_s1
single,land,0.002955208924492527,0.010871644969513958,3684744,0.9438046335708473,0.9589591511163773,322398,8683,10513,144869,3461,2739,10889.188353270292,435.50971078246596,beryl_s068,beryl,high,0,Bp_N2_s1
single,active,0.00599158749131146,0.020674904954412904,4110456,0.9750785031900085,0.986685006592798,1026275,7926,18304,762523,4845,5445,24628.156753186136,1757.0213839050323,irma_s005,irma,low,0,Bp_N2_s2
single,land,0.003860606040006893,0.012119715962173535,3684744,0.9602008707339786,0.975332420832343,609379,7642,17616,356998,4315,4714,14225.34494227916,541.2428895850293,irma_s005,irma,low,0,Bp_N2_s2
single,active,0.00602105310806237,0.020868814085645903,4110456,0.9753124329194514,0.9867463178763749,1013216,8099,17548,754037,4621,5507,24749.273874353617,1790.134010887561,irma_s006,irma,low,6,Bp_N2_s2
single,land,0.0038684439602614863,0.01221302542467292,3684744,0.9602247570900719,0.9751682771663412,596410,7816,16889,348570,4100,4776,14254.22567190975,549.6090087919148,irma_s006,irma,low,6,Bp_N2_s2
single,active,0.007024073656385354,0.022221569636113162,4110456,0.9711196153299785,0.9853450874469355,1127970,11135,22410,827009,6211,6089,28872.145705331117,2029.7355976103293,irma_s024,irma,mid,6,Bp_N2_s2
single,land,0.004914049198530602,0.01383539430799834,3684744,0.9561510271324345,0.9743910258636055,710970,10854,21751,420934,5708,5355,18107.013299990445,705.3268268562382,irma_s024,irma,mid,6,Bp_N2_s2
single,active,0.006960485728983958,0.021812809119472903,4110456,0.9735200152317337,0.9861779085139022,1114659,9999,20320,818361,5839,5631,28610.770327616483,1955.7493814959298,irma_s037,irma,low,-6,Bp_N2_s2
single,land,0.004578430794642932,0.013599832673542797,3684744,0.9594455314575467,0.9753160646387833,696308,9741,19691,410413,5422,4965,16870.345399975777,681.5134800428352,irma_s037,irma,low,-6,Bp_N2_s2
single,active,0.006766599868521219,0.021639177982289974,4110456,0.9738840100033309,0.9854547512592676,1105185,8872,20765,818364,5620,6459,27813.811029162258,1924.7375614441369,irma_s041,irma,mid,0,Bp_N2_s2
single,land,0.004524984408576174,0.01329471052364359,3684744,0.9597765659880986,0.9740098420887311,686604,8625,20150,409314,5191,5731,16673.409149594605,651.2760255111181,irma_s041,irma,mid,0,Bp_N2_s2
single,active,0.007461865459674105,0.02210318310840873,4110456,0.9716511317241154,0.9847668337567334,1163046,10854,23079,853201,6782,6416,30671.66964991018,2008.1661706038099,irma_s046,irma,mid,-6,Bp_N2_s2
single,land,0.005089628192395379,0.014412342578759302,3684744,0.957505471922799,0.9735805796695604,744562,10595,22449,445012,6350,5726,18753.976944159716,765.3788793703415,irma_s046,irma,mid,-6,Bp_N2_s2
single,active,0.007435791439747916,0.023113582339545614,4110456,0.9715509076132929,0.9845459340599119,1170372,10199,24072,862350,6563,6973,30564.49353826046,2195.9605123961715,irma_s049,irma,high,-6,Bp_N2_s2
single,land,0.005152875223501127,0.014318683162644459,3684744,0.957460875546978,0.9734168158192722,751602,9942,23451,453035,6128,6244,18987.026062544435,755.4634871624462,irma_s049,irma,high,-6,Bp_N2_s2
single,active,0.0066392471328475516,0.02199640728596619,4110456,0.9753666218647485,0.9861294911870812,1058779,7590,19150,794349,4738,6435,27290.333212696016,1988.8109785660092,irma_s059,irma,mid,0,Bp_N2_s2
single,land,0.004235505165270571,0.013315591991688656,3684744,0.9609336232485541,0.974275144767507,639042,7401,18579,382933,4387,5724,15606.752244699746,653.3234984009557,irma_s059,irma,mid,0,Bp_N2_s2
single,active,0.006748997615990937,0.02268527302121576,4110456,0.9745527922503455,0.985424595144832,1051407,7613,19841,796228,4146,7631,27741.45774463564,2115.3294929686726,irma_s063,irma,high,6,Bp_N2_s2
single,land,0.004384705945368423,0.013734503876122284,3684744,0.959391680261507,0.9726893098590121,631604,7425,19309,383866,3799,6979,16156.518923960626,695.0775679562975,irma_s063,irma,high,6,Bp_N2_s2
single,active,0.007107049106104757,0.022419044353052787,4110456,0.9739331979492353,0.9855349595331673,1119843,8781,21191,838026,5714,6586,29213.212640482932,2065.970881062714,irma_s068,irma,high,0,Bp_N2_s2
single,land,0.004729430561843758,0.013990243771075985,3684744,0.9599279795183184,0.9743307345696502,700015,8593,20629,426410,5347,5887,17426.740886170417,721.2035969609525,irma_s068,irma,high,0,Bp_N2_s2
single,active,0.005151757629853541,0.017654907474788404,4110456,0.9757294090170046,0.9869613603784732,868969,8070,13545,646512,4707,3834,21176.073060177267,1281.2116984127476,matthew_s005,matthew,low,0,Bp_N2_s2
single,land,0.003088253229591592,0.010749277700261363,3684744,0.9565020638787387,0.9713365217217297,452326,7711,12859,242703,4012,3150,11379.42255821824,425.7610083953881,matthew_s005,matthew,low,0,Bp_N2_s2
single,active,0.00511629476212565,0.017968621853072925,4110456,0.9757921412268107,0.9874772253277615,852896,8422,12737,636829,4246,3830,21030.304502747953,1327.1485653830919,matthew_s006,matthew,low,6,Bp_N2_s2
single,land,0.003034178112637544,0.010770582109016979,3684744,0.9558786476579839,0.9718814673876761,436285,8078,12060,232925,3599,3140,11180.169595472515,427.45034520130173,matthew_s006,matthew,low,6,Bp_N2_s2
single,active,0.0064698951145240905,0.01983793029171723,4110456,0.968281658791831,0.985570058589583,991869,12249,20242,720637,6452,4099,26594.219192866236,1617.6431514707083,matthew_s024,matthew,mid,6,Bp_N2_s2
single,land,0.004420204464916231,0.013040829825062779,3684744,0.9480198632136384,0.971321035754073,574829,11909,19609,315623,5815,3504,16287.321880873293,626.6395125191331,matthew_s024,matthew,mid,6,Bp_N2_s2
single,active,0.006235721031776612,0.01969904880837163,4110456,0.9728595223987379,0.9848360678203955,973631,10048,17114,718627,5836,5229,25631.656929392368,1595.072825404361,matthew_s037,matthew,low,-6,Bp_N2_s2
single,land,0.003981471228572725,0.012151048700237326,3684744,0.9546199337698191,0.9692332675444075,554638,9813,16553,310364,5304,4548,14670.702220655978,544.045025055726,matthew_s037,matthew,low,-6,Bp_N2_s2
single,active,0.00598829811792196,0.018633213530140653,4110456,0.9732198579830174,0.986345836125064,957479,9268,17079,711036,5609,4234,24614.635928601027,1427.136538620632,matthew_s041,matthew,mid,0,Bp_N2_s2
single,land,0.003911051856362529,0.012065260903763593,3684744,0.9547168607659539,0.9720098184108054,538762,9031,16523,302540,5078,3634,14411.224861420691,536.3901026373478,matthew_s041,matthew,mid,0,Bp_N2_s2
single,active,0.0068930841331288776,0.020699991025116257,4110456,0.9694171116409757,0.9852419294035675,1039188,11722,21062,757921,6724,4629,28333.719033524394,1761.2877641585314,matthew_s046,matthew,mid,-6,Bp_N2_s2
single,land,0.004613201192210421,0.013187532509251768,3684744,0.9509156913657689,0.9717273000434022,620017,11476,20528,349266,6184,3978,16998.465413790196,640.8175642007758,matthew_s046,matthew,mid,-6,Bp_N2_s2
single,active,0.006779094534570636,0.02014253499274891,4110456,0.969314437585063,0.9851189588329673,1040529,11621,21319,759508,6732,4741,27865.16980419308,1667.701261591676,matthew_s049,matthew,high,-6,Bp_N2_s2
single,land,0.004641654075143571,0.013189677390206777,3684744,0.9508408599025688,0.9713273856002835,621655,11358,20782,350791,6219,4136,17103.307003460824,641.0260321857895,matthew_s049,matthew,high,-6,Bp_N2_s2
single,active,0.00545601823812933,0.01810188010046059,4110456,0.9772217516995894,0.9871226104821487,898830,7330,13621,681314,4602,4286,22426.72290302813,1346.90626083147,matthew_s059,matthew,mid,0,Bp_N2_s2
single,land,0.0032595477108666323,0.01117501690792186,3684744,0.9593717575325399,0.9717531205459335,478951,7157,13126,269988,4190,3658,12010.598870329559,460.1545261215305,matthew_s059,matthew,mid,0,Bp_N2_s2
single,active,0.005448198814397072,0.018727497055152753,4110456,0.9767417426550689,0.9874822987184712,883165,7615,13415,673615,4075,4464,22394.58150583133,1441.6156177881571,matthew_s063,matthew,high,6,Bp_N2_s2
single,land,0.003250021773084035,0.011378561883710767,3684744,0.9579571578171183,0.9719574209426102,463794,7421,12934,262238,3686,3880,11975.498228240758,477.0699611975312,matthew_s063,matthew,high,6,Bp_N2_s2
single,active,0.006202350074979315,0.019132230997726835,4110456,0.9737670135386356,0.9870910822923207,971132,8955,17207,729484,5446,4094,25494.487079799175,1504.6006159979652,matthew_s068,matthew,high,0,Bp_N2_s2
single,land,0.004018567486589471,0.012371759664045833,3684744,0.9557480533444324,0.9738943884274724,551113,8782,16735,317772,5017,3501,14807.392434805632,563.9885275544793,matthew_s068,matthew,high,0,Bp_N2_s2
single,active,0.0033531167439712893,0.017621385078917622,4110456,0.9871481946231379,0.9902941164625477,559331,3282,4000,491786,2545,2275,13782.83883895725,1276.350895753665,ian_s005,ian,low,0,Bp_N2_s2
single,land,0.000996611135596283,0.006830775311828303,3684744,0.961095761258135,0.9664975139679123,146792,2744,3198,94277,1825,1443,3672.2569022215903,171.92828083432866,ian_s005,ian,low,0,Bp_N2_s2
single,active,0.0033684697019698423,0.017680909215488216,4110456,0.9872500079488729,0.9903657121678456,558900,3266,3952,491673,2522,2261,13845.94649728015,1284.9883555559545,ian_s006,ian,low,6,Bp_N2_s2
single,land,0.000998919215259322,0.006860795840739821,3684744,0.9614646962233169,0.9666991736385567,146383,2728,3139,94171,1814,1430,3680.7615849114954,173.44281455622325,ian_s006,ian,low,6,Bp_N2_s2
single,active,0.00365229480711301,0.017923662179441198,4110456,0.983632382075628,0.989817053141332,593811,4404,5477,503222,2849,2328,15012.597103666514,1320.5155004380845,ian_s024,ian,mid,6,Bp_N2_s2
single,land,0.0013044371201135665,0.007520575373505612,3684744,0.9550271101954358,0.9665131777694371,181246,3846,4689,105579,2112,1546,4806.5168517157435,208.40563468270307,ian_s024,ian,mid,6,Bp_N2_s2
single,active,0.0035058031098490795,0.01654550871329501,4110456,0.9858033749702373,0.9902756661051463,583776,3813,4594,506730,2735,2241,14410.449427697808,1125.2531905303872,ian_s037,ian,low,-6,Bp_N2_s2
single,land,0.0011456622427451618,0.006840553737727151,3684744,0.9591821766872966,0.9678070239220534,170016,3373,3862,106482,2015,1527,4221.472074981779,172.4208724388184,ian_s037,ian,low,-6,Bp_N2_s2
single,active,0.0035822371657076805,0.01755213768762709,4110456,0.9858723081110323,0.9901586753584791,586805,3688,4721,510507,2796,2278,14724.62825120613,1266.3391620933298,ian_s041,ian,mid,0,Bp_N2_s2
single,land,0.0012000990490401873,0.007360879009371158,3684744,0.959562908315186,0.9672047233670759,172729,3213,4066,109593,2122,1594,4422.057770356536,199.64878839817803,ian_s041,ian,mid,0,Bp_N2_s2
single,active,0.0036718765807828525,0.016726451595498137,4110456,0.9837728524206714,0.9899297527582005,605645,4324,5666,514220,2943,2288,15093.087122738361,1149.9994690610254,ian_s046,ian,mid,-6,Bp_N2_s2
single,land,0.0013237014104072868,0.007205814471387615,3684744,0.9560498699434927,0.9677378252338116,191862,3875,4945,113925,2212,1586,4877.5008297897875,191.32577120935588,ian_s046,ian,mid,-6,Bp_N2_s2
single,active,0.0037526330978609784,0.017720598543497855,4110456,0.9835513958418987,0.9897614374842498,610033,4391,5811,518441,3008,2355,15425.033232901245,1290.7638013040626,ian_s049,ian,high,-6,Bp_N2_s2
single,land,0.0013892914293963821,0.0077384347378199264,3684744,0.9557147874270775,0.9671800528477704,195933,3919,5160,117494,2304,1683,5119.183258719742,220.65489638238967,ian_s049,ian,high,-6,Bp_N2_s2
single,active,0.003657792208527318,0.01780287086060171,4110456,0.987420149747236,0.9904872558274636,583825,3265,4173,518320,2670,2308,15035.193930294365,1302.7770123619255,ian_s059,ian,mid,0,Bp_N2_s2
single,land,0.0011580167074531718,0.00747069275847946,3684744,0.9635621288259479,0.9688387178299145,168739,2861,3520,115006,2022,1677,4266.99511468783,205.6501696444619,ian_s059,ian,mid,0,Bp_N2_s2
single,active,0.0038045070910915075,0.01893495612648357,4110456,0.987098601747899,0.9901443613519657,588905,3229,4468,523120,2747,2460,15638.258999619633,1473.7323268826965,ian_s063,ian,high,6,Bp_N2_s2
single,land,0.0012586999256778081,0.008331182525580114,3684744,0.9626880986849039,0.9678830810771245,173564,2864,3863,119008,2103,1846,4637.986998941749,255.7529307794661,ian_s063,ian,high,6,Bp_N2_s2
single,active,0.0037798477727773107,0.017891977340342057,4110456,0.9861366252321007,0.9902332402895396,598011,3651,4756,523264,2796,2365,15536.897956699133,1315.850902456494,ian_s068,ian,high,0,Bp_N2_s2
single,land,0.001292091440543562,0.007711203557198178,3684744,0.9613167037206394,0.9688065537745605,182903,3240,4120,119915,2115,1746,4761.0261829942465,219.10468076647447,ian_s068,ian,high,0,Bp_N2_s2
single,active,0.0035499418466949455,0.014167251724579553,4110456,0.9819606778052496,0.989246940178424,629099,5935,5622,515182,2953,2647,14591.87976339832,825.0138222932165,milton_s005,milton,low,0,Bp_N2_s2
single,land,0.001515995165867969,0.007516618389322699,3684744,0.9526981081945214,0.9630070045394971,211559,5544,4960,110949,2378,1884,5586.054091461003,208.18638527413012,milton_s005,milton,low,0,Bp_N2_s2
single,active,0.0035434696287906103,0.014138820008546549,4110456,0.9822930521025728,0.9896011300195063,627034,5821,5482,514934,2868,2543,14565.275996480137,821.705767613496,milton_s006,milton,low,6,Bp_N2_s2
single,land,0.0015054784289601653,0.007497972454388261,3684744,0.9532752383335987,0.9643833945961012,209487,5432,4836,110717,2300,1789,5547.302608240396,207.15480034985222,milton_s006,milton,low,6,Bp_N2_s2
single,active,0.00470340322912057,0.015632753794500083,4110456,0.977524917477355,0.9882540788666121,851694,7700,11882,618315,3903,3446,19333.13202355802,1004.5255324737543,milton_s024,milton,mid,6,Bp_N2_s2
single,land,0.002773007517245895,0.009796705362199272,3684744,0.9589477800385734,0.9726067251262609,434061,7331,11251,213955,3316,2710,10217.822811126709,353.64491177794235,milton_s024,milton,mid,6,Bp_N2_s2
single,active,0.0043548053068250365,0.01542016400168063,4110456,0.9781170846830867,0.9886978917608369,780825,7301,10168,589259,3525,3211,17900.23560227081,977.3902200619431,milton_s037,milton,low,-6,Bp_N2_s2
single,land,0.002325269246086075,0.008942886903105643,3684744,0.9561312261396219,0.9705581593523647,362150,7005,9611,182232,2996,2532,8568.02190290019,294.6882347481087,milton_s037,milton,low,-6,Bp_N2_s2
single,active,0.004354639546988704,0.015331407171183154,4110456,0.9784363455571848,0.9883715094453255,777353,6838,10294,590805,3461,3490,17899.554253757,966.1710921706788,milton_s041,milton,mid,0,Bp_N2_s2
single,land,0.0023630303220772805,0.009178183346314999,3684744,0.9564350090126177,0.9693157833331566,358161,6547,9767,182780,2959,2827,8707.161801092327,310.3993323529633,milton_s041,milton,mid,0,Bp_N2_s2
single,active,0.004857329738314497,0.016349914394653237,4110456,0.977999135560972,0.988677436067957,877942,7702,12048,639264,3948,3373,19965.84016683325,1098.805867711855,milton_s046,milton,mid,-6,Bp_N2_s2
single,land,0.0028310089755105117,0.009818719804234106,3684744,0.9604539389198663,0.9744007251729,459218,7392,11516,232188,3414,2686,10431.543336458504,355.2360676609075,milton_s046,milton,mid,-6,Bp_N2_s2
single,active,0.004867671142573445,0.01631270339822134,4110456,0.977891819563397,0.9884424977455509,882829,7644,12315,644508,3892,3644,20008.34805401787,1093.8099843280097,milton_s049,milton,high,-6,Bp_N2_s2
single,land,0.0028758019845953726,0.010007299094553931,3684744,0.9603616853792932,0.9738501781631687,463605,7339,11796,236407,3371,2977,10596.594107925892,369.0125022085609,milton_s049,milton,high,-6,Bp_N2_s2
single,active,0.0038060572884269475,0.014854276371401966,4110456,0.9829801149659783,0.9898637301039812,655286,5292,6054,548141,2910,2703,15644.631017558277,906.9701701730341,milton_s059,milton,mid,0,Bp_N2_s2
single,land,0.0016834815438839749,0.008141617585021015,3684744,0.9565413956443645,0.9681043370193054,234851,5032,5638,137101,2423,2094,6203.198517937213,244.24670827931922,milton_s059,milton,mid,0,Bp_N2_s2
single,active,0.003920271945698301,0.015369395919011259,4110456,0.9832051574572411,0.990341142622277,659301,5135,6127,554185,2822,2583,16114.105340827256,970.9650556208622,milton_s063,milton,high,6,Bp_N2_s2
single,land,0.0017477629443946466,0.008606021022878258,3684744,0.9572659866157632,0.9698774630205775,238454,4888,5757,142153,2398,2017,6440.059022780508,272.9053977822815,milton_s063,milton,high,6,Bp_N2_s2
single,active,0.004539081566850435,0.015873204088517046,4110456,0.9785344501553094,0.9889563542584794,789144,6497,10814,605894,3381,3385,18657.695060949773,1035.6647721520499,milton_s068,milton,high,0,Bp_N2_s2
single,land,0.0024648848193906166,0.009510380118552271,3684744,0.9568462382864098,0.9716719107622804,368714,6256,10373,194862,2940,2741,9082.469548940659,333.27525653114077,milton_s068,milton,high,0,Bp_N2_s2
single,active,0.004638943618563915,0.018372688413353534,4110456,0.9719698264440392,0.9832110250594797,619900,7747,10130,459953,4262,3592,19068.173630587757,1387.5077682753276,beryl_s005,beryl,low,0,Bp_N2_s2
single,land,0.002189244532996346,0.009360692888212667,3684744,0.9368801812363624,0.9453315404655853,224558,6467,8662,89988,2940,2264,8066.805657491088,322.86674403703375,beryl_s005,beryl,low,0,Bp_N2_s2
single,active,0.004489149097910628,0.017925588522550627,4110456,0.9725466066819558,0.9833734455177067,608537,7706,9472,454764,4184,3505,18452.44984440133,1320.7993601320622,beryl_s006,beryl,low,6,Bp_N2_s2
single,land,0.0020240194972121813,0.0090147044352216,3684744,0.9364096125310598,0.943657272504838,213301,6449,8036,84848,2872,2194,7457.993698235601,299.4403381470888,beryl_s006,beryl,low,6,Bp_N2_s2
single,active,0.005499743675174245,0.019332632833495213,4110456,0.9667034835540396,0.9823648586426006,743075,9199,16395,533375,4704,4871,22606.454388082027,1536.285775564847,beryl_s024,beryl,mid,6,Bp_N2_s2
single,land,0.0030843521901602997,0.011232524950851381,3684744,0.9380662079779397,0.9590512405673189,346986,7993,14916,162423,3419,3516,11365.048226580024,464.90273838107964,beryl_s024,beryl,mid,6,Bp_N2_s2
single,active,0.005376666975292936,0.018910877049780946,4110456,0.9707876703197078,0.9835930158537695,728149,8747,13164,519164,4641,4019,22100.553028594702,1469.9864982543202,beryl_s037,beryl,low,-6,Bp_N2_s2
single,land,0.0028889584876976905,0.010630997500001054,3684744,0.9443123589140566,0.9584562861415094,330057,7707,11757,144863,3526,2753,10645.072453793138,416.44279477332236,beryl_s037,beryl,low,-6,Bp_N2_s2
single,active,0.005303391590069135,0.01939927286639626,4110456,0.9702350943838413,0.98350252343741,712073,8523,13322,511738,4534,4050,21799.35778174922,1546.8952549267428,beryl_s041,beryl,mid,0,Bp_N2_s2
single,land,0.002887690643990491,0.010725109713095699,3684744,0.9419838759057046,0.9571129707112971,313837,7407,11922,137250,3339,2811,10640.400774300098,423.8486530865482,beryl_s041,beryl,mid,0,Bp_N2_s2
single,active,0.005803731262926676,0.01952320854170342,4110456,0.9675544634181562,0.9831670974767172,790641,10120,16393,565209,4857,4820,23855.981992084533,1566.7236179316014,beryl_s046,beryl,mid,-6,Bp_N2_s2
single,land,0.003342546571691466,0.011561569252920562,3684744,0.9421893923374152,0.9629445940201219,392094,9086,14972,190274,3763,3559,12316.4284247607,492.53930153923875,beryl_s046,beryl,mid,-6,Bp_N2_s2
single,active,0.005759416602751656,0.019910527044959044,4110456,0.9674613575350973,0.9831278323000362,791395,10143,16474,565794,4830,4880,23673.82853128016,1629.5043200888338,beryl_s049,beryl,high,-6,Bp_N2_s2
single,land,0.0033505621032913287,0.011559743947031747,3684744,0.942031348924659,0.963015489282668,392812,9099,15073,190809,3703,3625,12345.963606730103,492.3837925595423,beryl_s049,beryl,high,-6,Bp_N2_s2
single,active,0.004712422346429694,0.018366799396067914,4110456,0.9737218764084635,0.9848716727998643,639486,7518,9740,482009,4182,3222,19370.204708416015,1386.6184321576422,beryl_s059,beryl,mid,0,Bp_N2_s2
single,land,0.002236155081185589,0.009455071007168232,3684744,0.941383362086243,0.9528138132651197,239551,6457,8459,104295,3069,2096,8239.659018468112,329.4100991787921,beryl_s059,beryl,mid,0,Bp_N2_s2
single,active,0.004556684988500892,0.018185514233233998,4110456,0.9745128387685926,0.98498100739105,629623,7257,9210,478161,4102,3189,18730.053151093423,1359.3809388757475,beryl_s063,beryl,high,6,Bp_N2_s2
single,land,0.00210901728624176,0.009222530036167428,3684744,0.941576850647619,0.9523365730262282,229499,6239,8001,100142,2976,2036,7771.188791375607,313.4061229921896,beryl_s063,beryl,high,6,Bp_N2_s2
single,active,0.005352119295530048,0.01924808877933629,4110456,0.9709830652662297,0.9841308083669471,721354,8437,13120,522850,4416,4015,21999.65087102726,1522.8784109594155,beryl_s068,beryl,high,0,Bp_N2_s2
single,land,0.002914008319789289,0.010783759528156914,3684744,0.9434850448258535,0.9592577625555652,321084,7406,11827,144799,3341,2809,10737.374672293663,428.49692522850125,beryl_s068,beryl,high,0,Bp_N2_s2
single,active,0.006520073751331545,0.021651274925386158,4110456,0.9751039944700863,0.986617337137472,1026961,8602,17618,762154,4524,5814,26800.476271603256,1926.8901338609214,irma_s005,irma,low,0,Bp_N3_s0
single,land,0.003916426560443353,0.012206468729567928,3684744,0.9603294025800684,0.9753498888612447,610128,8337,16867,356743,4047,4969,14431.029270034283,549.0190400902294,irma_s005,irma,low,0,Bp_N3_s0
single,active,0.006558751571923618,0.021850418906200486,4110456,0.9752005694826558,0.986700007200508,1013760,8776,17004,753676,4291,5868,26959.459751322865,1962.499427214891,irma_s006,irma,low,6,Bp_N3_s0
single,land,0.003930569547683275,0.01231428551545753,3684744,0.960148213906633,0.975177712015544,597024,8505,16275,348313,3833,5033,14483.14255740866,558.7605780249178,irma_s006,irma,low,6,Bp_N3_s0
single,active,0.0075541987464076135,0.023160652565488035,4110456,0.9709935434133179,0.9852694560819065,1128512,11844,21868,826646,5907,6452,31051.201562363654,2204.9136556527374,irma_s024,irma,mid,6,Bp_N3_s0
single,land,0.004994426499260274,0.013950058439230993,3684744,0.9560333847468466,0.9742815915581362,711568,11571,21153,420649,5464,5640,18403.1830765903,717.0664020801848,irma_s024,irma,mid,6,Bp_N3_s0
single,active,0.007413191168720472,0.02264417019677463,4110456,0.9734339073185295,0.9861315214940922,1115125,10579,19854,818003,5515,5989,30471.596118614078,2107.6710222814586,irma_s037,irma,low,-6,Bp_N3_s0
single,land,0.004620974696368085,0.013634753961555317,3684744,0.9594067135050741,0.9753331557770781,696843,10328,19156,410151,5146,5227,17027.108786594123,685.0179178890754,irma_s037,irma,low,-6,Bp_N3_s0
single,active,0.007261877745545292,0.022631000112008998,4110456,0.9739580443476828,0.9854915500898721,1105868,9487,20082,818025,5245,6798,29849.62895044312,2105.2200484944055,irma_s041,irma,mid,0,Bp_N3_s0
single,land,0.0045791879155939064,0.013372707183077634,3684744,0.9599324036507615,0.9741324290082589,687326,9261,19428,409046,4863,5999,16873.135196857154,658.9401806348432,irma_s041,irma,mid,0,Bp_N3_s0
single,active,0.00791636551605855,0.022921753404616173,4110456,0.9715972240198604,0.9847146393962068,1163545,11434,22580,852755,6375,6862,32539.872133675963,2159.6614477650446,irma_s046,irma,mid,-6,Bp_N3_s0
single,land,0.0051357647071076295,0.014453032615414974,3684744,0.9574839372911848,0.9735538818583878,745114,11189,21897,444661,6002,6077,18923.978189926594,769.7067334387314,irma_s046,irma,mid,-6,Bp_N3_s0
single,active,0.00792453153680591,0.02404230450483507,4110456,0.9715985748257945,0.9844472592249099,1170957,10742,23487,861920,6214,7403,32573.43820265308,2375.9767710392957,irma_s049,irma,high,-6,Bp_N3_s0
single,land,0.005202961880220251,0.01438817608763145,3684744,0.9575844523849835,0.9732966395046333,752241,10508,22812,452690,5831,6589,19171.582570370287,762.8142699887717,irma_s049,irma,high,-6,Bp_N3_s0
single,active,0.007145855198118257,0.023063732999334677,4110456,0.9755638526593957,0.9860327702727876,1059516,8126,18413,793995,4458,6789,29372.723374236375,2186.498617959122,irma_s059,irma,mid,0,Bp_N3_s0
single,land,0.004270289057884006,0.013374892344712544,3684744,0.9613362021040991,0.974174955511371,639825,7937,17796,382653,4140,6004,15734.921984303743,659.1555459195365,irma_s059,irma,mid,0,Bp_N3_s0
single,active,0.0073370818727826834,0.023868033354140988,4110456,0.9748530345073587,0.9852663897640963,1052193,8087,19055,795844,3886,8015,30158.752206470817,2341.6569720143143,irma_s063,irma,high,6,Bp_N3_s0
single,land,0.00443969543399943,0.013853495633177762,3684744,0.9599489989526571,0.972513513787613,632424,7897,18489,383571,3567,7274,16359.141112256795,707.1736411861194,irma_s063,irma,high,6,Bp_N3_s0
single,active,0.007607147560549017,0.023461936915145955,4110456,0.9740407174094263,0.9855728563109195,1120553,9383,20481,837732,5383,6880,31268.84533314407,2262.651819352903,irma_s068,irma,high,0,Bp_N3_s0
single,land,0.004778055023989393,0.01406859745732771,3684744,0.9601423858118403,0.9744761704423857,700758,9204,19886,426193,5059,6104,17605.909581314772,729.3045569129572,irma_s068,irma,high,0,Bp_N3_s0
single,active,0.005520155924934574,0.01857919642380345,4110456,0.9756094002841362,0.9869791865542727,869387,8608,13127,646196,4375,4150,22690.35804258287,1418.8740834521816,matthew_s005,matthew,low,0,Bp_N3_s0
single,land,0.0031103103970130407,0.010817763558577262,3684744,0.9563659020825412,0.9713015262588631,452801,8275,12384,242466,3777,3387,11460.697573531419,431.2035128420521,matthew_s005,matthew,low,0,Bp_N3_s0
single,active,0.00548813564445397,0.018849105697035864,4110456,0.9756563278569313,0.9874780493555974,853310,8968,12323,636556,3969,4103,22558.740088559687,1460.3989204119266,matthew_s006,matthew,low,6,Bp_N3_s0
single,land,0.00305743638035361,0.010847475772755901,3684744,0.9557240950726261,0.9718710981379636,436764,8653,11581,232733,3404,3332,11265.870357889682,433.5754644712953,matthew_s006,matthew,low,6,Bp_N3_s0
single,active,0.006798445100040878,0.02048709823946937,4110456,0.9681243884426763,0.9855365738194336,992373,12936,19738,720307,6142,4429,27944.709452133626,1725.2455013293682,matthew_s024,matthew,mid,6,Bp_N3_s0
single,land,0.004454077895941363,0.013100393739618972,3684744,0.9478324325481869,0.971393636254439,575394,12625,19044,315395,5556,3732,16412.13680260256,632.3769301493518,matthew_s024,matthew,mid,6,Bp_N3_s0
single,active,0.006558168277334979,0.020458279134484857,4110456,0.9727663297161586,0.9848134204558853,974064,10589,16681,718317,5538,5539,26957.06214458123,1720.3951257243143,matthew_s037,matthew,low,-6,Bp_N3_s0
single,land,0.003993553684563416,0.01217658013043441,3684744,0.9545361535591279,0.969319094542943,555121,10370,16070,310154,5059,4758,14715.222977872938,546.3336901440597,matthew_s037,matthew,low,-6,Bp_N3_s0
single,active,0.006330426767416634,0.01942453638097115,4110456,0.9730433660797637,0.986343803084302,957896,9875,16662,710712,5282,4558,26020.940688688308,1550.9268965122196,matthew_s041,matthew,mid,0,Bp_N3_s0
single,land,0.003932690198063988,0.012113972150214451,3684744,0.9544984652857188,0.9720690331563665,539221,9641,16064,302295,4807,3879,14490.95661117509,540.7299962587497,matthew_s041,matthew,mid,0,Bp_N3_s0
single,active,0.00719774988605592,0.02137466046785104,4110456,0.9692904804125306,0.9852066388703205,1039660,12349,20590,757551,6376,4999,29586.034205637872,1877.9691480826195,matthew_s046,matthew,mid,-6,Bp_N3_s0
single,land,0.004621880185343146,0.013205414965763907,3684744,0.950760872229849,0.9717707466077838,620535,12127,20010,348993,5887,4251,17030.445281662047,642.5566555363978,matthew_s046,matthew,mid,-6,Bp_N3_s0
single,active,0.007087424466324414,0.020800528911322405,4110456,0.9692569244075999,0.9850763892673533,1041043,12215,20805,759157,6409,5092,29132.546422149986,1778.4381261653843,matthew_s049,matthew,high,-6,Bp_N3_s0
single,land,0.00465095728037581,0.013217748920081668,3684744,0.9507952225522915,0.9713390269179825,622208,11971,20229,350531,5947,4396,17137.586933121085,643.757521330322,matthew_s049,matthew,high,-6,Bp_N3_s0
single,active,0.005849349435410644,0.019094068263386582,4110456,0.9771999856542166,0.9870697776888804,899152,7680,13299,681013,4334,4587,24043.493482880294,1498.6042001505602,matthew_s059,matthew,mid,0,Bp_N3_s0
single,land,0.0032720183183106277,0.011215915002001977,3684744,0.9593710092595187,0.971776953279781,479296,7517,12781,269775,3964,3871,12056.549866285175,463.5288173210811,matthew_s059,matthew,mid,0,Bp_N3_s0
single,active,0.00584378816275597,0.019611249449052147,4110456,0.9766729268662045,0.9873898684874295,883554,8077,13026,673313,3833,4766,24020.634116329253,1580.8859194604756,matthew_s063,matthew,high,6,Bp_N3_s0
single,land,0.003268246938032876,0.011437510016829902,3684744,0.9579140038340662,0.9719319720321222,464208,7875,12520,262028,3477,4090,12042.653295435011,482.0258123353771,matthew_s063,matthew,high,6,Bp_N3_s0
single,active,0.00656725994356191,0.01995784850607082,4110456,0.9736447299982863,0.9871031934047191,971529,9488,16810,729183,5132,4395,26994.433038573712,1637.2592288010812,matthew_s068,matthew,high,0,Bp_N3_s0
single,land,0.004039030525933717,0.012410781499904454,3684744,0.9555902073912366,0.9740115940250897,551538,9322,16310,317557,4757,3716,14882.793496251106,567.5518970210517,matthew_s068,matthew,high,0,Bp_N3_s0
single,active,0.0036330022486424723,0.018164072093562866,4110456,0.9870472768218793,0.9902873118695414,559260,3268,4071,491642,2403,2419,14933.295890945941,1356.1771964156626,ian_s005,ian,low,0,Bp_N3_s0
single,land,0.000990408783019159,0.006790115841789577,3684744,0.9608958663401987,0.9666666666666667,146773,2756,3217,94221,1750,1499,3649.402820777148,169.88760248671161,ian_s005,ian,low,0,Bp_N3_s0
single,active,0.0036465347757170933,0.018208883444047967,4110456,0.9871123185461791,0.9903348840770388,558826,3270,4026,491524,2387,2410,14988.920748054981,1362.8769160333215,ian_s006,ian,low,6,Bp_N3_s0
single,land,0.000991847160683886,0.006816952371822599,3684744,0.961111877228581,0.9668783003554624,146361,2761,3161,94114,1737,1487,3654.7028742469847,171.23314753733848,ian_s006,ian,low,6,Bp_N3_s0
single,active,0.0039035118513936593,0.018360802024975816,4110456,0.9835127074366699,0.9897743550189677,593903,4571,5385,503035,2682,2515,16045.213710632175,1385.7130258987195,ian_s024,ian,mid,6,Bp_N3_s0
single,land,0.0012982132896143615,0.007488661202277363,3684744,0.9547734725782595,0.9666031408623628,181385,4042,4550,105497,2017,1628,4783.583629626781,206.64061523826103,ian_s024,ian,mid,6,Bp_N3_s0
single,active,0.0037369580244756085,0.01702977958362124,4110456,0.9855869728928377,0.9902136153125837,583706,3872,4664,506521,2556,2450,15360.601533453912,1192.0872899672868,ian_s037,ian,low,-6,Bp_N3_s0
single,land,0.0011350331493076857,0.006791807666468122,3684744,0.9586470193484353,0.9677815587865994,169994,3449,3884,106365,1897,1644,4182.306586712599,169.97227139426482,ian_s037,ian,low,-6,Bp_N3_s0
single,active,0.003829257391772901,0.017982878493163653,4110456,0.9856205373864348,0.990058322953167,586802,3837,4724,510282,2621,2503,15739.994021557271,1329.2553697455573,ian_s041,ian,mid,0,Bp_N3_s0
single,land,0.0011888828969466583,0.007298406237516775,3684744,0.9588307442988517,0.9671738592584739,172765,3388,4030,109457,1985,1730,4380.729121226817,196.274277061027,ian_s041,ian,mid,0,Bp_N3_s0
single,active,0.0039014333481733336,0.017202641588174084,4110456,0.9837261722644997,0.9898953912045417,605753,4463,5558,514021,2760,2487,16036.670114599168,1216.4108514621264,ian_s046,ian,mid,-6,Bp_N3_s0
single,land,0.0013135958124097435,0.007169928185353425,3684744,0.9561279464632483,0.9678162678774892,192023,4027,4784,113821,2095,1690,4840.264288201928,189.42484121005043,ian_s046,ian,mid,-6,Bp_N3_s0
single,active,0.003996909164109686,0.018140804479246903,4110456,0.9834809590973201,0.9897120048890417,610127,4531,5717,518233,2824,2563,16429.119255069643,1352.7049796909696,ian_s049,ian,high,-6,Bp_N3_s0
single,land,0.001379059659794002,0.007687959817885838,3684744,0.9556423116102021,0.9671858261227854,196072,4080,5021,117368,2173,1809,5081.48180706799,217.78578509496208,ian_s049,ian,high,-6,Bp_N3_s0
single,active,0.003913022904043706,0.018274181541979382,4110456,0.9874109480606467,0.9904802685405373,583785,3230,4213,518144,2496,2484,16084.308474063873,1372.6691515743232,ian_s059,ian,mid,0,Bp_N3_s0
single,land,0.001144606592241394,0.007385628997041942,3684744,0.963511568945433,0.9689352480373722,168734,2865,3525,114907,1908,1776,4217.582273121923,200.99363112395926,ian_s059,ian,mid,0,Bp_N3_s0
single,active,0.0040668735705017,0.019379564117702835,4110456,0.9869721307848567,0.9900769082213412,588871,3271,4502,522921,2582,2659,16716.704869110137,1543.753705944217,ian_s063,ian,high,6,Bp_N3_s0
single,land,0.0012457068683386563,0.00824792511124219,3684744,0.9623491053060591,0.9679183999088267,173551,2914,3876,118902,1989,1952,4590.110908869654,250.66675470405826,ian_s063,ian,high,6,Bp_N3_s0
single,active,0.004019700821030793,0.018318724830355893,4110456,0.9860697501855058,0.9902241405421778,598002,3683,4765,523076,2611,2553,16522.803358010948,1379.369064886134,ian_s068,ian,high,0,Bp_N3_s0
single,land,0.0012778162563060426,0.007630123007369017,3684744,0.9611163357623583,0.968777040086043,182936,3314,4087,119798,1998,1863,4708.425783526152,214.52128963450016,ian_s068,ian,high,0,Bp_N3_s0
single,active,0.003913261341065933,0.015038764445522337,4110456,0.9817287541566343,0.9892196543450825,629134,6122,5587,514965,2748,2864,16085.28855895251,929.6389631397348,milton_s005,milton,low,0,Bp_N3_s0
single,land,0.0015058368429520332,0.007467921415927295,3684744,0.952210414548334,0.9630839822024472,211644,5747,4875,110824,2239,2009,5548.623272046447,205.4976211797352,milton_s005,milton,low,0,Bp_N3_s0
single,active,0.00390419386119511,0.015028330025057891,4110456,0.9818762057475008,0.9894930921647114,627034,6092,5482,514669,2657,2808,16048.017081912607,928.3493786565762,milton_s006,milton,low,6,Bp_N3_s0
single,land,0.0014955962600359822,0.00744744266673959,3684744,0.9522785937613611,0.9642679597763804,209547,5725,4776,110562,2153,1944,5510.889345590025,204.37212349408338,milton_s006,milton,low,6,Bp_N3_s0
single,active,0.005054000407651096,0.016428810714735714,4110456,0.9775095832023839,0.9882851102888266,852230,8262,11346,618032,3597,3729,20774.246299631894,1109.436003422132,milton_s024,milton,mid,6,Bp_N3_s0
single,land,0.0027738968923920093,0.0098130148481947,3684744,0.9590601598319602,0.9728417421694752,434671,7914,10641,213781,3084,2884,10221.099930860102,354.8233830274632,milton_s024,milton,mid,6,Bp_N3_s0
single,active,0.004678006574184747,0.016110474180876473,4110456,0.9778758237425605,0.9886323959928021,781269,7952,9724,588956,3258,3514,19228.740190897137,1066.858078551865,milton_s037,milton,low,-6,Bp_N3_s0
single,land,0.0023159159416236024,0.008913828119221066,3684744,0.955769028041324,0.9706239870340356,362657,7679,9104,182058,2804,2706,8533.557370401919,292.7762416373493,milton_s037,milton,low,-6,Bp_N3_s0
single,active,0.004715742088548558,0.01612301481101077,4110456,0.9784710901809254,0.988357399060357,777908,7377,9739,590505,3166,3790,19383.85036232695,1068.5196410424667,milton_s041,milton,mid,0,Bp_N3_s0
single,land,0.002355190688514936,0.00915468322425171,3684744,0.9566381356158175,0.9695135548405593,358768,7102,9160,182604,2739,3003,8678.27475836128,308.8118539850344,milton_s041,milton,mid,0,Bp_N3_s0
single,active,0.005177769569664155,0.017009603133305056,4110456,0.9779272620409908,0.9886906428957153,878519,8358,11471,638970,3642,3667,21282.993994243443,1189.2642538019757,milton_s046,milton,mid,-6,Bp_N3_s0
single,land,0.0028286747487356306,0.009811641053683377,3684744,0.9604166971239294,0.9746232981730959,459860,8079,10874,232012,3179,2862,10422.942308355123,354.7240414280653,milton_s046,milton,mid,-6,Bp_N3_s0
single,active,0.005210143878785277,0.01703056462876393,4110456,0.9779946796674959,0.9883760715233698,883449,8183,11695,644183,3607,3969,21416.067167416215,1192.197199071214,milton_s049,milton,high,-6,Bp_N3_s0
single,land,0.0028736639120213914,0.010002029280338904,3684744,0.960635460570284,0.9738762585656681,464278,7902,11123,236202,3154,3182,10588.71585783735,368.6239627447591,milton_s049,milton,high,-6,Bp_N3_s0
single,active,0.0041157377580516245,0.015526612566643299,4110456,0.9828623272623662,0.9898904862900108,655407,5495,5933,547942,2694,2902,16917.558962009847,990.9310484541879,milton_s059,milton,mid,0,Bp_N3_s0
single,land,0.0016662617902523742,0.008058565176608834,3684744,0.9563103042733373,0.9684349682582324,234997,5244,5492,136989,2259,2206,6139.748134061694,239.289017159317,milton_s059,milton,mid,0,Bp_N3_s0
single,active,0.004231665186270286,0.015952142643880587,4110456,0.9829622695509075,0.9902285196368141,659434,5436,5994,553917,2615,2851,17394.07355489582,1045.9912524750807,milton_s063,milton,high,6,Bp_N3_s0
single,land,0.001730251453423133,0.008518097500071759,3684744,0.9566454985727573,0.9696201840000547,238618,5221,5593,141965,2243,2205,6375.533661492169,267.35759995722015,milton_s063,milton,high,6,Bp_N3_s0
single,active,0.004904678496457745,0.016656721617225912,4110456,0.9785468834614465,0.9888503335265637,789657,7011,10301,605567,3116,3712,20160.465153835714,1140.431116935773,milton_s068,milton,high,0,Bp_N3_s0
single,land,0.0024529319333435,0.00947262979890276,3684744,0.9569411222001363,0.9715759049135646,369252,6780,9835,194629,2720,2974,9038.426223795861,330.6347148433995,milton_s068,milton,high,0,Bp_N3_s0
single,active,0.0049005391756135885,0.018968494492040505,4110456,0.9716204801434256,0.9833348663003232,619992,8071,10038,459712,3958,3833,20143.450657635927,1478.957619865869,beryl_s005,beryl,low,0,Bp_N3_s0
single,land,0.002197667382841102,0.00937579521968053,3684744,0.9362937660119556,0.9457980318897016,224762,6835,8458,89865,2763,2387,8097.841702919453,323.90939634788475,beryl_s005,beryl,low,0,Bp_N3_s0
single,active,0.004735476046087873,0.018500446058889296,4110456,0.9721079198747644,0.9834534600163151,608559,8011,9450,454504,3882,3765,19464.965926498175,1406.871406519052,beryl_s006,beryl,low,6,Bp_N3_s0
single,land,0.002028359473266825,0.009021875770187463,3684744,0.9355378856286217,0.9441521966876937,213428,6797,7909,84715,2684,2327,7473.985398963094,299.91694636472573,beryl_s006,beryl,low,6,Bp_N3_s0
single,active,0.005772266299232313,0.019918295016640976,4110456,0.9664228053456204,0.9822947363377177,743327,9683,16143,533000,4361,5246,23726.646643277258,1630.7760506256973,beryl_s024,beryl,mid,6,Bp_N3_s0
single,land,0.0031107723976253267,0.011277205748273494,3684744,0.9377016254214731,0.9588728463821585,347350,8525,14552,162178,3195,3761,11462.399927515537,468.60867967198055,beryl_s024,beryl,mid,6,Bp_N3_s0
single,active,0.005635404847532115,0.019475693945494844,4110456,0.9705861974315722,0.9834790635608721,728423,9185,12890,518857,4390,4326,23164.08366796747,1559.1068726573067,beryl_s037,beryl,low,-6,Bp_N3_s0
single,land,0.0029008214722188344,0.010651889512406186,3684744,0.9440006628154801,0.9586918648940469,330421,8208,11393,144727,3347,2889,10688.784514829516,418.08118796586814,beryl_s037,beryl,low,-6,Bp_N3_s0
single,active,0.005574406105682654,0.01997763012026023,4110456,0.9701071153754486,0.9834009257176042,712306,8860,13089,511397,4241,4391,22913.3510235399,1640.5064406637084,beryl_s041,beryl,mid,0,Bp_N3_s0
single,land,0.0029019444051154803,0.01074685894299941,3684744,0.9417950716469813,0.9571177185313464,314164,7821,11595,137065,3145,2996,10692.922235082835,425.56942404942873,beryl_s041,beryl,mid,0,Bp_N3_s0
single,active,0.006081499311932792,0.020095737510634273,4110456,0.9672962343341845,0.9828941574907022,790962,10670,16072,564770,4570,5259,24997.735335730016,1659.961068087588,beryl_s046,beryl,mid,-6,Bp_N3_s0
single,land,0.0033701502387313855,0.011605216371668578,3684744,0.9417842155397251,0.9626295123495884,392514,9711,14552,189999,3542,3834,12418.14087126404,496.26517996946495,beryl_s046,beryl,mid,-6,Bp_N3_s0
single,active,0.0060435499377068085,0.02046743496196557,4110456,0.9673285337483798,0.9828428176790778,791800,10674,16069,565342,4537,5332,24841.746102746576,1721.935349668243,beryl_s049,beryl,high,-6,Bp_N3_s0
single,land,0.003379491395328715,0.011604156023908067,3684744,0.9418777015457931,0.9626517650981957,393314,9700,14571,190529,3487,3905,12452.560641989112,496.1744983973599,beryl_s049,beryl,high,-6,Bp_N3_s0
single,active,0.004951304289231034,0.01889001324203703,4110456,0.9734994003080651,0.9849245922954731,639593,7778,9633,481767,3910,3464,20352.11842349544,1466.744702834344,beryl_s059,beryl,mid,0,Bp_N3_s0
single,land,0.0022392554064202255,0.00945685373232836,3684744,0.9409301412872841,0.9534581526016216,239749,6790,8261,104192,2887,2199,8251.082923274487,329.5343294533719,beryl_s059,beryl,mid,0,Bp_N3_s0
single,active,0.004801788080815481,0.018670081638715898,4110456,0.9742519815391566,0.9848872676311776,629699,7508,9134,477887,3870,3463,19737.53862751648,1432.7896567173295,beryl_s063,beryl,high,6,Bp_N3_s0
single,land,0.002110942590578606,0.009218975203513906,3684744,0.9409954558305914,0.9523641731346126,229649,6549,7851,100003,2827,2175,7778.283044978976,313.16456420109716,beryl_s063,beryl,high,6,Bp_N3_s0
single,active,0.00561054167643364,0.01980353717905931,4110456,0.9708912633428497,0.9841293457380692,721646,8808,12828,522553,4115,4312,23061.884697146714,1612.0389826564694,beryl_s068,beryl,high,0,Bp_N3_s0
single,land,0.002924265070655344,0.010798530718174791,3684744,0.943363668111506,0.9594066565387855,321454,7842,11457,144620,3131,2988,10775.168173506856,429.6716072829666,beryl_s068,beryl,high,0,Bp_N3_s0
single,active,0.006986589803064129,0.022488646788238722,4110456,0.9737165320321144,0.9861228097001676,1023490,6538,21089,760989,3730,6979,28718.069975543767,2078.818870335788,irma_s005,irma,low,0,Bp_N3_s1
single,land,0.004006077631943697,0.01229408172408977,3684744,0.9580176658024298,0.9743121930105715,606726,6319,20269,355660,3325,6052,14761.370517838746,556.9285884632017,irma_s005,irma,low,0,Bp_N3_s1
single,active,0.007040953543964136,0.022708488443414613,4110456,0.9738446890485176,0.9862172812778075,1010545,6922,20219,752540,3513,7004,28941.529740508646,2119.6612367551043,irma_s006,irma,low,6,Bp_N3_s1
single,land,0.00403256233042407,0.012429230177957397,3684744,0.9578873005453199,0.9742329498433218,593893,6704,19406,347278,3117,6068,14858.95985165611,569.2404876240627,irma_s006,irma,low,6,Bp_N3_s1
single,active,0.008046431485319468,0.023962716253459367,4110456,0.969637486966937,0.9847628524283868,1125274,10130,25106,825378,5051,7720,33074.502577420324,2360.272216269272,irma_s024,irma,mid,6,Bp_N3_s1
single,land,0.005114976248482061,0.014106753127639697,3684744,0.9539325207237002,0.973316008074808,708417,9907,24304,419470,4681,6819,18847.37804173678,733.2658386945213,irma_s024,irma,mid,6,Bp_N3_s1
single,active,0.007873733661541003,0.023548174691869775,4110456,0.9724240272550474,0.985868257402873,1112033,8589,22946,816921,4639,7071,32364.635771483183,2279.315803258616,irma_s037,irma,low,-6,Bp_N3_s1
single,land,0.004706860898994211,0.01376783519258104,3684744,0.9578219779066846,0.9748562687779808,693829,8383,22170,409154,4329,6224,17343.577456403524,698.4553328637312,irma_s037,irma,low,-6,Bp_N3_s1
single,active,0.007759836348588362,0.02355579445423126,4110456,0.9726440336751249,0.9850489064043211,1102528,7587,23422,816839,4414,7984,31896.465878073126,2280.791132446949,irma_s041,irma,mid,0,Bp_N3_s1
single,land,0.0046957381107963075,0.013529356397512857,3684744,0.9578893273326593,0.9732625551711798,684069,7388,22685,407943,4105,7102,17302.59282932803,674.468381364408,irma_s041,irma,mid,0,Bp_N3_s1
single,active,0.008391173275301287,0.023855730327360335,4110456,0.9705818399563779,0.98436459643412,1160548,9599,25577,851562,5471,8055,34491.548536501825,2339.2435311631198,irma_s046,irma,mid,-6,Bp_N3_s1
single,land,0.005233734233178875,0.014605078313697421,3684744,0.9559429832187666,0.9728558894494407,742197,9392,24814,443525,5162,7213,19284.97081330046,785.9865248159173,irma_s046,irma,mid,-6,Bp_N3_s1
single,active,0.008424334687007078,0.024853850853433626,4110456,0.9702431898369815,0.9838958247587689,1167612,8978,26832,860594,5357,8729,34627.85706021637,2539.0858157652365,irma_s049,irma,high,-6,Bp_N3_s1
single,land,0.005322471741435297,0.014548074471245198,3684744,0.9555235191304237,0.972230418180526,748968,8777,26085,451427,5042,7852,19611.945814423263,779.8630634784726,irma_s049,irma,high,-6,Bp_N3_s1
single,active,0.0076768471007027635,0.02411607362553754,4110456,0.9740976614099432,0.9855586647390006,1055992,6143,21937,792810,3643,7974,31555.342226166278,2390.5795819949913,irma_s059,irma,mid,0,Bp_N3_s1
single,land,0.004406494129039487,0.013601150747187948,3684744,0.9589161234324566,0.9732544614160213,636354,5997,21267,381543,3371,7114,16236.802803013474,681.645588798668,irma_s059,irma,mid,0,Bp_N3_s1
single,active,0.007943567262300114,0.024983817041638327,4110456,0.9727029279074472,0.984479650064126,1048280,6450,22968,794480,3146,9379,32651.683714725077,2565.7101095649077,irma_s063,irma,high,6,Bp_N3_s1
single,land,0.0046272294340915,0.014152699941862716,3684744,0.9564035185154189,0.9709671192656822,628557,6296,22356,382295,2881,8550,17050.15589389205,738.0502276272124,irma_s063,irma,high,6,Bp_N3_s1
single,active,0.008137813636002817,0.02449886261477179,4110456,0.9726829293777145,0.9851315561700038,1117103,7442,23931,836555,4569,8057,33450.12488698959,2467.0721358926266,irma_s068,irma,high,0,Bp_N3_s1
single,land,0.004915990667240522,0.014285855206786624,3684744,0.9579761052719787,0.9736138692099965,697352,7299,23292,425073,4296,7224,18114.16711517051,752.0034074467679,irma_s068,irma,high,0,Bp_N3_s1
single,active,0.00590548642261857,0.019498124676085877,4110456,0.9750505185673305,0.9868524872928786,867090,6763,15424,645366,3618,4980,24274.242098771036,1562.7002794348598,matthew_s005,matthew,low,0,Bp_N3_s1
single,land,0.0031200004376395127,0.010788859169333725,3684744,0.9552297662585467,0.9709178099797577,450558,6490,14627,241743,3131,4110,11496.40289258957,428.90229355007796,matthew_s005,matthew,low,0,Bp_N3_s1
single,active,0.005875565941815231,0.019752861031577244,4110456,0.9752293178552851,0.9873092386940877,851186,7173,14447,635761,3274,4898,24151.255278930068,1603.799302850453,matthew_s006,matthew,low,6,Bp_N3_s1
single,land,0.003072332505203568,0.0108318971708935,3684744,0.9548324034617581,0.9714539281722393,434697,6915,13648,232058,2812,4007,11320.758764553815,432.330999963129,matthew_s006,matthew,low,6,Bp_N3_s1
single,active,0.007172868117187505,0.021235831057219604,4110456,0.9675236012952246,0.9853993301691015,989915,11032,22196,719376,5299,5360,29483.758789502084,1853.6533780365107,matthew_s024,matthew,mid,6,Bp_N3_s1
single,land,0.004479897549470849,0.013085159428437878,3684744,0.9467507146279803,0.9710562791142777,572983,10772,21455,314563,4812,4564,16507.275616027415,630.9070162535407,matthew_s024,matthew,mid,6,Bp_N3_s1
single,active,0.006962351257891294,0.021299310359127438,4110456,0.9721579095869961,0.9846007729808073,971631,8713,19114,717388,4752,6468,28618.438502106816,1864.7520247364503,matthew_s037,matthew,low,-6,Bp_N3_s1
single,land,0.004028445734834733,0.012204509182112609,3684744,0.9534375070074879,0.9688734357625022,552743,8546,18448,309308,4333,5604,14843.791250757873,548.8427823151983,matthew_s037,matthew,low,-6,Bp_N3_s1
single,active,0.006733967440776565,0.02032998578785876,4110456,0.9724761117647778,0.9861244258454972,955450,7934,19108,709767,4484,5503,27679.676870744675,1698.8856725678495,matthew_s041,matthew,mid,0,Bp_N3_s1
single,land,0.00396221577463042,0.01212101726733186,3684744,0.9534750306821471,0.9715397235195338,536836,7746,18449,301427,4083,4747,14599.750802274793,541.3591233281605,matthew_s041,matthew,mid,0,Bp_N3_s1
single,active,0.007600695143255354,0.022191813315871292,4110456,0.9686970508181378,0.9850212912204146,1037089,10352,23161,756651,5607,5899,31242.32295576483,2024.3033059127233,matthew_s046,matthew,mid,-6,Bp_N3_s1
single,land,0.0046582851634813715,0.013236559949959963,3684744,0.949776012171414,0.9713901512932321,618024,10160,22521,348188,5199,5056,17164.588306427002,645.5911707842948,matthew_s046,matthew,mid,-6,Bp_N3_s1
single,active,0.007480457503106086,0.021595235591368448,4110456,0.968539684286819,0.9848391957188133,1038322,10201,23526,758208,5631,6041,30748.09142638743,1916.9284205292765,matthew_s049,matthew,high,-6,Bp_N3_s1
single,land,0.004685320501007423,0.013220769534994795,3684744,0.9495758133118749,0.9708180389500047,619527,9988,22910,349644,5227,5283,17264.206604164094,644.0517871348335,matthew_s049,matthew,high,-6,Bp_N3_s1
single,active,0.006285424240864047,0.020133584428767247,4110456,0.9764166040693687,0.9868301735132257,896907,6119,15544,680150,3627,5450,25835.959783405066,1666.219466932938,matthew_s059,matthew,mid,0,Bp_N3_s1
single,land,0.0033104119744719633,0.0112660964444661,3684744,0.9579883225044774,0.9711554084060556,477128,5975,14949,268978,3321,4668,12198.02066046372,467.6858709369547,matthew_s059,matthew,mid,0,Bp_N3_s1
single,active,0.0062719440730571695,0.02051200084586224,4110456,0.9759282165198123,0.9869739876036394,881311,6469,15269,672454,3250,5625,25780.55014676228,1729.4422128931722,matthew_s063,matthew,high,6,Bp_N3_s1
single,land,0.0033205375474241942,0.011494976501299888,3684744,0.9564917656070471,0.9709943467967039,462019,6307,14709,261247,2933,4871,12235.330804646015,486.8817499325339,matthew_s063,matthew,high,6,Bp_N3_s1
single,active,0.006997803411596788,0.0209310409645352,4110456,0.9728913485248878,0.986946546160737,968992,7653,19347,728257,4311,5321,28764.163020018488,1800.8256132456895,matthew_s068,matthew,high,0,Bp_N3_s1
single,land,0.004082930471304857,0.012457734192398274,3684744,0.9542668937708565,0.9736490973486153,549047,7512,18801,316693,3991,4580,15044.553556557745,571.8543653969856,matthew_s068,matthew,high,0,Bp_N3_s1
single,active,0.003957672541130113,0.01888377966202181,4110456,0.9869930910183238,0.9902940998609123,558569,2599,4762,491275,2029,2786,16267.838842723519,1465.7768303640223,ian_s005,ian,low,0,Bp_N3_s1
single,land,0.0009745359935670508,0.006745197659434884,3684744,0.9607352206713455,0.9666560355559214,146197,2182,3793,93958,1479,1762,3590.915655080229,167.6473456389419,ian_s005,ian,low,0,Bp_N3_s1
single,active,0.003971009727180453,0.01892886022436715,4110456,0.9870737375273682,0.9903278880236792,558129,2586,4723,491165,2028,2769,16322.660759147257,1472.7835756055379,ian_s006,ian,low,6,Bp_N3_s1
single,land,0.0009768031506703257,0.006771270914476045,3684744,0.9610323686465818,0.9667899339713018,145779,2168,3743,93855,1478,1746,3599.269548613578,168.9459169746817,ian_s006,ian,low,6,Bp_N3_s1
single,active,0.0042226460359819536,0.01903934251177351,4110456,0.9832860301667582,0.9898503347774714,592773,3561,6515,502646,2250,2904,17357.000734478235,1490.0261735162287,ian_s024,ian,mid,6,Bp_N3_s1
single,land,0.001286800921550632,0.007441452719599626,3684744,0.9540886491061039,0.9668069620834788,180380,3125,5555,105206,1693,1919,4741.531974878162,204.04350440410911,ian_s024,ian,mid,6,Bp_N3_s1
single,active,0.004077873587246421,0.01799485070845186,4110456,0.985526409230634,0.9903451109285127,582862,3052,5508,506205,2169,2766,16761.919953938574,1331.0258792813443,ian_s037,ian,low,-6,Bp_N3_s1
single,land,0.0011232445873717305,0.006751412861374643,3684744,0.9585074694483141,0.9679746789258611,169259,2708,4619,106121,1623,1888,4138.86875385046,167.95643729378833,ian_s037,ian,low,-6,Bp_N3_s1
single,active,0.004158784145252759,0.018747943295538316,4110456,0.9856125394465042,0.9900744031438823,585923,2950,5603,509920,2247,2865,17094.499242559075,1444.765180142562,ian_s041,ian,mid,0,Bp_N3_s1
single,land,0.001178333569951252,0.007284445656424325,3684744,0.958806968641115,0.9672067251902311,171986,2580,4809,109187,1702,2000,4341.857551876456,195.52411813533465,ian_s041,ian,mid,0,Bp_N3_s1
single,active,0.0042418391500138874,0.018141397606445217,4110456,0.983341303223414,0.9900258268444992,604572,3503,6739,513665,2332,2843,17435.893185209483,1352.7934365432545,ian_s046,ian,mid,-6,Bp_N3_s1
single,land,0.0013057728649398998,0.007125831871969313,3684744,0.9549989747488135,0.9679355471247709,190953,3144,5854,113534,1784,1977,4811.438729450107,187.10201427716288,ian_s046,ian,mid,-6,Bp_N3_s1
single,active,0.004329207592765424,0.018887409984799798,4110456,0.9831814328960646,0.9897255365139066,608958,3531,6886,517863,2443,2933,17795.017324928194,1466.340462709097,ian_s049,ian,high,-6,Bp_N3_s1
single,land,0.0013741659922304745,0.007670966442637603,3684744,0.9547105884196199,0.9671807495642548,194992,3149,6101,117084,1880,2093,5063.449894875288,216.82406692070808,ian_s049,ian,high,-6,Bp_N3_s1
single,active,0.004259032913225234,0.019093437415616015,4110456,0.9870707316990576,0.9904855542633286,582962,2600,5036,517810,2156,2818,17506.567392364144,1498.505177198696,ian_s059,ian,mid,0,Bp_N3_s1
single,land,0.001140263542320594,0.0074147633731289995,3684744,0.9625695411288151,0.9689874006033514,168004,2278,4255,114669,1656,2014,4201.579245984554,202.58249346467514,ian_s059,ian,mid,0,Bp_N3_s1
single,active,0.004410044239148026,0.020046588003633625,4110456,0.9868474485258336,0.9900642300915137,588092,2557,5281,522546,2210,3034,18127.29280307144,1651.8512390692351,ian_s063,ian,high,6,Bp_N3_s1
single,land,0.001243104725174618,0.008277041716169912,3684744,0.9620832243450966,0.967900388393877,172870,2256,4557,118622,1702,2232,4580.522677458823,252.43967270852428,ian_s063,ian,high,6,Bp_N3_s1
single,active,0.00436499032829749,0.01912077767382313,4110456,0.9858304040365682,0.9902325361117689,597081,2896,5686,522719,2246,2910,17942.100684892386,1502.799726168104,ian_s068,ian,high,0,Bp_N3_s1
single,land,0.0012763876882345574,0.007658382806528755,3684744,0.9605422083915716,0.9688047072553978,182114,2572,4909,119535,1723,2126,4703.161875896156,216.11328366200433,ian_s068,ian,high,0,Bp_N3_s1
single,active,0.004305509186274389,0.016174501237242178,4110456,0.9817331177543087,0.9891004035677,627836,4797,6885,514442,2282,3387,17697.60606777668,1075.3548512318503,milton_s005,milton,low,0,Bp_N3_s1
single,land,0.001516716548177276,0.0075031391932173334,3684744,0.9521209214788541,0.9627023775272671,210453,4517,6066,110421,1866,2412,5588.712200596929,207.4403931620214,milton_s005,milton,low,0,Bp_N3_s1
single,active,0.00429317742004997,0.01615209537100285,4110456,0.981981501300935,0.9893692348542864,625752,4718,6764,514193,2241,3284,17646.91688530892,1072.3776257563263,milton_s006,milton,low,6,Bp_N3_s1
single,land,0.0015053124341429316,0.007483549840518404,3684744,0.9525331066039504,0.9637225492168163,208379,4440,5944,110193,1835,2313,5546.690959833562,206.3586277235392,milton_s006,milton,low,6,Bp_N3_s1
single,active,0.005432070292572053,0.017417792974711976,4110456,0.9767682249567099,0.9882290225910558,849509,6138,14067,617319,2911,4442,22328.28592652455,1247.0281358293175,milton_s024,milton,mid,6,Bp_N3_s1
single,land,0.0027985579553777328,0.009829317711575731,3684744,0.9575522507147765,0.9725958642842802,432038,5878,13274,213158,2499,3507,10311.969634730369,356.0033348331413,milton_s024,milton,mid,6,Bp_N3_s1
single,active,0.00506519992749437,0.017157045425333438,4110456,0.9774064122466959,0.9885148827627462,778816,5826,12177,588283,2648,4187,20820.2814331688,1209.971123836509,milton_s037,milton,low,-6,Bp_N3_s1
single,land,0.0023450341758316892,0.008948388612577816,3684744,0.9547009520882079,0.9703878771027388,360286,5620,11475,181480,2254,3284,8640.850609190762,295.050933680267,milton_s037,milton,low,-6,Bp_N3_s1
single,active,0.005124498319438524,0.01721722062962031,4110456,0.9777066329071786,0.9881818593048173,775381,5414,12266,589825,2584,4470,21064.024864125997,1218.4735136239967,milton_s041,milton,mid,0,Bp_N3_s1
single,land,0.0023942043559942094,0.009217438723083692,3684744,0.9550128775838919,0.9690301765444982,356343,5201,11585,182011,2221,3596,8822.030135523528,313.0601857606498,milton_s041,milton,mid,0,Bp_N3_s1
single,active,0.005548887066395666,0.017993713856166115,4110456,0.977307419359158,0.9886317165658769,875859,6206,14131,638229,2931,4408,22808.456135388464,1330.857705392154,milton_s046,milton,mid,-6,Bp_N3_s1
single,land,0.002852373332790965,0.009837945331202955,3684744,0.9592550794802841,0.9744752903119828,457298,5988,13436,231357,2543,3517,10510.26552376151,356.6285683288396,milton_s046,milton,mid,-6,Bp_N3_s1
single,active,0.005596609909826008,0.018047402315751037,4110456,0.977220476494816,0.9880928795327457,880718,6104,14426,643370,2971,4782,23004.61878350377,1338.8114049054652,milton_s049,milton,high,-6,Bp_N3_s1
single,land,0.002909223903757437,0.010049692817054395,3684744,0.9591568317819149,0.9730715983056101,461623,5879,13778,235459,2591,3925,10719.745324026793,372.14560520833146,milton_s049,milton,high,-6,Bp_N3_s1
single,active,0.004495586081842455,0.016659016654436615,4110456,0.9825705082362274,0.9896486581761319,653995,4256,7345,547439,2321,3405,18478.90878362581,1140.7454059325607,milton_s059,milton,mid,0,Bp_N3_s1
single,land,0.0016871855643936923,0.008138753669847655,3684744,0.9555600085060442,0.9676386409362691,233665,4043,6824,136588,1961,2607,6216.846885286272,244.07490487112779,milton_s059,milton,mid,0,Bp_N3_s1
single,active,0.004610440325121672,0.01694538230222368,4110456,0.9828363681988119,0.99007373591737,658006,4069,7422,553473,2254,3295,18951.01209703833,1180.3009219921025,milton_s063,milton,high,6,Bp_N3_s1
single,land,0.0017535937144851617,0.008612797104048926,3684744,0.9562800783548702,0.9689018464528668,237255,3891,6956,141574,1948,2596,6461.543917886913,273.33531937593483,milton_s063,milton,high,6,Bp_N3_s1
single,active,0.005327272845117253,0.017781217301925913,4110456,0.9776074168289678,0.988740465189258,787060,5130,12898,604948,2558,4331,21897.520629849285,1299.6098150045166,milton_s068,milton,high,0,Bp_N3_s1
single,land,0.0025082355563127855,0.009580007618793409,3684744,0.954984935955024,0.9713324960093673,366740,4940,12347,194114,2240,3489,9242.205916710198,338.1730771263051,milton_s068,milton,high,0,Bp_N3_s1
single,active,0.0051539888776188985,0.019618677878797494,4110456,0.9718239258569025,0.9834448787278471,618460,6361,11570,459195,3380,4350,21185.244505941868,1582.083775226295,beryl_s005,beryl,low,0,Bp_N3_s1
single,land,0.0021646262009569826,0.009271133279944466,3684744,0.9364912339540694,0.946331148234299,223385,5314,9835,89504,2328,2748,7976.093406219035,316.7181626036624,beryl_s005,beryl,low,0,Bp_N3_s1
single,active,0.00499617162108099,0.019185660544610787,4110456,0.9722675105782567,0.9835876283299718,607078,6385,10931,454027,3334,4242,20536.543616902083,1513.015983734937,beryl_s006,beryl,low,6,Bp_N3_s1
single,land,0.0020017432645667893,0.008918723702892541,3684744,0.9355682494872191,0.9448542993719704,212098,5368,9239,84401,2285,2641,7375.91148365289,293.0979225503426,beryl_s006,beryl,low,6,Bp_N3_s1
single,active,0.006048335118297607,0.020582814143111455,4110456,0.9661063115216646,0.9821163351494364,741304,7841,18166,532310,3757,5936,24861.41537701711,1741.403883805512,beryl_s024,beryl,mid,6,Bp_N3_s1
single,land,0.003101429686808775,0.011231754351996696,3684744,0.9368165018452586,0.9583316043132629,345482,6881,16420,161660,2750,4279,11427.974429890513,464.8389519696631,beryl_s024,beryl,mid,6,Bp_N3_s1
single,active,0.005901872643131698,0.02020752916739908,4110456,0.9702411801477856,0.9835747893704935,726373,7339,14940,518219,3690,4964,24259.387817196548,1678.481011031963,beryl_s037,beryl,low,-6,Bp_N3_s1
single,land,0.002874533583870558,0.010565524321425775,3684744,0.943243739843934,0.9588457396599173,328545,6500,13269,144243,2818,3373,10591.920375965536,411.32909356989506,beryl_s037,beryl,low,-6,Bp_N3_s1
single,active,0.005844312800913955,0.020637659980401405,4110456,0.9697601397933134,0.9832856532302467,710359,7115,15036,510752,3646,5036,24022.79061839357,1750.6966852402961,beryl_s041,beryl,mid,0,Bp_N3_s1
single,land,0.0028786440732808507,0.010664218114828858,3684744,0.9409891864212777,0.9569027720372407,312399,6231,13360,136595,2686,3466,10607.066477157176,419.0495306420848,beryl_s041,beryl,mid,0,Bp_N3_s1
single,active,0.0063625848438092865,0.0208287535422954,4110456,0.9668531653700839,0.9826126804245858,788695,8700,18339,563945,3895,6084,26153.125046744943,1783.267793316759,beryl_s046,beryl,mid,-6,Bp_N3_s1
single,land,0.0033557968841215215,0.011554708736806677,3684744,0.9409014558345443,0.9619540644479555,390428,7885,16638,189352,3008,4481,12365.252433985472,491.95493947086663,beryl_s046,beryl,mid,-6,Bp_N3_s1
single,active,0.006331527970878361,0.021154090614267495,4110456,0.9667367101131961,0.9824874077116671,789472,8767,18397,564496,3884,6178,26025.467137064785,1839.4107673060614,beryl_s049,beryl,high,-6,Bp_N3_s1
single,land,0.0033667341136681666,0.011557463518752172,3684744,0.9407631149867011,0.9616647080277181,391190,7937,16695,189848,2982,4586,12405.553324934095,492.18954341762907,beryl_s049,beryl,high,-6,Bp_N3_s1
single,active,0.005216365828153786,0.01957443977763346,4110456,0.9736043443962445,0.985021777574011,638074,6147,11152,481258,3345,3973,21441.642216529697,1574.9569469835278,beryl_s059,beryl,mid,0,Bp_N3_s1
single,land,0.0022084204901282696,0.009335401875424325,3684744,0.941050370902602,0.9536364220950421,238369,5291,9641,103810,2466,2581,8137.464150477201,321.12443799695313,beryl_s059,beryl,mid,0,Bp_N3_s1
single,active,0.005070168217052846,0.01932947797691791,4110456,0.9742741935483871,0.9851397392799139,628212,5967,10621,477380,3231,3970,20840.703368794173,1535.784409211035,beryl_s063,beryl,high,6,Bp_N3_s1
single,land,0.002084360703429532,0.009105453865434224,3684744,0.9409772019187973,0.9532327648054792,228330,5152,9170,99650,2361,2528,7680.335595797747,305.4995092238412,beryl_s063,beryl,high,6,Bp_N3_s1
single,active,0.005886064886052179,0.020483709308397498,4110456,0.9705840311770972,0.9840680567365724,719756,7096,14718,521931,3516,4934,24194.410727262497,1724.6747758473698,beryl_s068,beryl,high,0,Bp_N3_s1
single,land,0.0029043697873623628,0.010711092811209466,3684744,0.9425911239131909,0.9590811389936982,319709,6270,13202,144124,2665,3484,10701.859147764742,422.7415011977565,beryl_s068,beryl,high,0,Bp_N3_s1
single,active,0.008236157239028527,0.025556057464118303,4110456,0.9725687613904055,0.9857365125053483,1021417,5647,23162,760269,3302,7699,33854.36194010824,2684.58843958463,irma_s005,irma,low,0,Bp_N3_s2
single,land,0.004176858056074824,0.01259593690674203,3684744,0.9561797148748308,0.9736490655551138,604711,5429,22284,355046,2943,6666,15390.65266097337,584.6127375161377,irma_s005,irma,low,0,Bp_N3_s2
single,active,0.008283764649648126,0.025756408502145833,4110456,0.9729718518690016,0.9858246881982105,1008605,5859,22159,751853,3120,7691,34050.05010673404,2726.846006415868,irma_s006,irma,low,6,Bp_N3_s2
single,land,0.004191064970163668,0.01270992430890182,3684744,0.9564722856371952,0.9734582357533177,591998,5640,21301,346666,2772,6680,15443.001502420753,595.2415635345393,irma_s006,irma,low,6,Bp_N3_s2
single,active,0.009319838057758989,0.026870217739550672,4110456,0.9686615586387796,0.984487285257011,1122640,8580,27740,824578,4473,8520,38308.784263543785,2967.7845875564744,irma_s024,irma,mid,6,Bp_N3_s2
single,land,0.00530819790987743,0.014394302399229793,3684744,0.9524249678173266,0.972958279218139,705825,8361,26896,418770,4120,7519,19559.3503992334,763.464002489302,irma_s024,irma,mid,6,Bp_N3_s2
single,active,0.00910242090481742,0.02657598725815103,4110456,0.9715701217510367,0.985580313583801,1109775,7270,25204,816163,4112,7829,37415.10062273219,2903.1456009366466,irma_s037,irma,low,-6,Bp_N3_s2
single,land,0.004877828666642187,0.014050873401867342,3684744,0.9564788064275668,0.9744236251088344,691604,7074,24395,408493,3837,6885,17973.549912437797,727.468113441193,irma_s037,irma,low,-6,Bp_N3_s2
single,active,0.009032528755861162,0.02661739952745033,4110456,0.9716881073094826,0.9846394617416413,1100292,6401,25658,816017,3924,8806,37127.81201970205,2912.2003553487502,irma_s041,irma,mid,0,Bp_N3_s2
single,land,0.004880182035201476,0.013840491794444826,3684744,0.9563831861299177,0.9725865120289277,681862,6205,24892,407221,3654,7824,17982.221473116428,705.8466611595117,irma_s041,irma,mid,0,Bp_N3_s2
single,active,0.009636489276083791,0.02687593506113515,4110456,0.9695873750636405,0.9841517544701885,1157889,8083,28236,850749,4832,8868,39610.36516381428,2969.0476650803,irma_s046,irma,mid,-6,Bp_N3_s2
single,land,0.005419450532593224,0.014887185257653103,3684744,0.9544238554344361,0.9725367889303755,739584,7890,27427,442796,4562,7942,19969.287833269686,816.6434929996618,irma_s046,irma,mid,-6,Bp_N3_s2
single,active,0.009714606387716748,0.02780160865941344,4110456,0.9691753386070711,0.983569272869966,1165004,7613,29440,859732,4771,9591,39931.46211402863,3177.0924708768057,irma_s049,irma,high,-6,Bp_N3_s2
single,land,0.005519931620704749,0.014852768706941083,3684744,0.95387676700291,0.9717164616791154,746379,7416,28674,450651,4489,8628,20339.5349198021,812.8719856820633,irma_s049,irma,high,-6,Bp_N3_s2
single,active,0.00896501086524067,0.02730265848495176,4110456,0.9729848737447867,0.9850919827277431,1054017,5353,23912,792077,3280,8707,36850.2827010937,3064.0784274548005,irma_s059,irma,mid,0,Bp_N3_s2
single,land,0.00458425336602417,0.013942139891572634,3684744,0.9571064546254151,0.9724706465045151,634396,5206,23225,380908,3034,7749,16891.800084937364,716.2525685107493,irma_s059,irma,mid,0,Bp_N3_s2
single,active,0.009292260669973991,0.028175261831435157,4110456,0.9717914046160533,0.984007388261837,1046390,5516,24858,793784,2826,10075,38195.42862445861,3263.066502292346,irma_s063,irma,high,6,Bp_N3_s2
single,land,0.004816108928838664,0.014509148250513432,3684744,0.954942600194431,0.9700737607832571,626704,5361,24209,381660,2589,9185,17746.128478884697,775.6952942525276,irma_s063,irma,high,6,Bp_N3_s2
single,active,0.009439072687330985,0.027638638798332903,4110456,0.9716290670901013,0.984779253219592,1114888,6408,26146,835792,4098,8820,38798.89296207577,3139.9541333332786,irma_s068,irma,high,0,Bp_N3_s2
single,land,0.005106649700597009,0.014623423382671192,3684744,0.9563271078436767,0.9730600359963775,695158,6260,25486,424405,3858,7892,18816.696844376624,787.9622804204032,irma_s068,irma,high,0,Bp_N3_s2
single,active,0.007011813864949217,0.022607133817575727,4110456,0.9744513305613773,0.986539338427687,865724,5908,16790,644737,3188,5609,28821.752372063696,2100.782126341887,matthew_s005,matthew,low,0,Bp_N3_s2
single,land,0.0031935845511367905,0.01093479883556294,3684744,0.9541506929326182,0.9703667650820977,449238,5640,15947,241239,2753,4614,11767.541513293982,440.5841973656856,matthew_s005,matthew,low,0,Bp_N3_s2
single,active,0.0069672134343892,0.022809665479739064,4110456,0.9746434285910913,0.986911336463963,849738,6212,15895,635111,2875,5548,28638.424264665693,2138.5914975758556,matthew_s006,matthew,low,6,Bp_N3_s2
single,land,0.0031302841452616297,0.01095049014049109,3684744,0.9537927497408106,0.9706565487170887,433309,5956,15036,231521,2455,4544,11534.295722547919,441.8495706701324,matthew_s006,matthew,low,6,Bp_N3_s2
single,active,0.008240856044180036,0.0239271016418906,4110456,0.966831687530042,0.9852705696549606,987606,9376,24505,718680,4688,6056,33873.676171936095,2353.2615159774045,matthew_s024,matthew,mid,6,Bp_N3_s2
single,land,0.004564068196970988,0.013171639281703946,3684744,0.9455766082801492,0.970876638536967,570716,9126,23722,313965,4256,5162,16817.422904379666,639.2739058657678,matthew_s024,matthew,mid,6,Bp_N3_s2
single,active,0.008068729364962465,0.02421186128639863,4110456,0.9714457445103382,0.984347207399502,969736,7495,21009,716653,4193,7203,33166.15703058615,2409.607786459424,matthew_s037,matthew,low,-6,Bp_N3_s2
single,land,0.004118566057852682,0.012341202485143424,3684744,0.952205221455536,0.9684167594785801,550885,7345,20306,308678,3833,6234,15175.86157027632,561.2059621503906,matthew_s037,matthew,low,-6,Bp_N3_s2
single,active,0.007853917599441144,0.023303127589484066,4110456,0.97172098198592,0.985871197375007,953646,6841,20912,709078,3970,6192,32283.182720128447,2232.1245792112745,matthew_s041,matthew,mid,0,Bp_N3_s2
single,land,0.004058992885796383,0.012275797750585595,3684744,0.9521558857549604,0.97110197915288,535064,6665,20221,300827,3605,5347,14956.349681980908,555.2732723990797,matthew_s041,matthew,mid,0,Bp_N3_s2
single,active,0.00870042610744527,0.024990949576127495,4110456,0.9679081561547405,0.9849085955730317,1034809,8869,25441,755940,4973,6610,35762.71869590506,2567.175268232695,matthew_s046,matthew,mid,-6,Bp_N3_s2
single,land,0.004751986865678937,0.013355365008211032,3684744,0.9484521156242444,0.9712009478593524,615774,8696,24771,347553,4615,5691,17509.85509138927,657.2322174036156,matthew_s046,matthew,mid,-6,Bp_N3_s2
single,active,0.008580960299454566,0.024361096107435632,4110456,0.9677667653735136,0.9848236861776464,1036004,8662,25844,757551,4976,6698,35271.65974865481,2439.403563743612,matthew_s049,matthew,high,-6,Bp_N3_s2
single,land,0.00477991091145759,0.01333347743263623,3684744,0.9482902982472042,0.970917748628773,617245,8466,25192,349076,4605,5851,17612.748051527888,655.0797592509591,matthew_s049,matthew,high,-6,Bp_N3_s2
single,active,0.007423779101484043,0.023327250571392358,4110456,0.975755205041819,0.9864776577921154,895513,5313,16938,679472,3186,6128,30515.117350369692,2236.7482822387224,matthew_s059,matthew,mid,0,Bp_N3_s2
single,land,0.0033961339854395502,0.011446173034784575,3684744,0.9567632354774747,0.9703864942165076,475762,5185,16315,268373,2917,5273,12513.88432604447,482.75628246056743,matthew_s059,matthew,mid,0,Bp_N3_s2
single,active,0.00737440587637951,0.023506693957706482,4110456,0.9753976884135804,0.9865418957657784,879956,5571,16624,671764,2849,6315,30312.170880999416,2271.292725460772,matthew_s063,matthew,high,6,Bp_N3_s2
single,land,0.0033926704506558945,0.011647013875593292,3684744,0.9555049020726216,0.9700586545189287,460690,5415,16038,260647,2574,5471,12501.122087031603,499.84632807365006,matthew_s063,matthew,high,6,Bp_N3_s2
single,active,0.00813645030972188,0.02394863155503597,4110456,0.9721471508443896,0.986650719130805,967266,6640,21073,727574,3840,6004,33444.52099429816,2357.4984111556655,matthew_s068,matthew,high,0,Bp_N3_s2
single,land,0.004187913214618231,0.012635668921637786,3684744,0.9529836180885274,0.9731125032708914,547349,6505,20499,316101,3562,5172,15431.388090085238,588.3067027302916,matthew_s068,matthew,high,0,Bp_N3_s2
single,active,0.004972278197728761,0.021769068523590153,4110456,0.9865231206415744,0.9899408713609267,558232,2527,5099,490880,1807,3181,20438.330751523376,1947.9136303304176,ian_s005,ian,low,0,Bp_N3_s2
single,land,0.0009908711590545746,0.006832563062934261,3684744,0.959396469544065,0.965737610291086,145929,2115,4061,93692,1296,2028,3651.106558099389,172.01828678005745,ian_s005,ian,low,0,Bp_N3_s2
single,active,0.004982374187492302,0.021804638071341555,4110456,0.9866123780230043,0.9899886027817282,557804,2521,5048,490772,1801,3162,20479.829873222858,1954.2844139073209,ian_s006,ian,low,6,Bp_N3_s2
single,land,0.0009931067447021007,0.006855509417803895,3684744,0.9597309239596385,0.9659720717094467,145524,2108,3998,93594,1290,2007,3659.344118900597,173.17563306604757,ian_s006,ian,low,6,Bp_N3_s2
single,active,0.0052221699727118725,0.021823315617818854,4110456,0.9828476316754592,0.9894927229274578,592263,3311,7025,502220,2003,3330,21465.49989735335,1957.6338729604656,ian_s024,ian,mid,6,Bp_N3_s2
single,land,0.0013057588336898751,0.007513552123509517,3684744,0.9529221724968885,0.965941735415439,179926,2880,6009,104909,1483,2216,4811.387027885765,208.01656832710748,ian_s024,ian,mid,6,Bp_N3_s2
single,active,0.005085191332949154,0.021035072801150346,4110456,0.9851798108535942,0.9900114116147924,582525,2918,5845,505780,1912,3191,20902.455225668848,1818.7710909264606,ian_s037,ian,low,-6,Bp_N3_s2
single,land,0.0011411012572566696,0.0068389426414231244,3684744,0.957635763916439,0.9670312599943346,168971,2568,4907,105829,1428,2180,4204.66601106897,172.33966441717735,ian_s037,ian,low,-6,Bp_N3_s2
single,active,0.005164974645389422,0.021614715524353723,4110456,0.9852439377317728,0.9897820626635404,585562,2806,5964,509521,1996,3264,21230.401020988822,1920.388302129615,ian_s041,ian,mid,0,Bp_N3_s2
single,land,0.0011948737374862038,0.007362900357026748,3684744,0.9578253761905028,0.9662561445227237,171672,2436,5123,108899,1515,2288,4402.803834959865,199.7584532955276,ian_s041,ian,mid,0,Bp_N3_s2
single,active,0.0052488280827118,0.021140435854247,4110456,0.9828678809374669,0.9896927891948806,604105,3324,7206,513224,2061,3284,21575.076885551214,1837.0368901427735,ian_s046,ian,mid,-6,Bp_N3_s2
single,land,0.0013263602799660423,0.007212042427991671,3684744,0.9537620575559015,0.9671162206715124,190534,2964,6273,113229,1568,2282,4887.298083443195,191.65663832758344,ian_s046,ian,mid,-6,Bp_N3_s2
single,active,0.0053367907904528535,0.021716719886123555,4110456,0.9826362363384117,0.9895018844977828,608412,3319,7432,517461,2155,3335,21936.643725361675,1938.5564987974874,ian_s049,ian,high,-6,Bp_N3_s2
single,land,0.0013952032657169426,0.007748144764055364,3684744,0.9532974573114549,0.9665146612154367,194507,2943,6586,116783,1652,2394,5140.96686213091,221.2089901050304,ian_s049,ian,high,-6,Bp_N3_s2
single,active,0.005274966786390041,0.021986668039466827,4110456,0.9866923403902202,0.9901181459467941,582629,2489,5369,517410,1946,3218,21682.51887691766,1987.0502153619902,ian_s059,ian,mid,0,Bp_N3_s2
single,land,0.001161147190544858,0.0075025227083388,3684744,0.9615040645745668,0.9678926256283533,167719,2175,4540,114372,1483,2311,4278.530143477023,207.40630646614935,ian_s059,ian,mid,0,Bp_N3_s2
single,active,0.005430497451175354,0.02284293766095658,4110456,0.9864541217501053,0.9896664139499621,587756,2454,5617,522148,2020,3432,22321.820831168443,2144.8351227466997,ian_s063,ian,high,6,Bp_N3_s2
single,land,0.0012659790563952509,0.008376029372217403,3684744,0.9609717798516605,0.966966525316404,172579,2161,4848,118348,1537,2506,4664.808732178062,258.513783328837,ian_s063,ian,high,6,Bp_N3_s2
single,active,0.005375306742619345,0.02197379331574219,4110456,0.9854031835889442,0.9898778749791531,596704,2776,6063,522315,2027,3314,22094.961852040142,1984.7237844292135,ian_s068,ian,high,0,Bp_N3_s2
single,land,0.0012982242341503935,0.007743917505920943,3684744,0.959325522482584,0.9677623569515461,181773,2457,5250,119238,1549,2423,4783.623957440257,220.96768010327037,ian_s068,ian,high,0,Bp_N3_s2
single,active,0.005383212428809299,0.01968058939386366,4110456,0.9814263382972631,0.98866622295917,627207,4356,7514,513970,2033,3859,22127.457827273756,1592.0848319104132,milton_s005,milton,low,0,Bp_N3_s2
single,land,0.0015446314680722262,0.007570946786989666,3684744,0.9513887944439156,0.9614339747901361,209864,4068,6655,110064,1646,2769,5691.571534190327,211.20670817729206,milton_s005,milton,low,0,Bp_N3_s2
single,active,0.005367077964128773,0.019663872932176824,4110456,0.981685781275274,0.988990362958029,625111,4257,7405,513735,1977,3742,22061.1378201209,1589.3813841891972,milton_s006,milton,low,6,Bp_N3_s2
single,land,0.0015308120979143753,0.00754697828447037,3684744,0.9517952523614509,0.9626662927453421,207775,3975,6548,109846,1600,2660,5640.650692917407,209.87152635720116,milton_s006,milton,low,6,Bp_N3_s2
single,active,0.006537434474540946,0.020685120410770527,4110456,0.9758469061184846,0.9878306056183933,847969,5381,15607,616674,2510,5087,26871.836760483682,1758.758098975312,milton_s024,milton,mid,6,Bp_N3_s2
single,land,0.0028640314295889937,0.009956803998417155,3684744,0.9558193434951138,0.9717608884420273,430545,5134,14767,212631,2145,4034,10553.222625989467,365.2979511906303,milton_s024,milton,mid,6,Bp_N3_s2
single,active,0.006150759804524472,0.020398048748289918,4110456,0.9766826880799178,0.9881598703335984,777457,5025,13536,587715,2287,4755,25282.427543066442,1710.280146810673,milton_s037,milton,low,-6,Bp_N3_s2
single,land,0.0023952826969351505,0.009042606743996368,3684744,0.9532101004575425,0.96941830509927,358957,4816,12804,181003,1949,3761,8826.003545835614,301.29686204080326,milton_s037,milton,low,-6,Bp_N3_s2
single,active,0.006233430314663801,0.02057503801159658,4110456,0.9769397457465618,0.9877439557971038,774087,4712,13560,589211,2227,5084,25622.24103749171,1740.0883370024935,milton_s041,milton,mid,0,Bp_N3_s2
single,land,0.002448172341138774,0.00932809255988779,3684744,0.9534135640368825,0.9679438978215076,355076,4498,12852,181504,1908,4103,9020.888344977051,320.6217749119318,milton_s041,milton,mid,0,Bp_N3_s2
single,active,0.006644967439385207,0.021105407262522462,4110456,0.9764301717032506,0.988176503047325,874278,5392,15712,637528,2519,5109,27313.84628102556,1830.9541864229732,milton_s046,milton,mid,-6,Bp_N3_s2
single,land,0.0029191704617129656,0.009954676639847107,3684744,0.9576264419743229,0.9734203432871709,455744,5176,14990,230760,2187,4114,10756.39584377408,365.1418696391637,milton_s046,milton,mid,-6,Bp_N3_s2
single,active,0.006710395571086103,0.021245446592619812,4110456,0.9763695142523657,0.9876716433966759,879169,5303,15975,642673,2543,5479,27582.785737544298,1855.332418045047,milton_s049,milton,high,-6,Bp_N3_s2
single,land,0.002980858970712179,0.010185176524734251,3684744,0.9576129554588461,0.9722167030929201,460111,5076,15290,234872,2200,4512,10983.702207177877,382.24731291325645,milton_s049,milton,high,-6,Bp_N3_s2
single,active,0.005582962377023625,0.02004845358294752,4110456,0.9820969022078984,0.9893181020730768,653338,3908,8002,546992,2054,3852,22948.52120041102,1652.158703151768,milton_s059,milton,mid,0,Bp_N3_s2
single,land,0.0017235819716893168,0.00821815667937618,3684744,0.9543583758216106,0.9667463826223948,233040,3696,7449,136231,1722,2964,6350.95832869038,248.86060582357007,milton_s059,milton,mid,0,Bp_N3_s2
single,active,0.005693070146149048,0.0202527159606607,4110456,0.9824082113943857,0.9897433970098182,657348,3691,8080,553031,1994,3737,23401.11434065923,1685.9960292106803,milton_s063,milton,high,6,Bp_N3_s2
single,land,0.0017897205534750627,0.008702801088110852,3684744,0.9552038171821639,0.9680724914834845,236625,3511,7586,141235,1723,2935,6594.662071093917,279.0778927622628,milton_s063,milton,high,6,Bp_N3_s2
single,active,0.006457317312058847,0.021125162675346552,4110456,0.9767434633332588,0.9883158657297555,785753,4504,14205,604368,2234,4911,26542.51868925616,1834.3834672851197,milton_s068,milton,high,0,Bp_N3_s2
single,land,0.0025725991940759863,0.009711076586499333,3684744,0.95321359825979,0.9703728946062832,365464,4315,13623,193635,1944,3968,9479.369444776326,347.4898141255646,milton_s068,milton,high,0,Bp_N3_s2
single,active,0.006029465286536832,0.02217619056412144,4110456,0.9711901478545135,0.9832138095993347,617641,5933,12389,458742,3029,4803,24783.85176383704,2021.4541420610392,beryl_s005,beryl,low,0,Bp_N3_s2
single,land,0.0021731243705537485,0.009265616983210942,3684744,0.9350234323820402,0.9461107047061692,222659,4912,10561,89240,2071,3012,8007.406985651702,316.34138199873615,beryl_s005,beryl,low,0,Bp_N3_s2
single,active,0.005867968955665375,0.021799185862174747,4110456,0.9717269297708603,0.9833174348523609,606344,5977,11665,453565,2991,4704,24120.028201628476,1953.3072057363975,beryl_s006,beryl,low,6,Bp_N3_s2
single,land,0.0020098658973417083,0.00891394488501055,3684744,0.9343752347371165,0.9442729670576351,211465,4980,9872,84130,2053,2912,7405.841306034476,292.7839120730924,beryl_s006,beryl,low,6,Bp_N3_s2
single,active,0.00696557320508214,0.023131604305846355,4110456,0.9651360422207642,0.9816772439975109,739909,7167,19561,531644,3321,6602,28631.68217426911,2199.3862864325456,beryl_s024,beryl,mid,6,Bp_N3_s2
single,land,0.003154225890338109,0.011305655703427757,3684744,0.9349994566989025,0.9574411214398146,344192,6218,17710,161190,2416,4749,11622.514924068004,470.9760591393665,beryl_s024,beryl,mid,6,Bp_N3_s2
single,active,0.006800755728504684,0.02282201973002735,4110456,0.9695561780101212,0.9832021196782496,725165,6622,16148,517651,3312,5532,27954.20718876645,2140.9087476629425,beryl_s037,beryl,low,-6,Bp_N3_s2
single,land,0.0029083574491175824,0.010581831468574892,3684744,0.941866352156028,0.95812184431744,327421,5816,14393,143839,2510,3777,10716.552660491318,412.59978874980027,beryl_s037,beryl,low,-6,Bp_N3_s2
single,active,0.006749574036401494,0.023171685194922596,4110456,0.9690013567371633,0.9829819454104428,709215,6508,16180,510204,3249,5584,27743.82709537074,2207.0147872249822,beryl_s041,beryl,mid,0,Bp_N3_s2
single,land,0.002906898357732394,0.010687545993210465,3684744,0.9395021122510562,0.9561356712667237,311351,5641,14408,136213,2401,3848,10711.176282264292,420.88486977882934,beryl_s041,beryl,mid,0,Bp_N3_s2
single,active,0.007287289056723941,0.02343362519743623,4110456,0.966111595862311,0.9819994804189427,787237,7817,19797,563215,3510,6814,29954.081026945263,2257.1943919281957,beryl_s046,beryl,mid,-6,Bp_N3_s2
single,land,0.003410552862222952,0.011613487463692555,3684744,0.9395838465216698,0.9605535627973237,389061,7012,18005,188792,2712,5041,12567.01419575885,496.9728130792194,beryl_s046,beryl,mid,-6,Bp_N3_s2
single,active,0.0072659140336372345,0.02369846672384371,4110456,0.9659948170903626,0.9820857827128239,788018,7889,19851,563840,3451,6834,29866.21993504837,2308.503303501462,beryl_s049,beryl,high,-6,Bp_N3_s2
single,land,0.0034228472073475616,0.011622384445525536,3684744,0.9393971525240744,0.9608565484345664,389816,7079,18069,189356,2636,5078,12612.315710190684,497.7345570015325,beryl_s049,beryl,high,-6,Bp_N3_s2
single,active,0.006102004150620625,0.02217221182184218,4110456,0.9730227444513159,0.9846151640578119,637218,5659,12008,480761,3042,4470,25082.01957294345,2020.7288485500878,beryl_s059,beryl,mid,0,Bp_N3_s2
single,land,0.002215255304886322,0.009316535289921586,3684744,0.9396900855863695,0.9528395698291102,237595,4834,10415,103486,2217,2905,8162.648693148047,319.8277825993546,beryl_s059,beryl,mid,0,Bp_N3_s2
single,active,0.005957800162305946,0.02195452526334776,4110456,0.9735960025449636,0.9848171679775014,627395,5577,11438,476944,2947,4406,24489.275423951447,1981.2446404430573,beryl_s063,beryl,high,6,Bp_N3_s2
single,land,0.002090852603003737,0.00908505499772625,3684744,0.9394016938799096,0.9525484820307333,227602,4784,9898,99367,2139,2811,7704.256583802402,304.13222680323014,beryl_s063,beryl,high,6,Bp_N3_s2
single,active,0.0067964177838269,0.02305535077990351,4110456,0.9698919825779222,0.9835637527167351,718592,6425,15882,521336,3183,5529,27936.376258037984,2184.9095967268836,beryl_s068,beryl,high,0,Bp_N3_s2
single,land,0.0029306643490678874,0.010729548674382765,3684744,0.9411973214312088,0.9579283495326854,318632,5628,14279,143695,2398,3913,10798.747876241803,424.19957483269434,beryl_s068,beryl,high,0,Bp_N3_s2
single,active,0.00651658193146379,0.021705820252418375,4110456,0.9747199729678167,0.9864721282876558,1026925,8980,17654,762248,4733,5720,26786.123299676925,1936.6110619730857,irma_s005,irma,low,0,Bp_N5_s0
single,land,0.003938395170144901,0.012262531383588904,3684744,0.9597707116182638,0.9751968105891065,610132,8711,16863,356884,4249,4828,14511.977972820401,554.0737611779189,irma_s005,irma,low,0,Bp_N5_s0
single,active,0.0065586116237921245,0.021894362093858314,4110456,0.9749999519174365,0.9865168009925896,1013881,9114,16883,753760,4518,5784,26958.88450068608,1970.40089562231,irma_s006,irma,low,6,Bp_N5_s0
single,land,0.003953739469636393,0.012371009802209681,3684744,0.959874305829027,0.9750048966115448,597181,8846,16118,348457,4044,4889,14568.517788305879,563.9201620724833,irma_s006,irma,low,6,Bp_N5_s0
single,active,0.0075487127306209986,0.023219905543098756,4110456,0.9706456915617008,0.9852086729392475,1128396,12141,21984,826795,6110,6303,31028.65153585747,2216.2099539891847,irma_s024,irma,mid,6,Bp_N5_s0
single,land,0.005008586083283651,0.01399225894504207,3684744,0.9555341568693811,0.9743292331414045,711485,11873,21236,420843,5642,5446,18455.357518862933,721.4113782416711,irma_s024,irma,mid,6,Bp_N5_s0
single,active,0.00740898755278754,0.022661360214711795,4110456,0.973028216339818,0.9859745838294918,1114886,10811,20093,818071,5716,5921,30454.31734028086,2110.872257254124,irma_s037,irma,low,-6,Bp_N5_s0
single,land,0.004640985434409956,0.013678466247017473,3684744,0.9588266383323103,0.9750956670548808,696647,10563,19352,410252,5352,5126,17100.84323352948,689.4172195265334,irma_s037,irma,low,-6,Bp_N5_s0
single,active,0.007253611804755065,0.022674347330399594,4110456,0.9735587484075116,0.9854055740157073,1105769,9851,20181,818199,5494,6624,29815.652164526284,2113.2924118612004,irma_s041,irma,mid,0,Bp_N5_s0
single,land,0.004594107519043448,0.013421503151239435,3684744,0.9593693858435665,0.9740742856326845,687274,9627,19480,409269,5117,5776,16928.11011615023,663.7577970935297,irma_s041,irma,mid,0,Bp_N5_s0
single,active,0.007908414526679813,0.022941916731385143,4110456,0.9711972053825108,0.9847043569722294,1163233,11606,22892,852881,6512,6736,32507.189941678196,2163.4626501870666,irma_s046,irma,mid,-6,Bp_N5_s0
single,land,0.005150650736779016,0.014484859247212913,3684744,0.9569368769825108,0.9735820314038951,744850,11358,22161,444816,6148,5922,18978.82939844206,773.100366557896,irma_s046,irma,mid,-6,Bp_N5_s0
single,active,0.007910608040605277,0.024081399687925262,4110456,0.9712995510836299,0.9845120313527735,1170753,10903,23691,862149,6389,7174,32516.206284154207,2383.7102036184683,irma_s049,irma,high,-6,Bp_N5_s0
single,land,0.0052119533880742395,0.014422968892854581,3684744,0.9571847656622864,0.9734528299859226,752084,10672,22969,452933,6006,6346,19204.713974986225,766.5079331163535,irma_s049,irma,high,-6,Bp_N5_s0
single,active,0.007133945966887533,0.023072934860241718,4110456,0.9754037246498476,0.9859886876592194,1059663,8455,18266,794206,4708,6578,29323.77100326866,2188.243684104293,irma_s059,irma,mid,0,Bp_N5_s0
single,land,0.0042855061999195945,0.013416151518683368,3684744,0.9611152576022202,0.9741607852515991,639998,8270,17623,382890,4389,5767,15790.993257116526,663.2285747546925,irma_s059,irma,mid,0,Bp_N5_s0
single,active,0.0073197559455772864,0.0238886795038272,4110456,0.974740098264852,0.9852940266420454,1052461,8487,18787,796089,4112,7770,30087.53474503383,2345.7098497421657,irma_s063,irma,high,6,Bp_N5_s0
single,land,0.004447229659785961,0.013894884818137599,3684744,0.9598110468423615,0.9726400559514277,632718,8298,18195,383831,3783,7014,16386.90280551836,711.4055064798381,irma_s063,irma,high,6,Bp_N5_s0
single,active,0.007591269764210699,0.023473880708483042,4110456,0.973765898796923,0.9855823007392335,1120528,9682,20506,837947,5593,6665,31203.580349918455,2264.956106893575,irma_s068,irma,high,0,Bp_N5_s0
single,land,0.004788385768853872,0.014103941914723507,3684744,0.9597614723630616,0.9745766779186883,700766,9502,19878,426427,5254,5870,17643.97573146969,732.973615390953,irma_s068,irma,high,0,Bp_N5_s0
single,active,0.0054986988418471855,0.018586860195075244,4110456,0.9755174259245338,0.9868610329756919,869466,8773,13048,646242,4500,4104,22602.159646663815,1420.0448735009215,matthew_s005,matthew,low,0,Bp_N5_s0
single,land,0.0031206844897232514,0.010860772577969663,3684744,0.9562398258545226,0.9710974096168475,452901,8442,12284,242551,3917,3302,11498.923449400812,434.6390671160086,matthew_s005,matthew,low,0,Bp_N5_s0
single,active,0.005468131779638078,0.018847019430763154,4110456,0.9755764915156774,0.9873441476764259,853367,9098,12266,636601,4102,4058,22476.515082404017,1460.0756570753365,matthew_s006,matthew,low,6,Bp_N5_s0
single,land,0.003069184255477696,0.010891381035508452,3684744,0.9556704774655344,0.9716698038004532,436858,8777,11487,232815,3538,3250,11309.158270265907,437.09236919313287,matthew_s006,matthew,low,6,Bp_N5_s0
single,active,0.006786276850481093,0.020542404165236373,4110456,0.9677533263100394,0.9854299996990235,992102,13049,20009,720304,6218,4432,27894.69239772111,1734.5728437375672,matthew_s024,matthew,mid,6,Bp_N5_s0
single,land,0.004457539349824362,0.013117824624765148,3684744,0.9472558203881576,0.9713054938016911,575151,12738,19287,315447,5639,3680,16424.89137402922,634.0608830406007,matthew_s024,matthew,mid,6,Bp_N5_s0
single,active,0.006532901508439675,0.020457989238411068,4110456,0.9724653020469296,0.9846188431165862,973924,10755,16821,718308,5673,5548,26853.204202774912,1720.3463696920537,matthew_s037,matthew,low,-6,Bp_N5_s0
single,land,0.0040017896181455855,0.012203142948268807,3684744,0.9540430432839413,0.9690050825167048,555005,10549,16186,310195,5205,4717,14745.570284724236,548.719908776887,matthew_s037,matthew,low,-6,Bp_N5_s0
single,active,0.006313189963268455,0.01946282256348906,4110456,0.9727776468772089,0.9862381884027807,957828,10074,16730,710772,5420,4498,25950.0895636566,1557.0467428533343,matthew_s041,matthew,mid,0,Bp_N5_s0
single,land,0.0039405034153276435,0.012143953865960769,3684744,0.9540583582538531,0.9719152765724938,539167,9845,16118,302392,4956,3782,14519.746316608042,543.4098893547125,matthew_s041,matthew,mid,0,Bp_N5_s0
single,active,0.0071734836408396015,0.021395523959761523,4110456,0.9689583653761005,0.9850984787705335,1039484,12535,20766,757589,6499,4961,29486.288872390985,1881.6370534684718,matthew_s046,matthew,mid,-6,Bp_N5_s0
single,land,0.004626305195869432,0.013219108388401967,3684744,0.9502639132685727,0.9716122747199221,620395,12321,20150,349076,6031,4168,17046.750312648714,643.8899512876109,matthew_s046,matthew,mid,-6,Bp_N5_s0
single,active,0.00706888674158597,0.020853061547274034,4110456,0.9689167112703917,0.9850393251283808,1040883,12427,20965,759223,6505,5026,29056.3479202725,1787.4325146061879,matthew_s049,matthew,high,-6,Bp_N5_s0
single,land,0.0046519842590535855,0.013228090730067199,3684744,0.9502693140816283,0.9713684945396519,622071,12189,20366,350631,6039,4296,17141.371086642146,644.765290886852,matthew_s049,matthew,high,-6,Bp_N5_s0
single,active,0.005831108366645072,0.019124019751052605,4110456,0.9769611938547249,0.987040708087711,899241,7996,13210,681141,4484,4459,23968.514372326434,1503.3093922407882,matthew_s059,matthew,mid,0,Bp_N5_s0
single,land,0.0032857620960962523,0.011270739733164241,3684744,0.9589831091623393,0.9717778953848812,479411,7839,12666,269922,4115,3724,12107.19216901809,468.0714611081215,matthew_s059,matthew,mid,0,Bp_N5_s0
single,active,0.005836324902706646,0.019686156724924048,4110456,0.9765721522456476,0.9872437310877061,883706,8326,12874,673395,4017,4684,23989.95671427995,1592.985711132468,matthew_s063,matthew,high,6,Bp_N5_s0
single,land,0.0032819310684183735,0.011497596778913143,3684744,0.9578035313941808,0.9716505545341321,464392,8123,12336,262128,3658,3990,12093.075812768191,487.10374442808353,matthew_s063,matthew,high,6,Bp_N5_s0
single,active,0.006552970680581941,0.020009967528496965,4110456,0.9733495379577966,0.9870434659033234,971470,9730,16869,729282,5277,4296,26935.69765182212,1645.8216518731012,matthew_s068,matthew,high,0,Bp_N5_s0
single,land,0.004048500550127226,0.012449518912368349,3684744,0.9551188575268351,0.9738977677900784,551499,9566,16349,317665,4906,3608,14917.688111077994,571.1003928621882,matthew_s068,matthew,high,0,Bp_N5_s0
single,active,0.0035927201382891225,0.018149165749200794,4110456,0.9870138578847711,0.9901263258372888,559322,3350,4009,491670,2512,2391,14767.718048751354,1353.9522163320996,ian_s005,ian,low,0,Bp_N5_s0
single,land,0.0009968152265098721,0.006845251674353874,3684744,0.960863847799491,0.9665030083742479,146869,2861,3121,94293,1841,1427,3673.0089249908924,172.6577832256818,ian_s005,ian,low,0,Bp_N5_s0
single,active,0.003606133567749813,0.01818873217364372,4110456,0.9870701226404431,0.9901798843744335,558887,3356,3965,491555,2496,2379,14822.853360358626,1359.8620683974748,ian_s006,ian,low,6,Bp_N5_s0
single,land,0.000998184536243812,0.006871669988886059,3684744,0.961080123367675,0.9666649561245959,146459,2868,3063,94187,1834,1414,3678.054480817169,173.99305320604014,ian_s006,ian,low,6,Bp_N5_s0
single,active,0.0038657339546413053,0.0183499688367606,4110456,0.9834738929892354,0.9896486807084222,594032,4726,5256,503079,2791,2471,15889.92932825908,1384.0783193729274,ian_s024,ian,mid,6,Bp_N5_s0
single,land,0.001305318817798703,0.0075452571010336325,3684744,0.9547672889823823,0.9664948689546582,181549,4215,4386,105577,2112,1548,4809.7656819708645,209.7758095841653,ian_s024,ian,mid,6,Bp_N5_s0
single,active,0.0036915200942604235,0.01694240738326829,4110456,0.9855831400393679,0.9900849415416128,583822,3992,4548,506573,2675,2398,15173.830920573324,1179.886532832545,ian_s037,ian,low,-6,Bp_N5_s0
single,land,0.0011397239917222877,0.006812582345880211,3684744,0.9587726465864586,0.9676029451868012,170139,3577,3739,106446,2001,1563,4199.591140154749,171.01367895126012,ian_s037,ian,low,-6,Bp_N5_s0
single,active,0.003795043515359722,0.01798968077259028,4110456,0.9855283706402915,0.9899709020368574,586892,3984,4634,510330,2715,2455,15599.35938797146,1330.261179419906,ian_s041,ian,mid,0,Bp_N5_s0
single,land,0.0011967235859434184,0.007358461427846815,3684744,0.9587011489154061,0.9670854559741486,172896,3549,3899,109535,2076,1652,4409.620052963495,199.5176660257543,ian_s041,ian,mid,0,Bp_N5_s0
single,active,0.003861245493471356,0.017132185782289505,4110456,0.9838588948189666,0.989771027344645,605940,4570,5371,514094,2899,2414,15871.479706112295,1206.4672969563012,ian_s046,ian,mid,-6,Bp_N5_s0
single,land,0.0013196060700512722,0.007198231976369329,3684744,0.9566078484061347,0.9675032912897609,192238,4151,4569,113909,2224,1602,4862.410548985004,190.9233285898735,ian_s046,ian,mid,-6,Bp_N5_s0
single,active,0.003965079623384368,0.01815772049210306,4110456,0.9835745366639806,0.9896264332152711,610308,4656,5536,518302,2939,2494,16298.285328418016,1355.2289078419267,ian_s049,ian,high,-6,Bp_N5_s0
single,land,0.0013871256443389538,0.00775199138794755,3684744,0.9560276848293564,0.9671329419804213,196283,4218,4810,117467,2282,1710,5111.202895224094,221.42868631158325,ian_s049,ian,high,-6,Bp_N5_s0
single,active,0.0038823231017398297,0.018289193967251025,4110456,0.9873506771108135,0.9903010033444816,583856,3338,4142,518175,2622,2453,15958.118287485093,1374.9254011886983,ian_s059,ian,mid,0,Bp_N5_s0
single,land,0.0011520399447143117,0.007440656150030043,3684744,0.9635002339728591,0.9685314685314685,168838,2975,3421,114955,2007,1728,4244.972274046391,203.99982310871155,ian_s059,ian,mid,0,Bp_N5_s0
single,active,0.004032811060846856,0.019362388249780194,4110456,0.9870175356276226,0.9899553993987626,588981,3355,4392,522938,2664,2642,16576.692421924323,1541.0184989496827,ian_s063,ian,high,6,Bp_N5_s0
single,land,0.0012541144750319747,0.00832371944918238,3684744,0.9626417352944436,0.9676760609216349,173701,3015,3726,118939,2058,1915,4621.090787187219,255.29492886994862,ian_s063,ian,high,6,Bp_N5_s0
single,active,0.0039908318420468795,0.01834105341989884,4110456,0.9859840354504001,0.9900540732875688,598092,3827,4675,523102,2728,2527,16404.138690132648,1382.7337244406974,ian_s068,ian,high,0,Bp_N5_s0
single,land,0.0012862840625996704,0.007687610275336699,3684744,0.9609894638479266,0.968428793070011,183056,3464,3967,119845,2091,1816,4739.62748195976,217.7659817479821,ian_s068,ian,high,0,Bp_N5_s0
single,active,0.0038907982869532953,0.015082376062174016,4110456,0.9815227327324517,0.9888373182679696,629213,6337,5508,514940,2924,2889,15992.955163396895,935.038588167114,milton_s005,milton,low,0,Bp_N5_s0
single,land,0.0015167839413711187,0.007529099539472502,3684744,0.9517525921464816,0.9619573234755595,211764,5980,4755,110855,2406,1978,5588.960527263582,208.8783354814173,milton_s005,milton,low,0,Bp_N5_s0
single,active,0.0038828301457230333,0.015076854762738517,4110456,0.9816751590861061,0.9891293902387459,627099,6289,5417,514646,2825,2831,15960.202469468117,934.3541226624715,milton_s006,milton,low,6,Bp_N5_s0
single,land,0.001506643628761512,0.007507049306129768,3684744,0.9517678464416075,0.9630668210991997,209644,5945,4679,110588,2323,1918,5551.596071217209,207.65665643192787,milton_s006,milton,low,6,Bp_N5_s0
single,active,0.0050734723970977,0.01656352996629023,4110456,0.9770833333333333,0.9878275103062544,852173,8584,11403,617976,3830,3785,20854.285055484623,1127.7057613600136,milton_s024,milton,mid,6,Bp_N5_s0
single,land,0.00280453661174901,0.009913398528299885,3684744,0.9583013643058091,0.9717791243709627,434651,8252,10661,213771,3314,2894,10333.999452922493,362.1199498331928,milton_s024,milton,mid,6,Bp_N5_s0
single,active,0.004693153390430367,0.01623782518205021,4110456,0.9775039970375634,0.9883904942346838,781360,8349,9633,588973,3421,3497,19291.000512614846,1083.7914650387954,milton_s037,milton,low,-6,Bp_N5_s0
single,land,0.0023393077126644146,0.008991094896305998,3684744,0.9550555881710268,0.9701885324937538,362775,8086,8986,182117,2949,2647,8619.750058393925,297.8739217101063,milton_s037,milton,low,-6,Bp_N5_s0
single,active,0.004722875672427579,0.01622627793188379,4110456,0.9779075950656021,0.9881102769304905,777903,7830,9744,590553,3364,3742,19413.172644983977,1082.2505737940153,milton_s041,milton,mid,0,Bp_N5_s0
single,land,0.002375777523320925,0.009243036864740766,3684744,0.955525491616422,0.9691136689121095,358796,7568,9132,182707,2923,2900,8754.13197439164,314.8014257946922,milton_s041,milton,mid,0,Bp_N5_s0
single,active,0.00520817920076227,0.01717254341524419,4110456,0.9775073992478358,0.9882860475116552,878525,8750,11465,638921,3857,3716,21407.991444848478,1212.1580492909068,milton_s046,milton,mid,-6,Bp_N5_s0
single,land,0.0028622133546396763,0.009906821686771762,3684744,0.9597313055345718,0.9738253737733267,459909,8472,10825,232010,3372,2864,10546.52348522842,361.6396270652365,milton_s046,milton,mid,-6,Bp_N5_s0
single,active,0.0052406752573195565,0.017182390021913563,4110456,0.9775599781806996,0.9880625904930183,883506,8643,11638,644201,3832,3951,21541.565055500716,1213.5485323600367,milton_s049,milton,high,-6,Bp_N5_s0
single,land,0.0029058030274594746,0.010105444357022687,3684744,0.9598880462036791,0.9732488589365453,464366,8370,11035,236262,3372,3122,10707.140270613134,376.2860781094219,milton_s049,milton,high,-6,Bp_N5_s0
single,active,0.004106880056148719,0.015571154626681705,4110456,0.9827312223218329,0.9896184209813373,655523,5702,5817,547925,2829,2919,16881.149768076837,996.6246819875298,milton_s059,milton,mid,0,Bp_N5_s0
single,land,0.0016791999644043983,0.008130127248663676,3684744,0.9560833201188893,0.9676271186440678,235142,5454,5347,137016,2405,2179,6187.42199363932,243.55777972173897,milton_s059,milton,mid,0,Bp_N5_s0
single,active,0.0042333086802063945,0.016116265070549904,4110456,0.9827141767293274,0.9899288856003617,659527,5700,5901,553886,2753,2882,17400.829064406455,1067.6251779814922,milton_s063,milton,high,6,Bp_N5_s0
single,land,0.0017446948874299288,0.008625248231374555,3684744,0.9560521415270019,0.9688301763196681,238731,5494,5480,141984,2382,2186,6428.754018288106,274.1261873934726,milton_s063,milton,high,6,Bp_N5_s0
single,active,0.004912711835888171,0.016753288105710234,4110456,0.9782194330810473,0.9886263831343318,789831,7459,10127,605591,3279,3688,20193.48584209755,1153.6926290045835,milton_s068,milton,high,0,Bp_N5_s0
single,land,0.002472720768257499,0.009563016669207466,3684744,0.9563445942622845,0.9711853078488488,369456,7234,9631,194711,2885,2892,9111.343014512211,336.97458407058355,milton_s068,milton,high,0,Bp_N5_s0
single,active,0.004880059016635935,0.018974695914755178,4110456,0.9714080624154647,0.9830576621199095,619804,8017,10226,459664,4041,3881,20059.267865285277,1479.9248174088104,beryl_s005,beryl,low,0,Bp_N5_s0
single,land,0.0022052501042490857,0.009400884868309825,3684744,0.9356767047277059,0.9450362254072072,224612,6833,8608,89872,2847,2380,8125.782090131193,325.64528037319866,beryl_s005,beryl,low,0,Bp_N5_s0
single,active,0.004710661168934511,0.018470862991006965,4110456,0.971927380549183,0.9831151974040022,608376,7939,9633,454445,3981,3824,19362.965465813875,1402.3756990772958,beryl_s006,beryl,low,6,Bp_N5_s0
single,land,0.002034612216904483,0.00904094829397243,3684744,0.935098640946953,0.9431278038137433,213296,6763,8041,84724,2791,2318,7497.025158565491,301.18635409104286,beryl_s006,beryl,low,6,Bp_N5_s0
single,active,0.005748438003741702,0.019890235808767035,4110456,0.9662433211578697,0.9821166316247238,743073,9563,16397,532978,4437,5268,23628.701483108103,1626.184688366674,beryl_s024,beryl,mid,6,Bp_N5_s0
single,land,0.00312230277725349,0.011312687506551775,3684744,0.9373747792604753,0.9585056846384759,347153,8444,14749,162206,3289,3733,11504.886424668133,471.5621093319423,beryl_s024,beryl,mid,6,Bp_N5_s0
single,active,0.00561230355051436,0.01941810178624527,4110456,0.9703838440371252,0.9831257129646824,728210,9122,13103,518821,4543,4362,23069.126803033054,1549.8995429725383,beryl_s037,beryl,low,-6,Bp_N5_s0
single,land,0.002911540044265227,0.01067824299895834,3684744,0.9435931575774372,0.9579500483104576,330251,8179,11563,144752,3490,2864,10728.27970886603,420.1524686449709,beryl_s037,beryl,low,-6,Bp_N5_s0
single,active,0.005550318451434598,0.019958141063643676,4110456,0.9697247419072378,0.9830153640306358,712097,8934,13298,511341,4388,4447,22814.339780610055,1637.307229575983,beryl_s041,beryl,mid,0,Bp_N5_s0
single,land,0.002911195225172109,0.010773558324329566,3684744,0.9410338554855956,0.9563003167250352,314007,7924,11752,137078,3281,2983,10727.009138781577,427.6866109889925,beryl_s041,beryl,mid,0,Bp_N5_s0
single,active,0.006058901741065987,0.02003309942012089,4110456,0.9670269860373186,0.9826958612745729,790649,10574,16385,564773,4689,5256,24904.84901497513,1649.629051700205,beryl_s046,beryl,mid,-6,Bp_N5_s0
single,land,0.0033840969498079606,0.011633696496062202,3684744,0.9413081770665848,0.9623903664242743,392245,9636,14821,190049,3643,3784,12469.530931223184,498.7039172078699,beryl_s046,beryl,mid,-6,Bp_N5_s0
single,active,0.0060210145286400465,0.020433228390874088,4110456,0.9669784580498866,0.9825914358067885,791468,10627,16401,565333,4675,5341,24749.11529533565,1716.1845280376378,beryl_s049,beryl,high,-6,Bp_N5_s0
single,land,0.00339295964655662,0.011635641034002258,3684744,0.9412418338218671,0.9622719629990558,393040,9691,14845,190577,3615,3857,12502.187699891627,498.8706449084774,beryl_s049,beryl,high,-6,Bp_N5_s0
single,active,0.004931257290044619,0.018863717970889,4110456,0.9732640342132698,0.984584284636815,639488,7829,9738,481699,4010,3532,20269.716115407646,1462.664069840531,beryl_s059,beryl,mid,0,Bp_N5_s0
single,land,0.002250268773513813,0.009485974923442941,3684744,0.9404485388744154,0.9525581480397893,239694,6862,8316,104187,2985,2204,8291.664361592382,331.5669732821904,beryl_s059,beryl,mid,0,Bp_N5_s0
single,active,0.004778726832673161,0.018597353629793055,4110456,0.9741035733293726,0.9847424515937585,629606,7511,9227,477864,3918,3486,19642.74638172239,1421.6487328220678,beryl_s063,beryl,high,6,Bp_N5_s0
single,land,0.002119438654958052,0.009243150555871105,3684744,0.9408149720176007,0.9521117107855736,229636,6582,7864,100026,2879,2152,7809.588867224753,314.80917007843084,beryl_s063,beryl,high,6,Bp_N5_s0
single,active,0.005586614481157576,0.01977806673002419,4110456,0.9705880374490619,0.9838137555777305,721441,8829,13033,522533,4265,4332,22963.533013761044,1607.894980299812,beryl_s068,beryl,high,0,Bp_N5_s0
single,land,0.002935358918201336,0.010829539067344232,3684744,0.9427643411898985,0.958754482127826,321312,7908,11599,144654,3269,2954,10816.046161688864,432.1427835724311,beryl_s068,beryl,high,0,Bp_N5_s0
single,active,0.006423298214402027,0.02141047993353083,4110456,0.9747972344103177,0.9863974195352161,1026403,8361,18176,762065,4606,5903,26402.6846851781,1884.268589889608,irma_s005,irma,low,0,Bp_N5_s1
single,land,0.003940354306779647,0.012226071911896976,3684744,0.9598055702516817,0.9748519820465019,609561,8093,17434,356634,4122,5078,14519.196889780462,550.7838686755136,irma_s005,irma,low,0,Bp_N5_s1
single,active,0.006469669205156915,0.021631890554829947,4110456,0.9749999037865755,0.9864893345463828,1013372,8592,17392,753594,4371,5950,26593.29060235247,1923.441391734113,irma_s006,irma,low,6,Bp_N5_s1
single,land,0.00395771355068129,0.012336867489274601,3684744,0.959803222884831,0.9747286860764242,596630,8318,16669,348215,3897,5131,14583.16125959158,560.8117707009287,irma_s006,irma,low,6,Bp_N5_s1
single,active,0.007460175299978322,0.02294967225541294,4110456,0.9706055221138414,0.9852214106586061,1127897,11675,22483,826585,5886,6513,30664.722322847694,2164.9256162331017,irma_s024,irma,mid,6,Bp_N5_s1
single,land,0.005010684567535799,0.013962892568239273,3684744,0.9554226323102932,0.9742170851477809,710951,11401,21770,420589,5431,5700,18463.08989612013,718.3864189275945,irma_s024,irma,mid,6,Bp_N5_s1
single,active,0.007328532835066802,0.02247312998760497,4110456,0.9731660936209446,0.9860491246344104,1114608,10363,20371,817910,5490,6082,30123.611763097346,2075.9511575741126,irma_s037,irma,low,-6,Bp_N5_s1
single,land,0.004643994270734428,0.013666466242815038,3684744,0.9589806657568092,0.9751651022480541,696336,10122,19663,410054,5119,5324,17111.93002512306,688.2081101920321,irma_s037,irma,low,-6,Bp_N5_s1
single,active,0.007177608972956115,0.022406102367354082,4110456,0.9735982347733789,0.985331849292792,1105292,9315,20658,817989,5343,6834,29503.2458685413,2063.5862969890222,irma_s041,irma,mid,0,Bp_N5_s1
single,land,0.00460836167062216,0.013408974639543656,3684744,0.9593844950302793,0.9738386558383273,686761,9081,19993,409021,4964,6024,16980.63301565498,662.5191853034372,irma_s041,irma,mid,0,Bp_N5_s1
single,active,0.0078311550115238,0.022775778567387273,4110456,0.9713727786236717,0.9847412960832952,1163012,11162,23113,852719,6315,6898,32189.618104048073,2132.2418708879463,irma_s046,irma,mid,-6,Bp_N5_s1
single,land,0.005155839488932137,0.014477840788053139,3684744,0.9571608351876061,0.9735830216608712,744607,10922,22404,444612,5938,6126,18997.948621805757,772.3513556476184,irma_s046,irma,mid,-6,Bp_N5_s1
single,active,0.007829994674803657,0.02375171602504498,4110456,0.971291194998303,0.9843715913153426,1170436,10587,24008,861838,6198,7485,32184.848591014743,2318.889147762741,irma_s049,irma,high,-6,Bp_N5_s1
single,land,0.005223450683206629,0.01440612925451607,3684744,0.9571212667159833,0.9731532368346363,751724,10348,23329,452598,5805,6681,19247.07856424153,764.7190946010954,irma_s049,irma,high,-6,Bp_N5_s1
single,active,0.007069451569637253,0.022854330355419922,4110456,0.9750504856103349,0.9858369780917113,1058859,8024,19070,793861,4482,6923,29058.669621124864,2146.975087847781,irma_s059,irma,mid,0,Bp_N5_s1
single,land,0.004312873258307778,0.013430557141241013,3684744,0.9604950553075237,0.9737719023580594,639172,7840,18449,382520,4166,6137,15891.833861310035,664.6536257369839,irma_s059,irma,mid,0,Bp_N5_s1
single,active,0.00725928536941414,0.023665467055933743,4110456,0.974223198195068,0.9851838646740153,1051445,8017,19803,795800,3909,8059,29838.97310242057,2302.078685084169,irma_s063,irma,high,6,Bp_N5_s1
single,land,0.004481569852333428,0.013905428753094253,3684744,0.9589234073882914,0.9722922233659029,631686,7832,19227,383509,3593,7336,16513.437623966485,712.4855959523021,irma_s063,irma,high,6,Bp_N5_s1
single,active,0.00752528370179156,0.023253758621552646,4110456,0.9736807557045171,0.98540409607627,1119913,9151,21121,837626,5421,6986,30932.347543731332,2222.676838225227,irma_s068,irma,high,0,Bp_N5_s1
single,land,0.004812429352258241,0.014108234166587677,3684744,0.9595773113217245,0.9741372609091283,700122,8971,20522,426074,5089,6223,17732.57018115744,733.4198149163643,irma_s068,irma,high,0,Bp_N5_s1
single,active,0.0054345551021367094,0.01849359035077143,4110456,0.9755898538736011,0.986945564516129,869193,8427,13321,646173,4374,4173,22338.49962690845,1405.828911370553,matthew_s005,matthew,low,0,Bp_N5_s1
single,land,0.0031146231350988856,0.010819176218595121,3684744,0.9562689238271717,0.9713126246885291,452582,8094,12603,242461,3769,3392,11476.588909316808,431.3161393996608,matthew_s005,matthew,low,0,Bp_N5_s1
single,active,0.005405982586843165,0.01876694314022107,4110456,0.9758159431313229,0.9874050804731433,853151,8662,12482,636506,3966,4153,22221.05355998501,1447.695018702876,matthew_s006,matthew,low,6,Bp_N5_s1
single,land,0.0030633985776290324,0.010854225911071798,3684744,0.9559986949600495,0.971784752239554,436596,8346,11749,232689,3380,3376,11287.83952852711,434.1152407334732,matthew_s006,matthew,low,6,Bp_N5_s1
single,active,0.00672488367158076,0.020449888406323783,4110456,0.9679642106187524,0.9855281090755833,992052,12774,20059,720220,6060,4516,27642.338437151164,1718.984214524543,matthew_s024,matthew,mid,6,Bp_N5_s1
single,land,0.00444714370814782,0.013073789397464097,3684744,0.9475284231339595,0.9714319162766911,575055,12462,19383,315320,5466,3807,16386.58609573543,629.8110699999489,matthew_s024,matthew,mid,6,Bp_N5_s1
single,active,0.006481537309140365,0.020345471637072884,4110456,0.9725992642395027,0.9848138545470001,973709,10396,17036,718273,5493,5583,26642.073921579868,1701.4748241411492,matthew_s037,matthew,low,-6,Bp_N5_s1
single,land,0.004002762304293989,0.012192143687998303,3684744,0.9542290405643193,0.9693147790426536,554763,10182,16428,310109,5014,4803,14749.154384173453,547.7311810247829,matthew_s037,matthew,low,-6,Bp_N5_s1
single,active,0.0062618809699374525,0.019378381600296212,4110456,0.9727814305800505,0.9862857999325532,957536,9770,17022,710685,5297,4585,25739.18620416522,1543.5653157490237,matthew_s041,matthew,mid,0,Bp_N5_s1
single,land,0.003941025421319326,0.0121244078976201,3684744,0.9540121418568295,0.9719535410181874,538848,9538,16437,302262,4810,3912,14521.669775053859,541.6620360837926,matthew_s041,matthew,mid,0,Bp_N5_s1
single,active,0.007125272786509958,0.021299212453861818,4110456,0.969071790071197,0.9851301066891759,1039345,12266,20905,757436,6319,5114,29288.120276946574,1864.7348815877178,matthew_s046,matthew,mid,-6,Bp_N5_s1
single,land,0.004626047589096801,0.013206124125513972,3684744,0.9503974182752645,0.971580307562061,620217,12042,20328,348877,5838,4367,17045.801097638905,642.6256707932156,matthew_s046,matthew,mid,-6,Bp_N5_s1
single,active,0.0070128407668052705,0.02074493362182005,4110456,0.9689684806016925,0.985068390586092,1040708,12189,21140,759140,6398,5109,28825.973406959325,1768.9440743375533,matthew_s049,matthew,high,-6,Bp_N5_s1
single,land,0.004648843754958658,0.013199597603381841,3684744,0.9503176303568127,0.9713527954372877,621866,11940,20571,350501,5911,4426,17129.799133021384,641.9906511236012,matthew_s049,matthew,high,-6,Bp_N5_s1
single,active,0.005784905313457292,0.019031735139379516,4110456,0.9770236490892492,0.986957574071095,898979,7669,13472,680980,4379,4620,23778.598755132407,1488.8356996934176,matthew_s059,matthew,mid,0,Bp_N5_s1
single,land,0.0032929944912346563,0.011268568263195076,3684744,0.9590779528567769,0.9714387590086764,479140,7507,12937,269719,4003,3927,12133.841693609953,467.891117096469,matthew_s059,matthew,mid,0,Bp_N5_s1
single,active,0.005781784281338159,0.019500404365562753,4110456,0.9766631177092973,0.9873155066098676,883383,7911,13197,673285,3856,4794,23765.769889932126,1563.0657176193977,matthew_s063,matthew,high,6,Bp_N5_s1
single,land,0.003289080829235527,0.011482945261399499,3684744,0.9578960622899654,0.9716742145222967,464047,7716,12681,261976,3495,4142,12119.420851040632,485.86309180799486,matthew_s063,matthew,high,6,Bp_N5_s1
single,active,0.00650225618154606,0.019927783751448432,4110456,0.9734473713489008,0.9870045484080572,971188,9340,17151,729120,5142,4458,26727.23793497309,1632.3301683086142,matthew_s068,matthew,high,0,Bp_N5_s1
single,land,0.004053376198261125,0.012441348292325375,3684744,0.9552496174329272,0.973781312590675,551201,9175,16647,317479,4754,3794,14935.653626285493,570.3510124048249,matthew_s068,matthew,high,0,Bp_N5_s1
single,active,0.003517725214312813,0.017976108849912787,4110456,0.9872479596735477,0.9903119273444895,559351,3245,3980,491779,2529,2282,14459.454713523388,1328.2547634310408,ian_s005,ian,low,0,Bp_N5_s1
single,land,0.0009926977299402075,0.006842289890894735,3684744,0.9614357349533249,0.9667807797958263,146867,2768,3123,94323,1844,1397,3657.8370042108,172.50840542026,ian_s005,ian,low,0,Bp_N5_s1
single,active,0.003531390086628925,0.018024759492758287,4110456,0.9872641167815134,0.9903674548084167,558907,3265,3945,491660,2508,2274,14515.623569924384,1335.4540848433915,ian_s006,ian,low,6,Bp_N5_s1
single,land,0.0009946340848835638,0.006871202366407645,3684744,0.9614404832250016,0.9669920251254734,146437,2788,3085,94215,1830,1386,3664.971976470202,173.9693732870426,ian_s006,ian,low,6,Bp_N5_s1
single,active,0.00379268397066342,0.01820180343570415,4110456,0.9836766529934968,0.989833995920222,594002,4571,5286,503193,2811,2357,15589.66058331728,1361.817289937997,ian_s024,ian,mid,6,Bp_N5_s1
single,land,0.0012997794341488914,0.007537226544709101,3684744,0.9551638658336974,0.9667453866432337,181484,4068,4451,105615,2123,1510,4789.354471303523,209.32951068469524,ian_s024,ian,mid,6,Bp_N5_s1
single,active,0.0036419961145634236,0.016929635577559863,4110456,0.9858383679424011,0.9902081883780381,583847,3864,4523,506642,2681,2329,14970.264781083912,1178.1083201704305,ian_s037,ian,low,-6,Bp_N5_s1
single,land,0.0011376848264052321,0.006818188016193877,3684744,0.9594390373185668,0.9677436946148602,170145,3460,3733,106476,2016,1533,4192.077337987721,171.29522878398274,ian_s037,ian,low,-6,Bp_N5_s1
single,active,0.003732393306470345,0.017865060807318353,4110456,0.985809932375459,0.9900913658318946,586898,3820,4628,510402,2725,2383,15341.838460940868,1311.8947714794674,ian_s041,ian,mid,0,Bp_N5_s1
single,land,0.0011959084556449867,0.00737575540055648,3684744,0.9593686348727113,0.9674366038002402,172860,3386,3935,109568,2069,1619,4406.616506487131,200.45658722822972,ian_s041,ian,mid,0,Bp_N5_s1
single,active,0.003807561910273312,0.01710952278660445,4110456,0.983926521239954,0.9899088698357809,605899,4486,5412,514126,2859,2382,15650.815699454397,1203.2775021508482,ian_s046,ian,mid,-6,Bp_N5_s1
single,land,0.0013156197940001446,0.007192269052683025,3684744,0.9566706491437674,0.9679258428493747,192176,4073,4631,113921,2185,1590,4847.722142223269,190.60714269904426,ian_s046,ian,mid,-6,Bp_N5_s1
single,active,0.0038988083527810888,0.018029288409388295,4110456,0.9836860158481466,0.9897582574526624,610267,4544,5577,518375,2943,2421,16025.880186539143,1336.1252638456822,ian_s049,ian,high,-6,Bp_N5_s1
single,land,0.0013841786226762233,0.007755923257836347,3684744,0.9561409920907589,0.9675389910901036,196203,4110,4890,117496,2261,1681,5100.343874834478,221.65336395516255,ian_s049,ian,high,-6,Bp_N5_s1
single,active,0.003826234707279221,0.018171008202093317,4110456,0.9874060655879114,0.9904179669807806,583791,3239,4207,518257,2643,2371,15727.569409944117,1357.2131302268506,ian_s059,ian,mid,0,Bp_N5_s1
single,land,0.0011550989257399261,0.007485155096479607,3684744,0.9635677459505444,0.9686991972641279,168766,2888,3493,115003,2036,1680,4256.243836026639,206.44716697365132,ian_s059,ian,mid,0,Bp_N5_s1
single,active,0.003974269758354164,0.01919438949144568,4110456,0.9871120974311355,0.9899564070967657,588917,3233,4456,522991,2717,2589,16336.060973845422,1514.3930580838114,ian_s063,ian,high,6,Bp_N5_s1
single,land,0.0012563723999819004,0.008349350837629898,3684744,0.9628323295511263,0.9676060347281525,173616,2891,3811,118972,2101,1882,4629.410662598908,256.86961874041856,ian_s063,ian,high,6,Bp_N5_s1
single,active,0.0039370340118749,0.01822858149926734,4110456,0.986071628796623,0.9901963567541991,598013,3693,4754,523195,2746,2434,16183.005076315254,1365.8271843036887,ian_s068,ian,high,0,Bp_N5_s1
single,land,0.001288712865397044,0.007727400572648526,3684744,0.9611422507761569,0.9687416683498283,182964,3338,4059,119906,2114,1755,4748.5769984945655,220.02608530725175,ian_s068,ian,high,0,Bp_N5_s1
single,active,0.003832871943077856,0.015056663497450168,4110456,0.9817509705768535,0.9890262685856293,629161,6135,5560,514984,2869,2845,15754.851475656033,931.8531820468406,milton_s005,milton,low,0,Bp_N5_s1
single,land,0.0015217146081757589,0.00761632001584634,3684744,0.9522419346132392,0.9624481219719728,211691,5789,4828,110849,2341,1984,5607.128772187978,213.7458480686057,milton_s005,milton,low,0,Bp_N5_s1
single,active,0.003824985325878349,0.015040849819752844,4110456,0.9819223053758591,0.9892520238946422,627033,6061,5483,514692,2807,2785,15722.433882668614,929.8968007509411,milton_s006,milton,low,6,Bp_N5_s1
single,land,0.0015120942444450877,0.007597763897952766,3684744,0.9524075715227123,0.9632046133609763,209563,5712,4760,110573,2291,1933,5571.680194653571,212.70559201753207,milton_s006,milton,low,6,Bp_N5_s1
single,active,0.004990602039319567,0.016461375716890263,4110456,0.9773895865216284,0.9880495924325811,851969,8102,11607,617944,3657,3817,20513.65009613335,1113.8385853867508,milton_s024,milton,mid,6,Bp_N5_s1
single,land,0.002798242646428917,0.00992177816476866,3684744,0.9587571756158174,0.9721707877436819,434410,7785,10902,213688,3140,2977,10310.807801973075,362.7323969184139,milton_s024,milton,mid,6,Bp_N5_s1
single,active,0.0046170918505264785,0.016178502221644082,4110456,0.9778283805742013,0.9885253111225254,781103,7821,9890,588910,3276,3560,18978.352899547666,1075.8869245318676,milton_s037,milton,low,-6,Bp_N5_s1
single,land,0.002337225758584723,0.009014614432086631,3684744,0.9556497003856892,0.9703313927451859,362498,7560,9263,182007,2808,2757,8612.078590590507,299.4343589306152,milton_s037,milton,low,-6,Bp_N5_s1
single,active,0.004655389219303363,0.01619392267226298,4110456,0.9782937427505328,0.9882400390938788,777632,7239,10015,590509,3241,3786,19135.772548820823,1077.9388533955785,milton_s041,milton,mid,0,Bp_N5_s1
single,land,0.0023807411440168306,0.009296559423147504,3684744,0.9562371468124095,0.969132133152174,358500,6979,9428,182600,2809,3007,8772.421645969152,318.4577479830155,milton_s041,milton,mid,0,Bp_N5_s1
single,active,0.00512373394719994,0.017091167677680638,4110456,0.9777894798953044,0.9885317836078155,878273,8233,11717,638896,3671,3741,21060.882945671678,1200.6971329846465,milton_s046,milton,mid,-6,Bp_N5_s1
single,land,0.0028535537471009995,0.009913921861520809,3684744,0.9601763995604634,0.9742676400662001,459623,7952,11111,231940,3192,2934,10514.615048307925,362.1581838255646,milton_s046,milton,mid,-6,Bp_N5_s1
single,active,0.005158465688437498,0.017118419310639628,4110456,0.9777973619005653,0.9882896220553378,883172,8082,11972,644182,3663,3970,21203.646239832044,1204.5291759134966,milton_s049,milton,high,-6,Bp_N5_s1
single,land,0.0029026683283109554,0.010131118748576955,3684744,0.9602373260874514,0.9736298616979615,464003,7816,11398,236188,3201,3196,10695.589706733823,378.2005290260962,milton_s049,milton,high,-6,Bp_N5_s1
single,active,0.004055494181753734,0.01563043148707972,4110456,0.9827112803309885,0.9896509311452789,655322,5511,6018,547943,2829,2901,16669.930392354727,1004.2271021582683,milton_s059,milton,mid,0,Bp_N5_s1
single,land,0.0016888389400948327,0.008247399142723946,3684744,0.95597719717284,0.9675562680527405,234940,5270,5549,137005,2404,2190,6222.939151480794,250.63478578679198,milton_s059,milton,mid,0,Bp_N5_s1
single,active,0.004175049663342108,0.016052717023534134,4110456,0.9829834814240563,0.98999308327063,659346,5332,6082,553914,2745,2854,17161.357938982546,1059.222271486863,milton_s063,milton,high,6,Bp_N5_s1
single,land,0.0017556960823113792,0.008721451349037776,3684744,0.956717214051665,0.9687798553296029,238545,5126,5666,141965,2370,2205,6469.290605120361,280.2753124292468,milton_s063,milton,high,6,Bp_N5_s1
single,active,0.004850092570140447,0.01674532701237013,4110456,0.9783261475467737,0.9886967737722048,789428,6959,10530,605557,3201,3722,19936.092105489224,1152.596429572883,milton_s068,milton,high,0,Bp_N5_s1
single,land,0.0024843878790524487,0.009641238448964603,3684744,0.9564931160321805,0.9710613499381312,369038,6737,10049,194624,2821,2979,9154.333331011236,342.5097733972083,milton_s068,milton,high,0,Bp_N5_s1
single,active,0.004785582653406638,0.018737528990729203,4110456,0.9717107872414804,0.9833719766257989,619865,7881,10165,459750,3979,3795,19670.926931191236,1443.160519224957,beryl_s005,beryl,low,0,Bp_N5_s1
single,land,0.0021915658881688817,0.009342870839761678,3684744,0.936351774421484,0.9459601700981012,224613,6661,8607,89870,2752,2382,8075.359257034957,321.63848687811327,beryl_s005,beryl,low,0,Bp_N5_s1
single,active,0.004625710269080657,0.01826668746183762,4110456,0.9723370053274275,0.9833930456756149,608506,7809,9503,454540,3947,3729,19013.7785298042,1371.5435434780507,beryl_s006,beryl,low,6,Bp_N5_s1
single,land,0.002024669682918092,0.008991034791099741,3684744,0.9361364224639048,0.9438998306746279,213382,6602,7955,84732,2726,2310,7460.389466114342,297.8699391665192,beryl_s006,beryl,low,6,Bp_N5_s1
single,active,0.005667585111143906,0.01970920679946029,4110456,0.9664468113610262,0.9822587273534783,743042,9369,16428,533006,4387,5240,23296.359225612134,1596.7182767402899,beryl_s024,beryl,mid,6,Bp_N5_s1
single,land,0.0031128578246538154,0.011271529618546203,3684744,0.9376578815837465,0.9587102266680856,347060,8233,14842,162162,3207,3777,11470.084192246199,468.1370709561364,beryl_s024,beryl,mid,6,Bp_N5_s1
single,active,0.005532547095620176,0.019324665302186638,4110456,0.9706434344942311,0.9834225450354825,728200,8911,13113,518838,4401,4345,22741.291404474527,1535.0197418269167,beryl_s037,beryl,low,-6,Bp_N5_s1
single,land,0.0028973424465281532,0.01062972878606703,3684744,0.9440339901872206,0.9582268084937278,330174,7934,11640,144675,3366,2941,10675.965195789933,416.34340330046484,beryl_s037,beryl,low,-6,Bp_N5_s1
single,active,0.005470728652864925,0.019788414004746523,4110456,0.9699537960268942,0.9833031788178789,712078,8741,13317,511415,4311,4373,22487.189415540546,1609.577822549494,beryl_s041,beryl,mid,0,Bp_N5_s1
single,land,0.002903204845066725,0.010736426004369512,3684744,0.94137527739459,0.9566841186736474,313911,7701,11848,137045,3189,3016,10697.566633630544,424.74354839891055,beryl_s041,beryl,mid,0,Bp_N5_s1
single,active,0.005979497088720679,0.0199467939766147,4110456,0.967295368179449,0.9828447324731916,790615,10312,16419,564776,4605,5253,24578.459685314447,1635.4459954890713,beryl_s046,beryl,mid,-6,Bp_N5_s1
single,land,0.003370187268364284,0.01159029683612165,3684744,0.941729084067173,0.9623524644141634,392152,9351,14914,189978,3577,3855,12418.277315981686,494.9900143065096,beryl_s046,beryl,mid,-6,Bp_N5_s1
single,active,0.005945685969638846,0.020301763991451463,4110456,0.9670520351291805,0.982698649163093,791388,10482,16481,565320,4599,5354,24439.48056801781,1694.1722086857374,beryl_s049,beryl,high,-6,Bp_N5_s1
single,land,0.0033825234035394836,0.011600806279273183,3684744,0.9413079571345403,0.9622246918569408,392901,9514,14984,190482,3526,3952,12463.732816051692,495.88808067437054,beryl_s049,beryl,high,-6,Bp_N5_s1
single,active,0.004851123729544538,0.018705883324769856,4110456,0.9737702771425178,0.9848649311624199,639547,7548,9679,481791,3964,3440,19940.330640848726,1438.289950637559,beryl_s059,beryl,mid,0,Bp_N5_s1
single,land,0.0022386464279666916,0.009432166583819042,3684744,0.941535995977752,0.9531550156424377,239700,6574,8310,104197,2927,2194,8248.838993571699,327.8160741869878,beryl_s059,beryl,mid,0,Bp_N5_s1
single,active,0.0046973069400646,0.01843208898348031,4110456,0.9744009161321273,0.984980132887079,629653,7362,9180,477936,3874,3414,19308.073495630175,1396.4941489605462,beryl_s063,beryl,high,6,Bp_N5_s1
single,land,0.002111256623766963,0.009206422401801528,3684744,0.941387241055579,0.9527800529533896,229626,6423,7874,100040,2820,2138,7779.440176885575,312.31231842520754,beryl_s063,beryl,high,6,Bp_N5_s1
single,active,0.005514811493604337,0.019634876065045215,4110456,0.970796907971233,0.9840241332753351,721372,8598,13102,522567,4186,4298,22668.389992754906,1584.6973526798959,beryl_s068,beryl,high,0,Bp_N5_s1
single,land,0.002929456961508275,0.010793552074492013,3684744,0.9431369382331782,0.9589506213775084,321190,7644,11721,144604,3186,3004,10794.298962175846,429.27549993168606,beryl_s068,beryl,high,0,Bp_N5_s1
single,active,0.006752034389290914,0.0220222620067931,4110456,0.9735404748657812,0.9861924659087228,1023634,6876,20945,761168,3857,6800,27753.940267667174,1993.489049102811,irma_s005,irma,low,0,Bp_N5_s2
single,land,0.004002661011110486,0.012345214179776139,3684744,0.9578071390920367,0.9745527840765936,606903,6643,20092,355856,3436,5856,14748.781144723296,561.5708784334864,irma_s005,irma,low,0,Bp_N5_s2
single,active,0.006794388780702215,0.022211149995369047,4110456,0.9739205010840761,0.9862909417754823,1010686,6986,20078,752755,3674,6789,27928.036129970104,2027.832567563933,irma_s006,irma,low,6,Bp_N5_s2
single,land,0.004014689492539587,0.012449090050207829,3684744,0.9580904765744698,0.9744543866388871,594064,6751,19235,347507,3271,5839,14793.103019498289,571.0610469032783,irma_s006,irma,low,6,Bp_N5_s2
single,active,0.007778714108265929,0.023475664686341897,4110456,0.9695952935983558,0.9849732073504092,1124684,9572,25696,825509,5005,7589,31974.062078606337,2265.300386149056,irma_s024,irma,mid,6,Bp_N5_s2
single,land,0.00506950242037228,0.014050819102060512,3684744,0.9538982959484136,0.9737925496857798,707845,9334,24876,419615,4619,6674,18679.818626452237,727.462490829619,irma_s024,irma,mid,6,Bp_N5_s2
single,active,0.007621286044837198,0.023095977204041628,4110456,0.9722132587573052,0.9859272542096359,1111756,8552,23223,817032,4702,6960,31326.96095071733,2192.6165513878314,irma_s037,irma,low,-6,Bp_N5_s2
single,land,0.004691209664085963,0.013777363330049112,3684744,0.9575195973128419,0.9750143534058666,693564,8335,22435,409273,4383,6105,17285.90666248277,699.4224102798265,irma_s037,irma,low,-6,Bp_N5_s2
single,active,0.00750509234917216,0.023042136562948727,4110456,0.9723981748759607,0.9850159944342022,1102225,7562,23725,816924,4528,7899,30849.3518772088,2182.405744520896,irma_s041,irma,mid,0,Bp_N5_s2
single,land,0.004672817348552441,0.01353834379886469,3684744,0.9575172734427295,0.9732624147307161,683765,7348,22989,408050,4215,6995,17218.135688174516,675.3647627191897,irma_s041,irma,mid,0,Bp_N5_s2
single,active,0.008126656794415703,0.0233931830445008,4110456,0.9703399933241142,0.9845467723700729,1159893,9222,26232,851694,5445,7923,33404.26518054679,2249.410105140873,irma_s046,irma,mid,-6,Bp_N5_s2
single,land,0.0052054731310189565,0.014582695841517536,3684744,0.9555948732883686,0.9732577856455006,741555,9003,25456,443680,5133,7058,19180.835886683315,783.5793016682846,irma_s046,irma,mid,-6,Bp_N5_s2
single,active,0.008160899500129104,0.024357072458347763,4110456,0.9700506926499398,0.9841545511504214,1167100,8689,27344,860777,5313,8546,33545.01831570268,2438.597812368651,irma_s049,irma,high,-6,Bp_N5_s2
single,land,0.0052917184480826465,0.014529668859575389,3684744,0.9552405675909547,0.9727402352920904,748452,8469,26601,451618,4995,7661,19498.627801261842,777.8910118804957,irma_s049,irma,high,-6,Bp_N5_s2
single,active,0.007419198776951851,0.023556299483080332,4110456,0.974023674532356,0.9855550169655841,1056204,6443,21725,792948,3786,7836,30496.2901279144,2280.888932389179,irma_s059,irma,mid,0,Bp_N5_s2
single,land,0.004391275863262019,0.013611638732008179,3684744,0.9588391765124084,0.9733227256616408,636581,6287,21040,381707,3512,6950,16180.727389499545,682.6972417195522,irma_s059,irma,mid,0,Bp_N5_s2
single,active,0.007656240103794965,0.024350034972045524,4110456,0.973045774582543,0.984701387133703,1048667,6468,22581,794784,3273,9075,31470.638072084635,2437.1888483413745,irma_s063,irma,high,6,Bp_N5_s2
single,land,0.004589773504137327,0.01412524641374623,3684744,0.9570203494122194,0.9714736216693834,628971,6305,21942,382611,3001,8234,16912.14038072899,735.1896525456722,irma_s063,irma,high,6,Bp_N5_s2
single,active,0.00786782823339217,0.02394448267237857,4110456,0.9725519869181566,0.9851274545705024,1116939,7428,24095,836652,4671,7960,32340.36176891625,2356.6816515828164,irma_s068,irma,high,0,Bp_N5_s2
single,land,0.004886241422010008,0.014273237629468714,3684744,0.9578030552808001,0.9736951180135887,697204,7276,23440,425200,4390,7097,18004.548762302846,750.6756226145516,irma_s068,irma,high,0,Bp_N5_s2
single,active,0.005684402951137705,0.019122845682024804,4110456,0.9750063807993595,0.9868655009563065,867158,6873,15356,645488,3733,4858,23365.488216921687,1503.1248144332797,matthew_s005,matthew,low,0,Bp_N5_s2
single,land,0.0031240300510461966,0.010842140281225291,3684744,0.9552384969699025,0.9710816963156563,450650,6582,14535,241878,3228,3975,11511.250986412168,433.1490483460705,matthew_s005,matthew,low,0,Bp_N5_s2
single,active,0.005649546197531327,0.019369889140046708,4110456,0.9751783085181345,0.9872516715682773,851121,7152,14512,635796,3347,4863,23222.21106491983,1542.2126956015602,matthew_s006,matthew,low,6,Bp_N5_s2
single,land,0.003066310577033256,0.010860807352478493,3684744,0.9548221421149634,0.971439214159855,434657,6878,13688,232105,2864,3960,11298.569500859827,434.64185041418847,matthew_s006,matthew,low,6,Bp_N5_s2
single,active,0.006949446824999783,0.02093490705707477,4110456,0.96706853542648,0.9855659116064481,988962,10528,23149,719471,5272,5265,28565.395398501307,1801.4909219092262,matthew_s024,matthew,mid,6,Bp_N5_s2
single,land,0.004451112898167486,0.013047309608830722,3684744,0.9460543789059722,0.9715066378511886,572063,10245,22375,314671,4773,4456,16401.211544845253,627.2624019199744,matthew_s024,matthew,mid,6,Bp_N5_s2
single,active,0.006723729881174297,0.02091486070396116,4110456,0.971882205072371,0.984692729149282,971198,8551,19547,717455,4752,6401,27637.595832452178,1798.0425155912753,matthew_s037,matthew,low,-6,Bp_N5_s2
single,land,0.004015964416644287,0.01220817478470961,3684744,0.952979094918319,0.9691614224900781,552320,8381,18871,309398,4331,5514,14797.800788443536,549.172519730179,matthew_s037,matthew,low,-6,Bp_N5_s2
single,active,0.006510790746746183,0.019987088543489927,4110456,0.9720407342755213,0.98620741393179,954996,7907,19562,709879,4537,5391,26762.318889707327,1642.06020628126,matthew_s041,matthew,mid,0,Bp_N5_s2
single,land,0.003955975381929146,0.012144001128003968,3684744,0.9527337380684261,0.9717919052790678,536391,7717,18894,301548,4127,4626,14576.75655271113,543.4141190663742,matthew_s041,matthew,mid,0,Bp_N5_s2
single,active,0.007358719659304913,0.02182512693428518,4110456,0.9681283536377422,0.9852124008561652,1036181,10043,24069,756718,5526,5832,30247.69337590784,1957.9588503089426,matthew_s046,matthew,mid,-6,Bp_N5_s2
single,land,0.004636939129333063,0.01320965252434448,3684744,0.9488556953851122,0.9717913300685056,617131,9850,23414,348256,5121,4988,17085.933635175228,642.9691088148247,matthew_s046,matthew,mid,-6,Bp_N5_s2
single,active,0.007253009752511351,0.02129319198341969,4110456,0.9679796290836074,0.985094150412038,1037407,9876,24441,758357,5583,5892,29813.1774552688,1863.6808525151068,matthew_s049,matthew,high,-6,Bp_N5_s2
single,land,0.004664436911620548,0.013200253182115717,3684744,0.9486909742243378,0.9714196852055494,618630,9651,23807,349816,5181,5111,17187.255923472345,642.0544236540359,matthew_s049,matthew,high,-6,Bp_N5_s2
single,active,0.0060567259817759355,0.019713355855053794,4110456,0.9762247611211063,0.9867844796697135,896927,6320,15524,680231,3741,5369,24895.905652146786,1597.3906092473876,matthew_s059,matthew,mid,0,Bp_N5_s2
single,land,0.0033136055520430084,0.011316519094840405,3684744,0.9576700993270487,0.971133440166313,477162,6176,14915,269070,3422,4576,12209.788176257163,471.88159801929294,matthew_s059,matthew,mid,0,Bp_N5_s2
single,active,0.006049105325770847,0.02013415134833461,4110456,0.9759935067307873,0.9869807183719954,881409,6509,15171,672503,3295,5576,24864.58128094673,1666.3133027545546,matthew_s063,matthew,high,6,Bp_N5_s2
single,land,0.00330918660062444,0.011521568890479767,3684744,0.9566824893750479,0.9710368969271761,462136,6333,14592,261307,2983,4811,12193.505471531302,489.1370525206696,matthew_s063,matthew,high,6,Bp_N5_s2
single,active,0.006767053133255553,0.02056120791760768,4110456,0.9724219564156675,0.986989880265162,968577,7707,19762,728363,4386,5215,27815.674153909087,1737.7498239893814,matthew_s068,matthew,high,0,Bp_N5_s2
single,land,0.004074191780411881,0.012475660495809915,3684744,0.9534937070520642,0.973808777333112,548646,7558,19202,316817,4065,4456,15012.353717721999,573.5013118339036,matthew_s068,matthew,high,0,Bp_N5_s2
single,active,0.003735058370530626,0.018465506052446238,4110456,0.9869228405201191,0.9902593672720383,558774,2847,4557,491336,2108,2725,15352.793089497834,1401.562380167417,ian_s005,ian,low,0,Bp_N5_s2
single,land,0.0009827210846694101,0.0067978899502815875,3684744,0.9605529929727638,0.9668219158364435,146395,2417,3595,94036,1543,1684,3621.0756204091012,170.27683906028304,ian_s005,ian,low,0,Bp_N5_s2
single,active,0.003750181879197478,0.018513088531999476,4110456,0.9869719623194503,0.9902809473505956,558333,2851,4519,491215,2102,2719,15414.957606438547,1408.7948640517327,ian_s006,ian,low,6,Bp_N5_s2
single,land,0.0009856182308946816,0.006825840394787473,3684744,0.9607365677731856,0.9669648647813958,145982,2426,3540,93930,1538,1671,3631.7508625797927,171.67995021863285,ian_s006,ian,low,6,Bp_N5_s2
single,active,0.0040028969017453,0.01864578376463407,4110456,0.9832975451221635,0.9898188018436809,593012,3797,6276,502726,2347,2824,16453.73158716038,1429.062721886692,ian_s024,ian,mid,6,Bp_N5_s2
single,land,0.001291861145515713,0.0074878867060974175,3684744,0.9542114188807236,0.9670327652071702,180616,3348,5319,105306,1771,1819,4760.1776047721505,206.59787486403155,ian_s024,ian,mid,6,Bp_N5_s2
single,active,0.0038534618943647228,0.017520665298237054,4110456,0.9855779387928602,0.9902452478102175,583130,3293,5240,506251,2267,2720,15839.48556446284,1261.8019383585024,ian_s037,ian,low,-6,Bp_N5_s2
single,land,0.001129683477443108,0.00679499435624405,3684744,0.9589502856173293,0.9679903752381126,169552,2932,4326,106205,1708,1804,4162.594415407628,170.13180947185145,ian_s037,ian,low,-6,Bp_N5_s2
single,active,0.0039384193462817995,0.01833922395322844,4110456,0.9854584888530212,0.9900272759922735,586131,3254,5395,509968,2320,2817,16188.699432440102,1382.4578908730587,ian_s041,ian,mid,0,Bp_N5_s2
single,land,0.0011849970322238665,0.0073302141791464345,3684744,0.9585058776382581,0.9672787152292084,172209,2869,4586,109258,1767,1929,4366.4107045046985,197.98881167409,ian_s041,ian,mid,0,Bp_N5_s2
single,active,0.004018519884408433,0.017683373623516813,4110456,0.983430157406188,0.9899524601441805,604842,3722,6469,513719,2425,2789,16517.94916998595,1285.346590109974,ian_s046,ian,mid,-6,Bp_N5_s2
single,land,0.0013110353643782007,0.0071699695517930635,3684744,0.9554740623423081,0.9681190042087685,191241,3346,5566,113632,1863,1879,4830.829692680389,189.42702696523838,ian_s046,ian,mid,-6,Bp_N5_s2
single,active,0.004108729471014178,0.01848353480369752,4110456,0.9831925720658418,0.9896887122355774,609193,3763,6651,517914,2514,2882,16888.751706507057,1404.300540153166,ian_s049,ian,high,-6,Bp_N5_s2
single,land,0.001379545822268546,0.007715197803136528,3684744,0.9548978084697436,0.967296355620139,195247,3376,5846,117157,1941,2020,5083.273191329092,219.33172305156293,ian_s049,ian,high,-6,Bp_N5_s2
single,active,0.0040386223657614285,0.01867513034972639,4110456,0.9869991384665382,0.9905359035075303,583126,2809,4872,517870,2190,2758,16600.579535078257,1433.5646633958788,ian_s059,ian,mid,0,Bp_N5_s2
single,land,0.0011476115445287574,0.007452548998549422,3684744,0.9623682373273208,0.9691130129174517,168170,2487,4089,114711,1684,1972,4228.654753033072,204.65247466718586,ian_s059,ian,mid,0,Bp_N5_s2
single,active,0.004189623056314732,0.019664870522956734,4110456,0.9867206540207887,0.9899423518111913,588272,2816,5101,522548,2277,3032,17221.26122956723,1589.5426537864269,ian_s063,ian,high,6,Bp_N5_s2
single,land,0.0012511145448515452,0.008343670276241262,3684744,0.9617169309082018,0.9677029980752292,173060,2522,4367,118652,1758,2202,4610.036812454462,256.52021019633696,ian_s063,ian,high,6,Bp_N5_s2
single,active,0.004144932908970226,0.018713412456157374,4110456,0.9857232209311345,0.9902616529617569,597298,3182,5469,522772,2284,2857,17037.56434527412,1439.4480091134571,ian_s068,ian,high,0,Bp_N5_s2
single,land,0.0012823354961654311,0.007697260291295148,3684744,0.9601866382987687,0.9689591469639761,182326,2863,4697,119587,1757,2074,4725.078025482595,218.3130344894384,ian_s068,ian,high,0,Bp_N5_s2
single,active,0.004065936261381762,0.015414593056494208,4110456,0.9815657256268606,0.9887905219172974,628099,5174,6622,514442,2445,3387,16712.85210121423,976.6841311036513,milton_s005,milton,low,0,Bp_N5_s2
single,land,0.0015265324255186211,0.007564106219625466,3684744,0.9518292682926829,0.9618606433186465,210735,4881,5784,110462,2009,2371,5624.881195735186,210.82521797310417,milton_s005,milton,low,0,Bp_N5_s2
single,active,0.004051792453212943,0.015378009997425154,4110456,0.9818703397566401,0.9890432460922322,626015,5058,6501,514166,2385,3311,16654.71460006386,972.0537533218471,milton_s006,milton,low,6,Bp_N5_s2
single,land,0.0015137152606746647,0.007539638943638437,3684744,0.9523413966225468,0.9627636338220134,208658,4777,5665,110196,1952,2310,5577.653224479407,209.46353003479953,milton_s006,milton,low,6,Bp_N5_s2
single,active,0.005215227926370698,0.016840958983880546,4110456,0.9765574720041189,0.9879779146995279,849730,6552,13846,617338,3089,4423,21436.964921317995,1165.7988966938003,milton_s024,milton,mid,6,Bp_N5_s2
single,land,0.002812161205604396,0.009913314592132285,3684744,0.9571921106999794,0.9721054503342057,432267,6287,13045,213208,2661,3457,10362.094129383564,362.1138177621301,milton_s024,milton,mid,6,Bp_N5_s2
single,active,0.004839719117318695,0.01654435450833283,4110456,0.9773422955525113,0.9884881546606005,779063,6131,11930,588361,2743,4109,19893.45248409733,1125.0962020040251,milton_s037,milton,low,-6,Bp_N5_s2
single,land,0.0023555905872585012,0.009018930374835815,3684744,0.9546557010691987,0.9703559213339034,360541,5905,11220,181573,2356,3191,8679.74828285724,299.7211489932043,milton_s037,milton,low,-6,Bp_N5_s2
single,active,0.004894497623970835,0.016571270275803504,4110456,0.9777332731722933,0.9880494369752263,775759,5779,11888,589908,2748,4387,20118.617125436664,1128.7599848471657,milton_s041,milton,mid,0,Bp_N5_s2
single,land,0.0024009305040165432,0.009287277973267572,3684744,0.9551115050029318,0.9687589765413054,356716,5553,11212,182117,2383,3490,8846.814269091934,317.82218507861955,milton_s041,milton,mid,0,Bp_N5_s2
single,active,0.005339289951184751,0.01744424933153315,4110456,0.9771588296772366,0.9884564577400117,876061,6549,13929,638275,3092,4362,21946.916415587068,1250.8193024208972,milton_s046,milton,mid,-6,Bp_N5_s2
single,land,0.002869156247403675,0.009917051479851786,3684744,0.9590229913970921,0.9742717629230511,457500,6314,13234,231448,2686,3426,10572.106267683208,362.38687148412856,milton_s046,milton,mid,-6,Bp_N5_s2
single,active,0.0053862462010601415,0.01749005401932341,4110456,0.9771199384186049,0.9879865862496775,880943,6427,14201,643448,3120,4704,22139.928014624864,1257.3966685585347,milton_s049,milton,high,-6,Bp_N5_s2
single,land,0.0029223965910565907,0.010130942994159365,3684744,0.9589992545696542,0.9730091401335706,461855,6200,13546,235584,2735,3800,10768.283304516226,378.18740711156784,milton_s049,milton,high,-6,Bp_N5_s2
single,active,0.004267935384592797,0.015952881386187872,4110456,0.9824804299479984,0.9895959482761737,654274,4601,7066,547490,2402,3354,17543.160609211773,1046.0881342420955,milton_s059,milton,mid,0,Bp_N5_s2
single,land,0.0016982281087039774,0.008198213297389019,3684744,0.9554420268548466,0.9675320537781333,233961,4383,6528,136661,2052,2534,6257.5358341783285,247.6542282385314,milton_s059,milton,mid,0,Bp_N5_s2
single,active,0.00439332617032708,0.01634065700844576,4110456,0.9827517484866354,0.9899586828596469,658311,4437,7117,553476,2322,3292,18058.57391677797,1097.5619235167028,milton_s063,milton,high,6,Bp_N5_s2
single,land,0.0017645850130787808,0.008692436342799616,3684744,0.9561582857740821,0.9687397395206304,237569,4251,6642,141622,2022,2548,6502.044039431959,278.413543715712,milton_s063,milton,high,6,Bp_N5_s2
single,active,0.0050977699648285055,0.0171460758202262,4110456,0.9775834135137652,0.9885924103006564,787419,5517,12539,604980,2682,4299,20954.15913854912,1208.4243933851174,milton_s068,milton,high,0,Bp_N5_s2
single,land,0.002514812582249781,0.009647135618732415,3684744,0.9549700710957802,0.9709666611660341,367101,5324,11986,194171,2374,3432,9266.440573569387,342.92890129653927,milton_s068,milton,high,0,Bp_N5_s2
single,active,0.004982100526714242,0.019318931436878902,4110456,0.9712727495364927,0.9833077858464068,618692,6961,11338,459307,3559,4238,20478.705002635717,1534.1089585832322,beryl_s005,beryl,low,0,Bp_N5_s2
single,land,0.0021760067688587096,0.00932225628849497,3684744,0.9354186971635092,0.9458489470628596,223624,5843,9596,89605,2483,2647,8018.0278855115175,320.2206960640442,beryl_s005,beryl,low,0,Bp_N5_s2
single,active,0.004823756501261808,0.018873064071007625,4110456,0.971907927897655,0.9834361939409688,607389,6936,10620,454141,3521,4128,19827.838853150606,1464.1137937321823,beryl_s006,beryl,low,6,Bp_N5_s2
single,land,0.0020137272316337186,0.00897277334880714,3684744,0.93505332987045,0.9443730514364894,212417,5834,8920,84511,2447,2531,7420.069334398955,296.661177152638,beryl_s006,beryl,low,6,Bp_N5_s2
single,active,0.005872084028838867,0.020296785852677676,4110456,0.9657044084469616,0.9820681895732849,741379,8238,18091,532443,3919,5803,24136.943028844893,1693.34146409154,beryl_s024,beryl,mid,6,Bp_N5_s2
single,land,0.003105461711752786,0.011267865131667092,3684744,0.9362716676871725,0.9584406968409954,345576,7196,16326,161803,2880,4136,11442.831409610808,467.8327283598788,beryl_s024,beryl,mid,6,Bp_N5_s2
single,active,0.005737024984465689,0.019978291212832157,4110456,0.969984153705056,0.9834231923539523,726587,7758,14726,518384,3939,4799,23581.788769546896,1640.6150165618478,beryl_s037,beryl,low,-6,Bp_N5_s2
single,land,0.002886074444151822,0.010608832667068935,3684744,0.9427548015016074,0.9586232076473712,328732,6879,13082,144407,3024,3209,10634.44549164176,414.70810098912443,beryl_s037,beryl,low,-6,Bp_N5_s2
single,active,0.005668747380202462,0.020374166772860025,4110456,0.9693184159080398,0.9831884258778159,710523,7618,14872,510906,3854,4882,23301.136681437492,1706.2777092812582,beryl_s041,beryl,mid,0,Bp_N5_s2
single,land,0.002885096192922722,0.010711727167272554,3684744,0.9401846949825532,0.9567167416508652,312555,6681,13204,136733,2858,3328,10630.840886294842,422.79157574760285,beryl_s041,beryl,mid,0,Bp_N5_s2
single,active,0.006190072277319962,0.020601648818278424,4110456,0.9666381124301616,0.9825450264123603,788768,8957,18266,564141,4134,5888,25444.0197327435,1744.5923480080937,beryl_s046,beryl,mid,-6,Bp_N5_s2
single,land,0.0033599708175910225,0.011580459311739713,3684744,0.9405795356007323,0.9619577353281501,390491,8094,16575,189548,3211,4285,12380.632310293615,494.15010315242057,beryl_s046,beryl,mid,-6,Bp_N5_s2
single,active,0.0061537800961444615,0.020906311302537426,4110456,0.9665376041874512,0.982483550056196,789581,9048,18288,564706,4100,5968,25294.842318877578,1796.572838541702,beryl_s049,beryl,high,-6,Bp_N5_s2
single,land,0.003370640950771695,0.01158398670662776,3684744,0.940432670699671,0.9619289597019911,391283,8182,16602,190056,3144,4378,12419.949019510299,494.45118413173316,beryl_s049,beryl,high,-6,Bp_N5_s2
single,active,0.005046357193250577,0.019325722984717884,4110456,0.9732406391023296,0.9848601714074108,638368,6694,10858,481377,3546,3854,20742.82920313999,1535.1877766126486,beryl_s059,beryl,mid,0,Bp_N5_s2
single,land,0.002219762868275258,0.00938879725249683,3684744,0.9404815849511599,0.953223883334862,238682,5777,9328,103930,2639,2461,8179.257910300046,324.80839225614795,beryl_s059,beryl,mid,0,Bp_N5_s2
single,active,0.0048951636229693195,0.01902477051134944,4110456,0.9740135565273719,0.9850326328209444,628529,6465,10304,477532,3438,3818,20121.354685015976,1487.746225772303,beryl_s063,beryl,high,6,Bp_N5_s2
single,land,0.002094783924864938,0.009152306024871435,3684744,0.9405986615057443,0.9532611187528657,228668,5609,8832,99795,2510,2383,7718.742498442531,308.65149627150237,beryl_s063,beryl,high,6,Bp_N5_s2
single,active,0.005712374098809965,0.020246066783743324,4110456,0.9701663921766296,0.9839778807679912,719846,7508,14628,522078,3714,4787,23480.46238869801,1684.8891509388932,beryl_s068,beryl,high,0,Bp_N5_s2
single,land,0.002909764583118267,0.010757995615761318,3684744,0.9419283396064156,0.9589458992423235,319828,6635,13083,144283,2852,3325,10721.737589057535,426.4518927050707,beryl_s068,beryl,high,0,Bp_N5_s2
single,active,0.006564967932396005,0.021707842200382285,4110456,0.9741489128256084,0.9860786341066994,1025470,8104,19109,762011,4801,5957,26985.01182752475,1936.9718784847555,irma_s005,irma,low,0,Bp_N10_s0
single,land,0.003998637170660028,0.012381134288367802,3684744,0.958773556223821,0.97433543196922,608640,7816,18355,356560,4240,5152,14733.954322766513,564.8435690159251,irma_s005,irma,low,0,Bp_N10_s0
single,active,0.006603172840260618,0.02189276374002438,4110456,0.9745407645181937,0.9862194600069885,1012504,8191,18260,753591,4577,5953,27142.051420286298,1970.113215821028,irma_s006,irma,low,6,Bp_N10_s0
single,land,0.004006591017296797,0.012476248193800915,3684744,0.9590675376774406,0.9742684298593661,595767,7895,17532,348186,4036,5160,14763.262211438268,573.5553456075241,irma_s006,irma,low,6,Bp_N10_s0
single,active,0.007578828762145601,0.023178615956216477,4110456,0.9699539807035854,0.9851562509312357,1126361,10872,24019,826486,5841,6612,31152.442158333957,2208.335241920494,irma_s024,irma,mid,6,Bp_N10_s0
single,land,0.005037426825841828,0.014041406831197076,3684744,0.9544314049431115,0.9741594823092197,709426,10576,23295,420456,5320,5833,18561.628271959722,726.4882016269229,irma_s024,irma,mid,6,Bp_N10_s0
single,active,0.007415718640060295,0.0226606009074233,4110456,0.9726300948407571,0.9858877505385365,1113429,9782,21550,817856,5571,6136,30481.985178347677,2110.7308029175306,irma_s037,irma,low,-6,Bp_N10_s0
single,land,0.004677131085256309,0.013741682422054369,3684744,0.9581532922874206,0.9748896667173946,695168,9530,20831,409984,5166,5394,17234.030703611672,695.8043434190218,irma_s037,irma,low,-6,Bp_N10_s0
single,active,0.007304689055382925,0.022681913709203402,4110456,0.9728374653705439,0.9852890156698726,1104046,8922,21904,817916,5305,6907,30025.602955833077,2114.703049052827,irma_s041,irma,mid,0,Bp_N10_s0
single,land,0.004649322442797791,0.013530774288534593,3684744,0.9581859860503473,0.9738059689053038,685515,8676,21239,408943,4898,6102,17131.562975164503,674.6097587878568,irma_s041,irma,mid,0,Bp_N10_s0
single,active,0.007911902620860311,0.022969275438838484,4110456,0.9706686076634833,0.9846986091429535,1161537,10511,24588,852620,6252,6997,32521.52759933099,2168.6256742533587,irma_s046,irma,mid,-6,Bp_N10_s0
single,land,0.0051797800194300645,0.014542985760607904,3684744,0.9561037176557772,0.973533953152206,743145,10253,23866,444501,5847,6237,19086.163347914815,779.3175887611878,irma_s046,irma,mid,-6,Bp_N10_s0
single,active,0.007950563313467262,0.02403925216304791,4110456,0.9704948767063462,0.9844518923661087,1168865,9957,25579,861801,6089,7522,32680.440675221384,2375.3735149897793,irma_s049,irma,high,-6,Bp_N10_s0
single,land,0.005261573377377286,0.014502991130173525,3684744,0.9559075386105306,0.9733177331902364,750158,9707,24895,452547,5674,6732,19387.55093285069,775.0370838867309,irma_s049,irma,high,-6,Bp_N10_s0
single,active,0.007189962627853044,0.023104915100499314,4110456,0.9745063418686752,0.9856111802954246,1058042,7792,19887,793828,4633,6956,29554.02502343431,2194.313918121687,irma_s059,irma,mid,0,Bp_N10_s0
single,land,0.004355823465284338,0.013545140848701754,3684744,0.9596758918236347,0.9733802953107583,638386,7589,19235,382482,4285,6175,16050.094378765672,676.0430791169608,irma_s059,irma,mid,0,Bp_N10_s0
single,active,0.00739421038905406,0.023908892059858345,4110456,0.9738078930368478,0.984941503819704,1050691,7703,20557,795750,4057,8109,30393.576458949596,2349.6810068826308,irma_s063,irma,high,6,Bp_N10_s0
single,land,0.004527487322259178,0.01403654326841904,3684744,0.9582632151297364,0.971866754868192,630932,7499,19981,383451,3706,7394,16682.631745770574,725.9850171390335,irma_s063,irma,high,6,Bp_N10_s0
single,active,0.00763787987956658,0.023490225438540617,4110456,0.9729949754250711,0.9854987382278719,1118700,8715,22334,837669,5383,6943,31395.169178243726,2268.1113571958895,irma_s068,irma,high,0,Bp_N10_s0
single,land,0.004844658223305125,0.01420973463444443,3684744,0.9585511627013951,0.9743933923152737,698941,8520,21703,426111,5012,6186,17851.32532037422,744.0108269962537,irma_s068,irma,high,0,Bp_N10_s0
single,active,0.0055155348409336976,0.018751509922389355,4110456,0.9751937323024896,0.9866261286780819,868568,8148,13946,646101,4513,4245,22671.363280124962,1445.3149394792197,matthew_s005,matthew,low,0,Bp_N10_s0
single,land,0.0031389395375148693,0.010938261271319657,3684744,0.9555945985373682,0.9706758726751358,451980,7798,13205,242370,3839,3483,11566.18862722069,440.86325800884805,matthew_s005,matthew,low,0,Bp_N10_s0
single,active,0.005485253603973128,0.018989705934795143,4110456,0.9754575321585631,0.9870715191895505,852426,8240,13207,636442,4119,4217,22546.89358797297,1482.2671460966344,matthew_s006,matthew,low,6,Bp_N10_s0
single,land,0.003087081494994105,0.010966678457004492,3684744,0.9553881998128206,0.9711136624569461,435893,7902,12452,232606,3460,3459,11375.105016190559,443.1569254405048,matthew_s006,matthew,low,6,Bp_N10_s0
single,active,0.006795687681405861,0.020678131270294043,4110456,0.967407269957224,0.9854530426131426,990567,11829,21544,720107,6001,4629,27933.37520416081,1757.5697925489671,matthew_s024,matthew,mid,6,Bp_N10_s0
single,land,0.004441563341861363,0.013101100038944194,3684744,0.946664488157658,0.9714213509290449,573602,11481,20836,315200,5346,3927,16366.023874543607,632.4451203806199,matthew_s024,matthew,mid,6,Bp_N10_s0
single,active,0.0065359614509841015,0.020588390077780218,4110456,0.97222766438096,0.9846538583350815,972636,9675,18109,718176,5513,5680,26865.781961966306,1742.3475127423217,matthew_s037,matthew,low,-6,Bp_N10_s0
single,land,0.0040036047935480485,0.012235881417175522,3684744,0.9536153760042712,0.9690158984201609,553712,9454,17479,309994,4994,4918,14752.25874139741,551.6680585940649,matthew_s037,matthew,low,-6,Bp_N10_s0
single,active,0.006334583021533631,0.019647855478925787,4110456,0.9722970514027337,0.9861205742157958,956470,9164,18088,710633,5365,4637,26038.024788361043,1586.7931378548633,matthew_s041,matthew,mid,0,Bp_N10_s0
single,land,0.00394870634484445,0.012194283553831736,3684744,0.9532226761549437,0.9716734830362425,537813,8920,17472,302206,4842,3968,14549.972011927515,547.9234645356044,matthew_s041,matthew,mid,0,Bp_N10_s0
single,active,0.007175528614447952,0.021531018673552674,4110456,0.9685721697875509,0.9851493519669922,1037920,11348,22330,757371,6238,5179,29494.69464642927,1905.544779299687,matthew_s046,matthew,mid,-6,Bp_N10_s0
single,land,0.0046176001003547075,0.013221822786544938,3684744,0.9496306276720796,0.971710964334365,618823,11101,21722,348818,5729,4426,17014.674264181405,644.1544098395377,matthew_s046,matthew,mid,-6,Bp_N10_s0
single,active,0.007082259550636426,0.021023149012105218,4110456,0.9684113908716477,0.9849689919764549,1039241,11292,22607,759024,6358,5225,29111.3162634708,1816.7097245173318,matthew_s049,matthew,high,-6,Bp_N10_s0
single,land,0.004646766375655123,0.013232154838335309,3684744,0.9494384515678824,0.9712335905623558,620421,11024,22016,350390,5841,4537,17122.14452209696,645.1615383180864,matthew_s049,matthew,high,-6,Bp_N10_s0
single,active,0.005864851722162241,0.019320359953190303,4110456,0.9766715514467356,0.9868793637636256,898405,7413,14046,681004,4458,4596,24107.214950472116,1534.3358428394274,matthew_s059,matthew,mid,0,Bp_N10_s0
single,land,0.003316444452521841,0.011371261920190386,3684744,0.9584217029858428,0.9712785647924754,478562,7246,13515,269726,4056,3920,12220.248797763139,476.45802513515224,matthew_s059,matthew,mid,0,Bp_N10_s0
single,active,0.005878922158590637,0.019874547808293497,4110456,0.9763474279141274,0.9870436428520113,882745,7550,13835,673222,3980,4857,24165.050860311836,1623.620462829498,matthew_s063,matthew,high,6,Bp_N10_s0
single,land,0.003313657856457611,0.011593813276033735,3684744,0.9573526586415405,0.9711160548757879,463419,7335,13309,261910,3582,4208,12209.980904635042,495.2904150144829,matthew_s063,matthew,high,6,Bp_N10_s0
single,active,0.0065752178809900174,0.020193327828967617,4110456,0.9728968916567635,0.9869525138643922,970129,8816,18210,729124,5185,4454,27027.143790222704,1676.1226523444261,matthew_s068,matthew,high,0,Bp_N10_s0
single,land,0.0040588278456609676,0.012494892395698464,3684744,0.9543144302357047,0.97362392003754,550147,8636,17701,317453,4780,3820,14955.741551332176,575.270840768596,matthew_s068,matthew,high,0,Bp_N10_s0
single,active,0.003565282384287717,0.01819589221715103,4110456,0.9870872243089751,0.9901162896027795,559484,3472,3847,491867,2716,2194,14654.936368189752,1360.9329058713809,ian_s005,ian,low,0,Bp_N10_s0
single,land,0.0010072220665167597,0.006881062056092855,3684744,0.9609249356049215,0.9663793279960687,146985,2972,3005,94394,1958,1326,3711.3554662652314,174.468999000121,ian_s005,ian,low,0,Bp_N10_s0
single,active,0.003579375347743729,0.018237208365919917,4110456,0.9870858611897817,0.9901457201134833,559042,3504,3810,491743,2703,2191,14712.864874385297,1367.1202741865914,ian_s006,ian,low,6,Bp_N10_s0
single,land,0.001009698537613965,0.006909320482001173,3684744,0.9609302264591337,0.9665197334700154,146563,3000,2959,94284,1949,1317,3720.4806282818317,175.90492348262055,ian_s006,ian,low,6,Bp_N10_s0
single,active,0.003838122660096454,0.018398747133138403,4110456,0.9834803385065246,0.9895647967721067,593970,4659,5318,503260,3017,2290,15776.43431692943,1391.4464751808905,ian_s024,ian,mid,6,Bp_N10_s0
single,land,0.0013121805731236128,0.007569531006680307,3684744,0.9546640711316883,0.9662235063913831,181453,4135,4482,105672,2241,1453,4835.0494937337935,211.12772351442032,ian_s024,ian,mid,6,Bp_N10_s0
single,active,0.0036723937830621762,0.01694171864769174,4110456,0.9856346577807488,0.9901679191237099,583888,4028,4482,506762,2823,2209,15095.21305995062,1179.7906062861305,ian_s037,ian,low,-6,Bp_N10_s0
single,land,0.0011489441843570937,0.006853814361816861,3684744,0.9588885946277942,0.9680803713359191,170173,3591,3705,106575,2080,1434,4233.565189644694,173.09000672206605,ian_s037,ian,low,-6,Bp_N10_s0
single,active,0.0037777492054271227,0.018039376371357274,4110456,0.9855365933925705,0.9900473584386066,586958,4046,4568,510510,2857,2275,15528.271887943149,1337.6208915648951,ian_s041,ian,mid,0,Bp_N10_s0
single,land,0.0012088032125286785,0.007399825532347992,3684744,0.9585663996452033,0.967589079293366,172911,3590,3884,109653,2139,1534,4454.130384545773,201.7670670963776,ian_s041,ian,mid,0,Bp_N10_s0
single,active,0.0038430604762474587,0.017136153395215625,4110456,0.9837968187981585,0.9898155990144749,605827,4494,5484,514229,3012,2279,15796.730992954224,1207.0261689631718,ian_s046,ian,mid,-6,Bp_N10_s0
single,land,0.0013274246411534494,0.007233432615097768,3684744,0.9563327690929005,0.9678807947019867,192089,4053,4718,113997,2269,1514,4891.219981942326,192.7951925864014,ian_s046,ian,mid,-6,Bp_N10_s0
single,active,0.003948125806790934,0.01820173122426339,4110456,0.9835375160571271,0.9896352089851095,610227,4597,5617,518459,3093,2337,16228.597411278635,1361.806484569855,ian_s049,ian,high,-6,Bp_N10_s0
single,land,0.0013980816249675775,0.007785836102051194,3684744,0.9558287529723619,0.9674133078784088,196159,4131,4934,117562,2345,1615,5151.572879109532,223.3663949060789,ian_s049,ian,high,-6,Bp_N10_s0
single,active,0.0038700141761532024,0.018344347801690274,4110456,0.987390680906613,0.9902796510761542,583931,3390,4067,518350,2810,2278,15907.522990453988,1383.2304965510452,ian_s059,ian,mid,0,Bp_N10_s0
single,land,0.001167609380606827,0.007492662660044953,3684744,0.9635104374069362,0.96841201572245,168887,3024,3372,115058,2128,1625,4302.341659534723,206.8615050833029,ian_s059,ian,mid,0,Bp_N10_s0
single,active,0.004025820538787476,0.019431910096716826,4110456,0.9868958537884907,0.9898117520607359,589013,3461,4360,523068,2872,2512,16547.95818858221,1552.1046095315817,ian_s063,ian,high,6,Bp_N10_s0
single,land,0.001271971605260321,0.00839046044877952,3684744,0.9623538274901259,0.96721950902398,173727,3096,3700,119027,2207,1827,4686.889740653336,259.4053384536407,ian_s063,ian,high,6,Bp_N10_s0
single,active,0.003979233916038872,0.018400731448678712,4110456,0.9860078071424804,0.990125087273491,598136,3857,4631,523292,2882,2337,16356.465925585479,1391.7466279832163,ian_s068,ian,high,0,Bp_N10_s0
single,land,0.0013007118748179182,0.0077387091710673095,3684744,0.9609727675478195,0.9686533538973361,183073,3485,3950,119959,2180,1702,4792.790276464075,220.67054712199493,ian_s068,ian,high,0,Bp_N10_s0
single,active,0.0038673028054838953,0.015062750331393942,4110456,0.9817407096518518,0.9889402408185758,629231,6213,5490,515047,2978,2782,15896.37802061811,932.6067596337639,milton_s005,milton,low,0,Bp_N10_s0
single,land,0.001534329764236163,0.007629914011286825,3684744,0.9523126391293594,0.9623101622841274,211761,5846,4758,110887,2397,1946,5653.612392790616,214.50953792485845,milton_s005,milton,low,0,Bp_N10_s0
single,active,0.003857209496972938,0.015045341986416093,4110456,0.982025107537742,0.9892020385259889,627134,6097,5382,514757,2899,2720,15854.889920089394,930.452337872426,milton_s006,milton,low,6,Bp_N10_s0
single,land,0.0015230876818992016,0.007605983139719976,3684744,0.9527901481414159,0.9634064565571415,209671,5737,4652,110627,2323,1879,5612.188197351992,213.1660496867237,milton_s006,milton,low,6,Bp_N10_s0
single,active,0.005080810310613232,0.016668295553381132,4110456,0.9771695785638466,0.9878315860820969,851530,7849,12046,617942,3793,3819,20884.44722612202,1142.0165264784507,milton_s024,milton,mid,6,Bp_N10_s0
single,land,0.0028288539360235613,0.01000013610601406,3684744,0.9584199216895275,0.9717404156623767,433985,7501,11327,213676,3225,2989,10423.602567639202,368.48443038463273,milton_s024,milton,mid,6,Bp_N10_s0
single,active,0.00469651287947399,0.01636088618250466,4110456,0.9777630268835048,0.9883658676172686,780690,7452,10303,588901,3363,3569,19304.80954451114,1100.281093782028,milton_s037,milton,low,-6,Bp_N10_s0
single,land,0.0023598121962292145,0.009080822880352718,3684744,0.9556183659789189,0.9699090235622045,362101,7157,9660,181985,2867,2779,8695.30383118242,303.84894321517226,milton_s037,milton,low,-6,Bp_N10_s0
single,active,0.004731245801415999,0.016317782075192543,4110456,0.9782530727712263,0.9879911786950091,777360,6994,10287,590467,3349,3828,19447.5776919052,1094.4911678431874,milton_s041,milton,mid,0,Bp_N10_s0
single,land,0.0024029084317669976,0.009342621730871439,3684744,0.9562774433782215,0.9686432224792546,358255,6707,9673,182566,2869,3041,8854.102426502854,321.6213354179809,milton_s041,milton,mid,0,Bp_N10_s0
single,active,0.005223990264018169,0.017340731795598197,4110456,0.9776570223173614,0.9882671591830169,877805,7876,12185,638891,3839,3746,21472.982124675065,1236.0181441867553,milton_s046,milton,mid,-6,Bp_N10_s0
single,land,0.0028845159539384138,0.010001197252447408,3684744,0.9600170602796548,0.97359019676164,459180,7570,11554,231916,3333,2958,10628.702854178846,368.5626366572029,milton_s046,milton,mid,-6,Bp_N10_s0
single,active,0.0052619297392683525,0.01732682542780974,4110456,0.9775969556313842,0.9879380398087634,882685,7769,12459,644103,3815,4049,21628.930668354034,1234.0364941668229,milton_s049,milton,high,-6,Bp_N10_s0
single,land,0.0029346218449589068,0.010205953733954784,3684744,0.9599519539420548,0.973019633696615,463532,7469,11869,236147,3311,3237,10813.330235481262,383.80843127646574,milton_s049,milton,high,-6,Bp_N10_s0
single,active,0.004108694000369691,0.015650435774272352,4110456,0.9827325897816873,0.989594187770552,655462,5639,5878,547967,2885,2877,16888.605905983597,1006.7992259700098,milton_s059,milton,mid,0,Bp_N10_s0
single,land,0.001702487071112907,0.008249441372379958,3684744,0.9561275785774712,0.9673244607618173,235085,5383,5404,137007,2440,2188,6273.229020360857,250.75892605365442,milton_s059,milton,mid,0,Bp_N10_s0
single,active,0.004246446872126828,0.016199011248505205,4110456,0.982815923215643,0.9898145351943548,659440,5542,5988,553921,2853,2847,17454.833024214953,1078.6163959462401,milton_s063,milton,high,6,Bp_N10_s0
single,land,0.0017732820216274485,0.008754150244582563,3684744,0.9564375799011731,0.9683260696089866,238657,5316,5554,141975,2449,2195,6534.090289499611,282.3808962724062,milton_s063,milton,high,6,Bp_N10_s0
single,active,0.004932387503688773,0.016880394881441333,4110456,0.9784351305917415,0.9885327691142283,789241,6678,10717,605504,3249,3775,20274.361808862537,1171.2651120279331,milton_s068,milton,high,0,Bp_N10_s0
single,land,0.002506448851557673,0.009678360210871394,3684744,0.9567975846488247,0.9706702586744493,368878,6447,10209,194566,2842,3037,9235.622367084026,345.152389040499,milton_s068,milton,high,0,Bp_N10_s0
single,active,0.004855579983864348,0.019020649447540273,4110456,0.9709710039272864,0.9830435619426445,619329,7815,10701,459681,4065,3864,19958.647878155112,1487.1017572276048,beryl_s005,beryl,low,0,Bp_N10_s0
single,land,0.002206805904494712,0.009437877526355633,3684744,0.9346510454247807,0.9446835829377901,224091,6539,9129,89761,2765,2491,8131.514815751463,328.21316334192716,beryl_s005,beryl,low,0,Bp_N10_s0
single,active,0.004691710281012005,0.018526427071305567,4110456,0.9717110341510033,0.983084174618042,608020,7712,9989,454469,4020,3800,19285.068674847484,1410.8256473127522,beryl_s006,beryl,low,6,Bp_N10_s0
single,land,0.0020397824606125,0.00908234911432715,3684744,0.9347373689478953,0.9429118944694506,212907,6435,8430,84632,2714,2410,7516.076183047146,303.9510889254519,beryl_s006,beryl,low,6,Bp_N10_s0
single,active,0.005744111828242471,0.019968054428064336,4110456,0.9655866020640232,0.9818084004878606,742146,9126,17324,532904,4532,5342,23610.918929070234,1638.934160087319,beryl_s024,beryl,mid,6,Bp_N10_s0
single,land,0.0031427603892400266,0.011379353320853866,3684744,0.9360858137925067,0.9576115415757963,346187,7922,15715,162025,3258,3914,11580.267487689853,477.13632881445864,beryl_s024,beryl,mid,6,Bp_N10_s0
single,active,0.005604248775971844,0.019534216457076196,4110456,0.9699249624012032,0.9830653000665109,727467,8711,13846,518796,4550,4387,23036.01800668612,1568.4908707920777,beryl_s037,beryl,low,-6,Bp_N10_s0
single,land,0.002923725549619801,0.010725187329842411,3684744,0.942712193223666,0.9571421004542023,329460,7667,12354,144561,3418,3055,10773.180176608264,423.8547878252073,beryl_s037,beryl,low,-6,Bp_N10_s0
single,active,0.005541807672628514,0.020031662768533007,4110456,0.9692647493640254,0.9828192960504947,711356,8518,14039,511354,4505,4434,22779.35659880191,1649.3924575349233,beryl_s041,beryl,mid,0,Bp_N10_s0
single,land,0.0029289219072817676,0.01083709322489989,3684744,0.9400592474315608,0.955185355712751,313208,7420,12551,136922,3285,3139,10792.327424325049,432.7458772447268,beryl_s041,beryl,mid,0,Bp_N10_s0
single,active,0.0060516899202450875,0.020143092117577692,4110456,0.9664922965450726,0.9823783104820261,789659,10002,17375,564674,4774,5355,24875.20514281094,1667.7935171721629,beryl_s046,beryl,mid,-6,Bp_N10_s0
single,land,0.0033976712252866085,0.011686001585402075,3684744,0.9403330905699652,0.9611857463325214,391219,8977,15847,189814,3646,4019,12519.548661347479,503.19834277000115,beryl_s046,beryl,mid,-6,Bp_N10_s0
single,active,0.006010974506642888,0.02051088632066939,4110456,0.9664741495667143,0.9822979320939916,790514,10067,17355,565227,4739,5447,24707.8462266773,1729.2542785649198,beryl_s049,beryl,high,-6,Bp_N10_s0
single,land,0.0034087098602614357,0.011688688807385219,3684744,0.9403197720436917,0.9612292308469269,392040,9037,15845,190333,3576,4101,12560.223205339164,503.42979252807856,beryl_s049,beryl,high,-6,Bp_N10_s0
single,active,0.004916171288006506,0.018948020959658324,4110456,0.9729270873779016,0.9845342390449157,638965,7519,10261,481771,4108,3460,20207.70576781407,1475.7667345014654,beryl_s059,beryl,mid,0,Bp_N10_s0
single,land,0.0022571109994162365,0.009528166298284752,3684744,0.9398599364919672,0.9519664231307322,239153,6446,8857,104108,2970,2283,8316.87621243298,334.52299562966016,beryl_s059,beryl,mid,0,Bp_N10_s0
single,active,0.004755348792164587,0.018624428159216336,4110456,0.9737454283180389,0.9846894940383597,629134,7264,9699,477922,4003,3428,19546.651974845678,1425.791095111462,beryl_s063,beryl,high,6,Bp_N10_s0
single,land,0.0021269472207394416,0.009286611770704419,3684744,0.9400919012062033,0.951650067602308,229138,6240,8362,99948,2848,2230,7837.256009936333,317.7765901560169,beryl_s063,beryl,high,6,Bp_N10_s0
single,active,0.005581391596701079,0.019872251914171097,4110456,0.9700158441911587,0.9836498873282391,720585,8385,13889,522504,4324,4361,22942.06457700953,1623.2453654531778,beryl_s068,beryl,high,0,Bp_N10_s0
single,land,0.002953699112702197,0.010892180964013837,3684744,0.9416679401427077,0.957905203844879,320427,7365,12484,144500,3242,3108,10883.625083334744,437.15657693398646,beryl_s068,beryl,high,0,Bp_N10_s0
single,active,0.006750385968557843,0.022037929506940505,4110456,0.97307962643987,0.9859040172644052,1023093,6818,21486,761111,4025,6857,27747.164506774396,1996.3265505499833,irma_s005,irma,low,0,Bp_N10_s1
single,land,0.004046077120660528,0.01242723925857408,3684744,0.9570467129229195,0.9739671729061504,606358,6577,20637,355798,3596,5914,14908.758393891156,569.0581398620272,irma_s005,irma,low,0,Bp_N10_s1
single,active,0.006794184707082575,0.022241399773703097,4110456,0.9734401905622724,0.9859926695014056,1010208,7007,20556,752693,3842,6851,27927.197294335812,2033.359814620961,irma_s006,irma,low,6,Bp_N10_s1
single,land,0.004061401288505892,0.012538606654520397,3684744,0.9572986049512137,0.973872972359337,593573,6751,19726,347436,3411,5910,14965.224029414356,579.3031329793959,irma_s006,irma,low,6,Bp_N10_s1
single,active,0.00778533566651846,0.02352111487066726,4110456,0.9689000370648116,0.9847300284783358,1124050,9750,26330,825382,5083,7716,32001.279702454805,2274.0803706972115,irma_s024,irma,mid,6,Bp_N10_s1
single,land,0.005110697587836258,0.014145241585253187,3684744,0.9528096487871651,0.9734147343213762,707202,9507,25519,419496,4664,6793,18831.612272594124,737.2725397845406,irma_s024,irma,mid,6,Bp_N10_s1
single,active,0.00760206461733435,0.023033039357844134,4110456,0.9717140693295647,0.9857678770305963,1111122,8487,23857,816964,4767,7028,31247.952118709683,2180.6828249979267,irma_s037,irma,low,-6,Bp_N10_s1
single,land,0.004722663768795355,0.013810581820634788,3684744,0.9567290831922726,0.9747488221198508,692934,8275,23065,409221,4444,6157,17401.80698608607,702.7992198415137,irma_s037,irma,low,-6,Bp_N10_s1
single,active,0.007516247023188078,0.023081921274749024,4110456,0.9719462426491216,0.9848071077801932,1101738,7588,24212,816800,4578,8023,30895.202673945576,2189.948564246473,irma_s041,irma,mid,0,Bp_N10_s1
single,land,0.00471722742766392,0.01362418822680852,3684744,0.9567940045117393,0.9728976866205581,683282,7383,23472,407936,4255,7109,17381.775460720062,683.9566719963477,irma_s041,irma,mid,0,Bp_N10_s1
single,active,0.008111970156706668,0.023368082419807822,4110456,0.9697615101928481,0.9844214576040766,1159250,9272,26875,851560,5419,8057,33343.896402455866,2244.585510951254,irma_s046,irma,mid,-6,Bp_N10_s1
single,land,0.005237069640621334,0.01462771830549384,3684744,0.9547322345507048,0.9730368283886592,740940,9060,26071,443553,5106,7185,19297.260935861617,788.4251999531182,irma_s046,irma,mid,-6,Bp_N10_s1
single,active,0.008168752529688308,0.02441494285426814,4110456,0.9694083051223593,0.9839442513491266,1166331,8693,28113,860597,5317,8726,33577.297848172486,2450.199392894373,irma_s049,irma,high,-6,Bp_N10_s1
single,land,0.005335635024693264,0.014609396065663747,3684744,0.9542540048803896,0.9724228397388538,747700,8491,27353,451458,4982,7821,19660.449143428355,786.4513215715733,irma_s049,irma,high,-6,Bp_N10_s1
single,active,0.007421937217151716,0.023571618178225038,4110456,0.9735247438376718,0.9853281104753762,1055662,6442,22267,792862,3884,7922,30507.546365864575,2283.856427609214,irma_s059,irma,mid,0,Bp_N10_s1
single,land,0.004434952953855471,0.013683339000230658,3684744,0.9580613918683414,0.9728851929087489,636056,6278,21565,381622,3601,7035,16341.666287001222,689.908496585289,irma_s059,irma,mid,0,Bp_N10_s1
single,active,0.00766916473965184,0.02439898888985417,4110456,0.9723408322059972,0.9843774001892898,1047952,6514,23296,794617,3369,9242,31523.764219090343,2446.998269522538,irma_s063,irma,high,6,Bp_N10_s1
single,land,0.004646691573510788,0.014243145948928405,3684744,0.9558699574903159,0.9707872812473028,628257,6349,22656,382430,3093,8415,17121.868895344436,747.513722030453,irma_s063,irma,high,6,Bp_N10_s1
single,active,0.007876890782846284,0.023948000421748383,4110456,0.9719475553365379,0.9850627644129722,1116343,7529,24691,836601,4675,8011,32377.6129796952,2357.3741555284846,irma_s068,irma,high,0,Bp_N10_s1
single,land,0.004931880902487783,0.014350650140151326,3684744,0.9569031829145673,0.9736237061463772,696637,7368,24007,425162,4383,7135,18172.718564156443,758.8404516181002,irma_s068,irma,high,0,Bp_N10_s1
single,active,0.005658462770856451,0.019091513337481183,4110456,0.974697661450528,0.9865968176613832,866977,6969,15537,645405,3827,4941,23258.862247243524,1498.203178589533,matthew_s005,matthew,low,0,Bp_N10_s1
single,land,0.0031457249623184913,0.010928303523556131,3684744,0.9546235761589404,0.9704756170981337,450463,6690,14722,241794,3297,4059,11591.191180553287,440.0609354510588,matthew_s005,matthew,low,0,Bp_N10_s1
single,active,0.0056250907531616105,0.019308336080627472,4110456,0.9748192702067938,0.9870566591369554,850871,7217,14762,635778,3456,4881,23121.688036877662,1532.4266736521577,matthew_s006,matthew,low,6,Bp_N10_s1
single,land,0.003095450546942103,0.010960324531250778,3684744,0.9541742625579301,0.9709559192690029,434426,6945,13919,232074,2951,3991,11405.942830141634,442.6435575140535,matthew_s006,matthew,low,6,Bp_N10_s1
single,active,0.006956706767236017,0.020989596958100574,4110456,0.9667017027538365,0.985368285807429,988699,10644,23412,719376,5322,5360,28595.23707162589,1810.9155685152966,matthew_s024,matthew,mid,6,Bp_N10_s1
single,land,0.00447373915949348,0.013133568764727536,3684744,0.9454868632087171,0.9711179299742543,571821,10352,22617,314582,4811,4545,16484.583525508642,635.5838084135963,matthew_s024,matthew,mid,6,Bp_N10_s1
single,active,0.006697367294212752,0.020873350335973272,4110456,0.9714888690311199,0.9845793000846793,970837,8584,19908,717395,4775,6461,27529.233578700572,1790.9123376803498,matthew_s037,matthew,low,-6,Bp_N10_s1
single,land,0.004025627953588988,0.012251675236697688,3684744,0.9523529361019333,0.9689369592863363,551979,8404,19212,309337,4342,5575,14833.4084482193,553.0931408910063,matthew_s037,matthew,low,-6,Bp_N10_s1
single,active,0.006498594220858218,0.020012357561525963,4110456,0.9717292513752691,0.9860261086740916,954758,7977,19800,709854,4644,5416,26712.185606691986,1646.214836221759,matthew_s041,matthew,mid,0,Bp_N10_s1
single,land,0.003970416515921437,0.012206923176149844,3684744,0.9522335414846231,0.9714741369589381,536157,7767,19128,301531,4211,4643,14629.968434542418,549.0599207865455,matthew_s041,matthew,mid,0,Bp_N10_s1
single,active,0.00734587909471737,0.021815531428891654,4110456,0.9678316569158527,0.9849881790534911,1035907,10088,24343,756597,5578,5953,30194.91280015558,1956.2375797072393,matthew_s046,matthew,mid,-6,Bp_N10_s1
single,land,0.004649989700650037,0.01326120464837814,3684744,0.9484014789874624,0.9714704241071429,616883,9900,23662,348175,5156,5069,17134.02164953202,647.9974170114477,matthew_s046,matthew,mid,-6,Bp_N10_s1
single,active,0.007255470399987792,0.02136261235804488,4110456,0.9677155113701036,0.9849108314174753,1037242,9998,24606,758273,5641,5976,29823.29183845222,1875.8526604942604,matthew_s049,matthew,high,-6,Bp_N10_s1
single,land,0.0046792530442480275,0.013264092052301116,3684744,0.9482719761307168,0.9711228224109111,618481,9782,23956,349746,5219,5181,17241.849579274654,648.2796287751958,matthew_s049,matthew,high,-6,Bp_N10_s1
single,active,0.006031871740553545,0.01971485974586323,4110456,0.9759215925293049,0.9866434580794894,896667,6339,15784,680192,3800,5408,24793.743387188762,1597.6343417409585,matthew_s059,matthew,mid,0,Bp_N10_s1
single,land,0.0033333911594192805,0.011388085313829842,3684744,0.9571389291957428,0.9708565489765871,476905,6184,15172,269036,3466,4610,12282.693074323237,477.8688747663202,matthew_s059,matthew,mid,0,Bp_N10_s1
single,active,0.006048874620229352,0.02021018277322038,4110456,0.975590231220721,0.9868092811946045,881117,6583,15463,672475,3385,5604,24863.632975969464,1678.9218684362656,matthew_s063,matthew,high,6,Bp_N10_s1
single,land,0.0033420773737691967,0.011626552711782697,3684744,0.9559793340702194,0.9706616636326485,461847,6386,14881,261273,3052,4845,12314.699550531805,498.0916372897322,matthew_s063,matthew,high,6,Bp_N10_s1
single,active,0.006752175526615228,0.02057240332695748,4110456,0.972253875632385,0.9868932380869792,968395,7692,19944,728343,4438,5235,27754.520406428725,1739.642720282279,matthew_s068,matthew,high,0,Bp_N10_s1
single,land,0.00408753392704024,0.012529895169720903,3684744,0.9532295767181974,0.9736305074744296,548474,7537,19374,316796,4103,4477,15061.51611245796,578.4984443151806,matthew_s068,matthew,high,0,Bp_N10_s1
single,active,0.003650096925736604,0.0184234576298371,4110456,0.9867856348087785,0.9902002856906844,558720,2871,4611,491477,2280,2584,15003.562808975577,1395.186558416549,ian_s005,ian,low,0,Bp_N10_s1
single,land,0.0009879109576901254,0.006804613132165799,3684744,0.9601899963260379,0.9666314157520253,146356,2434,3634,94147,1677,1573,3640.1989738829434,170.61381664553448,ian_s005,ian,low,0,Bp_N10_s1
single,active,0.003662815542371781,0.01846067932123179,4110456,0.986775100706848,0.9902437549753625,558269,2899,4583,491354,2261,2580,15055.842123035342,1400.8297622021055,ian_s006,ian,low,6,Bp_N10_s1
single,land,0.0009896027666341453,0.006828588393917718,3684744,0.9601529138510735,0.9668630414443313,145925,2459,3597,94040,1662,1561,3646.4328567385674,171.8182105037434,ian_s006,ian,low,6,Bp_N10_s1
single,active,0.003919286395008101,0.018608846854253708,4110456,0.9831636375696471,0.9897193741474639,592887,3752,6401,502820,2493,2730,16110.05427807942,1423.4064427838778,ian_s024,ian,mid,6,Bp_N10_s1
single,land,0.0012949763861272682,0.007501514698433083,3684744,0.9538529826730712,0.9667449498192761,180510,3308,5425,105381,1881,1744,4771.656468924135,207.35057759339665,ian_s024,ian,mid,6,Bp_N10_s1
single,active,0.0037571007511609414,0.017208770587933252,4110456,0.9855379129097408,0.9902701286103202,583128,3315,5242,506337,2341,2634,15443.397325213999,1217.2777776127866,ian_s037,ian,low,-6,Bp_N10_s1
single,land,0.0011291932003659655,0.006750768994191767,3684744,0.9585835623565071,0.9681577988338192,169514,2960,4364,106265,1751,1744,4160.787869889289,167.92440355989197,ian_s037,ian,low,-6,Bp_N10_s1
single,active,0.0038583078289740917,0.018248719109303726,4110456,0.9854140748461719,0.9900059781680409,586144,3294,5382,510059,2423,2726,15859.40456545353,1368.8465841070006,ian_s041,ian,mid,0,Bp_N10_s1
single,land,0.0011885240480694708,0.007327311716492871,3684744,0.958248240171392,0.9672641693061773,172202,2910,4593,109326,1839,1861,4379.406854979694,197.8320518993293,ian_s041,ian,mid,0,Bp_N10_s1
single,active,0.003928845940330435,0.01740267666678866,4110456,0.98337043426793,0.9899864160541045,604762,3678,6549,513798,2487,2710,16149.348368506879,1244.8645687824858,ian_s046,ian,mid,-6,Bp_N10_s1
single,land,0.001310614497723547,0.007142526658696623,3684744,0.9550812774526902,0.9683142679488599,191128,3310,5679,113683,1892,1828,4829.278906799853,187.97974683776738,ian_s046,ian,mid,-6,Bp_N10_s1
single,active,0.004031432914116739,0.01840684006369247,4110456,0.9830255157954539,0.9897072675823829,609060,3733,6784,517992,2583,2804,16571.02761042863,1392.6708364088308,ian_s049,ian,high,-6,Bp_N10_s1
single,land,0.0013824707142433342,0.007723160656055457,3684744,0.9543197859550094,0.9675534241826451,195104,3350,5989,117222,1976,1955,5094.0506694838405,219.78470107751738,ian_s049,ian,high,-6,Bp_N10_s1
single,active,0.003958003679806767,0.018560371695351508,4110456,0.9870514775702817,0.9903590037764711,583151,2803,4847,517933,2347,2695,16269.199973683804,1416.0002898533246,ian_s059,ian,mid,0,Bp_N10_s1
single,land,0.0011511190382300918,0.007439656252394949,3684744,0.9626564565698882,0.9685938555030384,168204,2470,4055,114759,1797,1924,4241.578969404101,203.9449985795509,ian_s059,ian,mid,0,Bp_N10_s1
single,active,0.0041176117254884195,0.019649990350404847,4110456,0.9866427609433257,0.9898765871693082,588267,2858,5106,522639,2404,2941,16925.261822704226,1587.1379880558961,ian_s063,ian,high,6,Bp_N10_s1
single,land,0.0012561704463759042,0.008356912385289227,3684744,0.961595306092967,0.9673074259079686,173066,2551,4361,118707,1865,2147,4628.666515260935,257.33509478368927,ian_s063,ian,high,6,Bp_N10_s1
single,active,0.004065874145238197,0.018608127046517958,4110456,0.9857005650463391,0.990176880539353,597303,3201,5464,522853,2411,2776,16712.59677553922,1423.296327507975,ian_s068,ian,high,0,Bp_N10_s1
single,land,0.0012858358563288816,0.007690057360389386,3684744,0.9602085417873506,0.968739879525876,182334,2867,4689,119651,1851,2010,4737.975956592709,217.90464036195627,ian_s068,ian,high,0,Bp_N10_s1
single,active,0.004017488320187244,0.015452029424683857,4110456,0.9815541460197804,0.9886615432216207,628123,5206,6598,514453,2524,3376,16513.70897064358,981.433903770009,milton_s005,milton,low,0,Bp_N10_s1
single,land,0.00153782810170447,0.0076659106734811204,3684744,0.9518667551834239,0.9612679734011071,210769,4908,5750,110442,2059,2391,5666.502870786935,216.53835293849048,milton_s005,milton,low,0,Bp_N10_s1
single,active,0.004004347999532216,0.015421273455840873,4110456,0.9818018148000615,0.9889655464237561,626042,5130,6474,514180,2440,3297,16459.696260765195,977.5308681970695,milton_s006,milton,low,6,Bp_N10_s1
single,land,0.001525111533705019,0.007641674720507651,3684744,0.9521821458718317,0.9624871172288504,208685,4842,5638,110199,1988,2307,5619.6455731503665,215.17133531866966,milton_s006,milton,low,6,Bp_N10_s1
single,active,0.005225440043215837,0.017043914192820798,4110456,0.9765611441168391,0.9877818496055306,849658,6475,13918,617255,3129,4506,21478.941378276795,1194.0669609853207,milton_s024,milton,mid,6,Bp_N10_s1
single,land,0.0028381985628531214,0.010048362540184173,3684744,0.9572443241591162,0.9716759211138161,432214,6207,13098,213141,2689,3524,10458.035125281662,372.0470899731554,milton_s024,milton,mid,6,Bp_N10_s1
single,active,0.004841666387593844,0.016705992633677266,4110456,0.9773355042812666,0.9882348197590515,779126,6201,11867,588228,2761,4242,19901.45665288344,1147.187945518913,milton_s037,milton,low,-6,Bp_N10_s1
single,land,0.0023720315728346544,0.00909320124229038,3684744,0.9546520677915848,0.9696734890183295,360616,5985,11145,181455,2366,3309,8740.329105813056,304.6778803537747,milton_s037,milton,low,-6,Bp_N10_s1
single,active,0.00489567268068811,0.016719804357179274,4110456,0.9775850768842954,0.9877664572470845,775616,5753,12031,589743,2752,4552,20123.447144370526,1149.0856109681931,milton_s041,milton,mid,0,Bp_N10_s1
single,land,0.0024229263622488465,0.009406921595990004,3684744,0.9548514416691658,0.9679560832375845,356595,5528,11333,181968,2385,3639,8927.863375738263,326.0636373852633,milton_s041,milton,mid,0,Bp_N10_s1
single,active,0.005361142676138565,0.017677185384849782,4110456,0.9769721211526321,0.9881481986159995,875877,6532,14113,638155,3172,4482,22036.74107998982,1284.4471418604326,milton_s046,milton,mid,-6,Bp_N10_s1
single,land,0.0028912239121365343,0.010014852388221007,3684744,0.958717740701377,0.9734182222147414,457340,6299,13394,231327,2770,3547,10653.419962901622,369.5697577979998,milton_s046,milton,mid,-6,Bp_N10_s1
single,active,0.005413300081037794,0.01769977128849118,4110456,0.976946840076537,0.9876866576798715,880742,6381,14402,643306,3174,4846,22251.131797902286,1287.7314806107966,milton_s049,milton,high,-6,Bp_N10_s1
single,land,0.0029497303350143776,0.010258936064374927,3684744,0.9587208831463334,0.9723449591595709,461673,6150,13728,235465,2778,3919,10869.001153562218,387.8037164853481,milton_s049,milton,high,-6,Bp_N10_s1
single,active,0.004249867567166143,0.016018332762832273,4110456,0.9823470682290767,0.9894133893421733,654307,4725,7033,547389,2402,3455,17468.893640663475,1054.6895099633264,milton_s059,milton,mid,0,Bp_N10_s1
single,land,0.0017092659685088046,0.008300039381025666,3684744,0.955163082298295,0.9668394075836094,234014,4510,6475,136568,2057,2627,6298.207521867007,253.84442297508195,milton_s059,milton,mid,0,Bp_N10_s1
single,active,0.004389120412466601,0.016523940550508816,4110456,0.9825255035410183,0.9896753632312018,658297,4577,7131,553375,2380,3393,18041.286334145814,1122.3214190306014,milton_s063,milton,high,6,Bp_N10_s1
single,land,0.001780603398669598,0.0088100973072748,3684744,0.9556757843925986,0.9678535527944364,237581,4389,6630,141536,2067,2634,6561.067689627409,286.00177650652455,milton_s063,milton,high,6,Bp_N10_s1
single,active,0.005108365929431123,0.01729682244667063,4110456,0.9776288769867578,0.9883163061879457,787439,5500,12519,604814,2685,4465,20997.713384825736,1229.7665004597163,milton_s068,milton,high,0,Bp_N10_s1
single,land,0.002535810429282195,0.009766900704532113,3684744,0.9551298393852206,0.9702455368305246,367150,5311,11937,194020,2367,3583,9343.812264434993,351.4963869950805,milton_s068,milton,high,0,Bp_N10_s1
single,active,0.004919887318005102,0.019179313568216935,4110456,0.9709746208516665,0.9830661234695822,618338,6792,11692,459201,3566,4344,20222.98034561798,1512.01508118368,beryl_s005,beryl,low,0,Bp_N10_s1
single,land,0.002189375603997527,0.009360628585165443,3684744,0.9347361107041652,0.9448609380609465,223315,5687,9905,89484,2454,2768,8067.2886205762625,322.86230820211705,beryl_s005,beryl,low,0,Bp_N10_s1
single,active,0.004755833168633402,0.018702004846329348,4110456,0.971594356006947,0.9831436342532439,606989,6726,11020,454000,3515,4269,19548.642983008176,1437.6935823017238,beryl_s006,beryl,low,6,Bp_N10_s1
single,land,0.002025124828879923,0.009002389317028014,3684744,0.9344768635606588,0.9432892883493192,212087,5621,9250,84381,2412,2661,7462.066562466323,298.622757424094,beryl_s006,beryl,low,6,Bp_N10_s1
single,active,0.005820321357212489,0.020148996634343705,4110456,0.9652633649796039,0.9817006482787876,740885,8077,18585,532283,3959,5963,23924.174844682217,1668.7714164957724,beryl_s024,beryl,mid,6,Bp_N10_s1
single,land,0.0031351593718443394,0.011334169432417017,3684744,0.9354898166067643,0.9573458592727294,345134,7032,16768,161622,2884,4317,11552.2596844472,473.3547302937222,beryl_s024,beryl,mid,6,Bp_N10_s1
single,active,0.005679909228123994,0.01977456730693196,4110456,0.9697206793420209,0.9831729674765901,726282,7647,15031,518258,3945,4925,23347.01696619764,1607.3260463264837,beryl_s037,beryl,low,-6,Bp_N10_s1
single,land,0.002907659222776316,0.010659041008337988,3684744,0.9423078026473575,0.9577761251510604,328464,6760,13350,144243,2986,3373,10713.979875169694,418.64276149649726,beryl_s037,beryl,low,-6,Bp_N10_s1
single,active,0.005618568618152135,0.020225225501167798,4110456,0.9690490518355378,0.9829380694445781,710155,7442,15240,510828,3907,4960,23094.879087895155,1681.42208965983,beryl_s041,beryl,mid,0,Bp_N10_s1
single,land,0.002914141759677589,0.010770940317370177,3684744,0.9396346234876302,0.9557491167313814,312203,6501,13556,136610,2874,3451,10737.866364121437,427.47877798772913,beryl_s041,beryl,mid,0,Bp_N10_s1
single,active,0.006133846359136124,0.020379673480333302,4110456,0.9660864066199648,0.98220773204315,788284,8922,18750,563966,4153,6063,25212.905569989234,1707.200175665723,beryl_s046,beryl,mid,-6,Bp_N10_s1
single,land,0.0033856773322821386,0.01163673076179062,3684744,0.9395992069896683,0.9609464212305303,390053,8061,17013,189342,3204,4491,12475.354236062616,498.9640920438366,beryl_s046,beryl,mid,-6,Bp_N10_s1
single,active,0.006093610980155569,0.020721032061100434,4110456,0.9661017779121682,0.9820812848588597,789167,8988,18702,564518,4144,6156,25047.51981504634,1764.870196066468,beryl_s049,beryl,high,-6,Bp_N10_s1
single,land,0.0033979290758688785,0.011650181886238242,3684744,0.9396620729939641,0.960769627837775,390906,8122,16979,189850,3168,4584,12520.498774733394,500.1182834203444,beryl_s049,beryl,high,-6,Bp_N10_s1
single,active,0.004984957380221001,0.01916090674547664,4110456,0.9728990305505442,0.9847207360562394,637962,6507,11264,481299,3536,3932,20490.447973273695,1509.1142434377557,beryl_s059,beryl,mid,0,Bp_N10_s1
single,land,0.0022382117292681857,0.009435179321299184,3684744,0.9398793327812611,0.9528100197274855,238344,5580,9666,103842,2594,2549,8247.23724015057,328.0255237325301,beryl_s059,beryl,mid,0,Bp_N10_s1
single,active,0.004825803588262066,0.018807316768868314,4110456,0.9736576156538398,0.9848701119219805,628163,6325,10670,477467,3452,3883,19836.253314193338,1453.9306183379265,beryl_s063,beryl,high,6,Bp_N10_s1
single,land,0.0021120141220094023,0.009201176732148734,3684744,0.9398750329293993,0.9524560096291627,228337,5444,9163,99705,2504,2473,7782.231363989413,311.9565188659933,beryl_s063,beryl,high,6,Bp_N10_s1
single,active,0.005662137710143289,0.020089971469626374,4110456,0.9698331643767659,0.9837415994180371,719430,7334,15044,521991,3753,4874,23273.967923484743,1659.0086242740156,beryl_s068,beryl,high,0,Bp_N10_s1
single,land,0.0029402591086392467,0.010820341479782216,3684744,0.9413244935543278,0.9583912156278872,319462,6464,13449,144189,2841,3419,10834.102109003812,431.4090527623941,beryl_s068,beryl,high,0,Bp_N10_s1
single,active,0.006279114827994293,0.021302644383754604,4110456,0.974696466708349,0.9859972801216189,1027333,9424,17246,762732,5596,5236,25810.02521941811,1865.3358573262544,irma_s005,irma,low,0,Bp_N10_s2
single,land,0.003998216351252616,0.012405261331182181,3684744,0.9596382947281709,0.9741115768403197,610424,9103,16571,357196,4977,4516,14732.403710979968,567.0471285705687,irma_s005,irma,low,0,Bp_N10_s2
single,active,0.006316514754045764,0.021472749079897734,4110456,0.9748690968620737,0.9861987814763487,1014130,9509,16634,754304,5316,5240,25963.755969855934,1895.2447490308932,irma_s006,irma,low,6,Bp_N10_s2
single,land,0.004008574692340156,0.01249858508695432,3684744,0.9595795541075887,0.9742909410828248,597321,9183,15978,348840,4699,4506,14770.571546152234,575.61091756789,irma_s006,irma,low,6,Bp_N10_s2
single,active,0.007319517370224364,0.02280546862266674,4110456,0.9703882994273529,0.9848386359415403,1128581,12640,21799,827229,6866,5869,30086.55409154296,2137.8045910646765,irma_s024,irma,mid,6,Bp_N10_s2
single,land,0.005050475378307495,0.014091746124441057,3684744,0.9550918015491973,0.9735031057910809,711573,12310,21148,421117,6290,5172,18609.708847366273,731.7065472684909,irma_s024,irma,mid,6,Bp_N10_s2
single,active,0.007177941138285007,0.022176534453235808,4110456,0.9728687342841966,0.9855593146875038,1115430,11558,19549,818576,6578,5416,29504.611219510436,2021.5168364595722,irma_s037,irma,low,-6,Bp_N10_s2
single,land,0.004718821574030182,0.013831255939011142,3684744,0.9585179827823985,0.9741920483608463,697110,11280,18889,410620,6120,4758,17387.649481978267,704.9049428017805,irma_s037,irma,low,-6,Bp_N10_s2
single,active,0.007060292761333687,0.02229302865886219,4110456,0.9733743667006656,0.9850670844177174,1106056,10361,19894,818706,6294,6117,29021.022742580622,2042.810833567551,irma_s041,irma,mid,0,Bp_N10_s2
single,land,0.004675308776033891,0.013586683081636356,3684744,0.9589969435683108,0.9733079258875578,687456,10095,19298,409640,5829,5405,17227.315960638225,680.1962150606018,irma_s041,irma,mid,0,Bp_N10_s2
single,active,0.0076712709026316925,0.022484252358674746,4110456,0.9711550094912285,0.9843449756979767,1163905,12350,22220,853433,7389,6184,31532.421509347856,2078.006519939909,irma_s046,irma,mid,-6,Bp_N10_s2
single,land,0.005223726337525915,0.014634421260141592,3684744,0.9568195820711608,0.9728319531540193,745439,12069,21572,445236,6932,5502,19248.09427984059,789.1479359379439,irma_s046,irma,mid,-6,Bp_N10_s2
single,active,0.007701932644462931,0.023629100284401044,4110456,0.9710150455113036,0.9841316019449597,1171116,11630,23328,862613,7199,6710,31658.45525002852,2295.0089033060513,irma_s049,irma,high,-6,Bp_N10_s2
single,land,0.005295727261294678,0.014574305825647477,3684744,0.9566676415610178,0.9727145922746782,752333,11357,22720,453285,6721,5994,19513.399251691997,782.6779111937482,irma_s049,irma,high,-6,Bp_N10_s2
single,active,0.006920968980882597,0.022582628931156524,4110456,0.974873461157037,0.985559163766178,1059705,9089,18224,794544,5402,6240,28448.338473282754,2096.23033066691,irma_s059,irma,mid,0,Bp_N10_s2
single,land,0.004375527771082016,0.013558423255503797,3684744,0.9602070517629407,0.9731782469206677,639978,8879,17643,383114,5016,5543,16122.69970132783,677.3695890359571,irma_s059,irma,mid,0,Bp_N10_s2
single,active,0.007066723735472789,0.023292027914959504,4110456,0.9739997018802836,0.9850174806365004,1052020,8855,19228,796494,4750,7365,29047.45697881654,2229.9986881134114,irma_s063,irma,high,6,Bp_N10_s2
single,land,0.004523625685580977,0.01398981575414889,3684744,0.9585355536249551,0.9719760727534046,632205,8640,18708,384123,4353,6722,16668.402603190392,721.159468691217,irma_s063,irma,high,6,Bp_N10_s2
single,active,0.007392252352436947,0.022986018394219692,4110456,0.9732901371017123,0.9852058245969472,1120583,10301,20451,838354,6331,6258,30385.528035588562,2171.7883718667376,irma_s068,irma,high,0,Bp_N10_s2
single,land,0.00488240013476939,0.014251241234853818,3684744,0.9589767520787374,0.9737214418065482,700755,10088,19889,426712,5931,5585,17990.394602190703,748.363682708338,irma_s068,irma,high,0,Bp_N10_s2
single,active,0.0053748407158400345,0.018500440313790244,4110456,0.9753945063988859,0.9863050888819407,869929,9360,12585,646666,5299,3680,22093.046269468963,1406.8705327439766,matthew_s005,matthew,low,0,Bp_N10_s2
single,land,0.0031854941898154412,0.01104091448531656,3684744,0.9559263625646142,0.9698895270351229,453263,8976,11922,242839,4525,3014,11737.730602957308,449.1768991376651,matthew_s005,matthew,low,0,Bp_N10_s2
single,active,0.005342843558738952,0.01873008130146501,4110456,0.9754507157637117,0.9868531741543877,853733,9586,11900,636993,4820,3666,21961.523363079876,1442.0135083206753,matthew_s006,matthew,low,6,Bp_N10_s2
single,land,0.003130402656281165,0.011053996160846331,3684744,0.9553569672372985,0.9705113257828114,437136,9218,11209,233078,4095,2987,11534.732405316085,450.2419318391923,matthew_s006,matthew,low,6,Bp_N10_s2
single,active,0.0067099105772864395,0.020623975176546343,4110456,0.9677249229143494,0.9848383610235473,992699,13696,19412,720751,7111,3985,27580.79219187051,1748.3756859088567,matthew_s024,matthew,mid,6,Bp_N10_s2
single,land,0.0045147590087670315,0.01326869014557231,3684744,0.9471810186670616,0.9700645161290322,575654,13317,18784,315756,6373,3371,16635.731169000268,648.7291683070067,matthew_s024,matthew,mid,6,Bp_N10_s2
single,active,0.006433112975534006,0.020223737133406663,4110456,0.9722532326500397,0.984382937064852,974539,11606,16206,718949,6499,4907,26443.02782896161,1681.1746281569508,matthew_s037,matthew,low,-6,Bp_N10_s2
single,land,0.00408233306475365,0.012399236832844569,3684744,0.9536787968572169,0.9684586539990088,555557,11350,15634,310698,5905,4214,15042.352266352624,566.4965001112787,matthew_s037,matthew,low,-6,Bp_N10_s2
single,active,0.006235124501526242,0.019494743878371173,4110456,0.9722818956078246,0.9856660776773031,958142,10899,16416,711232,6305,4038,25629.20491804555,1562.1584103480543,matthew_s041,matthew,mid,0,Bp_N10_s2
single,land,0.004017692259556325,0.012336673768224329,3684744,0.9531965124457058,0.9706205813040063,539412,10613,15873,302722,5711,3452,14804.167447246611,560.7941584193111,matthew_s041,matthew,mid,0,Bp_N10_s2
single,active,0.00708861667429234,0.021189304787917657,4110456,0.9687612646387911,0.9847459630645247,1040065,13353,20185,758086,7279,4464,29137.446940544993,1845.5398176012125,matthew_s046,matthew,mid,-6,Bp_N10_s2
single,land,0.0047121083026540915,0.013408130073934398,3684744,0.9499330655957162,0.9708287955904252,620900,13080,19645,349444,6700,3800,17362.912795554847,662.4357302573874,matthew_s046,matthew,mid,-6,Bp_N10_s2
single,active,0.007007660089607374,0.02088681544540456,4110456,0.9687049469734598,0.9845102983902528,1041476,13274,20372,759721,7425,4528,28804.67846128717,1793.223668472214,matthew_s049,matthew,high,-6,Bp_N10_s2
single,land,0.004743726505524387,0.013433711795567163,3684744,0.9499704757298293,0.9702487243135065,622604,12956,19833,351003,6839,3924,17479.417778871953,664.9658985136107,matthew_s049,matthew,high,-6,Bp_N10_s2
single,active,0.005714201603378689,0.019007321551500093,4110456,0.9767605962540343,0.9865256501938349,899744,8700,12707,681486,5194,4114,23487.974265817553,1485.018443122601,matthew_s059,matthew,mid,0,Bp_N10_s2
single,land,0.003366529094910867,0.011470602811696283,3684744,0.9586118447075181,0.9704711680772492,479860,8501,12217,270152,4726,3494,12404.797883298248,484.81919273212566,matthew_s059,matthew,mid,0,Bp_N10_s2
single,active,0.00573487590419045,0.019748209799726565,4110456,0.9763487841945289,0.9870317256169195,883994,8828,12586,673813,4587,4266,23572.955069635063,1603.0440943647814,matthew_s063,matthew,high,6,Bp_N10_s2
single,land,0.003354012754758138,0.011675469008451362,3684744,0.9573556198435659,0.9710054836489577,464620,8588,12108,262422,4140,3696,12358.67837401852,502.2916876069296,matthew_s063,matthew,high,6,Bp_N10_s2
single,active,0.0064589933385352915,0.019953642669447522,4110456,0.9730962357758988,0.9865139464045979,971875,10406,16464,729678,6075,3900,26549.40792234242,1636.5692426780229,matthew_s068,matthew,high,0,Bp_N10_s2
single,land,0.004128579784947428,0.012635195324958756,3684744,0.9546685949755559,0.9726939278710992,551850,10206,15998,317961,5614,3312,15212.759591106325,588.2626029867923,matthew_s068,matthew,high,0,Bp_N10_s2
single,active,0.0034418407681950387,0.01798107372894882,4110456,0.9870888231840517,0.9898459595045279,559860,3852,3471,492094,3081,1967,14147.535036671907,1328.9885746222974,ian_s005,ian,low,0,Bp_N10_s2
single,land,0.0010384148832621987,0.0069612270639936415,3684744,0.9608429018789144,0.965248994425955,147278,3290,2712,94550,2234,1170,3826.293010611087,178.5578386187672,ian_s005,ian,low,0,Bp_N10_s2
single,active,0.003454964959277901,0.018023077479678292,4110456,0.9871206239412761,0.98985523284474,559421,3868,3431,491963,3071,1971,14201.481446653605,1335.204855838939,ian_s006,ian,low,6,Bp_N10_s2
single,land,0.0010400830752305412,0.006990684265236467,3684744,0.9609427653490548,0.9652363234933355,146858,3305,2664,94431,2231,1170,3832.439870957285,180.07221040396507,ian_s006,ian,low,6,Bp_N10_s2
single,active,0.0037346351835375376,0.01823882363956126,4110456,0.9835172288299615,0.9893287800699101,594546,5222,4742,503508,3389,2042,15351.053597982973,1367.3624572107428,ian_s024,ian,mid,6,Bp_N10_s2
single,land,0.001343790867463962,0.0076462681960893135,3684744,0.9547651408210495,0.9651464996033158,181941,4626,3994,105837,2534,1288,4951.525336142629,215.43009570141615,ian_s024,ian,mid,6,Bp_N10_s2
single,active,0.0036024329344832825,0.0166783269302076,4110456,0.9854286162413588,0.9899254561854965,584303,4573,4067,507022,3211,1949,14807.642070144415,1143.3915255392208,ian_s037,ian,low,-6,Bp_N10_s2
single,land,0.00118676601544163,0.006978170454321263,3684744,0.958279478043901,0.9668716434671569,170522,4068,3356,106761,2410,1248,4372.9289548024535,179.428103863137,ian_s037,ian,low,-6,Bp_N10_s2
single,active,0.00368779303175157,0.017871163317779246,4110456,0.9855858365030176,0.9898401711455435,587420,4485,4106,510809,3267,1976,15158.510994121432,1312.7911825254544,ian_s041,ian,mid,0,Bp_N10_s2
single,land,0.001246778267991169,0.007501600376260221,3684744,0.9587959658993467,0.9665871961572636,173311,3964,3484,109871,2482,1316,4594.058742310852,207.35531408972057,ian_s041,ian,mid,0,Bp_N10_s2
single,active,0.0037726150324135246,0.016874716821041733,4110456,0.9836222475285751,0.9895141948798036,606350,5135,4961,514489,3433,2019,15507.168095674366,1170.477287385246,ian_s046,ian,mid,-6,Bp_N10_s2
single,land,0.0013649651150169524,0.0073500103908440955,3684744,0.9559393725766655,0.9666802112962211,192552,4620,4255,114192,2617,1319,5029.547017768025,199.05964556812424,ian_s046,ian,mid,-6,Bp_N10_s2
single,active,0.003857707275584643,0.018033447812404263,4110456,0.9835199695971297,0.989421582184922,610760,5150,5084,518729,3479,2067,15856.936017170548,1336.7418300005713,ian_s049,ian,high,-6,Bp_N10_s2
single,land,0.0014344058635674907,0.007880742141579815,3684744,0.9557995741826348,0.9665353361241074,196629,4629,4464,117753,2653,1424,5285.41839934513,228.84506718637962,ian_s049,ian,high,-6,Bp_N10_s2
single,active,0.0037767086161089422,0.01810608115621897,4110456,0.9873513124386365,0.9900321887182933,584276,3763,3722,518565,3158,2063,15523.994591336697,1347.5315091339905,ian_s059,ian,mid,0,Bp_N10_s2
single,land,0.0012087650268422189,0.0076249190536673795,3684744,0.9634048417683674,0.9676544433155035,169171,3338,3088,115237,2406,1446,4453.989680066705,214.22877058481353,ian_s059,ian,mid,0,Bp_N10_s2
single,active,0.003922897674302228,0.019259873576930212,4110456,0.9868685667782442,0.9896669364660318,589351,3820,4022,523324,3208,2256,16124.898282721639,1524.7437710042361,ian_s063,ian,high,6,Bp_N10_s2
single,land,0.0013141148195648974,0.008536287588407548,3684744,0.962045894387614,0.9664945319530129,173986,3423,3441,119220,2499,1634,4842.176696702838,268.50068408284005,ian_s063,ian,high,6,Bp_N10_s2
single,active,0.00389627892977065,0.01819192144811376,4110456,0.9859733798965505,0.9899140977617769,598545,4293,4222,523523,3228,2106,16015.483104549348,1360.3389959332676,ian_s068,ian,high,0,Bp_N10_s2
single,land,0.0013417900277653955,0.007868895800482095,3684744,0.9608820016345005,0.9680317104807328,183417,3861,3606,120155,2462,1506,4944.152754068375,228.15758392553641,ian_s068,ian,high,0,Bp_N10_s2
single,active,0.0036424321688215615,0.01431940759791764,4110456,0.9815765394321914,0.9887358478619983,629700,6798,5021,515340,3382,2489,14972.057162925601,842.8302342741727,milton_s005,milton,low,0,Bp_N10_s2
single,land,0.0015564730436864547,0.007703654276518063,3684744,0.9516911896644537,0.961040983535641,212151,6401,4368,111080,2750,1753,5735.2047088854015,218.67588309660562,milton_s005,milton,low,0,Bp_N10_s2
single,active,0.0036319790229083397,0.014259107033261656,4110456,0.9819265327323446,0.9890396860142707,627617,6653,4899,515080,3311,2397,14929.089966587722,835.7466831093334,milton_s006,milton,low,6,Bp_N10_s2
single,land,0.0015458287482524736,0.0076823533541513465,3684744,0.9523230986132581,0.9621758644338534,210072,6266,4251,110834,2685,1672,5695.983205150813,217.4682592692962,milton_s006,milton,low,6,Bp_N10_s2
single,active,0.004874899441009594,0.016096354139515028,4110456,0.9773346720490373,0.9875627015192093,852703,8902,10873,618393,4420,3368,20038.05965669453,1064.988800396208,milton_s024,milton,mid,6,Bp_N10_s2
single,land,0.002858484723333472,0.010064338447564967,3684744,0.9586720225281106,0.9708241100264905,435077,8521,10235,214024,3791,2641,10532.78443339467,373.23106693404316,milton_s024,milton,mid,6,Bp_N10_s2
single,active,0.004481370752421308,0.01575825478210947,4110456,0.9777917606969332,0.9882453748652242,781635,8395,9358,589351,3891,3119,18420.477297514677,1020.719095529833,milton_s037,milton,low,-6,Bp_N10_s2
single,land,0.0023861331565226624,0.009174763982806434,3684744,0.9556092051464994,0.9692731341934729,362970,8070,8791,182329,3345,2435,8792.28983169794,310.16809477534514,milton_s037,milton,low,-6,Bp_N10_s2
single,active,0.004506789635303403,0.01569250016449546,4110456,0.9783995856662653,0.9879620805537443,778311,7847,9336,590910,3815,3385,18524.960497170687,1012.2185394861606,milton_s041,milton,mid,0,Bp_N10_s2
single,land,0.002425815442205331,0.009412940336655424,3684744,0.9564885048899495,0.9681799413464898,359127,7536,8801,182895,3299,2712,8938.50889577344,326.48101522246697,milton_s041,milton,mid,0,Bp_N10_s2
single,active,0.005025241518971995,0.01680713663126188,4110456,0.9776830756463866,0.9880736936622276,878897,8969,11093,639340,4420,3297,20656.034153107554,1161.1209603670634,milton_s046,milton,mid,-6,Bp_N10_s2
single,land,0.0029197836395033513,0.010091911319696627,3684744,0.9600053404093758,0.9728870496184165,460192,8630,10542,232269,3868,2605,10758.655246958137,375.27892125326247,milton_s046,milton,mid,-6,Bp_N10_s2
single,active,0.005065114621658504,0.01683530384259801,4110456,0.9777508833492267,0.9877738171497578,883834,8802,11310,644556,4382,3596,20819.930787283927,1165.0160849120623,milton_s049,milton,high,-6,Bp_N10_s2
single,land,0.002967428520355379,0.010286433640488597,3684744,0.9601867389704971,0.9722848074203204,464619,8483,10782,236483,3840,2901,10934.21443580836,389.88540474948445,milton_s049,milton,high,-6,Bp_N10_s2
single,active,0.00392039965906699,0.015035257162824828,4110456,0.9826312580428181,0.9894875709701754,655927,6181,5413,548281,3262,2563,16114.630301009864,929.2054000686778,milton_s059,milton,mid,0,Bp_N10_s2
single,land,0.001731592290482659,0.008356615670142833,3684744,0.9557999837649159,0.9666751193947847,235490,5891,4999,137235,2771,1960,6380.474302802235,257.3168215599694,milton_s059,milton,mid,0,Bp_N10_s2
single,active,0.004066002014101016,0.01565856124935339,4110456,0.9828126745355028,0.9898773603270391,659885,5997,5543,554265,3165,2503,16713.12237487361,1007.8449279294014,milton_s063,milton,high,6,Bp_N10_s2
single,land,0.0018069935420360482,0.008857757989439783,3684744,0.9563883243450847,0.9682447840441102,239055,5745,5156,142240,2735,1930,6658.3086120560765,289.1045595406902,milton_s063,milton,high,6,Bp_N10_s2
single,active,0.004698232248402014,0.016251016581738296,4110456,0.978502360418287,0.9884785786060107,790125,7526,9833,605969,3753,3310,19311.87693483755,1085.5530967193376,milton_s068,milton,high,0,Bp_N10_s2
single,land,0.0025269310332524902,0.009750968443897341,3684744,0.9568805083539323,0.97041723495973,369686,7258,9401,194951,3291,2652,9311.093963190913,350.3505650787422,milton_s068,milton,high,0,Bp_N10_s2
single,active,0.004751854611160725,0.018939830114800254,4110456,0.9712448111996694,0.982670550399549,620505,8846,9525,460163,4733,3382,19532.28929757327,1474.4911222626413,beryl_s005,beryl,low,0,Bp_N10_s2
single,land,0.0022371469058397172,0.009551038096990696,3684744,0.9353475500299182,0.9433468396310373,225097,7436,8123,90100,3259,2152,8243.313638411462,336.1309284545129,beryl_s005,beryl,low,0,Bp_N10_s2
single,active,0.0045955445044272136,0.018464339493610458,4110456,0.9718649876820566,0.9826811587942043,609095,8719,8914,454946,4695,3323,18889.783481489867,1401.3852982799133,beryl_s006,beryl,low,6,Bp_N10_s2
single,land,0.0020700043007543293,0.009211742917381735,3684744,0.935110714582486,0.9411738639133228,213814,7314,7523,84956,3224,2086,7627.435927178711,312.67340172817205,beryl_s006,beryl,low,6,Bp_N10_s2
single,active,0.005623984160189813,0.019870758573304913,4110456,0.9661472878084516,0.9817454593623973,743831,10424,15639,533614,5290,4632,23117.13943515718,1623.0014104580284,beryl_s024,beryl,mid,6,Bp_N10_s2
single,land,0.003150872915902368,0.01143490677802504,3684744,0.9372429148269746,0.9575583381433098,347704,9084,14198,162580,3847,3359,11610.160071633756,481.8064139707096,beryl_s024,beryl,mid,6,Bp_N10_s2
single,active,0.0055191761021065044,0.019477525327672003,4110456,0.9703221873494281,0.9826788964442074,729005,9989,12308,519391,5363,3792,22686.330523960292,1559.400105319087,beryl_s037,beryl,low,-6,Bp_N10_s2
single,land,0.002953249042998687,0.010840461652592798,3684744,0.9435505489804649,0.9561903757276881,330856,8836,10958,145034,4063,2582,10881.966691695154,433.0149345844561,beryl_s037,beryl,low,-6,Bp_N10_s2
single,active,0.005438997813435336,0.019998617430395126,4110456,0.9696631674314017,0.9826299919579742,712812,9718,12583,511963,5225,3825,22356.761196222156,1643.9550881960201,beryl_s041,beryl,mid,0,Bp_N10_s2
single,land,0.002949743824522044,0.010918889870536795,3684744,0.9408959688878917,0.9545318742400556,314518,8516,11241,137381,3864,2680,10869.050858944654,439.3031240061598,beryl_s041,beryl,mid,0,Bp_N10_s2
single,active,0.0059540269895198995,0.02007066374335174,4110456,0.9669389076559379,0.9823087559845184,791454,11481,15580,565468,5623,4561,24473.765963234007,1655.8213333192857,beryl_s046,beryl,mid,-6,Bp_N10_s2
single,land,0.0034174262614508483,0.011770460785351666,3684744,0.9411646331384053,0.9612195774271195,392860,10353,14206,190482,4334,3351,12592.340912323445,510.49824086240505,beryl_s046,beryl,mid,-6,Bp_N10_s2
single,active,0.005902543279858563,0.02049121667156175,4110456,0.966944175965791,0.9822571353212283,792345,11563,15524,566063,5614,4611,24262.14443995431,1725.9392082205293,beryl_s049,beryl,high,-6,Bp_N10_s2
single,land,0.0034257618688421474,0.01176660434509568,3684744,0.9411518619984031,0.9612531827742721,393697,10429,14188,191026,4292,3408,12623.05549164489,510.16377928236,beryl_s049,beryl,high,-6,Bp_N10_s2
single,active,0.004848931651305405,0.019009132422957695,4110456,0.9732011049774155,0.9842435474061042,640124,8525,9102,482238,4727,2993,19931.32019969821,1485.3014188809116,beryl_s059,beryl,mid,0,Bp_N10_s2
single,land,0.0022935614501298877,0.009664007596317394,3684744,0.9403928386823928,0.951005471146756,240150,7362,7860,104467,3458,1924,8451.186791997403,344.12945417892956,beryl_s059,beryl,mid,0,Bp_N10_s2
single,active,0.004667056480915521,0.018661793821426305,4110456,0.9740063454188889,0.9843351330886105,630261,8248,8572,478379,4642,2971,19183.73031431809,1431.5178826055535,beryl_s063,beryl,high,6,Bp_N10_s2
single,land,0.0021595192341953063,0.009416929816301123,3684744,0.940744071954211,0.9502610112646966,230106,7100,7394,100301,3373,1877,7957.27554108575,326.75781829035066,beryl_s063,beryl,high,6,Bp_N10_s2
single,active,0.005500566869432845,0.019890704038932762,4110456,0.970482343027858,0.9833398818263339,722133,9623,12341,523067,5064,3798,22609.838091861457,1626.2612523346172,beryl_s068,beryl,high,0,Bp_N10_s2
single,land,0.002980097689542113,0.010983045793079486,3684744,0.9425803824850102,0.9572602160762871,321796,8488,11115,144956,3820,2652,10980.897080954164,444.48070109277387,beryl_s068,beryl,high,0,Bp_N10_s2
