time_utc,value_original,qualifiers,record_missing,original_unit,discharge_m3s,flag_estimated,flag_provisional,flag_approved,site_id,parameter_code,source
2024-09-30 00:00:00+00:00,-151000.0,A,False,ft3/s,-4275.843835392,False,False,True,02246500,00060,"USGS NWIS IV 02246500 00060 (raw signed total discharge, not de-tided; negative = flood-tide reversal)"
2024-09-30 00:15:00+00:00,-145000.0,A,False,ft3/s,-4105.94275584,False,False,True,02246500,00060,"USGS NWIS IV 02246500 00060 (raw signed total discharge, not de-tided; negative = flood-tide reversal)"
2024-09-30 00:30:00+00:00,-185000.0,A,False,ft3/s,-5238.61661952,False,False,True,02246500,00060,"USGS NWIS IV 02246500 00060 (raw signed total discharge, not de-tided; negative = flood-tide reversal)"
2024-09-30 00:45:00+00:00,-168000.0,A,False,ft3/s,-4757.230227456,False,False,True,02246500,00060,"USGS NWIS IV 02246500 00060 (raw signed total discharge, not de-tided; negative = flood-tide reversal)"
2024-09-30 01:00:00+00:00,-170000.0,A,False,ft3/s,-4813.86392064,False,False,True,02246500,00060,"USGS NWIS IV 02246500 00060 (raw signed total discharge, not de-tided; negative = flood-tide reversal)"
2024-09-30 01:15:00+00:00,-147000.0,A,False,ft3/s,-4162.576449024,False,False,True,02246500,00060,"USGS NWIS IV 02246500 00060 (raw signed total discharge, not de-tided; negative = flood-tide reversal)"
2024-09-30 01:30:00+00:00,-162000.0,A,False,ft3/s,-4587.329147904,False,False,True,02246500,00060,"USGS NWIS IV 02246500 00060 (raw signed total discharge, not de-tided; negative = flood-tide reversal)"
2024-09-30 01:45:00+00:00,-140000.0,A,False,ft3/s,-3964.3585228800002,False,False,True,02246500,00060,"USGS NWIS IV 02246500 00060 (raw signed total discharge, not de-tided; negative = flood-tide reversal)"
2024-09-30 02:00:00+00:00,-147000.0,A,False,ft3/s,-4162.576449024,False,False,True,02246500,00060,"USGS NWIS IV 02246500 00060 (raw signed total discharge, not de-tided; negative = flood-tide reversal)"
2024-09-30 02:15:00+00:00,-153000.0,A,False,ft3/s,-4332.477528576,False,False,True,02246500,00060,"USGS NWIS IV 02246500 00060 (raw signed total discharge, not de-tided; negative = flood-tide reversal)"
2024-09-30 02:30:00+00:00,-138000.0,A,False,ft3/s,-3907.724829696,False,False,True,02246500,00060,"USGS NWIS IV 02246500 00060 (raw signed total discharge, not de-tided; negative = flood-tide reversal)"
2024-09-30 02:45:00+00:00,-129000.0,A,False,ft3/s,-3652.873210368,False,False,True,02246500,00060,"USGS NWIS IV 02246500 00060 (raw signed total discharge, not de-tided; negative = flood-tide reversal)"
2024-09-30 03:00:00+00:00,-102000.0,A,False,ft3/s,-2888.3183523840003,False,False,True,02246500,00060,"USGS NWIS IV 02246500 00060 (raw signed total discharge, not de-tided; negative = flood-tide reversal)"
2024-09-30 03:15:00+00:00,-89700.0,A,False,ft3/s,-2540.0211393024,False,False,True,02246500,00060,"USGS NWIS IV 02246500 00060 (raw signed total discharge, not de-tided; negative = flood-tide reversal)"
2024-09-30 03:30:00+00:00,-65800.0,A,False,ft3/s,-1863.2485057536,False,False,True,02246500,00060,"USGS NWIS IV 02246500 00060 (raw signed total discharge, not de-tided; negative = flood-tide reversal)"
2024-09-30 03:45:00+00:00,-57300.0,A,False,ft3/s,-1622.5553097216,False,False,True,02246500,00060,"USGS NWIS IV 02246500 00060 (raw signed total discharge, not de-tided; negative = flood-tide reversal)"
2024-09-30 04:00:00+00:00,-18400.0,A,False,ft3/s,-521.0299772928,False,False,True,02246500,00060,"USGS NWIS IV 02246500 00060 (raw signed total discharge, not de-tided; negative = flood-tide reversal)"
2024-09-30 04:15:00+00:00,9110.0,A,False,ft3/s,257.96647245312,False,False,True,02246500,00060,"USGS NWIS IV 02246500 00060 (raw signed total discharge, not de-tided; negative = flood-tide reversal)"
2024-09-30 04:30:00+00:00,32300.0,A,False,ft3/s,914.6341449216001,False,False,True,02246500,00060,"USGS NWIS IV 02246500 00060 (raw signed total discharge, not de-tided; negative = flood-tide reversal)"
2024-09-30 04:45:00+00:00,65200.0,A,False,ft3/s,1846.2583977984,False,False,True,02246500,00060,"USGS NWIS IV 02246500 00060 (raw signed total discharge, not de-tided; negative = flood-tide reversal)"
2024-09-30 05:00:00+00:00,88500.0,A,False,ft3/s,2506.040923392,False,False,True,02246500,00060,"USGS NWIS IV 02246500 00060 (raw signed total discharge, not de-tided; negative = flood-tide reversal)"
2024-09-30 05:15:00+00:00,114000.0,A,False,ft3/s,3228.120511488,False,False,True,02246500,00060,"USGS NWIS IV 02246500 00060 (raw signed total discharge, not de-tided; negative = flood-tide reversal)"
2024-09-30 05:30:00+00:00,127000.0,A,False,ft3/s,3596.2395171840003,False,False,True,02246500,00060,"USGS NWIS IV 02246500 00060 (raw signed total discharge, not de-tided; negative = flood-tide reversal)"
2024-09-30 05:45:00+00:00,134000.0,A,False,ft3/s,3794.457443328,False,False,True,02246500,00060,"USGS NWIS IV 02246500 00060 (raw signed total discharge, not de-tided; negative = flood-tide reversal)"
2024-09-30 06:00:00+00:00,143000.0,A,False,ft3/s,4049.309062656,False,False,True,02246500,00060,"USGS NWIS IV 02246500 00060 (raw signed total discharge, not de-tided; negative = flood-tide reversal)"
2024-09-30 06:15:00+00:00,148000.0,A,False,ft3/s,4190.893295616,False,False,True,02246500,00060,"USGS NWIS IV 02246500 00060 (raw signed total discharge, not de-tided; negative = flood-tide reversal)"
2024-09-30 06:30:00+00:00,155000.0,A,False,ft3/s,4389.11122176,False,False,True,02246500,00060,"USGS NWIS IV 02246500 00060 (raw signed total discharge, not de-tided; negative = flood-tide reversal)"
2024-09-30 06:45:00+00:00,160000.0,A,False,ft3/s,4530.69545472,False,False,True,02246500,00060,"USGS NWIS IV 02246500 00060 (raw signed total discharge, not de-tided; negative = flood-tide reversal)"
2024-09-30 07:00:00+00:00,162000.0,A,False,ft3/s,4587.329147904,False,False,True,02246500,00060,"USGS NWIS IV 02246500 00060 (raw signed total discharge, not de-tided; negative = flood-tide reversal)"
2024-09-30 07:15:00+00:00,160000.0,A,False,ft3/s,4530.69545472,False,False,True,02246500,00060,"USGS NWIS IV 02246500 00060 (raw signed total discharge, not de-tided; negative = flood-tide reversal)"
2024-09-30 07:30:00+00:00,162000.0,A,False,ft3/s,4587.329147904,False,False,True,02246500,00060,"USGS NWIS IV 02246500 00060 (raw signed total discharge, not de-tided; negative = flood-tide reversal)"
2024-09-30 07:45:00+00:00,159000.0,A,False,ft3/s,4502.378608128,False,False,True,02246500,00060,"USGS NWIS IV 02246500 00060 (raw signed total discharge, not de-tided; negative = flood-tide reversal)"
2024-09-30 08:00:00+00:00,160000.0,A,False,ft3/s,4530.69545472,False,False,True,02246500,00060,"USGS NWIS IV 02246500 00060 (raw signed total discharge, not de-tided; negative = flood-tide reversal)"
2024-09-30 08:15:00+00:00,153000.0,A,False,ft3/s,4332.477528576,False,False,True,02246500,00060,"USGS NWIS IV 02246500 00060 (raw signed total discharge, not de-tided; negative = flood-tide reversal)"
2024-09-30 08:30:00+00:00,151000.0,A,False,ft3/s,4275.843835392,False,False,True,02246500,00060,"USGS NWIS IV 02246500 00060 (raw signed total discharge, not de-tided; negative = flood-tide reversal)"
2024-09-30 08:45:00+00:00,148000.0,A,False,ft3/s,4190.893295616,False,False,True,02246500,00060,"USGS NWIS IV 02246500 00060 (raw signed total discharge, not de-tided; negative = flood-tide reversal)"
2024-09-30 09:00:00+00:00,132000.0,A,False,ft3/s,3737.8237501440003,False,False,True,02246500,00060,"USGS NWIS IV 02246500 00060 (raw signed total discharge, not de-tided; negative = flood-tide reversal)"
2024-09-30 09:15:00+00:00,123000.0,A,False,ft3/s,3482.972130816,False,False,True,02246500,00060,"USGS NWIS IV 02246500 00060 (raw signed total discharge, not de-tided; negative = flood-tide reversal)"
2024-09-30 09:30:00+00:00,110000.0,A,False,ft3/s,3114.85312512,False,False,True,02246500,00060,"USGS NWIS IV 02246500 00060 (raw signed total discharge, not de-tided; negative = flood-tide reversal)"
2024-09-30 09:45:00+00:00,89300.0,A,False,ft3/s,2528.6944006656,False,False,True,02246500,00060,"USGS NWIS IV 02246500 00060 (raw signed total discharge, not de-tided; negative = flood-tide reversal)"
2024-09-30 10:00:00+00:00,65500.0,A,False,ft3/s,1854.753451776,False,False,True,02246500,00060,"USGS NWIS IV 02246500 00060 (raw signed total discharge, not de-tided; negative = flood-tide reversal)"
2024-09-30 10:15:00+00:00,45300.0,A,False,ft3/s,1282.7531506176,False,False,True,02246500,00060,"USGS NWIS IV 02246500 00060 (raw signed total discharge, not de-tided; negative = flood-tide reversal)"
2024-09-30 10:30:00+00:00,22100.0,A,False,ft3/s,625.8023096832001,False,False,True,02246500,00060,"USGS NWIS IV 02246500 00060 (raw signed total discharge, not de-tided; negative = flood-tide reversal)"
2024-09-30 10:45:00+00:00,-19500.0,A,False,ft3/s,-552.178508544,False,False,True,02246500,00060,"USGS NWIS IV 02246500 00060 (raw signed total discharge, not de-tided; negative = flood-tide reversal)"
2024-09-30 11:00:00+00:00,-24800.0,A,False,ft3/s,-702.2577954816,False,False,True,02246500,00060,"USGS NWIS IV 02246500 00060 (raw signed total discharge, not de-tided; negative = flood-tide reversal)"
2024-09-30 11:15:00+00:00,-37400.0,A,False,ft3/s,-1059.0500625408001,False,False,True,02246500,00060,"USGS NWIS IV 02246500 00060 (raw signed total discharge, not de-tided; negative = flood-tide reversal)"
2024-09-30 11:30:00+00:00,-57700.0,A,False,ft3/s,-1633.8820483584,False,False,True,02246500,00060,"USGS NWIS IV 02246500 00060 (raw signed total discharge, not de-tided; negative = flood-tide reversal)"
2024-09-30 11:45:00+00:00,-72600.0,A,False,ft3/s,-2055.8030625792,False,False,True,02246500,00060,"USGS NWIS IV 02246500 00060 (raw signed total discharge, not de-tided; negative = flood-tide reversal)"
2024-09-30 12:00:00+00:00,-94600.0,A,False,ft3/s,-2678.7736876032,False,False,True,02246500,00060,"USGS NWIS IV 02246500 00060 (raw signed total discharge, not de-tided; negative = flood-tide reversal)"
2024-09-30 12:15:00+00:00,-107000.0,A,False,ft3/s,-3029.9025853440003,False,False,True,02246500,00060,"USGS NWIS IV 02246500 00060 (raw signed total discharge, not de-tided; negative = flood-tide reversal)"
2024-09-30 12:30:00+00:00,-130000.0,A,False,ft3/s,-3681.19005696,False,False,True,02246500,00060,"USGS NWIS IV 02246500 00060 (raw signed total discharge, not de-tided; negative = flood-tide reversal)"
2024-09-30 12:45:00+00:00,-146000.0,A,False,ft3/s,-4134.259602432,False,False,True,02246500,00060,"USGS NWIS IV 02246500 00060 (raw signed total discharge, not de-tided; negative = flood-tide reversal)"
2024-09-30 13:00:00+00:00,-131000.0,A,False,ft3/s,-3709.506903552,False,False,True,02246500,00060,"USGS NWIS IV 02246500 00060 (raw signed total discharge, not de-tided; negative = flood-tide reversal)"
2024-09-30 13:15:00+00:00,-154000.0,A,False,ft3/s,-4360.794375168,False,False,True,02246500,00060,"USGS NWIS IV 02246500 00060 (raw signed total discharge, not de-tided; negative = flood-tide reversal)"
2024-09-30 13:30:00+00:00,-132000.0,A,False,ft3/s,-3737.8237501440003,False,False,True,02246500,00060,"USGS NWIS IV 02246500 00060 (raw signed total discharge, not de-tided; negative = flood-tide reversal)"
2024-09-30 13:45:00+00:00,-140000.0,A,False,ft3/s,-3964.3585228800002,False,False,True,02246500,00060,"USGS NWIS IV 02246500 00060 (raw signed total discharge, not de-tided; negative = flood-tide reversal)"
2024-09-30 14:00:00+00:00,-136000.0,A,False,ft3/s,-3851.091136512,False,False,True,02246500,00060,"USGS NWIS IV 02246500 00060 (raw signed total discharge, not de-tided; negative = flood-tide reversal)"
2024-09-30 14:15:00+00:00,-154000.0,A,False,ft3/s,-4360.794375168,False,False,True,02246500,00060,"USGS NWIS IV 02246500 00060 (raw signed total discharge, not de-tided; negative = flood-tide reversal)"
2024-09-30 14:30:00+00:00,-160000.0,A,False,ft3/s,-4530.69545472,False,False,True,02246500,00060,"USGS NWIS IV 02246500 00060 (raw signed total discharge, not de-tided; negative = flood-tide reversal)"
2024-09-30 14:45:00+00:00,-152000.0,A,False,ft3/s,-4304.160681984,False,False,True,02246500,00060,"USGS NWIS IV 02246500 00060 (raw signed total discharge, not de-tided; negative = flood-tide reversal)"
2024-09-30 15:00:00+00:00,-139000.0,A,False,ft3/s,-3936.041676288,False,False,True,02246500,00060,"USGS NWIS IV 02246500 00060 (raw signed total discharge, not de-tided; negative = flood-tide reversal)"
2024-09-30 15:15:00+00:00,-112000.0,A,False,ft3/s,-3171.4868183040003,False,False,True,02246500,00060,"USGS NWIS IV 02246500 00060 (raw signed total discharge, not de-tided; negative = flood-tide reversal)"
2024-09-30 15:30:00+00:00,-97500.0,A,False,ft3/s,-2760.89254272,False,False,True,02246500,00060,"USGS NWIS IV 02246500 00060 (raw signed total discharge, not de-tided; negative = flood-tide reversal)"
2024-09-30 15:45:00+00:00,-72000.0,A,False,ft3/s,-2038.812954624,False,False,True,02246500,00060,"USGS NWIS IV 02246500 00060 (raw signed total discharge, not de-tided; negative = flood-tide reversal)"
2024-09-30 16:00:00+00:00,-38500.0,A,False,ft3/s,-1090.198593792,False,False,True,02246500,00060,"USGS NWIS IV 02246500 00060 (raw signed total discharge, not de-tided; negative = flood-tide reversal)"
2024-09-30 16:15:00+00:00,-12700.0,A,False,ft3/s,-359.6239517184,False,False,True,02246500,00060,"USGS NWIS IV 02246500 00060 (raw signed total discharge, not de-tided; negative = flood-tide reversal)"
2024-09-30 16:30:00+00:00,20000.0,A,False,ft3/s,566.33693184,False,False,True,02246500,00060,"USGS NWIS IV 02246500 00060 (raw signed total discharge, not de-tided; negative = flood-tide reversal)"
2024-09-30 16:45:00+00:00,53000.0,A,False,ft3/s,1500.792869376,False,False,True,02246500,00060,"USGS NWIS IV 02246500 00060 (raw signed total discharge, not de-tided; negative = flood-tide reversal)"
2024-09-30 17:00:00+00:00,74000.0,A,False,ft3/s,2095.446647808,False,False,True,02246500,00060,"USGS NWIS IV 02246500 00060 (raw signed total discharge, not de-tided; negative = flood-tide reversal)"
2024-09-30 17:15:00+00:00,96900.0,A,False,ft3/s,2743.9024347648,False,False,True,02246500,00060,"USGS NWIS IV 02246500 00060 (raw signed total discharge, not de-tided; negative = flood-tide reversal)"
2024-09-30 17:30:00+00:00,108000.0,A,False,ft3/s,3058.219431936,False,False,True,02246500,00060,"USGS NWIS IV 02246500 00060 (raw signed total discharge, not de-tided; negative = flood-tide reversal)"
2024-09-30 17:45:00+00:00,130000.0,A,False,ft3/s,3681.19005696,False,False,True,02246500,00060,"USGS NWIS IV 02246500 00060 (raw signed total discharge, not de-tided; negative = flood-tide reversal)"
2024-09-30 18:00:00+00:00,132000.0,A,False,ft3/s,3737.8237501440003,False,False,True,02246500,00060,"USGS NWIS IV 02246500 00060 (raw signed total discharge, not de-tided; negative = flood-tide reversal)"
2024-09-30 18:15:00+00:00,138000.0,A,False,ft3/s,3907.724829696,False,False,True,02246500,00060,"USGS NWIS IV 02246500 00060 (raw signed total discharge, not de-tided; negative = flood-tide reversal)"
2024-09-30 18:30:00+00:00,153000.0,A,False,ft3/s,4332.477528576,False,False,True,02246500,00060,"USGS NWIS IV 02246500 00060 (raw signed total discharge, not de-tided; negative = flood-tide reversal)"
2024-09-30 18:45:00+00:00,149000.0,A,False,ft3/s,4219.210142208,False,False,True,02246500,00060,"USGS NWIS IV 02246500 00060 (raw signed total discharge, not de-tided; negative = flood-tide reversal)"
2024-09-30 19:00:00+00:00,156000.0,A,False,ft3/s,4417.428068352,False,False,True,02246500,00060,"USGS NWIS IV 02246500 00060 (raw signed total discharge, not de-tided; negative = flood-tide reversal)"
2024-09-30 19:15:00+00:00,158000.0,A,False,ft3/s,4474.061761536,False,False,True,02246500,00060,"USGS NWIS IV 02246500 00060 (raw signed total discharge, not de-tided; negative = flood-tide reversal)"
2024-09-30 19:30:00+00:00,163000.0,A,False,ft3/s,4615.645994496,False,False,True,02246500,00060,"USGS NWIS IV 02246500 00060 (raw signed total discharge, not de-tided; negative = flood-tide reversal)"
2024-09-30 19:45:00+00:00,159000.0,A,False,ft3/s,4502.378608128,False,False,True,02246500,00060,"USGS NWIS IV 02246500 00060 (raw signed total discharge, not de-tided; negative = flood-tide reversal)"
2024-09-30 20:00:00+00:00,158000.0,A,False,ft3/s,4474.061761536,False,False,True,02246500,00060,"USGS NWIS IV 02246500 00060 (raw signed total discharge, not de-tided; negative = flood-tide reversal)"
2024-09-30 20:15:00+00:00,154000.0,A,False,ft3/s,4360.794375168,False,False,True,02246500,00060,"USGS NWIS IV 02246500 00060 (raw signed total discharge, not de-tided; negative = flood-tide reversal)"
2024-09-30 20:30:00+00:00,154000.0,A,False,ft3/s,4360.794375168,False,False,True,02246500,00060,"USGS NWIS IV 02246500 00060 (raw signed total discharge, not de-tided; negative = flood-tide reversal)"
2024-09-30 20:45:00+00:00,153000.0,A,False,ft3/s,4332.477528576,False,False,True,02246500,00060,"USGS NWIS IV 02246500 00060 (raw signed total discharge, not de-tided; negative = flood-tide reversal)"
2024-09-30 21:00:00+00:00,134000.0,A,False,ft3/s,3794.457443328,False,False,True,02246500,00060,"USGS NWIS IV 02246500 00060 (raw signed total discharge, not de-tided; negative = flood-tide reversal)"
2024-09-30 21:15:00+00:00,126000.0,A,False,ft3/s,3567.922670592,False,False,True,02246500,00060,"USGS NWIS IV 02246500 00060 (raw signed total discharge, not de-tided; negative = flood-tide reversal)"
2024-09-30 21:30:00+00:00,117000.0,A,False,ft3/s,3313.0710512640003,False,False,True,02246500,00060,"USGS NWIS IV 02246500 00060 (raw signed total discharge, not de-tided; negative = flood-tide reversal)"
2024-09-30 21:45:00+00:00,97300.0,A,False,ft3/s,2755.2291734016003,False,False,True,02246500,00060,"USGS NWIS IV 02246500 00060 (raw signed total discharge, not de-tided; negative = flood-tide reversal)"
2024-09-30 22:00:00+00:00,75800.0,A,False,ft3/s,2146.4169716736,False,False,True,02246500,00060,"USGS NWIS IV 02246500 00060 (raw signed total discharge, not de-tided; negative = flood-tide reversal)"
2024-09-30 22:15:00+00:00,64800.0,A,False,ft3/s,1834.9316591616,False,False,True,02246500,00060,"USGS NWIS IV 02246500 00060 (raw signed total discharge, not de-tided; negative = flood-tide reversal)"
2024-09-30 22:30:00+00:00,41600.0,A,False,ft3/s,1177.9808182272,False,False,True,02246500,00060,"USGS NWIS IV 02246500 00060 (raw signed total discharge, not de-tided; negative = flood-tide reversal)"
2024-09-30 22:45:00+00:00,8720.0,A,False,ft3/s,246.92290228224002,False,False,True,02246500,00060,"USGS NWIS IV 02246500 00060 (raw signed total discharge, not de-tided; negative = flood-tide reversal)"
2024-09-30 23:00:00+00:00,-18100.0,A,False,ft3/s,-512.5349233152,False,False,True,02246500,00060,"USGS NWIS IV 02246500 00060 (raw signed total discharge, not de-tided; negative = flood-tide reversal)"
2024-09-30 23:15:00+00:00,-26400.0,A,False,ft3/s,-747.5647500288001,False,False,True,02246500,00060,"USGS NWIS IV 02246500 00060 (raw signed total discharge, not de-tided; negative = flood-tide reversal)"
2024-09-30 23:30:00+00:00,-54300.0,A,False,ft3/s,-1537.6047699456,False,False,True,02246500,00060,"USGS NWIS IV 02246500 00060 (raw signed total discharge, not de-tided; negative = flood-tide reversal)"
2024-09-30 23:45:00+00:00,-83600.0,A,False,ft3/s,-2367.2883750912,False,False,True,02246500,00060,"USGS NWIS IV 02246500 00060 (raw signed total discharge, not de-tided; negative = flood-tide reversal)"
2024-10-01 00:00:00+00:00,-104000.0,A,False,ft3/s,-2944.952045568,False,False,True,02246500,00060,"USGS NWIS IV 02246500 00060 (raw signed total discharge, not de-tided; negative = flood-tide reversal)"
2024-10-01 00:15:00+00:00,-119000.0,A,False,ft3/s,-3369.704744448,False,False,True,02246500,00060,"USGS NWIS IV 02246500 00060 (raw signed total discharge, not de-tided; negative = flood-tide reversal)"
2024-10-01 00:30:00+00:00,-136000.0,A,False,ft3/s,-3851.091136512,False,False,True,02246500,00060,"USGS NWIS IV 02246500 00060 (raw signed total discharge, not de-tided; negative = flood-tide reversal)"
2024-10-01 00:45:00+00:00,-137000.0,A,False,ft3/s,-3879.4079831040003,False,False,True,02246500,00060,"USGS NWIS IV 02246500 00060 (raw signed total discharge, not de-tided; negative = flood-tide reversal)"
2024-10-01 01:00:00+00:00,-147000.0,A,False,ft3/s,-4162.576449024,False,False,True,02246500,00060,"USGS NWIS IV 02246500 00060 (raw signed total discharge, not de-tided; negative = flood-tide reversal)"
2024-10-01 01:15:00+00:00,-153000.0,A,False,ft3/s,-4332.477528576,False,False,True,02246500,00060,"USGS NWIS IV 02246500 00060 (raw signed total discharge, not de-tided; negative = flood-tide reversal)"
2024-10-01 01:30:00+00:00,-167000.0,A,False,ft3/s,-4728.913380864,False,False,True,02246500,00060,"USGS NWIS IV 02246500 00060 (raw signed total discharge, not de-tided; negative = flood-tide reversal)"
2024-10-01 01:45:00+00:00,-168000.0,A,False,ft3/s,-4757.230227456,False,False,True,02246500,00060,"USGS NWIS IV 02246500 00060 (raw signed total discharge, not de-tided; negative = flood-tide reversal)"
2024-10-01 02:00:00+00:00,-184000.0,A,False,ft3/s,-5210.2997729280005,False,False,True,02246500,00060,"USGS NWIS IV 02246500 00060 (raw signed total discharge, not de-tided; negative = flood-tide reversal)"
2024-10-01 02:15:00+00:00,-177000.0,A,False,ft3/s,-5012.081846784,False,False,True,02246500,00060,"USGS NWIS IV 02246500 00060 (raw signed total discharge, not de-tided; negative = flood-tide reversal)"
2024-10-01 02:30:00+00:00,-176000.0,A,False,ft3/s,-4983.765000192,False,False,True,02246500,00060,"USGS NWIS IV 02246500 00060 (raw signed total discharge, not de-tided; negative = flood-tide reversal)"
2024-10-01 02:45:00+00:00,-159000.0,A,False,ft3/s,-4502.378608128,False,False,True,02246500,00060,"USGS NWIS IV 02246500 00060 (raw signed total discharge, not de-tided; negative = flood-tide reversal)"
2024-10-01 03:00:00+00:00,-161000.0,A,False,ft3/s,-4559.012301312,False,False,True,02246500,00060,"USGS NWIS IV 02246500 00060 (raw signed total discharge, not de-tided; negative = flood-tide reversal)"
2024-10-01 03:15:00+00:00,-145000.0,A,False,ft3/s,-4105.94275584,False,False,True,02246500,00060,"USGS NWIS IV 02246500 00060 (raw signed total discharge, not de-tided; negative = flood-tide reversal)"
2024-10-01 03:30:00+00:00,-131000.0,A,False,ft3/s,-3709.506903552,False,False,True,02246500,00060,"USGS NWIS IV 02246500 00060 (raw signed total discharge, not de-tided; negative = flood-tide reversal)"
2024-10-01 03:45:00+00:00,-119000.0,A,False,ft3/s,-3369.704744448,False,False,True,02246500,00060,"USGS NWIS IV 02246500 00060 (raw signed total discharge, not de-tided; negative = flood-tide reversal)"
2024-10-01 04:00:00+00:00,-100000.0,A,False,ft3/s,-2831.6846592,False,False,True,02246500,00060,"USGS NWIS IV 02246500 00060 (raw signed total discharge, not de-tided; negative = flood-tide reversal)"
2024-10-01 04:15:00+00:00,-73800.0,A,False,ft3/s,-2089.7832784896,False,False,True,02246500,00060,"USGS NWIS IV 02246500 00060 (raw signed total discharge, not de-tided; negative = flood-tide reversal)"
2024-10-01 04:30:00+00:00,-31900.0,A,False,ft3/s,-903.3074062848,False,False,True,02246500,00060,"USGS NWIS IV 02246500 00060 (raw signed total discharge, not de-tided; negative = flood-tide reversal)"
2024-10-01 04:45:00+00:00,-375.0,A,False,ft3/s,-10.618817472,False,False,True,02246500,00060,"USGS NWIS IV 02246500 00060 (raw signed total discharge, not de-tided; negative = flood-tide reversal)"
2024-10-01 05:00:00+00:00,23300.0,A,False,ft3/s,659.7825255936,False,False,True,02246500,00060,"USGS NWIS IV 02246500 00060 (raw signed total discharge, not de-tided; negative = flood-tide reversal)"
2024-10-01 05:15:00+00:00,37000.0,A,False,ft3/s,1047.723323904,False,False,True,02246500,00060,"USGS NWIS IV 02246500 00060 (raw signed total discharge, not de-tided; negative = flood-tide reversal)"
2024-10-01 05:30:00+00:00,78700.0,A,False,ft3/s,2228.5358267904003,False,False,True,02246500,00060,"USGS NWIS IV 02246500 00060 (raw signed total discharge, not de-tided; negative = flood-tide reversal)"
2024-10-01 05:45:00+00:00,99700.0,A,False,ft3/s,2823.1896052224,False,False,True,02246500,00060,"USGS NWIS IV 02246500 00060 (raw signed total discharge, not de-tided; negative = flood-tide reversal)"
2024-10-01 06:00:00+00:00,121000.0,A,False,ft3/s,3426.338437632,False,False,True,02246500,00060,"USGS NWIS IV 02246500 00060 (raw signed total discharge, not de-tided; negative = flood-tide reversal)"
2024-10-01 06:15:00+00:00,132000.0,A,False,ft3/s,3737.8237501440003,False,False,True,02246500,00060,"USGS NWIS IV 02246500 00060 (raw signed total discharge, not de-tided; negative = flood-tide reversal)"
2024-10-01 06:30:00+00:00,142000.0,A,False,ft3/s,4020.9922160640003,False,False,True,02246500,00060,"USGS NWIS IV 02246500 00060 (raw signed total discharge, not de-tided; negative = flood-tide reversal)"
2024-10-01 06:45:00+00:00,144000.0,A,False,ft3/s,4077.625909248,False,False,True,02246500,00060,"USGS NWIS IV 02246500 00060 (raw signed total discharge, not de-tided; negative = flood-tide reversal)"
2024-10-01 07:00:00+00:00,158000.0,A,False,ft3/s,4474.061761536,False,False,True,02246500,00060,"USGS NWIS IV 02246500 00060 (raw signed total discharge, not de-tided; negative = flood-tide reversal)"
2024-10-01 07:15:00+00:00,164000.0,A,False,ft3/s,4643.9628410880005,False,False,True,02246500,00060,"USGS NWIS IV 02246500 00060 (raw signed total discharge, not de-tided; negative = flood-tide reversal)"
2024-10-01 07:30:00+00:00,159000.0,A,False,ft3/s,4502.378608128,False,False,True,02246500,00060,"USGS NWIS IV 02246500 00060 (raw signed total discharge, not de-tided; negative = flood-tide reversal)"
2024-10-01 07:45:00+00:00,160000.0,A,False,ft3/s,4530.69545472,False,False,True,02246500,00060,"USGS NWIS IV 02246500 00060 (raw signed total discharge, not de-tided; negative = flood-tide reversal)"
2024-10-01 08:00:00+00:00,163000.0,A,False,ft3/s,4615.645994496,False,False,True,02246500,00060,"USGS NWIS IV 02246500 00060 (raw signed total discharge, not de-tided; negative = flood-tide reversal)"
2024-10-01 08:15:00+00:00,168000.0,A,False,ft3/s,4757.230227456,False,False,True,02246500,00060,"USGS NWIS IV 02246500 00060 (raw signed total discharge, not de-tided; negative = flood-tide reversal)"
2024-10-01 08:30:00+00:00,155000.0,A,False,ft3/s,4389.11122176,False,False,True,02246500,00060,"USGS NWIS IV 02246500 00060 (raw signed total discharge, not de-tided; negative = flood-tide reversal)"
2024-10-01 08:45:00+00:00,159000.0,A,False,ft3/s,4502.378608128,False,False,True,02246500,00060,"USGS NWIS IV 02246500 00060 (raw signed total discharge, not de-tided; negative = flood-tide reversal)"
2024-10-01 09:00:00+00:00,163000.0,A,False,ft3/s,4615.645994496,False,False,True,02246500,00060,"USGS NWIS IV 02246500 00060 (raw signed total discharge, not de-tided; negative = flood-tide reversal)"
2024-10-01 09:15:00+00:00,148000.0,A,False,ft3/s,4190.893295616,False,False,True,02246500,00060,"USGS NWIS IV 02246500 00060 (raw signed total discharge, not de-tided; negative = flood-tide reversal)"
2024-10-01 09:30:00+00:00,148000.0,A,False,ft3/s,4190.893295616,False,False,True,02246500,00060,"USGS NWIS IV 02246500 00060 (raw signed total discharge, not de-tided; negative = flood-tide reversal)"
2024-10-01 09:45:00+00:00,125000.0,A,False,ft3/s,3539.605824,False,False,True,02246500,00060,"USGS NWIS IV 02246500 00060 (raw signed total discharge, not de-tided; negative = flood-tide reversal)"
2024-10-01 10:00:00+00:00,111000.0,A,False,ft3/s,3143.169971712,False,False,True,02246500,00060,"USGS NWIS IV 02246500 00060 (raw signed total discharge, not de-tided; negative = flood-tide reversal)"
2024-10-01 10:15:00+00:00,95900.0,A,False,ft3/s,2715.5855881728003,False,False,True,02246500,00060,"USGS NWIS IV 02246500 00060 (raw signed total discharge, not de-tided; negative = flood-tide reversal)"
2024-10-01 10:30:00+00:00,80100.0,A,False,ft3/s,2268.1794120192,False,False,True,02246500,00060,"USGS NWIS IV 02246500 00060 (raw signed total discharge, not de-tided; negative = flood-tide reversal)"
2024-10-01 10:45:00+00:00,60900.0,A,False,ft3/s,1724.4959574528,False,False,True,02246500,00060,"USGS NWIS IV 02246500 00060 (raw signed total discharge, not de-tided; negative = flood-tide reversal)"
2024-10-01 11:00:00+00:00,22500.0,A,False,ft3/s,637.12904832,False,False,True,02246500,00060,"USGS NWIS IV 02246500 00060 (raw signed total discharge, not de-tided; negative = flood-tide reversal)"
2024-10-01 11:15:00+00:00,-4680.0,A,False,ft3/s,-132.52284205056,False,False,True,02246500,00060,"USGS NWIS IV 02246500 00060 (raw signed total discharge, not de-tided; negative = flood-tide reversal)"
2024-10-01 11:30:00+00:00,-21500.0,A,False,ft3/s,-608.812201728,False,False,True,02246500,00060,"USGS NWIS IV 02246500 00060 (raw signed total discharge, not de-tided; negative = flood-tide reversal)"
2024-10-01 11:45:00+00:00,-34500.0,A,False,ft3/s,-976.931207424,False,False,True,02246500,00060,"USGS NWIS IV 02246500 00060 (raw signed total discharge, not de-tided; negative = flood-tide reversal)"
2024-10-01 12:00:00+00:00,-55100.0,A,False,ft3/s,-1560.2582472192,False,False,True,02246500,00060,"USGS NWIS IV 02246500 00060 (raw signed total discharge, not de-tided; negative = flood-tide reversal)"
2024-10-01 12:15:00+00:00,-81600.0,A,False,ft3/s,-2310.6546819072,False,False,True,02246500,00060,"USGS NWIS IV 02246500 00060 (raw signed total discharge, not de-tided; negative = flood-tide reversal)"
2024-10-01 12:30:00+00:00,-103000.0,A,False,ft3/s,-2916.635198976,False,False,True,02246500,00060,"USGS NWIS IV 02246500 00060 (raw signed total discharge, not de-tided; negative = flood-tide reversal)"
2024-10-01 12:45:00+00:00,-123000.0,A,False,ft3/s,-3482.972130816,False,False,True,02246500,00060,"USGS NWIS IV 02246500 00060 (raw signed total discharge, not de-tided; negative = flood-tide reversal)"
2024-10-01 13:00:00+00:00,-139000.0,A,False,ft3/s,-3936.041676288,False,False,True,02246500,00060,"USGS NWIS IV 02246500 00060 (raw signed total discharge, not de-tided; negative = flood-tide reversal)"
2024-10-01 13:15:00+00:00,-133000.0,A,False,ft3/s,-3766.140596736,False,False,True,02246500,00060,"USGS NWIS IV 02246500 00060 (raw signed total discharge, not de-tided; negative = flood-tide reversal)"
2024-10-01 13:30:00+00:00,-147000.0,A,False,ft3/s,-4162.576449024,False,False,True,02246500,00060,"USGS NWIS IV 02246500 00060 (raw signed total discharge, not de-tided; negative = flood-tide reversal)"
2024-10-01 13:45:00+00:00,-144000.0,A,False,ft3/s,-4077.625909248,False,False,True,02246500,00060,"USGS NWIS IV 02246500 00060 (raw signed total discharge, not de-tided; negative = flood-tide reversal)"
2024-10-01 14:00:00+00:00,-161000.0,A,False,ft3/s,-4559.012301312,False,False,True,02246500,00060,"USGS NWIS IV 02246500 00060 (raw signed total discharge, not de-tided; negative = flood-tide reversal)"
2024-10-01 14:15:00+00:00,-161000.0,A,False,ft3/s,-4559.012301312,False,False,True,02246500,00060,"USGS NWIS IV 02246500 00060 (raw signed total discharge, not de-tided; negative = flood-tide reversal)"
2024-10-01 14:30:00+00:00,-168000.0,A,False,ft3/s,-4757.230227456,False,False,True,02246500,00060,"USGS NWIS IV 02246500 00060 (raw signed total discharge, not de-tided; negative = flood-tide reversal)"
2024-10-01 14:45:00+00:00,-174000.0,A,False,ft3/s,-4927.1313070080005,False,False,True,02246500,00060,"USGS NWIS IV 02246500 00060 (raw signed total discharge, not de-tided; negative = flood-tide reversal)"
2024-10-01 15:00:00+00:00,-171000.0,A,False,ft3/s,-4842.180767232,False,False,True,02246500,00060,"USGS NWIS IV 02246500 00060 (raw signed total discharge, not de-tided; negative = flood-tide reversal)"
2024-10-01 15:15:00+00:00,-169000.0,A,False,ft3/s,-4785.5470740480005,False,False,True,02246500,00060,"USGS NWIS IV 02246500 00060 (raw signed total discharge, not de-tided; negative = flood-tide reversal)"
2024-10-01 15:30:00+00:00,-157000.0,A,False,ft3/s,-4445.744914944,False,False,True,02246500,00060,"USGS NWIS IV 02246500 00060 (raw signed total discharge, not de-tided; negative = flood-tide reversal)"
2024-10-01 15:45:00+00:00,-126000.0,A,False,ft3/s,-3567.922670592,False,False,True,02246500,00060,"USGS NWIS IV 02246500 00060 (raw signed total discharge, not de-tided; negative = flood-tide reversal)"
2024-10-01 16:00:00+00:00,-109000.0,A,False,ft3/s,-3086.536278528,False,False,True,02246500,00060,"USGS NWIS IV 02246500 00060 (raw signed total discharge, not de-tided; negative = flood-tide reversal)"
2024-10-01 16:15:00+00:00,-110000.0,A,False,ft3/s,-3114.85312512,False,False,True,02246500,00060,"USGS NWIS IV 02246500 00060 (raw signed total discharge, not de-tided; negative = flood-tide reversal)"
2024-10-01 16:30:00+00:00,-78800.0,A,False,ft3/s,-2231.3675114496,False,False,True,02246500,00060,"USGS NWIS IV 02246500 00060 (raw signed total discharge, not de-tided; negative = flood-tide reversal)"
2024-10-01 16:45:00+00:00,-54100.0,A,False,ft3/s,-1531.9414006272,False,False,True,02246500,00060,"USGS NWIS IV 02246500 00060 (raw signed total discharge, not de-tided; negative = flood-tide reversal)"
2024-10-01 17:00:00+00:00,-34700.0,A,False,ft3/s,-982.5945767424,False,False,True,02246500,00060,"USGS NWIS IV 02246500 00060 (raw signed total discharge, not de-tided; negative = flood-tide reversal)"
2024-10-01 17:15:00+00:00,10100.0,A,False,ft3/s,286.0001505792,False,False,True,02246500,00060,"USGS NWIS IV 02246500 00060 (raw signed total discharge, not de-tided; negative = flood-tide reversal)"
2024-10-01 17:30:00+00:00,29000.0,A,False,ft3/s,821.188551168,False,False,True,02246500,00060,"USGS NWIS IV 02246500 00060 (raw signed total discharge, not de-tided; negative = flood-tide reversal)"
2024-10-01 17:45:00+00:00,48200.0,A,False,ft3/s,1364.8720057344,False,False,True,02246500,00060,"USGS NWIS IV 02246500 00060 (raw signed total discharge, not de-tided; negative = flood-tide reversal)"
2024-10-01 18:00:00+00:00,82400.0,A,False,ft3/s,2333.3081591808,False,False,True,02246500,00060,"USGS NWIS IV 02246500 00060 (raw signed total discharge, not de-tided; negative = flood-tide reversal)"
2024-10-01 18:15:00+00:00,97700.0,A,False,ft3/s,2766.5559120384,False,False,True,02246500,00060,"USGS NWIS IV 02246500 00060 (raw signed total discharge, not de-tided; negative = flood-tide reversal)"
2024-10-01 18:30:00+00:00,124000.0,A,False,ft3/s,3511.288977408,False,False,True,02246500,00060,"USGS NWIS IV 02246500 00060 (raw signed total discharge, not de-tided; negative = flood-tide reversal)"
2024-10-01 18:45:00+00:00,131000.0,A,False,ft3/s,3709.506903552,False,False,True,02246500,00060,"USGS NWIS IV 02246500 00060 (raw signed total discharge, not de-tided; negative = flood-tide reversal)"
2024-10-01 19:00:00+00:00,140000.0,A,False,ft3/s,3964.3585228800002,False,False,True,02246500,00060,"USGS NWIS IV 02246500 00060 (raw signed total discharge, not de-tided; negative = flood-tide reversal)"
2024-10-01 19:15:00+00:00,147000.0,A,False,ft3/s,4162.576449024,False,False,True,02246500,00060,"USGS NWIS IV 02246500 00060 (raw signed total discharge, not de-tided; negative = flood-tide reversal)"
2024-10-01 19:30:00+00:00,152000.0,A,False,ft3/s,4304.160681984,False,False,True,02246500,00060,"USGS NWIS IV 02246500 00060 (raw signed total discharge, not de-tided; negative = flood-tide reversal)"
2024-10-01 19:45:00+00:00,140000.0,A,False,ft3/s,3964.3585228800002,False,False,True,02246500,00060,"USGS NWIS IV 02246500 00060 (raw signed total discharge, not de-tided; negative = flood-tide reversal)"
2024-10-01 20:00:00+00:00,154000.0,A,False,ft3/s,4360.794375168,False,False,True,02246500,00060,"USGS NWIS IV 02246500 00060 (raw signed total discharge, not de-tided; negative = flood-tide reversal)"
2024-10-01 20:15:00+00:00,157000.0,A,False,ft3/s,4445.744914944,False,False,True,02246500,00060,"USGS NWIS IV 02246500 00060 (raw signed total discharge, not de-tided; negative = flood-tide reversal)"
2024-10-01 20:30:00+00:00,154000.0,A,False,ft3/s,4360.794375168,False,False,True,02246500,00060,"USGS NWIS IV 02246500 00060 (raw signed total discharge, not de-tided; negative = flood-tide reversal)"
2024-10-01 20:45:00+00:00,154000.0,A,False,ft3/s,4360.794375168,False,False,True,02246500,00060,"USGS NWIS IV 02246500 00060 (raw signed total discharge, not de-tided; negative = flood-tide reversal)"
2024-10-01 21:00:00+00:00,151000.0,A,False,ft3/s,4275.843835392,False,False,True,02246500,00060,"USGS NWIS IV 02246500 00060 (raw signed total discharge, not de-tided; negative = flood-tide reversal)"
2024-10-01 21:15:00+00:00,146000.0,A,False,ft3/s,4134.259602432,False,False,True,02246500,00060,"USGS NWIS IV 02246500 00060 (raw signed total discharge, not de-tided; negative = flood-tide reversal)"
2024-10-01 21:30:00+00:00,135000.0,A,False,ft3/s,3822.7742899200002,False,False,True,02246500,00060,"USGS NWIS IV 02246500 00060 (raw signed total discharge, not de-tided; negative = flood-tide reversal)"
2024-10-01 21:45:00+00:00,131000.0,A,False,ft3/s,3709.506903552,False,False,True,02246500,00060,"USGS NWIS IV 02246500 00060 (raw signed total discharge, not de-tided; negative = flood-tide reversal)"
2024-10-01 22:00:00+00:00,123000.0,A,False,ft3/s,3482.972130816,False,False,True,02246500,00060,"USGS NWIS IV 02246500 00060 (raw signed total discharge, not de-tided; negative = flood-tide reversal)"
2024-10-01 22:15:00+00:00,109000.0,A,False,ft3/s,3086.536278528,False,False,True,02246500,00060,"USGS NWIS IV 02246500 00060 (raw signed total discharge, not de-tided; negative = flood-tide reversal)"
2024-10-01 22:30:00+00:00,81400.0,A,False,ft3/s,2304.9913125888,False,False,True,02246500,00060,"USGS NWIS IV 02246500 00060 (raw signed total discharge, not de-tided; negative = flood-tide reversal)"
2024-10-01 22:45:00+00:00,66000.0,A,False,ft3/s,1868.9118750720002,False,False,True,02246500,00060,"USGS NWIS IV 02246500 00060 (raw signed total discharge, not de-tided; negative = flood-tide reversal)"
2024-10-01 23:00:00+00:00,42900.0,A,False,ft3/s,1214.7927187968,False,False,True,02246500,00060,"USGS NWIS IV 02246500 00060 (raw signed total discharge, not de-tided; negative = flood-tide reversal)"
2024-10-01 23:15:00+00:00,15900.0,A,False,ft3/s,450.2378608128,False,False,True,02246500,00060,"USGS NWIS IV 02246500 00060 (raw signed total discharge, not de-tided; negative = flood-tide reversal)"
2024-10-01 23:30:00+00:00,-9000.0,A,False,ft3/s,-254.851619328,False,False,True,02246500,00060,"USGS NWIS IV 02246500 00060 (raw signed total discharge, not de-tided; negative = flood-tide reversal)"
2024-10-01 23:45:00+00:00,-27800.0,A,False,ft3/s,-787.2083352576,False,False,True,02246500,00060,"USGS NWIS IV 02246500 00060 (raw signed total discharge, not de-tided; negative = flood-tide reversal)"
2024-10-02 00:00:00+00:00,-46600.0,A,False,ft3/s,-1319.5650511872,False,False,True,02246500,00060,"USGS NWIS IV 02246500 00060 (raw signed total discharge, not de-tided; negative = flood-tide reversal)"
2024-10-02 00:15:00+00:00,-72200.0,A,False,ft3/s,-2044.4763239424,False,False,True,02246500,00060,"USGS NWIS IV 02246500 00060 (raw signed total discharge, not de-tided; negative = flood-tide reversal)"
2024-10-02 00:30:00+00:00,-97000.0,A,False,ft3/s,-2746.7341194240003,False,False,True,02246500,00060,"USGS NWIS IV 02246500 00060 (raw signed total discharge, not de-tided; negative = flood-tide reversal)"
2024-10-02 00:45:00+00:00,-109000.0,A,False,ft3/s,-3086.536278528,False,False,True,02246500,00060,"USGS NWIS IV 02246500 00060 (raw signed total discharge, not de-tided; negative = flood-tide reversal)"
2024-10-02 01:00:00+00:00,-131000.0,A,False,ft3/s,-3709.506903552,False,False,True,02246500,00060,"USGS NWIS IV 02246500 00060 (raw signed total discharge, not de-tided; negative = flood-tide reversal)"
2024-10-02 01:15:00+00:00,-143000.0,A,False,ft3/s,-4049.309062656,False,False,True,02246500,00060,"USGS NWIS IV 02246500 00060 (raw signed total discharge, not de-tided; negative = flood-tide reversal)"
2024-10-02 01:30:00+00:00,-145000.0,A,False,ft3/s,-4105.94275584,False,False,True,02246500,00060,"USGS NWIS IV 02246500 00060 (raw signed total discharge, not de-tided; negative = flood-tide reversal)"
2024-10-02 01:45:00+00:00,-159000.0,A,False,ft3/s,-4502.378608128,False,False,True,02246500,00060,"USGS NWIS IV 02246500 00060 (raw signed total discharge, not de-tided; negative = flood-tide reversal)"
2024-10-02 02:00:00+00:00,-168000.0,A,False,ft3/s,-4757.230227456,False,False,True,02246500,00060,"USGS NWIS IV 02246500 00060 (raw signed total discharge, not de-tided; negative = flood-tide reversal)"
2024-10-02 02:15:00+00:00,-186000.0,A,False,ft3/s,-5266.933466112,False,False,True,02246500,00060,"USGS NWIS IV 02246500 00060 (raw signed total discharge, not de-tided; negative = flood-tide reversal)"
2024-10-02 02:30:00+00:00,-189000.0,A,False,ft3/s,-5351.8840058880005,False,False,True,02246500,00060,"USGS NWIS IV 02246500 00060 (raw signed total discharge, not de-tided; negative = flood-tide reversal)"
2024-10-02 02:45:00+00:00,-185000.0,A,False,ft3/s,-5238.61661952,False,False,True,02246500,00060,"USGS NWIS IV 02246500 00060 (raw signed total discharge, not de-tided; negative = flood-tide reversal)"
2024-10-02 03:00:00+00:00,-192000.0,A,False,ft3/s,-5436.834545664,False,False,True,02246500,00060,"USGS NWIS IV 02246500 00060 (raw signed total discharge, not de-tided; negative = flood-tide reversal)"
2024-10-02 03:15:00+00:00,-182000.0,A,False,ft3/s,-5153.666079744,False,False,True,02246500,00060,"USGS NWIS IV 02246500 00060 (raw signed total discharge, not de-tided; negative = flood-tide reversal)"
2024-10-02 03:30:00+00:00,-159000.0,A,False,ft3/s,-4502.378608128,False,False,True,02246500,00060,"USGS NWIS IV 02246500 00060 (raw signed total discharge, not de-tided; negative = flood-tide reversal)"
2024-10-02 03:45:00+00:00,-139000.0,A,False,ft3/s,-3936.041676288,False,False,True,02246500,00060,"USGS NWIS IV 02246500 00060 (raw signed total discharge, not de-tided; negative = flood-tide reversal)"
2024-10-02 04:00:00+00:00,-130000.0,A,False,ft3/s,-3681.19005696,False,False,True,02246500,00060,"USGS NWIS IV 02246500 00060 (raw signed total discharge, not de-tided; negative = flood-tide reversal)"
2024-10-02 04:15:00+00:00,-118000.0,A,False,ft3/s,-3341.387897856,False,False,True,02246500,00060,"USGS NWIS IV 02246500 00060 (raw signed total discharge, not de-tided; negative = flood-tide reversal)"
2024-10-02 04:30:00+00:00,-95600.0,A,False,ft3/s,-2707.0905341952002,False,False,True,02246500,00060,"USGS NWIS IV 02246500 00060 (raw signed total discharge, not de-tided; negative = flood-tide reversal)"
2024-10-02 04:45:00+00:00,-76200.0,A,False,ft3/s,-2157.7437103104003,False,False,True,02246500,00060,"USGS NWIS IV 02246500 00060 (raw signed total discharge, not de-tided; negative = flood-tide reversal)"
2024-10-02 05:00:00+00:00,-42400.0,A,False,ft3/s,-1200.6342955008001,False,False,True,02246500,00060,"USGS NWIS IV 02246500 00060 (raw signed total discharge, not de-tided; negative = flood-tide reversal)"
2024-10-02 05:15:00+00:00,-18000.0,A,False,ft3/s,-509.703238656,False,False,True,02246500,00060,"USGS NWIS IV 02246500 00060 (raw signed total discharge, not de-tided; negative = flood-tide reversal)"
2024-10-02 05:30:00+00:00,6270.0,A,False,ft3/s,177.54662813184,False,False,True,02246500,00060,"USGS NWIS IV 02246500 00060 (raw signed total discharge, not de-tided; negative = flood-tide reversal)"
2024-10-02 05:45:00+00:00,50700.0,A,False,ft3/s,1435.6641222144,False,False,True,02246500,00060,"USGS NWIS IV 02246500 00060 (raw signed total discharge, not de-tided; negative = flood-tide reversal)"
2024-10-02 06:00:00+00:00,71900.0,A,False,ft3/s,2035.9812699648,False,False,True,02246500,00060,"USGS NWIS IV 02246500 00060 (raw signed total discharge, not de-tided; negative = flood-tide reversal)"
2024-10-02 06:15:00+00:00,92300.0,A,False,ft3/s,2613.6449404416003,False,False,True,02246500,00060,"USGS NWIS IV 02246500 00060 (raw signed total discharge, not de-tided; negative = flood-tide reversal)"
2024-10-02 06:30:00+00:00,112000.0,A,False,ft3/s,3171.4868183040003,False,False,True,02246500,00060,"USGS NWIS IV 02246500 00060 (raw signed total discharge, not de-tided; negative = flood-tide reversal)"
2024-10-02 06:45:00+00:00,130000.0,A,False,ft3/s,3681.19005696,False,False,True,02246500,00060,"USGS NWIS IV 02246500 00060 (raw signed total discharge, not de-tided; negative = flood-tide reversal)"
2024-10-02 07:00:00+00:00,146000.0,A,False,ft3/s,4134.259602432,False,False,True,02246500,00060,"USGS NWIS IV 02246500 00060 (raw signed total discharge, not de-tided; negative = flood-tide reversal)"
2024-10-02 07:15:00+00:00,146000.0,A,False,ft3/s,4134.259602432,False,False,True,02246500,00060,"USGS NWIS IV 02246500 00060 (raw signed total discharge, not de-tided; negative = flood-tide reversal)"
2024-10-02 07:30:00+00:00,148000.0,A,False,ft3/s,4190.893295616,False,False,True,02246500,00060,"USGS NWIS IV 02246500 00060 (raw signed total discharge, not de-tided; negative = flood-tide reversal)"
2024-10-02 07:45:00+00:00,154000.0,A,False,ft3/s,4360.794375168,False,False,True,02246500,00060,"USGS NWIS IV 02246500 00060 (raw signed total discharge, not de-tided; negative = flood-tide reversal)"
2024-10-02 08:00:00+00:00,163000.0,A,False,ft3/s,4615.645994496,False,False,True,02246500,00060,"USGS NWIS IV 02246500 00060 (raw signed total discharge, not de-tided; negative = flood-tide reversal)"
2024-10-02 08:15:00+00:00,162000.0,A,False,ft3/s,4587.329147904,False,False,True,02246500,00060,"USGS NWIS IV 02246500 00060 (raw signed total discharge, not de-tided; negative = flood-tide reversal)"
2024-10-02 08:30:00+00:00,161000.0,A,False,ft3/s,4559.012301312,False,False,True,02246500,00060,"USGS NWIS IV 02246500 00060 (raw signed total discharge, not de-tided; negative = flood-tide reversal)"
2024-10-02 08:45:00+00:00,155000.0,A,False,ft3/s,4389.11122176,False,False,True,02246500,00060,"USGS NWIS IV 02246500 00060 (raw signed total discharge, not de-tided; negative = flood-tide reversal)"
2024-10-02 09:00:00+00:00,156000.0,A,False,ft3/s,4417.428068352,False,False,True,02246500,00060,"USGS NWIS IV 02246500 00060 (raw signed total discharge, not de-tided; negative = flood-tide reversal)"
2024-10-02 09:15:00+00:00,156000.0,A,False,ft3/s,4417.428068352,False,False,True,02246500,00060,"USGS NWIS IV 02246500 00060 (raw signed total discharge, not de-tided; negative = flood-tide reversal)"
2024-10-02 09:30:00+00:00,141000.0,A,False,ft3/s,3992.675369472,False,False,True,02246500,00060,"USGS NWIS IV 02246500 00060 (raw signed total discharge, not de-tided; negative = flood-tide reversal)"
2024-10-02 09:45:00+00:00,137000.0,A,False,ft3/s,3879.4079831040003,False,False,True,02246500,00060,"USGS NWIS IV 02246500 00060 (raw signed total discharge, not de-tided; negative = flood-tide reversal)"
2024-10-02 10:00:00+00:00,130000.0,A,False,ft3/s,3681.19005696,False,False,True,02246500,00060,"USGS NWIS IV 02246500 00060 (raw signed total discharge, not de-tided; negative = flood-tide reversal)"
2024-10-02 10:15:00+00:00,121000.0,A,False,ft3/s,3426.338437632,False,False,True,02246500,00060,"USGS NWIS IV 02246500 00060 (raw signed total discharge, not de-tided; negative = flood-tide reversal)"
2024-10-02 10:30:00+00:00,104000.0,A,False,ft3/s,2944.952045568,False,False,True,02246500,00060,"USGS NWIS IV 02246500 00060 (raw signed total discharge, not de-tided; negative = flood-tide reversal)"
2024-10-02 10:45:00+00:00,88100.0,A,False,ft3/s,2494.7141847552,False,False,True,02246500,00060,"USGS NWIS IV 02246500 00060 (raw signed total discharge, not de-tided; negative = flood-tide reversal)"
2024-10-02 11:00:00+00:00,64700.0,A,False,ft3/s,1832.0999745024,False,False,True,02246500,00060,"USGS NWIS IV 02246500 00060 (raw signed total discharge, not de-tided; negative = flood-tide reversal)"
2024-10-02 11:15:00+00:00,32000.0,A,False,ft3/s,906.139090944,False,False,True,02246500,00060,"USGS NWIS IV 02246500 00060 (raw signed total discharge, not de-tided; negative = flood-tide reversal)"
2024-10-02 11:30:00+00:00,2010.0,A,False,ft3/s,56.91686164992,False,False,True,02246500,00060,"USGS NWIS IV 02246500 00060 (raw signed total discharge, not de-tided; negative = flood-tide reversal)"
2024-10-02 11:45:00+00:00,-16200.0,A,False,ft3/s,-458.7329147904,False,False,True,02246500,00060,"USGS NWIS IV 02246500 00060 (raw signed total discharge, not de-tided; negative = flood-tide reversal)"
2024-10-02 12:00:00+00:00,-36900.0,A,False,ft3/s,-1044.8916392448,False,False,True,02246500,00060,"USGS NWIS IV 02246500 00060 (raw signed total discharge, not de-tided; negative = flood-tide reversal)"
2024-10-02 12:15:00+00:00,-66700.0,A,False,ft3/s,-1888.7336676864,False,False,True,02246500,00060,"USGS NWIS IV 02246500 00060 (raw signed total discharge, not de-tided; negative = flood-tide reversal)"
2024-10-02 12:30:00+00:00,-81200.0,A,False,ft3/s,-2299.3279432704003,False,False,True,02246500,00060,"USGS NWIS IV 02246500 00060 (raw signed total discharge, not de-tided; negative = flood-tide reversal)"
2024-10-02 12:45:00+00:00,-110000.0,A,False,ft3/s,-3114.85312512,False,False,True,02246500,00060,"USGS NWIS IV 02246500 00060 (raw signed total discharge, not de-tided; negative = flood-tide reversal)"
2024-10-02 13:00:00+00:00,-120000.0,A,False,ft3/s,-3398.02159104,False,False,True,02246500,00060,"USGS NWIS IV 02246500 00060 (raw signed total discharge, not de-tided; negative = flood-tide reversal)"
2024-10-02 13:15:00+00:00,-132000.0,A,False,ft3/s,-3737.8237501440003,False,False,True,02246500,00060,"USGS NWIS IV 02246500 00060 (raw signed total discharge, not de-tided; negative = flood-tide reversal)"
2024-10-02 13:30:00+00:00,-132000.0,A,False,ft3/s,-3737.8237501440003,False,False,True,02246500,00060,"USGS NWIS IV 02246500 00060 (raw signed total discharge, not de-tided; negative = flood-tide reversal)"
2024-10-02 13:45:00+00:00,-149000.0,A,False,ft3/s,-4219.210142208,False,False,True,02246500,00060,"USGS NWIS IV 02246500 00060 (raw signed total discharge, not de-tided; negative = flood-tide reversal)"
2024-10-02 14:00:00+00:00,-168000.0,A,False,ft3/s,-4757.230227456,False,False,True,02246500,00060,"USGS NWIS IV 02246500 00060 (raw signed total discharge, not de-tided; negative = flood-tide reversal)"
2024-10-02 14:15:00+00:00,-183000.0,A,False,ft3/s,-5181.982926336,False,False,True,02246500,00060,"USGS NWIS IV 02246500 00060 (raw signed total discharge, not de-tided; negative = flood-tide reversal)"
2024-10-02 14:30:00+00:00,-198000.0,A,False,ft3/s,-5606.735625216,False,False,True,02246500,00060,"USGS NWIS IV 02246500 00060 (raw signed total discharge, not de-tided; negative = flood-tide reversal)"
2024-10-02 14:45:00+00:00,-190000.0,A,False,ft3/s,-5380.20085248,False,False,True,02246500,00060,"USGS NWIS IV 02246500 00060 (raw signed total discharge, not de-tided; negative = flood-tide reversal)"
2024-10-02 15:00:00+00:00,-185000.0,A,False,ft3/s,-5238.61661952,False,False,True,02246500,00060,"USGS NWIS IV 02246500 00060 (raw signed total discharge, not de-tided; negative = flood-tide reversal)"
2024-10-02 15:15:00+00:00,-192000.0,A,False,ft3/s,-5436.834545664,False,False,True,02246500,00060,"USGS NWIS IV 02246500 00060 (raw signed total discharge, not de-tided; negative = flood-tide reversal)"
2024-10-02 15:30:00+00:00,-184000.0,A,False,ft3/s,-5210.2997729280005,False,False,True,02246500,00060,"USGS NWIS IV 02246500 00060 (raw signed total discharge, not de-tided; negative = flood-tide reversal)"
2024-10-02 15:45:00+00:00,-159000.0,A,False,ft3/s,-4502.378608128,False,False,True,02246500,00060,"USGS NWIS IV 02246500 00060 (raw signed total discharge, not de-tided; negative = flood-tide reversal)"
2024-10-02 16:00:00+00:00,-153000.0,A,False,ft3/s,-4332.477528576,False,False,True,02246500,00060,"USGS NWIS IV 02246500 00060 (raw signed total discharge, not de-tided; negative = flood-tide reversal)"
2024-10-02 16:15:00+00:00,-151000.0,A,False,ft3/s,-4275.843835392,False,False,True,02246500,00060,"USGS NWIS IV 02246500 00060 (raw signed total discharge, not de-tided; negative = flood-tide reversal)"
2024-10-02 16:30:00+00:00,-146000.0,A,False,ft3/s,-4134.259602432,False,False,True,02246500,00060,"USGS NWIS IV 02246500 00060 (raw signed total discharge, not de-tided; negative = flood-tide reversal)"
2024-10-02 16:45:00+00:00,-130000.0,A,False,ft3/s,-3681.19005696,False,False,True,02246500,00060,"USGS NWIS IV 02246500 00060 (raw signed total discharge, not de-tided; negative = flood-tide reversal)"
2024-10-02 17:00:00+00:00,-119000.0,A,False,ft3/s,-3369.704744448,False,False,True,02246500,00060,"USGS NWIS IV 02246500 00060 (raw signed total discharge, not de-tided; negative = flood-tide reversal)"
2024-10-02 17:15:00+00:00,-97700.0,A,False,ft3/s,-2766.5559120384,False,False,True,02246500,00060,"USGS NWIS IV 02246500 00060 (raw signed total discharge, not de-tided; negative = flood-tide reversal)"
2024-10-02 17:30:00+00:00,-64900.0,A,False,ft3/s,-1837.7633438208,False,False,True,02246500,00060,"USGS NWIS IV 02246500 00060 (raw signed total discharge, not de-tided; negative = flood-tide reversal)"
2024-10-02 17:45:00+00:00,-34700.0,A,False,ft3/s,-982.5945767424,False,False,True,02246500,00060,"USGS NWIS IV 02246500 00060 (raw signed total discharge, not de-tided; negative = flood-tide reversal)"
2024-10-02 18:00:00+00:00,-8940.0,A,False,ft3/s,-253.15260853248,False,False,True,02246500,00060,"USGS NWIS IV 02246500 00060 (raw signed total discharge, not de-tided; negative = flood-tide reversal)"
2024-10-02 18:15:00+00:00,14300.0,A,False,ft3/s,404.9309062656,False,False,True,02246500,00060,"USGS NWIS IV 02246500 00060 (raw signed total discharge, not de-tided; negative = flood-tide reversal)"
2024-10-02 18:30:00+00:00,60700.0,A,False,ft3/s,1718.8325881344,False,False,True,02246500,00060,"USGS NWIS IV 02246500 00060 (raw signed total discharge, not de-tided; negative = flood-tide reversal)"
2024-10-02 18:45:00+00:00,68100.0,A,False,ft3/s,1928.3772529152,False,False,True,02246500,00060,"USGS NWIS IV 02246500 00060 (raw signed total discharge, not de-tided; negative = flood-tide reversal)"
2024-10-02 19:00:00+00:00,92900.0,A,False,ft3/s,2630.6350483968,False,False,True,02246500,00060,"USGS NWIS IV 02246500 00060 (raw signed total discharge, not de-tided; negative = flood-tide reversal)"
2024-10-02 19:15:00+00:00,113000.0,A,False,ft3/s,3199.803664896,False,False,True,02246500,00060,"USGS NWIS IV 02246500 00060 (raw signed total discharge, not de-tided; negative = flood-tide reversal)"
2024-10-02 19:30:00+00:00,121000.0,A,False,ft3/s,3426.338437632,False,False,True,02246500,00060,"USGS NWIS IV 02246500 00060 (raw signed total discharge, not de-tided; negative = flood-tide reversal)"
2024-10-02 19:45:00+00:00,138000.0,A,False,ft3/s,3907.724829696,False,False,True,02246500,00060,"USGS NWIS IV 02246500 00060 (raw signed total discharge, not de-tided; negative = flood-tide reversal)"
2024-10-02 20:00:00+00:00,145000.0,A,False,ft3/s,4105.94275584,False,False,True,02246500,00060,"USGS NWIS IV 02246500 00060 (raw signed total discharge, not de-tided; negative = flood-tide reversal)"
2024-10-02 20:15:00+00:00,154000.0,A,False,ft3/s,4360.794375168,False,False,True,02246500,00060,"USGS NWIS IV 02246500 00060 (raw signed total discharge, not de-tided; negative = flood-tide reversal)"
2024-10-02 20:30:00+00:00,160000.0,A,False,ft3/s,4530.69545472,False,False,True,02246500,00060,"USGS NWIS IV 02246500 00060 (raw signed total discharge, not de-tided; negative = flood-tide reversal)"
2024-10-02 20:45:00+00:00,160000.0,A,False,ft3/s,4530.69545472,False,False,True,02246500,00060,"USGS NWIS IV 02246500 00060 (raw signed total discharge, not de-tided; negative = flood-tide reversal)"
2024-10-02 21:00:00+00:00,156000.0,A,False,ft3/s,4417.428068352,False,False,True,02246500,00060,"USGS NWIS IV 02246500 00060 (raw signed total discharge, not de-tided; negative = flood-tide reversal)"
2024-10-02 21:15:00+00:00,160000.0,A,False,ft3/s,4530.69545472,False,False,True,02246500,00060,"USGS NWIS IV 02246500 00060 (raw signed total discharge, not de-tided; negative = flood-tide reversal)"
2024-10-02 21:30:00+00:00,154000.0,A,False,ft3/s,4360.794375168,False,False,True,02246500,00060,"USGS NWIS IV 02246500 00060 (raw signed total discharge, not de-tided; negative = flood-tide reversal)"
2024-10-02 21:45:00+00:00,155000.0,A,False,ft3/s,4389.11122176,False,False,True,02246500,00060,"USGS NWIS IV 02246500 00060 (raw signed total discharge, not de-tided; negative = flood-tide reversal)"
2024-10-02 22:00:00+00:00,142000.0,A,False,ft3/s,4020.9922160640003,False,False,True,02246500,00060,"USGS NWIS IV 02246500 00060 (raw signed total discharge, not de-tided; negative = flood-tide reversal)"
2024-10-02 22:15:00+00:00,129000.0,A,False,ft3/s,3652.873210368,False,False,True,02246500,00060,"USGS NWIS IV 02246500 00060 (raw signed total discharge, not de-tided; negative = flood-tide reversal)"
2024-10-02 22:30:00+00:00,120000.0,A,False,ft3/s,3398.02159104,False,False,True,02246500,00060,"USGS NWIS IV 02246500 00060 (raw signed total discharge, not de-tided; negative = flood-tide reversal)"
2024-10-02 22:45:00+00:00,108000.0,A,False,ft3/s,3058.219431936,False,False,True,02246500,00060,"USGS NWIS IV 02246500 00060 (raw signed total discharge, not de-tided; negative = flood-tide reversal)"
2024-10-02 23:00:00+00:00,91700.0,A,False,ft3/s,2596.6548324864,False,False,True,02246500,00060,"USGS NWIS IV 02246500 00060 (raw signed total discharge, not de-tided; negative = flood-tide reversal)"
2024-10-02 23:15:00+00:00,69600.0,A,False,ft3/s,1970.8525228032001,False,False,True,02246500,00060,"USGS NWIS IV 02246500 00060 (raw signed total discharge, not de-tided; negative = flood-tide reversal)"
2024-10-02 23:30:00+00:00,56000.0,A,False,ft3/s,1585.7434091520001,False,False,True,02246500,00060,"USGS NWIS IV 02246500 00060 (raw signed total discharge, not de-tided; negative = flood-tide reversal)"
2024-10-02 23:45:00+00:00,26000.0,A,False,ft3/s,736.238011392,False,False,True,02246500,00060,"USGS NWIS IV 02246500 00060 (raw signed total discharge, not de-tided; negative = flood-tide reversal)"
2024-10-03 00:00:00+00:00,582.0,A,False,ft3/s,16.480404716544,False,False,True,02246500,00060,"USGS NWIS IV 02246500 00060 (raw signed total discharge, not de-tided; negative = flood-tide reversal)"
2024-10-03 00:15:00+00:00,-6160.0,A,False,ft3/s,-174.43177500672002,False,False,True,02246500,00060,"USGS NWIS IV 02246500 00060 (raw signed total discharge, not de-tided; negative = flood-tide reversal)"
2024-10-03 00:30:00+00:00,-36600.0,A,False,ft3/s,-1036.3965852672,False,False,True,02246500,00060,"USGS NWIS IV 02246500 00060 (raw signed total discharge, not de-tided; negative = flood-tide reversal)"
2024-10-03 00:45:00+00:00,-58900.0,A,False,ft3/s,-1667.8622642688001,False,False,True,02246500,00060,"USGS NWIS IV 02246500 00060 (raw signed total discharge, not de-tided; negative = flood-tide reversal)"
2024-10-03 01:00:00+00:00,-89200.0,A,False,ft3/s,-2525.8627160064,False,False,True,02246500,00060,"USGS NWIS IV 02246500 00060 (raw signed total discharge, not de-tided; negative = flood-tide reversal)"
2024-10-03 01:15:00+00:00,-115000.0,A,False,ft3/s,-3256.43735808,False,False,True,02246500,00060,"USGS NWIS IV 02246500 00060 (raw signed total discharge, not de-tided; negative = flood-tide reversal)"
2024-10-03 01:30:00+00:00,-118000.0,A,False,ft3/s,-3341.387897856,False,False,True,02246500,00060,"USGS NWIS IV 02246500 00060 (raw signed total discharge, not de-tided; negative = flood-tide reversal)"
2024-10-03 01:45:00+00:00,-129000.0,A,False,ft3/s,-3652.873210368,False,False,True,02246500,00060,"USGS NWIS IV 02246500 00060 (raw signed total discharge, not de-tided; negative = flood-tide reversal)"
2024-10-03 02:00:00+00:00,-154000.0,A,False,ft3/s,-4360.794375168,False,False,True,02246500,00060,"USGS NWIS IV 02246500 00060 (raw signed total discharge, not de-tided; negative = flood-tide reversal)"
2024-10-03 02:15:00+00:00,-175000.0,A,False,ft3/s,-4955.4481536,False,False,True,02246500,00060,"USGS NWIS IV 02246500 00060 (raw signed total discharge, not de-tided; negative = flood-tide reversal)"
2024-10-03 02:30:00+00:00,-167000.0,A,False,ft3/s,-4728.913380864,False,False,True,02246500,00060,"USGS NWIS IV 02246500 00060 (raw signed total discharge, not de-tided; negative = flood-tide reversal)"
2024-10-03 02:45:00+00:00,-199000.0,A,False,ft3/s,-5635.0524718080005,False,False,True,02246500,00060,"USGS NWIS IV 02246500 00060 (raw signed total discharge, not de-tided; negative = flood-tide reversal)"
2024-10-03 03:00:00+00:00,-180000.0,A,False,ft3/s,-5097.03238656,False,False,True,02246500,00060,"USGS NWIS IV 02246500 00060 (raw signed total discharge, not de-tided; negative = flood-tide reversal)"
2024-10-03 03:15:00+00:00,-174000.0,A,False,ft3/s,-4927.1313070080005,False,False,True,02246500,00060,"USGS NWIS IV 02246500 00060 (raw signed total discharge, not de-tided; negative = flood-tide reversal)"
2024-10-03 03:30:00+00:00,-172000.0,A,False,ft3/s,-4870.497613824,False,False,True,02246500,00060,"USGS NWIS IV 02246500 00060 (raw signed total discharge, not de-tided; negative = flood-tide reversal)"
2024-10-03 03:45:00+00:00,-174000.0,A,False,ft3/s,-4927.1313070080005,False,False,True,02246500,00060,"USGS NWIS IV 02246500 00060 (raw signed total discharge, not de-tided; negative = flood-tide reversal)"
2024-10-03 04:00:00+00:00,-172000.0,A,False,ft3/s,-4870.497613824,False,False,True,02246500,00060,"USGS NWIS IV 02246500 00060 (raw signed total discharge, not de-tided; negative = flood-tide reversal)"
2024-10-03 04:15:00+00:00,-159000.0,A,False,ft3/s,-4502.378608128,False,False,True,02246500,00060,"USGS NWIS IV 02246500 00060 (raw signed total discharge, not de-tided; negative = flood-tide reversal)"
2024-10-03 04:30:00+00:00,-158000.0,A,False,ft3/s,-4474.061761536,False,False,True,02246500,00060,"USGS NWIS IV 02246500 00060 (raw signed total discharge, not de-tided; negative = flood-tide reversal)"
2024-10-03 04:45:00+00:00,-138000.0,A,False,ft3/s,-3907.724829696,False,False,True,02246500,00060,"USGS NWIS IV 02246500 00060 (raw signed total discharge, not de-tided; negative = flood-tide reversal)"
2024-10-03 05:00:00+00:00,-120000.0,A,False,ft3/s,-3398.02159104,False,False,True,02246500,00060,"USGS NWIS IV 02246500 00060 (raw signed total discharge, not de-tided; negative = flood-tide reversal)"
2024-10-03 05:15:00+00:00,-108000.0,A,False,ft3/s,-3058.219431936,False,False,True,02246500,00060,"USGS NWIS IV 02246500 00060 (raw signed total discharge, not de-tided; negative = flood-tide reversal)"
2024-10-03 05:30:00+00:00,-88200.0,A,False,ft3/s,-2497.5458694144,False,False,True,02246500,00060,"USGS NWIS IV 02246500 00060 (raw signed total discharge, not de-tided; negative = flood-tide reversal)"
2024-10-03 05:45:00+00:00,-64300.0,A,False,ft3/s,-1820.7732358656,False,False,True,02246500,00060,"USGS NWIS IV 02246500 00060 (raw signed total discharge, not de-tided; negative = flood-tide reversal)"
2024-10-03 06:00:00+00:00,-37200.0,A,False,ft3/s,-1053.3866932224,False,False,True,02246500,00060,"USGS NWIS IV 02246500 00060 (raw signed total discharge, not de-tided; negative = flood-tide reversal)"
2024-10-03 06:15:00+00:00,-6580.0,A,False,ft3/s,-186.32485057536002,False,False,True,02246500,00060,"USGS NWIS IV 02246500 00060 (raw signed total discharge, not de-tided; negative = flood-tide reversal)"
2024-10-03 06:30:00+00:00,20100.0,A,False,ft3/s,569.1686164992,False,False,True,02246500,00060,"USGS NWIS IV 02246500 00060 (raw signed total discharge, not de-tided; negative = flood-tide reversal)"
2024-10-03 06:45:00+00:00,67100.0,A,False,ft3/s,1900.0604063232001,False,False,True,02246500,00060,"USGS NWIS IV 02246500 00060 (raw signed total discharge, not de-tided; negative = flood-tide reversal)"
2024-10-03 07:00:00+00:00,81500.0,A,False,ft3/s,2307.822997248,False,False,True,02246500,00060,"USGS NWIS IV 02246500 00060 (raw signed total discharge, not de-tided; negative = flood-tide reversal)"
2024-10-03 07:15:00+00:00,87500.0,A,False,ft3/s,2477.7240768,False,False,True,02246500,00060,"USGS NWIS IV 02246500 00060 (raw signed total discharge, not de-tided; negative = flood-tide reversal)"
2024-10-03 07:30:00+00:00,111000.0,A,False,ft3/s,3143.169971712,False,False,True,02246500,00060,"USGS NWIS IV 02246500 00060 (raw signed total discharge, not de-tided; negative = flood-tide reversal)"
2024-10-03 07:45:00+00:00,130000.0,A,False,ft3/s,3681.19005696,False,False,True,02246500,00060,"USGS NWIS IV 02246500 00060 (raw signed total discharge, not de-tided; negative = flood-tide reversal)"
2024-10-03 08:00:00+00:00,144000.0,A,False,ft3/s,4077.625909248,False,False,True,02246500,00060,"USGS NWIS IV 02246500 00060 (raw signed total discharge, not de-tided; negative = flood-tide reversal)"
2024-10-03 08:15:00+00:00,152000.0,A,False,ft3/s,4304.160681984,False,False,True,02246500,00060,"USGS NWIS IV 02246500 00060 (raw signed total discharge, not de-tided; negative = flood-tide reversal)"
2024-10-03 08:30:00+00:00,160000.0,A,False,ft3/s,4530.69545472,False,False,True,02246500,00060,"USGS NWIS IV 02246500 00060 (raw signed total discharge, not de-tided; negative = flood-tide reversal)"
2024-10-03 08:45:00+00:00,160000.0,A,False,ft3/s,4530.69545472,False,False,True,02246500,00060,"USGS NWIS IV 02246500 00060 (raw signed total discharge, not de-tided; negative = flood-tide reversal)"
2024-10-03 09:00:00+00:00,162000.0,A,False,ft3/s,4587.329147904,False,False,True,02246500,00060,"USGS NWIS IV 02246500 00060 (raw signed total discharge, not de-tided; negative = flood-tide reversal)"
2024-10-03 09:15:00+00:00,165000.0,A,False,ft3/s,4672.27968768,False,False,True,02246500,00060,"USGS NWIS IV 02246500 00060 (raw signed total discharge, not de-tided; negative = flood-tide reversal)"
2024-10-03 09:30:00+00:00,159000.0,A,False,ft3/s,4502.378608128,False,False,True,02246500,00060,"USGS NWIS IV 02246500 00060 (raw signed total discharge, not de-tided; negative = flood-tide reversal)"
2024-10-03 09:45:00+00:00,163000.0,A,False,ft3/s,4615.645994496,False,False,True,02246500,00060,"USGS NWIS IV 02246500 00060 (raw signed total discharge, not de-tided; negative = flood-tide reversal)"
2024-10-03 10:00:00+00:00,149000.0,A,False,ft3/s,4219.210142208,False,False,True,02246500,00060,"USGS NWIS IV 02246500 00060 (raw signed total discharge, not de-tided; negative = flood-tide reversal)"
2024-10-03 10:15:00+00:00,149000.0,A,False,ft3/s,4219.210142208,False,False,True,02246500,00060,"USGS NWIS IV 02246500 00060 (raw signed total discharge, not de-tided; negative = flood-tide reversal)"
2024-10-03 10:30:00+00:00,129000.0,A,False,ft3/s,3652.873210368,False,False,True,02246500,00060,"USGS NWIS IV 02246500 00060 (raw signed total discharge, not de-tided; negative = flood-tide reversal)"
2024-10-03 10:45:00+00:00,115000.0,A,False,ft3/s,3256.43735808,False,False,True,02246500,00060,"USGS NWIS IV 02246500 00060 (raw signed total discharge, not de-tided; negative = flood-tide reversal)"
2024-10-03 11:00:00+00:00,99700.0,A,False,ft3/s,2823.1896052224,False,False,True,02246500,00060,"USGS NWIS IV 02246500 00060 (raw signed total discharge, not de-tided; negative = flood-tide reversal)"
2024-10-03 11:15:00+00:00,71100.0,A,False,ft3/s,2013.3277926912,False,False,True,02246500,00060,"USGS NWIS IV 02246500 00060 (raw signed total discharge, not de-tided; negative = flood-tide reversal)"
2024-10-03 11:30:00+00:00,52200.0,A,False,ft3/s,1478.1393921024,False,False,True,02246500,00060,"USGS NWIS IV 02246500 00060 (raw signed total discharge, not de-tided; negative = flood-tide reversal)"
2024-10-03 11:45:00+00:00,26900.0,A,False,ft3/s,761.7231733248,False,False,True,02246500,00060,"USGS NWIS IV 02246500 00060 (raw signed total discharge, not de-tided; negative = flood-tide reversal)"
2024-10-03 12:00:00+00:00,1540.0,A,False,ft3/s,43.607943751680004,False,False,True,02246500,00060,"USGS NWIS IV 02246500 00060 (raw signed total discharge, not de-tided; negative = flood-tide reversal)"
2024-10-03 12:15:00+00:00,-9540.0,A,False,ft3/s,-270.14271648768,False,False,True,02246500,00060,"USGS NWIS IV 02246500 00060 (raw signed total discharge, not de-tided; negative = flood-tide reversal)"
2024-10-03 12:30:00+00:00,-36600.0,A,False,ft3/s,-1036.3965852672,False,False,True,02246500,00060,"USGS NWIS IV 02246500 00060 (raw signed total discharge, not de-tided; negative = flood-tide reversal)"
2024-10-03 12:45:00+00:00,-61700.0,A,False,ft3/s,-1747.1494347264002,False,False,True,02246500,00060,"USGS NWIS IV 02246500 00060 (raw signed total discharge, not de-tided; negative = flood-tide reversal)"
2024-10-03 13:00:00+00:00,-90200.0,A,False,ft3/s,-2554.1795625984,False,False,True,02246500,00060,"USGS NWIS IV 02246500 00060 (raw signed total discharge, not de-tided; negative = flood-tide reversal)"
2024-10-03 13:15:00+00:00,-103000.0,A,False,ft3/s,-2916.635198976,False,False,True,02246500,00060,"USGS NWIS IV 02246500 00060 (raw signed total discharge, not de-tided; negative = flood-tide reversal)"
2024-10-03 13:30:00+00:00,-116000.0,A,False,ft3/s,-3284.754204672,False,False,True,02246500,00060,"USGS NWIS IV 02246500 00060 (raw signed total discharge, not de-tided; negative = flood-tide reversal)"
2024-10-03 13:45:00+00:00,-123000.0,A,False,ft3/s,-3482.972130816,False,False,True,02246500,00060,"USGS NWIS IV 02246500 00060 (raw signed total discharge, not de-tided; negative = flood-tide reversal)"
2024-10-03 14:00:00+00:00,-163000.0,A,False,ft3/s,-4615.645994496,False,False,True,02246500,00060,"USGS NWIS IV 02246500 00060 (raw signed total discharge, not de-tided; negative = flood-tide reversal)"
2024-10-03 14:15:00+00:00,-181000.0,A,False,ft3/s,-5125.349233152,False,False,True,02246500,00060,"USGS NWIS IV 02246500 00060 (raw signed total discharge, not de-tided; negative = flood-tide reversal)"
2024-10-03 14:30:00+00:00,-156000.0,A,False,ft3/s,-4417.428068352,False,False,True,02246500,00060,"USGS NWIS IV 02246500 00060 (raw signed total discharge, not de-tided; negative = flood-tide reversal)"
2024-10-03 14:45:00+00:00,-168000.0,A,False,ft3/s,-4757.230227456,False,False,True,02246500,00060,"USGS NWIS IV 02246500 00060 (raw signed total discharge, not de-tided; negative = flood-tide reversal)"
2024-10-03 15:00:00+00:00,-205000.0,A,False,ft3/s,-5804.95355136,False,False,True,02246500,00060,"USGS NWIS IV 02246500 00060 (raw signed total discharge, not de-tided; negative = flood-tide reversal)"
2024-10-03 15:15:00+00:00,-198000.0,A,False,ft3/s,-5606.735625216,False,False,True,02246500,00060,"USGS NWIS IV 02246500 00060 (raw signed total discharge, not de-tided; negative = flood-tide reversal)"
2024-10-03 15:30:00+00:00,-192000.0,A,False,ft3/s,-5436.834545664,False,False,True,02246500,00060,"USGS NWIS IV 02246500 00060 (raw signed total discharge, not de-tided; negative = flood-tide reversal)"
2024-10-03 15:45:00+00:00,-193000.0,A,False,ft3/s,-5465.151392256,False,False,True,02246500,00060,"USGS NWIS IV 02246500 00060 (raw signed total discharge, not de-tided; negative = flood-tide reversal)"
2024-10-03 16:00:00+00:00,-195000.0,A,False,ft3/s,-5521.78508544,False,False,True,02246500,00060,"USGS NWIS IV 02246500 00060 (raw signed total discharge, not de-tided; negative = flood-tide reversal)"
2024-10-03 16:15:00+00:00,-188000.0,A,False,ft3/s,-5323.567159296,False,False,True,02246500,00060,"USGS NWIS IV 02246500 00060 (raw signed total discharge, not de-tided; negative = flood-tide reversal)"
2024-10-03 16:30:00+00:00,-172000.0,A,False,ft3/s,-4870.497613824,False,False,True,02246500,00060,"USGS NWIS IV 02246500 00060 (raw signed total discharge, not de-tided; negative = flood-tide reversal)"
2024-10-03 16:45:00+00:00,-169000.0,A,False,ft3/s,-4785.5470740480005,False,False,True,02246500,00060,"USGS NWIS IV 02246500 00060 (raw signed total discharge, not de-tided; negative = flood-tide reversal)"
2024-10-03 17:00:00+00:00,-149000.0,A,False,ft3/s,-4219.210142208,False,False,True,02246500,00060,"USGS NWIS IV 02246500 00060 (raw signed total discharge, not de-tided; negative = flood-tide reversal)"
2024-10-03 17:15:00+00:00,-146000.0,A,False,ft3/s,-4134.259602432,False,False,True,02246500,00060,"USGS NWIS IV 02246500 00060 (raw signed total discharge, not de-tided; negative = flood-tide reversal)"
2024-10-03 17:30:00+00:00,-136000.0,A,False,ft3/s,-3851.091136512,False,False,True,02246500,00060,"USGS NWIS IV 02246500 00060 (raw signed total discharge, not de-tided; negative = flood-tide reversal)"
2024-10-03 17:45:00+00:00,-104000.0,A,False,ft3/s,-2944.952045568,False,False,True,02246500,00060,"USGS NWIS IV 02246500 00060 (raw signed total discharge, not de-tided; negative = flood-tide reversal)"
2024-10-03 18:00:00+00:00,-69600.0,A,False,ft3/s,-1970.8525228032001,False,False,True,02246500,00060,"USGS NWIS IV 02246500 00060 (raw signed total discharge, not de-tided; negative = flood-tide reversal)"
2024-10-03 18:15:00+00:00,-58600.0,A,False,ft3/s,-1659.3672102912,False,False,True,02246500,00060,"USGS NWIS IV 02246500 00060 (raw signed total discharge, not de-tided; negative = flood-tide reversal)"
2024-10-03 18:30:00+00:00,-38800.0,A,False,ft3/s,-1098.6936477696,False,False,True,02246500,00060,"USGS NWIS IV 02246500 00060 (raw signed total discharge, not de-tided; negative = flood-tide reversal)"
2024-10-03 18:45:00+00:00,-10400.0,A,False,ft3/s,-294.4952045568,False,False,True,02246500,00060,"USGS NWIS IV 02246500 00060 (raw signed total discharge, not de-tided; negative = flood-tide reversal)"
2024-10-03 19:00:00+00:00,22100.0,A,False,ft3/s,625.8023096832001,False,False,True,02246500,00060,"USGS NWIS IV 02246500 00060 (raw signed total discharge, not de-tided; negative = flood-tide reversal)"
2024-10-03 19:15:00+00:00,52500.0,A,False,ft3/s,1486.63444608,False,False,True,02246500,00060,"USGS NWIS IV 02246500 00060 (raw signed total discharge, not de-tided; negative = flood-tide reversal)"
2024-10-03 19:30:00+00:00,73300.0,A,False,ft3/s,2075.6248551936,False,False,True,02246500,00060,"USGS NWIS IV 02246500 00060 (raw signed total discharge, not de-tided; negative = flood-tide reversal)"
2024-10-03 19:45:00+00:00,84600.0,A,False,ft3/s,2395.6052216832,False,False,True,02246500,00060,"USGS NWIS IV 02246500 00060 (raw signed total discharge, not de-tided; negative = flood-tide reversal)"
2024-10-03 20:00:00+00:00,99600.0,A,False,ft3/s,2820.3579205632,False,False,True,02246500,00060,"USGS NWIS IV 02246500 00060 (raw signed total discharge, not de-tided; negative = flood-tide reversal)"
2024-10-03 20:15:00+00:00,117000.0,A,False,ft3/s,3313.0710512640003,False,False,True,02246500,00060,"USGS NWIS IV 02246500 00060 (raw signed total discharge, not de-tided; negative = flood-tide reversal)"
2024-10-03 20:30:00+00:00,127000.0,A,False,ft3/s,3596.2395171840003,False,False,True,02246500,00060,"USGS NWIS IV 02246500 00060 (raw signed total discharge, not de-tided; negative = flood-tide reversal)"
2024-10-03 20:45:00+00:00,134000.0,A,False,ft3/s,3794.457443328,False,False,True,02246500,00060,"USGS NWIS IV 02246500 00060 (raw signed total discharge, not de-tided; negative = flood-tide reversal)"
2024-10-03 21:00:00+00:00,146000.0,A,False,ft3/s,4134.259602432,False,False,True,02246500,00060,"USGS NWIS IV 02246500 00060 (raw signed total discharge, not de-tided; negative = flood-tide reversal)"
2024-10-03 21:15:00+00:00,147000.0,A,False,ft3/s,4162.576449024,False,False,True,02246500,00060,"USGS NWIS IV 02246500 00060 (raw signed total discharge, not de-tided; negative = flood-tide reversal)"
2024-10-03 21:30:00+00:00,144000.0,A,False,ft3/s,4077.625909248,False,False,True,02246500,00060,"USGS NWIS IV 02246500 00060 (raw signed total discharge, not de-tided; negative = flood-tide reversal)"
2024-10-03 21:45:00+00:00,152000.0,A,False,ft3/s,4304.160681984,False,False,True,02246500,00060,"USGS NWIS IV 02246500 00060 (raw signed total discharge, not de-tided; negative = flood-tide reversal)"
2024-10-03 22:00:00+00:00,154000.0,A,False,ft3/s,4360.794375168,False,False,True,02246500,00060,"USGS NWIS IV 02246500 00060 (raw signed total discharge, not de-tided; negative = flood-tide reversal)"
2024-10-03 22:15:00+00:00,156000.0,A,False,ft3/s,4417.428068352,False,False,True,02246500,00060,"USGS NWIS IV 02246500 00060 (raw signed total discharge, not de-tided; negative = flood-tide reversal)"
2024-10-03 22:30:00+00:00,146000.0,A,False,ft3/s,4134.259602432,False,False,True,02246500,00060,"USGS NWIS IV 02246500 00060 (raw signed total discharge, not de-tided; negative = flood-tide reversal)"
2024-10-03 22:45:00+00:00,139000.0,A,False,ft3/s,3936.041676288,False,False,True,02246500,00060,"USGS NWIS IV 02246500 00060 (raw signed total discharge, not de-tided; negative = flood-tide reversal)"
2024-10-03 23:00:00+00:00,134000.0,A,False,ft3/s,3794.457443328,False,False,True,02246500,00060,"USGS NWIS IV 02246500 00060 (raw signed total discharge, not de-tided; negative = flood-tide reversal)"
2024-10-03 23:15:00+00:00,123000.0,A,False,ft3/s,3482.972130816,False,False,True,02246500,00060,"USGS NWIS IV 02246500 00060 (raw signed total discharge, not de-tided; negative = flood-tide reversal)"
2024-10-03 23:30:00+00:00,98100.0,A,False,ft3/s,2777.8826506752002,False,False,True,02246500,00060,"USGS NWIS IV 02246500 00060 (raw signed total discharge, not de-tided; negative = flood-tide reversal)"
2024-10-03 23:45:00+00:00,85500.0,A,False,ft3/s,2421.090383616,False,False,True,02246500,00060,"USGS NWIS IV 02246500 00060 (raw signed total discharge, not de-tided; negative = flood-tide reversal)"
2024-10-04 00:00:00+00:00,55200.0,A,False,ft3/s,1563.0899318784,False,False,True,02246500,00060,"USGS NWIS IV 02246500 00060 (raw signed total discharge, not de-tided; negative = flood-tide reversal)"
2024-10-04 00:15:00+00:00,29900.0,A,False,ft3/s,846.6737131008,False,False,True,02246500,00060,"USGS NWIS IV 02246500 00060 (raw signed total discharge, not de-tided; negative = flood-tide reversal)"
2024-10-04 00:30:00+00:00,13100.0,A,False,ft3/s,370.95069035520004,False,False,True,02246500,00060,"USGS NWIS IV 02246500 00060 (raw signed total discharge, not de-tided; negative = flood-tide reversal)"
2024-10-04 00:45:00+00:00,-19200.0,A,False,ft3/s,-543.6834545664,False,False,True,02246500,00060,"USGS NWIS IV 02246500 00060 (raw signed total discharge, not de-tided; negative = flood-tide reversal)"
2024-10-04 01:00:00+00:00,-27000.0,A,False,ft3/s,-764.554857984,False,False,True,02246500,00060,"USGS NWIS IV 02246500 00060 (raw signed total discharge, not de-tided; negative = flood-tide reversal)"
2024-10-04 01:15:00+00:00,-44600.0,A,False,ft3/s,-1262.9313580032,False,False,True,02246500,00060,"USGS NWIS IV 02246500 00060 (raw signed total discharge, not de-tided; negative = flood-tide reversal)"
2024-10-04 01:30:00+00:00,-61500.0,A,False,ft3/s,-1741.486065408,False,False,True,02246500,00060,"USGS NWIS IV 02246500 00060 (raw signed total discharge, not de-tided; negative = flood-tide reversal)"
2024-10-04 01:45:00+00:00,-86900.0,A,False,ft3/s,-2460.7339688448,False,False,True,02246500,00060,"USGS NWIS IV 02246500 00060 (raw signed total discharge, not de-tided; negative = flood-tide reversal)"
2024-10-04 02:00:00+00:00,-106000.0,A,False,ft3/s,-3001.585738752,False,False,True,02246500,00060,"USGS NWIS IV 02246500 00060 (raw signed total discharge, not de-tided; negative = flood-tide reversal)"
2024-10-04 02:15:00+00:00,-136000.0,A,False,ft3/s,-3851.091136512,False,False,True,02246500,00060,"USGS NWIS IV 02246500 00060 (raw signed total discharge, not de-tided; negative = flood-tide reversal)"
2024-10-04 02:30:00+00:00,-142000.0,A,False,ft3/s,-4020.9922160640003,False,False,True,02246500,00060,"USGS NWIS IV 02246500 00060 (raw signed total discharge, not de-tided; negative = flood-tide reversal)"
2024-10-04 02:45:00+00:00,-174000.0,A,False,ft3/s,-4927.1313070080005,False,False,True,02246500,00060,"USGS NWIS IV 02246500 00060 (raw signed total discharge, not de-tided; negative = flood-tide reversal)"
2024-10-04 03:00:00+00:00,-176000.0,A,False,ft3/s,-4983.765000192,False,False,True,02246500,00060,"USGS NWIS IV 02246500 00060 (raw signed total discharge, not de-tided; negative = flood-tide reversal)"
2024-10-04 03:15:00+00:00,-160000.0,A,False,ft3/s,-4530.69545472,False,False,True,02246500,00060,"USGS NWIS IV 02246500 00060 (raw signed total discharge, not de-tided; negative = flood-tide reversal)"
2024-10-04 03:30:00+00:00,-193000.0,A,False,ft3/s,-5465.151392256,False,False,True,02246500,00060,"USGS NWIS IV 02246500 00060 (raw signed total discharge, not de-tided; negative = flood-tide reversal)"
2024-10-04 03:45:00+00:00,-189000.0,A,False,ft3/s,-5351.8840058880005,False,False,True,02246500,00060,"USGS NWIS IV 02246500 00060 (raw signed total discharge, not de-tided; negative = flood-tide reversal)"
2024-10-04 04:00:00+00:00,-172000.0,A,False,ft3/s,-4870.497613824,False,False,True,02246500,00060,"USGS NWIS IV 02246500 00060 (raw signed total discharge, not de-tided; negative = flood-tide reversal)"
2024-10-04 04:15:00+00:00,-175000.0,A,False,ft3/s,-4955.4481536,False,False,True,02246500,00060,"USGS NWIS IV 02246500 00060 (raw signed total discharge, not de-tided; negative = flood-tide reversal)"
2024-10-04 04:30:00+00:00,-167000.0,A,False,ft3/s,-4728.913380864,False,False,True,02246500,00060,"USGS NWIS IV 02246500 00060 (raw signed total discharge, not de-tided; negative = flood-tide reversal)"
2024-10-04 04:45:00+00:00,-160000.0,A,False,ft3/s,-4530.69545472,False,False,True,02246500,00060,"USGS NWIS IV 02246500 00060 (raw signed total discharge, not de-tided; negative = flood-tide reversal)"
2024-10-04 05:00:00+00:00,-146000.0,A,False,ft3/s,-4134.259602432,False,False,True,02246500,00060,"USGS NWIS IV 02246500 00060 (raw signed total discharge, not de-tided; negative = flood-tide reversal)"
2024-10-04 05:15:00+00:00,-140000.0,A,False,ft3/s,-3964.3585228800002,False,False,True,02246500,00060,"USGS NWIS IV 02246500 00060 (raw signed total discharge, not de-tided; negative = flood-tide reversal)"
2024-10-04 05:30:00+00:00,-111000.0,A,False,ft3/s,-3143.169971712,False,False,True,02246500,00060,"USGS NWIS IV 02246500 00060 (raw signed total discharge, not de-tided; negative = flood-tide reversal)"
2024-10-04 05:45:00+00:00,-106000.0,A,False,ft3/s,-3001.585738752,False,False,True,02246500,00060,"USGS NWIS IV 02246500 00060 (raw signed total discharge, not de-tided; negative = flood-tide reversal)"
2024-10-04 06:00:00+00:00,-80900.0,A,False,ft3/s,-2290.8328892928002,False,False,True,02246500,00060,"USGS NWIS IV 02246500 00060 (raw signed total discharge, not de-tided; negative = flood-tide reversal)"
2024-10-04 06:15:00+00:00,-53400.0,A,False,ft3/s,-1512.1196080128,False,False,True,02246500,00060,"USGS NWIS IV 02246500 00060 (raw signed total discharge, not de-tided; negative = flood-tide reversal)"
2024-10-04 06:30:00+00:00,-34000.0,A,False,ft3/s,-962.772784128,False,False,True,02246500,00060,"USGS NWIS IV 02246500 00060 (raw signed total discharge, not de-tided; negative = flood-tide reversal)"
2024-10-04 06:45:00+00:00,-2770.0,A,False,ft3/s,-78.43766505984,False,False,True,02246500,00060,"USGS NWIS IV 02246500 00060 (raw signed total discharge, not de-tided; negative = flood-tide reversal)"
2024-10-04 07:00:00+00:00,18800.0,A,False,ft3/s,532.3567159296,False,False,True,02246500,00060,"USGS NWIS IV 02246500 00060 (raw signed total discharge, not de-tided; negative = flood-tide reversal)"
2024-10-04 07:15:00+00:00,52100.0,A,False,ft3/s,1475.3077074432001,False,False,True,02246500,00060,"USGS NWIS IV 02246500 00060 (raw signed total discharge, not de-tided; negative = flood-tide reversal)"
2024-10-04 07:30:00+00:00,82300.0,A,False,ft3/s,2330.4764745216003,False,False,True,02246500,00060,"USGS NWIS IV 02246500 00060 (raw signed total discharge, not de-tided; negative = flood-tide reversal)"
2024-10-04 07:45:00+00:00,92200.0,A,False,ft3/s,2610.8132557824,False,False,True,02246500,00060,"USGS NWIS IV 02246500 00060 (raw signed total discharge, not de-tided; negative = flood-tide reversal)"
2024-10-04 08:00:00+00:00,115000.0,A,False,ft3/s,3256.43735808,False,False,True,02246500,00060,"USGS NWIS IV 02246500 00060 (raw signed total discharge, not de-tided; negative = flood-tide reversal)"
2024-10-04 08:15:00+00:00,135000.0,A,False,ft3/s,3822.7742899200002,False,False,True,02246500,00060,"USGS NWIS IV 02246500 00060 (raw signed total discharge, not de-tided; negative = flood-tide reversal)"
2024-10-04 08:30:00+00:00,143000.0,A,False,ft3/s,4049.309062656,False,False,True,02246500,00060,"USGS NWIS IV 02246500 00060 (raw signed total discharge, not de-tided; negative = flood-tide reversal)"
2024-10-04 08:45:00+00:00,153000.0,A,False,ft3/s,4332.477528576,False,False,True,02246500,00060,"USGS NWIS IV 02246500 00060 (raw signed total discharge, not de-tided; negative = flood-tide reversal)"
2024-10-04 09:00:00+00:00,153000.0,A,False,ft3/s,4332.477528576,False,False,True,02246500,00060,"USGS NWIS IV 02246500 00060 (raw signed total discharge, not de-tided; negative = flood-tide reversal)"
2024-10-04 09:15:00+00:00,160000.0,A,False,ft3/s,4530.69545472,False,False,True,02246500,00060,"USGS NWIS IV 02246500 00060 (raw signed total discharge, not de-tided; negative = flood-tide reversal)"
2024-10-04 09:30:00+00:00,163000.0,A,False,ft3/s,4615.645994496,False,False,True,02246500,00060,"USGS NWIS IV 02246500 00060 (raw signed total discharge, not de-tided; negative = flood-tide reversal)"
2024-10-04 09:45:00+00:00,149000.0,A,False,ft3/s,4219.210142208,False,False,True,02246500,00060,"USGS NWIS IV 02246500 00060 (raw signed total discharge, not de-tided; negative = flood-tide reversal)"
2024-10-04 10:00:00+00:00,160000.0,A,False,ft3/s,4530.69545472,False,False,True,02246500,00060,"USGS NWIS IV 02246500 00060 (raw signed total discharge, not de-tided; negative = flood-tide reversal)"
2024-10-04 10:15:00+00:00,159000.0,A,False,ft3/s,4502.378608128,False,False,True,02246500,00060,"USGS NWIS IV 02246500 00060 (raw signed total discharge, not de-tided; negative = flood-tide reversal)"
2024-10-04 10:30:00+00:00,154000.0,A,False,ft3/s,4360.794375168,False,False,True,02246500,00060,"USGS NWIS IV 02246500 00060 (raw signed total discharge, not de-tided; negative = flood-tide reversal)"
2024-10-04 10:45:00+00:00,144000.0,A,False,ft3/s,4077.625909248,False,False,True,02246500,00060,"USGS NWIS IV 02246500 00060 (raw signed total discharge, not de-tided; negative = flood-tide reversal)"
2024-10-04 11:00:00+00:00,142000.0,A,False,ft3/s,4020.9922160640003,False,False,True,02246500,00060,"USGS NWIS IV 02246500 00060 (raw signed total discharge, not de-tided; negative = flood-tide reversal)"
2024-10-04 11:15:00+00:00,120000.0,A,False,ft3/s,3398.02159104,False,False,True,02246500,00060,"USGS NWIS IV 02246500 00060 (raw signed total discharge, not de-tided; negative = flood-tide reversal)"
2024-10-04 11:30:00+00:00,111000.0,A,False,ft3/s,3143.169971712,False,False,True,02246500,00060,"USGS NWIS IV 02246500 00060 (raw signed total discharge, not de-tided; negative = flood-tide reversal)"
2024-10-04 11:45:00+00:00,87300.0,A,False,ft3/s,2472.0607074816003,False,False,True,02246500,00060,"USGS NWIS IV 02246500 00060 (raw signed total discharge, not de-tided; negative = flood-tide reversal)"
2024-10-04 12:00:00+00:00,77600.0,A,False,ft3/s,2197.3872955392,False,False,True,02246500,00060,"USGS NWIS IV 02246500 00060 (raw signed total discharge, not de-tided; negative = flood-tide reversal)"
2024-10-04 12:15:00+00:00,49500.0,A,False,ft3/s,1401.683906304,False,False,True,02246500,00060,"USGS NWIS IV 02246500 00060 (raw signed total discharge, not de-tided; negative = flood-tide reversal)"
2024-10-04 12:30:00+00:00,44400.0,A,False,ft3/s,1257.2679886848,False,False,True,02246500,00060,"USGS NWIS IV 02246500 00060 (raw signed total discharge, not de-tided; negative = flood-tide reversal)"
2024-10-04 12:45:00+00:00,28100.0,A,False,ft3/s,795.7033892352,False,False,True,02246500,00060,"USGS NWIS IV 02246500 00060 (raw signed total discharge, not de-tided; negative = flood-tide reversal)"
2024-10-04 13:00:00+00:00,-2320.0,A,False,ft3/s,-65.69508409344,False,False,True,02246500,00060,"USGS NWIS IV 02246500 00060 (raw signed total discharge, not de-tided; negative = flood-tide reversal)"
2024-10-04 13:15:00+00:00,-24600.0,A,False,ft3/s,-696.5944261632001,False,False,True,02246500,00060,"USGS NWIS IV 02246500 00060 (raw signed total discharge, not de-tided; negative = flood-tide reversal)"
2024-10-04 13:30:00+00:00,-48500.0,A,False,ft3/s,-1373.3670597120001,False,False,True,02246500,00060,"USGS NWIS IV 02246500 00060 (raw signed total discharge, not de-tided; negative = flood-tide reversal)"
2024-10-04 13:45:00+00:00,-62000.0,A,False,ft3/s,-1755.644488704,False,False,True,02246500,00060,"USGS NWIS IV 02246500 00060 (raw signed total discharge, not de-tided; negative = flood-tide reversal)"
2024-10-04 14:00:00+00:00,-92800.0,A,False,ft3/s,-2627.8033637376,False,False,True,02246500,00060,"USGS NWIS IV 02246500 00060 (raw signed total discharge, not de-tided; negative = flood-tide reversal)"
2024-10-04 14:15:00+00:00,-121000.0,A,False,ft3/s,-3426.338437632,False,False,True,02246500,00060,"USGS NWIS IV 02246500 00060 (raw signed total discharge, not de-tided; negative = flood-tide reversal)"
2024-10-04 14:30:00+00:00,-142000.0,A,False,ft3/s,-4020.9922160640003,False,False,True,02246500,00060,"USGS NWIS IV 02246500 00060 (raw signed total discharge, not de-tided; negative = flood-tide reversal)"
2024-10-04 14:45:00+00:00,-157000.0,A,False,ft3/s,-4445.744914944,False,False,True,02246500,00060,"USGS NWIS IV 02246500 00060 (raw signed total discharge, not de-tided; negative = flood-tide reversal)"
2024-10-04 15:00:00+00:00,-164000.0,A,False,ft3/s,-4643.9628410880005,False,False,True,02246500,00060,"USGS NWIS IV 02246500 00060 (raw signed total discharge, not de-tided; negative = flood-tide reversal)"
2024-10-04 15:15:00+00:00,-170000.0,A,False,ft3/s,-4813.86392064,False,False,True,02246500,00060,"USGS NWIS IV 02246500 00060 (raw signed total discharge, not de-tided; negative = flood-tide reversal)"
2024-10-04 15:30:00+00:00,-176000.0,A,False,ft3/s,-4983.765000192,False,False,True,02246500,00060,"USGS NWIS IV 02246500 00060 (raw signed total discharge, not de-tided; negative = flood-tide reversal)"
2024-10-04 15:45:00+00:00,-193000.0,A,False,ft3/s,-5465.151392256,False,False,True,02246500,00060,"USGS NWIS IV 02246500 00060 (raw signed total discharge, not de-tided; negative = flood-tide reversal)"
2024-10-04 16:00:00+00:00,-202000.0,A,False,ft3/s,-5720.003011584,False,False,True,02246500,00060,"USGS NWIS IV 02246500 00060 (raw signed total discharge, not de-tided; negative = flood-tide reversal)"
2024-10-04 16:15:00+00:00,-171000.0,A,False,ft3/s,-4842.180767232,False,False,True,02246500,00060,"USGS NWIS IV 02246500 00060 (raw signed total discharge, not de-tided; negative = flood-tide reversal)"
2024-10-04 16:30:00+00:00,-188000.0,A,False,ft3/s,-5323.567159296,False,False,True,02246500,00060,"USGS NWIS IV 02246500 00060 (raw signed total discharge, not de-tided; negative = flood-tide reversal)"
2024-10-04 16:45:00+00:00,-177000.0,A,False,ft3/s,-5012.081846784,False,False,True,02246500,00060,"USGS NWIS IV 02246500 00060 (raw signed total discharge, not de-tided; negative = flood-tide reversal)"
2024-10-04 17:00:00+00:00,-182000.0,A,False,ft3/s,-5153.666079744,False,False,True,02246500,00060,"USGS NWIS IV 02246500 00060 (raw signed total discharge, not de-tided; negative = flood-tide reversal)"
2024-10-04 17:15:00+00:00,-167000.0,A,False,ft3/s,-4728.913380864,False,False,True,02246500,00060,"USGS NWIS IV 02246500 00060 (raw signed total discharge, not de-tided; negative = flood-tide reversal)"
2024-10-04 17:30:00+00:00,-150000.0,A,False,ft3/s,-4247.5269888,False,False,True,02246500,00060,"USGS NWIS IV 02246500 00060 (raw signed total discharge, not de-tided; negative = flood-tide reversal)"
2024-10-04 17:45:00+00:00,-143000.0,A,False,ft3/s,-4049.309062656,False,False,True,02246500,00060,"USGS NWIS IV 02246500 00060 (raw signed total discharge, not de-tided; negative = flood-tide reversal)"
2024-10-04 18:00:00+00:00,-126000.0,A,False,ft3/s,-3567.922670592,False,False,True,02246500,00060,"USGS NWIS IV 02246500 00060 (raw signed total discharge, not de-tided; negative = flood-tide reversal)"
2024-10-04 18:15:00+00:00,-101000.0,A,False,ft3/s,-2860.001505792,False,False,True,02246500,00060,"USGS NWIS IV 02246500 00060 (raw signed total discharge, not de-tided; negative = flood-tide reversal)"
2024-10-04 18:30:00+00:00,-71100.0,A,False,ft3/s,-2013.3277926912,False,False,True,02246500,00060,"USGS NWIS IV 02246500 00060 (raw signed total discharge, not de-tided; negative = flood-tide reversal)"
2024-10-04 18:45:00+00:00,-52500.0,A,False,ft3/s,-1486.63444608,False,False,True,02246500,00060,"USGS NWIS IV 02246500 00060 (raw signed total discharge, not de-tided; negative = flood-tide reversal)"
2024-10-04 19:00:00+00:00,-27800.0,A,False,ft3/s,-787.2083352576,False,False,True,02246500,00060,"USGS NWIS IV 02246500 00060 (raw signed total discharge, not de-tided; negative = flood-tide reversal)"
2024-10-04 19:15:00+00:00,9220.0,A,False,ft3/s,261.08132557824,False,False,True,02246500,00060,"USGS NWIS IV 02246500 00060 (raw signed total discharge, not de-tided; negative = flood-tide reversal)"
2024-10-04 19:30:00+00:00,36500.0,A,False,ft3/s,1033.564900608,False,False,True,02246500,00060,"USGS NWIS IV 02246500 00060 (raw signed total discharge, not de-tided; negative = flood-tide reversal)"
2024-10-04 19:45:00+00:00,59800.0,A,False,ft3/s,1693.3474262016,False,False,True,02246500,00060,"USGS NWIS IV 02246500 00060 (raw signed total discharge, not de-tided; negative = flood-tide reversal)"
2024-10-04 20:00:00+00:00,69700.0,A,False,ft3/s,1973.6842074624,False,False,True,02246500,00060,"USGS NWIS IV 02246500 00060 (raw signed total discharge, not de-tided; negative = flood-tide reversal)"
2024-10-04 20:15:00+00:00,75600.0,A,False,ft3/s,2140.7536023552,False,False,True,02246500,00060,"USGS NWIS IV 02246500 00060 (raw signed total discharge, not de-tided; negative = flood-tide reversal)"
2024-10-04 20:30:00+00:00,97400.0,A,False,ft3/s,2758.0608580608,False,False,True,02246500,00060,"USGS NWIS IV 02246500 00060 (raw signed total discharge, not de-tided; negative = flood-tide reversal)"
2024-10-04 20:45:00+00:00,128000.0,A,False,ft3/s,3624.556363776,False,False,True,02246500,00060,"USGS NWIS IV 02246500 00060 (raw signed total discharge, not de-tided; negative = flood-tide reversal)"
2024-10-04 21:00:00+00:00,138000.0,A,False,ft3/s,3907.724829696,False,False,True,02246500,00060,"USGS NWIS IV 02246500 00060 (raw signed total discharge, not de-tided; negative = flood-tide reversal)"
2024-10-04 21:15:00+00:00,147000.0,A,False,ft3/s,4162.576449024,False,False,True,02246500,00060,"USGS NWIS IV 02246500 00060 (raw signed total discharge, not de-tided; negative = flood-tide reversal)"
2024-10-04 21:30:00+00:00,156000.0,A,False,ft3/s,4417.428068352,False,False,True,02246500,00060,"USGS NWIS IV 02246500 00060 (raw signed total discharge, not de-tided; negative = flood-tide reversal)"
2024-10-04 21:45:00+00:00,155000.0,A,False,ft3/s,4389.11122176,False,False,True,02246500,00060,"USGS NWIS IV 02246500 00060 (raw signed total discharge, not de-tided; negative = flood-tide reversal)"
2024-10-04 22:00:00+00:00,176000.0,A,False,ft3/s,4983.765000192,False,False,True,02246500,00060,"USGS NWIS IV 02246500 00060 (raw signed total discharge, not de-tided; negative = flood-tide reversal)"
2024-10-04 22:15:00+00:00,170000.0,A,False,ft3/s,4813.86392064,False,False,True,02246500,00060,"USGS NWIS IV 02246500 00060 (raw signed total discharge, not de-tided; negative = flood-tide reversal)"
2024-10-04 22:30:00+00:00,155000.0,A,False,ft3/s,4389.11122176,False,False,True,02246500,00060,"USGS NWIS IV 02246500 00060 (raw signed total discharge, not de-tided; negative = flood-tide reversal)"
2024-10-04 22:45:00+00:00,169000.0,A,False,ft3/s,4785.5470740480005,False,False,True,02246500,00060,"USGS NWIS IV 02246500 00060 (raw signed total discharge, not de-tided; negative = flood-tide reversal)"
2024-10-04 23:00:00+00:00,156000.0,A,False,ft3/s,4417.428068352,False,False,True,02246500,00060,"USGS NWIS IV 02246500 00060 (raw signed total discharge, not de-tided; negative = flood-tide reversal)"
2024-10-04 23:15:00+00:00,147000.0,A,False,ft3/s,4162.576449024,False,False,True,02246500,00060,"USGS NWIS IV 02246500 00060 (raw signed total discharge, not de-tided; negative = flood-tide reversal)"
2024-10-04 23:30:00+00:00,151000.0,A,False,ft3/s,4275.843835392,False,False,True,02246500,00060,"USGS NWIS IV 02246500 00060 (raw signed total discharge, not de-tided; negative = flood-tide reversal)"
2024-10-04 23:45:00+00:00,138000.0,A,False,ft3/s,3907.724829696,False,False,True,02246500,00060,"USGS NWIS IV 02246500 00060 (raw signed total discharge, not de-tided; negative = flood-tide reversal)"
2024-10-05 00:00:00+00:00,128000.0,A,False,ft3/s,3624.556363776,False,False,True,02246500,00060,"USGS NWIS IV 02246500 00060 (raw signed total discharge, not de-tided; negative = flood-tide reversal)"
2024-10-05 00:15:00+00:00,113000.0,A,False,ft3/s,3199.803664896,False,False,True,02246500,00060,"USGS NWIS IV 02246500 00060 (raw signed total discharge, not de-tided; negative = flood-tide reversal)"
2024-10-05 00:30:00+00:00,89000.0,A,False,ft3/s,2520.199346688,False,False,True,02246500,00060,"USGS NWIS IV 02246500 00060 (raw signed total discharge, not de-tided; negative = flood-tide reversal)"
2024-10-05 00:45:00+00:00,57600.0,A,False,ft3/s,1631.0503636992,False,False,True,02246500,00060,"USGS NWIS IV 02246500 00060 (raw signed total discharge, not de-tided; negative = flood-tide reversal)"
2024-10-05 01:00:00+00:00,39100.0,A,False,ft3/s,1107.1887017472,False,False,True,02246500,00060,"USGS NWIS IV 02246500 00060 (raw signed total discharge, not de-tided; negative = flood-tide reversal)"
2024-10-05 01:15:00+00:00,3000.0,A,False,ft3/s,84.950539776,False,False,True,02246500,00060,"USGS NWIS IV 02246500 00060 (raw signed total discharge, not de-tided; negative = flood-tide reversal)"
2024-10-05 01:30:00+00:00,-14900.0,A,False,ft3/s,-421.92101422080003,False,False,True,02246500,00060,"USGS NWIS IV 02246500 00060 (raw signed total discharge, not de-tided; negative = flood-tide reversal)"
2024-10-05 01:45:00+00:00,-21200.0,A,False,ft3/s,-600.3171477504001,False,False,True,02246500,00060,"USGS NWIS IV 02246500 00060 (raw signed total discharge, not de-tided; negative = flood-tide reversal)"
2024-10-05 02:00:00+00:00,-49000.0,A,False,ft3/s,-1387.525483008,False,False,True,02246500,00060,"USGS NWIS IV 02246500 00060 (raw signed total discharge, not de-tided; negative = flood-tide reversal)"
2024-10-05 02:15:00+00:00,-70100.0,A,False,ft3/s,-1985.0109460992,False,False,True,02246500,00060,"USGS NWIS IV 02246500 00060 (raw signed total discharge, not de-tided; negative = flood-tide reversal)"
2024-10-05 02:30:00+00:00,-82000.0,A,False,ft3/s,-2321.9814205440002,False,False,True,02246500,00060,"USGS NWIS IV 02246500 00060 (raw signed total discharge, not de-tided; negative = flood-tide reversal)"
2024-10-05 02:45:00+00:00,-99700.0,A,False,ft3/s,-2823.1896052224,False,False,True,02246500,00060,"USGS NWIS IV 02246500 00060 (raw signed total discharge, not de-tided; negative = flood-tide reversal)"
2024-10-05 03:00:00+00:00,-123000.0,A,False,ft3/s,-3482.972130816,False,False,True,02246500,00060,"USGS NWIS IV 02246500 00060 (raw signed total discharge, not de-tided; negative = flood-tide reversal)"
2024-10-05 03:15:00+00:00,-132000.0,A,False,ft3/s,-3737.8237501440003,False,False,True,02246500,00060,"USGS NWIS IV 02246500 00060 (raw signed total discharge, not de-tided; negative = flood-tide reversal)"
2024-10-05 03:30:00+00:00,-154000.0,A,False,ft3/s,-4360.794375168,False,False,True,02246500,00060,"USGS NWIS IV 02246500 00060 (raw signed total discharge, not de-tided; negative = flood-tide reversal)"
2024-10-05 03:45:00+00:00,-153000.0,A,False,ft3/s,-4332.477528576,False,False,True,02246500,00060,"USGS NWIS IV 02246500 00060 (raw signed total discharge, not de-tided; negative = flood-tide reversal)"
2024-10-05 04:00:00+00:00,-157000.0,A,False,ft3/s,-4445.744914944,False,False,True,02246500,00060,"USGS NWIS IV 02246500 00060 (raw signed total discharge, not de-tided; negative = flood-tide reversal)"
2024-10-05 04:15:00+00:00,-161000.0,A,False,ft3/s,-4559.012301312,False,False,True,02246500,00060,"USGS NWIS IV 02246500 00060 (raw signed total discharge, not de-tided; negative = flood-tide reversal)"
2024-10-05 04:30:00+00:00,-168000.0,A,False,ft3/s,-4757.230227456,False,False,True,02246500,00060,"USGS NWIS IV 02246500 00060 (raw signed total discharge, not de-tided; negative = flood-tide reversal)"
2024-10-05 04:45:00+00:00,-143000.0,A,False,ft3/s,-4049.309062656,False,False,True,02246500,00060,"USGS NWIS IV 02246500 00060 (raw signed total discharge, not de-tided; negative = flood-tide reversal)"
2024-10-05 05:00:00+00:00,-150000.0,A,False,ft3/s,-4247.5269888,False,False,True,02246500,00060,"USGS NWIS IV 02246500 00060 (raw signed total discharge, not de-tided; negative = flood-tide reversal)"
2024-10-05 05:15:00+00:00,-150000.0,A,False,ft3/s,-4247.5269888,False,False,True,02246500,00060,"USGS NWIS IV 02246500 00060 (raw signed total discharge, not de-tided; negative = flood-tide reversal)"
2024-10-05 05:30:00+00:00,-140000.0,A,False,ft3/s,-3964.3585228800002,False,False,True,02246500,00060,"USGS NWIS IV 02246500 00060 (raw signed total discharge, not de-tided; negative = flood-tide reversal)"
2024-10-05 05:45:00+00:00,-131000.0,A,False,ft3/s,-3709.506903552,False,False,True,02246500,00060,"USGS NWIS IV 02246500 00060 (raw signed total discharge, not de-tided; negative = flood-tide reversal)"
2024-10-05 06:00:00+00:00,-102000.0,A,False,ft3/s,-2888.3183523840003,False,False,True,02246500,00060,"USGS NWIS IV 02246500 00060 (raw signed total discharge, not de-tided; negative = flood-tide reversal)"
2024-10-05 06:15:00+00:00,-81900.0,A,False,ft3/s,-2319.1497358848,False,False,True,02246500,00060,"USGS NWIS IV 02246500 00060 (raw signed total discharge, not de-tided; negative = flood-tide reversal)"
2024-10-05 06:30:00+00:00,-57400.0,A,False,ft3/s,-1625.3869943808,False,False,True,02246500,00060,"USGS NWIS IV 02246500 00060 (raw signed total discharge, not de-tided; negative = flood-tide reversal)"
2024-10-05 06:45:00+00:00,-34100.0,A,False,ft3/s,-965.6044687872001,False,False,True,02246500,00060,"USGS NWIS IV 02246500 00060 (raw signed total discharge, not de-tided; negative = flood-tide reversal)"
2024-10-05 07:00:00+00:00,-17200.0,A,False,ft3/s,-487.0497613824,False,False,True,02246500,00060,"USGS NWIS IV 02246500 00060 (raw signed total discharge, not de-tided; negative = flood-tide reversal)"
2024-10-05 07:15:00+00:00,14900.0,A,False,ft3/s,421.92101422080003,False,False,True,02246500,00060,"USGS NWIS IV 02246500 00060 (raw signed total discharge, not de-tided; negative = flood-tide reversal)"
2024-10-05 07:30:00+00:00,43100.0,A,False,ft3/s,1220.4560881152001,False,False,True,02246500,00060,"USGS NWIS IV 02246500 00060 (raw signed total discharge, not de-tided; negative = flood-tide reversal)"
2024-10-05 07:45:00+00:00,69100.0,A,False,ft3/s,1956.6940995072,False,False,True,02246500,00060,"USGS NWIS IV 02246500 00060 (raw signed total discharge, not de-tided; negative = flood-tide reversal)"
2024-10-05 08:00:00+00:00,65600.0,A,False,ft3/s,1857.5851364352,False,False,True,02246500,00060,"USGS NWIS IV 02246500 00060 (raw signed total discharge, not de-tided; negative = flood-tide reversal)"
2024-10-05 08:15:00+00:00,89200.0,A,False,ft3/s,2525.8627160064,False,False,True,02246500,00060,"USGS NWIS IV 02246500 00060 (raw signed total discharge, not de-tided; negative = flood-tide reversal)"
2024-10-05 08:30:00+00:00,106000.0,A,False,ft3/s,3001.585738752,False,False,True,02246500,00060,"USGS NWIS IV 02246500 00060 (raw signed total discharge, not de-tided; negative = flood-tide reversal)"
2024-10-05 08:45:00+00:00,129000.0,A,False,ft3/s,3652.873210368,False,False,True,02246500,00060,"USGS NWIS IV 02246500 00060 (raw signed total discharge, not de-tided; negative = flood-tide reversal)"
2024-10-05 09:00:00+00:00,134000.0,A,False,ft3/s,3794.457443328,False,False,True,02246500,00060,"USGS NWIS IV 02246500 00060 (raw signed total discharge, not de-tided; negative = flood-tide reversal)"
2024-10-05 09:15:00+00:00,137000.0,A,False,ft3/s,3879.4079831040003,False,False,True,02246500,00060,"USGS NWIS IV 02246500 00060 (raw signed total discharge, not de-tided; negative = flood-tide reversal)"
2024-10-05 09:30:00+00:00,161000.0,A,False,ft3/s,4559.012301312,False,False,True,02246500,00060,"USGS NWIS IV 02246500 00060 (raw signed total discharge, not de-tided; negative = flood-tide reversal)"
2024-10-05 09:45:00+00:00,159000.0,A,False,ft3/s,4502.378608128,False,False,True,02246500,00060,"USGS NWIS IV 02246500 00060 (raw signed total discharge, not de-tided; negative = flood-tide reversal)"
2024-10-05 10:00:00+00:00,155000.0,A,False,ft3/s,4389.11122176,False,False,True,02246500,00060,"USGS NWIS IV 02246500 00060 (raw signed total discharge, not de-tided; negative = flood-tide reversal)"
2024-10-05 10:15:00+00:00,165000.0,A,False,ft3/s,4672.27968768,False,False,True,02246500,00060,"USGS NWIS IV 02246500 00060 (raw signed total discharge, not de-tided; negative = flood-tide reversal)"
2024-10-05 10:30:00+00:00,161000.0,A,False,ft3/s,4559.012301312,False,False,True,02246500,00060,"USGS NWIS IV 02246500 00060 (raw signed total discharge, not de-tided; negative = flood-tide reversal)"
2024-10-05 10:45:00+00:00,147000.0,A,False,ft3/s,4162.576449024,False,False,True,02246500,00060,"USGS NWIS IV 02246500 00060 (raw signed total discharge, not de-tided; negative = flood-tide reversal)"
2024-10-05 11:00:00+00:00,148000.0,A,False,ft3/s,4190.893295616,False,False,True,02246500,00060,"USGS NWIS IV 02246500 00060 (raw signed total discharge, not de-tided; negative = flood-tide reversal)"
2024-10-05 11:15:00+00:00,147000.0,A,False,ft3/s,4162.576449024,False,False,True,02246500,00060,"USGS NWIS IV 02246500 00060 (raw signed total discharge, not de-tided; negative = flood-tide reversal)"
2024-10-05 11:30:00+00:00,134000.0,A,False,ft3/s,3794.457443328,False,False,True,02246500,00060,"USGS NWIS IV 02246500 00060 (raw signed total discharge, not de-tided; negative = flood-tide reversal)"
2024-10-05 11:45:00+00:00,124000.0,A,False,ft3/s,3511.288977408,False,False,True,02246500,00060,"USGS NWIS IV 02246500 00060 (raw signed total discharge, not de-tided; negative = flood-tide reversal)"
2024-10-05 12:00:00+00:00,108000.0,A,False,ft3/s,3058.219431936,False,False,True,02246500,00060,"USGS NWIS IV 02246500 00060 (raw signed total discharge, not de-tided; negative = flood-tide reversal)"
2024-10-05 12:15:00+00:00,88800.0,A,False,ft3/s,2514.5359773696,False,False,True,02246500,00060,"USGS NWIS IV 02246500 00060 (raw signed total discharge, not de-tided; negative = flood-tide reversal)"
2024-10-05 12:30:00+00:00,57500.0,A,False,ft3/s,1628.21867904,False,False,True,02246500,00060,"USGS NWIS IV 02246500 00060 (raw signed total discharge, not de-tided; negative = flood-tide reversal)"
2024-10-05 12:45:00+00:00,35600.0,A,False,ft3/s,1008.0797386752,False,False,True,02246500,00060,"USGS NWIS IV 02246500 00060 (raw signed total discharge, not de-tided; negative = flood-tide reversal)"
2024-10-05 13:00:00+00:00,18400.0,A,False,ft3/s,521.0299772928,False,False,True,02246500,00060,"USGS NWIS IV 02246500 00060 (raw signed total discharge, not de-tided; negative = flood-tide reversal)"
2024-10-05 13:15:00+00:00,6370.0,A,False,ft3/s,180.37831279104,False,False,True,02246500,00060,"USGS NWIS IV 02246500 00060 (raw signed total discharge, not de-tided; negative = flood-tide reversal)"
2024-10-05 13:30:00+00:00,-11500.0,A,False,ft3/s,-325.64373580800003,False,False,True,02246500,00060,"USGS NWIS IV 02246500 00060 (raw signed total discharge, not de-tided; negative = flood-tide reversal)"
2024-10-05 13:45:00+00:00,-35300.0,A,False,ft3/s,-999.5846846976,False,False,True,02246500,00060,"USGS NWIS IV 02246500 00060 (raw signed total discharge, not de-tided; negative = flood-tide reversal)"
2024-10-05 14:00:00+00:00,-53700.0,A,False,ft3/s,-1520.6146619904,False,False,True,02246500,00060,"USGS NWIS IV 02246500 00060 (raw signed total discharge, not de-tided; negative = flood-tide reversal)"
2024-10-05 14:15:00+00:00,-82200.0,A,False,ft3/s,-2327.6447898624,False,False,True,02246500,00060,"USGS NWIS IV 02246500 00060 (raw signed total discharge, not de-tided; negative = flood-tide reversal)"
2024-10-05 14:30:00+00:00,-99500.0,A,False,ft3/s,-2817.5262359040003,False,False,True,02246500,00060,"USGS NWIS IV 02246500 00060 (raw signed total discharge, not de-tided; negative = flood-tide reversal)"
2024-10-05 14:45:00+00:00,-123000.0,A,False,ft3/s,-3482.972130816,False,False,True,02246500,00060,"USGS NWIS IV 02246500 00060 (raw signed total discharge, not de-tided; negative = flood-tide reversal)"
2024-10-05 15:00:00+00:00,-153000.0,A,False,ft3/s,-4332.477528576,False,False,True,02246500,00060,"USGS NWIS IV 02246500 00060 (raw signed total discharge, not de-tided; negative = flood-tide reversal)"
2024-10-05 15:15:00+00:00,-156000.0,A,False,ft3/s,-4417.428068352,False,False,True,02246500,00060,"USGS NWIS IV 02246500 00060 (raw signed total discharge, not de-tided; negative = flood-tide reversal)"
2024-10-05 15:30:00+00:00,-174000.0,A,False,ft3/s,-4927.1313070080005,False,False,True,02246500,00060,"USGS NWIS IV 02246500 00060 (raw signed total discharge, not de-tided; negative = flood-tide reversal)"
2024-10-05 15:45:00+00:00,-178000.0,A,False,ft3/s,-5040.398693376,False,False,True,02246500,00060,"USGS NWIS IV 02246500 00060 (raw signed total discharge, not de-tided; negative = flood-tide reversal)"
2024-10-05 16:00:00+00:00,-194000.0,A,False,ft3/s,-5493.4682388480005,False,False,True,02246500,00060,"USGS NWIS IV 02246500 00060 (raw signed total discharge, not de-tided; negative = flood-tide reversal)"
2024-10-05 16:15:00+00:00,-185000.0,A,False,ft3/s,-5238.61661952,False,False,True,02246500,00060,"USGS NWIS IV 02246500 00060 (raw signed total discharge, not de-tided; negative = flood-tide reversal)"
2024-10-05 16:30:00+00:00,-182000.0,A,False,ft3/s,-5153.666079744,False,False,True,02246500,00060,"USGS NWIS IV 02246500 00060 (raw signed total discharge, not de-tided; negative = flood-tide reversal)"
2024-10-05 16:45:00+00:00,-181000.0,A,False,ft3/s,-5125.349233152,False,False,True,02246500,00060,"USGS NWIS IV 02246500 00060 (raw signed total discharge, not de-tided; negative = flood-tide reversal)"
2024-10-05 17:00:00+00:00,-188000.0,A,False,ft3/s,-5323.567159296,False,False,True,02246500,00060,"USGS NWIS IV 02246500 00060 (raw signed total discharge, not de-tided; negative = flood-tide reversal)"
2024-10-05 17:15:00+00:00,-178000.0,A,False,ft3/s,-5040.398693376,False,False,True,02246500,00060,"USGS NWIS IV 02246500 00060 (raw signed total discharge, not de-tided; negative = flood-tide reversal)"
2024-10-05 17:30:00+00:00,-181000.0,A,False,ft3/s,-5125.349233152,False,False,True,02246500,00060,"USGS NWIS IV 02246500 00060 (raw signed total discharge, not de-tided; negative = flood-tide reversal)"
2024-10-05 17:45:00+00:00,-158000.0,A,False,ft3/s,-4474.061761536,False,False,True,02246500,00060,"USGS NWIS IV 02246500 00060 (raw signed total discharge, not de-tided; negative = flood-tide reversal)"
2024-10-05 18:00:00+00:00,-145000.0,A,False,ft3/s,-4105.94275584,False,False,True,02246500,00060,"USGS NWIS IV 02246500 00060 (raw signed total discharge, not de-tided; negative = flood-tide reversal)"
2024-10-05 18:15:00+00:00,-131000.0,A,False,ft3/s,-3709.506903552,False,False,True,02246500,00060,"USGS NWIS IV 02246500 00060 (raw signed total discharge, not de-tided; negative = flood-tide reversal)"
2024-10-05 18:30:00+00:00,-113000.0,A,False,ft3/s,-3199.803664896,False,False,True,02246500,00060,"USGS NWIS IV 02246500 00060 (raw signed total discharge, not de-tided; negative = flood-tide reversal)"
2024-10-05 18:45:00+00:00,-106000.0,A,False,ft3/s,-3001.585738752,False,False,True,02246500,00060,"USGS NWIS IV 02246500 00060 (raw signed total discharge, not de-tided; negative = flood-tide reversal)"
2024-10-05 19:00:00+00:00,-89300.0,A,False,ft3/s,-2528.6944006656,False,False,True,02246500,00060,"USGS NWIS IV 02246500 00060 (raw signed total discharge, not de-tided; negative = flood-tide reversal)"
2024-10-05 19:15:00+00:00,-69600.0,A,False,ft3/s,-1970.8525228032001,False,False,True,02246500,00060,"USGS NWIS IV 02246500 00060 (raw signed total discharge, not de-tided; negative = flood-tide reversal)"
2024-10-05 19:30:00+00:00,-37500.0,A,False,ft3/s,-1061.8817472,False,False,True,02246500,00060,"USGS NWIS IV 02246500 00060 (raw signed total discharge, not de-tided; negative = flood-tide reversal)"
2024-10-05 19:45:00+00:00,-2300.0,A,False,ft3/s,-65.1287471616,False,False,True,02246500,00060,"USGS NWIS IV 02246500 00060 (raw signed total discharge, not de-tided; negative = flood-tide reversal)"
2024-10-05 20:00:00+00:00,24100.0,A,False,ft3/s,682.4360028672,False,False,True,02246500,00060,"USGS NWIS IV 02246500 00060 (raw signed total discharge, not de-tided; negative = flood-tide reversal)"
2024-10-05 20:15:00+00:00,36500.0,A,False,ft3/s,1033.564900608,False,False,True,02246500,00060,"USGS NWIS IV 02246500 00060 (raw signed total discharge, not de-tided; negative = flood-tide reversal)"
2024-10-05 20:30:00+00:00,69500.0,A,False,ft3/s,1968.020838144,False,False,True,02246500,00060,"USGS NWIS IV 02246500 00060 (raw signed total discharge, not de-tided; negative = flood-tide reversal)"
2024-10-05 20:45:00+00:00,80200.0,A,False,ft3/s,2271.0110966784,False,False,True,02246500,00060,"USGS NWIS IV 02246500 00060 (raw signed total discharge, not de-tided; negative = flood-tide reversal)"
2024-10-05 21:00:00+00:00,88300.0,A,False,ft3/s,2500.3775540736,False,False,True,02246500,00060,"USGS NWIS IV 02246500 00060 (raw signed total discharge, not de-tided; negative = flood-tide reversal)"
2024-10-05 21:15:00+00:00,117000.0,A,False,ft3/s,3313.0710512640003,False,False,True,02246500,00060,"USGS NWIS IV 02246500 00060 (raw signed total discharge, not de-tided; negative = flood-tide reversal)"
2024-10-05 21:30:00+00:00,120000.0,A,False,ft3/s,3398.02159104,False,False,True,02246500,00060,"USGS NWIS IV 02246500 00060 (raw signed total discharge, not de-tided; negative = flood-tide reversal)"
2024-10-05 21:45:00+00:00,143000.0,A,False,ft3/s,4049.309062656,False,False,True,02246500,00060,"USGS NWIS IV 02246500 00060 (raw signed total discharge, not de-tided; negative = flood-tide reversal)"
2024-10-05 22:00:00+00:00,144000.0,A,False,ft3/s,4077.625909248,False,False,True,02246500,00060,"USGS NWIS IV 02246500 00060 (raw signed total discharge, not de-tided; negative = flood-tide reversal)"
2024-10-05 22:15:00+00:00,148000.0,A,False,ft3/s,4190.893295616,False,False,True,02246500,00060,"USGS NWIS IV 02246500 00060 (raw signed total discharge, not de-tided; negative = flood-tide reversal)"
2024-10-05 22:30:00+00:00,154000.0,A,False,ft3/s,4360.794375168,False,False,True,02246500,00060,"USGS NWIS IV 02246500 00060 (raw signed total discharge, not de-tided; negative = flood-tide reversal)"
2024-10-05 22:45:00+00:00,157000.0,A,False,ft3/s,4445.744914944,False,False,True,02246500,00060,"USGS NWIS IV 02246500 00060 (raw signed total discharge, not de-tided; negative = flood-tide reversal)"
2024-10-05 23:00:00+00:00,163000.0,A,False,ft3/s,4615.645994496,False,False,True,02246500,00060,"USGS NWIS IV 02246500 00060 (raw signed total discharge, not de-tided; negative = flood-tide reversal)"
2024-10-05 23:15:00+00:00,160000.0,A,False,ft3/s,4530.69545472,False,False,True,02246500,00060,"USGS NWIS IV 02246500 00060 (raw signed total discharge, not de-tided; negative = flood-tide reversal)"
2024-10-05 23:30:00+00:00,163000.0,A,False,ft3/s,4615.645994496,False,False,True,02246500,00060,"USGS NWIS IV 02246500 00060 (raw signed total discharge, not de-tided; negative = flood-tide reversal)"
2024-10-05 23:45:00+00:00,155000.0,A,False,ft3/s,4389.11122176,False,False,True,02246500,00060,"USGS NWIS IV 02246500 00060 (raw signed total discharge, not de-tided; negative = flood-tide reversal)"
2024-10-06 00:00:00+00:00,142000.0,A,False,ft3/s,4020.9922160640003,False,False,True,02246500,00060,"USGS NWIS IV 02246500 00060 (raw signed total discharge, not de-tided; negative = flood-tide reversal)"
2024-10-06 00:15:00+00:00,131000.0,A,False,ft3/s,3709.506903552,False,False,True,02246500,00060,"USGS NWIS IV 02246500 00060 (raw signed total discharge, not de-tided; negative = flood-tide reversal)"
2024-10-06 00:30:00+00:00,127000.0,A,False,ft3/s,3596.2395171840003,False,False,True,02246500,00060,"USGS NWIS IV 02246500 00060 (raw signed total discharge, not de-tided; negative = flood-tide reversal)"
2024-10-06 00:45:00+00:00,113000.0,A,False,ft3/s,3199.803664896,False,False,True,02246500,00060,"USGS NWIS IV 02246500 00060 (raw signed total discharge, not de-tided; negative = flood-tide reversal)"
2024-10-06 01:00:00+00:00,95500.0,A,False,ft3/s,2704.258849536,False,False,True,02246500,00060,"USGS NWIS IV 02246500 00060 (raw signed total discharge, not de-tided; negative = flood-tide reversal)"
2024-10-06 01:15:00+00:00,64100.0,A,False,ft3/s,1815.1098665472,False,False,True,02246500,00060,"USGS NWIS IV 02246500 00060 (raw signed total discharge, not de-tided; negative = flood-tide reversal)"
2024-10-06 01:30:00+00:00,54600.0,A,False,ft3/s,1546.0998239232001,False,False,True,02246500,00060,"USGS NWIS IV 02246500 00060 (raw signed total discharge, not de-tided; negative = flood-tide reversal)"
2024-10-06 01:45:00+00:00,39300.0,A,False,ft3/s,1112.8520710656,False,False,True,02246500,00060,"USGS NWIS IV 02246500 00060 (raw signed total discharge, not de-tided; negative = flood-tide reversal)"
2024-10-06 02:00:00+00:00,7370.0,A,False,ft3/s,208.69515938304,False,False,True,02246500,00060,"USGS NWIS IV 02246500 00060 (raw signed total discharge, not de-tided; negative = flood-tide reversal)"
2024-10-06 02:15:00+00:00,-8150.0,A,False,ft3/s,-230.7822997248,False,False,True,02246500,00060,"USGS NWIS IV 02246500 00060 (raw signed total discharge, not de-tided; negative = flood-tide reversal)"
2024-10-06 02:30:00+00:00,-17400.0,A,False,ft3/s,-492.71313070080004,False,False,True,02246500,00060,"USGS NWIS IV 02246500 00060 (raw signed total discharge, not de-tided; negative = flood-tide reversal)"
2024-10-06 02:45:00+00:00,-28100.0,A,False,ft3/s,-795.7033892352,False,False,True,02246500,00060,"USGS NWIS IV 02246500 00060 (raw signed total discharge, not de-tided; negative = flood-tide reversal)"
2024-10-06 03:00:00+00:00,-52000.0,A,False,ft3/s,-1472.476022784,False,False,True,02246500,00060,"USGS NWIS IV 02246500 00060 (raw signed total discharge, not de-tided; negative = flood-tide reversal)"
2024-10-06 03:15:00+00:00,-78900.0,A,False,ft3/s,-2234.1991961088,False,False,True,02246500,00060,"USGS NWIS IV 02246500 00060 (raw signed total discharge, not de-tided; negative = flood-tide reversal)"
2024-10-06 03:30:00+00:00,-95300.0,A,False,ft3/s,-2698.5954802176,False,False,True,02246500,00060,"USGS NWIS IV 02246500 00060 (raw signed total discharge, not de-tided; negative = flood-tide reversal)"
2024-10-06 03:45:00+00:00,-106000.0,A,False,ft3/s,-3001.585738752,False,False,True,02246500,00060,"USGS NWIS IV 02246500 00060 (raw signed total discharge, not de-tided; negative = flood-tide reversal)"
2024-10-06 04:00:00+00:00,-125000.0,A,False,ft3/s,-3539.605824,False,False,True,02246500,00060,"USGS NWIS IV 02246500 00060 (raw signed total discharge, not de-tided; negative = flood-tide reversal)"
2024-10-06 04:15:00+00:00,-141000.0,A,False,ft3/s,-3992.675369472,False,False,True,02246500,00060,"USGS NWIS IV 02246500 00060 (raw signed total discharge, not de-tided; negative = flood-tide reversal)"
2024-10-06 04:30:00+00:00,-157000.0,A,False,ft3/s,-4445.744914944,False,False,True,02246500,00060,"USGS NWIS IV 02246500 00060 (raw signed total discharge, not de-tided; negative = flood-tide reversal)"
2024-10-06 04:45:00+00:00,-145000.0,A,False,ft3/s,-4105.94275584,False,False,True,02246500,00060,"USGS NWIS IV 02246500 00060 (raw signed total discharge, not de-tided; negative = flood-tide reversal)"
2024-10-06 05:00:00+00:00,-146000.0,A,False,ft3/s,-4134.259602432,False,False,True,02246500,00060,"USGS NWIS IV 02246500 00060 (raw signed total discharge, not de-tided; negative = flood-tide reversal)"
2024-10-06 05:15:00+00:00,-157000.0,A,False,ft3/s,-4445.744914944,False,False,True,02246500,00060,"USGS NWIS IV 02246500 00060 (raw signed total discharge, not de-tided; negative = flood-tide reversal)"
2024-10-06 05:30:00+00:00,-148000.0,A,False,ft3/s,-4190.893295616,False,False,True,02246500,00060,"USGS NWIS IV 02246500 00060 (raw signed total discharge, not de-tided; negative = flood-tide reversal)"
2024-10-06 05:45:00+00:00,-142000.0,A,False,ft3/s,-4020.9922160640003,False,False,True,02246500,00060,"USGS NWIS IV 02246500 00060 (raw signed total discharge, not de-tided; negative = flood-tide reversal)"
2024-10-06 06:00:00+00:00,-138000.0,A,False,ft3/s,-3907.724829696,False,False,True,02246500,00060,"USGS NWIS IV 02246500 00060 (raw signed total discharge, not de-tided; negative = flood-tide reversal)"
2024-10-06 06:15:00+00:00,-131000.0,A,False,ft3/s,-3709.506903552,False,False,True,02246500,00060,"USGS NWIS IV 02246500 00060 (raw signed total discharge, not de-tided; negative = flood-tide reversal)"
2024-10-06 06:30:00+00:00,-107000.0,A,False,ft3/s,-3029.9025853440003,False,False,True,02246500,00060,"USGS NWIS IV 02246500 00060 (raw signed total discharge, not de-tided; negative = flood-tide reversal)"
2024-10-06 06:45:00+00:00,-89500.0,A,False,ft3/s,-2534.3577699840002,False,False,True,02246500,00060,"USGS NWIS IV 02246500 00060 (raw signed total discharge, not de-tided; negative = flood-tide reversal)"
2024-10-06 07:00:00+00:00,-68600.0,A,False,ft3/s,-1942.5356762112,False,False,True,02246500,00060,"USGS NWIS IV 02246500 00060 (raw signed total discharge, not de-tided; negative = flood-tide reversal)"
2024-10-06 07:15:00+00:00,-51000.0,A,False,ft3/s,-1444.1591761920001,False,False,True,02246500,00060,"USGS NWIS IV 02246500 00060 (raw signed total discharge, not de-tided; negative = flood-tide reversal)"
2024-10-06 07:30:00+00:00,-13800.0,A,False,ft3/s,-390.7724829696,False,False,True,02246500,00060,"USGS NWIS IV 02246500 00060 (raw signed total discharge, not de-tided; negative = flood-tide reversal)"
2024-10-06 07:45:00+00:00,4890.0,A,False,ft3/s,138.46937983488002,False,False,True,02246500,00060,"USGS NWIS IV 02246500 00060 (raw signed total discharge, not de-tided; negative = flood-tide reversal)"
2024-10-06 08:00:00+00:00,37900.0,A,False,ft3/s,1073.2084858368,False,False,True,02246500,00060,"USGS NWIS IV 02246500 00060 (raw signed total discharge, not de-tided; negative = flood-tide reversal)"
2024-10-06 08:15:00+00:00,68600.0,A,False,ft3/s,1942.5356762112,False,False,True,02246500,00060,"USGS NWIS IV 02246500 00060 (raw signed total discharge, not de-tided; negative = flood-tide reversal)"
2024-10-06 08:30:00+00:00,66100.0,A,False,ft3/s,1871.7435597312,False,False,True,02246500,00060,"USGS NWIS IV 02246500 00060 (raw signed total discharge, not de-tided; negative = flood-tide reversal)"
2024-10-06 08:45:00+00:00,104000.0,A,False,ft3/s,2944.952045568,False,False,True,02246500,00060,"USGS NWIS IV 02246500 00060 (raw signed total discharge, not de-tided; negative = flood-tide reversal)"
2024-10-06 09:00:00+00:00,110000.0,A,False,ft3/s,3114.85312512,False,False,True,02246500,00060,"USGS NWIS IV 02246500 00060 (raw signed total discharge, not de-tided; negative = flood-tide reversal)"
2024-10-06 09:15:00+00:00,131000.0,A,False,ft3/s,3709.506903552,False,False,True,02246500,00060,"USGS NWIS IV 02246500 00060 (raw signed total discharge, not de-tided; negative = flood-tide reversal)"
2024-10-06 09:30:00+00:00,142000.0,A,False,ft3/s,4020.9922160640003,False,False,True,02246500,00060,"USGS NWIS IV 02246500 00060 (raw signed total discharge, not de-tided; negative = flood-tide reversal)"
2024-10-06 09:45:00+00:00,149000.0,A,False,ft3/s,4219.210142208,False,False,True,02246500,00060,"USGS NWIS IV 02246500 00060 (raw signed total discharge, not de-tided; negative = flood-tide reversal)"
2024-10-06 10:00:00+00:00,167000.0,A,False,ft3/s,4728.913380864,False,False,True,02246500,00060,"USGS NWIS IV 02246500 00060 (raw signed total discharge, not de-tided; negative = flood-tide reversal)"
2024-10-06 10:15:00+00:00,166000.0,A,False,ft3/s,4700.596534272,False,False,True,02246500,00060,"USGS NWIS IV 02246500 00060 (raw signed total discharge, not de-tided; negative = flood-tide reversal)"
2024-10-06 10:30:00+00:00,175000.0,A,False,ft3/s,4955.4481536,False,False,True,02246500,00060,"USGS NWIS IV 02246500 00060 (raw signed total discharge, not de-tided; negative = flood-tide reversal)"
2024-10-06 10:45:00+00:00,166000.0,A,False,ft3/s,4700.596534272,False,False,True,02246500,00060,"USGS NWIS IV 02246500 00060 (raw signed total discharge, not de-tided; negative = flood-tide reversal)"
2024-10-06 11:00:00+00:00,165000.0,A,False,ft3/s,4672.27968768,False,False,True,02246500,00060,"USGS NWIS IV 02246500 00060 (raw signed total discharge, not de-tided; negative = flood-tide reversal)"
2024-10-06 11:15:00+00:00,165000.0,A,False,ft3/s,4672.27968768,False,False,True,02246500,00060,"USGS NWIS IV 02246500 00060 (raw signed total discharge, not de-tided; negative = flood-tide reversal)"
2024-10-06 11:30:00+00:00,155000.0,A,False,ft3/s,4389.11122176,False,False,True,02246500,00060,"USGS NWIS IV 02246500 00060 (raw signed total discharge, not de-tided; negative = flood-tide reversal)"
2024-10-06 11:45:00+00:00,150000.0,A,False,ft3/s,4247.5269888,False,False,True,02246500,00060,"USGS NWIS IV 02246500 00060 (raw signed total discharge, not de-tided; negative = flood-tide reversal)"
2024-10-06 12:00:00+00:00,150000.0,A,False,ft3/s,4247.5269888,False,False,True,02246500,00060,"USGS NWIS IV 02246500 00060 (raw signed total discharge, not de-tided; negative = flood-tide reversal)"
2024-10-06 12:15:00+00:00,134000.0,A,False,ft3/s,3794.457443328,False,False,True,02246500,00060,"USGS NWIS IV 02246500 00060 (raw signed total discharge, not de-tided; negative = flood-tide reversal)"
2024-10-06 12:30:00+00:00,122000.0,A,False,ft3/s,3454.6552842240003,False,False,True,02246500,00060,"USGS NWIS IV 02246500 00060 (raw signed total discharge, not de-tided; negative = flood-tide reversal)"
2024-10-06 12:45:00+00:00,96900.0,A,False,ft3/s,2743.9024347648,False,False,True,02246500,00060,"USGS NWIS IV 02246500 00060 (raw signed total discharge, not de-tided; negative = flood-tide reversal)"
2024-10-06 13:00:00+00:00,89500.0,A,False,ft3/s,2534.3577699840002,False,False,True,02246500,00060,"USGS NWIS IV 02246500 00060 (raw signed total discharge, not de-tided; negative = flood-tide reversal)"
2024-10-06 13:15:00+00:00,71600.0,A,False,ft3/s,2027.4862159872,False,False,True,02246500,00060,"USGS NWIS IV 02246500 00060 (raw signed total discharge, not de-tided; negative = flood-tide reversal)"
2024-10-06 13:30:00+00:00,63200.0,A,False,ft3/s,1789.6247046144001,False,False,True,02246500,00060,"USGS NWIS IV 02246500 00060 (raw signed total discharge, not de-tided; negative = flood-tide reversal)"
2024-10-06 13:45:00+00:00,40700.0,A,False,ft3/s,1152.4956562944,False,False,True,02246500,00060,"USGS NWIS IV 02246500 00060 (raw signed total discharge, not de-tided; negative = flood-tide reversal)"
2024-10-06 14:00:00+00:00,7850.0,A,False,ft3/s,222.28724574720002,False,False,True,02246500,00060,"USGS NWIS IV 02246500 00060 (raw signed total discharge, not de-tided; negative = flood-tide reversal)"
2024-10-06 14:15:00+00:00,-8150.0,A,False,ft3/s,-230.7822997248,False,False,True,02246500,00060,"USGS NWIS IV 02246500 00060 (raw signed total discharge, not de-tided; negative = flood-tide reversal)"
2024-10-06 14:30:00+00:00,-27200.0,A,False,ft3/s,-770.2182273024,False,False,True,02246500,00060,"USGS NWIS IV 02246500 00060 (raw signed total discharge, not de-tided; negative = flood-tide reversal)"
2024-10-06 14:45:00+00:00,-43300.0,A,False,ft3/s,-1226.1194574336,False,False,True,02246500,00060,"USGS NWIS IV 02246500 00060 (raw signed total discharge, not de-tided; negative = flood-tide reversal)"
2024-10-06 15:00:00+00:00,-72100.0,A,False,ft3/s,-2041.6446392832001,False,False,True,02246500,00060,"USGS NWIS IV 02246500 00060 (raw signed total discharge, not de-tided; negative = flood-tide reversal)"
2024-10-06 15:15:00+00:00,-94900.0,A,False,ft3/s,-2687.2687415808,False,False,True,02246500,00060,"USGS NWIS IV 02246500 00060 (raw signed total discharge, not de-tided; negative = flood-tide reversal)"
2024-10-06 15:30:00+00:00,-104000.0,A,False,ft3/s,-2944.952045568,False,False,True,02246500,00060,"USGS NWIS IV 02246500 00060 (raw signed total discharge, not de-tided; negative = flood-tide reversal)"
2024-10-06 15:45:00+00:00,-138000.0,A,False,ft3/s,-3907.724829696,False,False,True,02246500,00060,"USGS NWIS IV 02246500 00060 (raw signed total discharge, not de-tided; negative = flood-tide reversal)"
2024-10-06 16:00:00+00:00,-159000.0,A,False,ft3/s,-4502.378608128,False,False,True,02246500,00060,"USGS NWIS IV 02246500 00060 (raw signed total discharge, not de-tided; negative = flood-tide reversal)"
2024-10-06 16:15:00+00:00,-173000.0,A,False,ft3/s,-4898.814460416,False,False,True,02246500,00060,"USGS NWIS IV 02246500 00060 (raw signed total discharge, not de-tided; negative = flood-tide reversal)"
2024-10-06 16:30:00+00:00,-182000.0,A,False,ft3/s,-5153.666079744,False,False,True,02246500,00060,"USGS NWIS IV 02246500 00060 (raw signed total discharge, not de-tided; negative = flood-tide reversal)"
2024-10-06 16:45:00+00:00,-171000.0,A,False,ft3/s,-4842.180767232,False,False,True,02246500,00060,"USGS NWIS IV 02246500 00060 (raw signed total discharge, not de-tided; negative = flood-tide reversal)"
2024-10-06 17:00:00+00:00,-193000.0,A,False,ft3/s,-5465.151392256,False,False,True,02246500,00060,"USGS NWIS IV 02246500 00060 (raw signed total discharge, not de-tided; negative = flood-tide reversal)"
2024-10-06 17:15:00+00:00,-189000.0,A,False,ft3/s,-5351.8840058880005,False,False,True,02246500,00060,"USGS NWIS IV 02246500 00060 (raw signed total discharge, not de-tided; negative = flood-tide reversal)"
2024-10-06 17:30:00+00:00,-174000.0,A,False,ft3/s,-4927.1313070080005,False,False,True,02246500,00060,"USGS NWIS IV 02246500 00060 (raw signed total discharge, not de-tided; negative = flood-tide reversal)"
2024-10-06 17:45:00+00:00,-186000.0,A,False,ft3/s,-5266.933466112,False,False,True,02246500,00060,"USGS NWIS IV 02246500 00060 (raw signed total discharge, not de-tided; negative = flood-tide reversal)"
2024-10-06 18:00:00+00:00,-194000.0,A,False,ft3/s,-5493.4682388480005,False,False,True,02246500,00060,"USGS NWIS IV 02246500 00060 (raw signed total discharge, not de-tided; negative = flood-tide reversal)"
2024-10-06 18:15:00+00:00,-167000.0,A,False,ft3/s,-4728.913380864,False,False,True,02246500,00060,"USGS NWIS IV 02246500 00060 (raw signed total discharge, not de-tided; negative = flood-tide reversal)"
2024-10-06 18:30:00+00:00,-164000.0,A,False,ft3/s,-4643.9628410880005,False,False,True,02246500,00060,"USGS NWIS IV 02246500 00060 (raw signed total discharge, not de-tided; negative = flood-tide reversal)"
2024-10-06 18:45:00+00:00,-158000.0,A,False,ft3/s,-4474.061761536,False,False,True,02246500,00060,"USGS NWIS IV 02246500 00060 (raw signed total discharge, not de-tided; negative = flood-tide reversal)"
2024-10-06 19:00:00+00:00,-131000.0,A,False,ft3/s,-3709.506903552,False,False,True,02246500,00060,"USGS NWIS IV 02246500 00060 (raw signed total discharge, not de-tided; negative = flood-tide reversal)"
2024-10-06 19:15:00+00:00,-117000.0,A,False,ft3/s,-3313.0710512640003,False,False,True,02246500,00060,"USGS NWIS IV 02246500 00060 (raw signed total discharge, not de-tided; negative = flood-tide reversal)"
2024-10-06 19:30:00+00:00,-95700.0,A,False,ft3/s,-2709.9222188544,False,False,True,02246500,00060,"USGS NWIS IV 02246500 00060 (raw signed total discharge, not de-tided; negative = flood-tide reversal)"
2024-10-06 19:45:00+00:00,-79700.0,A,False,ft3/s,-2256.8526733824,False,False,True,02246500,00060,"USGS NWIS IV 02246500 00060 (raw signed total discharge, not de-tided; negative = flood-tide reversal)"
2024-10-06 20:00:00+00:00,-59300.0,A,False,ft3/s,-1679.1890029056,False,False,True,02246500,00060,"USGS NWIS IV 02246500 00060 (raw signed total discharge, not de-tided; negative = flood-tide reversal)"
2024-10-06 20:15:00+00:00,-36000.0,A,False,ft3/s,-1019.406477312,False,False,True,02246500,00060,"USGS NWIS IV 02246500 00060 (raw signed total discharge, not de-tided; negative = flood-tide reversal)"
2024-10-06 20:30:00+00:00,-5680.0,A,False,ft3/s,-160.83968864256,False,False,True,02246500,00060,"USGS NWIS IV 02246500 00060 (raw signed total discharge, not de-tided; negative = flood-tide reversal)"
2024-10-06 20:45:00+00:00,23800.0,A,False,ft3/s,673.9409488896,False,False,True,02246500,00060,"USGS NWIS IV 02246500 00060 (raw signed total discharge, not de-tided; negative = flood-tide reversal)"
2024-10-06 21:00:00+00:00,57300.0,A,False,ft3/s,1622.5553097216,False,False,True,02246500,00060,"USGS NWIS IV 02246500 00060 (raw signed total discharge, not de-tided; negative = flood-tide reversal)"
2024-10-06 21:15:00+00:00,60900.0,A,False,ft3/s,1724.4959574528,False,False,True,02246500,00060,"USGS NWIS IV 02246500 00060 (raw signed total discharge, not de-tided; negative = flood-tide reversal)"
2024-10-06 21:30:00+00:00,82400.0,A,False,ft3/s,2333.3081591808,False,False,True,02246500,00060,"USGS NWIS IV 02246500 00060 (raw signed total discharge, not de-tided; negative = flood-tide reversal)"
2024-10-06 21:45:00+00:00,92700.0,A,False,ft3/s,2624.9716790784,False,False,True,02246500,00060,"USGS NWIS IV 02246500 00060 (raw signed total discharge, not de-tided; negative = flood-tide reversal)"
2024-10-06 22:00:00+00:00,113000.0,A,False,ft3/s,3199.803664896,False,False,True,02246500,00060,"USGS NWIS IV 02246500 00060 (raw signed total discharge, not de-tided; negative = flood-tide reversal)"
2024-10-06 22:15:00+00:00,134000.0,A,False,ft3/s,3794.457443328,False,False,True,02246500,00060,"USGS NWIS IV 02246500 00060 (raw signed total discharge, not de-tided; negative = flood-tide reversal)"
2024-10-06 22:30:00+00:00,144000.0,A,False,ft3/s,4077.625909248,False,False,True,02246500,00060,"USGS NWIS IV 02246500 00060 (raw signed total discharge, not de-tided; negative = flood-tide reversal)"
2024-10-06 22:45:00+00:00,145000.0,A,False,ft3/s,4105.94275584,False,False,True,02246500,00060,"USGS NWIS IV 02246500 00060 (raw signed total discharge, not de-tided; negative = flood-tide reversal)"
2024-10-06 23:00:00+00:00,162000.0,A,False,ft3/s,4587.329147904,False,False,True,02246500,00060,"USGS NWIS IV 02246500 00060 (raw signed total discharge, not de-tided; negative = flood-tide reversal)"
2024-10-06 23:15:00+00:00,164000.0,A,False,ft3/s,4643.9628410880005,False,False,True,02246500,00060,"USGS NWIS IV 02246500 00060 (raw signed total discharge, not de-tided; negative = flood-tide reversal)"
2024-10-06 23:30:00+00:00,167000.0,A,False,ft3/s,4728.913380864,False,False,True,02246500,00060,"USGS NWIS IV 02246500 00060 (raw signed total discharge, not de-tided; negative = flood-tide reversal)"
2024-10-06 23:45:00+00:00,160000.0,A,False,ft3/s,4530.69545472,False,False,True,02246500,00060,"USGS NWIS IV 02246500 00060 (raw signed total discharge, not de-tided; negative = flood-tide reversal)"
2024-10-07 00:00:00+00:00,162000.0,A,False,ft3/s,4587.329147904,False,False,True,02246500,00060,"USGS NWIS IV 02246500 00060 (raw signed total discharge, not de-tided; negative = flood-tide reversal)"
2024-10-07 00:15:00+00:00,168000.0,A,False,ft3/s,4757.230227456,False,False,True,02246500,00060,"USGS NWIS IV 02246500 00060 (raw signed total discharge, not de-tided; negative = flood-tide reversal)"
2024-10-07 00:30:00+00:00,148000.0,A,False,ft3/s,4190.893295616,False,False,True,02246500,00060,"USGS NWIS IV 02246500 00060 (raw signed total discharge, not de-tided; negative = flood-tide reversal)"
2024-10-07 00:45:00+00:00,142000.0,A,False,ft3/s,4020.9922160640003,False,False,True,02246500,00060,"USGS NWIS IV 02246500 00060 (raw signed total discharge, not de-tided; negative = flood-tide reversal)"
2024-10-07 01:00:00+00:00,138000.0,A,False,ft3/s,3907.724829696,False,False,True,02246500,00060,"USGS NWIS IV 02246500 00060 (raw signed total discharge, not de-tided; negative = flood-tide reversal)"
2024-10-07 01:15:00+00:00,127000.0,A,False,ft3/s,3596.2395171840003,False,False,True,02246500,00060,"USGS NWIS IV 02246500 00060 (raw signed total discharge, not de-tided; negative = flood-tide reversal)"
2024-10-07 01:30:00+00:00,117000.0,A,False,ft3/s,3313.0710512640003,False,False,True,02246500,00060,"USGS NWIS IV 02246500 00060 (raw signed total discharge, not de-tided; negative = flood-tide reversal)"
2024-10-07 01:45:00+00:00,107000.0,A,False,ft3/s,3029.9025853440003,False,False,True,02246500,00060,"USGS NWIS IV 02246500 00060 (raw signed total discharge, not de-tided; negative = flood-tide reversal)"
2024-10-07 02:00:00+00:00,92500.0,A,False,ft3/s,2619.30830976,False,False,True,02246500,00060,"USGS NWIS IV 02246500 00060 (raw signed total discharge, not de-tided; negative = flood-tide reversal)"
2024-10-07 02:15:00+00:00,73900.0,A,False,ft3/s,2092.6149631488,False,False,True,02246500,00060,"USGS NWIS IV 02246500 00060 (raw signed total discharge, not de-tided; negative = flood-tide reversal)"
2024-10-07 02:30:00+00:00,50800.0,A,False,ft3/s,1438.4958068736,False,False,True,02246500,00060,"USGS NWIS IV 02246500 00060 (raw signed total discharge, not de-tided; negative = flood-tide reversal)"
2024-10-07 02:45:00+00:00,44200.0,A,False,ft3/s,1251.6046193664001,False,False,True,02246500,00060,"USGS NWIS IV 02246500 00060 (raw signed total discharge, not de-tided; negative = flood-tide reversal)"
2024-10-07 03:00:00+00:00,28700.0,A,False,ft3/s,812.6934971904,False,False,True,02246500,00060,"USGS NWIS IV 02246500 00060 (raw signed total discharge, not de-tided; negative = flood-tide reversal)"
2024-10-07 03:15:00+00:00,102.0,A,False,ft3/s,2.888318352384,False,False,True,02246500,00060,"USGS NWIS IV 02246500 00060 (raw signed total discharge, not de-tided; negative = flood-tide reversal)"
2024-10-07 03:30:00+00:00,-8660.0,A,False,ft3/s,-245.22389148672002,False,False,True,02246500,00060,"USGS NWIS IV 02246500 00060 (raw signed total discharge, not de-tided; negative = flood-tide reversal)"
2024-10-07 03:45:00+00:00,-19400.0,A,False,ft3/s,-549.3468238848,False,False,True,02246500,00060,"USGS NWIS IV 02246500 00060 (raw signed total discharge, not de-tided; negative = flood-tide reversal)"
2024-10-07 04:00:00+00:00,-33500.0,A,False,ft3/s,-948.614360832,False,False,True,02246500,00060,"USGS NWIS IV 02246500 00060 (raw signed total discharge, not de-tided; negative = flood-tide reversal)"
2024-10-07 04:15:00+00:00,-49700.0,A,False,ft3/s,-1407.3472756224,False,False,True,02246500,00060,"USGS NWIS IV 02246500 00060 (raw signed total discharge, not de-tided; negative = flood-tide reversal)"
2024-10-07 04:30:00+00:00,-75400.0,A,False,ft3/s,-2135.0902330368,False,False,True,02246500,00060,"USGS NWIS IV 02246500 00060 (raw signed total discharge, not de-tided; negative = flood-tide reversal)"
2024-10-07 04:45:00+00:00,-88600.0,A,False,ft3/s,-2508.8726080512,False,False,True,02246500,00060,"USGS NWIS IV 02246500 00060 (raw signed total discharge, not de-tided; negative = flood-tide reversal)"
2024-10-07 05:00:00+00:00,-104000.0,A,False,ft3/s,-2944.952045568,False,False,True,02246500,00060,"USGS NWIS IV 02246500 00060 (raw signed total discharge, not de-tided; negative = flood-tide reversal)"
2024-10-07 05:15:00+00:00,-123000.0,A,False,ft3/s,-3482.972130816,False,False,True,02246500,00060,"USGS NWIS IV 02246500 00060 (raw signed total discharge, not de-tided; negative = flood-tide reversal)"
2024-10-07 05:30:00+00:00,-117000.0,A,False,ft3/s,-3313.0710512640003,False,False,True,02246500,00060,"USGS NWIS IV 02246500 00060 (raw signed total discharge, not de-tided; negative = flood-tide reversal)"
2024-10-07 05:45:00+00:00,-133000.0,A,False,ft3/s,-3766.140596736,False,False,True,02246500,00060,"USGS NWIS IV 02246500 00060 (raw signed total discharge, not de-tided; negative = flood-tide reversal)"
2024-10-07 06:00:00+00:00,-135000.0,A,False,ft3/s,-3822.7742899200002,False,False,True,02246500,00060,"USGS NWIS IV 02246500 00060 (raw signed total discharge, not de-tided; negative = flood-tide reversal)"
2024-10-07 06:15:00+00:00,-117000.0,A,False,ft3/s,-3313.0710512640003,False,False,True,02246500,00060,"USGS NWIS IV 02246500 00060 (raw signed total discharge, not de-tided; negative = flood-tide reversal)"
2024-10-07 06:30:00+00:00,-123000.0,A,False,ft3/s,-3482.972130816,False,False,True,02246500,00060,"USGS NWIS IV 02246500 00060 (raw signed total discharge, not de-tided; negative = flood-tide reversal)"
2024-10-07 06:45:00+00:00,-110000.0,A,False,ft3/s,-3114.85312512,False,False,True,02246500,00060,"USGS NWIS IV 02246500 00060 (raw signed total discharge, not de-tided; negative = flood-tide reversal)"
2024-10-07 07:00:00+00:00,-103000.0,A,False,ft3/s,-2916.635198976,False,False,True,02246500,00060,"USGS NWIS IV 02246500 00060 (raw signed total discharge, not de-tided; negative = flood-tide reversal)"
2024-10-07 07:15:00+00:00,-79700.0,A,False,ft3/s,-2256.8526733824,False,False,True,02246500,00060,"USGS NWIS IV 02246500 00060 (raw signed total discharge, not de-tided; negative = flood-tide reversal)"
2024-10-07 07:30:00+00:00,-47700.0,A,False,ft3/s,-1350.7135824384,False,False,True,02246500,00060,"USGS NWIS IV 02246500 00060 (raw signed total discharge, not de-tided; negative = flood-tide reversal)"
2024-10-07 07:45:00+00:00,-26400.0,A,False,ft3/s,-747.5647500288001,False,False,True,02246500,00060,"USGS NWIS IV 02246500 00060 (raw signed total discharge, not de-tided; negative = flood-tide reversal)"
2024-10-07 08:00:00+00:00,3950.0,A,False,ft3/s,111.85154403840001,False,False,True,02246500,00060,"USGS NWIS IV 02246500 00060 (raw signed total discharge, not de-tided; negative = flood-tide reversal)"
2024-10-07 08:15:00+00:00,18300.0,A,False,ft3/s,518.1982926336,False,False,True,02246500,00060,"USGS NWIS IV 02246500 00060 (raw signed total discharge, not de-tided; negative = flood-tide reversal)"
2024-10-07 08:30:00+00:00,60800.0,A,False,ft3/s,1721.6642727936,False,False,True,02246500,00060,"USGS NWIS IV 02246500 00060 (raw signed total discharge, not de-tided; negative = flood-tide reversal)"
2024-10-07 08:45:00+00:00,78300.0,A,False,ft3/s,2217.2090881536,False,False,True,02246500,00060,"USGS NWIS IV 02246500 00060 (raw signed total discharge, not de-tided; negative = flood-tide reversal)"
2024-10-07 09:00:00+00:00,77700.0,A,False,ft3/s,2200.2189801984,False,False,True,02246500,00060,"USGS NWIS IV 02246500 00060 (raw signed total discharge, not de-tided; negative = flood-tide reversal)"
2024-10-07 09:15:00+00:00,88000.0,A,False,ft3/s,2491.882500096,False,False,True,02246500,00060,"USGS NWIS IV 02246500 00060 (raw signed total discharge, not de-tided; negative = flood-tide reversal)"
2024-10-07 09:30:00+00:00,100000.0,A,False,ft3/s,2831.6846592,False,False,True,02246500,00060,"USGS NWIS IV 02246500 00060 (raw signed total discharge, not de-tided; negative = flood-tide reversal)"
2024-10-07 09:45:00+00:00,115000.0,A,False,ft3/s,3256.43735808,False,False,True,02246500,00060,"USGS NWIS IV 02246500 00060 (raw signed total discharge, not de-tided; negative = flood-tide reversal)"
2024-10-07 10:00:00+00:00,123000.0,A,False,ft3/s,3482.972130816,False,False,True,02246500,00060,"USGS NWIS IV 02246500 00060 (raw signed total discharge, not de-tided; negative = flood-tide reversal)"
2024-10-07 10:15:00+00:00,131000.0,A,False,ft3/s,3709.506903552,False,False,True,02246500,00060,"USGS NWIS IV 02246500 00060 (raw signed total discharge, not de-tided; negative = flood-tide reversal)"
2024-10-07 10:30:00+00:00,139000.0,A,False,ft3/s,3936.041676288,False,False,True,02246500,00060,"USGS NWIS IV 02246500 00060 (raw signed total discharge, not de-tided; negative = flood-tide reversal)"
2024-10-07 10:45:00+00:00,144000.0,A,False,ft3/s,4077.625909248,False,False,True,02246500,00060,"USGS NWIS IV 02246500 00060 (raw signed total discharge, not de-tided; negative = flood-tide reversal)"
2024-10-07 11:00:00+00:00,150000.0,A,False,ft3/s,4247.5269888,False,False,True,02246500,00060,"USGS NWIS IV 02246500 00060 (raw signed total discharge, not de-tided; negative = flood-tide reversal)"
2024-10-07 11:15:00+00:00,148000.0,A,False,ft3/s,4190.893295616,False,False,True,02246500,00060,"USGS NWIS IV 02246500 00060 (raw signed total discharge, not de-tided; negative = flood-tide reversal)"
2024-10-07 11:30:00+00:00,151000.0,A,False,ft3/s,4275.843835392,False,False,True,02246500,00060,"USGS NWIS IV 02246500 00060 (raw signed total discharge, not de-tided; negative = flood-tide reversal)"
2024-10-07 11:45:00+00:00,138000.0,A,False,ft3/s,3907.724829696,False,False,True,02246500,00060,"USGS NWIS IV 02246500 00060 (raw signed total discharge, not de-tided; negative = flood-tide reversal)"
2024-10-07 12:00:00+00:00,146000.0,A,False,ft3/s,4134.259602432,False,False,True,02246500,00060,"USGS NWIS IV 02246500 00060 (raw signed total discharge, not de-tided; negative = flood-tide reversal)"
2024-10-07 12:15:00+00:00,135000.0,A,False,ft3/s,3822.7742899200002,False,False,True,02246500,00060,"USGS NWIS IV 02246500 00060 (raw signed total discharge, not de-tided; negative = flood-tide reversal)"
2024-10-07 12:30:00+00:00,133000.0,A,False,ft3/s,3766.140596736,False,False,True,02246500,00060,"USGS NWIS IV 02246500 00060 (raw signed total discharge, not de-tided; negative = flood-tide reversal)"
2024-10-07 12:45:00+00:00,127000.0,A,False,ft3/s,3596.2395171840003,False,False,True,02246500,00060,"USGS NWIS IV 02246500 00060 (raw signed total discharge, not de-tided; negative = flood-tide reversal)"
2024-10-07 13:00:00+00:00,115000.0,A,False,ft3/s,3256.43735808,False,False,True,02246500,00060,"USGS NWIS IV 02246500 00060 (raw signed total discharge, not de-tided; negative = flood-tide reversal)"
2024-10-07 13:15:00+00:00,102000.0,A,False,ft3/s,2888.3183523840003,False,False,True,02246500,00060,"USGS NWIS IV 02246500 00060 (raw signed total discharge, not de-tided; negative = flood-tide reversal)"
2024-10-07 13:30:00+00:00,90200.0,A,False,ft3/s,2554.1795625984,False,False,True,02246500,00060,"USGS NWIS IV 02246500 00060 (raw signed total discharge, not de-tided; negative = flood-tide reversal)"
2024-10-07 13:45:00+00:00,61300.0,A,False,ft3/s,1735.8226960896,False,False,True,02246500,00060,"USGS NWIS IV 02246500 00060 (raw signed total discharge, not de-tided; negative = flood-tide reversal)"
2024-10-07 14:00:00+00:00,39900.0,A,False,ft3/s,1129.8421790208001,False,False,True,02246500,00060,"USGS NWIS IV 02246500 00060 (raw signed total discharge, not de-tided; negative = flood-tide reversal)"
2024-10-07 14:15:00+00:00,19900.0,A,False,ft3/s,563.5052471808,False,False,True,02246500,00060,"USGS NWIS IV 02246500 00060 (raw signed total discharge, not de-tided; negative = flood-tide reversal)"
2024-10-07 14:30:00+00:00,6390.0,A,False,ft3/s,180.94464972288,False,False,True,02246500,00060,"USGS NWIS IV 02246500 00060 (raw signed total discharge, not de-tided; negative = flood-tide reversal)"
2024-10-07 14:45:00+00:00,-10600.0,A,False,ft3/s,-300.15857387520003,False,False,True,02246500,00060,"USGS NWIS IV 02246500 00060 (raw signed total discharge, not de-tided; negative = flood-tide reversal)"
2024-10-07 15:00:00+00:00,-27100.0,A,False,ft3/s,-767.3865426432001,False,False,True,02246500,00060,"USGS NWIS IV 02246500 00060 (raw signed total discharge, not de-tided; negative = flood-tide reversal)"
2024-10-07 15:15:00+00:00,-53300.0,A,False,ft3/s,-1509.2879233536,False,False,True,02246500,00060,"USGS NWIS IV 02246500 00060 (raw signed total discharge, not de-tided; negative = flood-tide reversal)"
2024-10-07 15:30:00+00:00,-76500.0,A,False,ft3/s,-2166.238764288,False,False,True,02246500,00060,"USGS NWIS IV 02246500 00060 (raw signed total discharge, not de-tided; negative = flood-tide reversal)"
2024-10-07 15:45:00+00:00,-92000.0,A,False,ft3/s,-2605.1498864640002,False,False,True,02246500,00060,"USGS NWIS IV 02246500 00060 (raw signed total discharge, not de-tided; negative = flood-tide reversal)"
2024-10-07 16:00:00+00:00,-108000.0,A,False,ft3/s,-3058.219431936,False,False,True,02246500,00060,"USGS NWIS IV 02246500 00060 (raw signed total discharge, not de-tided; negative = flood-tide reversal)"
2024-10-07 16:15:00+00:00,-119000.0,A,False,ft3/s,-3369.704744448,False,False,True,02246500,00060,"USGS NWIS IV 02246500 00060 (raw signed total discharge, not de-tided; negative = flood-tide reversal)"
2024-10-07 16:30:00+00:00,-152000.0,A,False,ft3/s,-4304.160681984,False,False,True,02246500,00060,"USGS NWIS IV 02246500 00060 (raw signed total discharge, not de-tided; negative = flood-tide reversal)"
2024-10-07 16:45:00+00:00,-169000.0,A,False,ft3/s,-4785.5470740480005,False,False,True,02246500,00060,"USGS NWIS IV 02246500 00060 (raw signed total discharge, not de-tided; negative = flood-tide reversal)"
2024-10-07 17:00:00+00:00,-161000.0,A,False,ft3/s,-4559.012301312,False,False,True,02246500,00060,"USGS NWIS IV 02246500 00060 (raw signed total discharge, not de-tided; negative = flood-tide reversal)"
2024-10-07 17:15:00+00:00,-172000.0,A,False,ft3/s,-4870.497613824,False,False,True,02246500,00060,"USGS NWIS IV 02246500 00060 (raw signed total discharge, not de-tided; negative = flood-tide reversal)"
2024-10-07 17:30:00+00:00,-190000.0,A,False,ft3/s,-5380.20085248,False,False,True,02246500,00060,"USGS NWIS IV 02246500 00060 (raw signed total discharge, not de-tided; negative = flood-tide reversal)"
2024-10-07 17:45:00+00:00,-194000.0,A,False,ft3/s,-5493.4682388480005,False,False,True,02246500,00060,"USGS NWIS IV 02246500 00060 (raw signed total discharge, not de-tided; negative = flood-tide reversal)"
2024-10-07 18:00:00+00:00,-179000.0,A,False,ft3/s,-5068.7155399680005,False,False,True,02246500,00060,"USGS NWIS IV 02246500 00060 (raw signed total discharge, not de-tided; negative = flood-tide reversal)"
2024-10-07 18:15:00+00:00,-188000.0,A,False,ft3/s,-5323.567159296,False,False,True,02246500,00060,"USGS NWIS IV 02246500 00060 (raw signed total discharge, not de-tided; negative = flood-tide reversal)"
2024-10-07 18:30:00+00:00,-191000.0,A,False,ft3/s,-5408.517699072,False,False,True,02246500,00060,"USGS NWIS IV 02246500 00060 (raw signed total discharge, not de-tided; negative = flood-tide reversal)"
2024-10-07 18:45:00+00:00,-173000.0,A,False,ft3/s,-4898.814460416,False,False,True,02246500,00060,"USGS NWIS IV 02246500 00060 (raw signed total discharge, not de-tided; negative = flood-tide reversal)"
2024-10-07 19:00:00+00:00,-153000.0,A,False,ft3/s,-4332.477528576,False,False,True,02246500,00060,"USGS NWIS IV 02246500 00060 (raw signed total discharge, not de-tided; negative = flood-tide reversal)"
2024-10-07 19:15:00+00:00,-138000.0,A,False,ft3/s,-3907.724829696,False,False,True,02246500,00060,"USGS NWIS IV 02246500 00060 (raw signed total discharge, not de-tided; negative = flood-tide reversal)"
2024-10-07 19:30:00+00:00,-140000.0,A,False,ft3/s,-3964.3585228800002,False,False,True,02246500,00060,"USGS NWIS IV 02246500 00060 (raw signed total discharge, not de-tided; negative = flood-tide reversal)"
2024-10-07 19:45:00+00:00,-114000.0,A,False,ft3/s,-3228.120511488,False,False,True,02246500,00060,"USGS NWIS IV 02246500 00060 (raw signed total discharge, not de-tided; negative = flood-tide reversal)"
2024-10-07 20:00:00+00:00,-122000.0,A,False,ft3/s,-3454.6552842240003,False,False,True,02246500,00060,"USGS NWIS IV 02246500 00060 (raw signed total discharge, not de-tided; negative = flood-tide reversal)"
2024-10-07 20:15:00+00:00,-103000.0,A,False,ft3/s,-2916.635198976,False,False,True,02246500,00060,"USGS NWIS IV 02246500 00060 (raw signed total discharge, not de-tided; negative = flood-tide reversal)"
2024-10-07 20:30:00+00:00,-88400.0,A,False,ft3/s,-2503.2092387328003,False,False,True,02246500,00060,"USGS NWIS IV 02246500 00060 (raw signed total discharge, not de-tided; negative = flood-tide reversal)"
2024-10-07 20:45:00+00:00,-63900.0,A,False,ft3/s,-1809.4464972288001,False,False,True,02246500,00060,"USGS NWIS IV 02246500 00060 (raw signed total discharge, not de-tided; negative = flood-tide reversal)"
2024-10-07 21:00:00+00:00,-29800.0,A,False,ft3/s,-843.8420284416001,False,False,True,02246500,00060,"USGS NWIS IV 02246500 00060 (raw signed total discharge, not de-tided; negative = flood-tide reversal)"
2024-10-07 21:15:00+00:00,-4230.0,A,False,ft3/s,-119.78026108416,False,False,True,02246500,00060,"USGS NWIS IV 02246500 00060 (raw signed total discharge, not de-tided; negative = flood-tide reversal)"
2024-10-07 21:30:00+00:00,33700.0,A,False,ft3/s,954.2777301504,False,False,True,02246500,00060,"USGS NWIS IV 02246500 00060 (raw signed total discharge, not de-tided; negative = flood-tide reversal)"
2024-10-07 21:45:00+00:00,56100.0,A,False,ft3/s,1588.5750938112,False,False,True,02246500,00060,"USGS NWIS IV 02246500 00060 (raw signed total discharge, not de-tided; negative = flood-tide reversal)"
2024-10-07 22:00:00+00:00,68000.0,A,False,ft3/s,1925.545568256,False,False,True,02246500,00060,"USGS NWIS IV 02246500 00060 (raw signed total discharge, not de-tided; negative = flood-tide reversal)"
2024-10-07 22:15:00+00:00,88800.0,A,False,ft3/s,2514.5359773696,False,False,True,02246500,00060,"USGS NWIS IV 02246500 00060 (raw signed total discharge, not de-tided; negative = flood-tide reversal)"
2024-10-07 22:30:00+00:00,117000.0,A,False,ft3/s,3313.0710512640003,False,False,True,02246500,00060,"USGS NWIS IV 02246500 00060 (raw signed total discharge, not de-tided; negative = flood-tide reversal)"
2024-10-07 22:45:00+00:00,126000.0,A,False,ft3/s,3567.922670592,False,False,True,02246500,00060,"USGS NWIS IV 02246500 00060 (raw signed total discharge, not de-tided; negative = flood-tide reversal)"
2024-10-07 23:00:00+00:00,134000.0,A,False,ft3/s,3794.457443328,False,False,True,02246500,00060,"USGS NWIS IV 02246500 00060 (raw signed total discharge, not de-tided; negative = flood-tide reversal)"
2024-10-07 23:15:00+00:00,131000.0,A,False,ft3/s,3709.506903552,False,False,True,02246500,00060,"USGS NWIS IV 02246500 00060 (raw signed total discharge, not de-tided; negative = flood-tide reversal)"
2024-10-07 23:30:00+00:00,157000.0,A,False,ft3/s,4445.744914944,False,False,True,02246500,00060,"USGS NWIS IV 02246500 00060 (raw signed total discharge, not de-tided; negative = flood-tide reversal)"
2024-10-07 23:45:00+00:00,152000.0,A,False,ft3/s,4304.160681984,False,False,True,02246500,00060,"USGS NWIS IV 02246500 00060 (raw signed total discharge, not de-tided; negative = flood-tide reversal)"
2024-10-08 00:00:00+00:00,171000.0,A,False,ft3/s,4842.180767232,False,False,True,02246500,00060,"USGS NWIS IV 02246500 00060 (raw signed total discharge, not de-tided; negative = flood-tide reversal)"
2024-10-08 00:15:00+00:00,165000.0,A,False,ft3/s,4672.27968768,False,False,True,02246500,00060,"USGS NWIS IV 02246500 00060 (raw signed total discharge, not de-tided; negative = flood-tide reversal)"
2024-10-08 00:30:00+00:00,164000.0,A,False,ft3/s,4643.9628410880005,False,False,True,02246500,00060,"USGS NWIS IV 02246500 00060 (raw signed total discharge, not de-tided; negative = flood-tide reversal)"
2024-10-08 00:45:00+00:00,165000.0,A,False,ft3/s,4672.27968768,False,False,True,02246500,00060,"USGS NWIS IV 02246500 00060 (raw signed total discharge, not de-tided; negative = flood-tide reversal)"
2024-10-08 01:00:00+00:00,147000.0,A,False,ft3/s,4162.576449024,False,False,True,02246500,00060,"USGS NWIS IV 02246500 00060 (raw signed total discharge, not de-tided; negative = flood-tide reversal)"
2024-10-08 01:15:00+00:00,152000.0,A,False,ft3/s,4304.160681984,False,False,True,02246500,00060,"USGS NWIS IV 02246500 00060 (raw signed total discharge, not de-tided; negative = flood-tide reversal)"
2024-10-08 01:30:00+00:00,142000.0,A,False,ft3/s,4020.9922160640003,False,False,True,02246500,00060,"USGS NWIS IV 02246500 00060 (raw signed total discharge, not de-tided; negative = flood-tide reversal)"
2024-10-08 01:45:00+00:00,136000.0,A,False,ft3/s,3851.091136512,False,False,True,02246500,00060,"USGS NWIS IV 02246500 00060 (raw signed total discharge, not de-tided; negative = flood-tide reversal)"
2024-10-08 02:00:00+00:00,125000.0,A,False,ft3/s,3539.605824,False,False,True,02246500,00060,"USGS NWIS IV 02246500 00060 (raw signed total discharge, not de-tided; negative = flood-tide reversal)"
2024-10-08 02:15:00+00:00,117000.0,A,False,ft3/s,3313.0710512640003,False,False,True,02246500,00060,"USGS NWIS IV 02246500 00060 (raw signed total discharge, not de-tided; negative = flood-tide reversal)"
2024-10-08 02:30:00+00:00,102000.0,A,False,ft3/s,2888.3183523840003,False,False,True,02246500,00060,"USGS NWIS IV 02246500 00060 (raw signed total discharge, not de-tided; negative = flood-tide reversal)"
2024-10-08 02:45:00+00:00,86800.0,A,False,ft3/s,2457.9022841856,False,False,True,02246500,00060,"USGS NWIS IV 02246500 00060 (raw signed total discharge, not de-tided; negative = flood-tide reversal)"
2024-10-08 03:00:00+00:00,74500.0,A,False,ft3/s,2109.605071104,False,False,True,02246500,00060,"USGS NWIS IV 02246500 00060 (raw signed total discharge, not de-tided; negative = flood-tide reversal)"
2024-10-08 03:15:00+00:00,66000.0,A,False,ft3/s,1868.9118750720002,False,False,True,02246500,00060,"USGS NWIS IV 02246500 00060 (raw signed total discharge, not de-tided; negative = flood-tide reversal)"
2024-10-08 03:30:00+00:00,49300.0,A,False,ft3/s,1396.0205369856,False,False,True,02246500,00060,"USGS NWIS IV 02246500 00060 (raw signed total discharge, not de-tided; negative = flood-tide reversal)"
2024-10-08 03:45:00+00:00,34400.0,A,False,ft3/s,974.0995227648,False,False,True,02246500,00060,"USGS NWIS IV 02246500 00060 (raw signed total discharge, not de-tided; negative = flood-tide reversal)"
2024-10-08 04:00:00+00:00,10800.0,A,False,ft3/s,305.8219431936,False,False,True,02246500,00060,"USGS NWIS IV 02246500 00060 (raw signed total discharge, not de-tided; negative = flood-tide reversal)"
2024-10-08 04:15:00+00:00,-6680.0,A,False,ft3/s,-189.15653523456,False,False,True,02246500,00060,"USGS NWIS IV 02246500 00060 (raw signed total discharge, not de-tided; negative = flood-tide reversal)"
2024-10-08 04:30:00+00:00,-17400.0,A,False,ft3/s,-492.71313070080004,False,False,True,02246500,00060,"USGS NWIS IV 02246500 00060 (raw signed total discharge, not de-tided; negative = flood-tide reversal)"
2024-10-08 04:45:00+00:00,-35900.0,A,False,ft3/s,-1016.5747926528,False,False,True,02246500,00060,"USGS NWIS IV 02246500 00060 (raw signed total discharge, not de-tided; negative = flood-tide reversal)"
2024-10-08 05:00:00+00:00,-53800.0,A,False,ft3/s,-1523.4463466496,False,False,True,02246500,00060,"USGS NWIS IV 02246500 00060 (raw signed total discharge, not de-tided; negative = flood-tide reversal)"
2024-10-08 05:15:00+00:00,-68400.0,A,False,ft3/s,-1936.8723068928,False,False,True,02246500,00060,"USGS NWIS IV 02246500 00060 (raw signed total discharge, not de-tided; negative = flood-tide reversal)"
2024-10-08 05:30:00+00:00,-90200.0,A,False,ft3/s,-2554.1795625984,False,False,True,02246500,00060,"USGS NWIS IV 02246500 00060 (raw signed total discharge, not de-tided; negative = flood-tide reversal)"
2024-10-08 05:45:00+00:00,-95200.0,A,False,ft3/s,-2695.7637955584,False,False,True,02246500,00060,"USGS NWIS IV 02246500 00060 (raw signed total discharge, not de-tided; negative = flood-tide reversal)"
2024-10-08 06:00:00+00:00,-106000.0,A,False,ft3/s,-3001.585738752,False,False,True,02246500,00060,"USGS NWIS IV 02246500 00060 (raw signed total discharge, not de-tided; negative = flood-tide reversal)"
2024-10-08 06:15:00+00:00,-97900.0,A,False,ft3/s,-2772.2192813568,False,False,True,02246500,00060,"USGS NWIS IV 02246500 00060 (raw signed total discharge, not de-tided; negative = flood-tide reversal)"
2024-10-08 06:30:00+00:00,-111000.0,A,False,ft3/s,-3143.169971712,False,False,True,02246500,00060,"USGS NWIS IV 02246500 00060 (raw signed total discharge, not de-tided; negative = flood-tide reversal)"
2024-10-08 06:45:00+00:00,-110000.0,A,False,ft3/s,-3114.85312512,False,False,True,02246500,00060,"USGS NWIS IV 02246500 00060 (raw signed total discharge, not de-tided; negative = flood-tide reversal)"
2024-10-08 07:00:00+00:00,-113000.0,A,False,ft3/s,-3199.803664896,False,False,True,02246500,00060,"USGS NWIS IV 02246500 00060 (raw signed total discharge, not de-tided; negative = flood-tide reversal)"
2024-10-08 07:15:00+00:00,-88700.0,A,False,ft3/s,-2511.7042927104003,False,False,True,02246500,00060,"USGS NWIS IV 02246500 00060 (raw signed total discharge, not de-tided; negative = flood-tide reversal)"
2024-10-08 07:30:00+00:00,-87200.0,A,False,ft3/s,-2469.2290228224,False,False,True,02246500,00060,"USGS NWIS IV 02246500 00060 (raw signed total discharge, not de-tided; negative = flood-tide reversal)"
2024-10-08 07:45:00+00:00,-78800.0,A,False,ft3/s,-2231.3675114496,False,False,True,02246500,00060,"USGS NWIS IV 02246500 00060 (raw signed total discharge, not de-tided; negative = flood-tide reversal)"
2024-10-08 08:00:00+00:00,-54000.0,A,False,ft3/s,-1529.109715968,False,False,True,02246500,00060,"USGS NWIS IV 02246500 00060 (raw signed total discharge, not de-tided; negative = flood-tide reversal)"
2024-10-08 08:15:00+00:00,-40900.0,A,False,ft3/s,-1158.1590256128,False,False,True,02246500,00060,"USGS NWIS IV 02246500 00060 (raw signed total discharge, not de-tided; negative = flood-tide reversal)"
2024-10-08 08:30:00+00:00,-18200.0,A,False,ft3/s,-515.3666079744,False,False,True,02246500,00060,"USGS NWIS IV 02246500 00060 (raw signed total discharge, not de-tided; negative = flood-tide reversal)"
2024-10-08 08:45:00+00:00,15000.0,A,False,ft3/s,424.75269888,False,False,True,02246500,00060,"USGS NWIS IV 02246500 00060 (raw signed total discharge, not de-tided; negative = flood-tide reversal)"
2024-10-08 09:00:00+00:00,34600.0,A,False,ft3/s,979.7628920832,False,False,True,02246500,00060,"USGS NWIS IV 02246500 00060 (raw signed total discharge, not de-tided; negative = flood-tide reversal)"
2024-10-08 09:15:00+00:00,65500.0,A,False,ft3/s,1854.753451776,False,False,True,02246500,00060,"USGS NWIS IV 02246500 00060 (raw signed total discharge, not de-tided; negative = flood-tide reversal)"
2024-10-08 09:30:00+00:00,79200.0,A,False,ft3/s,2242.6942500864,False,False,True,02246500,00060,"USGS NWIS IV 02246500 00060 (raw signed total discharge, not de-tided; negative = flood-tide reversal)"
2024-10-08 09:45:00+00:00,79500.0,A,False,ft3/s,2251.189304064,False,False,True,02246500,00060,"USGS NWIS IV 02246500 00060 (raw signed total discharge, not de-tided; negative = flood-tide reversal)"
2024-10-08 10:00:00+00:00,105000.0,A,False,ft3/s,2973.26889216,False,False,True,02246500,00060,"USGS NWIS IV 02246500 00060 (raw signed total discharge, not de-tided; negative = flood-tide reversal)"
2024-10-08 10:15:00+00:00,119000.0,A,False,ft3/s,3369.704744448,False,False,True,02246500,00060,"USGS NWIS IV 02246500 00060 (raw signed total discharge, not de-tided; negative = flood-tide reversal)"
2024-10-08 10:30:00+00:00,118000.0,A,False,ft3/s,3341.387897856,False,False,True,02246500,00060,"USGS NWIS IV 02246500 00060 (raw signed total discharge, not de-tided; negative = flood-tide reversal)"
2024-10-08 10:45:00+00:00,139000.0,A,False,ft3/s,3936.041676288,False,False,True,02246500,00060,"USGS NWIS IV 02246500 00060 (raw signed total discharge, not de-tided; negative = flood-tide reversal)"
2024-10-08 11:00:00+00:00,146000.0,A,False,ft3/s,4134.259602432,False,False,True,02246500,00060,"USGS NWIS IV 02246500 00060 (raw signed total discharge, not de-tided; negative = flood-tide reversal)"
2024-10-08 11:15:00+00:00,148000.0,A,False,ft3/s,4190.893295616,False,False,True,02246500,00060,"USGS NWIS IV 02246500 00060 (raw signed total discharge, not de-tided; negative = flood-tide reversal)"
2024-10-08 11:30:00+00:00,153000.0,A,False,ft3/s,4332.477528576,False,False,True,02246500,00060,"USGS NWIS IV 02246500 00060 (raw signed total discharge, not de-tided; negative = flood-tide reversal)"
2024-10-08 11:45:00+00:00,152000.0,A,False,ft3/s,4304.160681984,False,False,True,02246500,00060,"USGS NWIS IV 02246500 00060 (raw signed total discharge, not de-tided; negative = flood-tide reversal)"
2024-10-08 12:00:00+00:00,142000.0,A,False,ft3/s,4020.9922160640003,False,False,True,02246500,00060,"USGS NWIS IV 02246500 00060 (raw signed total discharge, not de-tided; negative = flood-tide reversal)"
2024-10-08 12:15:00+00:00,146000.0,A,False,ft3/s,4134.259602432,False,False,True,02246500,00060,"USGS NWIS IV 02246500 00060 (raw signed total discharge, not de-tided; negative = flood-tide reversal)"
2024-10-08 12:30:00+00:00,143000.0,A,False,ft3/s,4049.309062656,False,False,True,02246500,00060,"USGS NWIS IV 02246500 00060 (raw signed total discharge, not de-tided; negative = flood-tide reversal)"
2024-10-08 12:45:00+00:00,138000.0,A,False,ft3/s,3907.724829696,False,False,True,02246500,00060,"USGS NWIS IV 02246500 00060 (raw signed total discharge, not de-tided; negative = flood-tide reversal)"
2024-10-08 13:00:00+00:00,139000.0,A,False,ft3/s,3936.041676288,False,False,True,02246500,00060,"USGS NWIS IV 02246500 00060 (raw signed total discharge, not de-tided; negative = flood-tide reversal)"
2024-10-08 13:15:00+00:00,137000.0,A,False,ft3/s,3879.4079831040003,False,False,True,02246500,00060,"USGS NWIS IV 02246500 00060 (raw signed total discharge, not de-tided; negative = flood-tide reversal)"
2024-10-08 13:30:00+00:00,124000.0,A,False,ft3/s,3511.288977408,False,False,True,02246500,00060,"USGS NWIS IV 02246500 00060 (raw signed total discharge, not de-tided; negative = flood-tide reversal)"
2024-10-08 13:45:00+00:00,110000.0,A,False,ft3/s,3114.85312512,False,False,True,02246500,00060,"USGS NWIS IV 02246500 00060 (raw signed total discharge, not de-tided; negative = flood-tide reversal)"
2024-10-08 14:00:00+00:00,99300.0,A,False,ft3/s,2811.8628665856,False,False,True,02246500,00060,"USGS NWIS IV 02246500 00060 (raw signed total discharge, not de-tided; negative = flood-tide reversal)"
2024-10-08 14:15:00+00:00,82900.0,A,False,ft3/s,2347.4665824768,False,False,True,02246500,00060,"USGS NWIS IV 02246500 00060 (raw signed total discharge, not de-tided; negative = flood-tide reversal)"
2024-10-08 14:30:00+00:00,67000.0,A,False,ft3/s,1897.228721664,False,False,True,02246500,00060,"USGS NWIS IV 02246500 00060 (raw signed total discharge, not de-tided; negative = flood-tide reversal)"
2024-10-08 14:45:00+00:00,49900.0,A,False,ft3/s,1413.0106449408001,False,False,True,02246500,00060,"USGS NWIS IV 02246500 00060 (raw signed total discharge, not de-tided; negative = flood-tide reversal)"
2024-10-08 15:00:00+00:00,28400.0,A,False,ft3/s,804.1984432128,False,False,True,02246500,00060,"USGS NWIS IV 02246500 00060 (raw signed total discharge, not de-tided; negative = flood-tide reversal)"
2024-10-08 15:15:00+00:00,-1820.0,A,False,ft3/s,-51.53666079744,False,False,True,02246500,00060,"USGS NWIS IV 02246500 00060 (raw signed total discharge, not de-tided; negative = flood-tide reversal)"
2024-10-08 15:30:00+00:00,-17300.0,A,False,ft3/s,-489.8814460416,False,False,True,02246500,00060,"USGS NWIS IV 02246500 00060 (raw signed total discharge, not de-tided; negative = flood-tide reversal)"
2024-10-08 15:45:00+00:00,-41000.0,A,False,ft3/s,-1160.9907102720001,False,False,True,02246500,00060,"USGS NWIS IV 02246500 00060 (raw signed total discharge, not de-tided; negative = flood-tide reversal)"
2024-10-08 16:00:00+00:00,-67600.0,A,False,ft3/s,-1914.2188296192,False,False,True,02246500,00060,"USGS NWIS IV 02246500 00060 (raw signed total discharge, not de-tided; negative = flood-tide reversal)"
2024-10-08 16:15:00+00:00,-82100.0,A,False,ft3/s,-2324.8131052032,False,False,True,02246500,00060,"USGS NWIS IV 02246500 00060 (raw signed total discharge, not de-tided; negative = flood-tide reversal)"
2024-10-08 16:30:00+00:00,-112000.0,A,False,ft3/s,-3171.4868183040003,False,False,True,02246500,00060,"USGS NWIS IV 02246500 00060 (raw signed total discharge, not de-tided; negative = flood-tide reversal)"
2024-10-08 16:45:00+00:00,-124000.0,A,False,ft3/s,-3511.288977408,False,False,True,02246500,00060,"USGS NWIS IV 02246500 00060 (raw signed total discharge, not de-tided; negative = flood-tide reversal)"
2024-10-08 17:00:00+00:00,-127000.0,A,False,ft3/s,-3596.2395171840003,False,False,True,02246500,00060,"USGS NWIS IV 02246500 00060 (raw signed total discharge, not de-tided; negative = flood-tide reversal)"
2024-10-08 17:15:00+00:00,-153000.0,A,False,ft3/s,-4332.477528576,False,False,True,02246500,00060,"USGS NWIS IV 02246500 00060 (raw signed total discharge, not de-tided; negative = flood-tide reversal)"
2024-10-08 17:30:00+00:00,-175000.0,A,False,ft3/s,-4955.4481536,False,False,True,02246500,00060,"USGS NWIS IV 02246500 00060 (raw signed total discharge, not de-tided; negative = flood-tide reversal)"
2024-10-08 17:45:00+00:00,-174000.0,A,False,ft3/s,-4927.1313070080005,False,False,True,02246500,00060,"USGS NWIS IV 02246500 00060 (raw signed total discharge, not de-tided; negative = flood-tide reversal)"
2024-10-08 18:00:00+00:00,-177000.0,A,False,ft3/s,-5012.081846784,False,False,True,02246500,00060,"USGS NWIS IV 02246500 00060 (raw signed total discharge, not de-tided; negative = flood-tide reversal)"
2024-10-08 18:15:00+00:00,-187000.0,A,False,ft3/s,-5295.250312704,False,False,True,02246500,00060,"USGS NWIS IV 02246500 00060 (raw signed total discharge, not de-tided; negative = flood-tide reversal)"
2024-10-08 18:30:00+00:00,-170000.0,A,False,ft3/s,-4813.86392064,False,False,True,02246500,00060,"USGS NWIS IV 02246500 00060 (raw signed total discharge, not de-tided; negative = flood-tide reversal)"
2024-10-08 18:45:00+00:00,-198000.0,A,False,ft3/s,-5606.735625216,False,False,True,02246500,00060,"USGS NWIS IV 02246500 00060 (raw signed total discharge, not de-tided; negative = flood-tide reversal)"
2024-10-08 19:00:00+00:00,-182000.0,A,False,ft3/s,-5153.666079744,False,False,True,02246500,00060,"USGS NWIS IV 02246500 00060 (raw signed total discharge, not de-tided; negative = flood-tide reversal)"
2024-10-08 19:15:00+00:00,-178000.0,A,False,ft3/s,-5040.398693376,False,False,True,02246500,00060,"USGS NWIS IV 02246500 00060 (raw signed total discharge, not de-tided; negative = flood-tide reversal)"
2024-10-08 19:30:00+00:00,-183000.0,A,False,ft3/s,-5181.982926336,False,False,True,02246500,00060,"USGS NWIS IV 02246500 00060 (raw signed total discharge, not de-tided; negative = flood-tide reversal)"
2024-10-08 19:45:00+00:00,-144000.0,A,False,ft3/s,-4077.625909248,False,False,True,02246500,00060,"USGS NWIS IV 02246500 00060 (raw signed total discharge, not de-tided; negative = flood-tide reversal)"
2024-10-08 20:00:00+00:00,-152000.0,A,False,ft3/s,-4304.160681984,False,False,True,02246500,00060,"USGS NWIS IV 02246500 00060 (raw signed total discharge, not de-tided; negative = flood-tide reversal)"
2024-10-08 20:15:00+00:00,-152000.0,A,False,ft3/s,-4304.160681984,False,False,True,02246500,00060,"USGS NWIS IV 02246500 00060 (raw signed total discharge, not de-tided; negative = flood-tide reversal)"
2024-10-08 20:30:00+00:00,-130000.0,A,False,ft3/s,-3681.19005696,False,False,True,02246500,00060,"USGS NWIS IV 02246500 00060 (raw signed total discharge, not de-tided; negative = flood-tide reversal)"
2024-10-08 20:45:00+00:00,-113000.0,A,False,ft3/s,-3199.803664896,False,False,True,02246500,00060,"USGS NWIS IV 02246500 00060 (raw signed total discharge, not de-tided; negative = flood-tide reversal)"
2024-10-08 21:00:00+00:00,-110000.0,A,False,ft3/s,-3114.85312512,False,False,True,02246500,00060,"USGS NWIS IV 02246500 00060 (raw signed total discharge, not de-tided; negative = flood-tide reversal)"
2024-10-08 21:15:00+00:00,-90500.0,A,False,ft3/s,-2562.674616576,False,False,True,02246500,00060,"USGS NWIS IV 02246500 00060 (raw signed total discharge, not de-tided; negative = flood-tide reversal)"
2024-10-08 21:30:00+00:00,-60700.0,A,False,ft3/s,-1718.8325881344,False,False,True,02246500,00060,"USGS NWIS IV 02246500 00060 (raw signed total discharge, not de-tided; negative = flood-tide reversal)"
2024-10-08 21:45:00+00:00,-37600.0,A,False,ft3/s,-1064.7134318592,False,False,True,02246500,00060,"USGS NWIS IV 02246500 00060 (raw signed total discharge, not de-tided; negative = flood-tide reversal)"
2024-10-08 22:00:00+00:00,-25400.0,A,False,ft3/s,-719.2479034368,False,False,True,02246500,00060,"USGS NWIS IV 02246500 00060 (raw signed total discharge, not de-tided; negative = flood-tide reversal)"
2024-10-08 22:15:00+00:00,-11900.0,A,False,ft3/s,-336.9704744448,False,False,True,02246500,00060,"USGS NWIS IV 02246500 00060 (raw signed total discharge, not de-tided; negative = flood-tide reversal)"
2024-10-08 22:30:00+00:00,11600.0,A,False,ft3/s,328.4754204672,False,False,True,02246500,00060,"USGS NWIS IV 02246500 00060 (raw signed total discharge, not de-tided; negative = flood-tide reversal)"
2024-10-08 22:45:00+00:00,34100.0,A,False,ft3/s,965.6044687872001,False,False,True,02246500,00060,"USGS NWIS IV 02246500 00060 (raw signed total discharge, not de-tided; negative = flood-tide reversal)"
2024-10-08 23:00:00+00:00,58400.0,A,False,ft3/s,1653.7038409728,False,False,True,02246500,00060,"USGS NWIS IV 02246500 00060 (raw signed total discharge, not de-tided; negative = flood-tide reversal)"
2024-10-08 23:15:00+00:00,66900.0,A,False,ft3/s,1894.3970370048,False,False,True,02246500,00060,"USGS NWIS IV 02246500 00060 (raw signed total discharge, not de-tided; negative = flood-tide reversal)"
2024-10-08 23:30:00+00:00,85400.0,A,False,ft3/s,2418.2586989568,False,False,True,02246500,00060,"USGS NWIS IV 02246500 00060 (raw signed total discharge, not de-tided; negative = flood-tide reversal)"
2024-10-08 23:45:00+00:00,108000.0,A,False,ft3/s,3058.219431936,False,False,True,02246500,00060,"USGS NWIS IV 02246500 00060 (raw signed total discharge, not de-tided; negative = flood-tide reversal)"
2024-10-09 00:00:00+00:00,110000.0,A,False,ft3/s,3114.85312512,False,False,True,02246500,00060,"USGS NWIS IV 02246500 00060 (raw signed total discharge, not de-tided; negative = flood-tide reversal)"
2024-10-09 00:15:00+00:00,125000.0,A,False,ft3/s,3539.605824,False,False,True,02246500,00060,"USGS NWIS IV 02246500 00060 (raw signed total discharge, not de-tided; negative = flood-tide reversal)"
2024-10-09 00:30:00+00:00,122000.0,A,False,ft3/s,3454.6552842240003,False,False,True,02246500,00060,"USGS NWIS IV 02246500 00060 (raw signed total discharge, not de-tided; negative = flood-tide reversal)"
2024-10-09 00:45:00+00:00,129000.0,A,False,ft3/s,3652.873210368,False,False,True,02246500,00060,"USGS NWIS IV 02246500 00060 (raw signed total discharge, not de-tided; negative = flood-tide reversal)"
2024-10-09 01:00:00+00:00,130000.0,A,False,ft3/s,3681.19005696,False,False,True,02246500,00060,"USGS NWIS IV 02246500 00060 (raw signed total discharge, not de-tided; negative = flood-tide reversal)"
2024-10-09 01:15:00+00:00,132000.0,A,False,ft3/s,3737.8237501440003,False,False,True,02246500,00060,"USGS NWIS IV 02246500 00060 (raw signed total discharge, not de-tided; negative = flood-tide reversal)"
2024-10-09 01:30:00+00:00,133000.0,A,False,ft3/s,3766.140596736,False,False,True,02246500,00060,"USGS NWIS IV 02246500 00060 (raw signed total discharge, not de-tided; negative = flood-tide reversal)"
2024-10-09 01:45:00+00:00,135000.0,A,False,ft3/s,3822.7742899200002,False,False,True,02246500,00060,"USGS NWIS IV 02246500 00060 (raw signed total discharge, not de-tided; negative = flood-tide reversal)"
2024-10-09 02:00:00+00:00,123000.0,A,False,ft3/s,3482.972130816,False,False,True,02246500,00060,"USGS NWIS IV 02246500 00060 (raw signed total discharge, not de-tided; negative = flood-tide reversal)"
2024-10-09 02:15:00+00:00,114000.0,A,False,ft3/s,3228.120511488,False,False,True,02246500,00060,"USGS NWIS IV 02246500 00060 (raw signed total discharge, not de-tided; negative = flood-tide reversal)"
2024-10-09 02:30:00+00:00,113000.0,A,False,ft3/s,3199.803664896,False,False,True,02246500,00060,"USGS NWIS IV 02246500 00060 (raw signed total discharge, not de-tided; negative = flood-tide reversal)"
2024-10-09 02:45:00+00:00,91700.0,A,False,ft3/s,2596.6548324864,False,False,True,02246500,00060,"USGS NWIS IV 02246500 00060 (raw signed total discharge, not de-tided; negative = flood-tide reversal)"
2024-10-09 03:00:00+00:00,76500.0,A,False,ft3/s,2166.238764288,False,False,True,02246500,00060,"USGS NWIS IV 02246500 00060 (raw signed total discharge, not de-tided; negative = flood-tide reversal)"
2024-10-09 03:15:00+00:00,70900.0,A,False,ft3/s,2007.6644233728,False,False,True,02246500,00060,"USGS NWIS IV 02246500 00060 (raw signed total discharge, not de-tided; negative = flood-tide reversal)"
2024-10-09 03:30:00+00:00,61400.0,A,False,ft3/s,1738.6543807488001,False,False,True,02246500,00060,"USGS NWIS IV 02246500 00060 (raw signed total discharge, not de-tided; negative = flood-tide reversal)"
2024-10-09 03:45:00+00:00,44600.0,A,False,ft3/s,1262.9313580032,False,False,True,02246500,00060,"USGS NWIS IV 02246500 00060 (raw signed total discharge, not de-tided; negative = flood-tide reversal)"
2024-10-09 04:00:00+00:00,29700.0,A,False,ft3/s,841.0103437824,False,False,True,02246500,00060,"USGS NWIS IV 02246500 00060 (raw signed total discharge, not de-tided; negative = flood-tide reversal)"
2024-10-09 04:15:00+00:00,14200.0,A,False,ft3/s,402.0992216064,False,False,True,02246500,00060,"USGS NWIS IV 02246500 00060 (raw signed total discharge, not de-tided; negative = flood-tide reversal)"
2024-10-09 04:30:00+00:00,-9140.0,A,False,ft3/s,-258.81597785088,False,False,True,02246500,00060,"USGS NWIS IV 02246500 00060 (raw signed total discharge, not de-tided; negative = flood-tide reversal)"
2024-10-09 04:45:00+00:00,-17000.0,A,False,ft3/s,-481.386392064,False,False,True,02246500,00060,"USGS NWIS IV 02246500 00060 (raw signed total discharge, not de-tided; negative = flood-tide reversal)"
2024-10-09 05:00:00+00:00,-31100.0,A,False,ft3/s,-880.6539290112,False,False,True,02246500,00060,"USGS NWIS IV 02246500 00060 (raw signed total discharge, not de-tided; negative = flood-tide reversal)"
2024-10-09 05:15:00+00:00,-54900.0,A,False,ft3/s,-1554.5948779008002,False,False,True,02246500,00060,"USGS NWIS IV 02246500 00060 (raw signed total discharge, not de-tided; negative = flood-tide reversal)"
2024-10-09 05:30:00+00:00,-78700.0,A,False,ft3/s,-2228.5358267904003,False,False,True,02246500,00060,"USGS NWIS IV 02246500 00060 (raw signed total discharge, not de-tided; negative = flood-tide reversal)"
2024-10-09 05:45:00+00:00,-99600.0,A,False,ft3/s,-2820.3579205632,False,False,True,02246500,00060,"USGS NWIS IV 02246500 00060 (raw signed total discharge, not de-tided; negative = flood-tide reversal)"
2024-10-09 06:00:00+00:00,-122000.0,A,False,ft3/s,-3454.6552842240003,False,False,True,02246500,00060,"USGS NWIS IV 02246500 00060 (raw signed total discharge, not de-tided; negative = flood-tide reversal)"
2024-10-09 06:15:00+00:00,-122000.0,A,False,ft3/s,-3454.6552842240003,False,False,True,02246500,00060,"USGS NWIS IV 02246500 00060 (raw signed total discharge, not de-tided; negative = flood-tide reversal)"
2024-10-09 06:30:00+00:00,-140000.0,A,False,ft3/s,-3964.3585228800002,False,False,True,02246500,00060,"USGS NWIS IV 02246500 00060 (raw signed total discharge, not de-tided; negative = flood-tide reversal)"
2024-10-09 06:45:00+00:00,-150000.0,A,False,ft3/s,-4247.5269888,False,False,True,02246500,00060,"USGS NWIS IV 02246500 00060 (raw signed total discharge, not de-tided; negative = flood-tide reversal)"
2024-10-09 07:00:00+00:00,-141000.0,A,False,ft3/s,-3992.675369472,False,False,True,02246500,00060,"USGS NWIS IV 02246500 00060 (raw signed total discharge, not de-tided; negative = flood-tide reversal)"
2024-10-09 07:15:00+00:00,-146000.0,A,False,ft3/s,-4134.259602432,False,False,True,02246500,00060,"USGS NWIS IV 02246500 00060 (raw signed total discharge, not de-tided; negative = flood-tide reversal)"
2024-10-09 07:30:00+00:00,-149000.0,A,False,ft3/s,-4219.210142208,False,False,True,02246500,00060,"USGS NWIS IV 02246500 00060 (raw signed total discharge, not de-tided; negative = flood-tide reversal)"
2024-10-09 07:45:00+00:00,-148000.0,A,False,ft3/s,-4190.893295616,False,False,True,02246500,00060,"USGS NWIS IV 02246500 00060 (raw signed total discharge, not de-tided; negative = flood-tide reversal)"
2024-10-09 08:00:00+00:00,-141000.0,A,False,ft3/s,-3992.675369472,False,False,True,02246500,00060,"USGS NWIS IV 02246500 00060 (raw signed total discharge, not de-tided; negative = flood-tide reversal)"
2024-10-09 08:15:00+00:00,-133000.0,A,False,ft3/s,-3766.140596736,False,False,True,02246500,00060,"USGS NWIS IV 02246500 00060 (raw signed total discharge, not de-tided; negative = flood-tide reversal)"
2024-10-09 08:30:00+00:00,-118000.0,A,False,ft3/s,-3341.387897856,False,False,True,02246500,00060,"USGS NWIS IV 02246500 00060 (raw signed total discharge, not de-tided; negative = flood-tide reversal)"
2024-10-09 08:45:00+00:00,-117000.0,A,False,ft3/s,-3313.0710512640003,False,False,True,02246500,00060,"USGS NWIS IV 02246500 00060 (raw signed total discharge, not de-tided; negative = flood-tide reversal)"
2024-10-09 09:00:00+00:00,-92800.0,A,False,ft3/s,-2627.8033637376,False,False,True,02246500,00060,"USGS NWIS IV 02246500 00060 (raw signed total discharge, not de-tided; negative = flood-tide reversal)"
2024-10-09 09:15:00+00:00,-66400.0,A,False,ft3/s,-1880.2386137088001,False,False,True,02246500,00060,"USGS NWIS IV 02246500 00060 (raw signed total discharge, not de-tided; negative = flood-tide reversal)"
2024-10-09 09:30:00+00:00,-53200.0,A,False,ft3/s,-1506.4562386944,False,False,True,02246500,00060,"USGS NWIS IV 02246500 00060 (raw signed total discharge, not de-tided; negative = flood-tide reversal)"
2024-10-09 09:45:00+00:00,-29000.0,A,False,ft3/s,-821.188551168,False,False,True,02246500,00060,"USGS NWIS IV 02246500 00060 (raw signed total discharge, not de-tided; negative = flood-tide reversal)"
2024-10-09 10:00:00+00:00,-16800.0,A,False,ft3/s,-475.7230227456,False,False,True,02246500,00060,"USGS NWIS IV 02246500 00060 (raw signed total discharge, not de-tided; negative = flood-tide reversal)"
2024-10-09 10:15:00+00:00,14600.0,A,False,ft3/s,413.4259602432,False,False,True,02246500,00060,"USGS NWIS IV 02246500 00060 (raw signed total discharge, not de-tided; negative = flood-tide reversal)"
2024-10-09 10:30:00+00:00,31900.0,A,False,ft3/s,903.3074062848,False,False,True,02246500,00060,"USGS NWIS IV 02246500 00060 (raw signed total discharge, not de-tided; negative = flood-tide reversal)"
2024-10-09 10:45:00+00:00,54400.0,A,False,ft3/s,1540.4364546048,False,False,True,02246500,00060,"USGS NWIS IV 02246500 00060 (raw signed total discharge, not de-tided; negative = flood-tide reversal)"
2024-10-09 11:00:00+00:00,66300.0,A,False,ft3/s,1877.4069290496,False,False,True,02246500,00060,"USGS NWIS IV 02246500 00060 (raw signed total discharge, not de-tided; negative = flood-tide reversal)"
2024-10-09 11:15:00+00:00,53800.0,A,False,ft3/s,1523.4463466496,False,False,True,02246500,00060,"USGS NWIS IV 02246500 00060 (raw signed total discharge, not de-tided; negative = flood-tide reversal)"
2024-10-09 11:30:00+00:00,72400.0,A,False,ft3/s,2050.1396932608,False,False,True,02246500,00060,"USGS NWIS IV 02246500 00060 (raw signed total discharge, not de-tided; negative = flood-tide reversal)"
2024-10-09 11:45:00+00:00,98100.0,A,False,ft3/s,2777.8826506752002,False,False,True,02246500,00060,"USGS NWIS IV 02246500 00060 (raw signed total discharge, not de-tided; negative = flood-tide reversal)"
2024-10-09 12:00:00+00:00,111000.0,A,False,ft3/s,3143.169971712,False,False,True,02246500,00060,"USGS NWIS IV 02246500 00060 (raw signed total discharge, not de-tided; negative = flood-tide reversal)"
2024-10-09 12:15:00+00:00,108000.0,A,False,ft3/s,3058.219431936,False,False,True,02246500,00060,"USGS NWIS IV 02246500 00060 (raw signed total discharge, not de-tided; negative = flood-tide reversal)"
2024-10-09 12:30:00+00:00,124000.0,A,False,ft3/s,3511.288977408,False,False,True,02246500,00060,"USGS NWIS IV 02246500 00060 (raw signed total discharge, not de-tided; negative = flood-tide reversal)"
2024-10-09 12:45:00+00:00,133000.0,A,False,ft3/s,3766.140596736,False,False,True,02246500,00060,"USGS NWIS IV 02246500 00060 (raw signed total discharge, not de-tided; negative = flood-tide reversal)"
2024-10-09 13:00:00+00:00,129000.0,A,False,ft3/s,3652.873210368,False,False,True,02246500,00060,"USGS NWIS IV 02246500 00060 (raw signed total discharge, not de-tided; negative = flood-tide reversal)"
2024-10-09 13:15:00+00:00,134000.0,A,False,ft3/s,3794.457443328,False,False,True,02246500,00060,"USGS NWIS IV 02246500 00060 (raw signed total discharge, not de-tided; negative = flood-tide reversal)"
2024-10-09 13:30:00+00:00,132000.0,A,False,ft3/s,3737.8237501440003,False,False,True,02246500,00060,"USGS NWIS IV 02246500 00060 (raw signed total discharge, not de-tided; negative = flood-tide reversal)"
2024-10-09 13:45:00+00:00,125000.0,A,False,ft3/s,3539.605824,False,False,True,02246500,00060,"USGS NWIS IV 02246500 00060 (raw signed total discharge, not de-tided; negative = flood-tide reversal)"
2024-10-09 14:00:00+00:00,130000.0,A,False,ft3/s,3681.19005696,False,False,True,02246500,00060,"USGS NWIS IV 02246500 00060 (raw signed total discharge, not de-tided; negative = flood-tide reversal)"
2024-10-09 14:15:00+00:00,121000.0,A,False,ft3/s,3426.338437632,False,False,True,02246500,00060,"USGS NWIS IV 02246500 00060 (raw signed total discharge, not de-tided; negative = flood-tide reversal)"
2024-10-09 14:30:00+00:00,108000.0,A,False,ft3/s,3058.219431936,False,False,True,02246500,00060,"USGS NWIS IV 02246500 00060 (raw signed total discharge, not de-tided; negative = flood-tide reversal)"
2024-10-09 14:45:00+00:00,90200.0,A,False,ft3/s,2554.1795625984,False,False,True,02246500,00060,"USGS NWIS IV 02246500 00060 (raw signed total discharge, not de-tided; negative = flood-tide reversal)"
2024-10-09 15:00:00+00:00,79800.0,A,False,ft3/s,2259.6843580416003,False,False,True,02246500,00060,"USGS NWIS IV 02246500 00060 (raw signed total discharge, not de-tided; negative = flood-tide reversal)"
2024-10-09 15:15:00+00:00,70400.0,A,False,ft3/s,1993.5060000768,False,False,True,02246500,00060,"USGS NWIS IV 02246500 00060 (raw signed total discharge, not de-tided; negative = flood-tide reversal)"
2024-10-09 15:30:00+00:00,44800.0,A,False,ft3/s,1268.5947273216,False,False,True,02246500,00060,"USGS NWIS IV 02246500 00060 (raw signed total discharge, not de-tided; negative = flood-tide reversal)"
2024-10-09 15:45:00+00:00,43000.0,A,False,ft3/s,1217.624403456,False,False,True,02246500,00060,"USGS NWIS IV 02246500 00060 (raw signed total discharge, not de-tided; negative = flood-tide reversal)"
2024-10-09 16:00:00+00:00,15700.0,A,False,ft3/s,444.57449149440004,False,False,True,02246500,00060,"USGS NWIS IV 02246500 00060 (raw signed total discharge, not de-tided; negative = flood-tide reversal)"
2024-10-09 16:15:00+00:00,-7240.0,A,False,ft3/s,-205.01396932608,False,False,True,02246500,00060,"USGS NWIS IV 02246500 00060 (raw signed total discharge, not de-tided; negative = flood-tide reversal)"
2024-10-09 16:30:00+00:00,-8230.0,A,False,ft3/s,-233.04764745216,False,False,True,02246500,00060,"USGS NWIS IV 02246500 00060 (raw signed total discharge, not de-tided; negative = flood-tide reversal)"
2024-10-09 16:45:00+00:00,-29400.0,A,False,ft3/s,-832.5152898048,False,False,True,02246500,00060,"USGS NWIS IV 02246500 00060 (raw signed total discharge, not de-tided; negative = flood-tide reversal)"
2024-10-09 17:00:00+00:00,-53500.0,A,False,ft3/s,-1514.9512926720001,False,False,True,02246500,00060,"USGS NWIS IV 02246500 00060 (raw signed total discharge, not de-tided; negative = flood-tide reversal)"
2024-10-09 17:15:00+00:00,-77500.0,A,False,ft3/s,-2194.55561088,False,False,True,02246500,00060,"USGS NWIS IV 02246500 00060 (raw signed total discharge, not de-tided; negative = flood-tide reversal)"
2024-10-09 17:30:00+00:00,-112000.0,A,False,ft3/s,-3171.4868183040003,False,False,True,02246500,00060,"USGS NWIS IV 02246500 00060 (raw signed total discharge, not de-tided; negative = flood-tide reversal)"
2024-10-09 17:45:00+00:00,-125000.0,A,False,ft3/s,-3539.605824,False,False,True,02246500,00060,"USGS NWIS IV 02246500 00060 (raw signed total discharge, not de-tided; negative = flood-tide reversal)"
2024-10-09 18:00:00+00:00,-135000.0,A,False,ft3/s,-3822.7742899200002,False,False,True,02246500,00060,"USGS NWIS IV 02246500 00060 (raw signed total discharge, not de-tided; negative = flood-tide reversal)"
2024-10-09 18:15:00+00:00,-147000.0,A,False,ft3/s,-4162.576449024,False,False,True,02246500,00060,"USGS NWIS IV 02246500 00060 (raw signed total discharge, not de-tided; negative = flood-tide reversal)"
2024-10-09 18:30:00+00:00,-169000.0,A,False,ft3/s,-4785.5470740480005,False,False,True,02246500,00060,"USGS NWIS IV 02246500 00060 (raw signed total discharge, not de-tided; negative = flood-tide reversal)"
2024-10-09 18:45:00+00:00,-176000.0,A,False,ft3/s,-4983.765000192,False,False,True,02246500,00060,"USGS NWIS IV 02246500 00060 (raw signed total discharge, not de-tided; negative = flood-tide reversal)"
2024-10-09 19:00:00+00:00,-172000.0,A,False,ft3/s,-4870.497613824,False,False,True,02246500,00060,"USGS NWIS IV 02246500 00060 (raw signed total discharge, not de-tided; negative = flood-tide reversal)"
2024-10-09 19:15:00+00:00,-200000.0,A,False,ft3/s,-5663.3693184,False,False,True,02246500,00060,"USGS NWIS IV 02246500 00060 (raw signed total discharge, not de-tided; negative = flood-tide reversal)"
2024-10-09 19:30:00+00:00,-191000.0,A,False,ft3/s,-5408.517699072,False,False,True,02246500,00060,"USGS NWIS IV 02246500 00060 (raw signed total discharge, not de-tided; negative = flood-tide reversal)"
2024-10-09 19:45:00+00:00,-177000.0,A,False,ft3/s,-5012.081846784,False,False,True,02246500,00060,"USGS NWIS IV 02246500 00060 (raw signed total discharge, not de-tided; negative = flood-tide reversal)"
2024-10-09 20:00:00+00:00,-175000.0,A,False,ft3/s,-4955.4481536,False,False,True,02246500,00060,"USGS NWIS IV 02246500 00060 (raw signed total discharge, not de-tided; negative = flood-tide reversal)"
2024-10-09 20:15:00+00:00,-178000.0,A,False,ft3/s,-5040.398693376,False,False,True,02246500,00060,"USGS NWIS IV 02246500 00060 (raw signed total discharge, not de-tided; negative = flood-tide reversal)"
2024-10-09 20:30:00+00:00,-164000.0,A,False,ft3/s,-4643.9628410880005,False,False,True,02246500,00060,"USGS NWIS IV 02246500 00060 (raw signed total discharge, not de-tided; negative = flood-tide reversal)"
2024-10-09 20:45:00+00:00,-176000.0,A,False,ft3/s,-4983.765000192,False,False,True,02246500,00060,"USGS NWIS IV 02246500 00060 (raw signed total discharge, not de-tided; negative = flood-tide reversal)"
2024-10-09 21:00:00+00:00,-158000.0,A,False,ft3/s,-4474.061761536,False,False,True,02246500,00060,"USGS NWIS IV 02246500 00060 (raw signed total discharge, not de-tided; negative = flood-tide reversal)"
2024-10-09 21:15:00+00:00,-169000.0,A,False,ft3/s,-4785.5470740480005,False,False,True,02246500,00060,"USGS NWIS IV 02246500 00060 (raw signed total discharge, not de-tided; negative = flood-tide reversal)"
2024-10-09 21:30:00+00:00,-150000.0,A,False,ft3/s,-4247.5269888,False,False,True,02246500,00060,"USGS NWIS IV 02246500 00060 (raw signed total discharge, not de-tided; negative = flood-tide reversal)"
2024-10-09 21:45:00+00:00,-130000.0,A,False,ft3/s,-3681.19005696,False,False,True,02246500,00060,"USGS NWIS IV 02246500 00060 (raw signed total discharge, not de-tided; negative = flood-tide reversal)"
2024-10-09 22:00:00+00:00,-112000.0,A,False,ft3/s,-3171.4868183040003,False,False,True,02246500,00060,"USGS NWIS IV 02246500 00060 (raw signed total discharge, not de-tided; negative = flood-tide reversal)"
2024-10-09 22:15:00+00:00,-75300.0,A,False,ft3/s,-2132.2585483776,False,False,True,02246500,00060,"USGS NWIS IV 02246500 00060 (raw signed total discharge, not de-tided; negative = flood-tide reversal)"
2024-10-09 22:30:00+00:00,-72000.0,A,False,ft3/s,-2038.812954624,False,False,True,02246500,00060,"USGS NWIS IV 02246500 00060 (raw signed total discharge, not de-tided; negative = flood-tide reversal)"
2024-10-09 22:45:00+00:00,-57800.0,A,False,ft3/s,-1636.7137330176001,False,False,True,02246500,00060,"USGS NWIS IV 02246500 00060 (raw signed total discharge, not de-tided; negative = flood-tide reversal)"
2024-10-09 23:00:00+00:00,-32200.0,A,False,ft3/s,-911.8024602624,False,False,True,02246500,00060,"USGS NWIS IV 02246500 00060 (raw signed total discharge, not de-tided; negative = flood-tide reversal)"
2024-10-09 23:15:00+00:00,-6730.0,A,False,ft3/s,-190.57237756416,False,False,True,02246500,00060,"USGS NWIS IV 02246500 00060 (raw signed total discharge, not de-tided; negative = flood-tide reversal)"
2024-10-09 23:30:00+00:00,19600.0,A,False,ft3/s,555.0101932032001,False,False,True,02246500,00060,"USGS NWIS IV 02246500 00060 (raw signed total discharge, not de-tided; negative = flood-tide reversal)"
2024-10-09 23:45:00+00:00,36000.0,A,False,ft3/s,1019.406477312,False,False,True,02246500,00060,"USGS NWIS IV 02246500 00060 (raw signed total discharge, not de-tided; negative = flood-tide reversal)"
2024-10-10 00:00:00+00:00,56800.0,A,False,ft3/s,1608.3968864256,False,False,True,02246500,00060,"USGS NWIS IV 02246500 00060 (raw signed total discharge, not de-tided; negative = flood-tide reversal)"
2024-10-10 00:15:00+00:00,59100.0,A,False,ft3/s,1673.5256335872,False,False,True,02246500,00060,"USGS NWIS IV 02246500 00060 (raw signed total discharge, not de-tided; negative = flood-tide reversal)"
2024-10-10 00:30:00+00:00,62900.0,A,False,ft3/s,1781.1296506368,False,False,True,02246500,00060,"USGS NWIS IV 02246500 00060 (raw signed total discharge, not de-tided; negative = flood-tide reversal)"
2024-10-10 00:45:00+00:00,75000.0,A,False,ft3/s,2123.7634944,False,False,True,02246500,00060,"USGS NWIS IV 02246500 00060 (raw signed total discharge, not de-tided; negative = flood-tide reversal)"
2024-10-10 01:00:00+00:00,100000.0,A,False,ft3/s,2831.6846592,False,False,True,02246500,00060,"USGS NWIS IV 02246500 00060 (raw signed total discharge, not de-tided; negative = flood-tide reversal)"
2024-10-10 01:15:00+00:00,109000.0,A,False,ft3/s,3086.536278528,False,False,True,02246500,00060,"USGS NWIS IV 02246500 00060 (raw signed total discharge, not de-tided; negative = flood-tide reversal)"
2024-10-10 01:30:00+00:00,121000.0,A,False,ft3/s,3426.338437632,False,False,True,02246500,00060,"USGS NWIS IV 02246500 00060 (raw signed total discharge, not de-tided; negative = flood-tide reversal)"
2024-10-10 01:45:00+00:00,119000.0,A,False,ft3/s,3369.704744448,False,False,True,02246500,00060,"USGS NWIS IV 02246500 00060 (raw signed total discharge, not de-tided; negative = flood-tide reversal)"
2024-10-10 02:00:00+00:00,121000.0,A,False,ft3/s,3426.338437632,False,False,True,02246500,00060,"USGS NWIS IV 02246500 00060 (raw signed total discharge, not de-tided; negative = flood-tide reversal)"
2024-10-10 02:15:00+00:00,120000.0,A,False,ft3/s,3398.02159104,False,False,True,02246500,00060,"USGS NWIS IV 02246500 00060 (raw signed total discharge, not de-tided; negative = flood-tide reversal)"
2024-10-10 02:30:00+00:00,115000.0,A,False,ft3/s,3256.43735808,False,False,True,02246500,00060,"USGS NWIS IV 02246500 00060 (raw signed total discharge, not de-tided; negative = flood-tide reversal)"
2024-10-10 02:45:00+00:00,104000.0,A,False,ft3/s,2944.952045568,False,False,True,02246500,00060,"USGS NWIS IV 02246500 00060 (raw signed total discharge, not de-tided; negative = flood-tide reversal)"
2024-10-10 03:00:00+00:00,103000.0,A,False,ft3/s,2916.635198976,False,False,True,02246500,00060,"USGS NWIS IV 02246500 00060 (raw signed total discharge, not de-tided; negative = flood-tide reversal)"
2024-10-10 03:15:00+00:00,84800.0,A,False,ft3/s,2401.2685910016003,False,False,True,02246500,00060,"USGS NWIS IV 02246500 00060 (raw signed total discharge, not de-tided; negative = flood-tide reversal)"
2024-10-10 03:30:00+00:00,61300.0,A,False,ft3/s,1735.8226960896,False,False,True,02246500,00060,"USGS NWIS IV 02246500 00060 (raw signed total discharge, not de-tided; negative = flood-tide reversal)"
2024-10-10 03:45:00+00:00,49700.0,A,False,ft3/s,1407.3472756224,False,False,True,02246500,00060,"USGS NWIS IV 02246500 00060 (raw signed total discharge, not de-tided; negative = flood-tide reversal)"
2024-10-10 04:00:00+00:00,21100.0,A,False,ft3/s,597.4854630912,False,False,True,02246500,00060,"USGS NWIS IV 02246500 00060 (raw signed total discharge, not de-tided; negative = flood-tide reversal)"
2024-10-10 04:15:00+00:00,15200.0,A,False,ft3/s,430.4160681984,False,False,True,02246500,00060,"USGS NWIS IV 02246500 00060 (raw signed total discharge, not de-tided; negative = flood-tide reversal)"
2024-10-10 04:30:00+00:00,-13600.0,A,False,ft3/s,-385.1091136512,False,False,True,02246500,00060,"USGS NWIS IV 02246500 00060 (raw signed total discharge, not de-tided; negative = flood-tide reversal)"
2024-10-10 04:45:00+00:00,-7710.0,A,False,ft3/s,-218.32288722432,False,False,True,02246500,00060,"USGS NWIS IV 02246500 00060 (raw signed total discharge, not de-tided; negative = flood-tide reversal)"
2024-10-10 05:00:00+00:00,-26400.0,A,False,ft3/s,-747.5647500288001,False,False,True,02246500,00060,"USGS NWIS IV 02246500 00060 (raw signed total discharge, not de-tided; negative = flood-tide reversal)"
2024-10-10 05:15:00+00:00,-56700.0,A,False,ft3/s,-1605.5652017664002,False,False,True,02246500,00060,"USGS NWIS IV 02246500 00060 (raw signed total discharge, not de-tided; negative = flood-tide reversal)"
2024-10-10 05:30:00+00:00,-88400.0,A,False,ft3/s,-2503.2092387328003,False,False,True,02246500,00060,"USGS NWIS IV 02246500 00060 (raw signed total discharge, not de-tided; negative = flood-tide reversal)"
2024-10-10 05:45:00+00:00,-128000.0,A,False,ft3/s,-3624.556363776,False,False,True,02246500,00060,"USGS NWIS IV 02246500 00060 (raw signed total discharge, not de-tided; negative = flood-tide reversal)"
2024-10-10 06:00:00+00:00,-145000.0,A,False,ft3/s,-4105.94275584,False,False,True,02246500,00060,"USGS NWIS IV 02246500 00060 (raw signed total discharge, not de-tided; negative = flood-tide reversal)"
2024-10-10 06:15:00+00:00,-171000.0,A,False,ft3/s,-4842.180767232,False,False,True,02246500,00060,"USGS NWIS IV 02246500 00060 (raw signed total discharge, not de-tided; negative = flood-tide reversal)"
2024-10-10 06:30:00+00:00,-186000.0,A,False,ft3/s,-5266.933466112,False,False,True,02246500,00060,"USGS NWIS IV 02246500 00060 (raw signed total discharge, not de-tided; negative = flood-tide reversal)"
2024-10-10 06:45:00+00:00,-185000.0,A,False,ft3/s,-5238.61661952,False,False,True,02246500,00060,"USGS NWIS IV 02246500 00060 (raw signed total discharge, not de-tided; negative = flood-tide reversal)"
2024-10-10 07:00:00+00:00,-191000.0,A,False,ft3/s,-5408.517699072,False,False,True,02246500,00060,"USGS NWIS IV 02246500 00060 (raw signed total discharge, not de-tided; negative = flood-tide reversal)"
2024-10-10 07:15:00+00:00,-193000.0,A,False,ft3/s,-5465.151392256,False,False,True,02246500,00060,"USGS NWIS IV 02246500 00060 (raw signed total discharge, not de-tided; negative = flood-tide reversal)"
2024-10-10 07:30:00+00:00,-213000.0,A,False,ft3/s,-6031.488324096,False,False,True,02246500,00060,"USGS NWIS IV 02246500 00060 (raw signed total discharge, not de-tided; negative = flood-tide reversal)"
2024-10-10 07:45:00+00:00,-191000.0,A,False,ft3/s,-5408.517699072,False,False,True,02246500,00060,"USGS NWIS IV 02246500 00060 (raw signed total discharge, not de-tided; negative = flood-tide reversal)"
2024-10-10 08:00:00+00:00,-199000.0,A,False,ft3/s,-5635.0524718080005,False,False,True,02246500,00060,"USGS NWIS IV 02246500 00060 (raw signed total discharge, not de-tided; negative = flood-tide reversal)"
2024-10-10 08:15:00+00:00,-194000.0,A,False,ft3/s,-5493.4682388480005,False,False,True,02246500,00060,"USGS NWIS IV 02246500 00060 (raw signed total discharge, not de-tided; negative = flood-tide reversal)"
2024-10-10 08:30:00+00:00,-209000.0,A,False,ft3/s,-5918.2209377280005,False,False,True,02246500,00060,"USGS NWIS IV 02246500 00060 (raw signed total discharge, not de-tided; negative = flood-tide reversal)"
2024-10-10 08:45:00+00:00,-188000.0,A,False,ft3/s,-5323.567159296,False,False,True,02246500,00060,"USGS NWIS IV 02246500 00060 (raw signed total discharge, not de-tided; negative = flood-tide reversal)"
2024-10-10 09:00:00+00:00,-153000.0,A,False,ft3/s,-4332.477528576,False,False,True,02246500,00060,"USGS NWIS IV 02246500 00060 (raw signed total discharge, not de-tided; negative = flood-tide reversal)"
2024-10-10 09:15:00+00:00,-171000.0,A,False,ft3/s,-4842.180767232,False,False,True,02246500,00060,"USGS NWIS IV 02246500 00060 (raw signed total discharge, not de-tided; negative = flood-tide reversal)"
2024-10-10 09:30:00+00:00,-163000.0,A,False,ft3/s,-4615.645994496,False,False,True,02246500,00060,"USGS NWIS IV 02246500 00060 (raw signed total discharge, not de-tided; negative = flood-tide reversal)"
2024-10-10 09:45:00+00:00,-156000.0,A,False,ft3/s,-4417.428068352,False,False,True,02246500,00060,"USGS NWIS IV 02246500 00060 (raw signed total discharge, not de-tided; negative = flood-tide reversal)"
2024-10-10 10:00:00+00:00,-154000.0,A,False,ft3/s,-4360.794375168,False,False,True,02246500,00060,"USGS NWIS IV 02246500 00060 (raw signed total discharge, not de-tided; negative = flood-tide reversal)"
2024-10-10 10:15:00+00:00,-129000.0,A,False,ft3/s,-3652.873210368,False,False,True,02246500,00060,"USGS NWIS IV 02246500 00060 (raw signed total discharge, not de-tided; negative = flood-tide reversal)"
2024-10-10 10:30:00+00:00,-126000.0,A,False,ft3/s,-3567.922670592,False,False,True,02246500,00060,"USGS NWIS IV 02246500 00060 (raw signed total discharge, not de-tided; negative = flood-tide reversal)"
2024-10-10 10:45:00+00:00,-127000.0,A,False,ft3/s,-3596.2395171840003,False,False,True,02246500,00060,"USGS NWIS IV 02246500 00060 (raw signed total discharge, not de-tided; negative = flood-tide reversal)"
2024-10-10 11:00:00+00:00,-107000.0,A,False,ft3/s,-3029.9025853440003,False,False,True,02246500,00060,"USGS NWIS IV 02246500 00060 (raw signed total discharge, not de-tided; negative = flood-tide reversal)"
2024-10-10 11:15:00+00:00,-102000.0,A,False,ft3/s,-2888.3183523840003,False,False,True,02246500,00060,"USGS NWIS IV 02246500 00060 (raw signed total discharge, not de-tided; negative = flood-tide reversal)"
2024-10-10 11:30:00+00:00,-94700.0,A,False,ft3/s,-2681.6053722624,False,False,True,02246500,00060,"USGS NWIS IV 02246500 00060 (raw signed total discharge, not de-tided; negative = flood-tide reversal)"
2024-10-10 11:45:00+00:00,-54900.0,A,False,ft3/s,-1554.5948779008002,False,False,True,02246500,00060,"USGS NWIS IV 02246500 00060 (raw signed total discharge, not de-tided; negative = flood-tide reversal)"
2024-10-10 12:00:00+00:00,-57700.0,A,False,ft3/s,-1633.8820483584,False,False,True,02246500,00060,"USGS NWIS IV 02246500 00060 (raw signed total discharge, not de-tided; negative = flood-tide reversal)"
2024-10-10 12:15:00+00:00,-45100.0,A,False,ft3/s,-1277.0897812992,False,False,True,02246500,00060,"USGS NWIS IV 02246500 00060 (raw signed total discharge, not de-tided; negative = flood-tide reversal)"
2024-10-10 12:30:00+00:00,-28400.0,A,False,ft3/s,-804.1984432128,False,False,True,02246500,00060,"USGS NWIS IV 02246500 00060 (raw signed total discharge, not de-tided; negative = flood-tide reversal)"
2024-10-10 12:45:00+00:00,-18100.0,A,False,ft3/s,-512.5349233152,False,False,True,02246500,00060,"USGS NWIS IV 02246500 00060 (raw signed total discharge, not de-tided; negative = flood-tide reversal)"
2024-10-10 13:00:00+00:00,3050.0,A,False,ft3/s,86.3663821056,False,False,True,02246500,00060,"USGS NWIS IV 02246500 00060 (raw signed total discharge, not de-tided; negative = flood-tide reversal)"
2024-10-10 13:15:00+00:00,17300.0,A,False,ft3/s,489.8814460416,False,False,True,02246500,00060,"USGS NWIS IV 02246500 00060 (raw signed total discharge, not de-tided; negative = flood-tide reversal)"
2024-10-10 13:30:00+00:00,28600.0,A,False,ft3/s,809.8618125312,False,False,True,02246500,00060,"USGS NWIS IV 02246500 00060 (raw signed total discharge, not de-tided; negative = flood-tide reversal)"
2024-10-10 13:45:00+00:00,37400.0,A,False,ft3/s,1059.0500625408001,False,False,True,02246500,00060,"USGS NWIS IV 02246500 00060 (raw signed total discharge, not de-tided; negative = flood-tide reversal)"
2024-10-10 14:00:00+00:00,48200.0,A,False,ft3/s,1364.8720057344,False,False,True,02246500,00060,"USGS NWIS IV 02246500 00060 (raw signed total discharge, not de-tided; negative = flood-tide reversal)"
2024-10-10 14:15:00+00:00,48300.0,A,False,ft3/s,1367.7036903936,False,False,True,02246500,00060,"USGS NWIS IV 02246500 00060 (raw signed total discharge, not de-tided; negative = flood-tide reversal)"
2024-10-10 14:30:00+00:00,47800.0,A,False,ft3/s,1353.5452670976001,False,False,True,02246500,00060,"USGS NWIS IV 02246500 00060 (raw signed total discharge, not de-tided; negative = flood-tide reversal)"
2024-10-10 14:45:00+00:00,54700.0,A,False,ft3/s,1548.9315085824,False,False,True,02246500,00060,"USGS NWIS IV 02246500 00060 (raw signed total discharge, not de-tided; negative = flood-tide reversal)"
2024-10-10 15:00:00+00:00,52800.0,A,False,ft3/s,1495.1295000576001,False,False,True,02246500,00060,"USGS NWIS IV 02246500 00060 (raw signed total discharge, not de-tided; negative = flood-tide reversal)"
2024-10-10 15:15:00+00:00,44000.0,A,False,ft3/s,1245.941250048,False,False,True,02246500,00060,"USGS NWIS IV 02246500 00060 (raw signed total discharge, not de-tided; negative = flood-tide reversal)"
2024-10-10 15:30:00+00:00,24300.0,A,False,ft3/s,688.0993721856,False,False,True,02246500,00060,"USGS NWIS IV 02246500 00060 (raw signed total discharge, not de-tided; negative = flood-tide reversal)"
2024-10-10 15:45:00+00:00,15900.0,A,False,ft3/s,450.2378608128,False,False,True,02246500,00060,"USGS NWIS IV 02246500 00060 (raw signed total discharge, not de-tided; negative = flood-tide reversal)"
2024-10-10 16:00:00+00:00,12500.0,A,False,ft3/s,353.9605824,False,False,True,02246500,00060,"USGS NWIS IV 02246500 00060 (raw signed total discharge, not de-tided; negative = flood-tide reversal)"
2024-10-10 16:15:00+00:00,-1880.0,A,False,ft3/s,-53.23567159296,False,False,True,02246500,00060,"USGS NWIS IV 02246500 00060 (raw signed total discharge, not de-tided; negative = flood-tide reversal)"
2024-10-10 16:30:00+00:00,-3370.0,A,False,ft3/s,-95.42777301504,False,False,True,02246500,00060,"USGS NWIS IV 02246500 00060 (raw signed total discharge, not de-tided; negative = flood-tide reversal)"
2024-10-10 16:45:00+00:00,-3380.0,A,False,ft3/s,-95.71094148096,False,False,True,02246500,00060,"USGS NWIS IV 02246500 00060 (raw signed total discharge, not de-tided; negative = flood-tide reversal)"
2024-10-10 17:00:00+00:00,-16300.0,A,False,ft3/s,-461.5645994496,False,False,True,02246500,00060,"USGS NWIS IV 02246500 00060 (raw signed total discharge, not de-tided; negative = flood-tide reversal)"
2024-10-10 17:15:00+00:00,-34800.0,A,False,ft3/s,-985.4262614016001,False,False,True,02246500,00060,"USGS NWIS IV 02246500 00060 (raw signed total discharge, not de-tided; negative = flood-tide reversal)"
2024-10-10 17:30:00+00:00,-43300.0,A,False,ft3/s,-1226.1194574336,False,False,True,02246500,00060,"USGS NWIS IV 02246500 00060 (raw signed total discharge, not de-tided; negative = flood-tide reversal)"
2024-10-10 17:45:00+00:00,-72400.0,A,False,ft3/s,-2050.1396932608,False,False,True,02246500,00060,"USGS NWIS IV 02246500 00060 (raw signed total discharge, not de-tided; negative = flood-tide reversal)"
2024-10-10 18:00:00+00:00,-92000.0,A,False,ft3/s,-2605.1498864640002,False,False,True,02246500,00060,"USGS NWIS IV 02246500 00060 (raw signed total discharge, not de-tided; negative = flood-tide reversal)"
2024-10-10 18:15:00+00:00,-99900.0,A,False,ft3/s,-2828.8529745408,False,False,True,02246500,00060,"USGS NWIS IV 02246500 00060 (raw signed total discharge, not de-tided; negative = flood-tide reversal)"
2024-10-10 18:30:00+00:00,-90700.0,A,False,ft3/s,-2568.3379858944,False,False,True,02246500,00060,"USGS NWIS IV 02246500 00060 (raw signed total discharge, not de-tided; negative = flood-tide reversal)"
2024-10-10 18:45:00+00:00,-104000.0,A,False,ft3/s,-2944.952045568,False,False,True,02246500,00060,"USGS NWIS IV 02246500 00060 (raw signed total discharge, not de-tided; negative = flood-tide reversal)"
2024-10-10 19:00:00+00:00,-121000.0,A,False,ft3/s,-3426.338437632,False,False,True,02246500,00060,"USGS NWIS IV 02246500 00060 (raw signed total discharge, not de-tided; negative = flood-tide reversal)"
2024-10-10 19:15:00+00:00,-131000.0,A,False,ft3/s,-3709.506903552,False,False,True,02246500,00060,"USGS NWIS IV 02246500 00060 (raw signed total discharge, not de-tided; negative = flood-tide reversal)"
2024-10-10 19:30:00+00:00,-122000.0,A,False,ft3/s,-3454.6552842240003,False,False,True,02246500,00060,"USGS NWIS IV 02246500 00060 (raw signed total discharge, not de-tided; negative = flood-tide reversal)"
2024-10-10 19:45:00+00:00,-133000.0,A,False,ft3/s,-3766.140596736,False,False,True,02246500,00060,"USGS NWIS IV 02246500 00060 (raw signed total discharge, not de-tided; negative = flood-tide reversal)"
2024-10-10 20:00:00+00:00,-131000.0,A,False,ft3/s,-3709.506903552,False,False,True,02246500,00060,"USGS NWIS IV 02246500 00060 (raw signed total discharge, not de-tided; negative = flood-tide reversal)"
2024-10-10 20:15:00+00:00,-146000.0,A,False,ft3/s,-4134.259602432,False,False,True,02246500,00060,"USGS NWIS IV 02246500 00060 (raw signed total discharge, not de-tided; negative = flood-tide reversal)"
2024-10-10 20:30:00+00:00,-128000.0,A,False,ft3/s,-3624.556363776,False,False,True,02246500,00060,"USGS NWIS IV 02246500 00060 (raw signed total discharge, not de-tided; negative = flood-tide reversal)"
2024-10-10 20:45:00+00:00,-142000.0,A,False,ft3/s,-4020.9922160640003,False,False,True,02246500,00060,"USGS NWIS IV 02246500 00060 (raw signed total discharge, not de-tided; negative = flood-tide reversal)"
2024-10-10 21:00:00+00:00,-142000.0,A,False,ft3/s,-4020.9922160640003,False,False,True,02246500,00060,"USGS NWIS IV 02246500 00060 (raw signed total discharge, not de-tided; negative = flood-tide reversal)"
2024-10-10 21:15:00+00:00,-141000.0,A,False,ft3/s,-3992.675369472,False,False,True,02246500,00060,"USGS NWIS IV 02246500 00060 (raw signed total discharge, not de-tided; negative = flood-tide reversal)"
2024-10-10 21:30:00+00:00,-134000.0,A,False,ft3/s,-3794.457443328,False,False,True,02246500,00060,"USGS NWIS IV 02246500 00060 (raw signed total discharge, not de-tided; negative = flood-tide reversal)"
2024-10-10 21:45:00+00:00,-127000.0,A,False,ft3/s,-3596.2395171840003,False,False,True,02246500,00060,"USGS NWIS IV 02246500 00060 (raw signed total discharge, not de-tided; negative = flood-tide reversal)"
2024-10-10 22:00:00+00:00,-128000.0,A,False,ft3/s,-3624.556363776,False,False,True,02246500,00060,"USGS NWIS IV 02246500 00060 (raw signed total discharge, not de-tided; negative = flood-tide reversal)"
2024-10-10 22:15:00+00:00,-111000.0,A,False,ft3/s,-3143.169971712,False,False,True,02246500,00060,"USGS NWIS IV 02246500 00060 (raw signed total discharge, not de-tided; negative = flood-tide reversal)"
2024-10-10 22:30:00+00:00,-102000.0,A,False,ft3/s,-2888.3183523840003,False,False,True,02246500,00060,"USGS NWIS IV 02246500 00060 (raw signed total discharge, not de-tided; negative = flood-tide reversal)"
2024-10-10 22:45:00+00:00,-80700.0,A,False,ft3/s,-2285.1695199744,False,False,True,02246500,00060,"USGS NWIS IV 02246500 00060 (raw signed total discharge, not de-tided; negative = flood-tide reversal)"
2024-10-10 23:00:00+00:00,-56000.0,A,False,ft3/s,-1585.7434091520001,False,False,True,02246500,00060,"USGS NWIS IV 02246500 00060 (raw signed total discharge, not de-tided; negative = flood-tide reversal)"
2024-10-10 23:15:00+00:00,-41500.0,A,False,ft3/s,-1175.149133568,False,False,True,02246500,00060,"USGS NWIS IV 02246500 00060 (raw signed total discharge, not de-tided; negative = flood-tide reversal)"
2024-10-10 23:30:00+00:00,-27400.0,A,False,ft3/s,-775.8815966208,False,False,True,02246500,00060,"USGS NWIS IV 02246500 00060 (raw signed total discharge, not de-tided; negative = flood-tide reversal)"
2024-10-10 23:45:00+00:00,-3400.0,A,False,ft3/s,-96.2772784128,False,False,True,02246500,00060,"USGS NWIS IV 02246500 00060 (raw signed total discharge, not de-tided; negative = flood-tide reversal)"
2024-10-11 00:00:00+00:00,26100.0,A,False,ft3/s,739.0696960512,False,False,True,02246500,00060,"USGS NWIS IV 02246500 00060 (raw signed total discharge, not de-tided; negative = flood-tide reversal)"
2024-10-11 00:15:00+00:00,51500.0,A,False,ft3/s,1458.317599488,False,False,True,02246500,00060,"USGS NWIS IV 02246500 00060 (raw signed total discharge, not de-tided; negative = flood-tide reversal)"
2024-10-11 00:30:00+00:00,65900.0,A,False,ft3/s,1866.0801904128,False,False,True,02246500,00060,"USGS NWIS IV 02246500 00060 (raw signed total discharge, not de-tided; negative = flood-tide reversal)"
2024-10-11 00:45:00+00:00,71300.0,A,False,ft3/s,2018.9911620096,False,False,True,02246500,00060,"USGS NWIS IV 02246500 00060 (raw signed total discharge, not de-tided; negative = flood-tide reversal)"
2024-10-11 01:00:00+00:00,100000.0,A,False,ft3/s,2831.6846592,False,False,True,02246500,00060,"USGS NWIS IV 02246500 00060 (raw signed total discharge, not de-tided; negative = flood-tide reversal)"
2024-10-11 01:15:00+00:00,108000.0,A,False,ft3/s,3058.219431936,False,False,True,02246500,00060,"USGS NWIS IV 02246500 00060 (raw signed total discharge, not de-tided; negative = flood-tide reversal)"
2024-10-11 01:30:00+00:00,120000.0,A,False,ft3/s,3398.02159104,False,False,True,02246500,00060,"USGS NWIS IV 02246500 00060 (raw signed total discharge, not de-tided; negative = flood-tide reversal)"
2024-10-11 01:45:00+00:00,131000.0,A,False,ft3/s,3709.506903552,False,False,True,02246500,00060,"USGS NWIS IV 02246500 00060 (raw signed total discharge, not de-tided; negative = flood-tide reversal)"
2024-10-11 02:00:00+00:00,136000.0,A,False,ft3/s,3851.091136512,False,False,True,02246500,00060,"USGS NWIS IV 02246500 00060 (raw signed total discharge, not de-tided; negative = flood-tide reversal)"
2024-10-11 02:15:00+00:00,137000.0,A,False,ft3/s,3879.4079831040003,False,False,True,02246500,00060,"USGS NWIS IV 02246500 00060 (raw signed total discharge, not de-tided; negative = flood-tide reversal)"
2024-10-11 02:30:00+00:00,141000.0,A,False,ft3/s,3992.675369472,False,False,True,02246500,00060,"USGS NWIS IV 02246500 00060 (raw signed total discharge, not de-tided; negative = flood-tide reversal)"
2024-10-11 02:45:00+00:00,138000.0,A,False,ft3/s,3907.724829696,False,False,True,02246500,00060,"USGS NWIS IV 02246500 00060 (raw signed total discharge, not de-tided; negative = flood-tide reversal)"
2024-10-11 03:00:00+00:00,147000.0,A,False,ft3/s,4162.576449024,False,False,True,02246500,00060,"USGS NWIS IV 02246500 00060 (raw signed total discharge, not de-tided; negative = flood-tide reversal)"
2024-10-11 03:15:00+00:00,144000.0,A,False,ft3/s,4077.625909248,False,False,True,02246500,00060,"USGS NWIS IV 02246500 00060 (raw signed total discharge, not de-tided; negative = flood-tide reversal)"
2024-10-11 03:30:00+00:00,152000.0,A,False,ft3/s,4304.160681984,False,False,True,02246500,00060,"USGS NWIS IV 02246500 00060 (raw signed total discharge, not de-tided; negative = flood-tide reversal)"
2024-10-11 03:45:00+00:00,152000.0,A,False,ft3/s,4304.160681984,False,False,True,02246500,00060,"USGS NWIS IV 02246500 00060 (raw signed total discharge, not de-tided; negative = flood-tide reversal)"
2024-10-11 04:00:00+00:00,145000.0,A,False,ft3/s,4105.94275584,False,False,True,02246500,00060,"USGS NWIS IV 02246500 00060 (raw signed total discharge, not de-tided; negative = flood-tide reversal)"
2024-10-11 04:15:00+00:00,154000.0,A,False,ft3/s,4360.794375168,False,False,True,02246500,00060,"USGS NWIS IV 02246500 00060 (raw signed total discharge, not de-tided; negative = flood-tide reversal)"
2024-10-11 04:30:00+00:00,139000.0,A,False,ft3/s,3936.041676288,False,False,True,02246500,00060,"USGS NWIS IV 02246500 00060 (raw signed total discharge, not de-tided; negative = flood-tide reversal)"
2024-10-11 04:45:00+00:00,140000.0,A,False,ft3/s,3964.3585228800002,False,False,True,02246500,00060,"USGS NWIS IV 02246500 00060 (raw signed total discharge, not de-tided; negative = flood-tide reversal)"
2024-10-11 05:00:00+00:00,148000.0,A,False,ft3/s,4190.893295616,False,False,True,02246500,00060,"USGS NWIS IV 02246500 00060 (raw signed total discharge, not de-tided; negative = flood-tide reversal)"
2024-10-11 05:15:00+00:00,139000.0,A,False,ft3/s,3936.041676288,False,False,True,02246500,00060,"USGS NWIS IV 02246500 00060 (raw signed total discharge, not de-tided; negative = flood-tide reversal)"
2024-10-11 05:30:00+00:00,139000.0,A,False,ft3/s,3936.041676288,False,False,True,02246500,00060,"USGS NWIS IV 02246500 00060 (raw signed total discharge, not de-tided; negative = flood-tide reversal)"
2024-10-11 05:45:00+00:00,123000.0,A,False,ft3/s,3482.972130816,False,False,True,02246500,00060,"USGS NWIS IV 02246500 00060 (raw signed total discharge, not de-tided; negative = flood-tide reversal)"
2024-10-11 06:00:00+00:00,111000.0,A,False,ft3/s,3143.169971712,False,False,True,02246500,00060,"USGS NWIS IV 02246500 00060 (raw signed total discharge, not de-tided; negative = flood-tide reversal)"
2024-10-11 06:15:00+00:00,101000.0,A,False,ft3/s,2860.001505792,False,False,True,02246500,00060,"USGS NWIS IV 02246500 00060 (raw signed total discharge, not de-tided; negative = flood-tide reversal)"
2024-10-11 06:30:00+00:00,94000.0,A,False,ft3/s,2661.783579648,False,False,True,02246500,00060,"USGS NWIS IV 02246500 00060 (raw signed total discharge, not de-tided; negative = flood-tide reversal)"
2024-10-11 06:45:00+00:00,81800.0,A,False,ft3/s,2316.3180512256,False,False,True,02246500,00060,"USGS NWIS IV 02246500 00060 (raw signed total discharge, not de-tided; negative = flood-tide reversal)"
2024-10-11 07:00:00+00:00,69900.0,A,False,ft3/s,1979.3475767808,False,False,True,02246500,00060,"USGS NWIS IV 02246500 00060 (raw signed total discharge, not de-tided; negative = flood-tide reversal)"
2024-10-11 07:15:00+00:00,58000.0,A,False,ft3/s,1642.377102336,False,False,True,02246500,00060,"USGS NWIS IV 02246500 00060 (raw signed total discharge, not de-tided; negative = flood-tide reversal)"
2024-10-11 07:30:00+00:00,30600.0,A,False,ft3/s,866.4955057152,False,False,True,02246500,00060,"USGS NWIS IV 02246500 00060 (raw signed total discharge, not de-tided; negative = flood-tide reversal)"
2024-10-11 07:45:00+00:00,18600.0,A,False,ft3/s,526.6933466112,False,False,True,02246500,00060,"USGS NWIS IV 02246500 00060 (raw signed total discharge, not de-tided; negative = flood-tide reversal)"
2024-10-11 08:00:00+00:00,21600.0,A,False,ft3/s,611.6438863872,False,False,True,02246500,00060,"USGS NWIS IV 02246500 00060 (raw signed total discharge, not de-tided; negative = flood-tide reversal)"
2024-10-11 08:15:00+00:00,30700.0,A,False,ft3/s,869.3271903744001,False,False,True,02246500,00060,"USGS NWIS IV 02246500 00060 (raw signed total discharge, not de-tided; negative = flood-tide reversal)"
2024-10-11 08:30:00+00:00,16700.0,A,False,ft3/s,472.8913380864,False,False,True,02246500,00060,"USGS NWIS IV 02246500 00060 (raw signed total discharge, not de-tided; negative = flood-tide reversal)"
2024-10-11 08:45:00+00:00,12200.0,A,False,ft3/s,345.4655284224,False,False,True,02246500,00060,"USGS NWIS IV 02246500 00060 (raw signed total discharge, not de-tided; negative = flood-tide reversal)"
2024-10-11 09:00:00+00:00,6630.0,A,False,ft3/s,187.74069290496,False,False,True,02246500,00060,"USGS NWIS IV 02246500 00060 (raw signed total discharge, not de-tided; negative = flood-tide reversal)"
2024-10-11 09:15:00+00:00,-3410.0,A,False,ft3/s,-96.56044687872,False,False,True,02246500,00060,"USGS NWIS IV 02246500 00060 (raw signed total discharge, not de-tided; negative = flood-tide reversal)"
2024-10-11 09:30:00+00:00,-1400.0,A,False,ft3/s,-39.6435852288,False,False,True,02246500,00060,"USGS NWIS IV 02246500 00060 (raw signed total discharge, not de-tided; negative = flood-tide reversal)"
2024-10-11 09:45:00+00:00,-396.0,A,False,ft3/s,-11.213471250432,False,False,True,02246500,00060,"USGS NWIS IV 02246500 00060 (raw signed total discharge, not de-tided; negative = flood-tide reversal)"
2024-10-11 10:00:00+00:00,4610.0,A,False,ft3/s,130.54066278912,False,False,True,02246500,00060,"USGS NWIS IV 02246500 00060 (raw signed total discharge, not de-tided; negative = flood-tide reversal)"
2024-10-11 10:15:00+00:00,11100.0,A,False,ft3/s,314.3169971712,False,False,True,02246500,00060,"USGS NWIS IV 02246500 00060 (raw signed total discharge, not de-tided; negative = flood-tide reversal)"
2024-10-11 10:30:00+00:00,15600.0,A,False,ft3/s,441.7428068352,False,False,True,02246500,00060,"USGS NWIS IV 02246500 00060 (raw signed total discharge, not de-tided; negative = flood-tide reversal)"
2024-10-11 10:45:00+00:00,22600.0,A,False,ft3/s,639.9607329792,False,False,True,02246500,00060,"USGS NWIS IV 02246500 00060 (raw signed total discharge, not de-tided; negative = flood-tide reversal)"
2024-10-11 11:00:00+00:00,37500.0,A,False,ft3/s,1061.8817472,False,False,True,02246500,00060,"USGS NWIS IV 02246500 00060 (raw signed total discharge, not de-tided; negative = flood-tide reversal)"
2024-10-11 11:15:00+00:00,55400.0,A,False,ft3/s,1568.7533011968,False,False,True,02246500,00060,"USGS NWIS IV 02246500 00060 (raw signed total discharge, not de-tided; negative = flood-tide reversal)"
2024-10-11 11:30:00+00:00,55300.0,A,False,ft3/s,1565.9216165376001,False,False,True,02246500,00060,"USGS NWIS IV 02246500 00060 (raw signed total discharge, not de-tided; negative = flood-tide reversal)"
2024-10-11 11:45:00+00:00,75500.0,A,False,ft3/s,2137.921917696,False,False,True,02246500,00060,"USGS NWIS IV 02246500 00060 (raw signed total discharge, not de-tided; negative = flood-tide reversal)"
2024-10-11 12:00:00+00:00,93200.0,A,False,ft3/s,2639.1301023744,False,False,True,02246500,00060,"USGS NWIS IV 02246500 00060 (raw signed total discharge, not de-tided; negative = flood-tide reversal)"
2024-10-11 12:15:00+00:00,94500.0,A,False,ft3/s,2675.9420029440003,False,False,True,02246500,00060,"USGS NWIS IV 02246500 00060 (raw signed total discharge, not de-tided; negative = flood-tide reversal)"
2024-10-11 12:30:00+00:00,109000.0,A,False,ft3/s,3086.536278528,False,False,True,02246500,00060,"USGS NWIS IV 02246500 00060 (raw signed total discharge, not de-tided; negative = flood-tide reversal)"
2024-10-11 12:45:00+00:00,102000.0,A,False,ft3/s,2888.3183523840003,False,False,True,02246500,00060,"USGS NWIS IV 02246500 00060 (raw signed total discharge, not de-tided; negative = flood-tide reversal)"
2024-10-11 13:00:00+00:00,118000.0,A,False,ft3/s,3341.387897856,False,False,True,02246500,00060,"USGS NWIS IV 02246500 00060 (raw signed total discharge, not de-tided; negative = flood-tide reversal)"
2024-10-11 13:15:00+00:00,135000.0,A,False,ft3/s,3822.7742899200002,False,False,True,02246500,00060,"USGS NWIS IV 02246500 00060 (raw signed total discharge, not de-tided; negative = flood-tide reversal)"
2024-10-11 13:30:00+00:00,139000.0,A,False,ft3/s,3936.041676288,False,False,True,02246500,00060,"USGS NWIS IV 02246500 00060 (raw signed total discharge, not de-tided; negative = flood-tide reversal)"
2024-10-11 13:45:00+00:00,152000.0,A,False,ft3/s,4304.160681984,False,False,True,02246500,00060,"USGS NWIS IV 02246500 00060 (raw signed total discharge, not de-tided; negative = flood-tide reversal)"
2024-10-11 14:00:00+00:00,165000.0,A,False,ft3/s,4672.27968768,False,False,True,02246500,00060,"USGS NWIS IV 02246500 00060 (raw signed total discharge, not de-tided; negative = flood-tide reversal)"
2024-10-11 14:15:00+00:00,168000.0,A,False,ft3/s,4757.230227456,False,False,True,02246500,00060,"USGS NWIS IV 02246500 00060 (raw signed total discharge, not de-tided; negative = flood-tide reversal)"
2024-10-11 14:30:00+00:00,173000.0,A,False,ft3/s,4898.814460416,False,False,True,02246500,00060,"USGS NWIS IV 02246500 00060 (raw signed total discharge, not de-tided; negative = flood-tide reversal)"
2024-10-11 14:45:00+00:00,178000.0,A,False,ft3/s,5040.398693376,False,False,True,02246500,00060,"USGS NWIS IV 02246500 00060 (raw signed total discharge, not de-tided; negative = flood-tide reversal)"
2024-10-11 15:00:00+00:00,176000.0,A,False,ft3/s,4983.765000192,False,False,True,02246500,00060,"USGS NWIS IV 02246500 00060 (raw signed total discharge, not de-tided; negative = flood-tide reversal)"
2024-10-11 15:15:00+00:00,190000.0,A,False,ft3/s,5380.20085248,False,False,True,02246500,00060,"USGS NWIS IV 02246500 00060 (raw signed total discharge, not de-tided; negative = flood-tide reversal)"
2024-10-11 15:30:00+00:00,186000.0,A,False,ft3/s,5266.933466112,False,False,True,02246500,00060,"USGS NWIS IV 02246500 00060 (raw signed total discharge, not de-tided; negative = flood-tide reversal)"
2024-10-11 15:45:00+00:00,189000.0,A,False,ft3/s,5351.8840058880005,False,False,True,02246500,00060,"USGS NWIS IV 02246500 00060 (raw signed total discharge, not de-tided; negative = flood-tide reversal)"
2024-10-11 16:00:00+00:00,185000.0,A,False,ft3/s,5238.61661952,False,False,True,02246500,00060,"USGS NWIS IV 02246500 00060 (raw signed total discharge, not de-tided; negative = flood-tide reversal)"
2024-10-11 16:15:00+00:00,183000.0,A,False,ft3/s,5181.982926336,False,False,True,02246500,00060,"USGS NWIS IV 02246500 00060 (raw signed total discharge, not de-tided; negative = flood-tide reversal)"
2024-10-11 16:30:00+00:00,182000.0,A,False,ft3/s,5153.666079744,False,False,True,02246500,00060,"USGS NWIS IV 02246500 00060 (raw signed total discharge, not de-tided; negative = flood-tide reversal)"
2024-10-11 16:45:00+00:00,169000.0,A,False,ft3/s,4785.5470740480005,False,False,True,02246500,00060,"USGS NWIS IV 02246500 00060 (raw signed total discharge, not de-tided; negative = flood-tide reversal)"
2024-10-11 17:00:00+00:00,154000.0,A,False,ft3/s,4360.794375168,False,False,True,02246500,00060,"USGS NWIS IV 02246500 00060 (raw signed total discharge, not de-tided; negative = flood-tide reversal)"
2024-10-11 17:15:00+00:00,139000.0,A,False,ft3/s,3936.041676288,False,False,True,02246500,00060,"USGS NWIS IV 02246500 00060 (raw signed total discharge, not de-tided; negative = flood-tide reversal)"
2024-10-11 17:30:00+00:00,135000.0,A,False,ft3/s,3822.7742899200002,False,False,True,02246500,00060,"USGS NWIS IV 02246500 00060 (raw signed total discharge, not de-tided; negative = flood-tide reversal)"
2024-10-11 17:45:00+00:00,124000.0,A,False,ft3/s,3511.288977408,False,False,True,02246500,00060,"USGS NWIS IV 02246500 00060 (raw signed total discharge, not de-tided; negative = flood-tide reversal)"
2024-10-11 18:00:00+00:00,106000.0,A,False,ft3/s,3001.585738752,False,False,True,02246500,00060,"USGS NWIS IV 02246500 00060 (raw signed total discharge, not de-tided; negative = flood-tide reversal)"
2024-10-11 18:15:00+00:00,89800.0,A,False,ft3/s,2542.8528239616003,False,False,True,02246500,00060,"USGS NWIS IV 02246500 00060 (raw signed total discharge, not de-tided; negative = flood-tide reversal)"
2024-10-11 18:30:00+00:00,79600.0,A,False,ft3/s,2254.0209887232,False,False,True,02246500,00060,"USGS NWIS IV 02246500 00060 (raw signed total discharge, not de-tided; negative = flood-tide reversal)"
2024-10-11 18:45:00+00:00,43700.0,A,False,ft3/s,1237.4461960704,False,False,True,02246500,00060,"USGS NWIS IV 02246500 00060 (raw signed total discharge, not de-tided; negative = flood-tide reversal)"
2024-10-11 19:00:00+00:00,35300.0,A,False,ft3/s,999.5846846976,False,False,True,02246500,00060,"USGS NWIS IV 02246500 00060 (raw signed total discharge, not de-tided; negative = flood-tide reversal)"
2024-10-11 19:15:00+00:00,1600.0,A,False,ft3/s,45.3069545472,False,False,True,02246500,00060,"USGS NWIS IV 02246500 00060 (raw signed total discharge, not de-tided; negative = flood-tide reversal)"
2024-10-11 19:30:00+00:00,11100.0,A,False,ft3/s,314.3169971712,False,False,True,02246500,00060,"USGS NWIS IV 02246500 00060 (raw signed total discharge, not de-tided; negative = flood-tide reversal)"
2024-10-11 19:45:00+00:00,-8890.0,A,False,ft3/s,-251.73676620288,False,False,True,02246500,00060,"USGS NWIS IV 02246500 00060 (raw signed total discharge, not de-tided; negative = flood-tide reversal)"
2024-10-11 20:00:00+00:00,-16400.0,A,False,ft3/s,-464.3962841088,False,False,True,02246500,00060,"USGS NWIS IV 02246500 00060 (raw signed total discharge, not de-tided; negative = flood-tide reversal)"
2024-10-11 20:15:00+00:00,-34900.0,A,False,ft3/s,-988.2579460608,False,False,True,02246500,00060,"USGS NWIS IV 02246500 00060 (raw signed total discharge, not de-tided; negative = flood-tide reversal)"
2024-10-11 20:30:00+00:00,-54000.0,A,False,ft3/s,-1529.109715968,False,False,True,02246500,00060,"USGS NWIS IV 02246500 00060 (raw signed total discharge, not de-tided; negative = flood-tide reversal)"
2024-10-11 20:45:00+00:00,-79200.0,A,False,ft3/s,-2242.6942500864,False,False,True,02246500,00060,"USGS NWIS IV 02246500 00060 (raw signed total discharge, not de-tided; negative = flood-tide reversal)"
2024-10-11 21:00:00+00:00,-97100.0,A,False,ft3/s,-2749.5658040832,False,False,True,02246500,00060,"USGS NWIS IV 02246500 00060 (raw signed total discharge, not de-tided; negative = flood-tide reversal)"
2024-10-11 21:15:00+00:00,-112000.0,A,False,ft3/s,-3171.4868183040003,False,False,True,02246500,00060,"USGS NWIS IV 02246500 00060 (raw signed total discharge, not de-tided; negative = flood-tide reversal)"
2024-10-11 21:30:00+00:00,-115000.0,A,False,ft3/s,-3256.43735808,False,False,True,02246500,00060,"USGS NWIS IV 02246500 00060 (raw signed total discharge, not de-tided; negative = flood-tide reversal)"
2024-10-11 21:45:00+00:00,-121000.0,A,False,ft3/s,-3426.338437632,False,False,True,02246500,00060,"USGS NWIS IV 02246500 00060 (raw signed total discharge, not de-tided; negative = flood-tide reversal)"
2024-10-11 22:00:00+00:00,-124000.0,A,False,ft3/s,-3511.288977408,False,False,True,02246500,00060,"USGS NWIS IV 02246500 00060 (raw signed total discharge, not de-tided; negative = flood-tide reversal)"
2024-10-11 22:15:00+00:00,-122000.0,A,False,ft3/s,-3454.6552842240003,False,False,True,02246500,00060,"USGS NWIS IV 02246500 00060 (raw signed total discharge, not de-tided; negative = flood-tide reversal)"
2024-10-11 22:30:00+00:00,-108000.0,A,False,ft3/s,-3058.219431936,False,False,True,02246500,00060,"USGS NWIS IV 02246500 00060 (raw signed total discharge, not de-tided; negative = flood-tide reversal)"
2024-10-11 22:45:00+00:00,-113000.0,A,False,ft3/s,-3199.803664896,False,False,True,02246500,00060,"USGS NWIS IV 02246500 00060 (raw signed total discharge, not de-tided; negative = flood-tide reversal)"
2024-10-11 23:00:00+00:00,-89300.0,A,False,ft3/s,-2528.6944006656,False,False,True,02246500,00060,"USGS NWIS IV 02246500 00060 (raw signed total discharge, not de-tided; negative = flood-tide reversal)"
2024-10-11 23:15:00+00:00,-80300.0,A,False,ft3/s,-2273.8427813376,False,False,True,02246500,00060,"USGS NWIS IV 02246500 00060 (raw signed total discharge, not de-tided; negative = flood-tide reversal)"
2024-10-11 23:30:00+00:00,-57000.0,A,False,ft3/s,-1614.060255744,False,False,True,02246500,00060,"USGS NWIS IV 02246500 00060 (raw signed total discharge, not de-tided; negative = flood-tide reversal)"
2024-10-11 23:45:00+00:00,-39200.0,A,False,ft3/s,-1110.0203864064001,False,False,True,02246500,00060,"USGS NWIS IV 02246500 00060 (raw signed total discharge, not de-tided; negative = flood-tide reversal)"
2024-10-12 00:00:00+00:00,-26700.0,A,False,ft3/s,-756.0598040064,False,False,True,02246500,00060,"USGS NWIS IV 02246500 00060 (raw signed total discharge, not de-tided; negative = flood-tide reversal)"
2024-10-12 00:15:00+00:00,2580.0,A,False,ft3/s,73.05746420736,False,False,True,02246500,00060,"USGS NWIS IV 02246500 00060 (raw signed total discharge, not de-tided; negative = flood-tide reversal)"
2024-10-12 00:30:00+00:00,36200.0,A,False,ft3/s,1025.0698466304,False,False,True,02246500,00060,"USGS NWIS IV 02246500 00060 (raw signed total discharge, not de-tided; negative = flood-tide reversal)"
2024-10-12 00:45:00+00:00,51400.0,A,False,ft3/s,1455.4859148288,False,False,True,02246500,00060,"USGS NWIS IV 02246500 00060 (raw signed total discharge, not de-tided; negative = flood-tide reversal)"
2024-10-12 01:00:00+00:00,65500.0,A,False,ft3/s,1854.753451776,False,False,True,02246500,00060,"USGS NWIS IV 02246500 00060 (raw signed total discharge, not de-tided; negative = flood-tide reversal)"
2024-10-12 01:15:00+00:00,99200.0,A,False,ft3/s,2809.0311819264,False,False,True,02246500,00060,"USGS NWIS IV 02246500 00060 (raw signed total discharge, not de-tided; negative = flood-tide reversal)"
2024-10-12 01:30:00+00:00,107000.0,A,False,ft3/s,3029.9025853440003,False,False,True,02246500,00060,"USGS NWIS IV 02246500 00060 (raw signed total discharge, not de-tided; negative = flood-tide reversal)"
2024-10-12 01:45:00+00:00,129000.0,A,False,ft3/s,3652.873210368,False,False,True,02246500,00060,"USGS NWIS IV 02246500 00060 (raw signed total discharge, not de-tided; negative = flood-tide reversal)"
2024-10-12 02:00:00+00:00,143000.0,A,False,ft3/s,4049.309062656,False,False,True,02246500,00060,"USGS NWIS IV 02246500 00060 (raw signed total discharge, not de-tided; negative = flood-tide reversal)"
2024-10-12 02:15:00+00:00,146000.0,A,False,ft3/s,4134.259602432,False,False,True,02246500,00060,"USGS NWIS IV 02246500 00060 (raw signed total discharge, not de-tided; negative = flood-tide reversal)"
2024-10-12 02:30:00+00:00,151000.0,A,False,ft3/s,4275.843835392,False,False,True,02246500,00060,"USGS NWIS IV 02246500 00060 (raw signed total discharge, not de-tided; negative = flood-tide reversal)"
2024-10-12 02:45:00+00:00,162000.0,A,False,ft3/s,4587.329147904,False,False,True,02246500,00060,"USGS NWIS IV 02246500 00060 (raw signed total discharge, not de-tided; negative = flood-tide reversal)"
2024-10-12 03:00:00+00:00,170000.0,A,False,ft3/s,4813.86392064,False,False,True,02246500,00060,"USGS NWIS IV 02246500 00060 (raw signed total discharge, not de-tided; negative = flood-tide reversal)"
2024-10-12 03:15:00+00:00,178000.0,A,False,ft3/s,5040.398693376,False,False,True,02246500,00060,"USGS NWIS IV 02246500 00060 (raw signed total discharge, not de-tided; negative = flood-tide reversal)"
2024-10-12 03:30:00+00:00,179000.0,A,False,ft3/s,5068.7155399680005,False,False,True,02246500,00060,"USGS NWIS IV 02246500 00060 (raw signed total discharge, not de-tided; negative = flood-tide reversal)"
2024-10-12 03:45:00+00:00,180000.0,A,False,ft3/s,5097.03238656,False,False,True,02246500,00060,"USGS NWIS IV 02246500 00060 (raw signed total discharge, not de-tided; negative = flood-tide reversal)"
2024-10-12 04:00:00+00:00,179000.0,A,False,ft3/s,5068.7155399680005,False,False,True,02246500,00060,"USGS NWIS IV 02246500 00060 (raw signed total discharge, not de-tided; negative = flood-tide reversal)"
2024-10-12 04:15:00+00:00,185000.0,A,False,ft3/s,5238.61661952,False,False,True,02246500,00060,"USGS NWIS IV 02246500 00060 (raw signed total discharge, not de-tided; negative = flood-tide reversal)"
2024-10-12 04:30:00+00:00,187000.0,A,False,ft3/s,5295.250312704,False,False,True,02246500,00060,"USGS NWIS IV 02246500 00060 (raw signed total discharge, not de-tided; negative = flood-tide reversal)"
2024-10-12 04:45:00+00:00,185000.0,A,False,ft3/s,5238.61661952,False,False,True,02246500,00060,"USGS NWIS IV 02246500 00060 (raw signed total discharge, not de-tided; negative = flood-tide reversal)"
2024-10-12 05:00:00+00:00,179000.0,A,False,ft3/s,5068.7155399680005,False,False,True,02246500,00060,"USGS NWIS IV 02246500 00060 (raw signed total discharge, not de-tided; negative = flood-tide reversal)"
2024-10-12 05:15:00+00:00,187000.0,A,False,ft3/s,5295.250312704,False,False,True,02246500,00060,"USGS NWIS IV 02246500 00060 (raw signed total discharge, not de-tided; negative = flood-tide reversal)"
2024-10-12 05:30:00+00:00,165000.0,A,False,ft3/s,4672.27968768,False,False,True,02246500,00060,"USGS NWIS IV 02246500 00060 (raw signed total discharge, not de-tided; negative = flood-tide reversal)"
2024-10-12 05:45:00+00:00,168000.0,A,False,ft3/s,4757.230227456,False,False,True,02246500,00060,"USGS NWIS IV 02246500 00060 (raw signed total discharge, not de-tided; negative = flood-tide reversal)"
2024-10-12 06:00:00+00:00,157000.0,A,False,ft3/s,4445.744914944,False,False,True,02246500,00060,"USGS NWIS IV 02246500 00060 (raw signed total discharge, not de-tided; negative = flood-tide reversal)"
2024-10-12 06:15:00+00:00,145000.0,A,False,ft3/s,4105.94275584,False,False,True,02246500,00060,"USGS NWIS IV 02246500 00060 (raw signed total discharge, not de-tided; negative = flood-tide reversal)"
2024-10-12 06:30:00+00:00,132000.0,A,False,ft3/s,3737.8237501440003,False,False,True,02246500,00060,"USGS NWIS IV 02246500 00060 (raw signed total discharge, not de-tided; negative = flood-tide reversal)"
2024-10-12 06:45:00+00:00,119000.0,A,False,ft3/s,3369.704744448,False,False,True,02246500,00060,"USGS NWIS IV 02246500 00060 (raw signed total discharge, not de-tided; negative = flood-tide reversal)"
2024-10-12 07:00:00+00:00,113000.0,A,False,ft3/s,3199.803664896,False,False,True,02246500,00060,"USGS NWIS IV 02246500 00060 (raw signed total discharge, not de-tided; negative = flood-tide reversal)"
2024-10-12 07:15:00+00:00,104000.0,A,False,ft3/s,2944.952045568,False,False,True,02246500,00060,"USGS NWIS IV 02246500 00060 (raw signed total discharge, not de-tided; negative = flood-tide reversal)"
2024-10-12 07:30:00+00:00,95600.0,A,False,ft3/s,2707.0905341952002,False,False,True,02246500,00060,"USGS NWIS IV 02246500 00060 (raw signed total discharge, not de-tided; negative = flood-tide reversal)"
2024-10-12 07:45:00+00:00,75100.0,A,False,ft3/s,2126.5951790592,False,False,True,02246500,00060,"USGS NWIS IV 02246500 00060 (raw signed total discharge, not de-tided; negative = flood-tide reversal)"
2024-10-12 08:00:00+00:00,59900.0,A,False,ft3/s,1696.1791108608,False,False,True,02246500,00060,"USGS NWIS IV 02246500 00060 (raw signed total discharge, not de-tided; negative = flood-tide reversal)"
2024-10-12 08:15:00+00:00,57600.0,A,False,ft3/s,1631.0503636992,False,False,True,02246500,00060,"USGS NWIS IV 02246500 00060 (raw signed total discharge, not de-tided; negative = flood-tide reversal)"
2024-10-12 08:30:00+00:00,32400.0,A,False,ft3/s,917.4658295808,False,False,True,02246500,00060,"USGS NWIS IV 02246500 00060 (raw signed total discharge, not de-tided; negative = flood-tide reversal)"
2024-10-12 08:45:00+00:00,28400.0,A,False,ft3/s,804.1984432128,False,False,True,02246500,00060,"USGS NWIS IV 02246500 00060 (raw signed total discharge, not de-tided; negative = flood-tide reversal)"
2024-10-12 09:00:00+00:00,12000.0,A,False,ft3/s,339.802159104,False,False,True,02246500,00060,"USGS NWIS IV 02246500 00060 (raw signed total discharge, not de-tided; negative = flood-tide reversal)"
2024-10-12 09:15:00+00:00,-6370.0,A,False,ft3/s,-180.37831279104,False,False,True,02246500,00060,"USGS NWIS IV 02246500 00060 (raw signed total discharge, not de-tided; negative = flood-tide reversal)"
2024-10-12 09:30:00+00:00,-19300.0,A,False,ft3/s,-546.5151392256,False,False,True,02246500,00060,"USGS NWIS IV 02246500 00060 (raw signed total discharge, not de-tided; negative = flood-tide reversal)"
2024-10-12 09:45:00+00:00,-15300.0,A,False,ft3/s,-433.2477528576,False,False,True,02246500,00060,"USGS NWIS IV 02246500 00060 (raw signed total discharge, not de-tided; negative = flood-tide reversal)"
2024-10-12 10:00:00+00:00,-35300.0,A,False,ft3/s,-999.5846846976,False,False,True,02246500,00060,"USGS NWIS IV 02246500 00060 (raw signed total discharge, not de-tided; negative = flood-tide reversal)"
2024-10-12 10:15:00+00:00,-42800.0,A,False,ft3/s,-1211.9610341376,False,False,True,02246500,00060,"USGS NWIS IV 02246500 00060 (raw signed total discharge, not de-tided; negative = flood-tide reversal)"
2024-10-12 10:30:00+00:00,-44300.0,A,False,ft3/s,-1254.4363040256,False,False,True,02246500,00060,"USGS NWIS IV 02246500 00060 (raw signed total discharge, not de-tided; negative = flood-tide reversal)"
2024-10-12 10:45:00+00:00,-48700.0,A,False,ft3/s,-1379.0304290304,False,False,True,02246500,00060,"USGS NWIS IV 02246500 00060 (raw signed total discharge, not de-tided; negative = flood-tide reversal)"
2024-10-12 11:00:00+00:00,-38700.0,A,False,ft3/s,-1095.8619631104,False,False,True,02246500,00060,"USGS NWIS IV 02246500 00060 (raw signed total discharge, not de-tided; negative = flood-tide reversal)"
2024-10-12 11:15:00+00:00,-40100.0,A,False,ft3/s,-1135.5055483392,False,False,True,02246500,00060,"USGS NWIS IV 02246500 00060 (raw signed total discharge, not de-tided; negative = flood-tide reversal)"
2024-10-12 11:30:00+00:00,-30100.0,A,False,ft3/s,-852.3370824192,False,False,True,02246500,00060,"USGS NWIS IV 02246500 00060 (raw signed total discharge, not de-tided; negative = flood-tide reversal)"
2024-10-12 11:45:00+00:00,-17700.0,A,False,ft3/s,-501.2081846784,False,False,True,02246500,00060,"USGS NWIS IV 02246500 00060 (raw signed total discharge, not de-tided; negative = flood-tide reversal)"
2024-10-12 12:00:00+00:00,-2360.0,A,False,ft3/s,-66.82775795712,False,False,True,02246500,00060,"USGS NWIS IV 02246500 00060 (raw signed total discharge, not de-tided; negative = flood-tide reversal)"
2024-10-12 12:15:00+00:00,37500.0,A,False,ft3/s,1061.8817472,False,False,True,02246500,00060,"USGS NWIS IV 02246500 00060 (raw signed total discharge, not de-tided; negative = flood-tide reversal)"
2024-10-12 12:30:00+00:00,49200.0,A,False,ft3/s,1393.1888523264001,False,False,True,02246500,00060,"USGS NWIS IV 02246500 00060 (raw signed total discharge, not de-tided; negative = flood-tide reversal)"
2024-10-12 12:45:00+00:00,68200.0,A,False,ft3/s,1931.2089375744001,False,False,True,02246500,00060,"USGS NWIS IV 02246500 00060 (raw signed total discharge, not de-tided; negative = flood-tide reversal)"
2024-10-12 13:00:00+00:00,89000.0,A,False,ft3/s,2520.199346688,False,False,True,02246500,00060,"USGS NWIS IV 02246500 00060 (raw signed total discharge, not de-tided; negative = flood-tide reversal)"
2024-10-12 13:15:00+00:00,113000.0,A,False,ft3/s,3199.803664896,False,False,True,02246500,00060,"USGS NWIS IV 02246500 00060 (raw signed total discharge, not de-tided; negative = flood-tide reversal)"
2024-10-12 13:30:00+00:00,132000.0,A,False,ft3/s,3737.8237501440003,False,False,True,02246500,00060,"USGS NWIS IV 02246500 00060 (raw signed total discharge, not de-tided; negative = flood-tide reversal)"
2024-10-12 13:45:00+00:00,132000.0,A,False,ft3/s,3737.8237501440003,False,False,True,02246500,00060,"USGS NWIS IV 02246500 00060 (raw signed total discharge, not de-tided; negative = flood-tide reversal)"
2024-10-12 14:00:00+00:00,147000.0,A,False,ft3/s,4162.576449024,False,False,True,02246500,00060,"USGS NWIS IV 02246500 00060 (raw signed total discharge, not de-tided; negative = flood-tide reversal)"
2024-10-12 14:15:00+00:00,158000.0,A,False,ft3/s,4474.061761536,False,False,True,02246500,00060,"USGS NWIS IV 02246500 00060 (raw signed total discharge, not de-tided; negative = flood-tide reversal)"
2024-10-12 14:30:00+00:00,168000.0,A,False,ft3/s,4757.230227456,False,False,True,02246500,00060,"USGS NWIS IV 02246500 00060 (raw signed total discharge, not de-tided; negative = flood-tide reversal)"
2024-10-12 14:45:00+00:00,164000.0,A,False,ft3/s,4643.9628410880005,False,False,True,02246500,00060,"USGS NWIS IV 02246500 00060 (raw signed total discharge, not de-tided; negative = flood-tide reversal)"
2024-10-12 15:00:00+00:00,154000.0,A,False,ft3/s,4360.794375168,False,False,True,02246500,00060,"USGS NWIS IV 02246500 00060 (raw signed total discharge, not de-tided; negative = flood-tide reversal)"
2024-10-12 15:15:00+00:00,174000.0,A,False,ft3/s,4927.1313070080005,False,False,True,02246500,00060,"USGS NWIS IV 02246500 00060 (raw signed total discharge, not de-tided; negative = flood-tide reversal)"
2024-10-12 15:30:00+00:00,180000.0,A,False,ft3/s,5097.03238656,False,False,True,02246500,00060,"USGS NWIS IV 02246500 00060 (raw signed total discharge, not de-tided; negative = flood-tide reversal)"
2024-10-12 15:45:00+00:00,181000.0,A,False,ft3/s,5125.349233152,False,False,True,02246500,00060,"USGS NWIS IV 02246500 00060 (raw signed total discharge, not de-tided; negative = flood-tide reversal)"
2024-10-12 16:00:00+00:00,178000.0,A,False,ft3/s,5040.398693376,False,False,True,02246500,00060,"USGS NWIS IV 02246500 00060 (raw signed total discharge, not de-tided; negative = flood-tide reversal)"
2024-10-12 16:15:00+00:00,181000.0,A,False,ft3/s,5125.349233152,False,False,True,02246500,00060,"USGS NWIS IV 02246500 00060 (raw signed total discharge, not de-tided; negative = flood-tide reversal)"
2024-10-12 16:30:00+00:00,181000.0,A,False,ft3/s,5125.349233152,False,False,True,02246500,00060,"USGS NWIS IV 02246500 00060 (raw signed total discharge, not de-tided; negative = flood-tide reversal)"
2024-10-12 16:45:00+00:00,185000.0,A,False,ft3/s,5238.61661952,False,False,True,02246500,00060,"USGS NWIS IV 02246500 00060 (raw signed total discharge, not de-tided; negative = flood-tide reversal)"
2024-10-12 17:00:00+00:00,180000.0,A,False,ft3/s,5097.03238656,False,False,True,02246500,00060,"USGS NWIS IV 02246500 00060 (raw signed total discharge, not de-tided; negative = flood-tide reversal)"
2024-10-12 17:15:00+00:00,174000.0,A,False,ft3/s,4927.1313070080005,False,False,True,02246500,00060,"USGS NWIS IV 02246500 00060 (raw signed total discharge, not de-tided; negative = flood-tide reversal)"
2024-10-12 17:30:00+00:00,168000.0,A,False,ft3/s,4757.230227456,False,False,True,02246500,00060,"USGS NWIS IV 02246500 00060 (raw signed total discharge, not de-tided; negative = flood-tide reversal)"
2024-10-12 17:45:00+00:00,158000.0,A,False,ft3/s,4474.061761536,False,False,True,02246500,00060,"USGS NWIS IV 02246500 00060 (raw signed total discharge, not de-tided; negative = flood-tide reversal)"
2024-10-12 18:00:00+00:00,159000.0,A,False,ft3/s,4502.378608128,False,False,True,02246500,00060,"USGS NWIS IV 02246500 00060 (raw signed total discharge, not de-tided; negative = flood-tide reversal)"
2024-10-12 18:15:00+00:00,147000.0,A,False,ft3/s,4162.576449024,False,False,True,02246500,00060,"USGS NWIS IV 02246500 00060 (raw signed total discharge, not de-tided; negative = flood-tide reversal)"
2024-10-12 18:30:00+00:00,140000.0,A,False,ft3/s,3964.3585228800002,False,False,True,02246500,00060,"USGS NWIS IV 02246500 00060 (raw signed total discharge, not de-tided; negative = flood-tide reversal)"
2024-10-12 18:45:00+00:00,120000.0,A,False,ft3/s,3398.02159104,False,False,True,02246500,00060,"USGS NWIS IV 02246500 00060 (raw signed total discharge, not de-tided; negative = flood-tide reversal)"
2024-10-12 19:00:00+00:00,101000.0,A,False,ft3/s,2860.001505792,False,False,True,02246500,00060,"USGS NWIS IV 02246500 00060 (raw signed total discharge, not de-tided; negative = flood-tide reversal)"
2024-10-12 19:15:00+00:00,77400.0,A,False,ft3/s,2191.7239262208,False,False,True,02246500,00060,"USGS NWIS IV 02246500 00060 (raw signed total discharge, not de-tided; negative = flood-tide reversal)"
2024-10-12 19:30:00+00:00,64900.0,A,False,ft3/s,1837.7633438208,False,False,True,02246500,00060,"USGS NWIS IV 02246500 00060 (raw signed total discharge, not de-tided; negative = flood-tide reversal)"
2024-10-12 19:45:00+00:00,45400.0,A,False,ft3/s,1285.5848352768,False,False,True,02246500,00060,"USGS NWIS IV 02246500 00060 (raw signed total discharge, not de-tided; negative = flood-tide reversal)"
2024-10-12 20:00:00+00:00,26800.0,A,False,ft3/s,758.8914886656,False,False,True,02246500,00060,"USGS NWIS IV 02246500 00060 (raw signed total discharge, not de-tided; negative = flood-tide reversal)"
2024-10-12 20:15:00+00:00,3070.0,A,False,ft3/s,86.93271903744001,False,False,True,02246500,00060,"USGS NWIS IV 02246500 00060 (raw signed total discharge, not de-tided; negative = flood-tide reversal)"
2024-10-12 20:30:00+00:00,-13300.0,A,False,ft3/s,-376.6140596736,False,False,True,02246500,00060,"USGS NWIS IV 02246500 00060 (raw signed total discharge, not de-tided; negative = flood-tide reversal)"
2024-10-12 20:45:00+00:00,-38600.0,A,False,ft3/s,-1093.0302784512,False,False,True,02246500,00060,"USGS NWIS IV 02246500 00060 (raw signed total discharge, not de-tided; negative = flood-tide reversal)"
2024-10-12 21:00:00+00:00,-59600.0,A,False,ft3/s,-1687.6840568832001,False,False,True,02246500,00060,"USGS NWIS IV 02246500 00060 (raw signed total discharge, not de-tided; negative = flood-tide reversal)"
2024-10-12 21:15:00+00:00,-90600.0,A,False,ft3/s,-2565.5063012352,False,False,True,02246500,00060,"USGS NWIS IV 02246500 00060 (raw signed total discharge, not de-tided; negative = flood-tide reversal)"
2024-10-12 21:30:00+00:00,-99400.0,A,False,ft3/s,-2814.6945512448,False,False,True,02246500,00060,"USGS NWIS IV 02246500 00060 (raw signed total discharge, not de-tided; negative = flood-tide reversal)"
2024-10-12 21:45:00+00:00,-96300.0,A,False,ft3/s,-2726.9123268096,False,False,True,02246500,00060,"USGS NWIS IV 02246500 00060 (raw signed total discharge, not de-tided; negative = flood-tide reversal)"
2024-10-12 22:00:00+00:00,-107000.0,A,False,ft3/s,-3029.9025853440003,False,False,True,02246500,00060,"USGS NWIS IV 02246500 00060 (raw signed total discharge, not de-tided; negative = flood-tide reversal)"
2024-10-12 22:15:00+00:00,-118000.0,A,False,ft3/s,-3341.387897856,False,False,True,02246500,00060,"USGS NWIS IV 02246500 00060 (raw signed total discharge, not de-tided; negative = flood-tide reversal)"
2024-10-12 22:30:00+00:00,-118000.0,A,False,ft3/s,-3341.387897856,False,False,True,02246500,00060,"USGS NWIS IV 02246500 00060 (raw signed total discharge, not de-tided; negative = flood-tide reversal)"
2024-10-12 22:45:00+00:00,-120000.0,A,False,ft3/s,-3398.02159104,False,False,True,02246500,00060,"USGS NWIS IV 02246500 00060 (raw signed total discharge, not de-tided; negative = flood-tide reversal)"
2024-10-12 23:00:00+00:00,-120000.0,A,False,ft3/s,-3398.02159104,False,False,True,02246500,00060,"USGS NWIS IV 02246500 00060 (raw signed total discharge, not de-tided; negative = flood-tide reversal)"
2024-10-12 23:15:00+00:00,-110000.0,A,False,ft3/s,-3114.85312512,False,False,True,02246500,00060,"USGS NWIS IV 02246500 00060 (raw signed total discharge, not de-tided; negative = flood-tide reversal)"
2024-10-12 23:30:00+00:00,-101000.0,A,False,ft3/s,-2860.001505792,False,False,True,02246500,00060,"USGS NWIS IV 02246500 00060 (raw signed total discharge, not de-tided; negative = flood-tide reversal)"
2024-10-12 23:45:00+00:00,-98000.0,A,False,ft3/s,-2775.050966016,False,False,True,02246500,00060,"USGS NWIS IV 02246500 00060 (raw signed total discharge, not de-tided; negative = flood-tide reversal)"
2024-10-13 00:00:00+00:00,-78600.0,A,False,ft3/s,-2225.7041421312,False,False,True,02246500,00060,"USGS NWIS IV 02246500 00060 (raw signed total discharge, not de-tided; negative = flood-tide reversal)"
2024-10-13 00:15:00+00:00,-73400.0,A,False,ft3/s,-2078.4565398528002,False,False,True,02246500,00060,"USGS NWIS IV 02246500 00060 (raw signed total discharge, not de-tided; negative = flood-tide reversal)"
2024-10-13 00:30:00+00:00,-46400.0,A,False,ft3/s,-1313.9016818688,False,False,True,02246500,00060,"USGS NWIS IV 02246500 00060 (raw signed total discharge, not de-tided; negative = flood-tide reversal)"
2024-10-13 00:45:00+00:00,-31500.0,A,False,ft3/s,-891.980667648,False,False,True,02246500,00060,"USGS NWIS IV 02246500 00060 (raw signed total discharge, not de-tided; negative = flood-tide reversal)"
2024-10-13 01:00:00+00:00,-7280.0,A,False,ft3/s,-206.14664318976,False,False,True,02246500,00060,"USGS NWIS IV 02246500 00060 (raw signed total discharge, not de-tided; negative = flood-tide reversal)"
2024-10-13 01:15:00+00:00,17300.0,A,False,ft3/s,489.8814460416,False,False,True,02246500,00060,"USGS NWIS IV 02246500 00060 (raw signed total discharge, not de-tided; negative = flood-tide reversal)"
2024-10-13 01:30:00+00:00,38800.0,A,False,ft3/s,1098.6936477696,False,False,True,02246500,00060,"USGS NWIS IV 02246500 00060 (raw signed total discharge, not de-tided; negative = flood-tide reversal)"
2024-10-13 01:45:00+00:00,63100.0,A,False,ft3/s,1786.7930199552,False,False,True,02246500,00060,"USGS NWIS IV 02246500 00060 (raw signed total discharge, not de-tided; negative = flood-tide reversal)"
2024-10-13 02:00:00+00:00,94000.0,A,False,ft3/s,2661.783579648,False,False,True,02246500,00060,"USGS NWIS IV 02246500 00060 (raw signed total discharge, not de-tided; negative = flood-tide reversal)"
2024-10-13 02:15:00+00:00,101000.0,A,False,ft3/s,2860.001505792,False,False,True,02246500,00060,"USGS NWIS IV 02246500 00060 (raw signed total discharge, not de-tided; negative = flood-tide reversal)"
2024-10-13 02:30:00+00:00,123000.0,A,False,ft3/s,3482.972130816,False,False,True,02246500,00060,"USGS NWIS IV 02246500 00060 (raw signed total discharge, not de-tided; negative = flood-tide reversal)"
2024-10-13 02:45:00+00:00,145000.0,A,False,ft3/s,4105.94275584,False,False,True,02246500,00060,"USGS NWIS IV 02246500 00060 (raw signed total discharge, not de-tided; negative = flood-tide reversal)"
2024-10-13 03:00:00+00:00,158000.0,A,False,ft3/s,4474.061761536,False,False,True,02246500,00060,"USGS NWIS IV 02246500 00060 (raw signed total discharge, not de-tided; negative = flood-tide reversal)"
2024-10-13 03:15:00+00:00,169000.0,A,False,ft3/s,4785.5470740480005,False,False,True,02246500,00060,"USGS NWIS IV 02246500 00060 (raw signed total discharge, not de-tided; negative = flood-tide reversal)"
2024-10-13 03:30:00+00:00,175000.0,A,False,ft3/s,4955.4481536,False,False,True,02246500,00060,"USGS NWIS IV 02246500 00060 (raw signed total discharge, not de-tided; negative = flood-tide reversal)"
2024-10-13 03:45:00+00:00,186000.0,A,False,ft3/s,5266.933466112,False,False,True,02246500,00060,"USGS NWIS IV 02246500 00060 (raw signed total discharge, not de-tided; negative = flood-tide reversal)"
2024-10-13 04:00:00+00:00,185000.0,A,False,ft3/s,5238.61661952,False,False,True,02246500,00060,"USGS NWIS IV 02246500 00060 (raw signed total discharge, not de-tided; negative = flood-tide reversal)"
2024-10-13 04:15:00+00:00,188000.0,A,False,ft3/s,5323.567159296,False,False,True,02246500,00060,"USGS NWIS IV 02246500 00060 (raw signed total discharge, not de-tided; negative = flood-tide reversal)"
2024-10-13 04:30:00+00:00,186000.0,A,False,ft3/s,5266.933466112,False,False,True,02246500,00060,"USGS NWIS IV 02246500 00060 (raw signed total discharge, not de-tided; negative = flood-tide reversal)"
2024-10-13 04:45:00+00:00,183000.0,A,False,ft3/s,5181.982926336,False,False,True,02246500,00060,"USGS NWIS IV 02246500 00060 (raw signed total discharge, not de-tided; negative = flood-tide reversal)"
2024-10-13 05:00:00+00:00,192000.0,A,False,ft3/s,5436.834545664,False,False,True,02246500,00060,"USGS NWIS IV 02246500 00060 (raw signed total discharge, not de-tided; negative = flood-tide reversal)"
2024-10-13 05:15:00+00:00,189000.0,A,False,ft3/s,5351.8840058880005,False,False,True,02246500,00060,"USGS NWIS IV 02246500 00060 (raw signed total discharge, not de-tided; negative = flood-tide reversal)"
2024-10-13 05:30:00+00:00,192000.0,A,False,ft3/s,5436.834545664,False,False,True,02246500,00060,"USGS NWIS IV 02246500 00060 (raw signed total discharge, not de-tided; negative = flood-tide reversal)"
2024-10-13 05:45:00+00:00,195000.0,A,False,ft3/s,5521.78508544,False,False,True,02246500,00060,"USGS NWIS IV 02246500 00060 (raw signed total discharge, not de-tided; negative = flood-tide reversal)"
2024-10-13 06:00:00+00:00,187000.0,A,False,ft3/s,5295.250312704,False,False,True,02246500,00060,"USGS NWIS IV 02246500 00060 (raw signed total discharge, not de-tided; negative = flood-tide reversal)"
2024-10-13 06:15:00+00:00,185000.0,A,False,ft3/s,5238.61661952,False,False,True,02246500,00060,"USGS NWIS IV 02246500 00060 (raw signed total discharge, not de-tided; negative = flood-tide reversal)"
2024-10-13 06:30:00+00:00,177000.0,A,False,ft3/s,5012.081846784,False,False,True,02246500,00060,"USGS NWIS IV 02246500 00060 (raw signed total discharge, not de-tided; negative = flood-tide reversal)"
2024-10-13 06:45:00+00:00,171000.0,A,False,ft3/s,4842.180767232,False,False,True,02246500,00060,"USGS NWIS IV 02246500 00060 (raw signed total discharge, not de-tided; negative = flood-tide reversal)"
2024-10-13 07:00:00+00:00,161000.0,A,False,ft3/s,4559.012301312,False,False,True,02246500,00060,"USGS NWIS IV 02246500 00060 (raw signed total discharge, not de-tided; negative = flood-tide reversal)"
2024-10-13 07:15:00+00:00,149000.0,A,False,ft3/s,4219.210142208,False,False,True,02246500,00060,"USGS NWIS IV 02246500 00060 (raw signed total discharge, not de-tided; negative = flood-tide reversal)"
2024-10-13 07:30:00+00:00,146000.0,A,False,ft3/s,4134.259602432,False,False,True,02246500,00060,"USGS NWIS IV 02246500 00060 (raw signed total discharge, not de-tided; negative = flood-tide reversal)"
2024-10-13 07:45:00+00:00,133000.0,A,False,ft3/s,3766.140596736,False,False,True,02246500,00060,"USGS NWIS IV 02246500 00060 (raw signed total discharge, not de-tided; negative = flood-tide reversal)"
2024-10-13 08:00:00+00:00,111000.0,A,False,ft3/s,3143.169971712,False,False,True,02246500,00060,"USGS NWIS IV 02246500 00060 (raw signed total discharge, not de-tided; negative = flood-tide reversal)"
2024-10-13 08:15:00+00:00,96200.0,A,False,ft3/s,2724.0806421504,False,False,True,02246500,00060,"USGS NWIS IV 02246500 00060 (raw signed total discharge, not de-tided; negative = flood-tide reversal)"
2024-10-13 08:30:00+00:00,68600.0,A,False,ft3/s,1942.5356762112,False,False,True,02246500,00060,"USGS NWIS IV 02246500 00060 (raw signed total discharge, not de-tided; negative = flood-tide reversal)"
2024-10-13 08:45:00+00:00,51100.0,A,False,ft3/s,1446.9908608512,False,False,True,02246500,00060,"USGS NWIS IV 02246500 00060 (raw signed total discharge, not de-tided; negative = flood-tide reversal)"
2024-10-13 09:00:00+00:00,34000.0,A,False,ft3/s,962.772784128,False,False,True,02246500,00060,"USGS NWIS IV 02246500 00060 (raw signed total discharge, not de-tided; negative = flood-tide reversal)"
2024-10-13 09:15:00+00:00,29200.0,A,False,ft3/s,826.8519204864,False,False,True,02246500,00060,"USGS NWIS IV 02246500 00060 (raw signed total discharge, not de-tided; negative = flood-tide reversal)"
2024-10-13 09:30:00+00:00,3060.0,A,False,ft3/s,86.64955057152,False,False,True,02246500,00060,"USGS NWIS IV 02246500 00060 (raw signed total discharge, not de-tided; negative = flood-tide reversal)"
2024-10-13 09:45:00+00:00,-12300.0,A,False,ft3/s,-348.29721308160003,False,False,True,02246500,00060,"USGS NWIS IV 02246500 00060 (raw signed total discharge, not de-tided; negative = flood-tide reversal)"
2024-10-13 10:00:00+00:00,-26600.0,A,False,ft3/s,-753.2281193472,False,False,True,02246500,00060,"USGS NWIS IV 02246500 00060 (raw signed total discharge, not de-tided; negative = flood-tide reversal)"
2024-10-13 10:15:00+00:00,-37000.0,A,False,ft3/s,-1047.723323904,False,False,True,02246500,00060,"USGS NWIS IV 02246500 00060 (raw signed total discharge, not de-tided; negative = flood-tide reversal)"
2024-10-13 10:30:00+00:00,-65500.0,A,False,ft3/s,-1854.753451776,False,False,True,02246500,00060,"USGS NWIS IV 02246500 00060 (raw signed total discharge, not de-tided; negative = flood-tide reversal)"
2024-10-13 10:45:00+00:00,-76000.0,A,False,ft3/s,-2152.080340992,False,False,True,02246500,00060,"USGS NWIS IV 02246500 00060 (raw signed total discharge, not de-tided; negative = flood-tide reversal)"
2024-10-13 11:00:00+00:00,-84800.0,A,False,ft3/s,-2401.2685910016003,False,False,True,02246500,00060,"USGS NWIS IV 02246500 00060 (raw signed total discharge, not de-tided; negative = flood-tide reversal)"
2024-10-13 11:15:00+00:00,-81100.0,A,False,ft3/s,-2296.4962586112,False,False,True,02246500,00060,"USGS NWIS IV 02246500 00060 (raw signed total discharge, not de-tided; negative = flood-tide reversal)"
2024-10-13 11:30:00+00:00,-73100.0,A,False,ft3/s,-2069.9614858752,False,False,True,02246500,00060,"USGS NWIS IV 02246500 00060 (raw signed total discharge, not de-tided; negative = flood-tide reversal)"
2024-10-13 11:45:00+00:00,-85600.0,A,False,ft3/s,-2423.9220682752,False,False,True,02246500,00060,"USGS NWIS IV 02246500 00060 (raw signed total discharge, not de-tided; negative = flood-tide reversal)"
2024-10-13 12:00:00+00:00,-69000.0,A,False,ft3/s,-1953.862414848,False,False,True,02246500,00060,"USGS NWIS IV 02246500 00060 (raw signed total discharge, not de-tided; negative = flood-tide reversal)"
2024-10-13 12:15:00+00:00,-50200.0,A,False,ft3/s,-1421.5056989184,False,False,True,02246500,00060,"USGS NWIS IV 02246500 00060 (raw signed total discharge, not de-tided; negative = flood-tide reversal)"
2024-10-13 12:30:00+00:00,-31900.0,A,False,ft3/s,-903.3074062848,False,False,True,02246500,00060,"USGS NWIS IV 02246500 00060 (raw signed total discharge, not de-tided; negative = flood-tide reversal)"
2024-10-13 12:45:00+00:00,-13700.0,A,False,ft3/s,-387.9407983104,False,False,True,02246500,00060,"USGS NWIS IV 02246500 00060 (raw signed total discharge, not de-tided; negative = flood-tide reversal)"
2024-10-13 13:00:00+00:00,15300.0,A,False,ft3/s,433.2477528576,False,False,True,02246500,00060,"USGS NWIS IV 02246500 00060 (raw signed total discharge, not de-tided; negative = flood-tide reversal)"
2024-10-13 13:15:00+00:00,36200.0,A,False,ft3/s,1025.0698466304,False,False,True,02246500,00060,"USGS NWIS IV 02246500 00060 (raw signed total discharge, not de-tided; negative = flood-tide reversal)"
2024-10-13 13:30:00+00:00,61900.0,A,False,ft3/s,1752.8128040448,False,False,True,02246500,00060,"USGS NWIS IV 02246500 00060 (raw signed total discharge, not de-tided; negative = flood-tide reversal)"
2024-10-13 13:45:00+00:00,82600.0,A,False,ft3/s,2338.9715284992,False,False,True,02246500,00060,"USGS NWIS IV 02246500 00060 (raw signed total discharge, not de-tided; negative = flood-tide reversal)"
2024-10-13 14:00:00+00:00,101000.0,A,False,ft3/s,2860.001505792,False,False,True,02246500,00060,"USGS NWIS IV 02246500 00060 (raw signed total discharge, not de-tided; negative = flood-tide reversal)"
2024-10-13 14:15:00+00:00,113000.0,A,False,ft3/s,3199.803664896,False,False,True,02246500,00060,"USGS NWIS IV 02246500 00060 (raw signed total discharge, not de-tided; negative = flood-tide reversal)"
2024-10-13 14:30:00+00:00,131000.0,A,False,ft3/s,3709.506903552,False,False,True,02246500,00060,"USGS NWIS IV 02246500 00060 (raw signed total discharge, not de-tided; negative = flood-tide reversal)"
2024-10-13 14:45:00+00:00,144000.0,A,False,ft3/s,4077.625909248,False,False,True,02246500,00060,"USGS NWIS IV 02246500 00060 (raw signed total discharge, not de-tided; negative = flood-tide reversal)"
2024-10-13 15:00:00+00:00,157000.0,A,False,ft3/s,4445.744914944,False,False,True,02246500,00060,"USGS NWIS IV 02246500 00060 (raw signed total discharge, not de-tided; negative = flood-tide reversal)"
2024-10-13 15:15:00+00:00,167000.0,A,False,ft3/s,4728.913380864,False,False,True,02246500,00060,"USGS NWIS IV 02246500 00060 (raw signed total discharge, not de-tided; negative = flood-tide reversal)"
2024-10-13 15:30:00+00:00,172000.0,A,False,ft3/s,4870.497613824,False,False,True,02246500,00060,"USGS NWIS IV 02246500 00060 (raw signed total discharge, not de-tided; negative = flood-tide reversal)"
2024-10-13 15:45:00+00:00,171000.0,A,False,ft3/s,4842.180767232,False,False,True,02246500,00060,"USGS NWIS IV 02246500 00060 (raw signed total discharge, not de-tided; negative = flood-tide reversal)"
2024-10-13 16:00:00+00:00,180000.0,A,False,ft3/s,5097.03238656,False,False,True,02246500,00060,"USGS NWIS IV 02246500 00060 (raw signed total discharge, not de-tided; negative = flood-tide reversal)"
2024-10-13 16:15:00+00:00,178000.0,A,False,ft3/s,5040.398693376,False,False,True,02246500,00060,"USGS NWIS IV 02246500 00060 (raw signed total discharge, not de-tided; negative = flood-tide reversal)"
2024-10-13 16:30:00+00:00,191000.0,A,False,ft3/s,5408.517699072,False,False,True,02246500,00060,"USGS NWIS IV 02246500 00060 (raw signed total discharge, not de-tided; negative = flood-tide reversal)"
2024-10-13 16:45:00+00:00,194000.0,A,False,ft3/s,5493.4682388480005,False,False,True,02246500,00060,"USGS NWIS IV 02246500 00060 (raw signed total discharge, not de-tided; negative = flood-tide reversal)"
2024-10-13 17:00:00+00:00,193000.0,A,False,ft3/s,5465.151392256,False,False,True,02246500,00060,"USGS NWIS IV 02246500 00060 (raw signed total discharge, not de-tided; negative = flood-tide reversal)"
2024-10-13 17:15:00+00:00,188000.0,A,False,ft3/s,5323.567159296,False,False,True,02246500,00060,"USGS NWIS IV 02246500 00060 (raw signed total discharge, not de-tided; negative = flood-tide reversal)"
2024-10-13 17:30:00+00:00,191000.0,A,False,ft3/s,5408.517699072,False,False,True,02246500,00060,"USGS NWIS IV 02246500 00060 (raw signed total discharge, not de-tided; negative = flood-tide reversal)"
2024-10-13 17:45:00+00:00,193000.0,A,False,ft3/s,5465.151392256,False,False,True,02246500,00060,"USGS NWIS IV 02246500 00060 (raw signed total discharge, not de-tided; negative = flood-tide reversal)"
2024-10-13 18:00:00+00:00,187000.0,A,False,ft3/s,5295.250312704,False,False,True,02246500,00060,"USGS NWIS IV 02246500 00060 (raw signed total discharge, not de-tided; negative = flood-tide reversal)"
2024-10-13 18:15:00+00:00,176000.0,A,False,ft3/s,4983.765000192,False,False,True,02246500,00060,"USGS NWIS IV 02246500 00060 (raw signed total discharge, not de-tided; negative = flood-tide reversal)"
2024-10-13 18:30:00+00:00,183000.0,A,False,ft3/s,5181.982926336,False,False,True,02246500,00060,"USGS NWIS IV 02246500 00060 (raw signed total discharge, not de-tided; negative = flood-tide reversal)"
2024-10-13 18:45:00+00:00,175000.0,A,False,ft3/s,4955.4481536,False,False,True,02246500,00060,"USGS NWIS IV 02246500 00060 (raw signed total discharge, not de-tided; negative = flood-tide reversal)"
2024-10-13 19:00:00+00:00,161000.0,A,False,ft3/s,4559.012301312,False,False,True,02246500,00060,"USGS NWIS IV 02246500 00060 (raw signed total discharge, not de-tided; negative = flood-tide reversal)"
2024-10-13 19:15:00+00:00,153000.0,A,False,ft3/s,4332.477528576,False,False,True,02246500,00060,"USGS NWIS IV 02246500 00060 (raw signed total discharge, not de-tided; negative = flood-tide reversal)"
2024-10-13 19:30:00+00:00,139000.0,A,False,ft3/s,3936.041676288,False,False,True,02246500,00060,"USGS NWIS IV 02246500 00060 (raw signed total discharge, not de-tided; negative = flood-tide reversal)"
2024-10-13 19:45:00+00:00,118000.0,A,False,ft3/s,3341.387897856,False,False,True,02246500,00060,"USGS NWIS IV 02246500 00060 (raw signed total discharge, not de-tided; negative = flood-tide reversal)"
2024-10-13 20:00:00+00:00,102000.0,A,False,ft3/s,2888.3183523840003,False,False,True,02246500,00060,"USGS NWIS IV 02246500 00060 (raw signed total discharge, not de-tided; negative = flood-tide reversal)"
2024-10-13 20:15:00+00:00,84600.0,A,False,ft3/s,2395.6052216832,False,False,True,02246500,00060,"USGS NWIS IV 02246500 00060 (raw signed total discharge, not de-tided; negative = flood-tide reversal)"
2024-10-13 20:30:00+00:00,61000.0,A,False,ft3/s,1727.3276421120001,False,False,True,02246500,00060,"USGS NWIS IV 02246500 00060 (raw signed total discharge, not de-tided; negative = flood-tide reversal)"
2024-10-13 20:45:00+00:00,40700.0,A,False,ft3/s,1152.4956562944,False,False,True,02246500,00060,"USGS NWIS IV 02246500 00060 (raw signed total discharge, not de-tided; negative = flood-tide reversal)"
2024-10-13 21:00:00+00:00,5980.0,A,False,ft3/s,169.33474262016,False,False,True,02246500,00060,"USGS NWIS IV 02246500 00060 (raw signed total discharge, not de-tided; negative = flood-tide reversal)"
2024-10-13 21:15:00+00:00,-1370.0,A,False,ft3/s,-38.79407983104,False,False,True,02246500,00060,"USGS NWIS IV 02246500 00060 (raw signed total discharge, not de-tided; negative = flood-tide reversal)"
2024-10-13 21:30:00+00:00,-25400.0,A,False,ft3/s,-719.2479034368,False,False,True,02246500,00060,"USGS NWIS IV 02246500 00060 (raw signed total discharge, not de-tided; negative = flood-tide reversal)"
2024-10-13 21:45:00+00:00,-41300.0,A,False,ft3/s,-1169.4857642496,False,False,True,02246500,00060,"USGS NWIS IV 02246500 00060 (raw signed total discharge, not de-tided; negative = flood-tide reversal)"
2024-10-13 22:00:00+00:00,-62500.0,A,False,ft3/s,-1769.802912,False,False,True,02246500,00060,"USGS NWIS IV 02246500 00060 (raw signed total discharge, not de-tided; negative = flood-tide reversal)"
2024-10-13 22:15:00+00:00,-82200.0,A,False,ft3/s,-2327.6447898624,False,False,True,02246500,00060,"USGS NWIS IV 02246500 00060 (raw signed total discharge, not de-tided; negative = flood-tide reversal)"
2024-10-13 22:30:00+00:00,-96600.0,A,False,ft3/s,-2735.4073807872,False,False,True,02246500,00060,"USGS NWIS IV 02246500 00060 (raw signed total discharge, not de-tided; negative = flood-tide reversal)"
2024-10-13 22:45:00+00:00,-117000.0,A,False,ft3/s,-3313.0710512640003,False,False,True,02246500,00060,"USGS NWIS IV 02246500 00060 (raw signed total discharge, not de-tided; negative = flood-tide reversal)"
2024-10-13 23:00:00+00:00,-121000.0,A,False,ft3/s,-3426.338437632,False,False,True,02246500,00060,"USGS NWIS IV 02246500 00060 (raw signed total discharge, not de-tided; negative = flood-tide reversal)"
2024-10-13 23:15:00+00:00,-137000.0,A,False,ft3/s,-3879.4079831040003,False,False,True,02246500,00060,"USGS NWIS IV 02246500 00060 (raw signed total discharge, not de-tided; negative = flood-tide reversal)"
2024-10-13 23:30:00+00:00,-134000.0,A,False,ft3/s,-3794.457443328,False,False,True,02246500,00060,"USGS NWIS IV 02246500 00060 (raw signed total discharge, not de-tided; negative = flood-tide reversal)"
2024-10-13 23:45:00+00:00,-115000.0,A,False,ft3/s,-3256.43735808,False,False,True,02246500,00060,"USGS NWIS IV 02246500 00060 (raw signed total discharge, not de-tided; negative = flood-tide reversal)"
2024-10-14 00:00:00+00:00,-130000.0,A,False,ft3/s,-3681.19005696,False,False,True,02246500,00060,"USGS NWIS IV 02246500 00060 (raw signed total discharge, not de-tided; negative = flood-tide reversal)"
2024-10-14 00:15:00+00:00,-112000.0,A,False,ft3/s,-3171.4868183040003,False,False,True,02246500,00060,"USGS NWIS IV 02246500 00060 (raw signed total discharge, not de-tided; negative = flood-tide reversal)"
2024-10-14 00:30:00+00:00,-113000.0,A,False,ft3/s,-3199.803664896,False,False,True,02246500,00060,"USGS NWIS IV 02246500 00060 (raw signed total discharge, not de-tided; negative = flood-tide reversal)"
2024-10-14 00:45:00+00:00,-98700.0,A,False,ft3/s,-2794.8727586304,False,False,True,02246500,00060,"USGS NWIS IV 02246500 00060 (raw signed total discharge, not de-tided; negative = flood-tide reversal)"
2024-10-14 01:00:00+00:00,-112000.0,A,False,ft3/s,-3171.4868183040003,False,False,True,02246500,00060,"USGS NWIS IV 02246500 00060 (raw signed total discharge, not de-tided; negative = flood-tide reversal)"
2024-10-14 01:15:00+00:00,-81100.0,A,False,ft3/s,-2296.4962586112,False,False,True,02246500,00060,"USGS NWIS IV 02246500 00060 (raw signed total discharge, not de-tided; negative = flood-tide reversal)"
2024-10-14 01:30:00+00:00,-44100.0,A,False,ft3/s,-1248.7729347072,False,False,True,02246500,00060,"USGS NWIS IV 02246500 00060 (raw signed total discharge, not de-tided; negative = flood-tide reversal)"
2024-10-14 01:45:00+00:00,-31700.0,A,False,ft3/s,-897.6440369664,False,False,True,02246500,00060,"USGS NWIS IV 02246500 00060 (raw signed total discharge, not de-tided; negative = flood-tide reversal)"
2024-10-14 02:00:00+00:00,2540.0,A,False,ft3/s,71.92479034368,False,False,True,02246500,00060,"USGS NWIS IV 02246500 00060 (raw signed total discharge, not de-tided; negative = flood-tide reversal)"
2024-10-14 02:15:00+00:00,31700.0,A,False,ft3/s,897.6440369664,False,False,True,02246500,00060,"USGS NWIS IV 02246500 00060 (raw signed total discharge, not de-tided; negative = flood-tide reversal)"
2024-10-14 02:30:00+00:00,56400.0,A,False,ft3/s,1597.0701477888,False,False,True,02246500,00060,"USGS NWIS IV 02246500 00060 (raw signed total discharge, not de-tided; negative = flood-tide reversal)"
2024-10-14 02:45:00+00:00,76500.0,A,False,ft3/s,2166.238764288,False,False,True,02246500,00060,"USGS NWIS IV 02246500 00060 (raw signed total discharge, not de-tided; negative = flood-tide reversal)"
2024-10-14 03:00:00+00:00,95000.0,A,False,ft3/s,2690.10042624,False,False,True,02246500,00060,"USGS NWIS IV 02246500 00060 (raw signed total discharge, not de-tided; negative = flood-tide reversal)"
2024-10-14 03:15:00+00:00,117000.0,A,False,ft3/s,3313.0710512640003,False,False,True,02246500,00060,"USGS NWIS IV 02246500 00060 (raw signed total discharge, not de-tided; negative = flood-tide reversal)"
2024-10-14 03:30:00+00:00,137000.0,A,False,ft3/s,3879.4079831040003,False,False,True,02246500,00060,"USGS NWIS IV 02246500 00060 (raw signed total discharge, not de-tided; negative = flood-tide reversal)"
2024-10-14 03:45:00+00:00,146000.0,A,False,ft3/s,4134.259602432,False,False,True,02246500,00060,"USGS NWIS IV 02246500 00060 (raw signed total discharge, not de-tided; negative = flood-tide reversal)"
2024-10-14 04:00:00+00:00,161000.0,A,False,ft3/s,4559.012301312,False,False,True,02246500,00060,"USGS NWIS IV 02246500 00060 (raw signed total discharge, not de-tided; negative = flood-tide reversal)"
2024-10-14 04:15:00+00:00,164000.0,A,False,ft3/s,4643.9628410880005,False,False,True,02246500,00060,"USGS NWIS IV 02246500 00060 (raw signed total discharge, not de-tided; negative = flood-tide reversal)"
2024-10-14 04:30:00+00:00,178000.0,A,False,ft3/s,5040.398693376,False,False,True,02246500,00060,"USGS NWIS IV 02246500 00060 (raw signed total discharge, not de-tided; negative = flood-tide reversal)"
2024-10-14 04:45:00+00:00,184000.0,A,False,ft3/s,5210.2997729280005,False,False,True,02246500,00060,"USGS NWIS IV 02246500 00060 (raw signed total discharge, not de-tided; negative = flood-tide reversal)"
2024-10-14 05:00:00+00:00,191000.0,A,False,ft3/s,5408.517699072,False,False,True,02246500,00060,"USGS NWIS IV 02246500 00060 (raw signed total discharge, not de-tided; negative = flood-tide reversal)"
2024-10-14 05:15:00+00:00,184000.0,A,False,ft3/s,5210.2997729280005,False,False,True,02246500,00060,"USGS NWIS IV 02246500 00060 (raw signed total discharge, not de-tided; negative = flood-tide reversal)"
2024-10-14 05:30:00+00:00,194000.0,A,False,ft3/s,5493.4682388480005,False,False,True,02246500,00060,"USGS NWIS IV 02246500 00060 (raw signed total discharge, not de-tided; negative = flood-tide reversal)"
2024-10-14 05:45:00+00:00,193000.0,A,False,ft3/s,5465.151392256,False,False,True,02246500,00060,"USGS NWIS IV 02246500 00060 (raw signed total discharge, not de-tided; negative = flood-tide reversal)"
2024-10-14 06:00:00+00:00,200000.0,A,False,ft3/s,5663.3693184,False,False,True,02246500,00060,"USGS NWIS IV 02246500 00060 (raw signed total discharge, not de-tided; negative = flood-tide reversal)"
2024-10-14 06:15:00+00:00,199000.0,A,False,ft3/s,5635.0524718080005,False,False,True,02246500,00060,"USGS NWIS IV 02246500 00060 (raw signed total discharge, not de-tided; negative = flood-tide reversal)"
2024-10-14 06:30:00+00:00,207000.0,A,False,ft3/s,5861.587244544,False,False,True,02246500,00060,"USGS NWIS IV 02246500 00060 (raw signed total discharge, not de-tided; negative = flood-tide reversal)"
2024-10-14 06:45:00+00:00,194000.0,A,False,ft3/s,5493.4682388480005,False,False,True,02246500,00060,"USGS NWIS IV 02246500 00060 (raw signed total discharge, not de-tided; negative = flood-tide reversal)"
2024-10-14 07:00:00+00:00,195000.0,A,False,ft3/s,5521.78508544,False,False,True,02246500,00060,"USGS NWIS IV 02246500 00060 (raw signed total discharge, not de-tided; negative = flood-tide reversal)"
2024-10-14 07:15:00+00:00,190000.0,A,False,ft3/s,5380.20085248,False,False,True,02246500,00060,"USGS NWIS IV 02246500 00060 (raw signed total discharge, not de-tided; negative = flood-tide reversal)"
2024-10-14 07:30:00+00:00,169000.0,A,False,ft3/s,4785.5470740480005,False,False,True,02246500,00060,"USGS NWIS IV 02246500 00060 (raw signed total discharge, not de-tided; negative = flood-tide reversal)"
2024-10-14 07:45:00+00:00,171000.0,A,False,ft3/s,4842.180767232,False,False,True,02246500,00060,"USGS NWIS IV 02246500 00060 (raw signed total discharge, not de-tided; negative = flood-tide reversal)"
2024-10-14 08:00:00+00:00,157000.0,A,False,ft3/s,4445.744914944,False,False,True,02246500,00060,"USGS NWIS IV 02246500 00060 (raw signed total discharge, not de-tided; negative = flood-tide reversal)"
2024-10-14 08:15:00+00:00,154000.0,A,False,ft3/s,4360.794375168,False,False,True,02246500,00060,"USGS NWIS IV 02246500 00060 (raw signed total discharge, not de-tided; negative = flood-tide reversal)"
2024-10-14 08:30:00+00:00,141000.0,A,False,ft3/s,3992.675369472,False,False,True,02246500,00060,"USGS NWIS IV 02246500 00060 (raw signed total discharge, not de-tided; negative = flood-tide reversal)"
2024-10-14 08:45:00+00:00,122000.0,A,False,ft3/s,3454.6552842240003,False,False,True,02246500,00060,"USGS NWIS IV 02246500 00060 (raw signed total discharge, not de-tided; negative = flood-tide reversal)"
2024-10-14 09:00:00+00:00,101000.0,A,False,ft3/s,2860.001505792,False,False,True,02246500,00060,"USGS NWIS IV 02246500 00060 (raw signed total discharge, not de-tided; negative = flood-tide reversal)"
2024-10-14 09:15:00+00:00,83400.0,A,False,ft3/s,2361.6250057728003,False,False,True,02246500,00060,"USGS NWIS IV 02246500 00060 (raw signed total discharge, not de-tided; negative = flood-tide reversal)"
2024-10-14 09:30:00+00:00,64200.0,A,False,ft3/s,1817.9415512064002,False,False,True,02246500,00060,"USGS NWIS IV 02246500 00060 (raw signed total discharge, not de-tided; negative = flood-tide reversal)"
2024-10-14 09:45:00+00:00,48800.0,A,False,ft3/s,1381.8621136896,False,False,True,02246500,00060,"USGS NWIS IV 02246500 00060 (raw signed total discharge, not de-tided; negative = flood-tide reversal)"
2024-10-14 10:00:00+00:00,25000.0,A,False,ft3/s,707.9211648,False,False,True,02246500,00060,"USGS NWIS IV 02246500 00060 (raw signed total discharge, not de-tided; negative = flood-tide reversal)"
2024-10-14 10:15:00+00:00,12800.0,A,False,ft3/s,362.4556363776,False,False,True,02246500,00060,"USGS NWIS IV 02246500 00060 (raw signed total discharge, not de-tided; negative = flood-tide reversal)"
2024-10-14 10:30:00+00:00,-11200.0,A,False,ft3/s,-317.1486818304,False,False,True,02246500,00060,"USGS NWIS IV 02246500 00060 (raw signed total discharge, not de-tided; negative = flood-tide reversal)"
2024-10-14 10:45:00+00:00,-20000.0,A,False,ft3/s,-566.33693184,False,False,True,02246500,00060,"USGS NWIS IV 02246500 00060 (raw signed total discharge, not de-tided; negative = flood-tide reversal)"
2024-10-14 11:00:00+00:00,-30800.0,A,False,ft3/s,-872.1588750336,False,False,True,02246500,00060,"USGS NWIS IV 02246500 00060 (raw signed total discharge, not de-tided; negative = flood-tide reversal)"
2024-10-14 11:15:00+00:00,-47500.0,A,False,ft3/s,-1345.05021312,False,False,True,02246500,00060,"USGS NWIS IV 02246500 00060 (raw signed total discharge, not de-tided; negative = flood-tide reversal)"
2024-10-14 11:30:00+00:00,-58100.0,A,False,ft3/s,-1645.2087869952,False,False,True,02246500,00060,"USGS NWIS IV 02246500 00060 (raw signed total discharge, not de-tided; negative = flood-tide reversal)"
2024-10-14 11:45:00+00:00,-69500.0,A,False,ft3/s,-1968.020838144,False,False,True,02246500,00060,"USGS NWIS IV 02246500 00060 (raw signed total discharge, not de-tided; negative = flood-tide reversal)"
2024-10-14 12:00:00+00:00,-80000.0,A,False,ft3/s,-2265.34772736,False,False,True,02246500,00060,"USGS NWIS IV 02246500 00060 (raw signed total discharge, not de-tided; negative = flood-tide reversal)"
2024-10-14 12:15:00+00:00,-76800.0,A,False,ft3/s,-2174.7338182656,False,False,True,02246500,00060,"USGS NWIS IV 02246500 00060 (raw signed total discharge, not de-tided; negative = flood-tide reversal)"
2024-10-14 12:30:00+00:00,-84000.0,A,False,ft3/s,-2378.615113728,False,False,True,02246500,00060,"USGS NWIS IV 02246500 00060 (raw signed total discharge, not de-tided; negative = flood-tide reversal)"
2024-10-14 12:45:00+00:00,-76600.0,A,False,ft3/s,-2169.0704489472,False,False,True,02246500,00060,"USGS NWIS IV 02246500 00060 (raw signed total discharge, not de-tided; negative = flood-tide reversal)"
2024-10-14 13:00:00+00:00,-67000.0,A,False,ft3/s,-1897.228721664,False,False,True,02246500,00060,"USGS NWIS IV 02246500 00060 (raw signed total discharge, not de-tided; negative = flood-tide reversal)"
2024-10-14 13:15:00+00:00,-51700.0,A,False,ft3/s,-1463.9809688064001,False,False,True,02246500,00060,"USGS NWIS IV 02246500 00060 (raw signed total discharge, not de-tided; negative = flood-tide reversal)"
2024-10-14 13:30:00+00:00,-37400.0,A,False,ft3/s,-1059.0500625408001,False,False,True,02246500,00060,"USGS NWIS IV 02246500 00060 (raw signed total discharge, not de-tided; negative = flood-tide reversal)"
2024-10-14 13:45:00+00:00,-10600.0,A,False,ft3/s,-300.15857387520003,False,False,True,02246500,00060,"USGS NWIS IV 02246500 00060 (raw signed total discharge, not de-tided; negative = flood-tide reversal)"
2024-10-14 14:00:00+00:00,21000.0,A,False,ft3/s,594.653778432,False,False,True,02246500,00060,"USGS NWIS IV 02246500 00060 (raw signed total discharge, not de-tided; negative = flood-tide reversal)"
2024-10-14 14:15:00+00:00,47000.0,A,False,ft3/s,1330.891789824,False,False,True,02246500,00060,"USGS NWIS IV 02246500 00060 (raw signed total discharge, not de-tided; negative = flood-tide reversal)"
2024-10-14 14:30:00+00:00,69900.0,A,False,ft3/s,1979.3475767808,False,False,True,02246500,00060,"USGS NWIS IV 02246500 00060 (raw signed total discharge, not de-tided; negative = flood-tide reversal)"
2024-10-14 14:45:00+00:00,87400.0,A,False,ft3/s,2474.8923921408,False,False,True,02246500,00060,"USGS NWIS IV 02246500 00060 (raw signed total discharge, not de-tided; negative = flood-tide reversal)"
2024-10-14 15:00:00+00:00,108000.0,A,False,ft3/s,3058.219431936,False,False,True,02246500,00060,"USGS NWIS IV 02246500 00060 (raw signed total discharge, not de-tided; negative = flood-tide reversal)"
2024-10-14 15:15:00+00:00,130000.0,A,False,ft3/s,3681.19005696,False,False,True,02246500,00060,"USGS NWIS IV 02246500 00060 (raw signed total discharge, not de-tided; negative = flood-tide reversal)"
2024-10-14 15:30:00+00:00,144000.0,A,False,ft3/s,4077.625909248,False,False,True,02246500,00060,"USGS NWIS IV 02246500 00060 (raw signed total discharge, not de-tided; negative = flood-tide reversal)"
2024-10-14 15:45:00+00:00,148000.0,A,False,ft3/s,4190.893295616,False,False,True,02246500,00060,"USGS NWIS IV 02246500 00060 (raw signed total discharge, not de-tided; negative = flood-tide reversal)"
2024-10-14 16:00:00+00:00,167000.0,A,False,ft3/s,4728.913380864,False,False,True,02246500,00060,"USGS NWIS IV 02246500 00060 (raw signed total discharge, not de-tided; negative = flood-tide reversal)"
2024-10-14 16:15:00+00:00,163000.0,A,False,ft3/s,4615.645994496,False,False,True,02246500,00060,"USGS NWIS IV 02246500 00060 (raw signed total discharge, not de-tided; negative = flood-tide reversal)"
2024-10-14 16:30:00+00:00,176000.0,A,False,ft3/s,4983.765000192,False,False,True,02246500,00060,"USGS NWIS IV 02246500 00060 (raw signed total discharge, not de-tided; negative = flood-tide reversal)"
2024-10-14 16:45:00+00:00,181000.0,A,False,ft3/s,5125.349233152,False,False,True,02246500,00060,"USGS NWIS IV 02246500 00060 (raw signed total discharge, not de-tided; negative = flood-tide reversal)"
2024-10-14 17:00:00+00:00,189000.0,A,False,ft3/s,5351.8840058880005,False,False,True,02246500,00060,"USGS NWIS IV 02246500 00060 (raw signed total discharge, not de-tided; negative = flood-tide reversal)"
2024-10-14 17:15:00+00:00,194000.0,A,False,ft3/s,5493.4682388480005,False,False,True,02246500,00060,"USGS NWIS IV 02246500 00060 (raw signed total discharge, not de-tided; negative = flood-tide reversal)"
2024-10-14 17:30:00+00:00,198000.0,A,False,ft3/s,5606.735625216,False,False,True,02246500,00060,"USGS NWIS IV 02246500 00060 (raw signed total discharge, not de-tided; negative = flood-tide reversal)"
2024-10-14 17:45:00+00:00,198000.0,A,False,ft3/s,5606.735625216,False,False,True,02246500,00060,"USGS NWIS IV 02246500 00060 (raw signed total discharge, not de-tided; negative = flood-tide reversal)"
2024-10-14 18:00:00+00:00,203000.0,A,False,ft3/s,5748.319858176,False,False,True,02246500,00060,"USGS NWIS IV 02246500 00060 (raw signed total discharge, not de-tided; negative = flood-tide reversal)"
2024-10-14 18:15:00+00:00,200000.0,A,False,ft3/s,5663.3693184,False,False,True,02246500,00060,"USGS NWIS IV 02246500 00060 (raw signed total discharge, not de-tided; negative = flood-tide reversal)"
2024-10-14 18:30:00+00:00,199000.0,A,False,ft3/s,5635.0524718080005,False,False,True,02246500,00060,"USGS NWIS IV 02246500 00060 (raw signed total discharge, not de-tided; negative = flood-tide reversal)"
2024-10-14 18:45:00+00:00,190000.0,A,False,ft3/s,5380.20085248,False,False,True,02246500,00060,"USGS NWIS IV 02246500 00060 (raw signed total discharge, not de-tided; negative = flood-tide reversal)"
2024-10-14 19:00:00+00:00,190000.0,A,False,ft3/s,5380.20085248,False,False,True,02246500,00060,"USGS NWIS IV 02246500 00060 (raw signed total discharge, not de-tided; negative = flood-tide reversal)"
2024-10-14 19:15:00+00:00,186000.0,A,False,ft3/s,5266.933466112,False,False,True,02246500,00060,"USGS NWIS IV 02246500 00060 (raw signed total discharge, not de-tided; negative = flood-tide reversal)"
2024-10-14 19:30:00+00:00,181000.0,A,False,ft3/s,5125.349233152,False,False,True,02246500,00060,"USGS NWIS IV 02246500 00060 (raw signed total discharge, not de-tided; negative = flood-tide reversal)"
2024-10-14 19:45:00+00:00,181000.0,A,False,ft3/s,5125.349233152,False,False,True,02246500,00060,"USGS NWIS IV 02246500 00060 (raw signed total discharge, not de-tided; negative = flood-tide reversal)"
2024-10-14 20:00:00+00:00,165000.0,A,False,ft3/s,4672.27968768,False,False,True,02246500,00060,"USGS NWIS IV 02246500 00060 (raw signed total discharge, not de-tided; negative = flood-tide reversal)"
2024-10-14 20:15:00+00:00,163000.0,A,False,ft3/s,4615.645994496,False,False,True,02246500,00060,"USGS NWIS IV 02246500 00060 (raw signed total discharge, not de-tided; negative = flood-tide reversal)"
2024-10-14 20:30:00+00:00,146000.0,A,False,ft3/s,4134.259602432,False,False,True,02246500,00060,"USGS NWIS IV 02246500 00060 (raw signed total discharge, not de-tided; negative = flood-tide reversal)"
2024-10-14 20:45:00+00:00,132000.0,A,False,ft3/s,3737.8237501440003,False,False,True,02246500,00060,"USGS NWIS IV 02246500 00060 (raw signed total discharge, not de-tided; negative = flood-tide reversal)"
2024-10-14 21:00:00+00:00,115000.0,A,False,ft3/s,3256.43735808,False,False,True,02246500,00060,"USGS NWIS IV 02246500 00060 (raw signed total discharge, not de-tided; negative = flood-tide reversal)"
2024-10-14 21:15:00+00:00,89700.0,A,False,ft3/s,2540.0211393024,False,False,True,02246500,00060,"USGS NWIS IV 02246500 00060 (raw signed total discharge, not de-tided; negative = flood-tide reversal)"
2024-10-14 21:30:00+00:00,76400.0,A,False,ft3/s,2163.4070796288,False,False,True,02246500,00060,"USGS NWIS IV 02246500 00060 (raw signed total discharge, not de-tided; negative = flood-tide reversal)"
2024-10-14 21:45:00+00:00,57500.0,A,False,ft3/s,1628.21867904,False,False,True,02246500,00060,"USGS NWIS IV 02246500 00060 (raw signed total discharge, not de-tided; negative = flood-tide reversal)"
2024-10-14 22:00:00+00:00,32500.0,A,False,ft3/s,920.29751424,False,False,True,02246500,00060,"USGS NWIS IV 02246500 00060 (raw signed total discharge, not de-tided; negative = flood-tide reversal)"
2024-10-14 22:15:00+00:00,-383.0,A,False,ft3/s,-10.845352244736,False,False,True,02246500,00060,"USGS NWIS IV 02246500 00060 (raw signed total discharge, not de-tided; negative = flood-tide reversal)"
2024-10-14 22:30:00+00:00,-15000.0,A,False,ft3/s,-424.75269888,False,False,True,02246500,00060,"USGS NWIS IV 02246500 00060 (raw signed total discharge, not de-tided; negative = flood-tide reversal)"
2024-10-14 22:45:00+00:00,-27200.0,A,False,ft3/s,-770.2182273024,False,False,True,02246500,00060,"USGS NWIS IV 02246500 00060 (raw signed total discharge, not de-tided; negative = flood-tide reversal)"
2024-10-14 23:00:00+00:00,-58100.0,A,False,ft3/s,-1645.2087869952,False,False,True,02246500,00060,"USGS NWIS IV 02246500 00060 (raw signed total discharge, not de-tided; negative = flood-tide reversal)"
2024-10-14 23:15:00+00:00,-71800.0,A,False,ft3/s,-2033.1495853056,False,False,True,02246500,00060,"USGS NWIS IV 02246500 00060 (raw signed total discharge, not de-tided; negative = flood-tide reversal)"
2024-10-14 23:30:00+00:00,-85600.0,A,False,ft3/s,-2423.9220682752,False,False,True,02246500,00060,"USGS NWIS IV 02246500 00060 (raw signed total discharge, not de-tided; negative = flood-tide reversal)"
2024-10-14 23:45:00+00:00,-108000.0,A,False,ft3/s,-3058.219431936,False,False,True,02246500,00060,"USGS NWIS IV 02246500 00060 (raw signed total discharge, not de-tided; negative = flood-tide reversal)"
2024-10-15 00:00:00+00:00,-118000.0,A,False,ft3/s,-3341.387897856,False,False,True,02246500,00060,"USGS NWIS IV 02246500 00060 (raw signed total discharge, not de-tided; negative = flood-tide reversal)"
2024-10-15 00:15:00+00:00,-123000.0,A,False,ft3/s,-3482.972130816,False,False,True,02246500,00060,"USGS NWIS IV 02246500 00060 (raw signed total discharge, not de-tided; negative = flood-tide reversal)"
2024-10-15 00:30:00+00:00,-124000.0,A,False,ft3/s,-3511.288977408,False,False,True,02246500,00060,"USGS NWIS IV 02246500 00060 (raw signed total discharge, not de-tided; negative = flood-tide reversal)"
2024-10-15 00:45:00+00:00,-118000.0,A,False,ft3/s,-3341.387897856,False,False,True,02246500,00060,"USGS NWIS IV 02246500 00060 (raw signed total discharge, not de-tided; negative = flood-tide reversal)"
2024-10-15 01:00:00+00:00,-130000.0,A,False,ft3/s,-3681.19005696,False,False,True,02246500,00060,"USGS NWIS IV 02246500 00060 (raw signed total discharge, not de-tided; negative = flood-tide reversal)"
2024-10-15 01:15:00+00:00,-133000.0,A,False,ft3/s,-3766.140596736,False,False,True,02246500,00060,"USGS NWIS IV 02246500 00060 (raw signed total discharge, not de-tided; negative = flood-tide reversal)"
2024-10-15 01:30:00+00:00,-128000.0,A,False,ft3/s,-3624.556363776,False,False,True,02246500,00060,"USGS NWIS IV 02246500 00060 (raw signed total discharge, not de-tided; negative = flood-tide reversal)"
2024-10-15 01:45:00+00:00,-93100.0,A,False,ft3/s,-2636.2984177152002,False,False,True,02246500,00060,"USGS NWIS IV 02246500 00060 (raw signed total discharge, not de-tided; negative = flood-tide reversal)"
2024-10-15 02:00:00+00:00,-82500.0,A,False,ft3/s,-2336.13984384,False,False,True,02246500,00060,"USGS NWIS IV 02246500 00060 (raw signed total discharge, not de-tided; negative = flood-tide reversal)"
2024-10-15 02:15:00+00:00,-71400.0,A,False,ft3/s,-2021.8228466688001,False,False,True,02246500,00060,"USGS NWIS IV 02246500 00060 (raw signed total discharge, not de-tided; negative = flood-tide reversal)"
2024-10-15 02:30:00+00:00,-16900.0,A,False,ft3/s,-478.5547074048,False,False,True,02246500,00060,"USGS NWIS IV 02246500 00060 (raw signed total discharge, not de-tided; negative = flood-tide reversal)"
2024-10-15 02:45:00+00:00,2030.0,A,False,ft3/s,57.48319858176,False,False,True,02246500,00060,"USGS NWIS IV 02246500 00060 (raw signed total discharge, not de-tided; negative = flood-tide reversal)"
2024-10-15 03:00:00+00:00,36200.0,A,False,ft3/s,1025.0698466304,False,False,True,02246500,00060,"USGS NWIS IV 02246500 00060 (raw signed total discharge, not de-tided; negative = flood-tide reversal)"
2024-10-15 03:15:00+00:00,66300.0,A,False,ft3/s,1877.4069290496,False,False,True,02246500,00060,"USGS NWIS IV 02246500 00060 (raw signed total discharge, not de-tided; negative = flood-tide reversal)"
2024-10-15 03:30:00+00:00,85600.0,A,False,ft3/s,2423.9220682752,False,False,True,02246500,00060,"USGS NWIS IV 02246500 00060 (raw signed total discharge, not de-tided; negative = flood-tide reversal)"
2024-10-15 03:45:00+00:00,105000.0,A,False,ft3/s,2973.26889216,False,False,True,02246500,00060,"USGS NWIS IV 02246500 00060 (raw signed total discharge, not de-tided; negative = flood-tide reversal)"
2024-10-15 04:00:00+00:00,123000.0,A,False,ft3/s,3482.972130816,False,False,True,02246500,00060,"USGS NWIS IV 02246500 00060 (raw signed total discharge, not de-tided; negative = flood-tide reversal)"
2024-10-15 04:15:00+00:00,148000.0,A,False,ft3/s,4190.893295616,False,False,True,02246500,00060,"USGS NWIS IV 02246500 00060 (raw signed total discharge, not de-tided; negative = flood-tide reversal)"
2024-10-15 04:30:00+00:00,154000.0,A,False,ft3/s,4360.794375168,False,False,True,02246500,00060,"USGS NWIS IV 02246500 00060 (raw signed total discharge, not de-tided; negative = flood-tide reversal)"
2024-10-15 04:45:00+00:00,170000.0,A,False,ft3/s,4813.86392064,False,False,True,02246500,00060,"USGS NWIS IV 02246500 00060 (raw signed total discharge, not de-tided; negative = flood-tide reversal)"
2024-10-15 05:00:00+00:00,172000.0,A,False,ft3/s,4870.497613824,False,False,True,02246500,00060,"USGS NWIS IV 02246500 00060 (raw signed total discharge, not de-tided; negative = flood-tide reversal)"
2024-10-15 05:15:00+00:00,178000.0,A,False,ft3/s,5040.398693376,False,False,True,02246500,00060,"USGS NWIS IV 02246500 00060 (raw signed total discharge, not de-tided; negative = flood-tide reversal)"
2024-10-15 05:30:00+00:00,184000.0,A,False,ft3/s,5210.2997729280005,False,False,True,02246500,00060,"USGS NWIS IV 02246500 00060 (raw signed total discharge, not de-tided; negative = flood-tide reversal)"
2024-10-15 05:45:00+00:00,193000.0,A,False,ft3/s,5465.151392256,False,False,True,02246500,00060,"USGS NWIS IV 02246500 00060 (raw signed total discharge, not de-tided; negative = flood-tide reversal)"
2024-10-15 06:00:00+00:00,200000.0,A,False,ft3/s,5663.3693184,False,False,True,02246500,00060,"USGS NWIS IV 02246500 00060 (raw signed total discharge, not de-tided; negative = flood-tide reversal)"
2024-10-15 06:15:00+00:00,198000.0,A,False,ft3/s,5606.735625216,False,False,True,02246500,00060,"USGS NWIS IV 02246500 00060 (raw signed total discharge, not de-tided; negative = flood-tide reversal)"
2024-10-15 06:30:00+00:00,198000.0,A,False,ft3/s,5606.735625216,False,False,True,02246500,00060,"USGS NWIS IV 02246500 00060 (raw signed total discharge, not de-tided; negative = flood-tide reversal)"
2024-10-15 06:45:00+00:00,200000.0,A,False,ft3/s,5663.3693184,False,False,True,02246500,00060,"USGS NWIS IV 02246500 00060 (raw signed total discharge, not de-tided; negative = flood-tide reversal)"
2024-10-15 07:00:00+00:00,188000.0,A,False,ft3/s,5323.567159296,False,False,True,02246500,00060,"USGS NWIS IV 02246500 00060 (raw signed total discharge, not de-tided; negative = flood-tide reversal)"
2024-10-15 07:15:00+00:00,202000.0,A,False,ft3/s,5720.003011584,False,False,True,02246500,00060,"USGS NWIS IV 02246500 00060 (raw signed total discharge, not de-tided; negative = flood-tide reversal)"
2024-10-15 07:30:00+00:00,199000.0,A,False,ft3/s,5635.0524718080005,False,False,True,02246500,00060,"USGS NWIS IV 02246500 00060 (raw signed total discharge, not de-tided; negative = flood-tide reversal)"
2024-10-15 07:45:00+00:00,196000.0,A,False,ft3/s,5550.101932032,False,False,True,02246500,00060,"USGS NWIS IV 02246500 00060 (raw signed total discharge, not de-tided; negative = flood-tide reversal)"
2024-10-15 08:00:00+00:00,192000.0,A,False,ft3/s,5436.834545664,False,False,True,02246500,00060,"USGS NWIS IV 02246500 00060 (raw signed total discharge, not de-tided; negative = flood-tide reversal)"
2024-10-15 08:15:00+00:00,190000.0,A,False,ft3/s,5380.20085248,False,False,True,02246500,00060,"USGS NWIS IV 02246500 00060 (raw signed total discharge, not de-tided; negative = flood-tide reversal)"
2024-10-15 08:30:00+00:00,184000.0,A,False,ft3/s,5210.2997729280005,False,False,True,02246500,00060,"USGS NWIS IV 02246500 00060 (raw signed total discharge, not de-tided; negative = flood-tide reversal)"
2024-10-15 08:45:00+00:00,171000.0,A,False,ft3/s,4842.180767232,False,False,True,02246500,00060,"USGS NWIS IV 02246500 00060 (raw signed total discharge, not de-tided; negative = flood-tide reversal)"
2024-10-15 09:00:00+00:00,153000.0,A,False,ft3/s,4332.477528576,False,False,True,02246500,00060,"USGS NWIS IV 02246500 00060 (raw signed total discharge, not de-tided; negative = flood-tide reversal)"
2024-10-15 09:15:00+00:00,140000.0,A,False,ft3/s,3964.3585228800002,False,False,True,02246500,00060,"USGS NWIS IV 02246500 00060 (raw signed total discharge, not de-tided; negative = flood-tide reversal)"
2024-10-15 09:30:00+00:00,117000.0,A,False,ft3/s,3313.0710512640003,False,False,True,02246500,00060,"USGS NWIS IV 02246500 00060 (raw signed total discharge, not de-tided; negative = flood-tide reversal)"
2024-10-15 09:45:00+00:00,95300.0,A,False,ft3/s,2698.5954802176,False,False,True,02246500,00060,"USGS NWIS IV 02246500 00060 (raw signed total discharge, not de-tided; negative = flood-tide reversal)"
2024-10-15 10:00:00+00:00,65600.0,A,False,ft3/s,1857.5851364352,False,False,True,02246500,00060,"USGS NWIS IV 02246500 00060 (raw signed total discharge, not de-tided; negative = flood-tide reversal)"
2024-10-15 10:15:00+00:00,38500.0,A,False,ft3/s,1090.198593792,False,False,True,02246500,00060,"USGS NWIS IV 02246500 00060 (raw signed total discharge, not de-tided; negative = flood-tide reversal)"
2024-10-15 10:30:00+00:00,1550.0,A,False,ft3/s,43.8911122176,False,False,True,02246500,00060,"USGS NWIS IV 02246500 00060 (raw signed total discharge, not de-tided; negative = flood-tide reversal)"
2024-10-15 10:45:00+00:00,-13000.0,A,False,ft3/s,-368.119005696,False,False,True,02246500,00060,"USGS NWIS IV 02246500 00060 (raw signed total discharge, not de-tided; negative = flood-tide reversal)"
2024-10-15 11:00:00+00:00,-34800.0,A,False,ft3/s,-985.4262614016001,False,False,True,02246500,00060,"USGS NWIS IV 02246500 00060 (raw signed total discharge, not de-tided; negative = flood-tide reversal)"
2024-10-15 11:15:00+00:00,-59600.0,A,False,ft3/s,-1687.6840568832001,False,False,True,02246500,00060,"USGS NWIS IV 02246500 00060 (raw signed total discharge, not de-tided; negative = flood-tide reversal)"
2024-10-15 11:30:00+00:00,-79200.0,A,False,ft3/s,-2242.6942500864,False,False,True,02246500,00060,"USGS NWIS IV 02246500 00060 (raw signed total discharge, not de-tided; negative = flood-tide reversal)"
2024-10-15 11:45:00+00:00,-100000.0,A,False,ft3/s,-2831.6846592,False,False,True,02246500,00060,"USGS NWIS IV 02246500 00060 (raw signed total discharge, not de-tided; negative = flood-tide reversal)"
2024-10-15 12:00:00+00:00,-112000.0,A,False,ft3/s,-3171.4868183040003,False,False,True,02246500,00060,"USGS NWIS IV 02246500 00060 (raw signed total discharge, not de-tided; negative = flood-tide reversal)"
2024-10-15 12:15:00+00:00,-128000.0,A,False,ft3/s,-3624.556363776,False,False,True,02246500,00060,"USGS NWIS IV 02246500 00060 (raw signed total discharge, not de-tided; negative = flood-tide reversal)"
2024-10-15 12:30:00+00:00,-144000.0,A,False,ft3/s,-4077.625909248,False,False,True,02246500,00060,"USGS NWIS IV 02246500 00060 (raw signed total discharge, not de-tided; negative = flood-tide reversal)"
2024-10-15 12:45:00+00:00,-150000.0,A,False,ft3/s,-4247.5269888,False,False,True,02246500,00060,"USGS NWIS IV 02246500 00060 (raw signed total discharge, not de-tided; negative = flood-tide reversal)"
2024-10-15 13:00:00+00:00,-139000.0,A,False,ft3/s,-3936.041676288,False,False,True,02246500,00060,"USGS NWIS IV 02246500 00060 (raw signed total discharge, not de-tided; negative = flood-tide reversal)"
2024-10-15 13:15:00+00:00,-144000.0,A,False,ft3/s,-4077.625909248,False,False,True,02246500,00060,"USGS NWIS IV 02246500 00060 (raw signed total discharge, not de-tided; negative = flood-tide reversal)"
2024-10-15 13:30:00+00:00,-134000.0,A,False,ft3/s,-3794.457443328,False,False,True,02246500,00060,"USGS NWIS IV 02246500 00060 (raw signed total discharge, not de-tided; negative = flood-tide reversal)"
2024-10-15 13:45:00+00:00,-133000.0,A,False,ft3/s,-3766.140596736,False,False,True,02246500,00060,"USGS NWIS IV 02246500 00060 (raw signed total discharge, not de-tided; negative = flood-tide reversal)"
2024-10-15 14:00:00+00:00,-129000.0,A,False,ft3/s,-3652.873210368,False,False,True,02246500,00060,"USGS NWIS IV 02246500 00060 (raw signed total discharge, not de-tided; negative = flood-tide reversal)"
2024-10-15 14:15:00+00:00,-112000.0,A,False,ft3/s,-3171.4868183040003,False,False,True,02246500,00060,"USGS NWIS IV 02246500 00060 (raw signed total discharge, not de-tided; negative = flood-tide reversal)"
2024-10-15 14:30:00+00:00,,,True,ft3/s,,False,False,False,02246500,00060,"USGS NWIS IV 02246500 00060 (raw signed total discharge, not de-tided; negative = flood-tide reversal)"
2024-10-15 14:45:00+00:00,,,True,ft3/s,,False,False,False,02246500,00060,"USGS NWIS IV 02246500 00060 (raw signed total discharge, not de-tided; negative = flood-tide reversal)"
2024-10-15 15:00:00+00:00,,,True,ft3/s,,False,False,False,02246500,00060,"USGS NWIS IV 02246500 00060 (raw signed total discharge, not de-tided; negative = flood-tide reversal)"
2024-10-15 15:15:00+00:00,-25000.0,A,False,ft3/s,-707.9211648,False,False,True,02246500,00060,"USGS NWIS IV 02246500 00060 (raw signed total discharge, not de-tided; negative = flood-tide reversal)"
2024-10-15 15:30:00+00:00,13300.0,A,False,ft3/s,376.6140596736,False,False,True,02246500,00060,"USGS NWIS IV 02246500 00060 (raw signed total discharge, not de-tided; negative = flood-tide reversal)"
2024-10-15 15:45:00+00:00,49400.0,A,False,ft3/s,1398.8522216448,False,False,True,02246500,00060,"USGS NWIS IV 02246500 00060 (raw signed total discharge, not de-tided; negative = flood-tide reversal)"
2024-10-15 16:00:00+00:00,72000.0,A,False,ft3/s,2038.812954624,False,False,True,02246500,00060,"USGS NWIS IV 02246500 00060 (raw signed total discharge, not de-tided; negative = flood-tide reversal)"
2024-10-15 16:15:00+00:00,104000.0,A,False,ft3/s,2944.952045568,False,False,True,02246500,00060,"USGS NWIS IV 02246500 00060 (raw signed total discharge, not de-tided; negative = flood-tide reversal)"
2024-10-15 16:30:00+00:00,125000.0,A,False,ft3/s,3539.605824,False,False,True,02246500,00060,"USGS NWIS IV 02246500 00060 (raw signed total discharge, not de-tided; negative = flood-tide reversal)"
2024-10-15 16:45:00+00:00,141000.0,A,False,ft3/s,3992.675369472,False,False,True,02246500,00060,"USGS NWIS IV 02246500 00060 (raw signed total discharge, not de-tided; negative = flood-tide reversal)"
2024-10-15 17:00:00+00:00,155000.0,A,False,ft3/s,4389.11122176,False,False,True,02246500,00060,"USGS NWIS IV 02246500 00060 (raw signed total discharge, not de-tided; negative = flood-tide reversal)"
2024-10-15 17:15:00+00:00,159000.0,A,False,ft3/s,4502.378608128,False,False,True,02246500,00060,"USGS NWIS IV 02246500 00060 (raw signed total discharge, not de-tided; negative = flood-tide reversal)"
2024-10-15 17:30:00+00:00,163000.0,A,False,ft3/s,4615.645994496,False,False,True,02246500,00060,"USGS NWIS IV 02246500 00060 (raw signed total discharge, not de-tided; negative = flood-tide reversal)"
2024-10-15 17:45:00+00:00,180000.0,A,False,ft3/s,5097.03238656,False,False,True,02246500,00060,"USGS NWIS IV 02246500 00060 (raw signed total discharge, not de-tided; negative = flood-tide reversal)"
2024-10-15 18:00:00+00:00,189000.0,A,False,ft3/s,5351.8840058880005,False,False,True,02246500,00060,"USGS NWIS IV 02246500 00060 (raw signed total discharge, not de-tided; negative = flood-tide reversal)"
2024-10-15 18:15:00+00:00,194000.0,A,False,ft3/s,5493.4682388480005,False,False,True,02246500,00060,"USGS NWIS IV 02246500 00060 (raw signed total discharge, not de-tided; negative = flood-tide reversal)"
2024-10-15 18:30:00+00:00,194000.0,A,False,ft3/s,5493.4682388480005,False,False,True,02246500,00060,"USGS NWIS IV 02246500 00060 (raw signed total discharge, not de-tided; negative = flood-tide reversal)"
2024-10-15 18:45:00+00:00,203000.0,A,False,ft3/s,5748.319858176,False,False,True,02246500,00060,"USGS NWIS IV 02246500 00060 (raw signed total discharge, not de-tided; negative = flood-tide reversal)"
2024-10-15 19:00:00+00:00,194000.0,A,False,ft3/s,5493.4682388480005,False,False,True,02246500,00060,"USGS NWIS IV 02246500 00060 (raw signed total discharge, not de-tided; negative = flood-tide reversal)"
2024-10-15 19:15:00+00:00,203000.0,A,False,ft3/s,5748.319858176,False,False,True,02246500,00060,"USGS NWIS IV 02246500 00060 (raw signed total discharge, not de-tided; negative = flood-tide reversal)"
2024-10-15 19:30:00+00:00,204000.0,A,False,ft3/s,5776.6367047680005,False,False,True,02246500,00060,"USGS NWIS IV 02246500 00060 (raw signed total discharge, not de-tided; negative = flood-tide reversal)"
2024-10-15 19:45:00+00:00,198000.0,A,False,ft3/s,5606.735625216,False,False,True,02246500,00060,"USGS NWIS IV 02246500 00060 (raw signed total discharge, not de-tided; negative = flood-tide reversal)"
2024-10-15 20:00:00+00:00,194000.0,A,False,ft3/s,5493.4682388480005,False,False,True,02246500,00060,"USGS NWIS IV 02246500 00060 (raw signed total discharge, not de-tided; negative = flood-tide reversal)"
2024-10-15 20:15:00+00:00,192000.0,A,False,ft3/s,5436.834545664,False,False,True,02246500,00060,"USGS NWIS IV 02246500 00060 (raw signed total discharge, not de-tided; negative = flood-tide reversal)"
2024-10-15 20:30:00+00:00,182000.0,A,False,ft3/s,5153.666079744,False,False,True,02246500,00060,"USGS NWIS IV 02246500 00060 (raw signed total discharge, not de-tided; negative = flood-tide reversal)"
2024-10-15 20:45:00+00:00,167000.0,A,False,ft3/s,4728.913380864,False,False,True,02246500,00060,"USGS NWIS IV 02246500 00060 (raw signed total discharge, not de-tided; negative = flood-tide reversal)"
2024-10-15 21:00:00+00:00,163000.0,A,False,ft3/s,4615.645994496,False,False,True,02246500,00060,"USGS NWIS IV 02246500 00060 (raw signed total discharge, not de-tided; negative = flood-tide reversal)"
2024-10-15 21:15:00+00:00,148000.0,A,False,ft3/s,4190.893295616,False,False,True,02246500,00060,"USGS NWIS IV 02246500 00060 (raw signed total discharge, not de-tided; negative = flood-tide reversal)"
2024-10-15 21:30:00+00:00,132000.0,A,False,ft3/s,3737.8237501440003,False,False,True,02246500,00060,"USGS NWIS IV 02246500 00060 (raw signed total discharge, not de-tided; negative = flood-tide reversal)"
2024-10-15 21:45:00+00:00,116000.0,A,False,ft3/s,3284.754204672,False,False,True,02246500,00060,"USGS NWIS IV 02246500 00060 (raw signed total discharge, not de-tided; negative = flood-tide reversal)"
2024-10-15 22:00:00+00:00,86600.0,A,False,ft3/s,2452.2389148672,False,False,True,02246500,00060,"USGS NWIS IV 02246500 00060 (raw signed total discharge, not de-tided; negative = flood-tide reversal)"
2024-10-15 22:15:00+00:00,59600.0,A,False,ft3/s,1687.6840568832001,False,False,True,02246500,00060,"USGS NWIS IV 02246500 00060 (raw signed total discharge, not de-tided; negative = flood-tide reversal)"
2024-10-15 22:30:00+00:00,21300.0,A,False,ft3/s,603.1488324096,False,False,True,02246500,00060,"USGS NWIS IV 02246500 00060 (raw signed total discharge, not de-tided; negative = flood-tide reversal)"
2024-10-15 22:45:00+00:00,-6670.0,A,False,ft3/s,-188.87336676864,False,False,True,02246500,00060,"USGS NWIS IV 02246500 00060 (raw signed total discharge, not de-tided; negative = flood-tide reversal)"
2024-10-15 23:00:00+00:00,-20300.0,A,False,ft3/s,-574.8319858176001,False,False,True,02246500,00060,"USGS NWIS IV 02246500 00060 (raw signed total discharge, not de-tided; negative = flood-tide reversal)"
2024-10-15 23:15:00+00:00,-51400.0,A,False,ft3/s,-1455.4859148288,False,False,True,02246500,00060,"USGS NWIS IV 02246500 00060 (raw signed total discharge, not de-tided; negative = flood-tide reversal)"
2024-10-15 23:30:00+00:00,-73800.0,A,False,ft3/s,-2089.7832784896,False,False,True,02246500,00060,"USGS NWIS IV 02246500 00060 (raw signed total discharge, not de-tided; negative = flood-tide reversal)"
2024-10-15 23:45:00+00:00,-107000.0,A,False,ft3/s,-3029.9025853440003,False,False,True,02246500,00060,"USGS NWIS IV 02246500 00060 (raw signed total discharge, not de-tided; negative = flood-tide reversal)"
2024-10-16 00:00:00+00:00,-122000.0,A,False,ft3/s,-3454.6552842240003,False,False,True,02246500,00060,"USGS NWIS IV 02246500 00060 (raw signed total discharge, not de-tided; negative = flood-tide reversal)"
2024-10-16 00:15:00+00:00,-144000.0,A,False,ft3/s,-4077.625909248,False,False,True,02246500,00060,"USGS NWIS IV 02246500 00060 (raw signed total discharge, not de-tided; negative = flood-tide reversal)"
2024-10-16 00:30:00+00:00,-166000.0,A,False,ft3/s,-4700.596534272,False,False,True,02246500,00060,"USGS NWIS IV 02246500 00060 (raw signed total discharge, not de-tided; negative = flood-tide reversal)"
2024-10-16 00:45:00+00:00,-166000.0,A,False,ft3/s,-4700.596534272,False,False,True,02246500,00060,"USGS NWIS IV 02246500 00060 (raw signed total discharge, not de-tided; negative = flood-tide reversal)"
2024-10-16 01:00:00+00:00,-153000.0,A,False,ft3/s,-4332.477528576,False,False,True,02246500,00060,"USGS NWIS IV 02246500 00060 (raw signed total discharge, not de-tided; negative = flood-tide reversal)"
2024-10-16 01:15:00+00:00,-157000.0,A,False,ft3/s,-4445.744914944,False,False,True,02246500,00060,"USGS NWIS IV 02246500 00060 (raw signed total discharge, not de-tided; negative = flood-tide reversal)"
2024-10-16 01:30:00+00:00,-148000.0,A,False,ft3/s,-4190.893295616,False,False,True,02246500,00060,"USGS NWIS IV 02246500 00060 (raw signed total discharge, not de-tided; negative = flood-tide reversal)"
2024-10-16 01:45:00+00:00,-157000.0,A,False,ft3/s,-4445.744914944,False,False,True,02246500,00060,"USGS NWIS IV 02246500 00060 (raw signed total discharge, not de-tided; negative = flood-tide reversal)"
2024-10-16 02:00:00+00:00,-143000.0,A,False,ft3/s,-4049.309062656,False,False,True,02246500,00060,"USGS NWIS IV 02246500 00060 (raw signed total discharge, not de-tided; negative = flood-tide reversal)"
2024-10-16 02:15:00+00:00,-140000.0,A,False,ft3/s,-3964.3585228800002,False,False,True,02246500,00060,"USGS NWIS IV 02246500 00060 (raw signed total discharge, not de-tided; negative = flood-tide reversal)"
2024-10-16 02:30:00+00:00,-137000.0,A,False,ft3/s,-3879.4079831040003,False,False,True,02246500,00060,"USGS NWIS IV 02246500 00060 (raw signed total discharge, not de-tided; negative = flood-tide reversal)"
2024-10-16 02:45:00+00:00,-103000.0,A,False,ft3/s,-2916.635198976,False,False,True,02246500,00060,"USGS NWIS IV 02246500 00060 (raw signed total discharge, not de-tided; negative = flood-tide reversal)"
2024-10-16 03:00:00+00:00,-89900.0,A,False,ft3/s,-2545.6845086208,False,False,True,02246500,00060,"USGS NWIS IV 02246500 00060 (raw signed total discharge, not de-tided; negative = flood-tide reversal)"
2024-10-16 03:15:00+00:00,-64000.0,A,False,ft3/s,-1812.278181888,False,False,True,02246500,00060,"USGS NWIS IV 02246500 00060 (raw signed total discharge, not de-tided; negative = flood-tide reversal)"
2024-10-16 03:30:00+00:00,-50600.0,A,False,ft3/s,-1432.8324375552,False,False,True,02246500,00060,"USGS NWIS IV 02246500 00060 (raw signed total discharge, not de-tided; negative = flood-tide reversal)"
2024-10-16 03:45:00+00:00,-12400.0,A,False,ft3/s,-351.1288977408,False,False,True,02246500,00060,"USGS NWIS IV 02246500 00060 (raw signed total discharge, not de-tided; negative = flood-tide reversal)"
2024-10-16 04:00:00+00:00,29800.0,A,False,ft3/s,843.8420284416001,False,False,True,02246500,00060,"USGS NWIS IV 02246500 00060 (raw signed total discharge, not de-tided; negative = flood-tide reversal)"
2024-10-16 04:15:00+00:00,54600.0,A,False,ft3/s,1546.0998239232001,False,False,True,02246500,00060,"USGS NWIS IV 02246500 00060 (raw signed total discharge, not de-tided; negative = flood-tide reversal)"
2024-10-16 04:30:00+00:00,79600.0,A,False,ft3/s,2254.0209887232,False,False,True,02246500,00060,"USGS NWIS IV 02246500 00060 (raw signed total discharge, not de-tided; negative = flood-tide reversal)"
2024-10-16 04:45:00+00:00,96900.0,A,False,ft3/s,2743.9024347648,False,False,True,02246500,00060,"USGS NWIS IV 02246500 00060 (raw signed total discharge, not de-tided; negative = flood-tide reversal)"
2024-10-16 05:00:00+00:00,118000.0,A,False,ft3/s,3341.387897856,False,False,True,02246500,00060,"USGS NWIS IV 02246500 00060 (raw signed total discharge, not de-tided; negative = flood-tide reversal)"
2024-10-16 05:15:00+00:00,137000.0,A,False,ft3/s,3879.4079831040003,False,False,True,02246500,00060,"USGS NWIS IV 02246500 00060 (raw signed total discharge, not de-tided; negative = flood-tide reversal)"
2024-10-16 05:30:00+00:00,153000.0,A,False,ft3/s,4332.477528576,False,False,True,02246500,00060,"USGS NWIS IV 02246500 00060 (raw signed total discharge, not de-tided; negative = flood-tide reversal)"
2024-10-16 05:45:00+00:00,157000.0,A,False,ft3/s,4445.744914944,False,False,True,02246500,00060,"USGS NWIS IV 02246500 00060 (raw signed total discharge, not de-tided; negative = flood-tide reversal)"
2024-10-16 06:00:00+00:00,172000.0,A,False,ft3/s,4870.497613824,False,False,True,02246500,00060,"USGS NWIS IV 02246500 00060 (raw signed total discharge, not de-tided; negative = flood-tide reversal)"
2024-10-16 06:15:00+00:00,177000.0,A,False,ft3/s,5012.081846784,False,False,True,02246500,00060,"USGS NWIS IV 02246500 00060 (raw signed total discharge, not de-tided; negative = flood-tide reversal)"
2024-10-16 06:30:00+00:00,186000.0,A,False,ft3/s,5266.933466112,False,False,True,02246500,00060,"USGS NWIS IV 02246500 00060 (raw signed total discharge, not de-tided; negative = flood-tide reversal)"
2024-10-16 06:45:00+00:00,186000.0,A,False,ft3/s,5266.933466112,False,False,True,02246500,00060,"USGS NWIS IV 02246500 00060 (raw signed total discharge, not de-tided; negative = flood-tide reversal)"
2024-10-16 07:00:00+00:00,193000.0,A,False,ft3/s,5465.151392256,False,False,True,02246500,00060,"USGS NWIS IV 02246500 00060 (raw signed total discharge, not de-tided; negative = flood-tide reversal)"
2024-10-16 07:15:00+00:00,192000.0,A,False,ft3/s,5436.834545664,False,False,True,02246500,00060,"USGS NWIS IV 02246500 00060 (raw signed total discharge, not de-tided; negative = flood-tide reversal)"
2024-10-16 07:30:00+00:00,190000.0,A,False,ft3/s,5380.20085248,False,False,True,02246500,00060,"USGS NWIS IV 02246500 00060 (raw signed total discharge, not de-tided; negative = flood-tide reversal)"
2024-10-16 07:45:00+00:00,191000.0,A,False,ft3/s,5408.517699072,False,False,True,02246500,00060,"USGS NWIS IV 02246500 00060 (raw signed total discharge, not de-tided; negative = flood-tide reversal)"
2024-10-16 08:00:00+00:00,197000.0,A,False,ft3/s,5578.418778624,False,False,True,02246500,00060,"USGS NWIS IV 02246500 00060 (raw signed total discharge, not de-tided; negative = flood-tide reversal)"
2024-10-16 08:15:00+00:00,192000.0,A,False,ft3/s,5436.834545664,False,False,True,02246500,00060,"USGS NWIS IV 02246500 00060 (raw signed total discharge, not de-tided; negative = flood-tide reversal)"
2024-10-16 08:30:00+00:00,193000.0,A,False,ft3/s,5465.151392256,False,False,True,02246500,00060,"USGS NWIS IV 02246500 00060 (raw signed total discharge, not de-tided; negative = flood-tide reversal)"
2024-10-16 08:45:00+00:00,185000.0,A,False,ft3/s,5238.61661952,False,False,True,02246500,00060,"USGS NWIS IV 02246500 00060 (raw signed total discharge, not de-tided; negative = flood-tide reversal)"
2024-10-16 09:00:00+00:00,171000.0,A,False,ft3/s,4842.180767232,False,False,True,02246500,00060,"USGS NWIS IV 02246500 00060 (raw signed total discharge, not de-tided; negative = flood-tide reversal)"
2024-10-16 09:15:00+00:00,155000.0,A,False,ft3/s,4389.11122176,False,False,True,02246500,00060,"USGS NWIS IV 02246500 00060 (raw signed total discharge, not de-tided; negative = flood-tide reversal)"
2024-10-16 09:30:00+00:00,140000.0,A,False,ft3/s,3964.3585228800002,False,False,True,02246500,00060,"USGS NWIS IV 02246500 00060 (raw signed total discharge, not de-tided; negative = flood-tide reversal)"
2024-10-16 09:45:00+00:00,124000.0,A,False,ft3/s,3511.288977408,False,False,True,02246500,00060,"USGS NWIS IV 02246500 00060 (raw signed total discharge, not de-tided; negative = flood-tide reversal)"
2024-10-16 10:00:00+00:00,95600.0,A,False,ft3/s,2707.0905341952002,False,False,True,02246500,00060,"USGS NWIS IV 02246500 00060 (raw signed total discharge, not de-tided; negative = flood-tide reversal)"
2024-10-16 10:15:00+00:00,69400.0,A,False,ft3/s,1965.1891534848,False,False,True,02246500,00060,"USGS NWIS IV 02246500 00060 (raw signed total discharge, not de-tided; negative = flood-tide reversal)"
2024-10-16 10:30:00+00:00,32500.0,A,False,ft3/s,920.29751424,False,False,True,02246500,00060,"USGS NWIS IV 02246500 00060 (raw signed total discharge, not de-tided; negative = flood-tide reversal)"
2024-10-16 10:45:00+00:00,-11400.0,A,False,ft3/s,-322.8120511488,False,False,True,02246500,00060,"USGS NWIS IV 02246500 00060 (raw signed total discharge, not de-tided; negative = flood-tide reversal)"
2024-10-16 11:00:00+00:00,-26800.0,A,False,ft3/s,-758.8914886656,False,False,True,02246500,00060,"USGS NWIS IV 02246500 00060 (raw signed total discharge, not de-tided; negative = flood-tide reversal)"
2024-10-16 11:15:00+00:00,-55500.0,A,False,ft3/s,-1571.584985856,False,False,True,02246500,00060,"USGS NWIS IV 02246500 00060 (raw signed total discharge, not de-tided; negative = flood-tide reversal)"
2024-10-16 11:30:00+00:00,-83100.0,A,False,ft3/s,-2353.1299517952,False,False,True,02246500,00060,"USGS NWIS IV 02246500 00060 (raw signed total discharge, not de-tided; negative = flood-tide reversal)"
2024-10-16 11:45:00+00:00,-111000.0,A,False,ft3/s,-3143.169971712,False,False,True,02246500,00060,"USGS NWIS IV 02246500 00060 (raw signed total discharge, not de-tided; negative = flood-tide reversal)"
2024-10-16 12:00:00+00:00,-124000.0,A,False,ft3/s,-3511.288977408,False,False,True,02246500,00060,"USGS NWIS IV 02246500 00060 (raw signed total discharge, not de-tided; negative = flood-tide reversal)"
2024-10-16 12:15:00+00:00,-138000.0,A,False,ft3/s,-3907.724829696,False,False,True,02246500,00060,"USGS NWIS IV 02246500 00060 (raw signed total discharge, not de-tided; negative = flood-tide reversal)"
2024-10-16 12:30:00+00:00,-141000.0,A,False,ft3/s,-3992.675369472,False,False,True,02246500,00060,"USGS NWIS IV 02246500 00060 (raw signed total discharge, not de-tided; negative = flood-tide reversal)"
2024-10-16 12:45:00+00:00,-169000.0,A,False,ft3/s,-4785.5470740480005,False,False,True,02246500,00060,"USGS NWIS IV 02246500 00060 (raw signed total discharge, not de-tided; negative = flood-tide reversal)"
2024-10-16 13:00:00+00:00,-167000.0,A,False,ft3/s,-4728.913380864,False,False,True,02246500,00060,"USGS NWIS IV 02246500 00060 (raw signed total discharge, not de-tided; negative = flood-tide reversal)"
2024-10-16 13:15:00+00:00,-158000.0,A,False,ft3/s,-4474.061761536,False,False,True,02246500,00060,"USGS NWIS IV 02246500 00060 (raw signed total discharge, not de-tided; negative = flood-tide reversal)"
2024-10-16 13:30:00+00:00,-161000.0,A,False,ft3/s,-4559.012301312,False,False,True,02246500,00060,"USGS NWIS IV 02246500 00060 (raw signed total discharge, not de-tided; negative = flood-tide reversal)"
2024-10-16 13:45:00+00:00,-162000.0,A,False,ft3/s,-4587.329147904,False,False,True,02246500,00060,"USGS NWIS IV 02246500 00060 (raw signed total discharge, not de-tided; negative = flood-tide reversal)"
2024-10-16 14:00:00+00:00,-178000.0,A,False,ft3/s,-5040.398693376,False,False,True,02246500,00060,"USGS NWIS IV 02246500 00060 (raw signed total discharge, not de-tided; negative = flood-tide reversal)"
2024-10-16 14:15:00+00:00,-168000.0,A,False,ft3/s,-4757.230227456,False,False,True,02246500,00060,"USGS NWIS IV 02246500 00060 (raw signed total discharge, not de-tided; negative = flood-tide reversal)"
2024-10-16 14:30:00+00:00,-147000.0,A,False,ft3/s,-4162.576449024,False,False,True,02246500,00060,"USGS NWIS IV 02246500 00060 (raw signed total discharge, not de-tided; negative = flood-tide reversal)"
2024-10-16 14:45:00+00:00,-155000.0,A,False,ft3/s,-4389.11122176,False,False,True,02246500,00060,"USGS NWIS IV 02246500 00060 (raw signed total discharge, not de-tided; negative = flood-tide reversal)"
2024-10-16 15:00:00+00:00,-146000.0,A,False,ft3/s,-4134.259602432,False,False,True,02246500,00060,"USGS NWIS IV 02246500 00060 (raw signed total discharge, not de-tided; negative = flood-tide reversal)"
2024-10-16 15:15:00+00:00,-115000.0,A,False,ft3/s,-3256.43735808,False,False,True,02246500,00060,"USGS NWIS IV 02246500 00060 (raw signed total discharge, not de-tided; negative = flood-tide reversal)"
2024-10-16 15:30:00+00:00,-102000.0,A,False,ft3/s,-2888.3183523840003,False,False,True,02246500,00060,"USGS NWIS IV 02246500 00060 (raw signed total discharge, not de-tided; negative = flood-tide reversal)"
2024-10-16 15:45:00+00:00,-92400.0,A,False,ft3/s,-2616.4766251008,False,False,True,02246500,00060,"USGS NWIS IV 02246500 00060 (raw signed total discharge, not de-tided; negative = flood-tide reversal)"
2024-10-16 16:00:00+00:00,-53700.0,A,False,ft3/s,-1520.6146619904,False,False,True,02246500,00060,"USGS NWIS IV 02246500 00060 (raw signed total discharge, not de-tided; negative = flood-tide reversal)"
2024-10-16 16:15:00+00:00,-42100.0,A,False,ft3/s,-1192.1392415232,False,False,True,02246500,00060,"USGS NWIS IV 02246500 00060 (raw signed total discharge, not de-tided; negative = flood-tide reversal)"
2024-10-16 16:30:00+00:00,18300.0,A,False,ft3/s,518.1982926336,False,False,True,02246500,00060,"USGS NWIS IV 02246500 00060 (raw signed total discharge, not de-tided; negative = flood-tide reversal)"
2024-10-16 16:45:00+00:00,35900.0,A,False,ft3/s,1016.5747926528,False,False,True,02246500,00060,"USGS NWIS IV 02246500 00060 (raw signed total discharge, not de-tided; negative = flood-tide reversal)"
2024-10-16 17:00:00+00:00,63800.0,A,False,ft3/s,1806.6148125696,False,False,True,02246500,00060,"USGS NWIS IV 02246500 00060 (raw signed total discharge, not de-tided; negative = flood-tide reversal)"
2024-10-16 17:15:00+00:00,88700.0,A,False,ft3/s,2511.7042927104003,False,False,True,02246500,00060,"USGS NWIS IV 02246500 00060 (raw signed total discharge, not de-tided; negative = flood-tide reversal)"
2024-10-16 17:30:00+00:00,111000.0,A,False,ft3/s,3143.169971712,False,False,True,02246500,00060,"USGS NWIS IV 02246500 00060 (raw signed total discharge, not de-tided; negative = flood-tide reversal)"
2024-10-16 17:45:00+00:00,133000.0,A,False,ft3/s,3766.140596736,False,False,True,02246500,00060,"USGS NWIS IV 02246500 00060 (raw signed total discharge, not de-tided; negative = flood-tide reversal)"
2024-10-16 18:00:00+00:00,148000.0,A,False,ft3/s,4190.893295616,False,False,True,02246500,00060,"USGS NWIS IV 02246500 00060 (raw signed total discharge, not de-tided; negative = flood-tide reversal)"
2024-10-16 18:15:00+00:00,163000.0,A,False,ft3/s,4615.645994496,False,False,True,02246500,00060,"USGS NWIS IV 02246500 00060 (raw signed total discharge, not de-tided; negative = flood-tide reversal)"
2024-10-16 18:30:00+00:00,172000.0,A,False,ft3/s,4870.497613824,False,False,True,02246500,00060,"USGS NWIS IV 02246500 00060 (raw signed total discharge, not de-tided; negative = flood-tide reversal)"
2024-10-16 18:45:00+00:00,179000.0,A,False,ft3/s,5068.7155399680005,False,False,True,02246500,00060,"USGS NWIS IV 02246500 00060 (raw signed total discharge, not de-tided; negative = flood-tide reversal)"
2024-10-16 19:00:00+00:00,183000.0,A,False,ft3/s,5181.982926336,False,False,True,02246500,00060,"USGS NWIS IV 02246500 00060 (raw signed total discharge, not de-tided; negative = flood-tide reversal)"
2024-10-16 19:15:00+00:00,186000.0,A,False,ft3/s,5266.933466112,False,False,True,02246500,00060,"USGS NWIS IV 02246500 00060 (raw signed total discharge, not de-tided; negative = flood-tide reversal)"
2024-10-16 19:30:00+00:00,190000.0,A,False,ft3/s,5380.20085248,False,False,True,02246500,00060,"USGS NWIS IV 02246500 00060 (raw signed total discharge, not de-tided; negative = flood-tide reversal)"
2024-10-16 19:45:00+00:00,192000.0,A,False,ft3/s,5436.834545664,False,False,True,02246500,00060,"USGS NWIS IV 02246500 00060 (raw signed total discharge, not de-tided; negative = flood-tide reversal)"
2024-10-16 20:00:00+00:00,192000.0,A,False,ft3/s,5436.834545664,False,False,True,02246500,00060,"USGS NWIS IV 02246500 00060 (raw signed total discharge, not de-tided; negative = flood-tide reversal)"
2024-10-16 20:15:00+00:00,188000.0,A,False,ft3/s,5323.567159296,False,False,True,02246500,00060,"USGS NWIS IV 02246500 00060 (raw signed total discharge, not de-tided; negative = flood-tide reversal)"
2024-10-16 20:30:00+00:00,189000.0,A,False,ft3/s,5351.8840058880005,False,False,True,02246500,00060,"USGS NWIS IV 02246500 00060 (raw signed total discharge, not de-tided; negative = flood-tide reversal)"
2024-10-16 20:45:00+00:00,187000.0,A,False,ft3/s,5295.250312704,False,False,True,02246500,00060,"USGS NWIS IV 02246500 00060 (raw signed total discharge, not de-tided; negative = flood-tide reversal)"
2024-10-16 21:00:00+00:00,169000.0,A,False,ft3/s,4785.5470740480005,False,False,True,02246500,00060,"USGS NWIS IV 02246500 00060 (raw signed total discharge, not de-tided; negative = flood-tide reversal)"
2024-10-16 21:15:00+00:00,184000.0,A,False,ft3/s,5210.2997729280005,False,False,True,02246500,00060,"USGS NWIS IV 02246500 00060 (raw signed total discharge, not de-tided; negative = flood-tide reversal)"
2024-10-16 21:30:00+00:00,168000.0,A,False,ft3/s,4757.230227456,False,False,True,02246500,00060,"USGS NWIS IV 02246500 00060 (raw signed total discharge, not de-tided; negative = flood-tide reversal)"
2024-10-16 21:45:00+00:00,157000.0,A,False,ft3/s,4445.744914944,False,False,True,02246500,00060,"USGS NWIS IV 02246500 00060 (raw signed total discharge, not de-tided; negative = flood-tide reversal)"
2024-10-16 22:00:00+00:00,142000.0,A,False,ft3/s,4020.9922160640003,False,False,True,02246500,00060,"USGS NWIS IV 02246500 00060 (raw signed total discharge, not de-tided; negative = flood-tide reversal)"
2024-10-16 22:15:00+00:00,124000.0,A,False,ft3/s,3511.288977408,False,False,True,02246500,00060,"USGS NWIS IV 02246500 00060 (raw signed total discharge, not de-tided; negative = flood-tide reversal)"
2024-10-16 22:30:00+00:00,106000.0,A,False,ft3/s,3001.585738752,False,False,True,02246500,00060,"USGS NWIS IV 02246500 00060 (raw signed total discharge, not de-tided; negative = flood-tide reversal)"
2024-10-16 22:45:00+00:00,83900.0,A,False,ft3/s,2375.7834290688,False,False,True,02246500,00060,"USGS NWIS IV 02246500 00060 (raw signed total discharge, not de-tided; negative = flood-tide reversal)"
2024-10-16 23:00:00+00:00,55100.0,A,False,ft3/s,1560.2582472192,False,False,True,02246500,00060,"USGS NWIS IV 02246500 00060 (raw signed total discharge, not de-tided; negative = flood-tide reversal)"
2024-10-16 23:15:00+00:00,36200.0,A,False,ft3/s,1025.0698466304,False,False,True,02246500,00060,"USGS NWIS IV 02246500 00060 (raw signed total discharge, not de-tided; negative = flood-tide reversal)"
2024-10-16 23:30:00+00:00,-8100.0,A,False,ft3/s,-229.3664573952,False,False,True,02246500,00060,"USGS NWIS IV 02246500 00060 (raw signed total discharge, not de-tided; negative = flood-tide reversal)"
2024-10-16 23:45:00+00:00,-22200.0,A,False,ft3/s,-628.6339943424,False,False,True,02246500,00060,"USGS NWIS IV 02246500 00060 (raw signed total discharge, not de-tided; negative = flood-tide reversal)"
2024-10-17 00:00:00+00:00,-49400.0,A,False,ft3/s,-1398.8522216448,False,False,True,02246500,00060,"USGS NWIS IV 02246500 00060 (raw signed total discharge, not de-tided; negative = flood-tide reversal)"
2024-10-17 00:15:00+00:00,-70500.0,A,False,ft3/s,-1996.337684736,False,False,True,02246500,00060,"USGS NWIS IV 02246500 00060 (raw signed total discharge, not de-tided; negative = flood-tide reversal)"
2024-10-17 00:30:00+00:00,-89300.0,A,False,ft3/s,-2528.6944006656,False,False,True,02246500,00060,"USGS NWIS IV 02246500 00060 (raw signed total discharge, not de-tided; negative = flood-tide reversal)"
2024-10-17 00:45:00+00:00,-118000.0,A,False,ft3/s,-3341.387897856,False,False,True,02246500,00060,"USGS NWIS IV 02246500 00060 (raw signed total discharge, not de-tided; negative = flood-tide reversal)"
2024-10-17 01:00:00+00:00,-140000.0,A,False,ft3/s,-3964.3585228800002,False,False,True,02246500,00060,"USGS NWIS IV 02246500 00060 (raw signed total discharge, not de-tided; negative = flood-tide reversal)"
2024-10-17 01:15:00+00:00,-146000.0,A,False,ft3/s,-4134.259602432,False,False,True,02246500,00060,"USGS NWIS IV 02246500 00060 (raw signed total discharge, not de-tided; negative = flood-tide reversal)"
2024-10-17 01:30:00+00:00,-161000.0,A,False,ft3/s,-4559.012301312,False,False,True,02246500,00060,"USGS NWIS IV 02246500 00060 (raw signed total discharge, not de-tided; negative = flood-tide reversal)"
2024-10-17 01:45:00+00:00,-173000.0,A,False,ft3/s,-4898.814460416,False,False,True,02246500,00060,"USGS NWIS IV 02246500 00060 (raw signed total discharge, not de-tided; negative = flood-tide reversal)"
2024-10-17 02:00:00+00:00,-166000.0,A,False,ft3/s,-4700.596534272,False,False,True,02246500,00060,"USGS NWIS IV 02246500 00060 (raw signed total discharge, not de-tided; negative = flood-tide reversal)"
2024-10-17 02:15:00+00:00,-166000.0,A,False,ft3/s,-4700.596534272,False,False,True,02246500,00060,"USGS NWIS IV 02246500 00060 (raw signed total discharge, not de-tided; negative = flood-tide reversal)"
2024-10-17 02:30:00+00:00,-165000.0,A,False,ft3/s,-4672.27968768,False,False,True,02246500,00060,"USGS NWIS IV 02246500 00060 (raw signed total discharge, not de-tided; negative = flood-tide reversal)"
2024-10-17 02:45:00+00:00,-161000.0,A,False,ft3/s,-4559.012301312,False,False,True,02246500,00060,"USGS NWIS IV 02246500 00060 (raw signed total discharge, not de-tided; negative = flood-tide reversal)"
2024-10-17 03:00:00+00:00,-165000.0,A,False,ft3/s,-4672.27968768,False,False,True,02246500,00060,"USGS NWIS IV 02246500 00060 (raw signed total discharge, not de-tided; negative = flood-tide reversal)"
2024-10-17 03:15:00+00:00,-145000.0,A,False,ft3/s,-4105.94275584,False,False,True,02246500,00060,"USGS NWIS IV 02246500 00060 (raw signed total discharge, not de-tided; negative = flood-tide reversal)"
2024-10-17 03:30:00+00:00,-145000.0,A,False,ft3/s,-4105.94275584,False,False,True,02246500,00060,"USGS NWIS IV 02246500 00060 (raw signed total discharge, not de-tided; negative = flood-tide reversal)"
2024-10-17 03:45:00+00:00,-128000.0,A,False,ft3/s,-3624.556363776,False,False,True,02246500,00060,"USGS NWIS IV 02246500 00060 (raw signed total discharge, not de-tided; negative = flood-tide reversal)"
2024-10-17 04:00:00+00:00,-101000.0,A,False,ft3/s,-2860.001505792,False,False,True,02246500,00060,"USGS NWIS IV 02246500 00060 (raw signed total discharge, not de-tided; negative = flood-tide reversal)"
2024-10-17 04:15:00+00:00,-88500.0,A,False,ft3/s,-2506.040923392,False,False,True,02246500,00060,"USGS NWIS IV 02246500 00060 (raw signed total discharge, not de-tided; negative = flood-tide reversal)"
2024-10-17 04:30:00+00:00,-50500.0,A,False,ft3/s,-1430.000752896,False,False,True,02246500,00060,"USGS NWIS IV 02246500 00060 (raw signed total discharge, not de-tided; negative = flood-tide reversal)"
2024-10-17 04:45:00+00:00,-29600.0,A,False,ft3/s,-838.1786591232001,False,False,True,02246500,00060,"USGS NWIS IV 02246500 00060 (raw signed total discharge, not de-tided; negative = flood-tide reversal)"
2024-10-17 05:00:00+00:00,-2290.0,A,False,ft3/s,-64.84557869568,False,False,True,02246500,00060,"USGS NWIS IV 02246500 00060 (raw signed total discharge, not de-tided; negative = flood-tide reversal)"
2024-10-17 05:15:00+00:00,41100.0,A,False,ft3/s,1163.8223949312,False,False,True,02246500,00060,"USGS NWIS IV 02246500 00060 (raw signed total discharge, not de-tided; negative = flood-tide reversal)"
2024-10-17 05:30:00+00:00,59000.0,A,False,ft3/s,1670.693948928,False,False,True,02246500,00060,"USGS NWIS IV 02246500 00060 (raw signed total discharge, not de-tided; negative = flood-tide reversal)"
2024-10-17 05:45:00+00:00,81500.0,A,False,ft3/s,2307.822997248,False,False,True,02246500,00060,"USGS NWIS IV 02246500 00060 (raw signed total discharge, not de-tided; negative = flood-tide reversal)"
2024-10-17 06:00:00+00:00,105000.0,A,False,ft3/s,2973.26889216,False,False,True,02246500,00060,"USGS NWIS IV 02246500 00060 (raw signed total discharge, not de-tided; negative = flood-tide reversal)"
2024-10-17 06:15:00+00:00,123000.0,A,False,ft3/s,3482.972130816,False,False,True,02246500,00060,"USGS NWIS IV 02246500 00060 (raw signed total discharge, not de-tided; negative = flood-tide reversal)"
2024-10-17 06:30:00+00:00,146000.0,A,False,ft3/s,4134.259602432,False,False,True,02246500,00060,"USGS NWIS IV 02246500 00060 (raw signed total discharge, not de-tided; negative = flood-tide reversal)"
2024-10-17 06:45:00+00:00,156000.0,A,False,ft3/s,4417.428068352,False,False,True,02246500,00060,"USGS NWIS IV 02246500 00060 (raw signed total discharge, not de-tided; negative = flood-tide reversal)"
2024-10-17 07:00:00+00:00,160000.0,A,False,ft3/s,4530.69545472,False,False,True,02246500,00060,"USGS NWIS IV 02246500 00060 (raw signed total discharge, not de-tided; negative = flood-tide reversal)"
2024-10-17 07:15:00+00:00,178000.0,A,False,ft3/s,5040.398693376,False,False,True,02246500,00060,"USGS NWIS IV 02246500 00060 (raw signed total discharge, not de-tided; negative = flood-tide reversal)"
2024-10-17 07:30:00+00:00,180000.0,A,False,ft3/s,5097.03238656,False,False,True,02246500,00060,"USGS NWIS IV 02246500 00060 (raw signed total discharge, not de-tided; negative = flood-tide reversal)"
2024-10-17 07:45:00+00:00,187000.0,A,False,ft3/s,5295.250312704,False,False,True,02246500,00060,"USGS NWIS IV 02246500 00060 (raw signed total discharge, not de-tided; negative = flood-tide reversal)"
2024-10-17 08:00:00+00:00,195000.0,A,False,ft3/s,5521.78508544,False,False,True,02246500,00060,"USGS NWIS IV 02246500 00060 (raw signed total discharge, not de-tided; negative = flood-tide reversal)"
2024-10-17 08:15:00+00:00,189000.0,A,False,ft3/s,5351.8840058880005,False,False,True,02246500,00060,"USGS NWIS IV 02246500 00060 (raw signed total discharge, not de-tided; negative = flood-tide reversal)"
2024-10-17 08:30:00+00:00,183000.0,A,False,ft3/s,5181.982926336,False,False,True,02246500,00060,"USGS NWIS IV 02246500 00060 (raw signed total discharge, not de-tided; negative = flood-tide reversal)"
2024-10-17 08:45:00+00:00,195000.0,A,False,ft3/s,5521.78508544,False,False,True,02246500,00060,"USGS NWIS IV 02246500 00060 (raw signed total discharge, not de-tided; negative = flood-tide reversal)"
2024-10-17 09:00:00+00:00,180000.0,A,False,ft3/s,5097.03238656,False,False,True,02246500,00060,"USGS NWIS IV 02246500 00060 (raw signed total discharge, not de-tided; negative = flood-tide reversal)"
2024-10-17 09:15:00+00:00,182000.0,A,False,ft3/s,5153.666079744,False,False,True,02246500,00060,"USGS NWIS IV 02246500 00060 (raw signed total discharge, not de-tided; negative = flood-tide reversal)"
2024-10-17 09:30:00+00:00,174000.0,A,False,ft3/s,4927.1313070080005,False,False,True,02246500,00060,"USGS NWIS IV 02246500 00060 (raw signed total discharge, not de-tided; negative = flood-tide reversal)"
2024-10-17 09:45:00+00:00,167000.0,A,False,ft3/s,4728.913380864,False,False,True,02246500,00060,"USGS NWIS IV 02246500 00060 (raw signed total discharge, not de-tided; negative = flood-tide reversal)"
2024-10-17 10:00:00+00:00,145000.0,A,False,ft3/s,4105.94275584,False,False,True,02246500,00060,"USGS NWIS IV 02246500 00060 (raw signed total discharge, not de-tided; negative = flood-tide reversal)"
2024-10-17 10:15:00+00:00,124000.0,A,False,ft3/s,3511.288977408,False,False,True,02246500,00060,"USGS NWIS IV 02246500 00060 (raw signed total discharge, not de-tided; negative = flood-tide reversal)"
2024-10-17 10:30:00+00:00,101000.0,A,False,ft3/s,2860.001505792,False,False,True,02246500,00060,"USGS NWIS IV 02246500 00060 (raw signed total discharge, not de-tided; negative = flood-tide reversal)"
2024-10-17 10:45:00+00:00,82000.0,A,False,ft3/s,2321.9814205440002,False,False,True,02246500,00060,"USGS NWIS IV 02246500 00060 (raw signed total discharge, not de-tided; negative = flood-tide reversal)"
2024-10-17 11:00:00+00:00,50400.0,A,False,ft3/s,1427.1690682368,False,False,True,02246500,00060,"USGS NWIS IV 02246500 00060 (raw signed total discharge, not de-tided; negative = flood-tide reversal)"
2024-10-17 11:15:00+00:00,22700.0,A,False,ft3/s,642.7924176384,False,False,True,02246500,00060,"USGS NWIS IV 02246500 00060 (raw signed total discharge, not de-tided; negative = flood-tide reversal)"
2024-10-17 11:30:00+00:00,-12900.0,A,False,ft3/s,-365.2873210368,False,False,True,02246500,00060,"USGS NWIS IV 02246500 00060 (raw signed total discharge, not de-tided; negative = flood-tide reversal)"
2024-10-17 11:45:00+00:00,-34300.0,A,False,ft3/s,-971.2678381056,False,False,True,02246500,00060,"USGS NWIS IV 02246500 00060 (raw signed total discharge, not de-tided; negative = flood-tide reversal)"
2024-10-17 12:00:00+00:00,-65500.0,A,False,ft3/s,-1854.753451776,False,False,True,02246500,00060,"USGS NWIS IV 02246500 00060 (raw signed total discharge, not de-tided; negative = flood-tide reversal)"
2024-10-17 12:15:00+00:00,-85200.0,A,False,ft3/s,-2412.5953296384,False,False,True,02246500,00060,"USGS NWIS IV 02246500 00060 (raw signed total discharge, not de-tided; negative = flood-tide reversal)"
2024-10-17 12:30:00+00:00,-107000.0,A,False,ft3/s,-3029.9025853440003,False,False,True,02246500,00060,"USGS NWIS IV 02246500 00060 (raw signed total discharge, not de-tided; negative = flood-tide reversal)"
2024-10-17 12:45:00+00:00,-129000.0,A,False,ft3/s,-3652.873210368,False,False,True,02246500,00060,"USGS NWIS IV 02246500 00060 (raw signed total discharge, not de-tided; negative = flood-tide reversal)"
2024-10-17 13:00:00+00:00,-153000.0,A,False,ft3/s,-4332.477528576,False,False,True,02246500,00060,"USGS NWIS IV 02246500 00060 (raw signed total discharge, not de-tided; negative = flood-tide reversal)"
2024-10-17 13:15:00+00:00,-149000.0,A,False,ft3/s,-4219.210142208,False,False,True,02246500,00060,"USGS NWIS IV 02246500 00060 (raw signed total discharge, not de-tided; negative = flood-tide reversal)"
2024-10-17 13:30:00+00:00,-177000.0,A,False,ft3/s,-5012.081846784,False,False,True,02246500,00060,"USGS NWIS IV 02246500 00060 (raw signed total discharge, not de-tided; negative = flood-tide reversal)"
2024-10-17 13:45:00+00:00,-178000.0,A,False,ft3/s,-5040.398693376,False,False,True,02246500,00060,"USGS NWIS IV 02246500 00060 (raw signed total discharge, not de-tided; negative = flood-tide reversal)"
2024-10-17 14:00:00+00:00,-171000.0,A,False,ft3/s,-4842.180767232,False,False,True,02246500,00060,"USGS NWIS IV 02246500 00060 (raw signed total discharge, not de-tided; negative = flood-tide reversal)"
2024-10-17 14:15:00+00:00,-183000.0,A,False,ft3/s,-5181.982926336,False,False,True,02246500,00060,"USGS NWIS IV 02246500 00060 (raw signed total discharge, not de-tided; negative = flood-tide reversal)"
2024-10-17 14:30:00+00:00,-187000.0,A,False,ft3/s,-5295.250312704,False,False,True,02246500,00060,"USGS NWIS IV 02246500 00060 (raw signed total discharge, not de-tided; negative = flood-tide reversal)"
2024-10-17 14:45:00+00:00,-179000.0,A,False,ft3/s,-5068.7155399680005,False,False,True,02246500,00060,"USGS NWIS IV 02246500 00060 (raw signed total discharge, not de-tided; negative = flood-tide reversal)"
2024-10-17 15:00:00+00:00,-188000.0,A,False,ft3/s,-5323.567159296,False,False,True,02246500,00060,"USGS NWIS IV 02246500 00060 (raw signed total discharge, not de-tided; negative = flood-tide reversal)"
2024-10-17 15:15:00+00:00,-190000.0,A,False,ft3/s,-5380.20085248,False,False,True,02246500,00060,"USGS NWIS IV 02246500 00060 (raw signed total discharge, not de-tided; negative = flood-tide reversal)"
2024-10-17 15:30:00+00:00,-175000.0,A,False,ft3/s,-4955.4481536,False,False,True,02246500,00060,"USGS NWIS IV 02246500 00060 (raw signed total discharge, not de-tided; negative = flood-tide reversal)"
2024-10-17 15:45:00+00:00,-174000.0,A,False,ft3/s,-4927.1313070080005,False,False,True,02246500,00060,"USGS NWIS IV 02246500 00060 (raw signed total discharge, not de-tided; negative = flood-tide reversal)"
2024-10-17 16:00:00+00:00,-146000.0,A,False,ft3/s,-4134.259602432,False,False,True,02246500,00060,"USGS NWIS IV 02246500 00060 (raw signed total discharge, not de-tided; negative = flood-tide reversal)"
2024-10-17 16:15:00+00:00,-132000.0,A,False,ft3/s,-3737.8237501440003,False,False,True,02246500,00060,"USGS NWIS IV 02246500 00060 (raw signed total discharge, not de-tided; negative = flood-tide reversal)"
2024-10-17 16:30:00+00:00,-126000.0,A,False,ft3/s,-3567.922670592,False,False,True,02246500,00060,"USGS NWIS IV 02246500 00060 (raw signed total discharge, not de-tided; negative = flood-tide reversal)"
2024-10-17 16:45:00+00:00,-83300.0,A,False,ft3/s,-2358.7933211136,False,False,True,02246500,00060,"USGS NWIS IV 02246500 00060 (raw signed total discharge, not de-tided; negative = flood-tide reversal)"
2024-10-17 17:00:00+00:00,-61800.0,A,False,ft3/s,-1749.9811193856,False,False,True,02246500,00060,"USGS NWIS IV 02246500 00060 (raw signed total discharge, not de-tided; negative = flood-tide reversal)"
2024-10-17 17:15:00+00:00,-44400.0,A,False,ft3/s,-1257.2679886848,False,False,True,02246500,00060,"USGS NWIS IV 02246500 00060 (raw signed total discharge, not de-tided; negative = flood-tide reversal)"
2024-10-17 17:30:00+00:00,-22100.0,A,False,ft3/s,-625.8023096832001,False,False,True,02246500,00060,"USGS NWIS IV 02246500 00060 (raw signed total discharge, not de-tided; negative = flood-tide reversal)"
2024-10-17 17:45:00+00:00,20300.0,A,False,ft3/s,574.8319858176001,False,False,True,02246500,00060,"USGS NWIS IV 02246500 00060 (raw signed total discharge, not de-tided; negative = flood-tide reversal)"
2024-10-17 18:00:00+00:00,57100.0,A,False,ft3/s,1616.8919404032001,False,False,True,02246500,00060,"USGS NWIS IV 02246500 00060 (raw signed total discharge, not de-tided; negative = flood-tide reversal)"
2024-10-17 18:15:00+00:00,82200.0,A,False,ft3/s,2327.6447898624,False,False,True,02246500,00060,"USGS NWIS IV 02246500 00060 (raw signed total discharge, not de-tided; negative = flood-tide reversal)"
2024-10-17 18:30:00+00:00,106000.0,A,False,ft3/s,3001.585738752,False,False,True,02246500,00060,"USGS NWIS IV 02246500 00060 (raw signed total discharge, not de-tided; negative = flood-tide reversal)"
2024-10-17 18:45:00+00:00,126000.0,A,False,ft3/s,3567.922670592,False,False,True,02246500,00060,"USGS NWIS IV 02246500 00060 (raw signed total discharge, not de-tided; negative = flood-tide reversal)"
2024-10-17 19:00:00+00:00,143000.0,A,False,ft3/s,4049.309062656,False,False,True,02246500,00060,"USGS NWIS IV 02246500 00060 (raw signed total discharge, not de-tided; negative = flood-tide reversal)"
2024-10-17 19:15:00+00:00,159000.0,A,False,ft3/s,4502.378608128,False,False,True,02246500,00060,"USGS NWIS IV 02246500 00060 (raw signed total discharge, not de-tided; negative = flood-tide reversal)"
2024-10-17 19:30:00+00:00,167000.0,A,False,ft3/s,4728.913380864,False,False,True,02246500,00060,"USGS NWIS IV 02246500 00060 (raw signed total discharge, not de-tided; negative = flood-tide reversal)"
2024-10-17 19:45:00+00:00,172000.0,A,False,ft3/s,4870.497613824,False,False,True,02246500,00060,"USGS NWIS IV 02246500 00060 (raw signed total discharge, not de-tided; negative = flood-tide reversal)"
2024-10-17 20:00:00+00:00,183000.0,A,False,ft3/s,5181.982926336,False,False,True,02246500,00060,"USGS NWIS IV 02246500 00060 (raw signed total discharge, not de-tided; negative = flood-tide reversal)"
2024-10-17 20:15:00+00:00,193000.0,A,False,ft3/s,5465.151392256,False,False,True,02246500,00060,"USGS NWIS IV 02246500 00060 (raw signed total discharge, not de-tided; negative = flood-tide reversal)"
2024-10-17 20:30:00+00:00,197000.0,A,False,ft3/s,5578.418778624,False,False,True,02246500,00060,"USGS NWIS IV 02246500 00060 (raw signed total discharge, not de-tided; negative = flood-tide reversal)"
2024-10-17 20:45:00+00:00,199000.0,A,False,ft3/s,5635.0524718080005,False,False,True,02246500,00060,"USGS NWIS IV 02246500 00060 (raw signed total discharge, not de-tided; negative = flood-tide reversal)"
2024-10-17 21:00:00+00:00,195000.0,A,False,ft3/s,5521.78508544,False,False,True,02246500,00060,"USGS NWIS IV 02246500 00060 (raw signed total discharge, not de-tided; negative = flood-tide reversal)"
2024-10-17 21:15:00+00:00,194000.0,A,False,ft3/s,5493.4682388480005,False,False,True,02246500,00060,"USGS NWIS IV 02246500 00060 (raw signed total discharge, not de-tided; negative = flood-tide reversal)"
2024-10-17 21:30:00+00:00,201000.0,A,False,ft3/s,5691.686164992,False,False,True,02246500,00060,"USGS NWIS IV 02246500 00060 (raw signed total discharge, not de-tided; negative = flood-tide reversal)"
2024-10-17 21:45:00+00:00,190000.0,A,False,ft3/s,5380.20085248,False,False,True,02246500,00060,"USGS NWIS IV 02246500 00060 (raw signed total discharge, not de-tided; negative = flood-tide reversal)"
2024-10-17 22:00:00+00:00,201000.0,A,False,ft3/s,5691.686164992,False,False,True,02246500,00060,"USGS NWIS IV 02246500 00060 (raw signed total discharge, not de-tided; negative = flood-tide reversal)"
2024-10-17 22:15:00+00:00,189000.0,A,False,ft3/s,5351.8840058880005,False,False,True,02246500,00060,"USGS NWIS IV 02246500 00060 (raw signed total discharge, not de-tided; negative = flood-tide reversal)"
2024-10-17 22:30:00+00:00,189000.0,A,False,ft3/s,5351.8840058880005,False,False,True,02246500,00060,"USGS NWIS IV 02246500 00060 (raw signed total discharge, not de-tided; negative = flood-tide reversal)"
2024-10-17 22:45:00+00:00,171000.0,A,False,ft3/s,4842.180767232,False,False,True,02246500,00060,"USGS NWIS IV 02246500 00060 (raw signed total discharge, not de-tided; negative = flood-tide reversal)"
2024-10-17 23:00:00+00:00,158000.0,A,False,ft3/s,4474.061761536,False,False,True,02246500,00060,"USGS NWIS IV 02246500 00060 (raw signed total discharge, not de-tided; negative = flood-tide reversal)"
2024-10-17 23:15:00+00:00,136000.0,A,False,ft3/s,3851.091136512,False,False,True,02246500,00060,"USGS NWIS IV 02246500 00060 (raw signed total discharge, not de-tided; negative = flood-tide reversal)"
2024-10-17 23:30:00+00:00,121000.0,A,False,ft3/s,3426.338437632,False,False,True,02246500,00060,"USGS NWIS IV 02246500 00060 (raw signed total discharge, not de-tided; negative = flood-tide reversal)"
2024-10-17 23:45:00+00:00,91600.0,A,False,ft3/s,2593.8231478272,False,False,True,02246500,00060,"USGS NWIS IV 02246500 00060 (raw signed total discharge, not de-tided; negative = flood-tide reversal)"
2024-10-18 00:00:00+00:00,69400.0,A,False,ft3/s,1965.1891534848,False,False,True,02246500,00060,"USGS NWIS IV 02246500 00060 (raw signed total discharge, not de-tided; negative = flood-tide reversal)"
2024-10-18 00:15:00+00:00,34400.0,A,False,ft3/s,974.0995227648,False,False,True,02246500,00060,"USGS NWIS IV 02246500 00060 (raw signed total discharge, not de-tided; negative = flood-tide reversal)"
2024-10-18 00:30:00+00:00,18000.0,A,False,ft3/s,509.703238656,False,False,True,02246500,00060,"USGS NWIS IV 02246500 00060 (raw signed total discharge, not de-tided; negative = flood-tide reversal)"
2024-10-18 00:45:00+00:00,-15500.0,A,False,ft3/s,-438.911122176,False,False,True,02246500,00060,"USGS NWIS IV 02246500 00060 (raw signed total discharge, not de-tided; negative = flood-tide reversal)"
2024-10-18 01:00:00+00:00,-39400.0,A,False,ft3/s,-1115.6837557248,False,False,True,02246500,00060,"USGS NWIS IV 02246500 00060 (raw signed total discharge, not de-tided; negative = flood-tide reversal)"
2024-10-18 01:15:00+00:00,-61000.0,A,False,ft3/s,-1727.3276421120001,False,False,True,02246500,00060,"USGS NWIS IV 02246500 00060 (raw signed total discharge, not de-tided; negative = flood-tide reversal)"
2024-10-18 01:30:00+00:00,-80600.0,A,False,ft3/s,-2282.3378353152,False,False,True,02246500,00060,"USGS NWIS IV 02246500 00060 (raw signed total discharge, not de-tided; negative = flood-tide reversal)"
2024-10-18 01:45:00+00:00,-101000.0,A,False,ft3/s,-2860.001505792,False,False,True,02246500,00060,"USGS NWIS IV 02246500 00060 (raw signed total discharge, not de-tided; negative = flood-tide reversal)"
2024-10-18 02:00:00+00:00,-111000.0,A,False,ft3/s,-3143.169971712,False,False,True,02246500,00060,"USGS NWIS IV 02246500 00060 (raw signed total discharge, not de-tided; negative = flood-tide reversal)"
2024-10-18 02:15:00+00:00,-153000.0,A,False,ft3/s,-4332.477528576,False,False,True,02246500,00060,"USGS NWIS IV 02246500 00060 (raw signed total discharge, not de-tided; negative = flood-tide reversal)"
2024-10-18 02:30:00+00:00,-153000.0,A,False,ft3/s,-4332.477528576,False,False,True,02246500,00060,"USGS NWIS IV 02246500 00060 (raw signed total discharge, not de-tided; negative = flood-tide reversal)"
2024-10-18 02:45:00+00:00,-149000.0,A,False,ft3/s,-4219.210142208,False,False,True,02246500,00060,"USGS NWIS IV 02246500 00060 (raw signed total discharge, not de-tided; negative = flood-tide reversal)"
2024-10-18 03:00:00+00:00,-162000.0,A,False,ft3/s,-4587.329147904,False,False,True,02246500,00060,"USGS NWIS IV 02246500 00060 (raw signed total discharge, not de-tided; negative = flood-tide reversal)"
2024-10-18 03:15:00+00:00,-161000.0,A,False,ft3/s,-4559.012301312,False,False,True,02246500,00060,"USGS NWIS IV 02246500 00060 (raw signed total discharge, not de-tided; negative = flood-tide reversal)"
2024-10-18 03:30:00+00:00,-146000.0,A,False,ft3/s,-4134.259602432,False,False,True,02246500,00060,"USGS NWIS IV 02246500 00060 (raw signed total discharge, not de-tided; negative = flood-tide reversal)"
2024-10-18 03:45:00+00:00,-139000.0,A,False,ft3/s,-3936.041676288,False,False,True,02246500,00060,"USGS NWIS IV 02246500 00060 (raw signed total discharge, not de-tided; negative = flood-tide reversal)"
2024-10-18 04:00:00+00:00,-143000.0,A,False,ft3/s,-4049.309062656,False,False,True,02246500,00060,"USGS NWIS IV 02246500 00060 (raw signed total discharge, not de-tided; negative = flood-tide reversal)"
2024-10-18 04:15:00+00:00,-125000.0,A,False,ft3/s,-3539.605824,False,False,True,02246500,00060,"USGS NWIS IV 02246500 00060 (raw signed total discharge, not de-tided; negative = flood-tide reversal)"
2024-10-18 04:30:00+00:00,-96900.0,A,False,ft3/s,-2743.9024347648,False,False,True,02246500,00060,"USGS NWIS IV 02246500 00060 (raw signed total discharge, not de-tided; negative = flood-tide reversal)"
2024-10-18 04:45:00+00:00,-81200.0,A,False,ft3/s,-2299.3279432704003,False,False,True,02246500,00060,"USGS NWIS IV 02246500 00060 (raw signed total discharge, not de-tided; negative = flood-tide reversal)"
2024-10-18 05:00:00+00:00,-62400.0,A,False,ft3/s,-1766.9712273408,False,False,True,02246500,00060,"USGS NWIS IV 02246500 00060 (raw signed total discharge, not de-tided; negative = flood-tide reversal)"
2024-10-18 05:15:00+00:00,-29500.0,A,False,ft3/s,-835.346974464,False,False,True,02246500,00060,"USGS NWIS IV 02246500 00060 (raw signed total discharge, not de-tided; negative = flood-tide reversal)"
2024-10-18 05:30:00+00:00,584.0,A,False,ft3/s,16.537038409728,False,False,True,02246500,00060,"USGS NWIS IV 02246500 00060 (raw signed total discharge, not de-tided; negative = flood-tide reversal)"
2024-10-18 05:45:00+00:00,29400.0,A,False,ft3/s,832.5152898048,False,False,True,02246500,00060,"USGS NWIS IV 02246500 00060 (raw signed total discharge, not de-tided; negative = flood-tide reversal)"
2024-10-18 06:00:00+00:00,68200.0,A,False,ft3/s,1931.2089375744001,False,False,True,02246500,00060,"USGS NWIS IV 02246500 00060 (raw signed total discharge, not de-tided; negative = flood-tide reversal)"
2024-10-18 06:15:00+00:00,89400.0,A,False,ft3/s,2531.5260853248,False,False,True,02246500,00060,"USGS NWIS IV 02246500 00060 (raw signed total discharge, not de-tided; negative = flood-tide reversal)"
2024-10-18 06:30:00+00:00,111000.0,A,False,ft3/s,3143.169971712,False,False,True,02246500,00060,"USGS NWIS IV 02246500 00060 (raw signed total discharge, not de-tided; negative = flood-tide reversal)"
2024-10-18 06:45:00+00:00,130000.0,A,False,ft3/s,3681.19005696,False,False,True,02246500,00060,"USGS NWIS IV 02246500 00060 (raw signed total discharge, not de-tided; negative = flood-tide reversal)"
2024-10-18 07:00:00+00:00,156000.0,A,False,ft3/s,4417.428068352,False,False,True,02246500,00060,"USGS NWIS IV 02246500 00060 (raw signed total discharge, not de-tided; negative = flood-tide reversal)"
2024-10-18 07:15:00+00:00,161000.0,A,False,ft3/s,4559.012301312,False,False,True,02246500,00060,"USGS NWIS IV 02246500 00060 (raw signed total discharge, not de-tided; negative = flood-tide reversal)"
2024-10-18 07:30:00+00:00,167000.0,A,False,ft3/s,4728.913380864,False,False,True,02246500,00060,"USGS NWIS IV 02246500 00060 (raw signed total discharge, not de-tided; negative = flood-tide reversal)"
2024-10-18 07:45:00+00:00,174000.0,A,False,ft3/s,4927.1313070080005,False,False,True,02246500,00060,"USGS NWIS IV 02246500 00060 (raw signed total discharge, not de-tided; negative = flood-tide reversal)"
2024-10-18 08:00:00+00:00,185000.0,A,False,ft3/s,5238.61661952,False,False,True,02246500,00060,"USGS NWIS IV 02246500 00060 (raw signed total discharge, not de-tided; negative = flood-tide reversal)"
2024-10-18 08:15:00+00:00,193000.0,A,False,ft3/s,5465.151392256,False,False,True,02246500,00060,"USGS NWIS IV 02246500 00060 (raw signed total discharge, not de-tided; negative = flood-tide reversal)"
2024-10-18 08:30:00+00:00,182000.0,A,False,ft3/s,5153.666079744,False,False,True,02246500,00060,"USGS NWIS IV 02246500 00060 (raw signed total discharge, not de-tided; negative = flood-tide reversal)"
2024-10-18 08:45:00+00:00,191000.0,A,False,ft3/s,5408.517699072,False,False,True,02246500,00060,"USGS NWIS IV 02246500 00060 (raw signed total discharge, not de-tided; negative = flood-tide reversal)"
2024-10-18 09:00:00+00:00,199000.0,A,False,ft3/s,5635.0524718080005,False,False,True,02246500,00060,"USGS NWIS IV 02246500 00060 (raw signed total discharge, not de-tided; negative = flood-tide reversal)"
2024-10-18 09:15:00+00:00,211000.0,A,False,ft3/s,5974.854630912,False,False,True,02246500,00060,"USGS NWIS IV 02246500 00060 (raw signed total discharge, not de-tided; negative = flood-tide reversal)"
2024-10-18 09:30:00+00:00,206000.0,A,False,ft3/s,5833.270397952,False,False,True,02246500,00060,"USGS NWIS IV 02246500 00060 (raw signed total discharge, not de-tided; negative = flood-tide reversal)"
2024-10-18 09:45:00+00:00,199000.0,A,False,ft3/s,5635.0524718080005,False,False,True,02246500,00060,"USGS NWIS IV 02246500 00060 (raw signed total discharge, not de-tided; negative = flood-tide reversal)"
2024-10-18 10:00:00+00:00,185000.0,A,False,ft3/s,5238.61661952,False,False,True,02246500,00060,"USGS NWIS IV 02246500 00060 (raw signed total discharge, not de-tided; negative = flood-tide reversal)"
2024-10-18 10:15:00+00:00,190000.0,A,False,ft3/s,5380.20085248,False,False,True,02246500,00060,"USGS NWIS IV 02246500 00060 (raw signed total discharge, not de-tided; negative = flood-tide reversal)"
2024-10-18 10:30:00+00:00,188000.0,A,False,ft3/s,5323.567159296,False,False,True,02246500,00060,"USGS NWIS IV 02246500 00060 (raw signed total discharge, not de-tided; negative = flood-tide reversal)"
2024-10-18 10:45:00+00:00,171000.0,A,False,ft3/s,4842.180767232,False,False,True,02246500,00060,"USGS NWIS IV 02246500 00060 (raw signed total discharge, not de-tided; negative = flood-tide reversal)"
2024-10-18 11:00:00+00:00,156000.0,A,False,ft3/s,4417.428068352,False,False,True,02246500,00060,"USGS NWIS IV 02246500 00060 (raw signed total discharge, not de-tided; negative = flood-tide reversal)"
2024-10-18 11:15:00+00:00,138000.0,A,False,ft3/s,3907.724829696,False,False,True,02246500,00060,"USGS NWIS IV 02246500 00060 (raw signed total discharge, not de-tided; negative = flood-tide reversal)"
2024-10-18 11:30:00+00:00,110000.0,A,False,ft3/s,3114.85312512,False,False,True,02246500,00060,"USGS NWIS IV 02246500 00060 (raw signed total discharge, not de-tided; negative = flood-tide reversal)"
2024-10-18 11:45:00+00:00,77000.0,A,False,ft3/s,2180.397187584,False,False,True,02246500,00060,"USGS NWIS IV 02246500 00060 (raw signed total discharge, not de-tided; negative = flood-tide reversal)"
2024-10-18 12:00:00+00:00,54800.0,A,False,ft3/s,1551.7631932416,False,False,True,02246500,00060,"USGS NWIS IV 02246500 00060 (raw signed total discharge, not de-tided; negative = flood-tide reversal)"
2024-10-18 12:15:00+00:00,12200.0,A,False,ft3/s,345.4655284224,False,False,True,02246500,00060,"USGS NWIS IV 02246500 00060 (raw signed total discharge, not de-tided; negative = flood-tide reversal)"
2024-10-18 12:30:00+00:00,-15400.0,A,False,ft3/s,-436.0794375168,False,False,True,02246500,00060,"USGS NWIS IV 02246500 00060 (raw signed total discharge, not de-tided; negative = flood-tide reversal)"
2024-10-18 12:45:00+00:00,-39200.0,A,False,ft3/s,-1110.0203864064001,False,False,True,02246500,00060,"USGS NWIS IV 02246500 00060 (raw signed total discharge, not de-tided; negative = flood-tide reversal)"
2024-10-18 13:00:00+00:00,-69300.0,A,False,ft3/s,-1962.3574688256,False,False,True,02246500,00060,"USGS NWIS IV 02246500 00060 (raw signed total discharge, not de-tided; negative = flood-tide reversal)"
2024-10-18 13:15:00+00:00,-92100.0,A,False,ft3/s,-2607.9815711232,False,False,True,02246500,00060,"USGS NWIS IV 02246500 00060 (raw signed total discharge, not de-tided; negative = flood-tide reversal)"
2024-10-18 13:30:00+00:00,-112000.0,A,False,ft3/s,-3171.4868183040003,False,False,True,02246500,00060,"USGS NWIS IV 02246500 00060 (raw signed total discharge, not de-tided; negative = flood-tide reversal)"
2024-10-18 13:45:00+00:00,-150000.0,A,False,ft3/s,-4247.5269888,False,False,True,02246500,00060,"USGS NWIS IV 02246500 00060 (raw signed total discharge, not de-tided; negative = flood-tide reversal)"
2024-10-18 14:00:00+00:00,-154000.0,A,False,ft3/s,-4360.794375168,False,False,True,02246500,00060,"USGS NWIS IV 02246500 00060 (raw signed total discharge, not de-tided; negative = flood-tide reversal)"
2024-10-18 14:15:00+00:00,-160000.0,A,False,ft3/s,-4530.69545472,False,False,True,02246500,00060,"USGS NWIS IV 02246500 00060 (raw signed total discharge, not de-tided; negative = flood-tide reversal)"
2024-10-18 14:30:00+00:00,-169000.0,A,False,ft3/s,-4785.5470740480005,False,False,True,02246500,00060,"USGS NWIS IV 02246500 00060 (raw signed total discharge, not de-tided; negative = flood-tide reversal)"
2024-10-18 14:45:00+00:00,-178000.0,A,False,ft3/s,-5040.398693376,False,False,True,02246500,00060,"USGS NWIS IV 02246500 00060 (raw signed total discharge, not de-tided; negative = flood-tide reversal)"
2024-10-18 15:00:00+00:00,-184000.0,A,False,ft3/s,-5210.2997729280005,False,False,True,02246500,00060,"USGS NWIS IV 02246500 00060 (raw signed total discharge, not de-tided; negative = flood-tide reversal)"
2024-10-18 15:15:00+00:00,-179000.0,A,False,ft3/s,-5068.7155399680005,False,False,True,02246500,00060,"USGS NWIS IV 02246500 00060 (raw signed total discharge, not de-tided; negative = flood-tide reversal)"
2024-10-18 15:30:00+00:00,-189000.0,A,False,ft3/s,-5351.8840058880005,False,False,True,02246500,00060,"USGS NWIS IV 02246500 00060 (raw signed total discharge, not de-tided; negative = flood-tide reversal)"
2024-10-18 15:45:00+00:00,-190000.0,A,False,ft3/s,-5380.20085248,False,False,True,02246500,00060,"USGS NWIS IV 02246500 00060 (raw signed total discharge, not de-tided; negative = flood-tide reversal)"
2024-10-18 16:00:00+00:00,-188000.0,A,False,ft3/s,-5323.567159296,False,False,True,02246500,00060,"USGS NWIS IV 02246500 00060 (raw signed total discharge, not de-tided; negative = flood-tide reversal)"
2024-10-18 16:15:00+00:00,-193000.0,A,False,ft3/s,-5465.151392256,False,False,True,02246500,00060,"USGS NWIS IV 02246500 00060 (raw signed total discharge, not de-tided; negative = flood-tide reversal)"
2024-10-18 16:30:00+00:00,-173000.0,A,False,ft3/s,-4898.814460416,False,False,True,02246500,00060,"USGS NWIS IV 02246500 00060 (raw signed total discharge, not de-tided; negative = flood-tide reversal)"
2024-10-18 16:45:00+00:00,-161000.0,A,False,ft3/s,-4559.012301312,False,False,True,02246500,00060,"USGS NWIS IV 02246500 00060 (raw signed total discharge, not de-tided; negative = flood-tide reversal)"
2024-10-18 17:00:00+00:00,-160000.0,A,False,ft3/s,-4530.69545472,False,False,True,02246500,00060,"USGS NWIS IV 02246500 00060 (raw signed total discharge, not de-tided; negative = flood-tide reversal)"
2024-10-18 17:15:00+00:00,-118000.0,A,False,ft3/s,-3341.387897856,False,False,True,02246500,00060,"USGS NWIS IV 02246500 00060 (raw signed total discharge, not de-tided; negative = flood-tide reversal)"
2024-10-18 17:30:00+00:00,-115000.0,A,False,ft3/s,-3256.43735808,False,False,True,02246500,00060,"USGS NWIS IV 02246500 00060 (raw signed total discharge, not de-tided; negative = flood-tide reversal)"
2024-10-18 17:45:00+00:00,-78600.0,A,False,ft3/s,-2225.7041421312,False,False,True,02246500,00060,"USGS NWIS IV 02246500 00060 (raw signed total discharge, not de-tided; negative = flood-tide reversal)"
2024-10-18 18:00:00+00:00,-62600.0,A,False,ft3/s,-1772.6345966592,False,False,True,02246500,00060,"USGS NWIS IV 02246500 00060 (raw signed total discharge, not de-tided; negative = flood-tide reversal)"
2024-10-18 18:15:00+00:00,-46200.0,A,False,ft3/s,-1308.2383125504,False,False,True,02246500,00060,"USGS NWIS IV 02246500 00060 (raw signed total discharge, not de-tided; negative = flood-tide reversal)"
2024-10-18 18:30:00+00:00,-9530.0,A,False,ft3/s,-269.85954802176,False,False,True,02246500,00060,"USGS NWIS IV 02246500 00060 (raw signed total discharge, not de-tided; negative = flood-tide reversal)"
2024-10-18 18:45:00+00:00,12100.0,A,False,ft3/s,342.6338437632,False,False,True,02246500,00060,"USGS NWIS IV 02246500 00060 (raw signed total discharge, not de-tided; negative = flood-tide reversal)"
2024-10-18 19:00:00+00:00,53700.0,A,False,ft3/s,1520.6146619904,False,False,True,02246500,00060,"USGS NWIS IV 02246500 00060 (raw signed total discharge, not de-tided; negative = flood-tide reversal)"
2024-10-18 19:15:00+00:00,85000.0,A,False,ft3/s,2406.93196032,False,False,True,02246500,00060,"USGS NWIS IV 02246500 00060 (raw signed total discharge, not de-tided; negative = flood-tide reversal)"
2024-10-18 19:30:00+00:00,101000.0,A,False,ft3/s,2860.001505792,False,False,True,02246500,00060,"USGS NWIS IV 02246500 00060 (raw signed total discharge, not de-tided; negative = flood-tide reversal)"
2024-10-18 19:45:00+00:00,126000.0,A,False,ft3/s,3567.922670592,False,False,True,02246500,00060,"USGS NWIS IV 02246500 00060 (raw signed total discharge, not de-tided; negative = flood-tide reversal)"
2024-10-18 20:00:00+00:00,139000.0,A,False,ft3/s,3936.041676288,False,False,True,02246500,00060,"USGS NWIS IV 02246500 00060 (raw signed total discharge, not de-tided; negative = flood-tide reversal)"
2024-10-18 20:15:00+00:00,152000.0,A,False,ft3/s,4304.160681984,False,False,True,02246500,00060,"USGS NWIS IV 02246500 00060 (raw signed total discharge, not de-tided; negative = flood-tide reversal)"
2024-10-18 20:30:00+00:00,161000.0,A,False,ft3/s,4559.012301312,False,False,True,02246500,00060,"USGS NWIS IV 02246500 00060 (raw signed total discharge, not de-tided; negative = flood-tide reversal)"
2024-10-18 20:45:00+00:00,161000.0,A,False,ft3/s,4559.012301312,False,False,True,02246500,00060,"USGS NWIS IV 02246500 00060 (raw signed total discharge, not de-tided; negative = flood-tide reversal)"
2024-10-18 21:00:00+00:00,175000.0,A,False,ft3/s,4955.4481536,False,False,True,02246500,00060,"USGS NWIS IV 02246500 00060 (raw signed total discharge, not de-tided; negative = flood-tide reversal)"
2024-10-18 21:15:00+00:00,180000.0,A,False,ft3/s,5097.03238656,False,False,True,02246500,00060,"USGS NWIS IV 02246500 00060 (raw signed total discharge, not de-tided; negative = flood-tide reversal)"
2024-10-18 21:30:00+00:00,185000.0,A,False,ft3/s,5238.61661952,False,False,True,02246500,00060,"USGS NWIS IV 02246500 00060 (raw signed total discharge, not de-tided; negative = flood-tide reversal)"
2024-10-18 21:45:00+00:00,190000.0,A,False,ft3/s,5380.20085248,False,False,True,02246500,00060,"USGS NWIS IV 02246500 00060 (raw signed total discharge, not de-tided; negative = flood-tide reversal)"
2024-10-18 22:00:00+00:00,192000.0,A,False,ft3/s,5436.834545664,False,False,True,02246500,00060,"USGS NWIS IV 02246500 00060 (raw signed total discharge, not de-tided; negative = flood-tide reversal)"
2024-10-18 22:15:00+00:00,190000.0,A,False,ft3/s,5380.20085248,False,False,True,02246500,00060,"USGS NWIS IV 02246500 00060 (raw signed total discharge, not de-tided; negative = flood-tide reversal)"
2024-10-18 22:30:00+00:00,190000.0,A,False,ft3/s,5380.20085248,False,False,True,02246500,00060,"USGS NWIS IV 02246500 00060 (raw signed total discharge, not de-tided; negative = flood-tide reversal)"
2024-10-18 22:45:00+00:00,181000.0,A,False,ft3/s,5125.349233152,False,False,True,02246500,00060,"USGS NWIS IV 02246500 00060 (raw signed total discharge, not de-tided; negative = flood-tide reversal)"
2024-10-18 23:00:00+00:00,181000.0,A,False,ft3/s,5125.349233152,False,False,True,02246500,00060,"USGS NWIS IV 02246500 00060 (raw signed total discharge, not de-tided; negative = flood-tide reversal)"
2024-10-18 23:15:00+00:00,174000.0,A,False,ft3/s,4927.1313070080005,False,False,True,02246500,00060,"USGS NWIS IV 02246500 00060 (raw signed total discharge, not de-tided; negative = flood-tide reversal)"
2024-10-18 23:30:00+00:00,159000.0,A,False,ft3/s,4502.378608128,False,False,True,02246500,00060,"USGS NWIS IV 02246500 00060 (raw signed total discharge, not de-tided; negative = flood-tide reversal)"
2024-10-18 23:45:00+00:00,145000.0,A,False,ft3/s,4105.94275584,False,False,True,02246500,00060,"USGS NWIS IV 02246500 00060 (raw signed total discharge, not de-tided; negative = flood-tide reversal)"
2024-10-19 00:00:00+00:00,125000.0,A,False,ft3/s,3539.605824,False,False,True,02246500,00060,"USGS NWIS IV 02246500 00060 (raw signed total discharge, not de-tided; negative = flood-tide reversal)"
2024-10-19 00:15:00+00:00,105000.0,A,False,ft3/s,2973.26889216,False,False,True,02246500,00060,"USGS NWIS IV 02246500 00060 (raw signed total discharge, not de-tided; negative = flood-tide reversal)"
2024-10-19 00:30:00+00:00,79600.0,A,False,ft3/s,2254.0209887232,False,False,True,02246500,00060,"USGS NWIS IV 02246500 00060 (raw signed total discharge, not de-tided; negative = flood-tide reversal)"
2024-10-19 00:45:00+00:00,53000.0,A,False,ft3/s,1500.792869376,False,False,True,02246500,00060,"USGS NWIS IV 02246500 00060 (raw signed total discharge, not de-tided; negative = flood-tide reversal)"
2024-10-19 01:00:00+00:00,27700.0,A,False,ft3/s,784.3766505984,False,False,True,02246500,00060,"USGS NWIS IV 02246500 00060 (raw signed total discharge, not de-tided; negative = flood-tide reversal)"
2024-10-19 01:15:00+00:00,-6210.0,A,False,ft3/s,-175.84761733632,False,False,True,02246500,00060,"USGS NWIS IV 02246500 00060 (raw signed total discharge, not de-tided; negative = flood-tide reversal)"
2024-10-19 01:30:00+00:00,-25700.0,A,False,ft3/s,-727.7429574144,False,False,True,02246500,00060,"USGS NWIS IV 02246500 00060 (raw signed total discharge, not de-tided; negative = flood-tide reversal)"
2024-10-19 01:45:00+00:00,-48200.0,A,False,ft3/s,-1364.8720057344,False,False,True,02246500,00060,"USGS NWIS IV 02246500 00060 (raw signed total discharge, not de-tided; negative = flood-tide reversal)"
2024-10-19 02:00:00+00:00,-67300.0,A,False,ft3/s,-1905.7237756416,False,False,True,02246500,00060,"USGS NWIS IV 02246500 00060 (raw signed total discharge, not de-tided; negative = flood-tide reversal)"
2024-10-19 02:15:00+00:00,-89300.0,A,False,ft3/s,-2528.6944006656,False,False,True,02246500,00060,"USGS NWIS IV 02246500 00060 (raw signed total discharge, not de-tided; negative = flood-tide reversal)"
2024-10-19 02:30:00+00:00,-117000.0,A,False,ft3/s,-3313.0710512640003,False,False,True,02246500,00060,"USGS NWIS IV 02246500 00060 (raw signed total discharge, not de-tided; negative = flood-tide reversal)"
2024-10-19 02:45:00+00:00,-123000.0,A,False,ft3/s,-3482.972130816,False,False,True,02246500,00060,"USGS NWIS IV 02246500 00060 (raw signed total discharge, not de-tided; negative = flood-tide reversal)"
2024-10-19 03:00:00+00:00,-135000.0,A,False,ft3/s,-3822.7742899200002,False,False,True,02246500,00060,"USGS NWIS IV 02246500 00060 (raw signed total discharge, not de-tided; negative = flood-tide reversal)"
2024-10-19 03:15:00+00:00,-128000.0,A,False,ft3/s,-3624.556363776,False,False,True,02246500,00060,"USGS NWIS IV 02246500 00060 (raw signed total discharge, not de-tided; negative = flood-tide reversal)"
2024-10-19 03:30:00+00:00,-144000.0,A,False,ft3/s,-4077.625909248,False,False,True,02246500,00060,"USGS NWIS IV 02246500 00060 (raw signed total discharge, not de-tided; negative = flood-tide reversal)"
2024-10-19 03:45:00+00:00,-143000.0,A,False,ft3/s,-4049.309062656,False,False,True,02246500,00060,"USGS NWIS IV 02246500 00060 (raw signed total discharge, not de-tided; negative = flood-tide reversal)"
2024-10-19 04:00:00+00:00,-145000.0,A,False,ft3/s,-4105.94275584,False,False,True,02246500,00060,"USGS NWIS IV 02246500 00060 (raw signed total discharge, not de-tided; negative = flood-tide reversal)"
2024-10-19 04:15:00+00:00,-142000.0,A,False,ft3/s,-4020.9922160640003,False,False,True,02246500,00060,"USGS NWIS IV 02246500 00060 (raw signed total discharge, not de-tided; negative = flood-tide reversal)"
2024-10-19 04:30:00+00:00,-131000.0,A,False,ft3/s,-3709.506903552,False,False,True,02246500,00060,"USGS NWIS IV 02246500 00060 (raw signed total discharge, not de-tided; negative = flood-tide reversal)"
2024-10-19 04:45:00+00:00,-123000.0,A,False,ft3/s,-3482.972130816,False,False,True,02246500,00060,"USGS NWIS IV 02246500 00060 (raw signed total discharge, not de-tided; negative = flood-tide reversal)"
2024-10-19 05:00:00+00:00,-126000.0,A,False,ft3/s,-3567.922670592,False,False,True,02246500,00060,"USGS NWIS IV 02246500 00060 (raw signed total discharge, not de-tided; negative = flood-tide reversal)"
2024-10-19 05:15:00+00:00,-117000.0,A,False,ft3/s,-3313.0710512640003,False,False,True,02246500,00060,"USGS NWIS IV 02246500 00060 (raw signed total discharge, not de-tided; negative = flood-tide reversal)"
2024-10-19 05:30:00+00:00,-88300.0,A,False,ft3/s,-2500.3775540736,False,False,True,02246500,00060,"USGS NWIS IV 02246500 00060 (raw signed total discharge, not de-tided; negative = flood-tide reversal)"
2024-10-19 05:45:00+00:00,-61200.0,A,False,ft3/s,-1732.9910114304,False,False,True,02246500,00060,"USGS NWIS IV 02246500 00060 (raw signed total discharge, not de-tided; negative = flood-tide reversal)"
2024-10-19 06:00:00+00:00,-37800.0,A,False,ft3/s,-1070.3768011776,False,False,True,02246500,00060,"USGS NWIS IV 02246500 00060 (raw signed total discharge, not de-tided; negative = flood-tide reversal)"
2024-10-19 06:15:00+00:00,-16400.0,A,False,ft3/s,-464.3962841088,False,False,True,02246500,00060,"USGS NWIS IV 02246500 00060 (raw signed total discharge, not de-tided; negative = flood-tide reversal)"
2024-10-19 06:30:00+00:00,9750.0,A,False,ft3/s,276.089254272,False,False,True,02246500,00060,"USGS NWIS IV 02246500 00060 (raw signed total discharge, not de-tided; negative = flood-tide reversal)"
2024-10-19 06:45:00+00:00,52000.0,A,False,ft3/s,1472.476022784,False,False,True,02246500,00060,"USGS NWIS IV 02246500 00060 (raw signed total discharge, not de-tided; negative = flood-tide reversal)"
2024-10-19 07:00:00+00:00,78700.0,A,False,ft3/s,2228.5358267904003,False,False,True,02246500,00060,"USGS NWIS IV 02246500 00060 (raw signed total discharge, not de-tided; negative = flood-tide reversal)"
2024-10-19 07:15:00+00:00,102000.0,A,False,ft3/s,2888.3183523840003,False,False,True,02246500,00060,"USGS NWIS IV 02246500 00060 (raw signed total discharge, not de-tided; negative = flood-tide reversal)"
2024-10-19 07:30:00+00:00,120000.0,A,False,ft3/s,3398.02159104,False,False,True,02246500,00060,"USGS NWIS IV 02246500 00060 (raw signed total discharge, not de-tided; negative = flood-tide reversal)"
2024-10-19 07:45:00+00:00,134000.0,A,False,ft3/s,3794.457443328,False,False,True,02246500,00060,"USGS NWIS IV 02246500 00060 (raw signed total discharge, not de-tided; negative = flood-tide reversal)"
2024-10-19 08:00:00+00:00,154000.0,A,False,ft3/s,4360.794375168,False,False,True,02246500,00060,"USGS NWIS IV 02246500 00060 (raw signed total discharge, not de-tided; negative = flood-tide reversal)"
2024-10-19 08:15:00+00:00,167000.0,A,False,ft3/s,4728.913380864,False,False,True,02246500,00060,"USGS NWIS IV 02246500 00060 (raw signed total discharge, not de-tided; negative = flood-tide reversal)"
2024-10-19 08:30:00+00:00,176000.0,A,False,ft3/s,4983.765000192,False,False,True,02246500,00060,"USGS NWIS IV 02246500 00060 (raw signed total discharge, not de-tided; negative = flood-tide reversal)"
2024-10-19 08:45:00+00:00,185000.0,A,False,ft3/s,5238.61661952,False,False,True,02246500,00060,"USGS NWIS IV 02246500 00060 (raw signed total discharge, not de-tided; negative = flood-tide reversal)"
2024-10-19 09:00:00+00:00,187000.0,A,False,ft3/s,5295.250312704,False,False,True,02246500,00060,"USGS NWIS IV 02246500 00060 (raw signed total discharge, not de-tided; negative = flood-tide reversal)"
2024-10-19 09:15:00+00:00,191000.0,A,False,ft3/s,5408.517699072,False,False,True,02246500,00060,"USGS NWIS IV 02246500 00060 (raw signed total discharge, not de-tided; negative = flood-tide reversal)"
2024-10-19 09:30:00+00:00,191000.0,A,False,ft3/s,5408.517699072,False,False,True,02246500,00060,"USGS NWIS IV 02246500 00060 (raw signed total discharge, not de-tided; negative = flood-tide reversal)"
2024-10-19 09:45:00+00:00,194000.0,A,False,ft3/s,5493.4682388480005,False,False,True,02246500,00060,"USGS NWIS IV 02246500 00060 (raw signed total discharge, not de-tided; negative = flood-tide reversal)"
2024-10-19 10:00:00+00:00,202000.0,A,False,ft3/s,5720.003011584,False,False,True,02246500,00060,"USGS NWIS IV 02246500 00060 (raw signed total discharge, not de-tided; negative = flood-tide reversal)"
2024-10-19 10:15:00+00:00,203000.0,A,False,ft3/s,5748.319858176,False,False,True,02246500,00060,"USGS NWIS IV 02246500 00060 (raw signed total discharge, not de-tided; negative = flood-tide reversal)"
2024-10-19 10:30:00+00:00,199000.0,A,False,ft3/s,5635.0524718080005,False,False,True,02246500,00060,"USGS NWIS IV 02246500 00060 (raw signed total discharge, not de-tided; negative = flood-tide reversal)"
2024-10-19 10:45:00+00:00,187000.0,A,False,ft3/s,5295.250312704,False,False,True,02246500,00060,"USGS NWIS IV 02246500 00060 (raw signed total discharge, not de-tided; negative = flood-tide reversal)"
2024-10-19 11:00:00+00:00,187000.0,A,False,ft3/s,5295.250312704,False,False,True,02246500,00060,"USGS NWIS IV 02246500 00060 (raw signed total discharge, not de-tided; negative = flood-tide reversal)"
2024-10-19 11:15:00+00:00,192000.0,A,False,ft3/s,5436.834545664,False,False,True,02246500,00060,"USGS NWIS IV 02246500 00060 (raw signed total discharge, not de-tided; negative = flood-tide reversal)"
2024-10-19 11:30:00+00:00,175000.0,A,False,ft3/s,4955.4481536,False,False,True,02246500,00060,"USGS NWIS IV 02246500 00060 (raw signed total discharge, not de-tided; negative = flood-tide reversal)"
2024-10-19 11:45:00+00:00,162000.0,A,False,ft3/s,4587.329147904,False,False,True,02246500,00060,"USGS NWIS IV 02246500 00060 (raw signed total discharge, not de-tided; negative = flood-tide reversal)"
2024-10-19 12:00:00+00:00,144000.0,A,False,ft3/s,4077.625909248,False,False,True,02246500,00060,"USGS NWIS IV 02246500 00060 (raw signed total discharge, not de-tided; negative = flood-tide reversal)"
2024-10-19 12:15:00+00:00,119000.0,A,False,ft3/s,3369.704744448,False,False,True,02246500,00060,"USGS NWIS IV 02246500 00060 (raw signed total discharge, not de-tided; negative = flood-tide reversal)"
2024-10-19 12:30:00+00:00,98100.0,A,False,ft3/s,2777.8826506752002,False,False,True,02246500,00060,"USGS NWIS IV 02246500 00060 (raw signed total discharge, not de-tided; negative = flood-tide reversal)"
2024-10-19 12:45:00+00:00,70700.0,A,False,ft3/s,2002.0010540544001,False,False,True,02246500,00060,"USGS NWIS IV 02246500 00060 (raw signed total discharge, not de-tided; negative = flood-tide reversal)"
2024-10-19 13:00:00+00:00,22300.0,A,False,ft3/s,631.4656790016,False,False,True,02246500,00060,"USGS NWIS IV 02246500 00060 (raw signed total discharge, not de-tided; negative = flood-tide reversal)"
2024-10-19 13:15:00+00:00,-4260.0,A,False,ft3/s,-120.62976648192,False,False,True,02246500,00060,"USGS NWIS IV 02246500 00060 (raw signed total discharge, not de-tided; negative = flood-tide reversal)"
2024-10-19 13:30:00+00:00,-28500.0,A,False,ft3/s,-807.030127872,False,False,True,02246500,00060,"USGS NWIS IV 02246500 00060 (raw signed total discharge, not de-tided; negative = flood-tide reversal)"
2024-10-19 13:45:00+00:00,-57100.0,A,False,ft3/s,-1616.8919404032001,False,False,True,02246500,00060,"USGS NWIS IV 02246500 00060 (raw signed total discharge, not de-tided; negative = flood-tide reversal)"
2024-10-19 14:00:00+00:00,-78100.0,A,False,ft3/s,-2211.5457188352,False,False,True,02246500,00060,"USGS NWIS IV 02246500 00060 (raw signed total discharge, not de-tided; negative = flood-tide reversal)"
2024-10-19 14:15:00+00:00,-107000.0,A,False,ft3/s,-3029.9025853440003,False,False,True,02246500,00060,"USGS NWIS IV 02246500 00060 (raw signed total discharge, not de-tided; negative = flood-tide reversal)"
2024-10-19 14:30:00+00:00,-122000.0,A,False,ft3/s,-3454.6552842240003,False,False,True,02246500,00060,"USGS NWIS IV 02246500 00060 (raw signed total discharge, not de-tided; negative = flood-tide reversal)"
2024-10-19 14:45:00+00:00,-155000.0,A,False,ft3/s,-4389.11122176,False,False,True,02246500,00060,"USGS NWIS IV 02246500 00060 (raw signed total discharge, not de-tided; negative = flood-tide reversal)"
2024-10-19 15:00:00+00:00,-177000.0,A,False,ft3/s,-5012.081846784,False,False,True,02246500,00060,"USGS NWIS IV 02246500 00060 (raw signed total discharge, not de-tided; negative = flood-tide reversal)"
2024-10-19 15:15:00+00:00,-178000.0,A,False,ft3/s,-5040.398693376,False,False,True,02246500,00060,"USGS NWIS IV 02246500 00060 (raw signed total discharge, not de-tided; negative = flood-tide reversal)"
2024-10-19 15:30:00+00:00,-193000.0,A,False,ft3/s,-5465.151392256,False,False,True,02246500,00060,"USGS NWIS IV 02246500 00060 (raw signed total discharge, not de-tided; negative = flood-tide reversal)"
2024-10-19 15:45:00+00:00,-181000.0,A,False,ft3/s,-5125.349233152,False,False,True,02246500,00060,"USGS NWIS IV 02246500 00060 (raw signed total discharge, not de-tided; negative = flood-tide reversal)"
2024-10-19 16:00:00+00:00,-191000.0,A,False,ft3/s,-5408.517699072,False,False,True,02246500,00060,"USGS NWIS IV 02246500 00060 (raw signed total discharge, not de-tided; negative = flood-tide reversal)"
2024-10-19 16:15:00+00:00,-198000.0,A,False,ft3/s,-5606.735625216,False,False,True,02246500,00060,"USGS NWIS IV 02246500 00060 (raw signed total discharge, not de-tided; negative = flood-tide reversal)"
2024-10-19 16:30:00+00:00,-183000.0,A,False,ft3/s,-5181.982926336,False,False,True,02246500,00060,"USGS NWIS IV 02246500 00060 (raw signed total discharge, not de-tided; negative = flood-tide reversal)"
2024-10-19 16:45:00+00:00,-187000.0,A,False,ft3/s,-5295.250312704,False,False,True,02246500,00060,"USGS NWIS IV 02246500 00060 (raw signed total discharge, not de-tided; negative = flood-tide reversal)"
2024-10-19 17:00:00+00:00,-191000.0,A,False,ft3/s,-5408.517699072,False,False,True,02246500,00060,"USGS NWIS IV 02246500 00060 (raw signed total discharge, not de-tided; negative = flood-tide reversal)"
2024-10-19 17:15:00+00:00,-176000.0,A,False,ft3/s,-4983.765000192,False,False,True,02246500,00060,"USGS NWIS IV 02246500 00060 (raw signed total discharge, not de-tided; negative = flood-tide reversal)"
2024-10-19 17:30:00+00:00,-166000.0,A,False,ft3/s,-4700.596534272,False,False,True,02246500,00060,"USGS NWIS IV 02246500 00060 (raw signed total discharge, not de-tided; negative = flood-tide reversal)"
2024-10-19 17:45:00+00:00,-149000.0,A,False,ft3/s,-4219.210142208,False,False,True,02246500,00060,"USGS NWIS IV 02246500 00060 (raw signed total discharge, not de-tided; negative = flood-tide reversal)"
2024-10-19 18:00:00+00:00,-125000.0,A,False,ft3/s,-3539.605824,False,False,True,02246500,00060,"USGS NWIS IV 02246500 00060 (raw signed total discharge, not de-tided; negative = flood-tide reversal)"
2024-10-19 18:15:00+00:00,-116000.0,A,False,ft3/s,-3284.754204672,False,False,True,02246500,00060,"USGS NWIS IV 02246500 00060 (raw signed total discharge, not de-tided; negative = flood-tide reversal)"
2024-10-19 18:30:00+00:00,-103000.0,A,False,ft3/s,-2916.635198976,False,False,True,02246500,00060,"USGS NWIS IV 02246500 00060 (raw signed total discharge, not de-tided; negative = flood-tide reversal)"
2024-10-19 18:45:00+00:00,-90000.0,A,False,ft3/s,-2548.51619328,False,False,True,02246500,00060,"USGS NWIS IV 02246500 00060 (raw signed total discharge, not de-tided; negative = flood-tide reversal)"
2024-10-19 19:00:00+00:00,-64400.0,A,False,ft3/s,-1823.6049205248,False,False,True,02246500,00060,"USGS NWIS IV 02246500 00060 (raw signed total discharge, not de-tided; negative = flood-tide reversal)"
2024-10-19 19:15:00+00:00,-48300.0,A,False,ft3/s,-1367.7036903936,False,False,True,02246500,00060,"USGS NWIS IV 02246500 00060 (raw signed total discharge, not de-tided; negative = flood-tide reversal)"
2024-10-19 19:30:00+00:00,-381.0,A,False,ft3/s,-10.788718551552,False,False,True,02246500,00060,"USGS NWIS IV 02246500 00060 (raw signed total discharge, not de-tided; negative = flood-tide reversal)"
2024-10-19 19:45:00+00:00,22200.0,A,False,ft3/s,628.6339943424,False,False,True,02246500,00060,"USGS NWIS IV 02246500 00060 (raw signed total discharge, not de-tided; negative = flood-tide reversal)"
2024-10-19 20:00:00+00:00,48900.0,A,False,ft3/s,1384.6937983488,False,False,True,02246500,00060,"USGS NWIS IV 02246500 00060 (raw signed total discharge, not de-tided; negative = flood-tide reversal)"
2024-10-19 20:15:00+00:00,83800.0,A,False,ft3/s,2372.9517444096,False,False,True,02246500,00060,"USGS NWIS IV 02246500 00060 (raw signed total discharge, not de-tided; negative = flood-tide reversal)"
2024-10-19 20:30:00+00:00,106000.0,A,False,ft3/s,3001.585738752,False,False,True,02246500,00060,"USGS NWIS IV 02246500 00060 (raw signed total discharge, not de-tided; negative = flood-tide reversal)"
2024-10-19 20:45:00+00:00,126000.0,A,False,ft3/s,3567.922670592,False,False,True,02246500,00060,"USGS NWIS IV 02246500 00060 (raw signed total discharge, not de-tided; negative = flood-tide reversal)"
2024-10-19 21:00:00+00:00,146000.0,A,False,ft3/s,4134.259602432,False,False,True,02246500,00060,"USGS NWIS IV 02246500 00060 (raw signed total discharge, not de-tided; negative = flood-tide reversal)"
2024-10-19 21:15:00+00:00,158000.0,A,False,ft3/s,4474.061761536,False,False,True,02246500,00060,"USGS NWIS IV 02246500 00060 (raw signed total discharge, not de-tided; negative = flood-tide reversal)"
2024-10-19 21:30:00+00:00,166000.0,A,False,ft3/s,4700.596534272,False,False,True,02246500,00060,"USGS NWIS IV 02246500 00060 (raw signed total discharge, not de-tided; negative = flood-tide reversal)"
2024-10-19 21:45:00+00:00,178000.0,A,False,ft3/s,5040.398693376,False,False,True,02246500,00060,"USGS NWIS IV 02246500 00060 (raw signed total discharge, not de-tided; negative = flood-tide reversal)"
2024-10-19 22:00:00+00:00,188000.0,A,False,ft3/s,5323.567159296,False,False,True,02246500,00060,"USGS NWIS IV 02246500 00060 (raw signed total discharge, not de-tided; negative = flood-tide reversal)"
2024-10-19 22:15:00+00:00,183000.0,A,False,ft3/s,5181.982926336,False,False,True,02246500,00060,"USGS NWIS IV 02246500 00060 (raw signed total discharge, not de-tided; negative = flood-tide reversal)"
2024-10-19 22:30:00+00:00,193000.0,A,False,ft3/s,5465.151392256,False,False,True,02246500,00060,"USGS NWIS IV 02246500 00060 (raw signed total discharge, not de-tided; negative = flood-tide reversal)"
2024-10-19 22:45:00+00:00,187000.0,A,False,ft3/s,5295.250312704,False,False,True,02246500,00060,"USGS NWIS IV 02246500 00060 (raw signed total discharge, not de-tided; negative = flood-tide reversal)"
2024-10-19 23:00:00+00:00,191000.0,A,False,ft3/s,5408.517699072,False,False,True,02246500,00060,"USGS NWIS IV 02246500 00060 (raw signed total discharge, not de-tided; negative = flood-tide reversal)"
2024-10-19 23:15:00+00:00,187000.0,A,False,ft3/s,5295.250312704,False,False,True,02246500,00060,"USGS NWIS IV 02246500 00060 (raw signed total discharge, not de-tided; negative = flood-tide reversal)"
2024-10-19 23:30:00+00:00,199000.0,A,False,ft3/s,5635.0524718080005,False,False,True,02246500,00060,"USGS NWIS IV 02246500 00060 (raw signed total discharge, not de-tided; negative = flood-tide reversal)"
2024-10-19 23:45:00+00:00,185000.0,A,False,ft3/s,5238.61661952,False,False,True,02246500,00060,"USGS NWIS IV 02246500 00060 (raw signed total discharge, not de-tided; negative = flood-tide reversal)"
2024-10-20 00:00:00+00:00,182000.0,A,False,ft3/s,5153.666079744,False,False,True,02246500,00060,"USGS NWIS IV 02246500 00060 (raw signed total discharge, not de-tided; negative = flood-tide reversal)"
