hour_end_utc,n_records,n_valid,n_expected,coverage,discharge_m3s_hourly_mean,hourly_min,hourly_max,official_est_frac,discharge_m3s_filled,interp,unfillable,partial,obs_frac,source_class,station,units,sign_convention
2024-09-30 01:00:00+00:00,4,4,4,1.0,-4594.408359552001,-5238.61661952,-4105.94275584,0.0,-4594.408359552001,False,False,False,1.0,obs,02246500,m3/s,"positive = downstream (seaward), negative = upstream (flood-tide reversal); negative values kept as-is"
2024-09-30 02:00:00+00:00,4,4,4,1.0,-4382.032010112,-4813.86392064,-3964.3585228800002,0.0,-4382.032010112,False,False,False,1.0,obs,02246500,m3/s,"positive = downstream (seaward), negative = upstream (flood-tide reversal); negative values kept as-is"
2024-09-30 03:00:00+00:00,4,4,4,1.0,-4013.913004416,-4332.477528576,-3652.873210368,0.0,-4013.913004416,False,False,False,1.0,obs,02246500,m3/s,"positive = downstream (seaward), negative = upstream (flood-tide reversal); negative values kept as-is"
2024-09-30 04:00:00+00:00,4,4,4,1.0,-2228.5358267904,-2888.3183523840003,-1622.5553097216,0.0,-2228.5358267904,False,False,False,1.0,obs,02246500,m3/s,"positive = downstream (seaward), negative = upstream (flood-tide reversal); negative values kept as-is"
2024-09-30 05:00:00+00:00,4,4,4,1.0,624.45725947008,-521.0299772928,1846.2583977984,0.0,624.45725947008,False,False,False,1.0,obs,02246500,m3/s,"positive = downstream (seaward), negative = upstream (flood-tide reversal); negative values kept as-is"
2024-09-30 06:00:00+00:00,4,4,4,1.0,3281.2145988479997,2506.040923392,3794.457443328,0.0,3281.2145988479997,False,False,False,1.0,obs,02246500,m3/s,"positive = downstream (seaward), negative = upstream (flood-tide reversal); negative values kept as-is"
2024-09-30 07:00:00+00:00,4,4,4,1.0,4290.002258688,4049.309062656,4530.69545472,0.0,4290.002258688,False,False,False,1.0,obs,02246500,m3/s,"positive = downstream (seaward), negative = upstream (flood-tide reversal); negative values kept as-is"
2024-09-30 08:00:00+00:00,4,4,4,1.0,4551.933089664,4502.378608128,4587.329147904,0.0,4551.933089664,False,False,False,1.0,obs,02246500,m3/s,"positive = downstream (seaward), negative = upstream (flood-tide reversal); negative values kept as-is"
2024-09-30 09:00:00+00:00,4,4,4,1.0,4332.477528576,4190.893295616,4530.69545472,0.0,4332.477528576,False,False,False,1.0,obs,02246500,m3/s,"positive = downstream (seaward), negative = upstream (flood-tide reversal); negative values kept as-is"
2024-09-30 10:00:00+00:00,4,4,4,1.0,3216.0858516864,2528.6944006656,3737.8237501440003,0.0,3216.0858516864,False,False,False,1.0,obs,02246500,m3/s,"positive = downstream (seaward), negative = upstream (flood-tide reversal); negative values kept as-is"
2024-09-30 11:00:00+00:00,4,4,4,1.0,802.7826008832,-552.178508544,1854.753451776,0.0,802.7826008832,False,False,False,1.0,obs,02246500,m3/s,"positive = downstream (seaward), negative = upstream (flood-tide reversal); negative values kept as-is"
2024-09-30 12:00:00+00:00,4,4,4,1.0,-1362.7482422399999,-2055.8030625792,-702.2577954816,0.0,-1362.7482422399999,False,False,False,1.0,obs,02246500,m3/s,"positive = downstream (seaward), negative = upstream (flood-tide reversal); negative values kept as-is"
2024-09-30 13:00:00+00:00,4,4,4,1.0,-3381.0314830848,-4134.259602432,-2678.7736876032,0.0,-3381.0314830848,False,False,False,1.0,obs,02246500,m3/s,"positive = downstream (seaward), negative = upstream (flood-tide reversal); negative values kept as-is"
2024-09-30 14:00:00+00:00,4,4,4,1.0,-3943.120887936,-4360.794375168,-3709.506903552,0.0,-3943.120887936,False,False,False,1.0,obs,02246500,m3/s,"positive = downstream (seaward), negative = upstream (flood-tide reversal); negative values kept as-is"
2024-09-30 15:00:00+00:00,4,4,4,1.0,-4261.685412096,-4530.69545472,-3851.091136512,0.0,-4261.685412096,False,False,False,1.0,obs,02246500,m3/s,"positive = downstream (seaward), negative = upstream (flood-tide reversal); negative values kept as-is"
2024-09-30 16:00:00+00:00,4,4,4,1.0,-2976.808497984,-3936.041676288,-2038.812954624,0.0,-2976.808497984,False,False,False,1.0,obs,02246500,m3/s,"positive = downstream (seaward), negative = upstream (flood-tide reversal); negative values kept as-is"
2024-09-30 17:00:00+00:00,4,4,4,1.0,154.32681392639995,-1090.198593792,1500.792869376,0.0,154.32681392639995,False,False,False,1.0,obs,02246500,m3/s,"positive = downstream (seaward), negative = upstream (flood-tide reversal); negative values kept as-is"
2024-09-30 18:00:00+00:00,4,4,4,1.0,2894.6896428672003,2095.446647808,3681.19005696,0.0,2894.6896428672003,False,False,False,1.0,obs,02246500,m3/s,"positive = downstream (seaward), negative = upstream (flood-tide reversal); negative values kept as-is"
2024-09-30 19:00:00+00:00,4,4,4,1.0,4049.3090626560006,3737.8237501440003,4332.477528576,0.0,4049.3090626560006,False,False,False,1.0,obs,02246500,m3/s,"positive = downstream (seaward), negative = upstream (flood-tide reversal); negative values kept as-is"
2024-09-30 20:00:00+00:00,4,4,4,1.0,4502.378608128,4417.428068352,4615.645994496,0.0,4502.378608128,False,False,False,1.0,obs,02246500,m3/s,"positive = downstream (seaward), negative = upstream (flood-tide reversal); negative values kept as-is"
2024-09-30 21:00:00+00:00,4,4,4,1.0,4382.0320101120005,4332.477528576,4474.061761536,0.0,4382.0320101120005,False,False,False,1.0,obs,02246500,m3/s,"positive = downstream (seaward), negative = upstream (flood-tide reversal); negative values kept as-is"
2024-09-30 22:00:00+00:00,4,4,4,1.0,3357.6700846464,2755.2291734016003,3794.457443328,0.0,3357.6700846464,False,False,False,1.0,obs,02246500,m3/s,"positive = downstream (seaward), negative = upstream (flood-tide reversal); negative values kept as-is"
2024-09-30 23:00:00+00:00,4,4,4,1.0,1351.56308783616,246.92290228224002,2146.4169716736,0.0,1351.56308783616,False,False,False,1.0,obs,02246500,m3/s,"positive = downstream (seaward), negative = upstream (flood-tide reversal); negative values kept as-is"
2024-10-01 00:00:00+00:00,4,4,4,1.0,-1291.2482045952001,-2367.2883750912,-512.5349233152,0.0,-1291.2482045952001,False,False,False,1.0,obs,02246500,m3/s,"positive = downstream (seaward), negative = upstream (flood-tide reversal); negative values kept as-is"
2024-10-01 01:00:00+00:00,4,4,4,1.0,-3511.288977408,-3879.4079831040003,-2944.952045568,0.0,-3511.288977408,False,False,False,1.0,obs,02246500,m3/s,"positive = downstream (seaward), negative = upstream (flood-tide reversal); negative values kept as-is"
2024-10-01 02:00:00+00:00,4,4,4,1.0,-4495.29939648,-4757.230227456,-4162.576449024,0.0,-4495.29939648,False,False,False,1.0,obs,02246500,m3/s,"positive = downstream (seaward), negative = upstream (flood-tide reversal); negative values kept as-is"
2024-10-01 03:00:00+00:00,4,4,4,1.0,-4927.1313070080005,-5210.2997729280005,-4502.378608128,0.0,-4927.1313070080005,False,False,False,1.0,obs,02246500,m3/s,"positive = downstream (seaward), negative = upstream (flood-tide reversal); negative values kept as-is"
2024-10-01 04:00:00+00:00,4,4,4,1.0,-3936.041676288,-4559.012301312,-3369.704744448,0.0,-3936.041676288,False,False,False,1.0,obs,02246500,m3/s,"positive = downstream (seaward), negative = upstream (flood-tide reversal); negative values kept as-is"
2024-10-01 05:00:00+00:00,4,4,4,1.0,-1458.8485403616,-2831.6846592,-10.618817472,0.0,-1458.8485403616,False,False,False,1.0,obs,02246500,m3/s,"positive = downstream (seaward), negative = upstream (flood-tide reversal); negative values kept as-is"
2024-10-01 06:00:00+00:00,4,4,4,1.0,1689.8078203776001,659.7825255936,2823.1896052224,0.0,1689.8078203776001,False,False,False,1.0,obs,02246500,m3/s,"positive = downstream (seaward), negative = upstream (flood-tide reversal); negative values kept as-is"
2024-10-01 07:00:00+00:00,4,4,4,1.0,3815.695078272,3426.338437632,4077.625909248,0.0,3815.695078272,False,False,False,1.0,obs,02246500,m3/s,"positive = downstream (seaward), negative = upstream (flood-tide reversal); negative values kept as-is"
2024-10-01 08:00:00+00:00,4,4,4,1.0,4537.774666368,4474.061761536,4643.9628410880005,0.0,4537.774666368,False,False,False,1.0,obs,02246500,m3/s,"positive = downstream (seaward), negative = upstream (flood-tide reversal); negative values kept as-is"
2024-10-01 09:00:00+00:00,4,4,4,1.0,4566.09151296,4389.11122176,4757.230227456,0.0,4566.09151296,False,False,False,1.0,obs,02246500,m3/s,"positive = downstream (seaward), negative = upstream (flood-tide reversal); negative values kept as-is"
2024-10-01 10:00:00+00:00,4,4,4,1.0,4134.259602431999,3539.605824,4615.645994496,0.0,4134.259602431999,False,False,False,1.0,obs,02246500,m3/s,"positive = downstream (seaward), negative = upstream (flood-tide reversal); negative values kept as-is"
2024-10-01 11:00:00+00:00,4,4,4,1.0,2462.8577323392,1724.4959574528,3143.169971712,0.0,2462.8577323392,False,False,False,1.0,obs,02246500,m3/s,"positive = downstream (seaward), negative = upstream (flood-tide reversal); negative values kept as-is"
2024-10-01 12:00:00+00:00,4,4,4,1.0,-270.28430072064,-976.931207424,637.12904832,0.0,-270.28430072064,False,False,False,1.0,obs,02246500,m3/s,"positive = downstream (seaward), negative = upstream (flood-tide reversal); negative values kept as-is"
2024-10-01 13:00:00+00:00,4,4,4,1.0,-2567.6300647296002,-3482.972130816,-1560.2582472192,0.0,-2567.6300647296002,False,False,False,1.0,obs,02246500,m3/s,"positive = downstream (seaward), negative = upstream (flood-tide reversal); negative values kept as-is"
2024-10-01 14:00:00+00:00,4,4,4,1.0,-3985.596157824,-4162.576449024,-3766.140596736,0.0,-3985.596157824,False,False,False,1.0,obs,02246500,m3/s,"positive = downstream (seaward), negative = upstream (flood-tide reversal); negative values kept as-is"
2024-10-01 15:00:00+00:00,4,4,4,1.0,-4700.596534272,-4927.1313070080005,-4559.012301312,0.0,-4700.596534272,False,False,False,1.0,obs,02246500,m3/s,"positive = downstream (seaward), negative = upstream (flood-tide reversal); negative values kept as-is"
2024-10-01 16:00:00+00:00,4,4,4,1.0,-4410.348856704,-4842.180767232,-3567.922670592,0.0,-4410.348856704,False,False,False,1.0,obs,02246500,m3/s,"positive = downstream (seaward), negative = upstream (flood-tide reversal); negative values kept as-is"
2024-10-01 17:00:00+00:00,4,4,4,1.0,-2491.1745789312,-3114.85312512,-1531.9414006272,0.0,-2491.1745789312,False,False,False,1.0,obs,02246500,m3/s,"positive = downstream (seaward), negative = upstream (flood-tide reversal); negative values kept as-is"
2024-10-01 18:00:00+00:00,4,4,4,1.0,372.3665326848,-982.5945767424,1364.8720057344,0.0,372.3665326848,False,False,False,1.0,obs,02246500,m3/s,"positive = downstream (seaward), negative = upstream (flood-tide reversal); negative values kept as-is"
2024-10-01 19:00:00+00:00,4,4,4,1.0,3080.1649880448003,2333.3081591808,3709.506903552,0.0,3080.1649880448003,False,False,False,1.0,obs,02246500,m3/s,"positive = downstream (seaward), negative = upstream (flood-tide reversal); negative values kept as-is"
2024-10-01 20:00:00+00:00,4,4,4,1.0,4098.863544192,3964.3585228800002,4304.160681984,0.0,4098.863544192,False,False,False,1.0,obs,02246500,m3/s,"positive = downstream (seaward), negative = upstream (flood-tide reversal); negative values kept as-is"
2024-10-01 21:00:00+00:00,4,4,4,1.0,4382.032010112,4360.794375168,4445.744914944,0.0,4382.032010112,False,False,False,1.0,obs,02246500,m3/s,"positive = downstream (seaward), negative = upstream (flood-tide reversal); negative values kept as-is"
2024-10-01 22:00:00+00:00,4,4,4,1.0,3985.5961578240003,3709.506903552,4275.843835392,0.0,3985.5961578240003,False,False,False,1.0,obs,02246500,m3/s,"positive = downstream (seaward), negative = upstream (flood-tide reversal); negative values kept as-is"
2024-10-01 23:00:00+00:00,4,4,4,1.0,2685.8528992512,1868.9118750720002,3482.972130816,0.0,2685.8528992512,False,False,False,1.0,obs,02246500,m3/s,"positive = downstream (seaward), negative = upstream (flood-tide reversal); negative values kept as-is"
2024-10-02 00:00:00+00:00,4,4,4,1.0,155.742656256,-787.2083352576,1214.7927187968,0.0,155.742656256,False,False,False,1.0,obs,02246500,m3/s,"positive = downstream (seaward), negative = upstream (flood-tide reversal); negative values kept as-is"
2024-10-02 01:00:00+00:00,4,4,4,1.0,-2299.3279432704,-3086.536278528,-1319.5650511872,0.0,-2299.3279432704,False,False,False,1.0,obs,02246500,m3/s,"positive = downstream (seaward), negative = upstream (flood-tide reversal); negative values kept as-is"
2024-10-02 02:00:00+00:00,4,4,4,1.0,-4091.784332544,-4502.378608128,-3709.506903552,0.0,-4091.784332544,False,False,False,1.0,obs,02246500,m3/s,"positive = downstream (seaward), negative = upstream (flood-tide reversal); negative values kept as-is"
2024-10-02 03:00:00+00:00,4,4,4,1.0,-5153.666079744,-5351.8840058880005,-4757.230227456,0.0,-5153.666079744,False,False,False,1.0,obs,02246500,m3/s,"positive = downstream (seaward), negative = upstream (flood-tide reversal); negative values kept as-is"
2024-10-02 04:00:00+00:00,4,4,4,1.0,-4757.230227456001,-5436.834545664,-3936.041676288,0.0,-4757.230227456001,False,False,False,1.0,obs,02246500,m3/s,"positive = downstream (seaward), negative = upstream (flood-tide reversal); negative values kept as-is"
2024-10-02 05:00:00+00:00,4,4,4,1.0,-2971.8530498304003,-3681.19005696,-2157.7437103104003,0.0,-2971.8530498304003,False,False,False,1.0,obs,02246500,m3/s,"positive = downstream (seaward), negative = upstream (flood-tide reversal); negative values kept as-is"
2024-10-02 06:00:00+00:00,4,4,4,1.0,-24.281695952640007,-1200.6342955008001,1435.6641222144,0.0,-24.281695952640007,False,False,False,1.0,obs,02246500,m3/s,"positive = downstream (seaward), negative = upstream (flood-tide reversal); negative values kept as-is"
2024-10-02 07:00:00+00:00,4,4,4,1.0,2875.5757714176,2035.9812699648,3681.19005696,0.0,2875.5757714176,False,False,False,1.0,obs,02246500,m3/s,"positive = downstream (seaward), negative = upstream (flood-tide reversal); negative values kept as-is"
2024-10-02 08:00:00+00:00,4,4,4,1.0,4205.051718912,4134.259602432,4360.794375168,0.0,4205.051718912,False,False,False,1.0,obs,02246500,m3/s,"positive = downstream (seaward), negative = upstream (flood-tide reversal); negative values kept as-is"
2024-10-02 09:00:00+00:00,4,4,4,1.0,4537.774666367999,4389.11122176,4615.645994496,0.0,4537.774666367999,False,False,False,1.0,obs,02246500,m3/s,"positive = downstream (seaward), negative = upstream (flood-tide reversal); negative values kept as-is"
2024-10-02 10:00:00+00:00,4,4,4,1.0,4176.73487232,3879.4079831040003,4417.428068352,0.0,4176.73487232,False,False,False,1.0,obs,02246500,m3/s,"positive = downstream (seaward), negative = upstream (flood-tide reversal); negative values kept as-is"
2024-10-02 11:00:00+00:00,4,4,4,1.0,3136.7986812288,2494.7141847552,3681.19005696,0.0,3136.7986812288,False,False,False,1.0,obs,02246500,m3/s,"positive = downstream (seaward), negative = upstream (flood-tide reversal); negative values kept as-is"
2024-10-02 12:00:00+00:00,4,4,4,1.0,584.10575307648,-458.7329147904,1832.0999745024,0.0,584.10575307648,False,False,False,1.0,obs,02246500,m3/s,"positive = downstream (seaward), negative = upstream (flood-tide reversal); negative values kept as-is"
2024-10-02 13:00:00+00:00,4,4,4,1.0,-2086.9515938304003,-3114.85312512,-1044.8916392448,0.0,-2086.9515938304003,False,False,False,1.0,obs,02246500,m3/s,"positive = downstream (seaward), negative = upstream (flood-tide reversal); negative values kept as-is"
2024-10-02 14:00:00+00:00,4,4,4,1.0,-3773.2198083840003,-4219.210142208,-3398.02159104,0.0,-3773.2198083840003,False,False,False,1.0,obs,02246500,m3/s,"positive = downstream (seaward), negative = upstream (flood-tide reversal); negative values kept as-is"
2024-10-02 15:00:00+00:00,4,4,4,1.0,-5231.537407872,-5606.735625216,-4757.230227456,0.0,-5231.537407872,False,False,False,1.0,obs,02246500,m3/s,"positive = downstream (seaward), negative = upstream (flood-tide reversal); negative values kept as-is"
2024-10-02 16:00:00+00:00,4,4,4,1.0,-5097.03238656,-5436.834545664,-4502.378608128,0.0,-5097.03238656,False,False,False,1.0,obs,02246500,m3/s,"positive = downstream (seaward), negative = upstream (flood-tide reversal); negative values kept as-is"
2024-10-02 17:00:00+00:00,4,4,4,1.0,-4105.94275584,-4332.477528576,-3681.19005696,0.0,-4105.94275584,False,False,False,1.0,obs,02246500,m3/s,"positive = downstream (seaward), negative = upstream (flood-tide reversal); negative values kept as-is"
2024-10-02 18:00:00+00:00,4,4,4,1.0,-2239.1546442624,-3369.704744448,-982.5945767424,0.0,-2239.1546442624,False,False,False,1.0,obs,02246500,m3/s,"positive = downstream (seaward), negative = upstream (flood-tide reversal); negative values kept as-is"
2024-10-02 19:00:00+00:00,4,4,4,1.0,949.74703469568,-253.15260853248,1928.3772529152,0.0,949.74703469568,False,False,False,1.0,obs,02246500,m3/s,"positive = downstream (seaward), negative = upstream (flood-tide reversal); negative values kept as-is"
2024-10-02 20:00:00+00:00,4,4,4,1.0,3291.1254951552005,2630.6350483968,3907.724829696,0.0,3291.1254951552005,False,False,False,1.0,obs,02246500,m3/s,"positive = downstream (seaward), negative = upstream (flood-tide reversal); negative values kept as-is"
2024-10-02 21:00:00+00:00,4,4,4,1.0,4382.0320101120005,4105.94275584,4530.69545472,0.0,4382.0320101120005,False,False,False,1.0,obs,02246500,m3/s,"positive = downstream (seaward), negative = upstream (flood-tide reversal); negative values kept as-is"
2024-10-02 22:00:00+00:00,4,4,4,1.0,4424.50728,4360.794375168,4530.69545472,0.0,4424.50728,False,False,False,1.0,obs,02246500,m3/s,"positive = downstream (seaward), negative = upstream (flood-tide reversal); negative values kept as-is"
2024-10-02 23:00:00+00:00,4,4,4,1.0,3532.526612352,3058.219431936,4020.9922160640003,0.0,3532.526612352,False,False,False,1.0,obs,02246500,m3/s,"positive = downstream (seaward), negative = upstream (flood-tide reversal); negative values kept as-is"
2024-10-03 00:00:00+00:00,4,4,4,1.0,1722.3721939584,736.238011392,2596.6548324864,0.0,1722.3721939584,False,False,False,1.0,obs,02246500,m3/s,"positive = downstream (seaward), negative = upstream (flood-tide reversal); negative values kept as-is"
2024-10-03 01:00:00+00:00,4,4,4,1.0,-715.5525549565441,-1667.8622642688001,16.480404716544,0.0,-715.5525549565441,False,False,False,1.0,obs,02246500,m3/s,"positive = downstream (seaward), negative = upstream (flood-tide reversal); negative values kept as-is"
2024-10-03 02:00:00+00:00,4,4,4,1.0,-3194.1402955776,-3652.873210368,-2525.8627160064,0.0,-3194.1402955776,False,False,False,1.0,obs,02246500,m3/s,"positive = downstream (seaward), negative = upstream (flood-tide reversal); negative values kept as-is"
2024-10-03 03:00:00+00:00,4,4,4,1.0,-4920.052095360001,-5635.0524718080005,-4360.794375168,0.0,-4920.052095360001,False,False,False,1.0,obs,02246500,m3/s,"positive = downstream (seaward), negative = upstream (flood-tide reversal); negative values kept as-is"
2024-10-03 04:00:00+00:00,4,4,4,1.0,-4955.4481536,-5097.03238656,-4870.497613824,0.0,-4955.4481536,False,False,False,1.0,obs,02246500,m3/s,"positive = downstream (seaward), negative = upstream (flood-tide reversal); negative values kept as-is"
2024-10-03 05:00:00+00:00,4,4,4,1.0,-4438.665703295999,-4870.497613824,-3907.724829696,0.0,-4438.665703295999,False,False,False,1.0,obs,02246500,m3/s,"positive = downstream (seaward), negative = upstream (flood-tide reversal); negative values kept as-is"
2024-10-03 06:00:00+00:00,4,4,4,1.0,-2693.640032064,-3398.02159104,-1820.7732358656,0.0,-2693.640032064,False,False,False,1.0,obs,02246500,m3/s,"positive = downstream (seaward), negative = upstream (flood-tide reversal); negative values kept as-is"
2024-10-03 07:00:00+00:00,4,4,4,1.0,307.37936975616003,-1053.3866932224,1900.0604063232001,0.0,307.37936975616003,False,False,False,1.0,obs,02246500,m3/s,"positive = downstream (seaward), negative = upstream (flood-tide reversal); negative values kept as-is"
2024-10-03 08:00:00+00:00,4,4,4,1.0,2902.47677568,2307.822997248,3681.19005696,0.0,2902.47677568,False,False,False,1.0,obs,02246500,m3/s,"positive = downstream (seaward), negative = upstream (flood-tide reversal); negative values kept as-is"
2024-10-03 09:00:00+00:00,4,4,4,1.0,4360.7943751679995,4077.625909248,4530.69545472,0.0,4360.7943751679995,False,False,False,1.0,obs,02246500,m3/s,"positive = downstream (seaward), negative = upstream (flood-tide reversal); negative values kept as-is"
2024-10-03 10:00:00+00:00,4,4,4,1.0,4594.408359552001,4502.378608128,4672.27968768,0.0,4594.408359552001,False,False,False,1.0,obs,02246500,m3/s,"positive = downstream (seaward), negative = upstream (flood-tide reversal); negative values kept as-is"
2024-10-03 11:00:00+00:00,4,4,4,1.0,3836.932713216,3256.43735808,4219.210142208,0.0,3836.932713216,False,False,False,1.0,obs,02246500,m3/s,"positive = downstream (seaward), negative = upstream (flood-tide reversal); negative values kept as-is"
2024-10-03 12:00:00+00:00,4,4,4,1.0,1769.0949908352,761.7231733248,2823.1896052224,0.0,1769.0949908352,False,False,False,1.0,obs,02246500,m3/s,"positive = downstream (seaward), negative = upstream (flood-tide reversal); negative values kept as-is"
2024-10-03 13:00:00+00:00,4,4,4,1.0,-752.5201981824,-1747.1494347264002,43.607943751680004,0.0,-752.5201981824,False,False,False,1.0,obs,02246500,m3/s,"positive = downstream (seaward), negative = upstream (flood-tide reversal); negative values kept as-is"
2024-10-03 14:00:00+00:00,4,4,4,1.0,-3059.6352742656,-3482.972130816,-2554.1795625984,0.0,-3059.6352742656,False,False,False,1.0,obs,02246500,m3/s,"positive = downstream (seaward), negative = upstream (flood-tide reversal); negative values kept as-is"
2024-10-03 15:00:00+00:00,4,4,4,1.0,-4728.913380864,-5125.349233152,-4417.428068352,0.0,-4728.913380864,False,False,False,1.0,obs,02246500,m3/s,"positive = downstream (seaward), negative = upstream (flood-tide reversal); negative values kept as-is"
2024-10-03 16:00:00+00:00,4,4,4,1.0,-5578.418778624001,-5804.95355136,-5436.834545664,0.0,-5578.418778624001,False,False,False,1.0,obs,02246500,m3/s,"positive = downstream (seaward), negative = upstream (flood-tide reversal); negative values kept as-is"
2024-10-03 17:00:00+00:00,4,4,4,1.0,-5125.349233152,-5521.78508544,-4785.5470740480005,0.0,-5125.349233152,False,False,False,1.0,obs,02246500,m3/s,"positive = downstream (seaward), negative = upstream (flood-tide reversal); negative values kept as-is"
2024-10-03 18:00:00+00:00,4,4,4,1.0,-3787.3782316799998,-4219.210142208,-2944.952045568,0.0,-3787.3782316799998,False,False,False,1.0,obs,02246500,m3/s,"positive = downstream (seaward), negative = upstream (flood-tide reversal); negative values kept as-is"
2024-10-03 19:00:00+00:00,4,4,4,1.0,-1255.8521463552,-1970.8525228032001,-294.4952045568,0.0,-1255.8521463552,False,False,False,1.0,obs,02246500,m3/s,"positive = downstream (seaward), negative = upstream (flood-tide reversal); negative values kept as-is"
2024-10-03 20:00:00+00:00,4,4,4,1.0,1645.9167081599999,625.8023096832001,2395.6052216832,0.0,1645.9167081599999,False,False,False,1.0,obs,02246500,m3/s,"positive = downstream (seaward), negative = upstream (flood-tide reversal); negative values kept as-is"
2024-10-03 21:00:00+00:00,4,4,4,1.0,3381.0314830848,2820.3579205632,3794.457443328,0.0,3381.0314830848,False,False,False,1.0,obs,02246500,m3/s,"positive = downstream (seaward), negative = upstream (flood-tide reversal); negative values kept as-is"
2024-10-03 22:00:00+00:00,4,4,4,1.0,4169.6556606720005,4077.625909248,4304.160681984,0.0,4169.6556606720005,False,False,False,1.0,obs,02246500,m3/s,"positive = downstream (seaward), negative = upstream (flood-tide reversal); negative values kept as-is"
2024-10-03 23:00:00+00:00,4,4,4,1.0,4212.130930560001,3936.041676288,4417.428068352,0.0,4212.130930560001,False,False,False,1.0,obs,02246500,m3/s,"positive = downstream (seaward), negative = upstream (flood-tide reversal); negative values kept as-is"
2024-10-04 00:00:00+00:00,4,4,4,1.0,3119.1006521088,2421.090383616,3794.457443328,0.0,3119.1006521088,False,False,False,1.0,obs,02246500,m3/s,"positive = downstream (seaward), negative = upstream (flood-tide reversal); negative values kept as-is"
2024-10-04 01:00:00+00:00,4,4,4,1.0,559.257720192,-543.6834545664,1563.0899318784,0.0,559.257720192,False,False,False,1.0,obs,02246500,m3/s,"positive = downstream (seaward), negative = upstream (flood-tide reversal); negative values kept as-is"
2024-10-04 02:00:00+00:00,4,4,4,1.0,-1557.42656256,-2460.7339688448,-764.554857984,0.0,-1557.42656256,False,False,False,1.0,obs,02246500,m3/s,"positive = downstream (seaward), negative = upstream (flood-tide reversal); negative values kept as-is"
2024-10-04 03:00:00+00:00,4,4,4,1.0,-3950.200099584,-4927.1313070080005,-3001.585738752,0.0,-3950.200099584,False,False,False,1.0,obs,02246500,m3/s,"positive = downstream (seaward), negative = upstream (flood-tide reversal); negative values kept as-is"
2024-10-04 04:00:00+00:00,4,4,4,1.0,-5082.873963264001,-5465.151392256,-4530.69545472,0.0,-5082.873963264001,False,False,False,1.0,obs,02246500,m3/s,"positive = downstream (seaward), negative = upstream (flood-tide reversal); negative values kept as-is"
2024-10-04 05:00:00+00:00,4,4,4,1.0,-4771.388650752,-4955.4481536,-4530.69545472,0.0,-4771.388650752,False,False,False,1.0,obs,02246500,m3/s,"positive = downstream (seaward), negative = upstream (flood-tide reversal); negative values kept as-is"
2024-10-04 06:00:00+00:00,4,4,4,1.0,-3560.8434589440003,-4134.259602432,-3001.585738752,0.0,-3560.8434589440003,False,False,False,1.0,obs,02246500,m3/s,"positive = downstream (seaward), negative = upstream (flood-tide reversal); negative values kept as-is"
2024-10-04 07:00:00+00:00,4,4,4,1.0,-1211.04073662336,-2290.8328892928002,-78.43766505984,0.0,-1211.04073662336,False,False,False,1.0,obs,02246500,m3/s,"positive = downstream (seaward), negative = upstream (flood-tide reversal); negative values kept as-is"
2024-10-04 08:00:00+00:00,4,4,4,1.0,1737.2385384192,532.3567159296,2610.8132557824,0.0,1737.2385384192,False,False,False,1.0,obs,02246500,m3/s,"positive = downstream (seaward), negative = upstream (flood-tide reversal); negative values kept as-is"
2024-10-04 09:00:00+00:00,4,4,4,1.0,3865.2495598080004,3256.43735808,4332.477528576,0.0,3865.2495598080004,False,False,False,1.0,obs,02246500,m3/s,"positive = downstream (seaward), negative = upstream (flood-tide reversal); negative values kept as-is"
2024-10-04 10:00:00+00:00,4,4,4,1.0,4424.507280000001,4219.210142208,4615.645994496,0.0,4424.507280000001,False,False,False,1.0,obs,02246500,m3/s,"positive = downstream (seaward), negative = upstream (flood-tide reversal); negative values kept as-is"
2024-10-04 11:00:00+00:00,4,4,4,1.0,4367.873586816,4077.625909248,4530.69545472,0.0,4367.873586816,False,False,False,1.0,obs,02246500,m3/s,"positive = downstream (seaward), negative = upstream (flood-tide reversal); negative values kept as-is"
2024-10-04 12:00:00+00:00,4,4,4,1.0,3258.5611215744,2472.0607074816003,4020.9922160640003,0.0,3258.5611215744,False,False,False,1.0,obs,02246500,m3/s,"positive = downstream (seaward), negative = upstream (flood-tide reversal); negative values kept as-is"
2024-10-04 13:00:00+00:00,4,4,4,1.0,1413.0106449408,795.7033892352,2197.3872955392,0.0,1413.0106449408,False,False,False,1.0,obs,02246500,m3/s,"positive = downstream (seaward), negative = upstream (flood-tide reversal); negative values kept as-is"
2024-10-04 14:00:00+00:00,4,4,4,1.0,-972.8252646681601,-1755.644488704,-65.69508409344,0.0,-972.8252646681601,False,False,False,1.0,obs,02246500,m3/s,"positive = downstream (seaward), negative = upstream (flood-tide reversal); negative values kept as-is"
2024-10-04 15:00:00+00:00,4,4,4,1.0,-3630.2197330944,-4445.744914944,-2627.8033637376,0.0,-3630.2197330944,False,False,False,1.0,obs,02246500,m3/s,"positive = downstream (seaward), negative = upstream (flood-tide reversal); negative values kept as-is"
2024-10-04 16:00:00+00:00,4,4,4,1.0,-4976.685788544,-5465.151392256,-4643.9628410880005,0.0,-4976.685788544,False,False,False,1.0,obs,02246500,m3/s,"positive = downstream (seaward), negative = upstream (flood-tide reversal); negative values kept as-is"
2024-10-04 17:00:00+00:00,4,4,4,1.0,-5224.458196224,-5720.003011584,-4842.180767232,0.0,-5224.458196224,False,False,False,1.0,obs,02246500,m3/s,"positive = downstream (seaward), negative = upstream (flood-tide reversal); negative values kept as-is"
2024-10-04 18:00:00+00:00,4,4,4,1.0,-4544.853878016,-5153.666079744,-4049.309062656,0.0,-4544.853878016,False,False,False,1.0,obs,02246500,m3/s,"positive = downstream (seaward), negative = upstream (flood-tide reversal); negative values kept as-is"
2024-10-04 19:00:00+00:00,4,4,4,1.0,-2481.9716037888,-3567.922670592,-1486.63444608,0.0,-2481.9716037888,False,False,False,1.0,obs,02246500,m3/s,"positive = downstream (seaward), negative = upstream (flood-tide reversal); negative values kept as-is"
2024-10-04 20:00:00+00:00,4,4,4,1.0,550.19632928256,-787.2083352576,1693.3474262016,0.0,550.19632928256,False,False,False,1.0,obs,02246500,m3/s,"positive = downstream (seaward), negative = upstream (flood-tide reversal); negative values kept as-is"
2024-10-04 21:00:00+00:00,4,4,4,1.0,2624.2637579136003,1973.6842074624,3624.556363776,0.0,2624.2637579136003,False,False,False,1.0,obs,02246500,m3/s,"positive = downstream (seaward), negative = upstream (flood-tide reversal); negative values kept as-is"
2024-10-04 22:00:00+00:00,4,4,4,1.0,4219.2101422079995,3907.724829696,4417.428068352,0.0,4219.2101422079995,False,False,False,1.0,obs,02246500,m3/s,"positive = downstream (seaward), negative = upstream (flood-tide reversal); negative values kept as-is"
2024-10-04 23:00:00+00:00,4,4,4,1.0,4743.07180416,4389.11122176,4983.765000192,0.0,4743.07180416,False,False,False,1.0,obs,02246500,m3/s,"positive = downstream (seaward), negative = upstream (flood-tide reversal); negative values kept as-is"
2024-10-05 00:00:00+00:00,4,4,4,1.0,4190.893295616,3907.724829696,4417.428068352,0.0,4190.893295616,False,False,False,1.0,obs,02246500,m3/s,"positive = downstream (seaward), negative = upstream (flood-tide reversal); negative values kept as-is"
2024-10-05 01:00:00+00:00,4,4,4,1.0,2743.9024347648,1631.0503636992,3624.556363776,0.0,2743.9024347648,False,False,False,1.0,obs,02246500,m3/s,"positive = downstream (seaward), negative = upstream (flood-tide reversal); negative values kept as-is"
2024-10-05 02:00:00+00:00,4,4,4,1.0,42.47526988799993,-600.3171477504001,1107.1887017472,0.0,42.47526988799993,False,False,False,1.0,obs,02246500,m3/s,"positive = downstream (seaward), negative = upstream (flood-tide reversal); negative values kept as-is"
2024-10-05 03:00:00+00:00,4,4,4,1.0,-2129.4268637184,-2823.1896052224,-1387.525483008,0.0,-2129.4268637184,False,False,False,1.0,obs,02246500,m3/s,"positive = downstream (seaward), negative = upstream (flood-tide reversal); negative values kept as-is"
2024-10-05 04:00:00+00:00,4,4,4,1.0,-3978.5169461760006,-4360.794375168,-3482.972130816,0.0,-3978.5169461760006,False,False,False,1.0,obs,02246500,m3/s,"positive = downstream (seaward), negative = upstream (flood-tide reversal); negative values kept as-is"
2024-10-05 05:00:00+00:00,4,4,4,1.0,-4452.824126592,-4757.230227456,-4049.309062656,0.0,-4452.824126592,False,False,False,1.0,obs,02246500,m3/s,"positive = downstream (seaward), negative = upstream (flood-tide reversal); negative values kept as-is"
2024-10-05 06:00:00+00:00,4,4,4,1.0,-4042.229851008,-4247.5269888,-3709.506903552,0.0,-4042.229851008,False,False,False,1.0,obs,02246500,m3/s,"positive = downstream (seaward), negative = upstream (flood-tide reversal); negative values kept as-is"
2024-10-05 07:00:00+00:00,4,4,4,1.0,-1949.6148878592003,-2888.3183523840003,-965.6044687872001,0.0,-1949.6148878592003,False,False,False,1.0,obs,02246500,m3/s,"positive = downstream (seaward), negative = upstream (flood-tide reversal); negative values kept as-is"
2024-10-05 08:00:00+00:00,4,4,4,1.0,778.0053601152001,-487.0497613824,1956.6940995072,0.0,778.0053601152001,False,False,False,1.0,obs,02246500,m3/s,"positive = downstream (seaward), negative = upstream (flood-tide reversal); negative values kept as-is"
2024-10-05 09:00:00+00:00,4,4,4,1.0,2759.4767003904,1857.5851364352,3652.873210368,0.0,2759.4767003904,False,False,False,1.0,obs,02246500,m3/s,"positive = downstream (seaward), negative = upstream (flood-tide reversal); negative values kept as-is"
2024-10-05 10:00:00+00:00,4,4,4,1.0,4183.814083968,3794.457443328,4559.012301312,0.0,4183.814083968,False,False,False,1.0,obs,02246500,m3/s,"positive = downstream (seaward), negative = upstream (flood-tide reversal); negative values kept as-is"
2024-10-05 11:00:00+00:00,4,4,4,1.0,4445.744914944,4162.576449024,4672.27968768,0.0,4445.744914944,False,False,False,1.0,obs,02246500,m3/s,"positive = downstream (seaward), negative = upstream (flood-tide reversal); negative values kept as-is"
2024-10-05 12:00:00+00:00,4,4,4,1.0,3914.8040413439994,3511.288977408,4190.893295616,0.0,3914.8040413439994,False,False,False,1.0,obs,02246500,m3/s,"positive = downstream (seaward), negative = upstream (flood-tide reversal); negative values kept as-is"
2024-10-05 13:00:00+00:00,4,4,4,1.0,2052.2634567552,1008.0797386752,3058.219431936,0.0,2052.2634567552,False,False,False,1.0,obs,02246500,m3/s,"positive = downstream (seaward), negative = upstream (flood-tide reversal); negative values kept as-is"
2024-10-05 14:00:00+00:00,4,4,4,1.0,-155.95503260544,-999.5846846976,521.0299772928,0.0,-155.95503260544,False,False,False,1.0,obs,02246500,m3/s,"positive = downstream (seaward), negative = upstream (flood-tide reversal); negative values kept as-is"
2024-10-05 15:00:00+00:00,4,4,4,1.0,-2537.1894546432004,-3482.972130816,-1520.6146619904,0.0,-2537.1894546432004,False,False,False,1.0,obs,02246500,m3/s,"positive = downstream (seaward), negative = upstream (flood-tide reversal); negative values kept as-is"
2024-10-05 16:00:00+00:00,4,4,4,1.0,-4679.358899328,-5040.398693376,-4332.477528576,0.0,-4679.358899328,False,False,False,1.0,obs,02246500,m3/s,"positive = downstream (seaward), negative = upstream (flood-tide reversal); negative values kept as-is"
2024-10-05 17:00:00+00:00,4,4,4,1.0,-5252.775042816001,-5493.4682388480005,-5125.349233152,0.0,-5252.775042816001,False,False,False,1.0,obs,02246500,m3/s,"positive = downstream (seaward), negative = upstream (flood-tide reversal); negative values kept as-is"
2024-10-05 18:00:00+00:00,4,4,4,1.0,-4990.84421184,-5323.567159296,-4474.061761536,0.0,-4990.84421184,False,False,False,1.0,obs,02246500,m3/s,"positive = downstream (seaward), negative = upstream (flood-tide reversal); negative values kept as-is"
2024-10-05 19:00:00+00:00,4,4,4,1.0,-3504.2097657599998,-4105.94275584,-3001.585738752,0.0,-3504.2097657599998,False,False,False,1.0,obs,02246500,m3/s,"positive = downstream (seaward), negative = upstream (flood-tide reversal); negative values kept as-is"
2024-10-05 20:00:00+00:00,4,4,4,1.0,-1406.6393544576,-2528.6944006656,-65.1287471616,0.0,-1406.6393544576,False,False,False,1.0,obs,02246500,m3/s,"positive = downstream (seaward), negative = upstream (flood-tide reversal); negative values kept as-is"
2024-10-05 21:00:00+00:00,4,4,4,1.0,1488.7582095744,682.4360028672,2271.0110966784,0.0,1488.7582095744,False,False,False,1.0,obs,02246500,m3/s,"positive = downstream (seaward), negative = upstream (flood-tide reversal); negative values kept as-is"
2024-10-05 22:00:00+00:00,4,4,4,1.0,3315.1948147584003,2500.3775540736,4049.309062656,0.0,3315.1948147584003,False,False,False,1.0,obs,02246500,m3/s,"positive = downstream (seaward), negative = upstream (flood-tide reversal); negative values kept as-is"
2024-10-05 23:00:00+00:00,4,4,4,1.0,4268.764623744,4077.625909248,4445.744914944,0.0,4268.764623744,False,False,False,1.0,obs,02246500,m3/s,"positive = downstream (seaward), negative = upstream (flood-tide reversal); negative values kept as-is"
2024-10-06 00:00:00+00:00,4,4,4,1.0,4537.774666368001,4389.11122176,4615.645994496,0.0,4537.774666368001,False,False,False,1.0,obs,02246500,m3/s,"positive = downstream (seaward), negative = upstream (flood-tide reversal); negative values kept as-is"
2024-10-06 01:00:00+00:00,4,4,4,1.0,3631.6355754240003,3199.803664896,4020.9922160640003,0.0,3631.6355754240003,False,False,False,1.0,obs,02246500,m3/s,"positive = downstream (seaward), negative = upstream (flood-tide reversal); negative values kept as-is"
2024-10-06 02:00:00+00:00,4,4,4,1.0,1794.580152768,1112.8520710656,2704.258849536,0.0,1794.580152768,False,False,False,1.0,obs,02246500,m3/s,"positive = downstream (seaward), negative = upstream (flood-tide reversal); negative values kept as-is"
2024-10-06 03:00:00+00:00,4,4,4,1.0,-327.62591506944,-795.7033892352,208.69515938304,0.0,-327.62591506944,False,False,False,1.0,obs,02246500,m3/s,"positive = downstream (seaward), negative = upstream (flood-tide reversal); negative values kept as-is"
2024-10-06 04:00:00+00:00,4,4,4,1.0,-2351.7141094656,-3001.585738752,-1472.476022784,0.0,-2351.7141094656,False,False,False,1.0,obs,02246500,m3/s,"positive = downstream (seaward), negative = upstream (flood-tide reversal); negative values kept as-is"
2024-10-06 05:00:00+00:00,4,4,4,1.0,-4020.9922160640003,-4445.744914944,-3539.605824,0.0,-4020.9922160640003,False,False,False,1.0,obs,02246500,m3/s,"positive = downstream (seaward), negative = upstream (flood-tide reversal); negative values kept as-is"
2024-10-06 06:00:00+00:00,4,4,4,1.0,-4197.972507264,-4445.744914944,-4020.9922160640003,0.0,-4197.972507264,False,False,False,1.0,obs,02246500,m3/s,"positive = downstream (seaward), negative = upstream (flood-tide reversal); negative values kept as-is"
2024-10-06 07:00:00+00:00,4,4,4,1.0,-3295.373022144,-3907.724829696,-2534.3577699840002,0.0,-3295.373022144,False,False,False,1.0,obs,02246500,m3/s,"positive = downstream (seaward), negative = upstream (flood-tide reversal); negative values kept as-is"
2024-10-06 08:00:00+00:00,4,4,4,1.0,-909.7494888844801,-1942.5356762112,138.46937983488002,0.0,-909.7494888844801,False,False,False,1.0,obs,02246500,m3/s,"positive = downstream (seaward), negative = upstream (flood-tide reversal); negative values kept as-is"
2024-10-06 09:00:00+00:00,4,4,4,1.0,1958.1099418367999,1073.2084858368,2944.952045568,0.0,1958.1099418367999,False,False,False,1.0,obs,02246500,m3/s,"positive = downstream (seaward), negative = upstream (flood-tide reversal); negative values kept as-is"
2024-10-06 10:00:00+00:00,4,4,4,1.0,3766.1405967360006,3114.85312512,4219.210142208,0.0,3766.1405967360006,False,False,False,1.0,obs,02246500,m3/s,"positive = downstream (seaward), negative = upstream (flood-tide reversal); negative values kept as-is"
2024-10-06 11:00:00+00:00,4,4,4,1.0,4771.388650752,4700.596534272,4955.4481536,0.0,4771.388650752,False,False,False,1.0,obs,02246500,m3/s,"positive = downstream (seaward), negative = upstream (flood-tide reversal); negative values kept as-is"
2024-10-06 12:00:00+00:00,4,4,4,1.0,4495.299396480001,4247.5269888,4672.27968768,0.0,4495.299396480001,False,False,False,1.0,obs,02246500,m3/s,"positive = downstream (seaward), negative = upstream (flood-tide reversal); negative values kept as-is"
2024-10-06 13:00:00+00:00,4,4,4,1.0,3560.1355377791997,2743.9024347648,4247.5269888,0.0,3560.1355377791997,False,False,False,1.0,obs,02246500,m3/s,"positive = downstream (seaward), negative = upstream (flood-tide reversal); negative values kept as-is"
2024-10-06 14:00:00+00:00,4,4,4,1.0,1875.9910867199999,1152.4956562944,2534.3577699840002,0.0,1875.9910867199999,False,False,False,1.0,obs,02246500,m3/s,"positive = downstream (seaward), negative = upstream (flood-tide reversal); negative values kept as-is"
2024-10-06 15:00:00+00:00,4,4,4,1.0,-501.2081846784,-1226.1194574336,222.28724574720002,0.0,-501.2081846784,False,False,False,1.0,obs,02246500,m3/s,"positive = downstream (seaward), negative = upstream (flood-tide reversal); negative values kept as-is"
2024-10-06 16:00:00+00:00,4,4,4,1.0,-2895.397564032,-3907.724829696,-2041.6446392832001,0.0,-2895.397564032,False,False,False,1.0,obs,02246500,m3/s,"positive = downstream (seaward), negative = upstream (flood-tide reversal); negative values kept as-is"
2024-10-06 17:00:00+00:00,4,4,4,1.0,-4849.25997888,-5153.666079744,-4502.378608128,0.0,-4849.25997888,False,False,False,1.0,obs,02246500,m3/s,"positive = downstream (seaward), negative = upstream (flood-tide reversal); negative values kept as-is"
2024-10-06 18:00:00+00:00,4,4,4,1.0,-5252.775042816001,-5465.151392256,-4927.1313070080005,0.0,-5252.775042816001,False,False,False,1.0,obs,02246500,m3/s,"positive = downstream (seaward), negative = upstream (flood-tide reversal); negative values kept as-is"
2024-10-06 19:00:00+00:00,4,4,4,1.0,-4835.1015555839995,-5493.4682388480005,-4474.061761536,0.0,-4835.1015555839995,False,False,False,1.0,obs,02246500,m3/s,"positive = downstream (seaward), negative = upstream (flood-tide reversal); negative values kept as-is"
2024-10-06 20:00:00+00:00,4,4,4,1.0,-2997.3382117632,-3709.506903552,-2256.8526733824,0.0,-2997.3382117632,False,False,False,1.0,obs,02246500,m3/s,"positive = downstream (seaward), negative = upstream (flood-tide reversal); negative values kept as-is"
2024-10-06 21:00:00+00:00,4,4,4,1.0,-546.37355499264,-1679.1890029056,673.9409488896,0.0,-546.37355499264,False,False,False,1.0,obs,02246500,m3/s,"positive = downstream (seaward), negative = upstream (flood-tide reversal); negative values kept as-is"
2024-10-06 22:00:00+00:00,4,4,4,1.0,2076.3327763584,1622.5553097216,2624.9716790784,0.0,2076.3327763584,False,False,False,1.0,obs,02246500,m3/s,"positive = downstream (seaward), negative = upstream (flood-tide reversal); negative values kept as-is"
2024-10-06 23:00:00+00:00,4,4,4,1.0,3794.457443328,3199.803664896,4105.94275584,0.0,3794.457443328,False,False,False,1.0,obs,02246500,m3/s,"positive = downstream (seaward), negative = upstream (flood-tide reversal); negative values kept as-is"
2024-10-07 00:00:00+00:00,4,4,4,1.0,4622.725206144,4530.69545472,4728.913380864,0.0,4622.725206144,False,False,False,1.0,obs,02246500,m3/s,"positive = downstream (seaward), negative = upstream (flood-tide reversal); negative values kept as-is"
2024-10-07 01:00:00+00:00,4,4,4,1.0,4389.11122176,4020.9922160640003,4757.230227456,0.0,4389.11122176,False,False,False,1.0,obs,02246500,m3/s,"positive = downstream (seaward), negative = upstream (flood-tide reversal); negative values kept as-is"
2024-10-07 02:00:00+00:00,4,4,4,1.0,3461.734495872,3029.9025853440003,3907.724829696,0.0,3461.734495872,False,False,False,1.0,obs,02246500,m3/s,"positive = downstream (seaward), negative = upstream (flood-tide reversal); negative values kept as-is"
2024-10-07 03:00:00+00:00,4,4,4,1.0,1850.5059247872,1251.6046193664001,2619.30830976,0.0,1850.5059247872,False,False,False,1.0,obs,02246500,m3/s,"positive = downstream (seaward), negative = upstream (flood-tide reversal); negative values kept as-is"
2024-10-07 04:00:00+00:00,4,4,4,1.0,5.252775042815983,-549.3468238848,812.6934971904,0.0,5.252775042815983,False,False,False,1.0,obs,02246500,m3/s,"positive = downstream (seaward), negative = upstream (flood-tide reversal); negative values kept as-is"
2024-10-07 05:00:00+00:00,4,4,4,1.0,-1749.9811193855999,-2508.8726080512,-948.614360832,0.0,-1749.9811193855999,False,False,False,1.0,obs,02246500,m3/s,"positive = downstream (seaward), negative = upstream (flood-tide reversal); negative values kept as-is"
2024-10-07 06:00:00+00:00,4,4,4,1.0,-3376.783956096,-3766.140596736,-2944.952045568,0.0,-3376.783956096,False,False,False,1.0,obs,02246500,m3/s,"positive = downstream (seaward), negative = upstream (flood-tide reversal); negative values kept as-is"
2024-10-07 07:00:00+00:00,4,4,4,1.0,-3433.41764928,-3822.7742899200002,-3114.85312512,0.0,-3433.41764928,False,False,False,1.0,obs,02246500,m3/s,"positive = downstream (seaward), negative = upstream (flood-tide reversal); negative values kept as-is"
2024-10-07 08:00:00+00:00,4,4,4,1.0,-1817.9415512064002,-2916.635198976,-747.5647500288001,0.0,-1817.9415512064002,False,False,False,1.0,obs,02246500,m3/s,"positive = downstream (seaward), negative = upstream (flood-tide reversal); negative values kept as-is"
2024-10-07 09:00:00+00:00,4,4,4,1.0,1142.2307994048,111.85154403840001,2217.2090881536,0.0,1142.2307994048,False,False,False,1.0,obs,02246500,m3/s,"positive = downstream (seaward), negative = upstream (flood-tide reversal); negative values kept as-is"
2024-10-07 10:00:00+00:00,4,4,4,1.0,2695.0558743936,2200.2189801984,3256.43735808,0.0,2695.0558743936,False,False,False,1.0,obs,02246500,m3/s,"positive = downstream (seaward), negative = upstream (flood-tide reversal); negative values kept as-is"
2024-10-07 11:00:00+00:00,4,4,4,1.0,3801.5366549759997,3482.972130816,4077.625909248,0.0,3801.5366549759997,False,False,False,1.0,obs,02246500,m3/s,"positive = downstream (seaward), negative = upstream (flood-tide reversal); negative values kept as-is"
2024-10-07 12:00:00+00:00,4,4,4,1.0,4155.497237375999,3907.724829696,4275.843835392,0.0,4155.497237375999,False,False,False,1.0,obs,02246500,m3/s,"positive = downstream (seaward), negative = upstream (flood-tide reversal); negative values kept as-is"
2024-10-07 13:00:00+00:00,4,4,4,1.0,3829.853501568,3596.2395171840003,4134.259602432,0.0,3829.853501568,False,False,False,1.0,obs,02246500,m3/s,"positive = downstream (seaward), negative = upstream (flood-tide reversal); negative values kept as-is"
2024-10-07 14:00:00+00:00,4,4,4,1.0,2608.689492288,1735.8226960896,3256.43735808,0.0,2608.689492288,False,False,False,1.0,obs,02246500,m3/s,"positive = downstream (seaward), negative = upstream (flood-tide reversal); negative values kept as-is"
2024-10-07 15:00:00+00:00,4,4,4,1.0,393.53337551232005,-300.15857387520003,1129.8421790208001,0.0,393.53337551232005,False,False,False,1.0,obs,02246500,m3/s,"positive = downstream (seaward), negative = upstream (flood-tide reversal); negative values kept as-is"
2024-10-07 16:00:00+00:00,4,4,4,1.0,-1762.0157791871998,-2605.1498864640002,-767.3865426432001,0.0,-1762.0157791871998,False,False,False,1.0,obs,02246500,m3/s,"positive = downstream (seaward), negative = upstream (flood-tide reversal); negative values kept as-is"
2024-10-07 17:00:00+00:00,4,4,4,1.0,-3879.407983104,-4785.5470740480005,-3058.219431936,0.0,-3879.407983104,False,False,False,1.0,obs,02246500,m3/s,"positive = downstream (seaward), negative = upstream (flood-tide reversal); negative values kept as-is"
2024-10-07 18:00:00+00:00,4,4,4,1.0,-5075.794751616,-5493.4682388480005,-4559.012301312,0.0,-5075.794751616,False,False,False,1.0,obs,02246500,m3/s,"positive = downstream (seaward), negative = upstream (flood-tide reversal); negative values kept as-is"
2024-10-07 19:00:00+00:00,4,4,4,1.0,-5174.903714688,-5408.517699072,-4898.814460416,0.0,-5174.903714688,False,False,False,1.0,obs,02246500,m3/s,"positive = downstream (seaward), negative = upstream (flood-tide reversal); negative values kept as-is"
2024-10-07 20:00:00+00:00,4,4,4,1.0,-3858.17034816,-4332.477528576,-3228.120511488,0.0,-3858.17034816,False,False,False,1.0,obs,02246500,m3/s,"positive = downstream (seaward), negative = upstream (flood-tide reversal); negative values kept as-is"
2024-10-07 21:00:00+00:00,4,4,4,1.0,-2670.9865547904,-3454.6552842240003,-1809.4464972288001,0.0,-2670.9865547904,False,False,False,1.0,obs,02246500,m3/s,"positive = downstream (seaward), negative = upstream (flood-tide reversal); negative values kept as-is"
2024-10-07 22:00:00+00:00,4,4,4,1.0,394.80763360896003,-843.8420284416001,1588.5750938112,0.0,394.80763360896003,False,False,False,1.0,obs,02246500,m3/s,"positive = downstream (seaward), negative = upstream (flood-tide reversal); negative values kept as-is"
2024-10-07 23:00:00+00:00,4,4,4,1.0,2830.2688168704,1925.545568256,3567.922670592,0.0,2830.2688168704,False,False,False,1.0,obs,02246500,m3/s,"positive = downstream (seaward), negative = upstream (flood-tide reversal); negative values kept as-is"
2024-10-08 00:00:00+00:00,4,4,4,1.0,4063.467485952,3709.506903552,4445.744914944,0.0,4063.467485952,False,False,False,1.0,obs,02246500,m3/s,"positive = downstream (seaward), negative = upstream (flood-tide reversal); negative values kept as-is"
2024-10-08 01:00:00+00:00,4,4,4,1.0,4707.67574592,4643.9628410880005,4842.180767232,0.0,4707.67574592,False,False,False,1.0,obs,02246500,m3/s,"positive = downstream (seaward), negative = upstream (flood-tide reversal); negative values kept as-is"
2024-10-08 02:00:00+00:00,4,4,4,1.0,4084.705120896,3851.091136512,4304.160681984,0.0,4084.705120896,False,False,False,1.0,obs,02246500,m3/s,"positive = downstream (seaward), negative = upstream (flood-tide reversal); negative values kept as-is"
2024-10-08 03:00:00+00:00,4,4,4,1.0,3049.7243779584,2457.9022841856,3539.605824,0.0,3049.7243779584,False,False,False,1.0,obs,02246500,m3/s,"positive = downstream (seaward), negative = upstream (flood-tide reversal); negative values kept as-is"
2024-10-08 04:00:00+00:00,4,4,4,1.0,1587.1592514816002,974.0995227648,2109.605071104,0.0,1587.1592514816002,False,False,False,1.0,obs,02246500,m3/s,"positive = downstream (seaward), negative = upstream (flood-tide reversal); negative values kept as-is"
2024-10-08 05:00:00+00:00,4,4,4,1.0,-348.15562884864005,-1016.5747926528,305.8219431936,0.0,-348.15562884864005,False,False,False,1.0,obs,02246500,m3/s,"positive = downstream (seaward), negative = upstream (flood-tide reversal); negative values kept as-is"
2024-10-08 06:00:00+00:00,4,4,4,1.0,-2177.5655029248,-2695.7637955584,-1523.4463466496,0.0,-2177.5655029248,False,False,False,1.0,obs,02246500,m3/s,"positive = downstream (seaward), negative = upstream (flood-tide reversal); negative values kept as-is"
2024-10-08 07:00:00+00:00,4,4,4,1.0,-3007.9570292352,-3143.169971712,-2772.2192813568,0.0,-3007.9570292352,False,False,False,1.0,obs,02246500,m3/s,"positive = downstream (seaward), negative = upstream (flood-tide reversal); negative values kept as-is"
2024-10-08 08:00:00+00:00,4,4,4,1.0,-2603.0261229696,-3199.803664896,-2231.3675114496,0.0,-2603.0261229696,False,False,False,1.0,obs,02246500,m3/s,"positive = downstream (seaward), negative = upstream (flood-tide reversal); negative values kept as-is"
2024-10-08 09:00:00+00:00,4,4,4,1.0,-694.4706626688001,-1529.109715968,424.75269888,0.0,-694.4706626688001,False,False,False,1.0,obs,02246500,m3/s,"positive = downstream (seaward), negative = upstream (flood-tide reversal); negative values kept as-is"
2024-10-08 10:00:00+00:00,4,4,4,1.0,1832.0999745024,979.7628920832,2251.189304064,0.0,1832.0999745024,False,False,False,1.0,obs,02246500,m3/s,"positive = downstream (seaward), negative = upstream (flood-tide reversal); negative values kept as-is"
2024-10-08 11:00:00+00:00,4,4,4,1.0,3405.100802688,2973.26889216,3936.041676288,0.0,3405.100802688,False,False,False,1.0,obs,02246500,m3/s,"positive = downstream (seaward), negative = upstream (flood-tide reversal); negative values kept as-is"
2024-10-08 12:00:00+00:00,4,4,4,1.0,4240.447777152,4134.259602432,4332.477528576,0.0,4240.447777152,False,False,False,1.0,obs,02246500,m3/s,"positive = downstream (seaward), negative = upstream (flood-tide reversal); negative values kept as-is"
2024-10-08 13:00:00+00:00,4,4,4,1.0,4028.0714277120005,3907.724829696,4134.259602432,0.0,4028.0714277120005,False,False,False,1.0,obs,02246500,m3/s,"positive = downstream (seaward), negative = upstream (flood-tide reversal); negative values kept as-is"
2024-10-08 14:00:00+00:00,4,4,4,1.0,3610.39794048,3114.85312512,3936.041676288,0.0,3610.39794048,False,False,False,1.0,obs,02246500,m3/s,"positive = downstream (seaward), negative = upstream (flood-tide reversal); negative values kept as-is"
2024-10-08 15:00:00+00:00,4,4,4,1.0,2117.3922039167996,1413.0106449408001,2811.8628665856,0.0,2117.3922039167996,False,False,False,1.0,obs,02246500,m3/s,"positive = downstream (seaward), negative = upstream (flood-tide reversal); negative values kept as-is"
2024-10-08 16:00:00+00:00,4,4,4,1.0,-224.55259347456,-1160.9907102720001,804.1984432128,0.0,-224.55259347456,False,False,False,1.0,obs,02246500,m3/s,"positive = downstream (seaward), negative = upstream (flood-tide reversal); negative values kept as-is"
2024-10-08 17:00:00+00:00,4,4,4,1.0,-2730.4519326336,-3511.288977408,-1914.2188296192,0.0,-2730.4519326336,False,False,False,1.0,obs,02246500,m3/s,"positive = downstream (seaward), negative = upstream (flood-tide reversal); negative values kept as-is"
2024-10-08 18:00:00+00:00,4,4,4,1.0,-4452.8241265920005,-4955.4481536,-3596.2395171840003,0.0,-4452.8241265920005,False,False,False,1.0,obs,02246500,m3/s,"positive = downstream (seaward), negative = upstream (flood-tide reversal); negative values kept as-is"
2024-10-08 19:00:00+00:00,4,4,4,1.0,-5181.982926336,-5606.735625216,-4813.86392064,0.0,-5181.982926336,False,False,False,1.0,obs,02246500,m3/s,"positive = downstream (seaward), negative = upstream (flood-tide reversal); negative values kept as-is"
2024-10-08 20:00:00+00:00,4,4,4,1.0,-4863.418402176,-5181.982926336,-4077.625909248,0.0,-4863.418402176,False,False,False,1.0,obs,02246500,m3/s,"positive = downstream (seaward), negative = upstream (flood-tide reversal); negative values kept as-is"
2024-10-08 21:00:00+00:00,4,4,4,1.0,-3872.328771456,-4304.160681984,-3199.803664896,0.0,-3872.328771456,False,False,False,1.0,obs,02246500,m3/s,"positive = downstream (seaward), negative = upstream (flood-tide reversal); negative values kept as-is"
2024-10-08 22:00:00+00:00,4,4,4,1.0,-2115.2684404224,-3114.85312512,-1064.7134318592,0.0,-2115.2684404224,False,False,False,1.0,obs,02246500,m3/s,"positive = downstream (seaward), negative = upstream (flood-tide reversal); negative values kept as-is"
2024-10-08 23:00:00+00:00,4,4,4,1.0,59.46537784320003,-719.2479034368,965.6044687872001,0.0,59.46537784320003,False,False,False,1.0,obs,02246500,m3/s,"positive = downstream (seaward), negative = upstream (flood-tide reversal); negative values kept as-is"
2024-10-09 00:00:00+00:00,4,4,4,1.0,2256.1447522176,1653.7038409728,3058.219431936,0.0,2256.1447522176,False,False,False,1.0,obs,02246500,m3/s,"positive = downstream (seaward), negative = upstream (flood-tide reversal); negative values kept as-is"
2024-10-09 01:00:00+00:00,4,4,4,1.0,3440.496860928,3114.85312512,3652.873210368,0.0,3440.496860928,False,False,False,1.0,obs,02246500,m3/s,"positive = downstream (seaward), negative = upstream (flood-tide reversal); negative values kept as-is"
2024-10-09 02:00:00+00:00,4,4,4,1.0,3751.98217344,3681.19005696,3822.7742899200002,0.0,3751.98217344,False,False,False,1.0,obs,02246500,m3/s,"positive = downstream (seaward), negative = upstream (flood-tide reversal); negative values kept as-is"
2024-10-09 03:00:00+00:00,4,4,4,1.0,3126.8877849216,2596.6548324864,3482.972130816,0.0,3126.8877849216,False,False,False,1.0,obs,02246500,m3/s,"positive = downstream (seaward), negative = upstream (flood-tide reversal); negative values kept as-is"
2024-10-09 04:00:00+00:00,4,4,4,1.0,1793.8722316032001,1262.9313580032,2166.238764288,0.0,1793.8722316032001,False,False,False,1.0,obs,02246500,m3/s,"positive = downstream (seaward), negative = upstream (flood-tide reversal); negative values kept as-is"
2024-10-09 05:00:00+00:00,4,4,4,1.0,125.72679886848002,-481.386392064,841.0103437824,0.0,125.72679886848002,False,False,False,1.0,obs,02246500,m3/s,"positive = downstream (seaward), negative = upstream (flood-tide reversal); negative values kept as-is"
2024-10-09 06:00:00+00:00,4,4,4,1.0,-1871.0356385664,-2820.3579205632,-880.6539290112,0.0,-1871.0356385664,False,False,False,1.0,obs,02246500,m3/s,"positive = downstream (seaward), negative = upstream (flood-tide reversal); negative values kept as-is"
2024-10-09 07:00:00+00:00,4,4,4,1.0,-3780.299020032,-4247.5269888,-3454.6552842240003,0.0,-3780.299020032,False,False,False,1.0,obs,02246500,m3/s,"positive = downstream (seaward), negative = upstream (flood-tide reversal); negative values kept as-is"
2024-10-09 08:00:00+00:00,4,4,4,1.0,-4134.259602432,-4219.210142208,-3992.675369472,0.0,-4134.259602432,False,False,False,1.0,obs,02246500,m3/s,"positive = downstream (seaward), negative = upstream (flood-tide reversal); negative values kept as-is"
2024-10-09 09:00:00+00:00,4,4,4,1.0,-3603.318728832,-3992.675369472,-3313.0710512640003,0.0,-3603.318728832,False,False,False,1.0,obs,02246500,m3/s,"positive = downstream (seaward), negative = upstream (flood-tide reversal); negative values kept as-is"
2024-10-09 10:00:00+00:00,4,4,4,1.0,-1708.9216918272002,-2627.8033637376,-821.188551168,0.0,-1708.9216918272002,False,False,False,1.0,obs,02246500,m3/s,"positive = downstream (seaward), negative = upstream (flood-tide reversal); negative values kept as-is"
2024-10-09 11:00:00+00:00,4,4,4,1.0,595.3616995968,-475.7230227456,1540.4364546048,0.0,595.3616995968,False,False,False,1.0,obs,02246500,m3/s,"positive = downstream (seaward), negative = upstream (flood-tide reversal); negative values kept as-is"
2024-10-09 12:00:00+00:00,4,4,4,1.0,2057.2189049088,1523.4463466496,2777.8826506752002,0.0,2057.2189049088,False,False,False,1.0,obs,02246500,m3/s,"positive = downstream (seaward), negative = upstream (flood-tide reversal); negative values kept as-is"
2024-10-09 13:00:00+00:00,4,4,4,1.0,3369.704744448,3058.219431936,3766.140596736,0.0,3369.704744448,False,False,False,1.0,obs,02246500,m3/s,"positive = downstream (seaward), negative = upstream (flood-tide reversal); negative values kept as-is"
2024-10-09 14:00:00+00:00,4,4,4,1.0,3681.19005696,3539.605824,3794.457443328,0.0,3681.19005696,False,False,False,1.0,obs,02246500,m3/s,"positive = downstream (seaward), negative = upstream (flood-tide reversal); negative values kept as-is"
2024-10-09 15:00:00+00:00,4,4,4,1.0,3179.9818722816,2554.1795625984,3681.19005696,0.0,3179.9818722816,False,False,False,1.0,obs,02246500,m3/s,"positive = downstream (seaward), negative = upstream (flood-tide reversal); negative values kept as-is"
2024-10-09 16:00:00+00:00,4,4,4,1.0,1684.8523722240002,1217.624403456,2259.6843580416003,0.0,1684.8523722240002,False,False,False,1.0,obs,02246500,m3/s,"positive = downstream (seaward), negative = upstream (flood-tide reversal); negative values kept as-is"
2024-10-09 17:00:00+00:00,4,4,4,1.0,-206.50060377216,-832.5152898048,444.57449149440004,0.0,-206.50060377216,False,False,False,1.0,obs,02246500,m3/s,"positive = downstream (seaward), negative = upstream (flood-tide reversal); negative values kept as-is"
2024-10-09 18:00:00+00:00,4,4,4,1.0,-2605.1498864640002,-3539.605824,-1514.9512926720001,0.0,-2605.1498864640002,False,False,False,1.0,obs,02246500,m3/s,"positive = downstream (seaward), negative = upstream (flood-tide reversal); negative values kept as-is"
2024-10-09 19:00:00+00:00,4,4,4,1.0,-4438.665703296,-4983.765000192,-3822.7742899200002,0.0,-4438.665703296,False,False,False,1.0,obs,02246500,m3/s,"positive = downstream (seaward), negative = upstream (flood-tide reversal); negative values kept as-is"
2024-10-09 20:00:00+00:00,4,4,4,1.0,-5238.61661952,-5663.3693184,-4870.497613824,0.0,-5238.61661952,False,False,False,1.0,obs,02246500,m3/s,"positive = downstream (seaward), negative = upstream (flood-tide reversal); negative values kept as-is"
2024-10-09 21:00:00+00:00,4,4,4,1.0,-4905.893672064,-5040.398693376,-4643.9628410880005,0.0,-4905.893672064,False,False,False,1.0,obs,02246500,m3/s,"positive = downstream (seaward), negative = upstream (flood-tide reversal); negative values kept as-is"
2024-10-09 22:00:00+00:00,4,4,4,1.0,-4297.081470336,-4785.5470740480005,-3681.19005696,0.0,-4297.081470336,False,False,False,1.0,obs,02246500,m3/s,"positive = downstream (seaward), negative = upstream (flood-tide reversal); negative values kept as-is"
2024-10-09 23:00:00+00:00,4,4,4,1.0,-2244.8180135807997,-3171.4868183040003,-1636.7137330176001,0.0,-2244.8180135807997,False,False,False,1.0,obs,02246500,m3/s,"positive = downstream (seaward), negative = upstream (flood-tide reversal); negative values kept as-is"
2024-10-10 00:00:00+00:00,4,4,4,1.0,118.01045817216001,-911.8024602624,1019.406477312,0.0,118.01045817216001,False,False,False,1.0,obs,02246500,m3/s,"positive = downstream (seaward), negative = upstream (flood-tide reversal); negative values kept as-is"
2024-10-10 01:00:00+00:00,4,4,4,1.0,1796.7039162624,1608.3968864256,2123.7634944,0.0,1796.7039162624,False,False,False,1.0,obs,02246500,m3/s,"positive = downstream (seaward), negative = upstream (flood-tide reversal); negative values kept as-is"
2024-10-10 02:00:00+00:00,4,4,4,1.0,3178.566029952,2831.6846592,3426.338437632,0.0,3178.566029952,False,False,False,1.0,obs,02246500,m3/s,"positive = downstream (seaward), negative = upstream (flood-tide reversal); negative values kept as-is"
2024-10-10 03:00:00+00:00,4,4,4,1.0,3256.43735808,2944.952045568,3426.338437632,0.0,3256.43735808,False,False,False,1.0,obs,02246500,m3/s,"positive = downstream (seaward), negative = upstream (flood-tide reversal); negative values kept as-is"
2024-10-10 04:00:00+00:00,4,4,4,1.0,2115.2684404224,1407.3472756224,2916.635198976,0.0,2115.2684404224,False,False,False,1.0,obs,02246500,m3/s,"positive = downstream (seaward), negative = upstream (flood-tide reversal); negative values kept as-is"
2024-10-10 05:00:00+00:00,4,4,4,1.0,106.11738260351999,-385.1091136512,597.4854630912,0.0,106.11738260351999,False,False,False,1.0,obs,02246500,m3/s,"positive = downstream (seaward), negative = upstream (flood-tide reversal); negative values kept as-is"
2024-10-10 06:00:00+00:00,4,4,4,1.0,-2120.2238885760003,-3624.556363776,-747.5647500288001,0.0,-2120.2238885760003,False,False,False,1.0,obs,02246500,m3/s,"positive = downstream (seaward), negative = upstream (flood-tide reversal); negative values kept as-is"
2024-10-10 07:00:00+00:00,4,4,4,1.0,-4863.418402176001,-5266.933466112,-4105.94275584,0.0,-4863.418402176001,False,False,False,1.0,obs,02246500,m3/s,"positive = downstream (seaward), negative = upstream (flood-tide reversal); negative values kept as-is"
2024-10-10 08:00:00+00:00,4,4,4,1.0,-5578.418778624,-6031.488324096,-5408.517699072,0.0,-5578.418778624,False,False,False,1.0,obs,02246500,m3/s,"positive = downstream (seaward), negative = upstream (flood-tide reversal); negative values kept as-is"
2024-10-10 09:00:00+00:00,4,4,4,1.0,-5592.57720192,-5918.2209377280005,-5323.567159296,0.0,-5592.57720192,False,False,False,1.0,obs,02246500,m3/s,"positive = downstream (seaward), negative = upstream (flood-tide reversal); negative values kept as-is"
2024-10-10 10:00:00+00:00,4,4,4,1.0,-4551.933089664,-4842.180767232,-4332.477528576,0.0,-4551.933089664,False,False,False,1.0,obs,02246500,m3/s,"positive = downstream (seaward), negative = upstream (flood-tide reversal); negative values kept as-is"
2024-10-10 11:00:00+00:00,4,4,4,1.0,-3794.4574433280004,-4360.794375168,-3567.922670592,0.0,-3794.4574433280004,False,False,False,1.0,obs,02246500,m3/s,"positive = downstream (seaward), negative = upstream (flood-tide reversal); negative values kept as-is"
2024-10-10 12:00:00+00:00,4,4,4,1.0,-2538.6052969728,-3029.9025853440003,-1554.5948779008002,0.0,-2538.6052969728,False,False,False,1.0,obs,02246500,m3/s,"positive = downstream (seaward), negative = upstream (flood-tide reversal); negative values kept as-is"
2024-10-10 13:00:00+00:00,4,4,4,1.0,-1056.9262990464001,-1633.8820483584,-512.5349233152,0.0,-1056.9262990464001,False,False,False,1.0,obs,02246500,m3/s,"positive = downstream (seaward), negative = upstream (flood-tide reversal); negative values kept as-is"
2024-10-10 14:00:00+00:00,4,4,4,1.0,611.2899258048001,86.3663821056,1059.0500625408001,0.0,611.2899258048001,False,False,False,1.0,obs,02246500,m3/s,"positive = downstream (seaward), negative = upstream (flood-tide reversal); negative values kept as-is"
2024-10-10 15:00:00+00:00,4,4,4,1.0,1408.7631179520001,1353.5452670976001,1548.9315085824,0.0,1408.7631179520001,False,False,False,1.0,obs,02246500,m3/s,"positive = downstream (seaward), negative = upstream (flood-tide reversal); negative values kept as-is"
2024-10-10 16:00:00+00:00,4,4,4,1.0,969.8519957760002,450.2378608128,1495.1295000576001,0.0,969.8519957760002,False,False,False,1.0,obs,02246500,m3/s,"positive = downstream (seaward), negative = upstream (flood-tide reversal); negative values kept as-is"
2024-10-10 17:00:00+00:00,4,4,4,1.0,27.396549077760007,-95.71094148096,353.9605824,0.0,27.396549077760007,False,False,False,1.0,obs,02246500,m3/s,"positive = downstream (seaward), negative = upstream (flood-tide reversal); negative values kept as-is"
2024-10-10 18:00:00+00:00,4,4,4,1.0,-1180.8125028864001,-2050.1396932608,-461.5645994496,0.0,-1180.8125028864001,False,False,False,1.0,obs,02246500,m3/s,"positive = downstream (seaward), negative = upstream (flood-tide reversal); negative values kept as-is"
2024-10-10 19:00:00+00:00,4,4,4,1.0,-2736.8232231168,-2944.952045568,-2568.3379858944,0.0,-2736.8232231168,False,False,False,1.0,obs,02246500,m3/s,"positive = downstream (seaward), negative = upstream (flood-tide reversal); negative values kept as-is"
2024-10-10 20:00:00+00:00,4,4,4,1.0,-3589.160305536,-3766.140596736,-3426.338437632,0.0,-3589.160305536,False,False,False,1.0,obs,02246500,m3/s,"positive = downstream (seaward), negative = upstream (flood-tide reversal); negative values kept as-is"
2024-10-10 21:00:00+00:00,4,4,4,1.0,-3872.328771456,-4134.259602432,-3624.556363776,0.0,-3872.328771456,False,False,False,1.0,obs,02246500,m3/s,"positive = downstream (seaward), negative = upstream (flood-tide reversal); negative values kept as-is"
2024-10-10 22:00:00+00:00,4,4,4,1.0,-3851.091136512,-4020.9922160640003,-3596.2395171840003,0.0,-3851.091136512,False,False,False,1.0,obs,02246500,m3/s,"positive = downstream (seaward), negative = upstream (flood-tide reversal); negative values kept as-is"
2024-10-10 23:00:00+00:00,4,4,4,1.0,-2985.3035519615996,-3624.556363776,-2285.1695199744,0.0,-2985.3035519615996,False,False,False,1.0,obs,02246500,m3/s,"positive = downstream (seaward), negative = upstream (flood-tide reversal); negative values kept as-is"
2024-10-11 00:00:00+00:00,4,4,4,1.0,-908.2628544384,-1585.7434091520001,-96.2772784128,0.0,-908.2628544384,False,False,False,1.0,obs,02246500,m3/s,"positive = downstream (seaward), negative = upstream (flood-tide reversal); negative values kept as-is"
2024-10-11 01:00:00+00:00,4,4,4,1.0,1520.6146619904,739.0696960512,2018.9911620096,0.0,1520.6146619904,False,False,False,1.0,obs,02246500,m3/s,"positive = downstream (seaward), negative = upstream (flood-tide reversal); negative values kept as-is"
2024-10-11 02:00:00+00:00,4,4,4,1.0,3249.3581464320005,2831.6846592,3709.506903552,0.0,3249.3581464320005,False,False,False,1.0,obs,02246500,m3/s,"positive = downstream (seaward), negative = upstream (flood-tide reversal); negative values kept as-is"
2024-10-11 03:00:00+00:00,4,4,4,1.0,3907.724829696,3851.091136512,3992.675369472,0.0,3907.724829696,False,False,False,1.0,obs,02246500,m3/s,"positive = downstream (seaward), negative = upstream (flood-tide reversal); negative values kept as-is"
2024-10-11 04:00:00+00:00,4,4,4,1.0,4212.13093056,4077.625909248,4304.160681984,0.0,4212.13093056,False,False,False,1.0,obs,02246500,m3/s,"positive = downstream (seaward), negative = upstream (flood-tide reversal); negative values kept as-is"
2024-10-11 05:00:00+00:00,4,4,4,1.0,4091.7843325440003,3936.041676288,4360.794375168,0.0,4091.7843325440003,False,False,False,1.0,obs,02246500,m3/s,"positive = downstream (seaward), negative = upstream (flood-tide reversal); negative values kept as-is"
2024-10-11 06:00:00+00:00,4,4,4,1.0,3886.487194752,3482.972130816,4190.893295616,0.0,3886.487194752,False,False,False,1.0,obs,02246500,m3/s,"positive = downstream (seaward), negative = upstream (flood-tide reversal); negative values kept as-is"
2024-10-11 07:00:00+00:00,4,4,4,1.0,2745.3182770944,2316.3180512256,3143.169971712,0.0,2745.3182770944,False,False,False,1.0,obs,02246500,m3/s,"positive = downstream (seaward), negative = upstream (flood-tide reversal); negative values kept as-is"
2024-10-11 08:00:00+00:00,4,4,4,1.0,1253.7283828608001,526.6933466112,1979.3475767808,0.0,1253.7283828608001,False,False,False,1.0,obs,02246500,m3/s,"positive = downstream (seaward), negative = upstream (flood-tide reversal); negative values kept as-is"
2024-10-11 09:00:00+00:00,4,4,4,1.0,574.8319858176001,345.4655284224,869.3271903744001,0.0,574.8319858176001,False,False,False,1.0,obs,02246500,m3/s,"positive = downstream (seaward), negative = upstream (flood-tide reversal); negative values kept as-is"
2024-10-11 10:00:00+00:00,4,4,4,1.0,10.080797386752003,-96.56044687872,187.74069290496,0.0,10.080797386752003,False,False,False,1.0,obs,02246500,m3/s,"positive = downstream (seaward), negative = upstream (flood-tide reversal); negative values kept as-is"
2024-10-11 11:00:00+00:00,4,4,4,1.0,381.64029994368,130.54066278912,639.9607329792,0.0,381.64029994368,False,False,False,1.0,obs,02246500,m3/s,"positive = downstream (seaward), negative = upstream (flood-tide reversal); negative values kept as-is"
2024-10-11 12:00:00+00:00,4,4,4,1.0,1583.6196456576,1061.8817472,2137.921917696,0.0,1583.6196456576,False,False,False,1.0,obs,02246500,m3/s,"positive = downstream (seaward), negative = upstream (flood-tide reversal); negative values kept as-is"
2024-10-11 13:00:00+00:00,4,4,4,1.0,2822.4816840576,2639.1301023744,3086.536278528,0.0,2822.4816840576,False,False,False,1.0,obs,02246500,m3/s,"positive = downstream (seaward), negative = upstream (flood-tide reversal); negative values kept as-is"
2024-10-11 14:00:00+00:00,4,4,4,1.0,3851.091136512,3341.387897856,4304.160681984,0.0,3851.091136512,False,False,False,1.0,obs,02246500,m3/s,"positive = downstream (seaward), negative = upstream (flood-tide reversal); negative values kept as-is"
2024-10-11 15:00:00+00:00,4,4,4,1.0,4842.180767232,4672.27968768,5040.398693376,0.0,4842.180767232,False,False,False,1.0,obs,02246500,m3/s,"positive = downstream (seaward), negative = upstream (flood-tide reversal); negative values kept as-is"
2024-10-11 16:00:00+00:00,4,4,4,1.0,5245.695831168001,4983.765000192,5380.20085248,0.0,5245.695831168001,False,False,False,1.0,obs,02246500,m3/s,"positive = downstream (seaward), negative = upstream (flood-tide reversal); negative values kept as-is"
2024-10-11 17:00:00+00:00,4,4,4,1.0,5089.953174912,4785.5470740480005,5238.61661952,0.0,5089.953174912,False,False,False,1.0,obs,02246500,m3/s,"positive = downstream (seaward), negative = upstream (flood-tide reversal); negative values kept as-is"
2024-10-11 18:00:00+00:00,4,4,4,1.0,3907.724829696,3511.288977408,4360.794375168,0.0,3907.724829696,False,False,False,1.0,obs,02246500,m3/s,"positive = downstream (seaward), negative = upstream (flood-tide reversal); negative values kept as-is"
2024-10-11 19:00:00+00:00,4,4,4,1.0,2258.9764368767997,1237.4461960704,3001.585738752,0.0,2258.9764368767997,False,False,False,1.0,obs,02246500,m3/s,"positive = downstream (seaward), negative = upstream (flood-tide reversal); negative values kept as-is"
2024-10-11 20:00:00+00:00,4,4,4,1.0,276.86796755328,-251.73676620288,999.5846846976,0.0,276.86796755328,False,False,False,1.0,obs,02246500,m3/s,"positive = downstream (seaward), negative = upstream (flood-tide reversal); negative values kept as-is"
2024-10-11 21:00:00+00:00,4,4,4,1.0,-1306.1145490560002,-2242.6942500864,-464.3962841088,0.0,-1306.1145490560002,False,False,False,1.0,obs,02246500,m3/s,"positive = downstream (seaward), negative = upstream (flood-tide reversal); negative values kept as-is"
2024-10-11 22:00:00+00:00,4,4,4,1.0,-3150.9571045248003,-3426.338437632,-2749.5658040832,0.0,-3150.9571045248003,False,False,False,1.0,obs,02246500,m3/s,"positive = downstream (seaward), negative = upstream (flood-tide reversal); negative values kept as-is"
2024-10-11 23:00:00+00:00,4,4,4,1.0,-3305.991839616,-3511.288977408,-3058.219431936,0.0,-3305.991839616,False,False,False,1.0,obs,02246500,m3/s,"positive = downstream (seaward), negative = upstream (flood-tide reversal); negative values kept as-is"
2024-10-12 00:00:00+00:00,4,4,4,1.0,-1881.6544560384,-2528.6944006656,-1110.0203864064001,0.0,-1881.6544560384,False,False,False,1.0,obs,02246500,m3/s,"positive = downstream (seaward), negative = upstream (flood-tide reversal); negative values kept as-is"
2024-10-12 01:00:00+00:00,4,4,4,1.0,449.38835541504,-756.0598040064,1455.4859148288,0.0,449.38835541504,False,False,False,1.0,obs,02246500,m3/s,"positive = downstream (seaward), negative = upstream (flood-tide reversal); negative values kept as-is"
2024-10-12 02:00:00+00:00,4,4,4,1.0,2836.6401073536,1854.753451776,3652.873210368,0.0,2836.6401073536,False,False,False,1.0,obs,02246500,m3/s,"positive = downstream (seaward), negative = upstream (flood-tide reversal); negative values kept as-is"
2024-10-12 03:00:00+00:00,4,4,4,1.0,4261.685412096,4049.309062656,4587.329147904,0.0,4261.685412096,False,False,False,1.0,obs,02246500,m3/s,"positive = downstream (seaward), negative = upstream (flood-tide reversal); negative values kept as-is"
2024-10-12 04:00:00+00:00,4,4,4,1.0,5005.002635136,4813.86392064,5097.03238656,0.0,5005.002635136,False,False,False,1.0,obs,02246500,m3/s,"positive = downstream (seaward), negative = upstream (flood-tide reversal); negative values kept as-is"
2024-10-12 05:00:00+00:00,4,4,4,1.0,5210.299772928,5068.7155399680005,5295.250312704,0.0,5210.299772928,False,False,False,1.0,obs,02246500,m3/s,"positive = downstream (seaward), negative = upstream (flood-tide reversal); negative values kept as-is"
2024-10-12 06:00:00+00:00,4,4,4,1.0,4948.368941952001,4672.27968768,5295.250312704,0.0,4948.368941952001,False,False,False,1.0,obs,02246500,m3/s,"positive = downstream (seaward), negative = upstream (flood-tide reversal); negative values kept as-is"
2024-10-12 07:00:00+00:00,4,4,4,1.0,3914.804041344,3369.704744448,4445.744914944,0.0,3914.804041344,False,False,False,1.0,obs,02246500,m3/s,"positive = downstream (seaward), negative = upstream (flood-tide reversal); negative values kept as-is"
2024-10-12 08:00:00+00:00,4,4,4,1.0,2744.6103559296,2126.5951790592,3199.803664896,0.0,2744.6103559296,False,False,False,1.0,obs,02246500,m3/s,"positive = downstream (seaward), negative = upstream (flood-tide reversal); negative values kept as-is"
2024-10-12 09:00:00+00:00,4,4,4,1.0,1262.2234368384002,804.1984432128,1696.1791108608,0.0,1262.2234368384002,False,False,False,1.0,obs,02246500,m3/s,"positive = downstream (seaward), negative = upstream (flood-tide reversal); negative values kept as-is"
2024-10-12 10:00:00+00:00,4,4,4,1.0,-205.08476144256002,-546.5151392256,339.802159104,0.0,-205.08476144256002,False,False,False,1.0,obs,02246500,m3/s,"positive = downstream (seaward), negative = upstream (flood-tide reversal); negative values kept as-is"
2024-10-12 11:00:00+00:00,4,4,4,1.0,-1211.2531129728002,-1379.0304290304,-999.5846846976,0.0,-1211.2531129728002,False,False,False,1.0,obs,02246500,m3/s,"positive = downstream (seaward), negative = upstream (flood-tide reversal); negative values kept as-is"
2024-10-12 12:00:00+00:00,4,4,4,1.0,-896.2281946367999,-1135.5055483392,-501.2081846784,0.0,-896.2281946367999,False,False,False,1.0,obs,02246500,m3/s,"positive = downstream (seaward), negative = upstream (flood-tide reversal); negative values kept as-is"
2024-10-12 13:00:00+00:00,4,4,4,1.0,1079.86294478592,-66.82775795712,1931.2089375744001,0.0,1079.86294478592,False,False,False,1.0,obs,02246500,m3/s,"positive = downstream (seaward), negative = upstream (flood-tide reversal); negative values kept as-is"
2024-10-12 14:00:00+00:00,4,4,4,1.0,3298.912627968,2520.199346688,3737.8237501440003,0.0,3298.912627968,False,False,False,1.0,obs,02246500,m3/s,"positive = downstream (seaward), negative = upstream (flood-tide reversal); negative values kept as-is"
2024-10-12 15:00:00+00:00,4,4,4,1.0,4509.457819775999,4162.576449024,4757.230227456,0.0,4509.457819775999,False,False,False,1.0,obs,02246500,m3/s,"positive = downstream (seaward), negative = upstream (flood-tide reversal); negative values kept as-is"
2024-10-12 16:00:00+00:00,4,4,4,1.0,4877.576825472001,4360.794375168,5125.349233152,0.0,4877.576825472001,False,False,False,1.0,obs,02246500,m3/s,"positive = downstream (seaward), negative = upstream (flood-tide reversal); negative values kept as-is"
2024-10-12 17:00:00+00:00,4,4,4,1.0,5132.4284448,5040.398693376,5238.61661952,0.0,5132.4284448,False,False,False,1.0,obs,02246500,m3/s,"positive = downstream (seaward), negative = upstream (flood-tide reversal); negative values kept as-is"
2024-10-12 18:00:00+00:00,4,4,4,1.0,4813.863920639999,4474.061761536,5097.03238656,0.0,4813.863920639999,False,False,False,1.0,obs,02246500,m3/s,"positive = downstream (seaward), negative = upstream (flood-tide reversal); negative values kept as-is"
2024-10-12 19:00:00+00:00,4,4,4,1.0,4006.8337927680004,3398.02159104,4502.378608128,0.0,4006.8337927680004,False,False,False,1.0,obs,02246500,m3/s,"positive = downstream (seaward), negative = upstream (flood-tide reversal); negative values kept as-is"
2024-10-12 20:00:00+00:00,4,4,4,1.0,2043.7684027775997,1285.5848352768,2860.001505792,0.0,2043.7684027775997,False,False,False,1.0,obs,02246500,m3/s,"positive = downstream (seaward), negative = upstream (flood-tide reversal); negative values kept as-is"
2024-10-12 21:00:00+00:00,4,4,4,1.0,-155.95503260544,-1093.0302784512,758.8914886656,0.0,-155.95503260544,False,False,False,1.0,obs,02246500,m3/s,"positive = downstream (seaward), negative = upstream (flood-tide reversal); negative values kept as-is"
2024-10-12 22:00:00+00:00,4,4,4,1.0,-2448.6993090432,-2814.6945512448,-1687.6840568832001,0.0,-2448.6993090432,False,False,False,1.0,obs,02246500,m3/s,"positive = downstream (seaward), negative = upstream (flood-tide reversal); negative values kept as-is"
2024-10-12 23:00:00+00:00,4,4,4,1.0,-3277.6749930240003,-3398.02159104,-3029.9025853440003,0.0,-3277.6749930240003,False,False,False,1.0,obs,02246500,m3/s,"positive = downstream (seaward), negative = upstream (flood-tide reversal); negative values kept as-is"
2024-10-13 00:00:00+00:00,4,4,4,1.0,-3036.981796992,-3398.02159104,-2775.050966016,0.0,-3036.981796992,False,False,False,1.0,obs,02246500,m3/s,"positive = downstream (seaward), negative = upstream (flood-tide reversal); negative values kept as-is"
2024-10-13 01:00:00+00:00,4,4,4,1.0,-1627.5107578752,-2225.7041421312,-891.980667648,0.0,-1627.5107578752,False,False,False,1.0,obs,02246500,m3/s,"positive = downstream (seaward), negative = upstream (flood-tide reversal); negative values kept as-is"
2024-10-13 02:00:00+00:00,4,4,4,1.0,792.30536764416,-206.14664318976,1786.7930199552,0.0,792.30536764416,False,False,False,1.0,obs,02246500,m3/s,"positive = downstream (seaward), negative = upstream (flood-tide reversal); negative values kept as-is"
2024-10-13 03:00:00+00:00,4,4,4,1.0,3277.6749930240003,2661.783579648,4105.94275584,0.0,3277.6749930240003,False,False,False,1.0,obs,02246500,m3/s,"positive = downstream (seaward), negative = upstream (flood-tide reversal); negative values kept as-is"
2024-10-13 04:00:00+00:00,4,4,4,1.0,4870.497613824,4474.061761536,5266.933466112,0.0,4870.497613824,False,False,False,1.0,obs,02246500,m3/s,"positive = downstream (seaward), negative = upstream (flood-tide reversal); negative values kept as-is"
2024-10-13 05:00:00+00:00,4,4,4,1.0,5252.775042816001,5181.982926336,5323.567159296,0.0,5252.775042816001,False,False,False,1.0,obs,02246500,m3/s,"positive = downstream (seaward), negative = upstream (flood-tide reversal); negative values kept as-is"
2024-10-13 06:00:00+00:00,4,4,4,1.0,5436.834545664,5351.8840058880005,5521.78508544,0.0,5436.834545664,False,False,False,1.0,obs,02246500,m3/s,"positive = downstream (seaward), negative = upstream (flood-tide reversal); negative values kept as-is"
2024-10-13 07:00:00+00:00,4,4,4,1.0,5097.03238656,4842.180767232,5295.250312704,0.0,5097.03238656,False,False,False,1.0,obs,02246500,m3/s,"positive = downstream (seaward), negative = upstream (flood-tide reversal); negative values kept as-is"
2024-10-13 08:00:00+00:00,4,4,4,1.0,4169.6556606720005,3766.140596736,4559.012301312,0.0,4169.6556606720005,False,False,False,1.0,obs,02246500,m3/s,"positive = downstream (seaward), negative = upstream (flood-tide reversal); negative values kept as-is"
2024-10-13 09:00:00+00:00,4,4,4,1.0,2314.1942877312,1446.9908608512,3143.169971712,0.0,2314.1942877312,False,False,False,1.0,obs,02246500,m3/s,"positive = downstream (seaward), negative = upstream (flood-tide reversal); negative values kept as-is"
2024-10-13 10:00:00+00:00,4,4,4,1.0,381.99426052608,-348.29721308160003,962.772784128,0.0,381.99426052608,False,False,False,1.0,obs,02246500,m3/s,"positive = downstream (seaward), negative = upstream (flood-tide reversal); negative values kept as-is"
2024-10-13 11:00:00+00:00,4,4,4,1.0,-1451.9463090048,-2152.080340992,-753.2281193472,0.0,-1451.9463090048,False,False,False,1.0,obs,02246500,m3/s,"positive = downstream (seaward), negative = upstream (flood-tide reversal); negative values kept as-is"
2024-10-13 12:00:00+00:00,4,4,4,1.0,-2297.9121009408,-2423.9220682752,-2069.9614858752,0.0,-2297.9121009408,False,False,False,1.0,obs,02246500,m3/s,"positive = downstream (seaward), negative = upstream (flood-tide reversal); negative values kept as-is"
2024-10-13 13:00:00+00:00,4,4,4,1.0,-1166.6540795904,-1953.862414848,-387.9407983104,0.0,-1166.6540795904,False,False,False,1.0,obs,02246500,m3/s,"positive = downstream (seaward), negative = upstream (flood-tide reversal); negative values kept as-is"
2024-10-13 14:00:00+00:00,4,4,4,1.0,1387.525483008,433.2477528576,2338.9715284992,0.0,1387.525483008,False,False,False,1.0,obs,02246500,m3/s,"positive = downstream (seaward), negative = upstream (flood-tide reversal); negative values kept as-is"
2024-10-13 15:00:00+00:00,4,4,4,1.0,3461.7344958719996,2860.001505792,4077.625909248,0.0,3461.7344958719996,False,False,False,1.0,obs,02246500,m3/s,"positive = downstream (seaward), negative = upstream (flood-tide reversal); negative values kept as-is"
2024-10-13 16:00:00+00:00,4,4,4,1.0,4721.834169216,4445.744914944,4870.497613824,0.0,4721.834169216,False,False,False,1.0,obs,02246500,m3/s,"positive = downstream (seaward), negative = upstream (flood-tide reversal); negative values kept as-is"
2024-10-13 17:00:00+00:00,4,4,4,1.0,5259.8542544639995,5040.398693376,5493.4682388480005,0.0,5259.8542544639995,False,False,False,1.0,obs,02246500,m3/s,"positive = downstream (seaward), negative = upstream (flood-tide reversal); negative values kept as-is"
2024-10-13 18:00:00+00:00,4,4,4,1.0,5415.59691072,5323.567159296,5465.151392256,0.0,5415.59691072,False,False,False,1.0,obs,02246500,m3/s,"positive = downstream (seaward), negative = upstream (flood-tide reversal); negative values kept as-is"
2024-10-13 19:00:00+00:00,4,4,4,1.0,5104.111598208001,4955.4481536,5295.250312704,0.0,5104.111598208001,False,False,False,1.0,obs,02246500,m3/s,"positive = downstream (seaward), negative = upstream (flood-tide reversal); negative values kept as-is"
2024-10-13 20:00:00+00:00,4,4,4,1.0,4042.229851008,3341.387897856,4559.012301312,0.0,4042.229851008,False,False,False,1.0,obs,02246500,m3/s,"positive = downstream (seaward), negative = upstream (flood-tide reversal); negative values kept as-is"
2024-10-13 21:00:00+00:00,4,4,4,1.0,2040.9367181184,1152.4956562944,2888.3183523840003,0.0,2040.9367181184,False,False,False,1.0,obs,02246500,m3/s,"positive = downstream (seaward), negative = upstream (flood-tide reversal); negative values kept as-is"
2024-10-13 22:00:00+00:00,4,4,4,1.0,-439.54825122432,-1169.4857642496,169.33474262016,0.0,-439.54825122432,False,False,False,1.0,obs,02246500,m3/s,"positive = downstream (seaward), negative = upstream (flood-tide reversal); negative values kept as-is"
2024-10-13 23:00:00+00:00,4,4,4,1.0,-2536.4815334784003,-3313.0710512640003,-1769.802912,0.0,-2536.4815334784003,False,False,False,1.0,obs,02246500,m3/s,"positive = downstream (seaward), negative = upstream (flood-tide reversal); negative values kept as-is"
2024-10-14 00:00:00+00:00,4,4,4,1.0,-3589.160305536,-3879.4079831040003,-3256.43735808,0.0,-3589.160305536,False,False,False,1.0,obs,02246500,m3/s,"positive = downstream (seaward), negative = upstream (flood-tide reversal); negative values kept as-is"
2024-10-14 01:00:00+00:00,4,4,4,1.0,-3211.8383246976,-3681.19005696,-2794.8727586304,0.0,-3211.8383246976,False,False,False,1.0,obs,02246500,m3/s,"positive = downstream (seaward), negative = upstream (flood-tide reversal); negative values kept as-is"
2024-10-14 02:00:00+00:00,4,4,4,1.0,-1903.6000121472,-3171.4868183040003,-897.6440369664,0.0,-1903.6000121472,False,False,False,1.0,obs,02246500,m3/s,"positive = downstream (seaward), negative = upstream (flood-tide reversal); negative values kept as-is"
2024-10-14 03:00:00+00:00,4,4,4,1.0,1183.21943484672,71.92479034368,2166.238764288,0.0,1183.21943484672,False,False,False,1.0,obs,02246500,m3/s,"positive = downstream (seaward), negative = upstream (flood-tide reversal); negative values kept as-is"
2024-10-14 04:00:00+00:00,4,4,4,1.0,3504.2097657599998,2690.10042624,4134.259602432,0.0,3504.2097657599998,False,False,False,1.0,obs,02246500,m3/s,"positive = downstream (seaward), negative = upstream (flood-tide reversal); negative values kept as-is"
2024-10-14 05:00:00+00:00,4,4,4,1.0,4863.418402176,4559.012301312,5210.2997729280005,0.0,4863.418402176,False,False,False,1.0,obs,02246500,m3/s,"positive = downstream (seaward), negative = upstream (flood-tide reversal); negative values kept as-is"
2024-10-14 06:00:00+00:00,4,4,4,1.0,5394.359275776001,5210.2997729280005,5493.4682388480005,0.0,5394.359275776001,False,False,False,1.0,obs,02246500,m3/s,"positive = downstream (seaward), negative = upstream (flood-tide reversal); negative values kept as-is"
2024-10-14 07:00:00+00:00,4,4,4,1.0,5663.3693184,5493.4682388480005,5861.587244544,0.0,5663.3693184,False,False,False,1.0,obs,02246500,m3/s,"positive = downstream (seaward), negative = upstream (flood-tide reversal); negative values kept as-is"
2024-10-14 08:00:00+00:00,4,4,4,1.0,5132.4284448,4785.5470740480005,5521.78508544,0.0,5132.4284448,False,False,False,1.0,obs,02246500,m3/s,"positive = downstream (seaward), negative = upstream (flood-tide reversal); negative values kept as-is"
2024-10-14 09:00:00+00:00,4,4,4,1.0,4063.4674859519996,3454.6552842240003,4445.744914944,0.0,4063.4674859519996,False,False,False,1.0,obs,02246500,m3/s,"positive = downstream (seaward), negative = upstream (flood-tide reversal); negative values kept as-is"
2024-10-14 10:00:00+00:00,4,4,4,1.0,2105.3575441152,1381.8621136896,2860.001505792,0.0,2105.3575441152,False,False,False,1.0,obs,02246500,m3/s,"positive = downstream (seaward), negative = upstream (flood-tide reversal); negative values kept as-is"
2024-10-14 11:00:00+00:00,4,4,4,1.0,46.72279687680003,-566.33693184,707.9211648,0.0,46.72279687680003,False,False,False,1.0,obs,02246500,m3/s,"positive = downstream (seaward), negative = upstream (flood-tide reversal); negative values kept as-is"
2024-10-14 12:00:00+00:00,4,4,4,1.0,-1457.6096783232,-1968.020838144,-872.1588750336,0.0,-1457.6096783232,False,False,False,1.0,obs,02246500,m3/s,"positive = downstream (seaward), negative = upstream (flood-tide reversal); negative values kept as-is"
2024-10-14 13:00:00+00:00,4,4,4,1.0,-2246.9417770751998,-2378.615113728,-2169.0704489472,0.0,-2246.9417770751998,False,False,False,1.0,obs,02246500,m3/s,"positive = downstream (seaward), negative = upstream (flood-tide reversal); negative values kept as-is"
2024-10-14 14:00:00+00:00,4,4,4,1.0,-1180.1045817216002,-1897.228721664,-300.15857387520003,0.0,-1180.1045817216002,False,False,False,1.0,obs,02246500,m3/s,"positive = downstream (seaward), negative = upstream (flood-tide reversal); negative values kept as-is"
2024-10-14 15:00:00+00:00,4,4,4,1.0,1594.9463842944,594.653778432,2474.8923921408,0.0,1594.9463842944,False,False,False,1.0,obs,02246500,m3/s,"positive = downstream (seaward), negative = upstream (flood-tide reversal); negative values kept as-is"
2024-10-14 16:00:00+00:00,4,4,4,1.0,3751.98217344,3058.219431936,4190.893295616,0.0,3751.98217344,False,False,False,1.0,obs,02246500,m3/s,"positive = downstream (seaward), negative = upstream (flood-tide reversal); negative values kept as-is"
2024-10-14 17:00:00+00:00,4,4,4,1.0,4863.418402176,4615.645994496,5125.349233152,0.0,4863.418402176,False,False,False,1.0,obs,02246500,m3/s,"positive = downstream (seaward), negative = upstream (flood-tide reversal); negative values kept as-is"
2024-10-14 18:00:00+00:00,4,4,4,1.0,5514.705873792,5351.8840058880005,5606.735625216,0.0,5514.705873792,False,False,False,1.0,obs,02246500,m3/s,"positive = downstream (seaward), negative = upstream (flood-tide reversal); negative values kept as-is"
2024-10-14 19:00:00+00:00,4,4,4,1.0,5606.735625216001,5380.20085248,5748.319858176,0.0,5606.735625216001,False,False,False,1.0,obs,02246500,m3/s,"positive = downstream (seaward), negative = upstream (flood-tide reversal); negative values kept as-is"
2024-10-14 20:00:00+00:00,4,4,4,1.0,5224.458196224,5125.349233152,5380.20085248,0.0,5224.458196224,False,False,False,1.0,obs,02246500,m3/s,"positive = downstream (seaward), negative = upstream (flood-tide reversal); negative values kept as-is"
2024-10-14 21:00:00+00:00,4,4,4,1.0,4290.002258688,3737.8237501440003,4672.27968768,0.0,4290.002258688,False,False,False,1.0,obs,02246500,m3/s,"positive = downstream (seaward), negative = upstream (flood-tide reversal); negative values kept as-is"
2024-10-14 22:00:00+00:00,4,4,4,1.0,2397.0210640128,1628.21867904,3256.43735808,0.0,2397.0210640128,False,False,False,1.0,obs,02246500,m3/s,"positive = downstream (seaward), negative = upstream (flood-tide reversal); negative values kept as-is"
2024-10-14 23:00:00+00:00,4,4,4,1.0,-71.37969104678399,-770.2182273024,920.29751424,0.0,-71.37969104678399,False,False,False,1.0,obs,02246500,m3/s,"positive = downstream (seaward), negative = upstream (flood-tide reversal); negative values kept as-is"
2024-10-15 00:00:00+00:00,4,4,4,1.0,-2290.124968128,-3058.219431936,-1645.2087869952,0.0,-2290.124968128,False,False,False,1.0,obs,02246500,m3/s,"positive = downstream (seaward), negative = upstream (flood-tide reversal); negative values kept as-is"
2024-10-15 01:00:00+00:00,4,4,4,1.0,-3419.2592259840003,-3511.288977408,-3341.387897856,0.0,-3419.2592259840003,False,False,False,1.0,obs,02246500,m3/s,"positive = downstream (seaward), negative = upstream (flood-tide reversal); negative values kept as-is"
2024-10-15 02:00:00+00:00,4,4,4,1.0,-3427.0463587968006,-3766.140596736,-2636.2984177152002,0.0,-3427.0463587968006,False,False,False,1.0,obs,02246500,m3/s,"positive = downstream (seaward), negative = upstream (flood-tide reversal); negative values kept as-is"
2024-10-15 03:00:00+00:00,4,4,4,1.0,-1194.7585498329602,-2336.13984384,57.48319858176,0.0,-1194.7585498329602,False,False,False,1.0,obs,02246500,m3/s,"positive = downstream (seaward), negative = upstream (flood-tide reversal); negative values kept as-is"
2024-10-15 04:00:00+00:00,4,4,4,1.0,2074.9169340288,1025.0698466304,2973.26889216,0.0,2074.9169340288,False,False,False,1.0,obs,02246500,m3/s,"positive = downstream (seaward), negative = upstream (flood-tide reversal); negative values kept as-is"
2024-10-15 05:00:00+00:00,4,4,4,1.0,4212.13093056,3482.972130816,4813.86392064,0.0,4212.13093056,False,False,False,1.0,obs,02246500,m3/s,"positive = downstream (seaward), negative = upstream (flood-tide reversal); negative values kept as-is"
2024-10-15 06:00:00+00:00,4,4,4,1.0,5146.586868096,4870.497613824,5465.151392256,0.0,5146.586868096,False,False,False,1.0,obs,02246500,m3/s,"positive = downstream (seaward), negative = upstream (flood-tide reversal); negative values kept as-is"
2024-10-15 07:00:00+00:00,4,4,4,1.0,5635.052471808,5606.735625216,5663.3693184,0.0,5635.052471808,False,False,False,1.0,obs,02246500,m3/s,"positive = downstream (seaward), negative = upstream (flood-tide reversal); negative values kept as-is"
2024-10-15 08:00:00+00:00,4,4,4,1.0,5557.181143680001,5323.567159296,5720.003011584,0.0,5557.181143680001,False,False,False,1.0,obs,02246500,m3/s,"positive = downstream (seaward), negative = upstream (flood-tide reversal); negative values kept as-is"
2024-10-15 09:00:00+00:00,4,4,4,1.0,5217.378984576,4842.180767232,5436.834545664,0.0,5217.378984576,False,False,False,1.0,obs,02246500,m3/s,"positive = downstream (seaward), negative = upstream (flood-tide reversal); negative values kept as-is"
2024-10-15 10:00:00+00:00,4,4,4,1.0,3577.1256457344,2698.5954802176,4332.477528576,0.0,3577.1256457344,False,False,False,1.0,obs,02246500,m3/s,"positive = downstream (seaward), negative = upstream (flood-tide reversal); negative values kept as-is"
2024-10-15 11:00:00+00:00,4,4,4,1.0,655.8889591872,-368.119005696,1857.5851364352,0.0,655.8889591872,False,False,False,1.0,obs,02246500,m3/s,"positive = downstream (seaward), negative = upstream (flood-tide reversal); negative values kept as-is"
2024-10-15 12:00:00+00:00,4,4,4,1.0,-1936.8723068928002,-2831.6846592,-985.4262614016001,0.0,-1936.8723068928002,False,False,False,1.0,obs,02246500,m3/s,"positive = downstream (seaward), negative = upstream (flood-tide reversal); negative values kept as-is"
2024-10-15 13:00:00+00:00,4,4,4,1.0,-3780.299020032,-4247.5269888,-3171.4868183040003,0.0,-3780.299020032,False,False,False,1.0,obs,02246500,m3/s,"positive = downstream (seaward), negative = upstream (flood-tide reversal); negative values kept as-is"
2024-10-15 14:00:00+00:00,4,4,4,1.0,-3893.5664064000002,-4077.625909248,-3766.140596736,0.0,-3893.5664064000002,False,False,False,1.0,obs,02246500,m3/s,"positive = downstream (seaward), negative = upstream (flood-tide reversal); negative values kept as-is"
2024-10-15 15:00:00+00:00,4,2,4,0.5,-3412.180014336,-3652.873210368,-3171.4868183040003,0.0,-3412.180014336,False,False,True,1.0,partial,02246500,m3/s,"positive = downstream (seaward), negative = upstream (flood-tide reversal); negative values kept as-is"
2024-10-15 16:00:00+00:00,4,3,4,0.75,355.8483721728,-707.9211648,1398.8522216448,0.0,355.8483721728,False,False,True,1.0,partial,02246500,m3/s,"positive = downstream (seaward), negative = upstream (flood-tide reversal); negative values kept as-is"
2024-10-15 17:00:00+00:00,4,4,4,1.0,3129.0115484159996,2038.812954624,3992.675369472,0.0,3129.0115484159996,False,False,False,1.0,obs,02246500,m3/s,"positive = downstream (seaward), negative = upstream (flood-tide reversal); negative values kept as-is"
2024-10-15 18:00:00+00:00,4,4,4,1.0,4651.042052736,4389.11122176,5097.03238656,0.0,4651.042052736,False,False,False,1.0,obs,02246500,m3/s,"positive = downstream (seaward), negative = upstream (flood-tide reversal); negative values kept as-is"
2024-10-15 19:00:00+00:00,4,4,4,1.0,5521.78508544,5351.8840058880005,5748.319858176,0.0,5521.78508544,False,False,False,1.0,obs,02246500,m3/s,"positive = downstream (seaward), negative = upstream (flood-tide reversal); negative values kept as-is"
2024-10-15 20:00:00+00:00,4,4,4,1.0,5656.290106752,5493.4682388480005,5776.6367047680005,0.0,5656.290106752,False,False,False,1.0,obs,02246500,m3/s,"positive = downstream (seaward), negative = upstream (flood-tide reversal); negative values kept as-is"
2024-10-15 21:00:00+00:00,4,4,4,1.0,5203.220561280001,4728.913380864,5493.4682388480005,0.0,5203.220561280001,False,False,False,1.0,obs,02246500,m3/s,"positive = downstream (seaward), negative = upstream (flood-tide reversal); negative values kept as-is"
2024-10-15 22:00:00+00:00,4,4,4,1.0,3957.2793112319996,3284.754204672,4615.645994496,0.0,3957.2793112319996,False,False,False,1.0,obs,02246500,m3/s,"positive = downstream (seaward), negative = upstream (flood-tide reversal); negative values kept as-is"
2024-10-15 23:00:00+00:00,4,4,4,1.0,1138.54960934784,-188.87336676864,2452.2389148672,0.0,1138.54960934784,False,False,False,1.0,obs,02246500,m3/s,"positive = downstream (seaward), negative = upstream (flood-tide reversal); negative values kept as-is"
2024-10-16 00:00:00+00:00,4,4,4,1.0,-1787.5009411199999,-3029.9025853440003,-574.8319858176001,0.0,-1787.5009411199999,False,False,False,1.0,obs,02246500,m3/s,"positive = downstream (seaward), negative = upstream (flood-tide reversal); negative values kept as-is"
2024-10-16 01:00:00+00:00,4,4,4,1.0,-4233.368565504,-4700.596534272,-3454.6552842240003,0.0,-4233.368565504,False,False,False,1.0,obs,02246500,m3/s,"positive = downstream (seaward), negative = upstream (flood-tide reversal); negative values kept as-is"
2024-10-16 02:00:00+00:00,4,4,4,1.0,-4353.71516352,-4445.744914944,-4190.893295616,0.0,-4353.71516352,False,False,False,1.0,obs,02246500,m3/s,"positive = downstream (seaward), negative = upstream (flood-tide reversal); negative values kept as-is"
2024-10-16 03:00:00+00:00,4,4,4,1.0,-3702.4276919040003,-4049.309062656,-2916.635198976,0.0,-3702.4276919040003,False,False,False,1.0,obs,02246500,m3/s,"positive = downstream (seaward), negative = upstream (flood-tide reversal); negative values kept as-is"
2024-10-16 04:00:00+00:00,4,4,4,1.0,-1535.4810064512,-2545.6845086208,-351.1288977408,0.0,-1535.4810064512,False,False,False,1.0,obs,02246500,m3/s,"positive = downstream (seaward), negative = upstream (flood-tide reversal); negative values kept as-is"
2024-10-16 05:00:00+00:00,4,4,4,1.0,1846.9663189632,843.8420284416001,2743.9024347648,0.0,1846.9663189632,False,False,False,1.0,obs,02246500,m3/s,"positive = downstream (seaward), negative = upstream (flood-tide reversal); negative values kept as-is"
2024-10-16 06:00:00+00:00,4,4,4,1.0,3999.75458112,3341.387897856,4445.744914944,0.0,3999.75458112,False,False,False,1.0,obs,02246500,m3/s,"positive = downstream (seaward), negative = upstream (flood-tide reversal); negative values kept as-is"
2024-10-16 07:00:00+00:00,4,4,4,1.0,5104.111598208,4870.497613824,5266.933466112,0.0,5104.111598208,False,False,False,1.0,obs,02246500,m3/s,"positive = downstream (seaward), negative = upstream (flood-tide reversal); negative values kept as-is"
2024-10-16 08:00:00+00:00,4,4,4,1.0,5422.676122368,5380.20085248,5465.151392256,0.0,5422.676122368,False,False,False,1.0,obs,02246500,m3/s,"positive = downstream (seaward), negative = upstream (flood-tide reversal); negative values kept as-is"
2024-10-16 09:00:00+00:00,4,4,4,1.0,5429.755334015999,5238.61661952,5578.418778624,0.0,5429.755334015999,False,False,False,1.0,obs,02246500,m3/s,"positive = downstream (seaward), negative = upstream (flood-tide reversal); negative values kept as-is"
2024-10-16 10:00:00+00:00,4,4,4,1.0,4176.73487232,3511.288977408,4842.180767232,0.0,4176.73487232,False,False,False,1.0,obs,02246500,m3/s,"positive = downstream (seaward), negative = upstream (flood-tide reversal); negative values kept as-is"
2024-10-16 11:00:00+00:00,4,4,4,1.0,1317.4412876928002,-322.8120511488,2707.0905341952002,0.0,1317.4412876928002,False,False,False,1.0,obs,02246500,m3/s,"positive = downstream (seaward), negative = upstream (flood-tide reversal); negative values kept as-is"
2024-10-16 12:00:00+00:00,4,4,4,1.0,-1956.6940995072,-3143.169971712,-758.8914886656,0.0,-1956.6940995072,False,False,False,1.0,obs,02246500,m3/s,"positive = downstream (seaward), negative = upstream (flood-tide reversal); negative values kept as-is"
2024-10-16 13:00:00+00:00,4,4,4,1.0,-4049.3090626560006,-4785.5470740480005,-3511.288977408,0.0,-4049.3090626560006,False,False,False,1.0,obs,02246500,m3/s,"positive = downstream (seaward), negative = upstream (flood-tide reversal); negative values kept as-is"
2024-10-16 14:00:00+00:00,4,4,4,1.0,-4587.329147904,-4728.913380864,-4474.061761536,0.0,-4587.329147904,False,False,False,1.0,obs,02246500,m3/s,"positive = downstream (seaward), negative = upstream (flood-tide reversal); negative values kept as-is"
2024-10-16 15:00:00+00:00,4,4,4,1.0,-4587.329147904,-5040.398693376,-4162.576449024,0.0,-4587.329147904,False,False,False,1.0,obs,02246500,m3/s,"positive = downstream (seaward), negative = upstream (flood-tide reversal); negative values kept as-is"
2024-10-16 16:00:00+00:00,4,4,4,1.0,-3223.8729844992004,-4134.259602432,-2616.4766251008,0.0,-3223.8729844992004,False,False,False,1.0,obs,02246500,m3/s,"positive = downstream (seaward), negative = upstream (flood-tide reversal); negative values kept as-is"
2024-10-16 17:00:00+00:00,4,4,4,1.0,-294.4952045568,-1520.6146619904,1016.5747926528,0.0,-294.4952045568,False,False,False,1.0,obs,02246500,m3/s,"positive = downstream (seaward), negative = upstream (flood-tide reversal); negative values kept as-is"
2024-10-16 18:00:00+00:00,4,4,4,1.0,2806.907418432,1806.6148125696,3766.140596736,0.0,2806.907418432,False,False,False,1.0,obs,02246500,m3/s,"positive = downstream (seaward), negative = upstream (flood-tide reversal); negative values kept as-is"
2024-10-16 19:00:00+00:00,4,4,4,1.0,4686.438110976,4190.893295616,5068.7155399680005,0.0,4686.438110976,False,False,False,1.0,obs,02246500,m3/s,"positive = downstream (seaward), negative = upstream (flood-tide reversal); negative values kept as-is"
2024-10-16 20:00:00+00:00,4,4,4,1.0,5316.487947648,5181.982926336,5436.834545664,0.0,5316.487947648,False,False,False,1.0,obs,02246500,m3/s,"positive = downstream (seaward), negative = upstream (flood-tide reversal); negative values kept as-is"
2024-10-16 21:00:00+00:00,4,4,4,1.0,5351.8840058880005,5295.250312704,5436.834545664,0.0,5351.8840058880005,False,False,False,1.0,obs,02246500,m3/s,"positive = downstream (seaward), negative = upstream (flood-tide reversal); negative values kept as-is"
2024-10-16 22:00:00+00:00,4,4,4,1.0,4799.705497344,4445.744914944,5210.2997729280005,0.0,4799.705497344,False,False,False,1.0,obs,02246500,m3/s,"positive = downstream (seaward), negative = upstream (flood-tide reversal); negative values kept as-is"
2024-10-16 23:00:00+00:00,4,4,4,1.0,3227.4125903232,2375.7834290688,4020.9922160640003,0.0,3227.4125903232,False,False,False,1.0,obs,02246500,m3/s,"positive = downstream (seaward), negative = upstream (flood-tide reversal); negative values kept as-is"
2024-10-17 00:00:00+00:00,4,4,4,1.0,431.831910528,-628.6339943424,1560.2582472192,0.0,431.831910528,False,False,False,1.0,obs,02246500,m3/s,"positive = downstream (seaward), negative = upstream (flood-tide reversal); negative values kept as-is"
2024-10-17 01:00:00+00:00,4,4,4,1.0,-2316.3180512256,-3341.387897856,-1398.8522216448,0.0,-2316.3180512256,False,False,False,1.0,obs,02246500,m3/s,"positive = downstream (seaward), negative = upstream (flood-tide reversal); negative values kept as-is"
2024-10-17 02:00:00+00:00,4,4,4,1.0,-4389.11122176,-4898.814460416,-3964.3585228800002,0.0,-4389.11122176,False,False,False,1.0,obs,02246500,m3/s,"positive = downstream (seaward), negative = upstream (flood-tide reversal); negative values kept as-is"
2024-10-17 03:00:00+00:00,4,4,4,1.0,-4658.121264384,-4700.596534272,-4559.012301312,0.0,-4658.121264384,False,False,False,1.0,obs,02246500,m3/s,"positive = downstream (seaward), negative = upstream (flood-tide reversal); negative values kept as-is"
2024-10-17 04:00:00+00:00,4,4,4,1.0,-4127.180390784,-4672.27968768,-3624.556363776,0.0,-4127.180390784,False,False,False,1.0,obs,02246500,m3/s,"positive = downstream (seaward), negative = upstream (flood-tide reversal); negative values kept as-is"
2024-10-17 05:00:00+00:00,4,4,4,1.0,-1908.5554603008002,-2860.001505792,-838.1786591232001,0.0,-1908.5554603008002,False,False,False,1.0,obs,02246500,m3/s,"positive = downstream (seaward), negative = upstream (flood-tide reversal); negative values kept as-is"
2024-10-17 06:00:00+00:00,4,4,4,1.0,1269.37344060288,-64.84557869568,2307.822997248,0.0,1269.37344060288,False,False,False,1.0,obs,02246500,m3/s,"positive = downstream (seaward), negative = upstream (flood-tide reversal); negative values kept as-is"
2024-10-17 07:00:00+00:00,4,4,4,1.0,3751.98217344,2973.26889216,4417.428068352,0.0,3751.98217344,False,False,False,1.0,obs,02246500,m3/s,"positive = downstream (seaward), negative = upstream (flood-tide reversal); negative values kept as-is"
2024-10-17 08:00:00+00:00,4,4,4,1.0,4990.84421184,4530.69545472,5295.250312704,0.0,4990.84421184,False,False,False,1.0,obs,02246500,m3/s,"positive = downstream (seaward), negative = upstream (flood-tide reversal); negative values kept as-is"
2024-10-17 09:00:00+00:00,4,4,4,1.0,5394.359275776,5181.982926336,5521.78508544,0.0,5394.359275776,False,False,False,1.0,obs,02246500,m3/s,"positive = downstream (seaward), negative = upstream (flood-tide reversal); negative values kept as-is"
2024-10-17 10:00:00+00:00,4,4,4,1.0,4976.685788544,4728.913380864,5153.666079744,0.0,4976.685788544,False,False,False,1.0,obs,02246500,m3/s,"positive = downstream (seaward), negative = upstream (flood-tide reversal); negative values kept as-is"
2024-10-17 11:00:00+00:00,4,4,4,1.0,3199.803664896,2321.9814205440002,4105.94275584,0.0,3199.803664896,False,False,False,1.0,obs,02246500,m3/s,"positive = downstream (seaward), negative = upstream (flood-tide reversal); negative values kept as-is"
2024-10-17 12:00:00+00:00,4,4,4,1.0,183.35158168320004,-971.2678381056,1427.1690682368,0.0,183.35158168320004,False,False,False,1.0,obs,02246500,m3/s,"positive = downstream (seaward), negative = upstream (flood-tide reversal); negative values kept as-is"
2024-10-17 13:00:00+00:00,4,4,4,1.0,-2737.5311442816,-3652.873210368,-1854.753451776,0.0,-2737.5311442816,False,False,False,1.0,obs,02246500,m3/s,"positive = downstream (seaward), negative = upstream (flood-tide reversal); negative values kept as-is"
2024-10-17 14:00:00+00:00,4,4,4,1.0,-4651.042052736,-5040.398693376,-4219.210142208,0.0,-4651.042052736,False,False,False,1.0,obs,02246500,m3/s,"positive = downstream (seaward), negative = upstream (flood-tide reversal); negative values kept as-is"
2024-10-17 15:00:00+00:00,4,4,4,1.0,-5097.03238656,-5295.250312704,-4842.180767232,0.0,-5097.03238656,False,False,False,1.0,obs,02246500,m3/s,"positive = downstream (seaward), negative = upstream (flood-tide reversal); negative values kept as-is"
2024-10-17 16:00:00+00:00,4,4,4,1.0,-5146.586868096,-5380.20085248,-4927.1313070080005,0.0,-5146.586868096,False,False,False,1.0,obs,02246500,m3/s,"positive = downstream (seaward), negative = upstream (flood-tide reversal); negative values kept as-is"
2024-10-17 17:00:00+00:00,4,4,4,1.0,-3449.6998360704,-4134.259602432,-2358.7933211136,0.0,-3449.6998360704,False,False,False,1.0,obs,02246500,m3/s,"positive = downstream (seaward), negative = upstream (flood-tide reversal); negative values kept as-is"
2024-10-17 18:00:00+00:00,4,4,4,1.0,-764.5548579840001,-1749.9811193856,574.8319858176001,0.0,-764.5548579840001,False,False,False,1.0,obs,02246500,m3/s,"positive = downstream (seaward), negative = upstream (flood-tide reversal); negative values kept as-is"
2024-10-17 19:00:00+00:00,4,4,4,1.0,2628.5112849024,1616.8919404032001,3567.922670592,0.0,2628.5112849024,False,False,False,1.0,obs,02246500,m3/s,"positive = downstream (seaward), negative = upstream (flood-tide reversal); negative values kept as-is"
2024-10-17 20:00:00+00:00,4,4,4,1.0,4537.774666368,4049.309062656,4870.497613824,0.0,4537.774666368,False,False,False,1.0,obs,02246500,m3/s,"positive = downstream (seaward), negative = upstream (flood-tide reversal); negative values kept as-is"
2024-10-17 21:00:00+00:00,4,4,4,1.0,5465.151392256,5181.982926336,5635.0524718080005,0.0,5465.151392256,False,False,False,1.0,obs,02246500,m3/s,"positive = downstream (seaward), negative = upstream (flood-tide reversal); negative values kept as-is"
2024-10-17 22:00:00+00:00,4,4,4,1.0,5521.78508544,5380.20085248,5691.686164992,0.0,5521.78508544,False,False,False,1.0,obs,02246500,m3/s,"positive = downstream (seaward), negative = upstream (flood-tide reversal); negative values kept as-is"
2024-10-17 23:00:00+00:00,4,4,4,1.0,5309.408736,4842.180767232,5691.686164992,0.0,5309.408736,False,False,False,1.0,obs,02246500,m3/s,"positive = downstream (seaward), negative = upstream (flood-tide reversal); negative values kept as-is"
2024-10-18 00:00:00+00:00,4,4,4,1.0,3586.3286208767995,2593.8231478272,4474.061761536,0.0,3586.3286208767995,False,False,False,1.0,obs,02246500,m3/s,"positive = downstream (seaward), negative = upstream (flood-tide reversal); negative values kept as-is"
2024-10-18 01:00:00+00:00,4,4,4,1.0,752.5201981824,-438.911122176,1965.1891534848,0.0,752.5201981824,False,False,False,1.0,obs,02246500,m3/s,"positive = downstream (seaward), negative = upstream (flood-tide reversal); negative values kept as-is"
2024-10-18 02:00:00+00:00,4,4,4,1.0,-1996.337684736,-2860.001505792,-1115.6837557248,0.0,-1996.337684736,False,False,False,1.0,obs,02246500,m3/s,"positive = downstream (seaward), negative = upstream (flood-tide reversal); negative values kept as-is"
2024-10-18 03:00:00+00:00,4,4,4,1.0,-4006.8337927680004,-4332.477528576,-3143.169971712,0.0,-4006.8337927680004,False,False,False,1.0,obs,02246500,m3/s,"positive = downstream (seaward), negative = upstream (flood-tide reversal); negative values kept as-is"
2024-10-18 04:00:00+00:00,4,4,4,1.0,-4304.160681984001,-4587.329147904,-3936.041676288,0.0,-4304.160681984001,False,False,False,1.0,obs,02246500,m3/s,"positive = downstream (seaward), negative = upstream (flood-tide reversal); negative values kept as-is"
2024-10-18 05:00:00+00:00,4,4,4,1.0,-3158.0363161728,-4049.309062656,-2299.3279432704003,0.0,-3158.0363161728,False,False,False,1.0,obs,02246500,m3/s,"positive = downstream (seaward), negative = upstream (flood-tide reversal); negative values kept as-is"
2024-10-18 06:00:00+00:00,4,4,4,1.0,-438.316468397568,-1766.9712273408,832.5152898048,0.0,-438.316468397568,False,False,False,1.0,obs,02246500,m3/s,"positive = downstream (seaward), negative = upstream (flood-tide reversal); negative values kept as-is"
2024-10-18 07:00:00+00:00,4,4,4,1.0,2821.7737628928,1931.2089375744001,3681.19005696,0.0,2821.7737628928,False,False,False,1.0,obs,02246500,m3/s,"positive = downstream (seaward), negative = upstream (flood-tide reversal); negative values kept as-is"
2024-10-18 08:00:00+00:00,4,4,4,1.0,4658.121264384,4417.428068352,4927.1313070080005,0.0,4658.121264384,False,False,False,1.0,obs,02246500,m3/s,"positive = downstream (seaward), negative = upstream (flood-tide reversal); negative values kept as-is"
2024-10-18 09:00:00+00:00,4,4,4,1.0,5316.487947648,5153.666079744,5465.151392256,0.0,5316.487947648,False,False,False,1.0,obs,02246500,m3/s,"positive = downstream (seaward), negative = upstream (flood-tide reversal); negative values kept as-is"
2024-10-18 10:00:00+00:00,4,4,4,1.0,5769.557493120001,5635.0524718080005,5974.854630912,0.0,5769.557493120001,False,False,False,1.0,obs,02246500,m3/s,"positive = downstream (seaward), negative = upstream (flood-tide reversal); negative values kept as-is"
2024-10-18 11:00:00+00:00,4,4,4,1.0,5196.141349632,4842.180767232,5380.20085248,0.0,5196.141349632,False,False,False,1.0,obs,02246500,m3/s,"positive = downstream (seaward), negative = upstream (flood-tide reversal); negative values kept as-is"
2024-10-18 12:00:00+00:00,4,4,4,1.0,3405.100802688,2180.397187584,4417.428068352,0.0,3405.100802688,False,False,False,1.0,obs,02246500,m3/s,"positive = downstream (seaward), negative = upstream (flood-tide reversal); negative values kept as-is"
2024-10-18 13:00:00+00:00,4,4,4,1.0,87.78222443519996,-1110.0203864064001,1551.7631932416,0.0,87.78222443519996,False,False,False,1.0,obs,02246500,m3/s,"positive = downstream (seaward), negative = upstream (flood-tide reversal); negative values kept as-is"
2024-10-18 14:00:00+00:00,4,4,4,1.0,-2997.3382117632,-4247.5269888,-1962.3574688256,0.0,-2997.3382117632,False,False,False,1.0,obs,02246500,m3/s,"positive = downstream (seaward), negative = upstream (flood-tide reversal); negative values kept as-is"
2024-10-18 15:00:00+00:00,4,4,4,1.0,-4679.358899328,-5040.398693376,-4360.794375168,0.0,-4679.358899328,False,False,False,1.0,obs,02246500,m3/s,"positive = downstream (seaward), negative = upstream (flood-tide reversal); negative values kept as-is"
2024-10-18 16:00:00+00:00,4,4,4,1.0,-5252.775042816001,-5380.20085248,-5068.7155399680005,0.0,-5252.775042816001,False,False,False,1.0,obs,02246500,m3/s,"positive = downstream (seaward), negative = upstream (flood-tide reversal); negative values kept as-is"
2024-10-18 17:00:00+00:00,4,4,4,1.0,-5061.63632832,-5465.151392256,-4559.012301312,0.0,-5061.63632832,False,False,False,1.0,obs,02246500,m3/s,"positive = downstream (seaward), negative = upstream (flood-tide reversal); negative values kept as-is"
2024-10-18 18:00:00+00:00,4,4,4,1.0,-3338.5562131968004,-4530.69545472,-2225.7041421312,0.0,-3338.5562131968004,False,False,False,1.0,obs,02246500,m3/s,"positive = downstream (seaward), negative = upstream (flood-tide reversal); negative values kept as-is"
2024-10-18 19:00:00+00:00,4,4,4,1.0,-752.0246533670401,-1772.6345966592,342.6338437632,0.0,-752.0246533670401,False,False,False,1.0,obs,02246500,m3/s,"positive = downstream (seaward), negative = upstream (flood-tide reversal); negative values kept as-is"
2024-10-18 20:00:00+00:00,4,4,4,1.0,2588.8676996736003,1520.6146619904,3567.922670592,0.0,2588.8676996736003,False,False,False,1.0,obs,02246500,m3/s,"positive = downstream (seaward), negative = upstream (flood-tide reversal); negative values kept as-is"
2024-10-18 21:00:00+00:00,4,4,4,1.0,4339.556740223999,3936.041676288,4559.012301312,0.0,4339.556740223999,False,False,False,1.0,obs,02246500,m3/s,"positive = downstream (seaward), negative = upstream (flood-tide reversal); negative values kept as-is"
2024-10-18 22:00:00+00:00,4,4,4,1.0,5167.82450304,4955.4481536,5380.20085248,0.0,5167.82450304,False,False,False,1.0,obs,02246500,m3/s,"positive = downstream (seaward), negative = upstream (flood-tide reversal); negative values kept as-is"
2024-10-18 23:00:00+00:00,4,4,4,1.0,5330.646370944,5125.349233152,5436.834545664,0.0,5330.646370944,False,False,False,1.0,obs,02246500,m3/s,"positive = downstream (seaward), negative = upstream (flood-tide reversal); negative values kept as-is"
2024-10-19 00:00:00+00:00,4,4,4,1.0,4665.200476032,4105.94275584,5125.349233152,0.0,4665.200476032,False,False,False,1.0,obs,02246500,m3/s,"positive = downstream (seaward), negative = upstream (flood-tide reversal); negative values kept as-is"
2024-10-19 01:00:00+00:00,4,4,4,1.0,2566.9221435648,1500.792869376,3539.605824,0.0,2566.9221435648,False,False,False,1.0,obs,02246500,m3/s,"positive = downstream (seaward), negative = upstream (flood-tide reversal); negative values kept as-is"
2024-10-19 02:00:00+00:00,4,4,4,1.0,-371.02148247168003,-1364.8720057344,784.3766505984,0.0,-371.02148247168003,False,False,False,1.0,obs,02246500,m3/s,"positive = downstream (seaward), negative = upstream (flood-tide reversal); negative values kept as-is"
2024-10-19 03:00:00+00:00,4,4,4,1.0,-2807.6153395968004,-3482.972130816,-1905.7237756416,0.0,-2807.6153395968004,False,False,False,1.0,obs,02246500,m3/s,"positive = downstream (seaward), negative = upstream (flood-tide reversal); negative values kept as-is"
2024-10-19 04:00:00+00:00,4,4,4,1.0,-3893.5664064000002,-4077.625909248,-3624.556363776,0.0,-3893.5664064000002,False,False,False,1.0,obs,02246500,m3/s,"positive = downstream (seaward), negative = upstream (flood-tide reversal); negative values kept as-is"
2024-10-19 05:00:00+00:00,4,4,4,1.0,-3829.853501568,-4105.94275584,-3482.972130816,0.0,-3829.853501568,False,False,False,1.0,obs,02246500,m3/s,"positive = downstream (seaward), negative = upstream (flood-tide reversal); negative values kept as-is"
2024-10-19 06:00:00+00:00,4,4,4,1.0,-2778.5905718400004,-3567.922670592,-1732.9910114304,0.0,-2778.5905718400004,False,False,False,1.0,obs,02246500,m3/s,"positive = downstream (seaward), negative = upstream (flood-tide reversal); negative values kept as-is"
2024-10-19 07:00:00+00:00,4,4,4,1.0,53.44804794239997,-1070.3768011776,1472.476022784,0.0,53.44804794239997,False,False,False,1.0,obs,02246500,m3/s,"positive = downstream (seaward), negative = upstream (flood-tide reversal); negative values kept as-is"
2024-10-19 08:00:00+00:00,4,4,4,1.0,3077.3333033856,2228.5358267904003,3794.457443328,0.0,3077.3333033856,False,False,False,1.0,obs,02246500,m3/s,"positive = downstream (seaward), negative = upstream (flood-tide reversal); negative values kept as-is"
2024-10-19 09:00:00+00:00,4,4,4,1.0,4828.022343936,4360.794375168,5238.61661952,0.0,4828.022343936,False,False,False,1.0,obs,02246500,m3/s,"positive = downstream (seaward), negative = upstream (flood-tide reversal); negative values kept as-is"
2024-10-19 10:00:00+00:00,4,4,4,1.0,5401.4384874239995,5295.250312704,5493.4682388480005,0.0,5401.4384874239995,False,False,False,1.0,obs,02246500,m3/s,"positive = downstream (seaward), negative = upstream (flood-tide reversal); negative values kept as-is"
2024-10-19 11:00:00+00:00,4,4,4,1.0,5599.656413568,5295.250312704,5748.319858176,0.0,5599.656413568,False,False,False,1.0,obs,02246500,m3/s,"positive = downstream (seaward), negative = upstream (flood-tide reversal); negative values kept as-is"
2024-10-19 12:00:00+00:00,4,4,4,1.0,5068.715539968,4587.329147904,5436.834545664,0.0,5068.715539968,False,False,False,1.0,obs,02246500,m3/s,"positive = downstream (seaward), negative = upstream (flood-tide reversal); negative values kept as-is"
2024-10-19 13:00:00+00:00,4,4,4,1.0,3056.8035896064002,2002.0010540544001,4077.625909248,0.0,3056.8035896064002,False,False,False,1.0,obs,02246500,m3/s,"positive = downstream (seaward), negative = upstream (flood-tide reversal); negative values kept as-is"
2024-10-19 14:00:00+00:00,4,4,4,1.0,-478.27153893888,-1616.8919404032001,631.4656790016,0.0,-478.27153893888,False,False,False,1.0,obs,02246500,m3/s,"positive = downstream (seaward), negative = upstream (flood-tide reversal); negative values kept as-is"
2024-10-19 15:00:00+00:00,4,4,4,1.0,-3271.3037025408003,-4389.11122176,-2211.5457188352,0.0,-3271.3037025408003,False,False,False,1.0,obs,02246500,m3/s,"positive = downstream (seaward), negative = upstream (flood-tide reversal); negative values kept as-is"
2024-10-19 16:00:00+00:00,4,4,4,1.0,-5160.745291392,-5465.151392256,-5012.081846784,0.0,-5160.745291392,False,False,False,1.0,obs,02246500,m3/s,"positive = downstream (seaward), negative = upstream (flood-tide reversal); negative values kept as-is"
2024-10-19 17:00:00+00:00,4,4,4,1.0,-5373.121640832,-5606.735625216,-5181.982926336,0.0,-5373.121640832,False,False,False,1.0,obs,02246500,m3/s,"positive = downstream (seaward), negative = upstream (flood-tide reversal); negative values kept as-is"
2024-10-19 18:00:00+00:00,4,4,4,1.0,-4828.022343936001,-5408.517699072,-4219.210142208,0.0,-4828.022343936001,False,False,False,1.0,obs,02246500,m3/s,"positive = downstream (seaward), negative = upstream (flood-tide reversal); negative values kept as-is"
2024-10-19 19:00:00+00:00,4,4,4,1.0,-3072.377855232,-3539.605824,-2548.51619328,0.0,-3072.377855232,False,False,False,1.0,obs,02246500,m3/s,"positive = downstream (seaward), negative = upstream (flood-tide reversal); negative values kept as-is"
2024-10-19 20:00:00+00:00,4,4,4,1.0,-643.365833781888,-1823.6049205248,628.6339943424,0.0,-643.365833781888,False,False,False,1.0,obs,02246500,m3/s,"positive = downstream (seaward), negative = upstream (flood-tide reversal); negative values kept as-is"
2024-10-19 21:00:00+00:00,4,4,4,1.0,2581.7884880255997,1384.6937983488,3567.922670592,0.0,2581.7884880255997,False,False,False,1.0,obs,02246500,m3/s,"positive = downstream (seaward), negative = upstream (flood-tide reversal); negative values kept as-is"
2024-10-19 22:00:00+00:00,4,4,4,1.0,4587.329147904,4134.259602432,5040.398693376,0.0,4587.329147904,False,False,False,1.0,obs,02246500,m3/s,"positive = downstream (seaward), negative = upstream (flood-tide reversal); negative values kept as-is"
2024-10-19 23:00:00+00:00,4,4,4,1.0,5316.487947648,5181.982926336,5465.151392256,0.0,5316.487947648,False,False,False,1.0,obs,02246500,m3/s,"positive = downstream (seaward), negative = upstream (flood-tide reversal); negative values kept as-is"
2024-10-20 00:00:00+00:00,4,4,4,1.0,5394.359275776,5238.61661952,5635.0524718080005,0.0,5394.359275776,False,False,False,1.0,obs,02246500,m3/s,"positive = downstream (seaward), negative = upstream (flood-tide reversal); negative values kept as-is"
