time_utc,tide_prediction_m_navd88
2024-09-30 00:00:00+00:00,0.682
2024-09-30 00:06:00+00:00,0.672
2024-09-30 00:12:00+00:00,0.659
2024-09-30 00:18:00+00:00,0.645
2024-09-30 00:24:00+00:00,0.629
2024-09-30 00:30:00+00:00,0.611
2024-09-30 00:36:00+00:00,0.592
2024-09-30 00:42:00+00:00,0.571
2024-09-30 00:48:00+00:00,0.548
2024-09-30 00:54:00+00:00,0.523
2024-09-30 01:00:00+00:00,0.497
2024-09-30 01:06:00+00:00,0.47
2024-09-30 01:12:00+00:00,0.442
2024-09-30 01:18:00+00:00,0.412
2024-09-30 01:24:00+00:00,0.382
2024-09-30 01:30:00+00:00,0.35
2024-09-30 01:36:00+00:00,0.318
2024-09-30 01:42:00+00:00,0.286
2024-09-30 01:48:00+00:00,0.252
2024-09-30 01:54:00+00:00,0.219
2024-09-30 02:00:00+00:00,0.185
2024-09-30 02:06:00+00:00,0.151
2024-09-30 02:12:00+00:00,0.117
2024-09-30 02:18:00+00:00,0.083
2024-09-30 02:24:00+00:00,0.049
2024-09-30 02:30:00+00:00,0.015
2024-09-30 02:36:00+00:00,-0.018
2024-09-30 02:42:00+00:00,-0.051
2024-09-30 02:48:00+00:00,-0.084
2024-09-30 02:54:00+00:00,-0.116
2024-09-30 03:00:00+00:00,-0.148
2024-09-30 03:06:00+00:00,-0.179
2024-09-30 03:12:00+00:00,-0.21
2024-09-30 03:18:00+00:00,-0.239
2024-09-30 03:24:00+00:00,-0.269
2024-09-30 03:30:00+00:00,-0.297
2024-09-30 03:36:00+00:00,-0.324
2024-09-30 03:42:00+00:00,-0.351
2024-09-30 03:48:00+00:00,-0.377
2024-09-30 03:54:00+00:00,-0.401
2024-09-30 04:00:00+00:00,-0.425
2024-09-30 04:06:00+00:00,-0.447
2024-09-30 04:12:00+00:00,-0.468
2024-09-30 04:18:00+00:00,-0.488
2024-09-30 04:24:00+00:00,-0.506
2024-09-30 04:30:00+00:00,-0.523
2024-09-30 04:36:00+00:00,-0.539
2024-09-30 04:42:00+00:00,-0.553
2024-09-30 04:48:00+00:00,-0.565
2024-09-30 04:54:00+00:00,-0.575
2024-09-30 05:00:00+00:00,-0.584
2024-09-30 05:06:00+00:00,-0.591
2024-09-30 05:12:00+00:00,-0.596
2024-09-30 05:18:00+00:00,-0.599
2024-09-30 05:24:00+00:00,-0.6
2024-09-30 05:30:00+00:00,-0.6
2024-09-30 05:36:00+00:00,-0.597
2024-09-30 05:42:00+00:00,-0.593
2024-09-30 05:48:00+00:00,-0.587
2024-09-30 05:54:00+00:00,-0.579
2024-09-30 06:00:00+00:00,-0.57
2024-09-30 06:06:00+00:00,-0.558
2024-09-30 06:12:00+00:00,-0.546
2024-09-30 06:18:00+00:00,-0.532
2024-09-30 06:24:00+00:00,-0.516
2024-09-30 06:30:00+00:00,-0.499
2024-09-30 06:36:00+00:00,-0.481
2024-09-30 06:42:00+00:00,-0.462
2024-09-30 06:48:00+00:00,-0.441
2024-09-30 06:54:00+00:00,-0.42
2024-09-30 07:00:00+00:00,-0.398
2024-09-30 07:06:00+00:00,-0.375
2024-09-30 07:12:00+00:00,-0.351
2024-09-30 07:18:00+00:00,-0.326
2024-09-30 07:24:00+00:00,-0.301
2024-09-30 07:30:00+00:00,-0.276
2024-09-30 07:36:00+00:00,-0.249
2024-09-30 07:42:00+00:00,-0.223
2024-09-30 07:48:00+00:00,-0.196
2024-09-30 07:54:00+00:00,-0.169
2024-09-30 08:00:00+00:00,-0.141
2024-09-30 08:06:00+00:00,-0.114
2024-09-30 08:12:00+00:00,-0.086
2024-09-30 08:18:00+00:00,-0.058
2024-09-30 08:24:00+00:00,-0.03
2024-09-30 08:30:00+00:00,-0.001
2024-09-30 08:36:00+00:00,0.027
2024-09-30 08:42:00+00:00,0.055
2024-09-30 08:48:00+00:00,0.083
2024-09-30 08:54:00+00:00,0.111
2024-09-30 09:00:00+00:00,0.138
2024-09-30 09:06:00+00:00,0.166
2024-09-30 09:12:00+00:00,0.193
2024-09-30 09:18:00+00:00,0.22
2024-09-30 09:24:00+00:00,0.246
2024-09-30 09:30:00+00:00,0.272
2024-09-30 09:36:00+00:00,0.298
2024-09-30 09:42:00+00:00,0.323
2024-09-30 09:48:00+00:00,0.347
2024-09-30 09:54:00+00:00,0.371
2024-09-30 10:00:00+00:00,0.394
2024-09-30 10:06:00+00:00,0.416
2024-09-30 10:12:00+00:00,0.438
2024-09-30 10:18:00+00:00,0.459
2024-09-30 10:24:00+00:00,0.479
2024-09-30 10:30:00+00:00,0.498
2024-09-30 10:36:00+00:00,0.516
2024-09-30 10:42:00+00:00,0.533
2024-09-30 10:48:00+00:00,0.548
2024-09-30 10:54:00+00:00,0.563
2024-09-30 11:00:00+00:00,0.577
2024-09-30 11:06:00+00:00,0.589
2024-09-30 11:12:00+00:00,0.6
2024-09-30 11:18:00+00:00,0.61
2024-09-30 11:24:00+00:00,0.618
2024-09-30 11:30:00+00:00,0.625
2024-09-30 11:36:00+00:00,0.63
2024-09-30 11:42:00+00:00,0.634
2024-09-30 11:48:00+00:00,0.636
2024-09-30 11:54:00+00:00,0.636
2024-09-30 12:00:00+00:00,0.635
2024-09-30 12:06:00+00:00,0.632
2024-09-30 12:12:00+00:00,0.626
2024-09-30 12:18:00+00:00,0.62
2024-09-30 12:24:00+00:00,0.611
2024-09-30 12:30:00+00:00,0.6
2024-09-30 12:36:00+00:00,0.587
2024-09-30 12:42:00+00:00,0.573
2024-09-30 12:48:00+00:00,0.556
2024-09-30 12:54:00+00:00,0.538
2024-09-30 13:00:00+00:00,0.518
2024-09-30 13:06:00+00:00,0.497
2024-09-30 13:12:00+00:00,0.473
2024-09-30 13:18:00+00:00,0.449
2024-09-30 13:24:00+00:00,0.422
2024-09-30 13:30:00+00:00,0.395
2024-09-30 13:36:00+00:00,0.366
2024-09-30 13:42:00+00:00,0.336
2024-09-30 13:48:00+00:00,0.306
2024-09-30 13:54:00+00:00,0.274
2024-09-30 14:00:00+00:00,0.242
2024-09-30 14:06:00+00:00,0.209
2024-09-30 14:12:00+00:00,0.176
2024-09-30 14:18:00+00:00,0.142
2024-09-30 14:24:00+00:00,0.109
2024-09-30 14:30:00+00:00,0.075
2024-09-30 14:36:00+00:00,0.041
2024-09-30 14:42:00+00:00,0.007
2024-09-30 14:48:00+00:00,-0.027
2024-09-30 14:54:00+00:00,-0.06
2024-09-30 15:00:00+00:00,-0.093
2024-09-30 15:06:00+00:00,-0.125
2024-09-30 15:12:00+00:00,-0.157
2024-09-30 15:18:00+00:00,-0.189
2024-09-30 15:24:00+00:00,-0.22
2024-09-30 15:30:00+00:00,-0.25
2024-09-30 15:36:00+00:00,-0.279
2024-09-30 15:42:00+00:00,-0.308
2024-09-30 15:48:00+00:00,-0.336
2024-09-30 15:54:00+00:00,-0.363
2024-09-30 16:00:00+00:00,-0.389
2024-09-30 16:06:00+00:00,-0.414
2024-09-30 16:12:00+00:00,-0.438
2024-09-30 16:18:00+00:00,-0.461
2024-09-30 16:24:00+00:00,-0.482
2024-09-30 16:30:00+00:00,-0.503
2024-09-30 16:36:00+00:00,-0.522
2024-09-30 16:42:00+00:00,-0.539
2024-09-30 16:48:00+00:00,-0.556
2024-09-30 16:54:00+00:00,-0.57
2024-09-30 17:00:00+00:00,-0.583
2024-09-30 17:06:00+00:00,-0.595
2024-09-30 17:12:00+00:00,-0.604
2024-09-30 17:18:00+00:00,-0.612
2024-09-30 17:24:00+00:00,-0.618
2024-09-30 17:30:00+00:00,-0.622
2024-09-30 17:36:00+00:00,-0.624
2024-09-30 17:42:00+00:00,-0.624
2024-09-30 17:48:00+00:00,-0.623
2024-09-30 17:54:00+00:00,-0.619
2024-09-30 18:00:00+00:00,-0.614
2024-09-30 18:06:00+00:00,-0.606
2024-09-30 18:12:00+00:00,-0.597
2024-09-30 18:18:00+00:00,-0.586
2024-09-30 18:24:00+00:00,-0.573
2024-09-30 18:30:00+00:00,-0.559
2024-09-30 18:36:00+00:00,-0.543
2024-09-30 18:42:00+00:00,-0.525
2024-09-30 18:48:00+00:00,-0.506
2024-09-30 18:54:00+00:00,-0.486
2024-09-30 19:00:00+00:00,-0.464
2024-09-30 19:06:00+00:00,-0.441
2024-09-30 19:12:00+00:00,-0.418
2024-09-30 19:18:00+00:00,-0.393
2024-09-30 19:24:00+00:00,-0.367
2024-09-30 19:30:00+00:00,-0.341
2024-09-30 19:36:00+00:00,-0.314
2024-09-30 19:42:00+00:00,-0.286
2024-09-30 19:48:00+00:00,-0.258
2024-09-30 19:54:00+00:00,-0.229
2024-09-30 20:00:00+00:00,-0.199
2024-09-30 20:06:00+00:00,-0.17
2024-09-30 20:12:00+00:00,-0.14
2024-09-30 20:18:00+00:00,-0.11
2024-09-30 20:24:00+00:00,-0.08
2024-09-30 20:30:00+00:00,-0.049
2024-09-30 20:36:00+00:00,-0.019
2024-09-30 20:42:00+00:00,0.012
2024-09-30 20:48:00+00:00,0.042
2024-09-30 20:54:00+00:00,0.073
2024-09-30 21:00:00+00:00,0.103
2024-09-30 21:06:00+00:00,0.133
2024-09-30 21:12:00+00:00,0.163
2024-09-30 21:18:00+00:00,0.193
2024-09-30 21:24:00+00:00,0.222
2024-09-30 21:30:00+00:00,0.251
2024-09-30 21:36:00+00:00,0.279
2024-09-30 21:42:00+00:00,0.307
2024-09-30 21:48:00+00:00,0.335
2024-09-30 21:54:00+00:00,0.362
2024-09-30 22:00:00+00:00,0.388
2024-09-30 22:06:00+00:00,0.414
2024-09-30 22:12:00+00:00,0.438
2024-09-30 22:18:00+00:00,0.462
2024-09-30 22:24:00+00:00,0.486
2024-09-30 22:30:00+00:00,0.508
2024-09-30 22:36:00+00:00,0.529
2024-09-30 22:42:00+00:00,0.55
2024-09-30 22:48:00+00:00,0.569
2024-09-30 22:54:00+00:00,0.587
2024-09-30 23:00:00+00:00,0.605
2024-09-30 23:06:00+00:00,0.621
2024-09-30 23:12:00+00:00,0.636
2024-09-30 23:18:00+00:00,0.649
2024-09-30 23:24:00+00:00,0.662
2024-09-30 23:30:00+00:00,0.672
2024-09-30 23:36:00+00:00,0.682
2024-09-30 23:42:00+00:00,0.69
2024-09-30 23:48:00+00:00,0.697
2024-09-30 23:54:00+00:00,0.702
2024-10-01 00:00:00+00:00,0.705
2024-10-01 00:06:00+00:00,0.707
2024-10-01 00:12:00+00:00,0.707
2024-10-01 00:18:00+00:00,0.705
2024-10-01 00:24:00+00:00,0.701
2024-10-01 00:30:00+00:00,0.696
2024-10-01 00:36:00+00:00,0.688
2024-10-01 00:42:00+00:00,0.679
2024-10-01 00:48:00+00:00,0.668
2024-10-01 00:54:00+00:00,0.655
2024-10-01 01:00:00+00:00,0.64
2024-10-01 01:06:00+00:00,0.623
2024-10-01 01:12:00+00:00,0.604
2024-10-01 01:18:00+00:00,0.583
2024-10-01 01:24:00+00:00,0.561
2024-10-01 01:30:00+00:00,0.537
2024-10-01 01:36:00+00:00,0.511
2024-10-01 01:42:00+00:00,0.484
2024-10-01 01:48:00+00:00,0.456
2024-10-01 01:54:00+00:00,0.426
2024-10-01 02:00:00+00:00,0.395
2024-10-01 02:06:00+00:00,0.363
2024-10-01 02:12:00+00:00,0.33
2024-10-01 02:18:00+00:00,0.297
2024-10-01 02:24:00+00:00,0.262
2024-10-01 02:30:00+00:00,0.227
2024-10-01 02:36:00+00:00,0.192
2024-10-01 02:42:00+00:00,0.157
2024-10-01 02:48:00+00:00,0.121
2024-10-01 02:54:00+00:00,0.086
2024-10-01 03:00:00+00:00,0.05
2024-10-01 03:06:00+00:00,0.015
2024-10-01 03:12:00+00:00,-0.02
2024-10-01 03:18:00+00:00,-0.055
2024-10-01 03:24:00+00:00,-0.089
2024-10-01 03:30:00+00:00,-0.123
2024-10-01 03:36:00+00:00,-0.156
2024-10-01 03:42:00+00:00,-0.188
2024-10-01 03:48:00+00:00,-0.22
2024-10-01 03:54:00+00:00,-0.251
2024-10-01 04:00:00+00:00,-0.281
2024-10-01 04:06:00+00:00,-0.311
2024-10-01 04:12:00+00:00,-0.339
2024-10-01 04:18:00+00:00,-0.366
2024-10-01 04:24:00+00:00,-0.393
2024-10-01 04:30:00+00:00,-0.418
2024-10-01 04:36:00+00:00,-0.442
2024-10-01 04:42:00+00:00,-0.465
2024-10-01 04:48:00+00:00,-0.487
2024-10-01 04:54:00+00:00,-0.508
2024-10-01 05:00:00+00:00,-0.527
2024-10-01 05:06:00+00:00,-0.544
2024-10-01 05:12:00+00:00,-0.561
2024-10-01 05:18:00+00:00,-0.575
2024-10-01 05:24:00+00:00,-0.588
2024-10-01 05:30:00+00:00,-0.599
2024-10-01 05:36:00+00:00,-0.609
2024-10-01 05:42:00+00:00,-0.616
2024-10-01 05:48:00+00:00,-0.622
2024-10-01 05:54:00+00:00,-0.626
2024-10-01 06:00:00+00:00,-0.628
2024-10-01 06:06:00+00:00,-0.628
2024-10-01 06:12:00+00:00,-0.627
2024-10-01 06:18:00+00:00,-0.623
2024-10-01 06:24:00+00:00,-0.617
2024-10-01 06:30:00+00:00,-0.61
2024-10-01 06:36:00+00:00,-0.6
2024-10-01 06:42:00+00:00,-0.589
2024-10-01 06:48:00+00:00,-0.576
2024-10-01 06:54:00+00:00,-0.562
2024-10-01 07:00:00+00:00,-0.546
2024-10-01 07:06:00+00:00,-0.528
2024-10-01 07:12:00+00:00,-0.509
2024-10-01 07:18:00+00:00,-0.489
2024-10-01 07:24:00+00:00,-0.468
2024-10-01 07:30:00+00:00,-0.445
2024-10-01 07:36:00+00:00,-0.421
2024-10-01 07:42:00+00:00,-0.397
2024-10-01 07:48:00+00:00,-0.371
2024-10-01 07:54:00+00:00,-0.345
2024-10-01 08:00:00+00:00,-0.318
2024-10-01 08:06:00+00:00,-0.291
2024-10-01 08:12:00+00:00,-0.263
2024-10-01 08:18:00+00:00,-0.235
2024-10-01 08:24:00+00:00,-0.206
2024-10-01 08:30:00+00:00,-0.177
2024-10-01 08:36:00+00:00,-0.147
2024-10-01 08:42:00+00:00,-0.118
2024-10-01 08:48:00+00:00,-0.088
2024-10-01 08:54:00+00:00,-0.058
2024-10-01 09:00:00+00:00,-0.028
2024-10-01 09:06:00+00:00,0.002
2024-10-01 09:12:00+00:00,0.032
2024-10-01 09:18:00+00:00,0.061
2024-10-01 09:24:00+00:00,0.091
2024-10-01 09:30:00+00:00,0.12
2024-10-01 09:36:00+00:00,0.15
2024-10-01 09:42:00+00:00,0.178
2024-10-01 09:48:00+00:00,0.207
2024-10-01 09:54:00+00:00,0.235
2024-10-01 10:00:00+00:00,0.263
2024-10-01 10:06:00+00:00,0.29
2024-10-01 10:12:00+00:00,0.317
2024-10-01 10:18:00+00:00,0.343
2024-10-01 10:24:00+00:00,0.369
2024-10-01 10:30:00+00:00,0.394
2024-10-01 10:36:00+00:00,0.418
2024-10-01 10:42:00+00:00,0.441
2024-10-01 10:48:00+00:00,0.464
2024-10-01 10:54:00+00:00,0.485
2024-10-01 11:00:00+00:00,0.506
2024-10-01 11:06:00+00:00,0.526
2024-10-01 11:12:00+00:00,0.545
2024-10-01 11:18:00+00:00,0.563
2024-10-01 11:24:00+00:00,0.579
2024-10-01 11:30:00+00:00,0.595
2024-10-01 11:36:00+00:00,0.609
2024-10-01 11:42:00+00:00,0.622
2024-10-01 11:48:00+00:00,0.634
2024-10-01 11:54:00+00:00,0.645
2024-10-01 12:00:00+00:00,0.654
2024-10-01 12:06:00+00:00,0.662
2024-10-01 12:12:00+00:00,0.668
2024-10-01 12:18:00+00:00,0.672
2024-10-01 12:24:00+00:00,0.676
2024-10-01 12:30:00+00:00,0.677
2024-10-01 12:36:00+00:00,0.677
2024-10-01 12:42:00+00:00,0.674
2024-10-01 12:48:00+00:00,0.671
2024-10-01 12:54:00+00:00,0.665
2024-10-01 13:00:00+00:00,0.657
2024-10-01 13:06:00+00:00,0.648
2024-10-01 13:12:00+00:00,0.636
2024-10-01 13:18:00+00:00,0.623
2024-10-01 13:24:00+00:00,0.608
2024-10-01 13:30:00+00:00,0.591
2024-10-01 13:36:00+00:00,0.572
2024-10-01 13:42:00+00:00,0.551
2024-10-01 13:48:00+00:00,0.528
2024-10-01 13:54:00+00:00,0.504
2024-10-01 14:00:00+00:00,0.478
2024-10-01 14:06:00+00:00,0.451
2024-10-01 14:12:00+00:00,0.422
2024-10-01 14:18:00+00:00,0.393
2024-10-01 14:24:00+00:00,0.361
2024-10-01 14:30:00+00:00,0.329
2024-10-01 14:36:00+00:00,0.296
2024-10-01 14:42:00+00:00,0.262
2024-10-01 14:48:00+00:00,0.228
2024-10-01 14:54:00+00:00,0.193
2024-10-01 15:00:00+00:00,0.158
2024-10-01 15:06:00+00:00,0.122
2024-10-01 15:12:00+00:00,0.086
2024-10-01 15:18:00+00:00,0.051
2024-10-01 15:24:00+00:00,0.015
2024-10-01 15:30:00+00:00,-0.02
2024-10-01 15:36:00+00:00,-0.055
2024-10-01 15:42:00+00:00,-0.09
2024-10-01 15:48:00+00:00,-0.124
2024-10-01 15:54:00+00:00,-0.158
2024-10-01 16:00:00+00:00,-0.19
2024-10-01 16:06:00+00:00,-0.223
2024-10-01 16:12:00+00:00,-0.254
2024-10-01 16:18:00+00:00,-0.284
2024-10-01 16:24:00+00:00,-0.314
2024-10-01 16:30:00+00:00,-0.343
2024-10-01 16:36:00+00:00,-0.371
2024-10-01 16:42:00+00:00,-0.397
2024-10-01 16:48:00+00:00,-0.423
2024-10-01 16:54:00+00:00,-0.448
2024-10-01 17:00:00+00:00,-0.471
2024-10-01 17:06:00+00:00,-0.493
2024-10-01 17:12:00+00:00,-0.514
2024-10-01 17:18:00+00:00,-0.533
2024-10-01 17:24:00+00:00,-0.551
2024-10-01 17:30:00+00:00,-0.567
2024-10-01 17:36:00+00:00,-0.582
2024-10-01 17:42:00+00:00,-0.595
2024-10-01 17:48:00+00:00,-0.607
2024-10-01 17:54:00+00:00,-0.617
2024-10-01 18:00:00+00:00,-0.625
2024-10-01 18:06:00+00:00,-0.631
2024-10-01 18:12:00+00:00,-0.635
2024-10-01 18:18:00+00:00,-0.637
2024-10-01 18:24:00+00:00,-0.637
2024-10-01 18:30:00+00:00,-0.635
2024-10-01 18:36:00+00:00,-0.632
2024-10-01 18:42:00+00:00,-0.626
2024-10-01 18:48:00+00:00,-0.618
2024-10-01 18:54:00+00:00,-0.609
2024-10-01 19:00:00+00:00,-0.598
2024-10-01 19:06:00+00:00,-0.584
2024-10-01 19:12:00+00:00,-0.569
2024-10-01 19:18:00+00:00,-0.553
2024-10-01 19:24:00+00:00,-0.534
2024-10-01 19:30:00+00:00,-0.515
2024-10-01 19:36:00+00:00,-0.493
2024-10-01 19:42:00+00:00,-0.471
2024-10-01 19:48:00+00:00,-0.447
2024-10-01 19:54:00+00:00,-0.422
2024-10-01 20:00:00+00:00,-0.396
2024-10-01 20:06:00+00:00,-0.37
2024-10-01 20:12:00+00:00,-0.342
2024-10-01 20:18:00+00:00,-0.314
2024-10-01 20:24:00+00:00,-0.284
2024-10-01 20:30:00+00:00,-0.255
2024-10-01 20:36:00+00:00,-0.225
2024-10-01 20:42:00+00:00,-0.194
2024-10-01 20:48:00+00:00,-0.164
2024-10-01 20:54:00+00:00,-0.133
2024-10-01 21:00:00+00:00,-0.101
2024-10-01 21:06:00+00:00,-0.07
2024-10-01 21:12:00+00:00,-0.039
2024-10-01 21:18:00+00:00,-0.007
2024-10-01 21:24:00+00:00,0.024
2024-10-01 21:30:00+00:00,0.055
2024-10-01 21:36:00+00:00,0.086
2024-10-01 21:42:00+00:00,0.117
2024-10-01 21:48:00+00:00,0.148
2024-10-01 21:54:00+00:00,0.178
2024-10-01 22:00:00+00:00,0.208
2024-10-01 22:06:00+00:00,0.237
2024-10-01 22:12:00+00:00,0.266
2024-10-01 22:18:00+00:00,0.295
2024-10-01 22:24:00+00:00,0.323
2024-10-01 22:30:00+00:00,0.35
2024-10-01 22:36:00+00:00,0.377
2024-10-01 22:42:00+00:00,0.403
2024-10-01 22:48:00+00:00,0.428
2024-10-01 22:54:00+00:00,0.452
2024-10-01 23:00:00+00:00,0.476
2024-10-01 23:06:00+00:00,0.498
2024-10-01 23:12:00+00:00,0.52
2024-10-01 23:18:00+00:00,0.54
2024-10-01 23:24:00+00:00,0.56
2024-10-01 23:30:00+00:00,0.578
2024-10-01 23:36:00+00:00,0.595
2024-10-01 23:42:00+00:00,0.611
2024-10-01 23:48:00+00:00,0.626
2024-10-01 23:54:00+00:00,0.639
2024-10-02 00:00:00+00:00,0.652
2024-10-02 00:06:00+00:00,0.662
2024-10-02 00:12:00+00:00,0.672
2024-10-02 00:18:00+00:00,0.68
2024-10-02 00:24:00+00:00,0.686
2024-10-02 00:30:00+00:00,0.692
2024-10-02 00:36:00+00:00,0.695
2024-10-02 00:42:00+00:00,0.697
2024-10-02 00:48:00+00:00,0.697
2024-10-02 00:54:00+00:00,0.695
2024-10-02 01:00:00+00:00,0.692
2024-10-02 01:06:00+00:00,0.687
2024-10-02 01:12:00+00:00,0.68
2024-10-02 01:18:00+00:00,0.671
2024-10-02 01:24:00+00:00,0.66
2024-10-02 01:30:00+00:00,0.647
2024-10-02 01:36:00+00:00,0.633
2024-10-02 01:42:00+00:00,0.616
2024-10-02 01:48:00+00:00,0.598
2024-10-02 01:54:00+00:00,0.578
2024-10-02 02:00:00+00:00,0.556
2024-10-02 02:06:00+00:00,0.532
2024-10-02 02:12:00+00:00,0.507
2024-10-02 02:18:00+00:00,0.48
2024-10-02 02:24:00+00:00,0.451
2024-10-02 02:30:00+00:00,0.421
2024-10-02 02:36:00+00:00,0.39
2024-10-02 02:42:00+00:00,0.357
2024-10-02 02:48:00+00:00,0.324
2024-10-02 02:54:00+00:00,0.289
2024-10-02 03:00:00+00:00,0.254
2024-10-02 03:06:00+00:00,0.218
2024-10-02 03:12:00+00:00,0.182
2024-10-02 03:18:00+00:00,0.145
2024-10-02 03:24:00+00:00,0.109
2024-10-02 03:30:00+00:00,0.072
2024-10-02 03:36:00+00:00,0.035
2024-10-02 03:42:00+00:00,-0.002
2024-10-02 03:48:00+00:00,-0.038
2024-10-02 03:54:00+00:00,-0.074
2024-10-02 04:00:00+00:00,-0.11
2024-10-02 04:06:00+00:00,-0.145
2024-10-02 04:12:00+00:00,-0.179
2024-10-02 04:18:00+00:00,-0.212
2024-10-02 04:24:00+00:00,-0.245
2024-10-02 04:30:00+00:00,-0.276
2024-10-02 04:36:00+00:00,-0.307
2024-10-02 04:42:00+00:00,-0.337
2024-10-02 04:48:00+00:00,-0.365
2024-10-02 04:54:00+00:00,-0.393
2024-10-02 05:00:00+00:00,-0.419
2024-10-02 05:06:00+00:00,-0.444
2024-10-02 05:12:00+00:00,-0.468
2024-10-02 05:18:00+00:00,-0.491
2024-10-02 05:24:00+00:00,-0.513
2024-10-02 05:30:00+00:00,-0.533
2024-10-02 05:36:00+00:00,-0.551
2024-10-02 05:42:00+00:00,-0.568
2024-10-02 05:48:00+00:00,-0.584
2024-10-02 05:54:00+00:00,-0.598
2024-10-02 06:00:00+00:00,-0.61
2024-10-02 06:06:00+00:00,-0.621
2024-10-02 06:12:00+00:00,-0.63
2024-10-02 06:18:00+00:00,-0.637
2024-10-02 06:24:00+00:00,-0.642
2024-10-02 06:30:00+00:00,-0.646
2024-10-02 06:36:00+00:00,-0.647
2024-10-02 06:42:00+00:00,-0.647
2024-10-02 06:48:00+00:00,-0.645
2024-10-02 06:54:00+00:00,-0.64
2024-10-02 07:00:00+00:00,-0.634
2024-10-02 07:06:00+00:00,-0.626
2024-10-02 07:12:00+00:00,-0.616
2024-10-02 07:18:00+00:00,-0.604
2024-10-02 07:24:00+00:00,-0.591
2024-10-02 07:30:00+00:00,-0.575
2024-10-02 07:36:00+00:00,-0.559
2024-10-02 07:42:00+00:00,-0.54
2024-10-02 07:48:00+00:00,-0.52
2024-10-02 07:54:00+00:00,-0.498
2024-10-02 08:00:00+00:00,-0.476
2024-10-02 08:06:00+00:00,-0.452
2024-10-02 08:12:00+00:00,-0.427
2024-10-02 08:18:00+00:00,-0.4
2024-10-02 08:24:00+00:00,-0.373
2024-10-02 08:30:00+00:00,-0.346
2024-10-02 08:36:00+00:00,-0.317
2024-10-02 08:42:00+00:00,-0.288
2024-10-02 08:48:00+00:00,-0.258
2024-10-02 08:54:00+00:00,-0.228
2024-10-02 09:00:00+00:00,-0.198
2024-10-02 09:06:00+00:00,-0.167
2024-10-02 09:12:00+00:00,-0.136
2024-10-02 09:18:00+00:00,-0.105
2024-10-02 09:24:00+00:00,-0.074
2024-10-02 09:30:00+00:00,-0.042
2024-10-02 09:36:00+00:00,-0.011
2024-10-02 09:42:00+00:00,0.02
2024-10-02 09:48:00+00:00,0.051
2024-10-02 09:54:00+00:00,0.082
2024-10-02 10:00:00+00:00,0.112
2024-10-02 10:06:00+00:00,0.143
2024-10-02 10:12:00+00:00,0.173
2024-10-02 10:18:00+00:00,0.202
2024-10-02 10:24:00+00:00,0.232
2024-10-02 10:30:00+00:00,0.26
2024-10-02 10:36:00+00:00,0.289
2024-10-02 10:42:00+00:00,0.316
2024-10-02 10:48:00+00:00,0.344
2024-10-02 10:54:00+00:00,0.37
2024-10-02 11:00:00+00:00,0.396
2024-10-02 11:06:00+00:00,0.421
2024-10-02 11:12:00+00:00,0.446
2024-10-02 11:18:00+00:00,0.469
2024-10-02 11:24:00+00:00,0.492
2024-10-02 11:30:00+00:00,0.514
2024-10-02 11:36:00+00:00,0.535
2024-10-02 11:42:00+00:00,0.555
2024-10-02 11:48:00+00:00,0.573
2024-10-02 11:54:00+00:00,0.591
2024-10-02 12:00:00+00:00,0.608
2024-10-02 12:06:00+00:00,0.623
2024-10-02 12:12:00+00:00,0.638
2024-10-02 12:18:00+00:00,0.651
2024-10-02 12:24:00+00:00,0.663
2024-10-02 12:30:00+00:00,0.673
2024-10-02 12:36:00+00:00,0.683
2024-10-02 12:42:00+00:00,0.69
2024-10-02 12:48:00+00:00,0.697
2024-10-02 12:54:00+00:00,0.702
2024-10-02 13:00:00+00:00,0.705
2024-10-02 13:06:00+00:00,0.707
2024-10-02 13:12:00+00:00,0.707
2024-10-02 13:18:00+00:00,0.705
2024-10-02 13:24:00+00:00,0.702
2024-10-02 13:30:00+00:00,0.697
2024-10-02 13:36:00+00:00,0.69
2024-10-02 13:42:00+00:00,0.681
2024-10-02 13:48:00+00:00,0.67
2024-10-02 13:54:00+00:00,0.658
2024-10-02 14:00:00+00:00,0.643
2024-10-02 14:06:00+00:00,0.627
2024-10-02 14:12:00+00:00,0.609
2024-10-02 14:18:00+00:00,0.589
2024-10-02 14:24:00+00:00,0.567
2024-10-02 14:30:00+00:00,0.543
2024-10-02 14:36:00+00:00,0.518
2024-10-02 14:42:00+00:00,0.491
2024-10-02 14:48:00+00:00,0.463
2024-10-02 14:54:00+00:00,0.433
2024-10-02 15:00:00+00:00,0.401
2024-10-02 15:06:00+00:00,0.369
2024-10-02 15:12:00+00:00,0.335
2024-10-02 15:18:00+00:00,0.301
2024-10-02 15:24:00+00:00,0.266
2024-10-02 15:30:00+00:00,0.23
2024-10-02 15:36:00+00:00,0.193
2024-10-02 15:42:00+00:00,0.157
2024-10-02 15:48:00+00:00,0.12
2024-10-02 15:54:00+00:00,0.082
2024-10-02 16:00:00+00:00,0.045
2024-10-02 16:06:00+00:00,0.009
2024-10-02 16:12:00+00:00,-0.028
2024-10-02 16:18:00+00:00,-0.064
2024-10-02 16:24:00+00:00,-0.1
2024-10-02 16:30:00+00:00,-0.135
2024-10-02 16:36:00+00:00,-0.169
2024-10-02 16:42:00+00:00,-0.203
2024-10-02 16:48:00+00:00,-0.236
2024-10-02 16:54:00+00:00,-0.268
2024-10-02 17:00:00+00:00,-0.299
2024-10-02 17:06:00+00:00,-0.328
2024-10-02 17:12:00+00:00,-0.357
2024-10-02 17:18:00+00:00,-0.385
2024-10-02 17:24:00+00:00,-0.411
2024-10-02 17:30:00+00:00,-0.436
2024-10-02 17:36:00+00:00,-0.46
2024-10-02 17:42:00+00:00,-0.483
2024-10-02 17:48:00+00:00,-0.504
2024-10-02 17:54:00+00:00,-0.524
2024-10-02 18:00:00+00:00,-0.543
2024-10-02 18:06:00+00:00,-0.56
2024-10-02 18:12:00+00:00,-0.575
2024-10-02 18:18:00+00:00,-0.589
2024-10-02 18:24:00+00:00,-0.601
2024-10-02 18:30:00+00:00,-0.612
2024-10-02 18:36:00+00:00,-0.62
2024-10-02 18:42:00+00:00,-0.627
2024-10-02 18:48:00+00:00,-0.632
2024-10-02 18:54:00+00:00,-0.635
2024-10-02 19:00:00+00:00,-0.637
2024-10-02 19:06:00+00:00,-0.636
2024-10-02 19:12:00+00:00,-0.633
2024-10-02 19:18:00+00:00,-0.629
2024-10-02 19:24:00+00:00,-0.622
2024-10-02 19:30:00+00:00,-0.614
2024-10-02 19:36:00+00:00,-0.603
2024-10-02 19:42:00+00:00,-0.591
2024-10-02 19:48:00+00:00,-0.577
2024-10-02 19:54:00+00:00,-0.561
2024-10-02 20:00:00+00:00,-0.543
2024-10-02 20:06:00+00:00,-0.524
2024-10-02 20:12:00+00:00,-0.504
2024-10-02 20:18:00+00:00,-0.482
2024-10-02 20:24:00+00:00,-0.458
2024-10-02 20:30:00+00:00,-0.434
2024-10-02 20:36:00+00:00,-0.408
2024-10-02 20:42:00+00:00,-0.381
2024-10-02 20:48:00+00:00,-0.353
2024-10-02 20:54:00+00:00,-0.325
2024-10-02 21:00:00+00:00,-0.296
2024-10-02 21:06:00+00:00,-0.266
2024-10-02 21:12:00+00:00,-0.236
2024-10-02 21:18:00+00:00,-0.205
2024-10-02 21:24:00+00:00,-0.174
2024-10-02 21:30:00+00:00,-0.143
2024-10-02 21:36:00+00:00,-0.112
2024-10-02 21:42:00+00:00,-0.08
2024-10-02 21:48:00+00:00,-0.049
2024-10-02 21:54:00+00:00,-0.017
2024-10-02 22:00:00+00:00,0.014
2024-10-02 22:06:00+00:00,0.046
2024-10-02 22:12:00+00:00,0.077
2024-10-02 22:18:00+00:00,0.107
2024-10-02 22:24:00+00:00,0.138
2024-10-02 22:30:00+00:00,0.168
2024-10-02 22:36:00+00:00,0.198
2024-10-02 22:42:00+00:00,0.227
2024-10-02 22:48:00+00:00,0.256
2024-10-02 22:54:00+00:00,0.284
2024-10-02 23:00:00+00:00,0.311
2024-10-02 23:06:00+00:00,0.338
2024-10-02 23:12:00+00:00,0.364
2024-10-02 23:18:00+00:00,0.39
2024-10-02 23:24:00+00:00,0.415
2024-10-02 23:30:00+00:00,0.438
2024-10-02 23:36:00+00:00,0.461
2024-10-02 23:42:00+00:00,0.483
2024-10-02 23:48:00+00:00,0.504
2024-10-02 23:54:00+00:00,0.524
2024-10-03 00:00:00+00:00,0.543
2024-10-03 00:06:00+00:00,0.561
2024-10-03 00:12:00+00:00,0.578
2024-10-03 00:18:00+00:00,0.593
2024-10-03 00:24:00+00:00,0.607
2024-10-03 00:30:00+00:00,0.62
2024-10-03 00:36:00+00:00,0.632
2024-10-03 00:42:00+00:00,0.642
2024-10-03 00:48:00+00:00,0.651
2024-10-03 00:54:00+00:00,0.659
2024-10-03 01:00:00+00:00,0.665
2024-10-03 01:06:00+00:00,0.669
2024-10-03 01:12:00+00:00,0.672
2024-10-03 01:18:00+00:00,0.674
2024-10-03 01:24:00+00:00,0.673
2024-10-03 01:30:00+00:00,0.671
2024-10-03 01:36:00+00:00,0.668
2024-10-03 01:42:00+00:00,0.663
2024-10-03 01:48:00+00:00,0.656
2024-10-03 01:54:00+00:00,0.647
2024-10-03 02:00:00+00:00,0.636
2024-10-03 02:06:00+00:00,0.624
2024-10-03 02:12:00+00:00,0.609
2024-10-03 02:18:00+00:00,0.593
2024-10-03 02:24:00+00:00,0.575
2024-10-03 02:30:00+00:00,0.556
2024-10-03 02:36:00+00:00,0.534
2024-10-03 02:42:00+00:00,0.51
2024-10-03 02:48:00+00:00,0.485
2024-10-03 02:54:00+00:00,0.459
2024-10-03 03:00:00+00:00,0.43
2024-10-03 03:06:00+00:00,0.4
2024-10-03 03:12:00+00:00,0.369
2024-10-03 03:18:00+00:00,0.337
2024-10-03 03:24:00+00:00,0.303
2024-10-03 03:30:00+00:00,0.268
2024-10-03 03:36:00+00:00,0.233
2024-10-03 03:42:00+00:00,0.197
2024-10-03 03:48:00+00:00,0.16
2024-10-03 03:54:00+00:00,0.123
2024-10-03 04:00:00+00:00,0.085
2024-10-03 04:06:00+00:00,0.047
2024-10-03 04:12:00+00:00,0.01
2024-10-03 04:18:00+00:00,-0.028
2024-10-03 04:24:00+00:00,-0.065
2024-10-03 04:30:00+00:00,-0.102
2024-10-03 04:36:00+00:00,-0.138
2024-10-03 04:42:00+00:00,-0.174
2024-10-03 04:48:00+00:00,-0.208
2024-10-03 04:54:00+00:00,-0.242
2024-10-03 05:00:00+00:00,-0.275
2024-10-03 05:06:00+00:00,-0.307
2024-10-03 05:12:00+00:00,-0.338
2024-10-03 05:18:00+00:00,-0.367
2024-10-03 05:24:00+00:00,-0.395
2024-10-03 05:30:00+00:00,-0.422
2024-10-03 05:36:00+00:00,-0.448
2024-10-03 05:42:00+00:00,-0.472
2024-10-03 05:48:00+00:00,-0.495
2024-10-03 05:54:00+00:00,-0.517
2024-10-03 06:00:00+00:00,-0.537
2024-10-03 06:06:00+00:00,-0.556
2024-10-03 06:12:00+00:00,-0.573
2024-10-03 06:18:00+00:00,-0.588
2024-10-03 06:24:00+00:00,-0.602
2024-10-03 06:30:00+00:00,-0.614
2024-10-03 06:36:00+00:00,-0.625
2024-10-03 06:42:00+00:00,-0.634
2024-10-03 06:48:00+00:00,-0.641
2024-10-03 06:54:00+00:00,-0.647
2024-10-03 07:00:00+00:00,-0.651
2024-10-03 07:06:00+00:00,-0.653
2024-10-03 07:12:00+00:00,-0.653
2024-10-03 07:18:00+00:00,-0.651
2024-10-03 07:24:00+00:00,-0.647
2024-10-03 07:30:00+00:00,-0.642
2024-10-03 07:36:00+00:00,-0.634
2024-10-03 07:42:00+00:00,-0.625
2024-10-03 07:48:00+00:00,-0.614
2024-10-03 07:54:00+00:00,-0.601
2024-10-03 08:00:00+00:00,-0.587
2024-10-03 08:06:00+00:00,-0.57
2024-10-03 08:12:00+00:00,-0.552
2024-10-03 08:18:00+00:00,-0.533
2024-10-03 08:24:00+00:00,-0.512
2024-10-03 08:30:00+00:00,-0.489
2024-10-03 08:36:00+00:00,-0.465
2024-10-03 08:42:00+00:00,-0.44
2024-10-03 08:48:00+00:00,-0.414
2024-10-03 08:54:00+00:00,-0.387
2024-10-03 09:00:00+00:00,-0.358
2024-10-03 09:06:00+00:00,-0.329
2024-10-03 09:12:00+00:00,-0.3
2024-10-03 09:18:00+00:00,-0.269
2024-10-03 09:24:00+00:00,-0.238
2024-10-03 09:30:00+00:00,-0.207
2024-10-03 09:36:00+00:00,-0.176
2024-10-03 09:42:00+00:00,-0.144
2024-10-03 09:48:00+00:00,-0.112
2024-10-03 09:54:00+00:00,-0.08
2024-10-03 10:00:00+00:00,-0.048
2024-10-03 10:06:00+00:00,-0.016
2024-10-03 10:12:00+00:00,0.016
2024-10-03 10:18:00+00:00,0.047
2024-10-03 10:24:00+00:00,0.079
2024-10-03 10:30:00+00:00,0.11
2024-10-03 10:36:00+00:00,0.141
2024-10-03 10:42:00+00:00,0.171
2024-10-03 10:48:00+00:00,0.201
2024-10-03 10:54:00+00:00,0.231
2024-10-03 11:00:00+00:00,0.26
2024-10-03 11:06:00+00:00,0.289
2024-10-03 11:12:00+00:00,0.317
2024-10-03 11:18:00+00:00,0.344
2024-10-03 11:24:00+00:00,0.371
2024-10-03 11:30:00+00:00,0.397
2024-10-03 11:36:00+00:00,0.422
2024-10-03 11:42:00+00:00,0.447
2024-10-03 11:48:00+00:00,0.471
2024-10-03 11:54:00+00:00,0.494
2024-10-03 12:00:00+00:00,0.516
2024-10-03 12:06:00+00:00,0.538
2024-10-03 12:12:00+00:00,0.558
2024-10-03 12:18:00+00:00,0.577
2024-10-03 12:24:00+00:00,0.596
2024-10-03 12:30:00+00:00,0.613
2024-10-03 12:36:00+00:00,0.629
2024-10-03 12:42:00+00:00,0.644
2024-10-03 12:48:00+00:00,0.658
2024-10-03 12:54:00+00:00,0.67
2024-10-03 13:00:00+00:00,0.682
2024-10-03 13:06:00+00:00,0.692
2024-10-03 13:12:00+00:00,0.701
2024-10-03 13:18:00+00:00,0.708
2024-10-03 13:24:00+00:00,0.714
2024-10-03 13:30:00+00:00,0.719
2024-10-03 13:36:00+00:00,0.722
2024-10-03 13:42:00+00:00,0.723
2024-10-03 13:48:00+00:00,0.723
2024-10-03 13:54:00+00:00,0.722
2024-10-03 14:00:00+00:00,0.718
2024-10-03 14:06:00+00:00,0.713
2024-10-03 14:12:00+00:00,0.707
2024-10-03 14:18:00+00:00,0.698
2024-10-03 14:24:00+00:00,0.688
2024-10-03 14:30:00+00:00,0.676
2024-10-03 14:36:00+00:00,0.662
2024-10-03 14:42:00+00:00,0.647
2024-10-03 14:48:00+00:00,0.629
2024-10-03 14:54:00+00:00,0.61
2024-10-03 15:00:00+00:00,0.589
2024-10-03 15:06:00+00:00,0.566
2024-10-03 15:12:00+00:00,0.541
2024-10-03 15:18:00+00:00,0.515
2024-10-03 15:24:00+00:00,0.487
2024-10-03 15:30:00+00:00,0.458
2024-10-03 15:36:00+00:00,0.427
2024-10-03 15:42:00+00:00,0.395
2024-10-03 15:48:00+00:00,0.361
2024-10-03 15:54:00+00:00,0.327
2024-10-03 16:00:00+00:00,0.291
2024-10-03 16:06:00+00:00,0.255
2024-10-03 16:12:00+00:00,0.218
2024-10-03 16:18:00+00:00,0.181
2024-10-03 16:24:00+00:00,0.144
2024-10-03 16:30:00+00:00,0.106
2024-10-03 16:36:00+00:00,0.068
2024-10-03 16:42:00+00:00,0.03
2024-10-03 16:48:00+00:00,-0.007
2024-10-03 16:54:00+00:00,-0.044
2024-10-03 17:00:00+00:00,-0.081
2024-10-03 17:06:00+00:00,-0.117
2024-10-03 17:12:00+00:00,-0.152
2024-10-03 17:18:00+00:00,-0.187
2024-10-03 17:24:00+00:00,-0.22
2024-10-03 17:30:00+00:00,-0.253
2024-10-03 17:36:00+00:00,-0.284
2024-10-03 17:42:00+00:00,-0.314
2024-10-03 17:48:00+00:00,-0.343
2024-10-03 17:54:00+00:00,-0.371
2024-10-03 18:00:00+00:00,-0.397
2024-10-03 18:06:00+00:00,-0.423
2024-10-03 18:12:00+00:00,-0.447
2024-10-03 18:18:00+00:00,-0.469
2024-10-03 18:24:00+00:00,-0.49
2024-10-03 18:30:00+00:00,-0.51
2024-10-03 18:36:00+00:00,-0.528
2024-10-03 18:42:00+00:00,-0.544
2024-10-03 18:48:00+00:00,-0.559
2024-10-03 18:54:00+00:00,-0.573
2024-10-03 19:00:00+00:00,-0.585
2024-10-03 19:06:00+00:00,-0.595
2024-10-03 19:12:00+00:00,-0.603
2024-10-03 19:18:00+00:00,-0.61
2024-10-03 19:24:00+00:00,-0.615
2024-10-03 19:30:00+00:00,-0.618
2024-10-03 19:36:00+00:00,-0.62
2024-10-03 19:42:00+00:00,-0.619
2024-10-03 19:48:00+00:00,-0.617
2024-10-03 19:54:00+00:00,-0.613
2024-10-03 20:00:00+00:00,-0.607
2024-10-03 20:06:00+00:00,-0.599
2024-10-03 20:12:00+00:00,-0.59
2024-10-03 20:18:00+00:00,-0.578
2024-10-03 20:24:00+00:00,-0.565
2024-10-03 20:30:00+00:00,-0.55
2024-10-03 20:36:00+00:00,-0.534
2024-10-03 20:42:00+00:00,-0.515
2024-10-03 20:48:00+00:00,-0.496
2024-10-03 20:54:00+00:00,-0.475
2024-10-03 21:00:00+00:00,-0.452
2024-10-03 21:06:00+00:00,-0.428
2024-10-03 21:12:00+00:00,-0.403
2024-10-03 21:18:00+00:00,-0.378
2024-10-03 21:24:00+00:00,-0.351
2024-10-03 21:30:00+00:00,-0.323
2024-10-03 21:36:00+00:00,-0.295
2024-10-03 21:42:00+00:00,-0.266
2024-10-03 21:48:00+00:00,-0.236
2024-10-03 21:54:00+00:00,-0.206
2024-10-03 22:00:00+00:00,-0.176
2024-10-03 22:06:00+00:00,-0.145
2024-10-03 22:12:00+00:00,-0.114
2024-10-03 22:18:00+00:00,-0.084
2024-10-03 22:24:00+00:00,-0.053
2024-10-03 22:30:00+00:00,-0.022
2024-10-03 22:36:00+00:00,0.008
2024-10-03 22:42:00+00:00,0.039
2024-10-03 22:48:00+00:00,0.069
2024-10-03 22:54:00+00:00,0.099
2024-10-03 23:00:00+00:00,0.128
2024-10-03 23:06:00+00:00,0.157
2024-10-03 23:12:00+00:00,0.186
2024-10-03 23:18:00+00:00,0.214
2024-10-03 23:24:00+00:00,0.242
2024-10-03 23:30:00+00:00,0.269
2024-10-03 23:36:00+00:00,0.295
2024-10-03 23:42:00+00:00,0.321
2024-10-03 23:48:00+00:00,0.346
2024-10-03 23:54:00+00:00,0.371
2024-10-04 00:00:00+00:00,0.394
2024-10-04 00:06:00+00:00,0.417
2024-10-04 00:12:00+00:00,0.439
2024-10-04 00:18:00+00:00,0.46
2024-10-04 00:24:00+00:00,0.48
2024-10-04 00:30:00+00:00,0.499
2024-10-04 00:36:00+00:00,0.517
2024-10-04 00:42:00+00:00,0.534
2024-10-04 00:48:00+00:00,0.55
2024-10-04 00:54:00+00:00,0.564
2024-10-04 01:00:00+00:00,0.578
2024-10-04 01:06:00+00:00,0.59
2024-10-04 01:12:00+00:00,0.6
2024-10-04 01:18:00+00:00,0.61
2024-10-04 01:24:00+00:00,0.618
2024-10-04 01:30:00+00:00,0.625
2024-10-04 01:36:00+00:00,0.63
2024-10-04 01:42:00+00:00,0.634
2024-10-04 01:48:00+00:00,0.637
2024-10-04 01:54:00+00:00,0.637
2024-10-04 02:00:00+00:00,0.637
2024-10-04 02:06:00+00:00,0.635
2024-10-04 02:12:00+00:00,0.631
2024-10-04 02:18:00+00:00,0.625
2024-10-04 02:24:00+00:00,0.618
2024-10-04 02:30:00+00:00,0.609
2024-10-04 02:36:00+00:00,0.599
2024-10-04 02:42:00+00:00,0.587
2024-10-04 02:48:00+00:00,0.573
2024-10-04 02:54:00+00:00,0.557
2024-10-04 03:00:00+00:00,0.539
2024-10-04 03:06:00+00:00,0.52
2024-10-04 03:12:00+00:00,0.499
2024-10-04 03:18:00+00:00,0.476
2024-10-04 03:24:00+00:00,0.452
2024-10-04 03:30:00+00:00,0.426
2024-10-04 03:36:00+00:00,0.398
2024-10-04 03:42:00+00:00,0.369
2024-10-04 03:48:00+00:00,0.338
2024-10-04 03:54:00+00:00,0.306
2024-10-04 04:00:00+00:00,0.273
2024-10-04 04:06:00+00:00,0.239
2024-10-04 04:12:00+00:00,0.204
2024-10-04 04:18:00+00:00,0.168
2024-10-04 04:24:00+00:00,0.131
2024-10-04 04:30:00+00:00,0.094
2024-10-04 04:36:00+00:00,0.057
2024-10-04 04:42:00+00:00,0.019
2024-10-04 04:48:00+00:00,-0.019
2024-10-04 04:54:00+00:00,-0.056
2024-10-04 05:00:00+00:00,-0.093
2024-10-04 05:06:00+00:00,-0.13
2024-10-04 05:12:00+00:00,-0.166
2024-10-04 05:18:00+00:00,-0.202
2024-10-04 05:24:00+00:00,-0.237
2024-10-04 05:30:00+00:00,-0.27
2024-10-04 05:36:00+00:00,-0.303
2024-10-04 05:42:00+00:00,-0.334
2024-10-04 05:48:00+00:00,-0.365
2024-10-04 05:54:00+00:00,-0.394
2024-10-04 06:00:00+00:00,-0.421
2024-10-04 06:06:00+00:00,-0.447
2024-10-04 06:12:00+00:00,-0.471
2024-10-04 06:18:00+00:00,-0.494
2024-10-04 06:24:00+00:00,-0.516
2024-10-04 06:30:00+00:00,-0.536
2024-10-04 06:36:00+00:00,-0.554
2024-10-04 06:42:00+00:00,-0.57
2024-10-04 06:48:00+00:00,-0.585
2024-10-04 06:54:00+00:00,-0.599
2024-10-04 07:00:00+00:00,-0.61
2024-10-04 07:06:00+00:00,-0.62
2024-10-04 07:12:00+00:00,-0.629
2024-10-04 07:18:00+00:00,-0.635
2024-10-04 07:24:00+00:00,-0.64
2024-10-04 07:30:00+00:00,-0.644
2024-10-04 07:36:00+00:00,-0.645
2024-10-04 07:42:00+00:00,-0.645
2024-10-04 07:48:00+00:00,-0.643
2024-10-04 07:54:00+00:00,-0.639
2024-10-04 08:00:00+00:00,-0.634
2024-10-04 08:06:00+00:00,-0.627
2024-10-04 08:12:00+00:00,-0.618
2024-10-04 08:18:00+00:00,-0.607
2024-10-04 08:24:00+00:00,-0.595
2024-10-04 08:30:00+00:00,-0.581
2024-10-04 08:36:00+00:00,-0.565
2024-10-04 08:42:00+00:00,-0.548
2024-10-04 08:48:00+00:00,-0.529
2024-10-04 08:54:00+00:00,-0.509
2024-10-04 09:00:00+00:00,-0.487
2024-10-04 09:06:00+00:00,-0.464
2024-10-04 09:12:00+00:00,-0.44
2024-10-04 09:18:00+00:00,-0.414
2024-10-04 09:24:00+00:00,-0.387
2024-10-04 09:30:00+00:00,-0.359
2024-10-04 09:36:00+00:00,-0.331
2024-10-04 09:42:00+00:00,-0.301
2024-10-04 09:48:00+00:00,-0.271
2024-10-04 09:54:00+00:00,-0.241
2024-10-04 10:00:00+00:00,-0.209
2024-10-04 10:06:00+00:00,-0.178
2024-10-04 10:12:00+00:00,-0.146
2024-10-04 10:18:00+00:00,-0.114
2024-10-04 10:24:00+00:00,-0.082
2024-10-04 10:30:00+00:00,-0.05
2024-10-04 10:36:00+00:00,-0.018
2024-10-04 10:42:00+00:00,0.014
2024-10-04 10:48:00+00:00,0.045
2024-10-04 10:54:00+00:00,0.077
2024-10-04 11:00:00+00:00,0.108
2024-10-04 11:06:00+00:00,0.139
2024-10-04 11:12:00+00:00,0.169
2024-10-04 11:18:00+00:00,0.199
2024-10-04 11:24:00+00:00,0.228
2024-10-04 11:30:00+00:00,0.257
2024-10-04 11:36:00+00:00,0.285
2024-10-04 11:42:00+00:00,0.313
2024-10-04 11:48:00+00:00,0.34
2024-10-04 11:54:00+00:00,0.367
2024-10-04 12:00:00+00:00,0.393
2024-10-04 12:06:00+00:00,0.418
2024-10-04 12:12:00+00:00,0.442
2024-10-04 12:18:00+00:00,0.466
2024-10-04 12:24:00+00:00,0.489
2024-10-04 12:30:00+00:00,0.511
2024-10-04 12:36:00+00:00,0.532
2024-10-04 12:42:00+00:00,0.552
2024-10-04 12:48:00+00:00,0.571
2024-10-04 12:54:00+00:00,0.59
2024-10-04 13:00:00+00:00,0.607
2024-10-04 13:06:00+00:00,0.623
2024-10-04 13:12:00+00:00,0.639
2024-10-04 13:18:00+00:00,0.653
2024-10-04 13:24:00+00:00,0.666
2024-10-04 13:30:00+00:00,0.678
2024-10-04 13:36:00+00:00,0.688
2024-10-04 13:42:00+00:00,0.697
2024-10-04 13:48:00+00:00,0.706
2024-10-04 13:54:00+00:00,0.712
2024-10-04 14:00:00+00:00,0.718
2024-10-04 14:06:00+00:00,0.722
2024-10-04 14:12:00+00:00,0.724
2024-10-04 14:18:00+00:00,0.726
2024-10-04 14:24:00+00:00,0.725
2024-10-04 14:30:00+00:00,0.723
2024-10-04 14:36:00+00:00,0.72
2024-10-04 14:42:00+00:00,0.715
2024-10-04 14:48:00+00:00,0.709
2024-10-04 14:54:00+00:00,0.7
2024-10-04 15:00:00+00:00,0.691
2024-10-04 15:06:00+00:00,0.679
2024-10-04 15:12:00+00:00,0.666
2024-10-04 15:18:00+00:00,0.651
2024-10-04 15:24:00+00:00,0.634
2024-10-04 15:30:00+00:00,0.616
2024-10-04 15:36:00+00:00,0.595
2024-10-04 15:42:00+00:00,0.573
2024-10-04 15:48:00+00:00,0.55
2024-10-04 15:54:00+00:00,0.525
2024-10-04 16:00:00+00:00,0.498
2024-10-04 16:06:00+00:00,0.469
2024-10-04 16:12:00+00:00,0.439
2024-10-04 16:18:00+00:00,0.408
2024-10-04 16:24:00+00:00,0.376
2024-10-04 16:30:00+00:00,0.342
2024-10-04 16:36:00+00:00,0.308
2024-10-04 16:42:00+00:00,0.272
2024-10-04 16:48:00+00:00,0.236
2024-10-04 16:54:00+00:00,0.199
2024-10-04 17:00:00+00:00,0.162
2024-10-04 17:06:00+00:00,0.124
2024-10-04 17:12:00+00:00,0.086
2024-10-04 17:18:00+00:00,0.049
2024-10-04 17:24:00+00:00,0.011
2024-10-04 17:30:00+00:00,-0.026
2024-10-04 17:36:00+00:00,-0.063
2024-10-04 17:42:00+00:00,-0.099
2024-10-04 17:48:00+00:00,-0.134
2024-10-04 17:54:00+00:00,-0.168
2024-10-04 18:00:00+00:00,-0.202
2024-10-04 18:06:00+00:00,-0.234
2024-10-04 18:12:00+00:00,-0.265
2024-10-04 18:18:00+00:00,-0.295
2024-10-04 18:24:00+00:00,-0.324
2024-10-04 18:30:00+00:00,-0.352
2024-10-04 18:36:00+00:00,-0.378
2024-10-04 18:42:00+00:00,-0.402
2024-10-04 18:48:00+00:00,-0.425
2024-10-04 18:54:00+00:00,-0.447
2024-10-04 19:00:00+00:00,-0.467
2024-10-04 19:06:00+00:00,-0.486
2024-10-04 19:12:00+00:00,-0.503
2024-10-04 19:18:00+00:00,-0.518
2024-10-04 19:24:00+00:00,-0.532
2024-10-04 19:30:00+00:00,-0.545
2024-10-04 19:36:00+00:00,-0.556
2024-10-04 19:42:00+00:00,-0.565
2024-10-04 19:48:00+00:00,-0.573
2024-10-04 19:54:00+00:00,-0.579
2024-10-04 20:00:00+00:00,-0.583
2024-10-04 20:06:00+00:00,-0.586
2024-10-04 20:12:00+00:00,-0.588
2024-10-04 20:18:00+00:00,-0.587
2024-10-04 20:24:00+00:00,-0.585
2024-10-04 20:30:00+00:00,-0.581
2024-10-04 20:36:00+00:00,-0.576
2024-10-04 20:42:00+00:00,-0.569
2024-10-04 20:48:00+00:00,-0.56
2024-10-04 20:54:00+00:00,-0.549
2024-10-04 21:00:00+00:00,-0.537
2024-10-04 21:06:00+00:00,-0.524
2024-10-04 21:12:00+00:00,-0.508
2024-10-04 21:18:00+00:00,-0.492
2024-10-04 21:24:00+00:00,-0.473
2024-10-04 21:30:00+00:00,-0.454
2024-10-04 21:36:00+00:00,-0.433
2024-10-04 21:42:00+00:00,-0.411
2024-10-04 21:48:00+00:00,-0.388
2024-10-04 21:54:00+00:00,-0.363
2024-10-04 22:00:00+00:00,-0.338
2024-10-04 22:06:00+00:00,-0.312
2024-10-04 22:12:00+00:00,-0.285
2024-10-04 22:18:00+00:00,-0.258
2024-10-04 22:24:00+00:00,-0.23
2024-10-04 22:30:00+00:00,-0.202
2024-10-04 22:36:00+00:00,-0.173
2024-10-04 22:42:00+00:00,-0.144
2024-10-04 22:48:00+00:00,-0.115
2024-10-04 22:54:00+00:00,-0.085
2024-10-04 23:00:00+00:00,-0.056
2024-10-04 23:06:00+00:00,-0.027
2024-10-04 23:12:00+00:00,0.002
2024-10-04 23:18:00+00:00,0.031
2024-10-04 23:24:00+00:00,0.059
2024-10-04 23:30:00+00:00,0.088
2024-10-04 23:36:00+00:00,0.115
2024-10-04 23:42:00+00:00,0.143
2024-10-04 23:48:00+00:00,0.17
2024-10-04 23:54:00+00:00,0.196
2024-10-05 00:00:00+00:00,0.223
2024-10-05 00:06:00+00:00,0.248
2024-10-05 00:12:00+00:00,0.273
2024-10-05 00:18:00+00:00,0.297
2024-10-05 00:24:00+00:00,0.321
2024-10-05 00:30:00+00:00,0.344
2024-10-05 00:36:00+00:00,0.366
2024-10-05 00:42:00+00:00,0.387
2024-10-05 00:48:00+00:00,0.408
2024-10-05 00:54:00+00:00,0.427
2024-10-05 01:00:00+00:00,0.446
2024-10-05 01:06:00+00:00,0.464
2024-10-05 01:12:00+00:00,0.481
2024-10-05 01:18:00+00:00,0.497
2024-10-05 01:24:00+00:00,0.511
2024-10-05 01:30:00+00:00,0.525
2024-10-05 01:36:00+00:00,0.537
2024-10-05 01:42:00+00:00,0.548
2024-10-05 01:48:00+00:00,0.558
2024-10-05 01:54:00+00:00,0.567
2024-10-05 02:00:00+00:00,0.575
2024-10-05 02:06:00+00:00,0.581
2024-10-05 02:12:00+00:00,0.585
2024-10-05 02:18:00+00:00,0.589
2024-10-05 02:24:00+00:00,0.591
2024-10-05 02:30:00+00:00,0.591
2024-10-05 02:36:00+00:00,0.59
2024-10-05 02:42:00+00:00,0.588
2024-10-05 02:48:00+00:00,0.584
2024-10-05 02:54:00+00:00,0.578
2024-10-05 03:00:00+00:00,0.571
2024-10-05 03:06:00+00:00,0.563
2024-10-05 03:12:00+00:00,0.552
2024-10-05 03:18:00+00:00,0.54
2024-10-05 03:24:00+00:00,0.527
2024-10-05 03:30:00+00:00,0.512
2024-10-05 03:36:00+00:00,0.495
2024-10-05 03:42:00+00:00,0.477
2024-10-05 03:48:00+00:00,0.456
2024-10-05 03:54:00+00:00,0.435
2024-10-05 04:00:00+00:00,0.411
2024-10-05 04:06:00+00:00,0.386
2024-10-05 04:12:00+00:00,0.36
2024-10-05 04:18:00+00:00,0.332
2024-10-05 04:24:00+00:00,0.303
2024-10-05 04:30:00+00:00,0.272
2024-10-05 04:36:00+00:00,0.241
2024-10-05 04:42:00+00:00,0.208
2024-10-05 04:48:00+00:00,0.174
2024-10-05 04:54:00+00:00,0.139
2024-10-05 05:00:00+00:00,0.104
2024-10-05 05:06:00+00:00,0.068
2024-10-05 05:12:00+00:00,0.031
2024-10-05 05:18:00+00:00,-0.005
2024-10-05 05:24:00+00:00,-0.042
2024-10-05 05:30:00+00:00,-0.079
2024-10-05 05:36:00+00:00,-0.115
2024-10-05 05:42:00+00:00,-0.152
2024-10-05 05:48:00+00:00,-0.187
2024-10-05 05:54:00+00:00,-0.222
2024-10-05 06:00:00+00:00,-0.256
2024-10-05 06:06:00+00:00,-0.289
2024-10-05 06:12:00+00:00,-0.321
2024-10-05 06:18:00+00:00,-0.351
2024-10-05 06:24:00+00:00,-0.381
2024-10-05 06:30:00+00:00,-0.408
2024-10-05 06:36:00+00:00,-0.435
2024-10-05 06:42:00+00:00,-0.459
2024-10-05 06:48:00+00:00,-0.483
2024-10-05 06:54:00+00:00,-0.504
2024-10-05 07:00:00+00:00,-0.524
2024-10-05 07:06:00+00:00,-0.542
2024-10-05 07:12:00+00:00,-0.558
2024-10-05 07:18:00+00:00,-0.573
2024-10-05 07:24:00+00:00,-0.585
2024-10-05 07:30:00+00:00,-0.596
2024-10-05 07:36:00+00:00,-0.606
2024-10-05 07:42:00+00:00,-0.613
2024-10-05 07:48:00+00:00,-0.619
2024-10-05 07:54:00+00:00,-0.624
2024-10-05 08:00:00+00:00,-0.626
2024-10-05 08:06:00+00:00,-0.627
2024-10-05 08:12:00+00:00,-0.627
2024-10-05 08:18:00+00:00,-0.624
2024-10-05 08:24:00+00:00,-0.62
2024-10-05 08:30:00+00:00,-0.615
2024-10-05 08:36:00+00:00,-0.608
2024-10-05 08:42:00+00:00,-0.599
2024-10-05 08:48:00+00:00,-0.589
2024-10-05 08:54:00+00:00,-0.577
2024-10-05 09:00:00+00:00,-0.564
2024-10-05 09:06:00+00:00,-0.549
2024-10-05 09:12:00+00:00,-0.533
2024-10-05 09:18:00+00:00,-0.515
2024-10-05 09:24:00+00:00,-0.496
2024-10-05 09:30:00+00:00,-0.475
2024-10-05 09:36:00+00:00,-0.453
2024-10-05 09:42:00+00:00,-0.43
2024-10-05 09:48:00+00:00,-0.406
2024-10-05 09:54:00+00:00,-0.381
2024-10-05 10:00:00+00:00,-0.354
2024-10-05 10:06:00+00:00,-0.327
2024-10-05 10:12:00+00:00,-0.299
2024-10-05 10:18:00+00:00,-0.27
2024-10-05 10:24:00+00:00,-0.24
2024-10-05 10:30:00+00:00,-0.21
2024-10-05 10:36:00+00:00,-0.179
2024-10-05 10:42:00+00:00,-0.149
2024-10-05 10:48:00+00:00,-0.117
2024-10-05 10:54:00+00:00,-0.086
2024-10-05 11:00:00+00:00,-0.055
2024-10-05 11:06:00+00:00,-0.023
2024-10-05 11:12:00+00:00,0.008
2024-10-05 11:18:00+00:00,0.039
2024-10-05 11:24:00+00:00,0.07
2024-10-05 11:30:00+00:00,0.1
2024-10-05 11:36:00+00:00,0.131
2024-10-05 11:42:00+00:00,0.16
2024-10-05 11:48:00+00:00,0.19
2024-10-05 11:54:00+00:00,0.219
2024-10-05 12:00:00+00:00,0.247
2024-10-05 12:06:00+00:00,0.275
2024-10-05 12:12:00+00:00,0.302
2024-10-05 12:18:00+00:00,0.328
2024-10-05 12:24:00+00:00,0.354
2024-10-05 12:30:00+00:00,0.379
2024-10-05 12:36:00+00:00,0.404
2024-10-05 12:42:00+00:00,0.428
2024-10-05 12:48:00+00:00,0.451
2024-10-05 12:54:00+00:00,0.473
2024-10-05 13:00:00+00:00,0.495
2024-10-05 13:06:00+00:00,0.515
2024-10-05 13:12:00+00:00,0.535
2024-10-05 13:18:00+00:00,0.554
2024-10-05 13:24:00+00:00,0.573
2024-10-05 13:30:00+00:00,0.59
2024-10-05 13:36:00+00:00,0.606
2024-10-05 13:42:00+00:00,0.621
2024-10-05 13:48:00+00:00,0.635
2024-10-05 13:54:00+00:00,0.649
2024-10-05 14:00:00+00:00,0.661
2024-10-05 14:06:00+00:00,0.672
2024-10-05 14:12:00+00:00,0.681
2024-10-05 14:18:00+00:00,0.69
2024-10-05 14:24:00+00:00,0.697
2024-10-05 14:30:00+00:00,0.703
2024-10-05 14:36:00+00:00,0.708
2024-10-05 14:42:00+00:00,0.712
2024-10-05 14:48:00+00:00,0.714
2024-10-05 14:54:00+00:00,0.715
2024-10-05 15:00:00+00:00,0.714
2024-10-05 15:06:00+00:00,0.712
2024-10-05 15:12:00+00:00,0.709
2024-10-05 15:18:00+00:00,0.704
2024-10-05 15:24:00+00:00,0.697
2024-10-05 15:30:00+00:00,0.69
2024-10-05 15:36:00+00:00,0.68
2024-10-05 15:42:00+00:00,0.669
2024-10-05 15:48:00+00:00,0.657
2024-10-05 15:54:00+00:00,0.642
2024-10-05 16:00:00+00:00,0.627
2024-10-05 16:06:00+00:00,0.609
2024-10-05 16:12:00+00:00,0.59
2024-10-05 16:18:00+00:00,0.57
2024-10-05 16:24:00+00:00,0.548
2024-10-05 16:30:00+00:00,0.524
2024-10-05 16:36:00+00:00,0.499
2024-10-05 16:42:00+00:00,0.472
2024-10-05 16:48:00+00:00,0.444
2024-10-05 16:54:00+00:00,0.414
2024-10-05 17:00:00+00:00,0.383
2024-10-05 17:06:00+00:00,0.352
2024-10-05 17:12:00+00:00,0.319
2024-10-05 17:18:00+00:00,0.285
2024-10-05 17:24:00+00:00,0.25
2024-10-05 17:30:00+00:00,0.215
2024-10-05 17:36:00+00:00,0.179
2024-10-05 17:42:00+00:00,0.142
2024-10-05 17:48:00+00:00,0.106
2024-10-05 17:54:00+00:00,0.069
2024-10-05 18:00:00+00:00,0.033
2024-10-05 18:06:00+00:00,-0.003
2024-10-05 18:12:00+00:00,-0.039
2024-10-05 18:18:00+00:00,-0.075
2024-10-05 18:24:00+00:00,-0.109
2024-10-05 18:30:00+00:00,-0.143
2024-10-05 18:36:00+00:00,-0.176
2024-10-05 18:42:00+00:00,-0.208
2024-10-05 18:48:00+00:00,-0.238
2024-10-05 18:54:00+00:00,-0.268
2024-10-05 19:00:00+00:00,-0.296
2024-10-05 19:06:00+00:00,-0.322
2024-10-05 19:12:00+00:00,-0.348
2024-10-05 19:18:00+00:00,-0.371
2024-10-05 19:24:00+00:00,-0.394
2024-10-05 19:30:00+00:00,-0.414
2024-10-05 19:36:00+00:00,-0.433
2024-10-05 19:42:00+00:00,-0.451
2024-10-05 19:48:00+00:00,-0.467
2024-10-05 19:54:00+00:00,-0.482
2024-10-05 20:00:00+00:00,-0.495
2024-10-05 20:06:00+00:00,-0.506
2024-10-05 20:12:00+00:00,-0.516
2024-10-05 20:18:00+00:00,-0.525
2024-10-05 20:24:00+00:00,-0.531
2024-10-05 20:30:00+00:00,-0.537
2024-10-05 20:36:00+00:00,-0.541
2024-10-05 20:42:00+00:00,-0.543
2024-10-05 20:48:00+00:00,-0.544
2024-10-05 20:54:00+00:00,-0.544
2024-10-05 21:00:00+00:00,-0.542
2024-10-05 21:06:00+00:00,-0.539
2024-10-05 21:12:00+00:00,-0.534
2024-10-05 21:18:00+00:00,-0.528
2024-10-05 21:24:00+00:00,-0.52
2024-10-05 21:30:00+00:00,-0.511
2024-10-05 21:36:00+00:00,-0.5
2024-10-05 21:42:00+00:00,-0.488
2024-10-05 21:48:00+00:00,-0.474
2024-10-05 21:54:00+00:00,-0.46
2024-10-05 22:00:00+00:00,-0.443
2024-10-05 22:06:00+00:00,-0.426
2024-10-05 22:12:00+00:00,-0.407
2024-10-05 22:18:00+00:00,-0.388
2024-10-05 22:24:00+00:00,-0.367
2024-10-05 22:30:00+00:00,-0.345
2024-10-05 22:36:00+00:00,-0.322
2024-10-05 22:42:00+00:00,-0.298
2024-10-05 22:48:00+00:00,-0.274
2024-10-05 22:54:00+00:00,-0.249
2024-10-05 23:00:00+00:00,-0.223
2024-10-05 23:06:00+00:00,-0.197
2024-10-05 23:12:00+00:00,-0.171
2024-10-05 23:18:00+00:00,-0.144
2024-10-05 23:24:00+00:00,-0.117
2024-10-05 23:30:00+00:00,-0.09
2024-10-05 23:36:00+00:00,-0.063
2024-10-05 23:42:00+00:00,-0.036
2024-10-05 23:48:00+00:00,-0.009
2024-10-05 23:54:00+00:00,0.018
2024-10-06 00:00:00+00:00,0.045
2024-10-06 00:06:00+00:00,0.071
2024-10-06 00:12:00+00:00,0.097
2024-10-06 00:18:00+00:00,0.123
2024-10-06 00:24:00+00:00,0.148
2024-10-06 00:30:00+00:00,0.173
2024-10-06 00:36:00+00:00,0.197
2024-10-06 00:42:00+00:00,0.221
2024-10-06 00:48:00+00:00,0.244
2024-10-06 00:54:00+00:00,0.266
2024-10-06 01:00:00+00:00,0.288
2024-10-06 01:06:00+00:00,0.31
2024-10-06 01:12:00+00:00,0.33
2024-10-06 01:18:00+00:00,0.35
2024-10-06 01:24:00+00:00,0.369
2024-10-06 01:30:00+00:00,0.387
2024-10-06 01:36:00+00:00,0.405
2024-10-06 01:42:00+00:00,0.421
2024-10-06 01:48:00+00:00,0.437
2024-10-06 01:54:00+00:00,0.452
2024-10-06 02:00:00+00:00,0.466
2024-10-06 02:06:00+00:00,0.478
2024-10-06 02:12:00+00:00,0.49
2024-10-06 02:18:00+00:00,0.5
2024-10-06 02:24:00+00:00,0.51
2024-10-06 02:30:00+00:00,0.518
2024-10-06 02:36:00+00:00,0.525
2024-10-06 02:42:00+00:00,0.53
2024-10-06 02:48:00+00:00,0.535
2024-10-06 02:54:00+00:00,0.538
2024-10-06 03:00:00+00:00,0.54
2024-10-06 03:06:00+00:00,0.54
2024-10-06 03:12:00+00:00,0.539
2024-10-06 03:18:00+00:00,0.537
2024-10-06 03:24:00+00:00,0.533
2024-10-06 03:30:00+00:00,0.527
2024-10-06 03:36:00+00:00,0.521
2024-10-06 03:42:00+00:00,0.512
2024-10-06 03:48:00+00:00,0.503
2024-10-06 03:54:00+00:00,0.492
2024-10-06 04:00:00+00:00,0.479
2024-10-06 04:06:00+00:00,0.465
2024-10-06 04:12:00+00:00,0.449
2024-10-06 04:18:00+00:00,0.432
2024-10-06 04:24:00+00:00,0.413
2024-10-06 04:30:00+00:00,0.393
2024-10-06 04:36:00+00:00,0.371
2024-10-06 04:42:00+00:00,0.348
2024-10-06 04:48:00+00:00,0.323
2024-10-06 04:54:00+00:00,0.297
2024-10-06 05:00:00+00:00,0.27
2024-10-06 05:06:00+00:00,0.242
2024-10-06 05:12:00+00:00,0.212
2024-10-06 05:18:00+00:00,0.181
2024-10-06 05:24:00+00:00,0.149
2024-10-06 05:30:00+00:00,0.117
2024-10-06 05:36:00+00:00,0.083
2024-10-06 05:42:00+00:00,0.049
2024-10-06 05:48:00+00:00,0.015
2024-10-06 05:54:00+00:00,-0.02
2024-10-06 06:00:00+00:00,-0.055
2024-10-06 06:06:00+00:00,-0.09
2024-10-06 06:12:00+00:00,-0.125
2024-10-06 06:18:00+00:00,-0.159
2024-10-06 06:24:00+00:00,-0.193
2024-10-06 06:30:00+00:00,-0.227
2024-10-06 06:36:00+00:00,-0.26
2024-10-06 06:42:00+00:00,-0.291
2024-10-06 06:48:00+00:00,-0.322
2024-10-06 06:54:00+00:00,-0.351
2024-10-06 07:00:00+00:00,-0.38
2024-10-06 07:06:00+00:00,-0.406
2024-10-06 07:12:00+00:00,-0.432
2024-10-06 07:18:00+00:00,-0.455
2024-10-06 07:24:00+00:00,-0.477
2024-10-06 07:30:00+00:00,-0.497
2024-10-06 07:36:00+00:00,-0.516
2024-10-06 07:42:00+00:00,-0.532
2024-10-06 07:48:00+00:00,-0.547
2024-10-06 07:54:00+00:00,-0.56
2024-10-06 08:00:00+00:00,-0.571
2024-10-06 08:06:00+00:00,-0.581
2024-10-06 08:12:00+00:00,-0.589
2024-10-06 08:18:00+00:00,-0.595
2024-10-06 08:24:00+00:00,-0.599
2024-10-06 08:30:00+00:00,-0.601
2024-10-06 08:36:00+00:00,-0.602
2024-10-06 08:42:00+00:00,-0.602
2024-10-06 08:48:00+00:00,-0.599
2024-10-06 08:54:00+00:00,-0.596
2024-10-06 09:00:00+00:00,-0.59
2024-10-06 09:06:00+00:00,-0.584
2024-10-06 09:12:00+00:00,-0.576
2024-10-06 09:18:00+00:00,-0.566
2024-10-06 09:24:00+00:00,-0.555
2024-10-06 09:30:00+00:00,-0.543
2024-10-06 09:36:00+00:00,-0.529
2024-10-06 09:42:00+00:00,-0.514
2024-10-06 09:48:00+00:00,-0.498
2024-10-06 09:54:00+00:00,-0.48
2024-10-06 10:00:00+00:00,-0.461
2024-10-06 10:06:00+00:00,-0.442
2024-10-06 10:12:00+00:00,-0.42
2024-10-06 10:18:00+00:00,-0.398
2024-10-06 10:24:00+00:00,-0.375
2024-10-06 10:30:00+00:00,-0.351
2024-10-06 10:36:00+00:00,-0.325
2024-10-06 10:42:00+00:00,-0.299
2024-10-06 10:48:00+00:00,-0.272
2024-10-06 10:54:00+00:00,-0.245
2024-10-06 11:00:00+00:00,-0.216
2024-10-06 11:06:00+00:00,-0.188
2024-10-06 11:12:00+00:00,-0.158
2024-10-06 11:18:00+00:00,-0.129
2024-10-06 11:24:00+00:00,-0.099
2024-10-06 11:30:00+00:00,-0.069
2024-10-06 11:36:00+00:00,-0.039
2024-10-06 11:42:00+00:00,-0.008
2024-10-06 11:48:00+00:00,0.022
2024-10-06 11:54:00+00:00,0.052
2024-10-06 12:00:00+00:00,0.081
2024-10-06 12:06:00+00:00,0.111
2024-10-06 12:12:00+00:00,0.14
2024-10-06 12:18:00+00:00,0.168
2024-10-06 12:24:00+00:00,0.197
2024-10-06 12:30:00+00:00,0.224
2024-10-06 12:36:00+00:00,0.251
2024-10-06 12:42:00+00:00,0.278
2024-10-06 12:48:00+00:00,0.304
2024-10-06 12:54:00+00:00,0.329
2024-10-06 13:00:00+00:00,0.354
2024-10-06 13:06:00+00:00,0.378
2024-10-06 13:12:00+00:00,0.401
2024-10-06 13:18:00+00:00,0.424
2024-10-06 13:24:00+00:00,0.446
2024-10-06 13:30:00+00:00,0.467
2024-10-06 13:36:00+00:00,0.487
2024-10-06 13:42:00+00:00,0.507
2024-10-06 13:48:00+00:00,0.526
2024-10-06 13:54:00+00:00,0.544
2024-10-06 14:00:00+00:00,0.561
2024-10-06 14:06:00+00:00,0.577
2024-10-06 14:12:00+00:00,0.592
2024-10-06 14:18:00+00:00,0.607
2024-10-06 14:24:00+00:00,0.62
2024-10-06 14:30:00+00:00,0.632
2024-10-06 14:36:00+00:00,0.644
2024-10-06 14:42:00+00:00,0.654
2024-10-06 14:48:00+00:00,0.663
2024-10-06 14:54:00+00:00,0.671
2024-10-06 15:00:00+00:00,0.678
2024-10-06 15:06:00+00:00,0.684
2024-10-06 15:12:00+00:00,0.688
2024-10-06 15:18:00+00:00,0.692
2024-10-06 15:24:00+00:00,0.694
2024-10-06 15:30:00+00:00,0.694
2024-10-06 15:36:00+00:00,0.694
2024-10-06 15:42:00+00:00,0.692
2024-10-06 15:48:00+00:00,0.689
2024-10-06 15:54:00+00:00,0.684
2024-10-06 16:00:00+00:00,0.678
2024-10-06 16:06:00+00:00,0.671
2024-10-06 16:12:00+00:00,0.662
2024-10-06 16:18:00+00:00,0.652
2024-10-06 16:24:00+00:00,0.641
2024-10-06 16:30:00+00:00,0.628
2024-10-06 16:36:00+00:00,0.613
2024-10-06 16:42:00+00:00,0.597
2024-10-06 16:48:00+00:00,0.58
2024-10-06 16:54:00+00:00,0.561
2024-10-06 17:00:00+00:00,0.541
2024-10-06 17:06:00+00:00,0.519
2024-10-06 17:12:00+00:00,0.496
2024-10-06 17:18:00+00:00,0.472
2024-10-06 17:24:00+00:00,0.446
2024-10-06 17:30:00+00:00,0.419
2024-10-06 17:36:00+00:00,0.391
2024-10-06 17:42:00+00:00,0.361
2024-10-06 17:48:00+00:00,0.331
2024-10-06 17:54:00+00:00,0.3
2024-10-06 18:00:00+00:00,0.267
2024-10-06 18:06:00+00:00,0.234
2024-10-06 18:12:00+00:00,0.201
2024-10-06 18:18:00+00:00,0.167
2024-10-06 18:24:00+00:00,0.132
2024-10-06 18:30:00+00:00,0.098
2024-10-06 18:36:00+00:00,0.063
2024-10-06 18:42:00+00:00,0.028
2024-10-06 18:48:00+00:00,-0.006
2024-10-06 18:54:00+00:00,-0.04
2024-10-06 19:00:00+00:00,-0.073
2024-10-06 19:06:00+00:00,-0.106
2024-10-06 19:12:00+00:00,-0.138
2024-10-06 19:18:00+00:00,-0.168
2024-10-06 19:24:00+00:00,-0.198
2024-10-06 19:30:00+00:00,-0.227
2024-10-06 19:36:00+00:00,-0.254
2024-10-06 19:42:00+00:00,-0.28
2024-10-06 19:48:00+00:00,-0.305
2024-10-06 19:54:00+00:00,-0.328
2024-10-06 20:00:00+00:00,-0.35
2024-10-06 20:06:00+00:00,-0.37
2024-10-06 20:12:00+00:00,-0.388
2024-10-06 20:18:00+00:00,-0.405
2024-10-06 20:24:00+00:00,-0.421
2024-10-06 20:30:00+00:00,-0.435
2024-10-06 20:36:00+00:00,-0.448
2024-10-06 20:42:00+00:00,-0.459
2024-10-06 20:48:00+00:00,-0.468
2024-10-06 20:54:00+00:00,-0.476
2024-10-06 21:00:00+00:00,-0.483
2024-10-06 21:06:00+00:00,-0.488
2024-10-06 21:12:00+00:00,-0.492
2024-10-06 21:18:00+00:00,-0.495
2024-10-06 21:24:00+00:00,-0.496
2024-10-06 21:30:00+00:00,-0.496
2024-10-06 21:36:00+00:00,-0.495
2024-10-06 21:42:00+00:00,-0.493
2024-10-06 21:48:00+00:00,-0.489
2024-10-06 21:54:00+00:00,-0.484
2024-10-06 22:00:00+00:00,-0.477
2024-10-06 22:06:00+00:00,-0.47
2024-10-06 22:12:00+00:00,-0.461
2024-10-06 22:18:00+00:00,-0.451
2024-10-06 22:24:00+00:00,-0.44
2024-10-06 22:30:00+00:00,-0.428
2024-10-06 22:36:00+00:00,-0.414
2024-10-06 22:42:00+00:00,-0.399
2024-10-06 22:48:00+00:00,-0.383
2024-10-06 22:54:00+00:00,-0.366
2024-10-06 23:00:00+00:00,-0.348
2024-10-06 23:06:00+00:00,-0.329
2024-10-06 23:12:00+00:00,-0.31
2024-10-06 23:18:00+00:00,-0.289
2024-10-06 23:24:00+00:00,-0.267
2024-10-06 23:30:00+00:00,-0.245
2024-10-06 23:36:00+00:00,-0.222
2024-10-06 23:42:00+00:00,-0.199
2024-10-06 23:48:00+00:00,-0.175
2024-10-06 23:54:00+00:00,-0.151
2024-10-07 00:00:00+00:00,-0.126
2024-10-07 00:06:00+00:00,-0.102
2024-10-07 00:12:00+00:00,-0.077
2024-10-07 00:18:00+00:00,-0.052
2024-10-07 00:24:00+00:00,-0.027
2024-10-07 00:30:00+00:00,-0.002
2024-10-07 00:36:00+00:00,0.022
2024-10-07 00:42:00+00:00,0.047
2024-10-07 00:48:00+00:00,0.071
2024-10-07 00:54:00+00:00,0.095
2024-10-07 01:00:00+00:00,0.118
2024-10-07 01:06:00+00:00,0.141
2024-10-07 01:12:00+00:00,0.164
2024-10-07 01:18:00+00:00,0.186
2024-10-07 01:24:00+00:00,0.208
2024-10-07 01:30:00+00:00,0.229
2024-10-07 01:36:00+00:00,0.25
2024-10-07 01:42:00+00:00,0.27
2024-10-07 01:48:00+00:00,0.289
2024-10-07 01:54:00+00:00,0.308
2024-10-07 02:00:00+00:00,0.326
2024-10-07 02:06:00+00:00,0.343
2024-10-07 02:12:00+00:00,0.359
2024-10-07 02:18:00+00:00,0.375
2024-10-07 02:24:00+00:00,0.39
2024-10-07 02:30:00+00:00,0.404
2024-10-07 02:36:00+00:00,0.417
2024-10-07 02:42:00+00:00,0.429
2024-10-07 02:48:00+00:00,0.44
2024-10-07 02:54:00+00:00,0.45
2024-10-07 03:00:00+00:00,0.459
2024-10-07 03:06:00+00:00,0.467
2024-10-07 03:12:00+00:00,0.474
2024-10-07 03:18:00+00:00,0.48
2024-10-07 03:24:00+00:00,0.484
2024-10-07 03:30:00+00:00,0.487
2024-10-07 03:36:00+00:00,0.489
2024-10-07 03:42:00+00:00,0.49
2024-10-07 03:48:00+00:00,0.489
2024-10-07 03:54:00+00:00,0.487
2024-10-07 04:00:00+00:00,0.484
2024-10-07 04:06:00+00:00,0.479
2024-10-07 04:12:00+00:00,0.473
2024-10-07 04:18:00+00:00,0.466
2024-10-07 04:24:00+00:00,0.457
2024-10-07 04:30:00+00:00,0.447
2024-10-07 04:36:00+00:00,0.436
2024-10-07 04:42:00+00:00,0.423
2024-10-07 04:48:00+00:00,0.409
2024-10-07 04:54:00+00:00,0.393
2024-10-07 05:00:00+00:00,0.376
2024-10-07 05:06:00+00:00,0.358
2024-10-07 05:12:00+00:00,0.338
2024-10-07 05:18:00+00:00,0.318
2024-10-07 05:24:00+00:00,0.295
2024-10-07 05:30:00+00:00,0.272
2024-10-07 05:36:00+00:00,0.247
2024-10-07 05:42:00+00:00,0.222
2024-10-07 05:48:00+00:00,0.195
2024-10-07 05:54:00+00:00,0.167
2024-10-07 06:00:00+00:00,0.138
2024-10-07 06:06:00+00:00,0.108
2024-10-07 06:12:00+00:00,0.078
2024-10-07 06:18:00+00:00,0.046
2024-10-07 06:24:00+00:00,0.015
2024-10-07 06:30:00+00:00,-0.018
2024-10-07 06:36:00+00:00,-0.05
2024-10-07 06:42:00+00:00,-0.083
2024-10-07 06:48:00+00:00,-0.115
2024-10-07 06:54:00+00:00,-0.148
2024-10-07 07:00:00+00:00,-0.18
2024-10-07 07:06:00+00:00,-0.212
2024-10-07 07:12:00+00:00,-0.243
2024-10-07 07:18:00+00:00,-0.273
2024-10-07 07:24:00+00:00,-0.302
2024-10-07 07:30:00+00:00,-0.331
2024-10-07 07:36:00+00:00,-0.358
2024-10-07 07:42:00+00:00,-0.384
2024-10-07 07:48:00+00:00,-0.408
2024-10-07 07:54:00+00:00,-0.431
2024-10-07 08:00:00+00:00,-0.453
2024-10-07 08:06:00+00:00,-0.472
2024-10-07 08:12:00+00:00,-0.49
2024-10-07 08:18:00+00:00,-0.506
2024-10-07 08:24:00+00:00,-0.521
2024-10-07 08:30:00+00:00,-0.533
2024-10-07 08:36:00+00:00,-0.544
2024-10-07 08:42:00+00:00,-0.553
2024-10-07 08:48:00+00:00,-0.561
2024-10-07 08:54:00+00:00,-0.566
2024-10-07 09:00:00+00:00,-0.57
2024-10-07 09:06:00+00:00,-0.572
2024-10-07 09:12:00+00:00,-0.573
2024-10-07 09:18:00+00:00,-0.572
2024-10-07 09:24:00+00:00,-0.569
2024-10-07 09:30:00+00:00,-0.565
2024-10-07 09:36:00+00:00,-0.56
2024-10-07 09:42:00+00:00,-0.553
2024-10-07 09:48:00+00:00,-0.545
2024-10-07 09:54:00+00:00,-0.536
2024-10-07 10:00:00+00:00,-0.525
2024-10-07 10:06:00+00:00,-0.513
2024-10-07 10:12:00+00:00,-0.5
2024-10-07 10:18:00+00:00,-0.486
2024-10-07 10:24:00+00:00,-0.471
2024-10-07 10:30:00+00:00,-0.455
2024-10-07 10:36:00+00:00,-0.437
2024-10-07 10:42:00+00:00,-0.419
2024-10-07 10:48:00+00:00,-0.399
2024-10-07 10:54:00+00:00,-0.378
2024-10-07 11:00:00+00:00,-0.357
2024-10-07 11:06:00+00:00,-0.334
2024-10-07 11:12:00+00:00,-0.311
2024-10-07 11:18:00+00:00,-0.287
2024-10-07 11:24:00+00:00,-0.262
2024-10-07 11:30:00+00:00,-0.236
2024-10-07 11:36:00+00:00,-0.21
2024-10-07 11:42:00+00:00,-0.183
2024-10-07 11:48:00+00:00,-0.156
2024-10-07 11:54:00+00:00,-0.128
2024-10-07 12:00:00+00:00,-0.1
2024-10-07 12:06:00+00:00,-0.071
2024-10-07 12:12:00+00:00,-0.043
2024-10-07 12:18:00+00:00,-0.014
2024-10-07 12:24:00+00:00,0.015
2024-10-07 12:30:00+00:00,0.043
2024-10-07 12:36:00+00:00,0.072
2024-10-07 12:42:00+00:00,0.1
2024-10-07 12:48:00+00:00,0.128
2024-10-07 12:54:00+00:00,0.156
2024-10-07 13:00:00+00:00,0.183
2024-10-07 13:06:00+00:00,0.21
2024-10-07 13:12:00+00:00,0.236
2024-10-07 13:18:00+00:00,0.262
2024-10-07 13:24:00+00:00,0.287
2024-10-07 13:30:00+00:00,0.312
2024-10-07 13:36:00+00:00,0.336
2024-10-07 13:42:00+00:00,0.359
2024-10-07 13:48:00+00:00,0.382
2024-10-07 13:54:00+00:00,0.404
2024-10-07 14:00:00+00:00,0.425
2024-10-07 14:06:00+00:00,0.446
2024-10-07 14:12:00+00:00,0.466
2024-10-07 14:18:00+00:00,0.485
2024-10-07 14:24:00+00:00,0.503
2024-10-07 14:30:00+00:00,0.52
2024-10-07 14:36:00+00:00,0.537
2024-10-07 14:42:00+00:00,0.553
2024-10-07 14:48:00+00:00,0.568
2024-10-07 14:54:00+00:00,0.582
2024-10-07 15:00:00+00:00,0.595
2024-10-07 15:06:00+00:00,0.607
2024-10-07 15:12:00+00:00,0.618
2024-10-07 15:18:00+00:00,0.628
2024-10-07 15:24:00+00:00,0.637
2024-10-07 15:30:00+00:00,0.645
2024-10-07 15:36:00+00:00,0.652
2024-10-07 15:42:00+00:00,0.658
2024-10-07 15:48:00+00:00,0.663
2024-10-07 15:54:00+00:00,0.666
2024-10-07 16:00:00+00:00,0.669
2024-10-07 16:06:00+00:00,0.67
2024-10-07 16:12:00+00:00,0.67
2024-10-07 16:18:00+00:00,0.669
2024-10-07 16:24:00+00:00,0.666
2024-10-07 16:30:00+00:00,0.663
2024-10-07 16:36:00+00:00,0.658
2024-10-07 16:42:00+00:00,0.651
2024-10-07 16:48:00+00:00,0.644
2024-10-07 16:54:00+00:00,0.635
2024-10-07 17:00:00+00:00,0.625
2024-10-07 17:06:00+00:00,0.614
2024-10-07 17:12:00+00:00,0.601
2024-10-07 17:18:00+00:00,0.588
2024-10-07 17:24:00+00:00,0.572
2024-10-07 17:30:00+00:00,0.556
2024-10-07 17:36:00+00:00,0.538
2024-10-07 17:42:00+00:00,0.519
2024-10-07 17:48:00+00:00,0.499
2024-10-07 17:54:00+00:00,0.477
2024-10-07 18:00:00+00:00,0.455
2024-10-07 18:06:00+00:00,0.431
2024-10-07 18:12:00+00:00,0.406
2024-10-07 18:18:00+00:00,0.379
2024-10-07 18:24:00+00:00,0.352
2024-10-07 18:30:00+00:00,0.324
2024-10-07 18:36:00+00:00,0.295
2024-10-07 18:42:00+00:00,0.265
2024-10-07 18:48:00+00:00,0.234
2024-10-07 18:54:00+00:00,0.203
2024-10-07 19:00:00+00:00,0.172
2024-10-07 19:06:00+00:00,0.14
2024-10-07 19:12:00+00:00,0.108
2024-10-07 19:18:00+00:00,0.075
2024-10-07 19:24:00+00:00,0.043
2024-10-07 19:30:00+00:00,0.011
2024-10-07 19:36:00+00:00,-0.021
2024-10-07 19:42:00+00:00,-0.052
2024-10-07 19:48:00+00:00,-0.083
2024-10-07 19:54:00+00:00,-0.112
2024-10-07 20:00:00+00:00,-0.142
2024-10-07 20:06:00+00:00,-0.17
2024-10-07 20:12:00+00:00,-0.197
2024-10-07 20:18:00+00:00,-0.222
2024-10-07 20:24:00+00:00,-0.247
2024-10-07 20:30:00+00:00,-0.27
2024-10-07 20:36:00+00:00,-0.292
2024-10-07 20:42:00+00:00,-0.312
2024-10-07 20:48:00+00:00,-0.331
2024-10-07 20:54:00+00:00,-0.349
2024-10-07 21:00:00+00:00,-0.365
2024-10-07 21:06:00+00:00,-0.38
2024-10-07 21:12:00+00:00,-0.393
2024-10-07 21:18:00+00:00,-0.405
2024-10-07 21:24:00+00:00,-0.415
2024-10-07 21:30:00+00:00,-0.424
2024-10-07 21:36:00+00:00,-0.431
2024-10-07 21:42:00+00:00,-0.438
2024-10-07 21:48:00+00:00,-0.443
2024-10-07 21:54:00+00:00,-0.447
2024-10-07 22:00:00+00:00,-0.449
2024-10-07 22:06:00+00:00,-0.451
2024-10-07 22:12:00+00:00,-0.451
2024-10-07 22:18:00+00:00,-0.45
2024-10-07 22:24:00+00:00,-0.448
2024-10-07 22:30:00+00:00,-0.445
2024-10-07 22:36:00+00:00,-0.441
2024-10-07 22:42:00+00:00,-0.436
2024-10-07 22:48:00+00:00,-0.43
2024-10-07 22:54:00+00:00,-0.422
2024-10-07 23:00:00+00:00,-0.414
2024-10-07 23:06:00+00:00,-0.404
2024-10-07 23:12:00+00:00,-0.394
2024-10-07 23:18:00+00:00,-0.382
2024-10-07 23:24:00+00:00,-0.369
2024-10-07 23:30:00+00:00,-0.355
2024-10-07 23:36:00+00:00,-0.341
2024-10-07 23:42:00+00:00,-0.325
2024-10-07 23:48:00+00:00,-0.309
2024-10-07 23:54:00+00:00,-0.291
2024-10-08 00:00:00+00:00,-0.273
2024-10-08 00:06:00+00:00,-0.254
2024-10-08 00:12:00+00:00,-0.234
2024-10-08 00:18:00+00:00,-0.213
2024-10-08 00:24:00+00:00,-0.192
2024-10-08 00:30:00+00:00,-0.171
2024-10-08 00:36:00+00:00,-0.148
2024-10-08 00:42:00+00:00,-0.126
2024-10-08 00:48:00+00:00,-0.103
2024-10-08 00:54:00+00:00,-0.08
2024-10-08 01:00:00+00:00,-0.057
2024-10-08 01:06:00+00:00,-0.034
2024-10-08 01:12:00+00:00,-0.011
2024-10-08 01:18:00+00:00,0.012
2024-10-08 01:24:00+00:00,0.034
2024-10-08 01:30:00+00:00,0.057
2024-10-08 01:36:00+00:00,0.079
2024-10-08 01:42:00+00:00,0.101
2024-10-08 01:48:00+00:00,0.123
2024-10-08 01:54:00+00:00,0.144
2024-10-08 02:00:00+00:00,0.165
2024-10-08 02:06:00+00:00,0.185
2024-10-08 02:12:00+00:00,0.205
2024-10-08 02:18:00+00:00,0.225
2024-10-08 02:24:00+00:00,0.243
2024-10-08 02:30:00+00:00,0.261
2024-10-08 02:36:00+00:00,0.279
2024-10-08 02:42:00+00:00,0.296
2024-10-08 02:48:00+00:00,0.312
2024-10-08 02:54:00+00:00,0.327
2024-10-08 03:00:00+00:00,0.342
2024-10-08 03:06:00+00:00,0.356
2024-10-08 03:12:00+00:00,0.369
2024-10-08 03:18:00+00:00,0.381
2024-10-08 03:24:00+00:00,0.392
2024-10-08 03:30:00+00:00,0.402
2024-10-08 03:36:00+00:00,0.411
2024-10-08 03:42:00+00:00,0.42
2024-10-08 03:48:00+00:00,0.427
2024-10-08 03:54:00+00:00,0.433
2024-10-08 04:00:00+00:00,0.438
2024-10-08 04:06:00+00:00,0.442
2024-10-08 04:12:00+00:00,0.444
2024-10-08 04:18:00+00:00,0.446
2024-10-08 04:24:00+00:00,0.446
2024-10-08 04:30:00+00:00,0.445
2024-10-08 04:36:00+00:00,0.443
2024-10-08 04:42:00+00:00,0.44
2024-10-08 04:48:00+00:00,0.435
2024-10-08 04:54:00+00:00,0.43
2024-10-08 05:00:00+00:00,0.422
2024-10-08 05:06:00+00:00,0.414
2024-10-08 05:12:00+00:00,0.405
2024-10-08 05:18:00+00:00,0.394
2024-10-08 05:24:00+00:00,0.382
2024-10-08 05:30:00+00:00,0.368
2024-10-08 05:36:00+00:00,0.354
2024-10-08 05:42:00+00:00,0.338
2024-10-08 05:48:00+00:00,0.321
2024-10-08 05:54:00+00:00,0.303
2024-10-08 06:00:00+00:00,0.284
2024-10-08 06:06:00+00:00,0.264
2024-10-08 06:12:00+00:00,0.242
2024-10-08 06:18:00+00:00,0.219
2024-10-08 06:24:00+00:00,0.196
2024-10-08 06:30:00+00:00,0.171
2024-10-08 06:36:00+00:00,0.146
2024-10-08 06:42:00+00:00,0.119
2024-10-08 06:48:00+00:00,0.092
2024-10-08 06:54:00+00:00,0.064
2024-10-08 07:00:00+00:00,0.036
2024-10-08 07:06:00+00:00,0.007
2024-10-08 07:12:00+00:00,-0.023
2024-10-08 07:18:00+00:00,-0.053
2024-10-08 07:24:00+00:00,-0.083
2024-10-08 07:30:00+00:00,-0.113
2024-10-08 07:36:00+00:00,-0.143
2024-10-08 07:42:00+00:00,-0.173
2024-10-08 07:48:00+00:00,-0.202
2024-10-08 07:54:00+00:00,-0.231
2024-10-08 08:00:00+00:00,-0.259
2024-10-08 08:06:00+00:00,-0.287
2024-10-08 08:12:00+00:00,-0.313
2024-10-08 08:18:00+00:00,-0.339
2024-10-08 08:24:00+00:00,-0.363
2024-10-08 08:30:00+00:00,-0.386
2024-10-08 08:36:00+00:00,-0.408
2024-10-08 08:42:00+00:00,-0.428
2024-10-08 08:48:00+00:00,-0.446
2024-10-08 08:54:00+00:00,-0.463
2024-10-08 09:00:00+00:00,-0.479
2024-10-08 09:06:00+00:00,-0.492
2024-10-08 09:12:00+00:00,-0.504
2024-10-08 09:18:00+00:00,-0.515
2024-10-08 09:24:00+00:00,-0.523
2024-10-08 09:30:00+00:00,-0.53
2024-10-08 09:36:00+00:00,-0.536
2024-10-08 09:42:00+00:00,-0.539
2024-10-08 09:48:00+00:00,-0.541
2024-10-08 09:54:00+00:00,-0.542
2024-10-08 10:00:00+00:00,-0.541
2024-10-08 10:06:00+00:00,-0.538
2024-10-08 10:12:00+00:00,-0.535
2024-10-08 10:18:00+00:00,-0.529
2024-10-08 10:24:00+00:00,-0.523
2024-10-08 10:30:00+00:00,-0.516
2024-10-08 10:36:00+00:00,-0.507
2024-10-08 10:42:00+00:00,-0.497
2024-10-08 10:48:00+00:00,-0.486
2024-10-08 10:54:00+00:00,-0.474
2024-10-08 11:00:00+00:00,-0.461
2024-10-08 11:06:00+00:00,-0.446
2024-10-08 11:12:00+00:00,-0.431
2024-10-08 11:18:00+00:00,-0.415
2024-10-08 11:24:00+00:00,-0.398
2024-10-08 11:30:00+00:00,-0.38
2024-10-08 11:36:00+00:00,-0.361
2024-10-08 11:42:00+00:00,-0.341
2024-10-08 11:48:00+00:00,-0.32
2024-10-08 11:54:00+00:00,-0.299
2024-10-08 12:00:00+00:00,-0.276
2024-10-08 12:06:00+00:00,-0.253
2024-10-08 12:12:00+00:00,-0.229
2024-10-08 12:18:00+00:00,-0.205
2024-10-08 12:24:00+00:00,-0.18
2024-10-08 12:30:00+00:00,-0.154
2024-10-08 12:36:00+00:00,-0.128
2024-10-08 12:42:00+00:00,-0.101
2024-10-08 12:48:00+00:00,-0.074
2024-10-08 12:54:00+00:00,-0.047
2024-10-08 13:00:00+00:00,-0.02
2024-10-08 13:06:00+00:00,0.008
2024-10-08 13:12:00+00:00,0.035
2024-10-08 13:18:00+00:00,0.063
2024-10-08 13:24:00+00:00,0.09
2024-10-08 13:30:00+00:00,0.117
2024-10-08 13:36:00+00:00,0.144
2024-10-08 13:42:00+00:00,0.171
2024-10-08 13:48:00+00:00,0.197
2024-10-08 13:54:00+00:00,0.223
2024-10-08 14:00:00+00:00,0.248
2024-10-08 14:06:00+00:00,0.273
2024-10-08 14:12:00+00:00,0.297
2024-10-08 14:18:00+00:00,0.32
2024-10-08 14:24:00+00:00,0.343
2024-10-08 14:30:00+00:00,0.365
2024-10-08 14:36:00+00:00,0.387
2024-10-08 14:42:00+00:00,0.408
2024-10-08 14:48:00+00:00,0.428
2024-10-08 14:54:00+00:00,0.447
2024-10-08 15:00:00+00:00,0.465
2024-10-08 15:06:00+00:00,0.483
2024-10-08 15:12:00+00:00,0.5
2024-10-08 15:18:00+00:00,0.516
2024-10-08 15:24:00+00:00,0.532
2024-10-08 15:30:00+00:00,0.546
2024-10-08 15:36:00+00:00,0.56
2024-10-08 15:42:00+00:00,0.573
2024-10-08 15:48:00+00:00,0.584
2024-10-08 15:54:00+00:00,0.595
2024-10-08 16:00:00+00:00,0.605
2024-10-08 16:06:00+00:00,0.614
2024-10-08 16:12:00+00:00,0.622
2024-10-08 16:18:00+00:00,0.629
2024-10-08 16:24:00+00:00,0.635
2024-10-08 16:30:00+00:00,0.639
2024-10-08 16:36:00+00:00,0.643
2024-10-08 16:42:00+00:00,0.645
2024-10-08 16:48:00+00:00,0.647
2024-10-08 16:54:00+00:00,0.647
2024-10-08 17:00:00+00:00,0.646
2024-10-08 17:06:00+00:00,0.644
2024-10-08 17:12:00+00:00,0.641
2024-10-08 17:18:00+00:00,0.637
2024-10-08 17:24:00+00:00,0.632
2024-10-08 17:30:00+00:00,0.625
2024-10-08 17:36:00+00:00,0.617
2024-10-08 17:42:00+00:00,0.608
2024-10-08 17:48:00+00:00,0.598
2024-10-08 17:54:00+00:00,0.587
2024-10-08 18:00:00+00:00,0.575
2024-10-08 18:06:00+00:00,0.561
2024-10-08 18:12:00+00:00,0.547
2024-10-08 18:18:00+00:00,0.531
2024-10-08 18:24:00+00:00,0.514
2024-10-08 18:30:00+00:00,0.496
2024-10-08 18:36:00+00:00,0.477
2024-10-08 18:42:00+00:00,0.456
2024-10-08 18:48:00+00:00,0.435
2024-10-08 18:54:00+00:00,0.412
2024-10-08 19:00:00+00:00,0.389
2024-10-08 19:06:00+00:00,0.365
2024-10-08 19:12:00+00:00,0.339
2024-10-08 19:18:00+00:00,0.313
2024-10-08 19:24:00+00:00,0.286
2024-10-08 19:30:00+00:00,0.258
2024-10-08 19:36:00+00:00,0.23
2024-10-08 19:42:00+00:00,0.201
2024-10-08 19:48:00+00:00,0.171
2024-10-08 19:54:00+00:00,0.142
2024-10-08 20:00:00+00:00,0.112
2024-10-08 20:06:00+00:00,0.081
2024-10-08 20:12:00+00:00,0.051
2024-10-08 20:18:00+00:00,0.022
2024-10-08 20:24:00+00:00,-0.008
2024-10-08 20:30:00+00:00,-0.037
2024-10-08 20:36:00+00:00,-0.066
2024-10-08 20:42:00+00:00,-0.094
2024-10-08 20:48:00+00:00,-0.121
2024-10-08 20:54:00+00:00,-0.147
2024-10-08 21:00:00+00:00,-0.172
2024-10-08 21:06:00+00:00,-0.196
2024-10-08 21:12:00+00:00,-0.22
2024-10-08 21:18:00+00:00,-0.241
2024-10-08 21:24:00+00:00,-0.262
2024-10-08 21:30:00+00:00,-0.281
2024-10-08 21:36:00+00:00,-0.299
2024-10-08 21:42:00+00:00,-0.316
2024-10-08 21:48:00+00:00,-0.331
2024-10-08 21:54:00+00:00,-0.345
2024-10-08 22:00:00+00:00,-0.358
2024-10-08 22:06:00+00:00,-0.369
2024-10-08 22:12:00+00:00,-0.379
2024-10-08 22:18:00+00:00,-0.388
2024-10-08 22:24:00+00:00,-0.396
2024-10-08 22:30:00+00:00,-0.402
2024-10-08 22:36:00+00:00,-0.407
2024-10-08 22:42:00+00:00,-0.412
2024-10-08 22:48:00+00:00,-0.415
2024-10-08 22:54:00+00:00,-0.417
2024-10-08 23:00:00+00:00,-0.418
2024-10-08 23:06:00+00:00,-0.417
2024-10-08 23:12:00+00:00,-0.416
2024-10-08 23:18:00+00:00,-0.414
2024-10-08 23:24:00+00:00,-0.411
2024-10-08 23:30:00+00:00,-0.407
2024-10-08 23:36:00+00:00,-0.402
2024-10-08 23:42:00+00:00,-0.396
2024-10-08 23:48:00+00:00,-0.389
2024-10-08 23:54:00+00:00,-0.381
2024-10-09 00:00:00+00:00,-0.371
2024-10-09 00:06:00+00:00,-0.361
2024-10-09 00:12:00+00:00,-0.35
2024-10-09 00:18:00+00:00,-0.338
2024-10-09 00:24:00+00:00,-0.325
2024-10-09 00:30:00+00:00,-0.31
2024-10-09 00:36:00+00:00,-0.295
2024-10-09 00:42:00+00:00,-0.279
2024-10-09 00:48:00+00:00,-0.263
2024-10-09 00:54:00+00:00,-0.245
2024-10-09 01:00:00+00:00,-0.226
2024-10-09 01:06:00+00:00,-0.207
2024-10-09 01:12:00+00:00,-0.188
2024-10-09 01:18:00+00:00,-0.167
2024-10-09 01:24:00+00:00,-0.146
2024-10-09 01:30:00+00:00,-0.125
2024-10-09 01:36:00+00:00,-0.104
2024-10-09 01:42:00+00:00,-0.082
2024-10-09 01:48:00+00:00,-0.06
2024-10-09 01:54:00+00:00,-0.038
2024-10-09 02:00:00+00:00,-0.016
2024-10-09 02:06:00+00:00,0.006
2024-10-09 02:12:00+00:00,0.028
2024-10-09 02:18:00+00:00,0.05
2024-10-09 02:24:00+00:00,0.071
2024-10-09 02:30:00+00:00,0.092
2024-10-09 02:36:00+00:00,0.113
2024-10-09 02:42:00+00:00,0.133
2024-10-09 02:48:00+00:00,0.153
2024-10-09 02:54:00+00:00,0.173
2024-10-09 03:00:00+00:00,0.192
2024-10-09 03:06:00+00:00,0.21
2024-10-09 03:12:00+00:00,0.228
2024-10-09 03:18:00+00:00,0.245
2024-10-09 03:24:00+00:00,0.262
2024-10-09 03:30:00+00:00,0.278
2024-10-09 03:36:00+00:00,0.293
2024-10-09 03:42:00+00:00,0.308
2024-10-09 03:48:00+00:00,0.321
2024-10-09 03:54:00+00:00,0.334
2024-10-09 04:00:00+00:00,0.346
2024-10-09 04:06:00+00:00,0.357
2024-10-09 04:12:00+00:00,0.368
2024-10-09 04:18:00+00:00,0.377
2024-10-09 04:24:00+00:00,0.386
2024-10-09 04:30:00+00:00,0.393
2024-10-09 04:36:00+00:00,0.399
2024-10-09 04:42:00+00:00,0.405
2024-10-09 04:48:00+00:00,0.409
2024-10-09 04:54:00+00:00,0.412
2024-10-09 05:00:00+00:00,0.415
2024-10-09 05:06:00+00:00,0.416
2024-10-09 05:12:00+00:00,0.415
2024-10-09 05:18:00+00:00,0.414
2024-10-09 05:24:00+00:00,0.412
2024-10-09 05:30:00+00:00,0.408
2024-10-09 05:36:00+00:00,0.404
2024-10-09 05:42:00+00:00,0.398
2024-10-09 05:48:00+00:00,0.391
2024-10-09 05:54:00+00:00,0.383
2024-10-09 06:00:00+00:00,0.373
2024-10-09 06:06:00+00:00,0.363
2024-10-09 06:12:00+00:00,0.351
2024-10-09 06:18:00+00:00,0.339
2024-10-09 06:24:00+00:00,0.325
2024-10-09 06:30:00+00:00,0.31
2024-10-09 06:36:00+00:00,0.295
2024-10-09 06:42:00+00:00,0.278
2024-10-09 06:48:00+00:00,0.26
2024-10-09 06:54:00+00:00,0.241
2024-10-09 07:00:00+00:00,0.221
2024-10-09 07:06:00+00:00,0.2
2024-10-09 07:12:00+00:00,0.178
2024-10-09 07:18:00+00:00,0.156
2024-10-09 07:24:00+00:00,0.132
2024-10-09 07:30:00+00:00,0.108
2024-10-09 07:36:00+00:00,0.083
2024-10-09 07:42:00+00:00,0.057
2024-10-09 07:48:00+00:00,0.031
2024-10-09 07:54:00+00:00,0.004
2024-10-09 08:00:00+00:00,-0.023
2024-10-09 08:06:00+00:00,-0.051
2024-10-09 08:12:00+00:00,-0.079
2024-10-09 08:18:00+00:00,-0.107
2024-10-09 08:24:00+00:00,-0.134
2024-10-09 08:30:00+00:00,-0.162
2024-10-09 08:36:00+00:00,-0.189
2024-10-09 08:42:00+00:00,-0.216
2024-10-09 08:48:00+00:00,-0.243
2024-10-09 08:54:00+00:00,-0.269
2024-10-09 09:00:00+00:00,-0.294
2024-10-09 09:06:00+00:00,-0.318
2024-10-09 09:12:00+00:00,-0.34
2024-10-09 09:18:00+00:00,-0.362
2024-10-09 09:24:00+00:00,-0.383
2024-10-09 09:30:00+00:00,-0.402
2024-10-09 09:36:00+00:00,-0.42
2024-10-09 09:42:00+00:00,-0.436
2024-10-09 09:48:00+00:00,-0.451
2024-10-09 09:54:00+00:00,-0.465
2024-10-09 10:00:00+00:00,-0.476
2024-10-09 10:06:00+00:00,-0.487
2024-10-09 10:12:00+00:00,-0.495
2024-10-09 10:18:00+00:00,-0.502
2024-10-09 10:24:00+00:00,-0.508
2024-10-09 10:30:00+00:00,-0.512
2024-10-09 10:36:00+00:00,-0.514
2024-10-09 10:42:00+00:00,-0.516
2024-10-09 10:48:00+00:00,-0.515
2024-10-09 10:54:00+00:00,-0.514
2024-10-09 11:00:00+00:00,-0.511
2024-10-09 11:06:00+00:00,-0.507
2024-10-09 11:12:00+00:00,-0.502
2024-10-09 11:18:00+00:00,-0.495
2024-10-09 11:24:00+00:00,-0.488
2024-10-09 11:30:00+00:00,-0.479
2024-10-09 11:36:00+00:00,-0.469
2024-10-09 11:42:00+00:00,-0.459
2024-10-09 11:48:00+00:00,-0.447
2024-10-09 11:54:00+00:00,-0.434
2024-10-09 12:00:00+00:00,-0.421
2024-10-09 12:06:00+00:00,-0.406
2024-10-09 12:12:00+00:00,-0.39
2024-10-09 12:18:00+00:00,-0.374
2024-10-09 12:24:00+00:00,-0.356
2024-10-09 12:30:00+00:00,-0.338
2024-10-09 12:36:00+00:00,-0.319
2024-10-09 12:42:00+00:00,-0.299
2024-10-09 12:48:00+00:00,-0.278
2024-10-09 12:54:00+00:00,-0.256
2024-10-09 13:00:00+00:00,-0.233
2024-10-09 13:06:00+00:00,-0.21
2024-10-09 13:12:00+00:00,-0.186
2024-10-09 13:18:00+00:00,-0.162
2024-10-09 13:24:00+00:00,-0.136
2024-10-09 13:30:00+00:00,-0.111
2024-10-09 13:36:00+00:00,-0.085
2024-10-09 13:42:00+00:00,-0.058
2024-10-09 13:48:00+00:00,-0.032
2024-10-09 13:54:00+00:00,-0.005
2024-10-09 14:00:00+00:00,0.022
2024-10-09 14:06:00+00:00,0.049
2024-10-09 14:12:00+00:00,0.076
2024-10-09 14:18:00+00:00,0.103
2024-10-09 14:24:00+00:00,0.129
2024-10-09 14:30:00+00:00,0.155
2024-10-09 14:36:00+00:00,0.181
2024-10-09 14:42:00+00:00,0.207
2024-10-09 14:48:00+00:00,0.232
2024-10-09 14:54:00+00:00,0.256
2024-10-09 15:00:00+00:00,0.28
2024-10-09 15:06:00+00:00,0.304
2024-10-09 15:12:00+00:00,0.327
2024-10-09 15:18:00+00:00,0.349
2024-10-09 15:24:00+00:00,0.37
2024-10-09 15:30:00+00:00,0.391
2024-10-09 15:36:00+00:00,0.411
2024-10-09 15:42:00+00:00,0.43
2024-10-09 15:48:00+00:00,0.449
2024-10-09 15:54:00+00:00,0.466
2024-10-09 16:00:00+00:00,0.483
2024-10-09 16:06:00+00:00,0.499
2024-10-09 16:12:00+00:00,0.515
2024-10-09 16:18:00+00:00,0.529
2024-10-09 16:24:00+00:00,0.543
2024-10-09 16:30:00+00:00,0.555
2024-10-09 16:36:00+00:00,0.567
2024-10-09 16:42:00+00:00,0.578
2024-10-09 16:48:00+00:00,0.588
2024-10-09 16:54:00+00:00,0.597
2024-10-09 17:00:00+00:00,0.605
2024-10-09 17:06:00+00:00,0.612
2024-10-09 17:12:00+00:00,0.618
2024-10-09 17:18:00+00:00,0.623
2024-10-09 17:24:00+00:00,0.626
2024-10-09 17:30:00+00:00,0.629
2024-10-09 17:36:00+00:00,0.631
2024-10-09 17:42:00+00:00,0.632
2024-10-09 17:48:00+00:00,0.632
2024-10-09 17:54:00+00:00,0.63
2024-10-09 18:00:00+00:00,0.628
2024-10-09 18:06:00+00:00,0.624
2024-10-09 18:12:00+00:00,0.62
2024-10-09 18:18:00+00:00,0.614
2024-10-09 18:24:00+00:00,0.608
2024-10-09 18:30:00+00:00,0.6
2024-10-09 18:36:00+00:00,0.591
2024-10-09 18:42:00+00:00,0.582
2024-10-09 18:48:00+00:00,0.571
2024-10-09 18:54:00+00:00,0.559
2024-10-09 19:00:00+00:00,0.546
2024-10-09 19:06:00+00:00,0.532
2024-10-09 19:12:00+00:00,0.516
2024-10-09 19:18:00+00:00,0.5
2024-10-09 19:24:00+00:00,0.483
2024-10-09 19:30:00+00:00,0.465
2024-10-09 19:36:00+00:00,0.445
2024-10-09 19:42:00+00:00,0.425
2024-10-09 19:48:00+00:00,0.404
2024-10-09 19:54:00+00:00,0.381
2024-10-09 20:00:00+00:00,0.358
2024-10-09 20:06:00+00:00,0.334
2024-10-09 20:12:00+00:00,0.309
2024-10-09 20:18:00+00:00,0.283
2024-10-09 20:24:00+00:00,0.256
2024-10-09 20:30:00+00:00,0.229
2024-10-09 20:36:00+00:00,0.201
2024-10-09 20:42:00+00:00,0.173
2024-10-09 20:48:00+00:00,0.145
2024-10-09 20:54:00+00:00,0.116
2024-10-09 21:00:00+00:00,0.088
2024-10-09 21:06:00+00:00,0.059
2024-10-09 21:12:00+00:00,0.03
2024-10-09 21:18:00+00:00,0.002
2024-10-09 21:24:00+00:00,-0.026
2024-10-09 21:30:00+00:00,-0.054
2024-10-09 21:36:00+00:00,-0.08
2024-10-09 21:42:00+00:00,-0.107
2024-10-09 21:48:00+00:00,-0.132
2024-10-09 21:54:00+00:00,-0.156
2024-10-09 22:00:00+00:00,-0.18
2024-10-09 22:06:00+00:00,-0.202
2024-10-09 22:12:00+00:00,-0.224
2024-10-09 22:18:00+00:00,-0.244
2024-10-09 22:24:00+00:00,-0.263
2024-10-09 22:30:00+00:00,-0.281
2024-10-09 22:36:00+00:00,-0.297
2024-10-09 22:42:00+00:00,-0.313
2024-10-09 22:48:00+00:00,-0.327
2024-10-09 22:54:00+00:00,-0.34
2024-10-09 23:00:00+00:00,-0.352
2024-10-09 23:06:00+00:00,-0.362
2024-10-09 23:12:00+00:00,-0.372
2024-10-09 23:18:00+00:00,-0.38
2024-10-09 23:24:00+00:00,-0.387
2024-10-09 23:30:00+00:00,-0.393
2024-10-09 23:36:00+00:00,-0.398
2024-10-09 23:42:00+00:00,-0.402
2024-10-09 23:48:00+00:00,-0.406
2024-10-09 23:54:00+00:00,-0.408
2024-10-10 00:00:00+00:00,-0.409
2024-10-10 00:06:00+00:00,-0.408
2024-10-10 00:12:00+00:00,-0.407
2024-10-10 00:18:00+00:00,-0.405
2024-10-10 00:24:00+00:00,-0.402
2024-10-10 00:30:00+00:00,-0.398
2024-10-10 00:36:00+00:00,-0.393
2024-10-10 00:42:00+00:00,-0.387
2024-10-10 00:48:00+00:00,-0.379
2024-10-10 00:54:00+00:00,-0.371
2024-10-10 01:00:00+00:00,-0.361
2024-10-10 01:06:00+00:00,-0.35
2024-10-10 01:12:00+00:00,-0.339
2024-10-10 01:18:00+00:00,-0.326
2024-10-10 01:24:00+00:00,-0.312
2024-10-10 01:30:00+00:00,-0.297
2024-10-10 01:36:00+00:00,-0.282
2024-10-10 01:42:00+00:00,-0.265
2024-10-10 01:48:00+00:00,-0.247
2024-10-10 01:54:00+00:00,-0.229
2024-10-10 02:00:00+00:00,-0.21
2024-10-10 02:06:00+00:00,-0.19
2024-10-10 02:12:00+00:00,-0.17
2024-10-10 02:18:00+00:00,-0.149
2024-10-10 02:24:00+00:00,-0.128
2024-10-10 02:30:00+00:00,-0.106
2024-10-10 02:36:00+00:00,-0.084
2024-10-10 02:42:00+00:00,-0.062
2024-10-10 02:48:00+00:00,-0.04
2024-10-10 02:54:00+00:00,-0.018
2024-10-10 03:00:00+00:00,0.004
2024-10-10 03:06:00+00:00,0.026
2024-10-10 03:12:00+00:00,0.047
2024-10-10 03:18:00+00:00,0.069
2024-10-10 03:24:00+00:00,0.09
2024-10-10 03:30:00+00:00,0.11
2024-10-10 03:36:00+00:00,0.131
2024-10-10 03:42:00+00:00,0.151
2024-10-10 03:48:00+00:00,0.17
2024-10-10 03:54:00+00:00,0.189
2024-10-10 04:00:00+00:00,0.207
2024-10-10 04:06:00+00:00,0.224
2024-10-10 04:12:00+00:00,0.241
2024-10-10 04:18:00+00:00,0.257
2024-10-10 04:24:00+00:00,0.273
2024-10-10 04:30:00+00:00,0.288
2024-10-10 04:36:00+00:00,0.302
2024-10-10 04:42:00+00:00,0.315
2024-10-10 04:48:00+00:00,0.328
2024-10-10 04:54:00+00:00,0.339
2024-10-10 05:00:00+00:00,0.35
2024-10-10 05:06:00+00:00,0.36
2024-10-10 05:12:00+00:00,0.369
2024-10-10 05:18:00+00:00,0.377
2024-10-10 05:24:00+00:00,0.384
2024-10-10 05:30:00+00:00,0.39
2024-10-10 05:36:00+00:00,0.395
2024-10-10 05:42:00+00:00,0.399
2024-10-10 05:48:00+00:00,0.401
2024-10-10 05:54:00+00:00,0.403
2024-10-10 06:00:00+00:00,0.404
2024-10-10 06:06:00+00:00,0.404
2024-10-10 06:12:00+00:00,0.403
2024-10-10 06:18:00+00:00,0.4
2024-10-10 06:24:00+00:00,0.397
2024-10-10 06:30:00+00:00,0.392
2024-10-10 06:36:00+00:00,0.387
2024-10-10 06:42:00+00:00,0.38
2024-10-10 06:48:00+00:00,0.372
2024-10-10 06:54:00+00:00,0.364
2024-10-10 07:00:00+00:00,0.354
2024-10-10 07:06:00+00:00,0.343
2024-10-10 07:12:00+00:00,0.331
2024-10-10 07:18:00+00:00,0.319
2024-10-10 07:24:00+00:00,0.305
2024-10-10 07:30:00+00:00,0.29
2024-10-10 07:36:00+00:00,0.274
2024-10-10 07:42:00+00:00,0.257
2024-10-10 07:48:00+00:00,0.24
2024-10-10 07:54:00+00:00,0.221
2024-10-10 08:00:00+00:00,0.201
2024-10-10 08:06:00+00:00,0.181
2024-10-10 08:12:00+00:00,0.159
2024-10-10 08:18:00+00:00,0.137
2024-10-10 08:24:00+00:00,0.114
2024-10-10 08:30:00+00:00,0.09
2024-10-10 08:36:00+00:00,0.065
2024-10-10 08:42:00+00:00,0.04
2024-10-10 08:48:00+00:00,0.015
2024-10-10 08:54:00+00:00,-0.011
2024-10-10 09:00:00+00:00,-0.038
2024-10-10 09:06:00+00:00,-0.065
2024-10-10 09:12:00+00:00,-0.091
2024-10-10 09:18:00+00:00,-0.118
2024-10-10 09:24:00+00:00,-0.145
2024-10-10 09:30:00+00:00,-0.172
2024-10-10 09:36:00+00:00,-0.198
2024-10-10 09:42:00+00:00,-0.224
2024-10-10 09:48:00+00:00,-0.249
2024-10-10 09:54:00+00:00,-0.273
2024-10-10 10:00:00+00:00,-0.297
2024-10-10 10:06:00+00:00,-0.319
2024-10-10 10:12:00+00:00,-0.341
2024-10-10 10:18:00+00:00,-0.361
2024-10-10 10:24:00+00:00,-0.381
2024-10-10 10:30:00+00:00,-0.399
2024-10-10 10:36:00+00:00,-0.415
2024-10-10 10:42:00+00:00,-0.431
2024-10-10 10:48:00+00:00,-0.445
2024-10-10 10:54:00+00:00,-0.457
2024-10-10 11:00:00+00:00,-0.468
2024-10-10 11:06:00+00:00,-0.478
2024-10-10 11:12:00+00:00,-0.486
2024-10-10 11:18:00+00:00,-0.492
2024-10-10 11:24:00+00:00,-0.498
2024-10-10 11:30:00+00:00,-0.502
2024-10-10 11:36:00+00:00,-0.504
2024-10-10 11:42:00+00:00,-0.506
2024-10-10 11:48:00+00:00,-0.506
2024-10-10 11:54:00+00:00,-0.505
2024-10-10 12:00:00+00:00,-0.502
2024-10-10 12:06:00+00:00,-0.499
2024-10-10 12:12:00+00:00,-0.494
2024-10-10 12:18:00+00:00,-0.488
2024-10-10 12:24:00+00:00,-0.481
2024-10-10 12:30:00+00:00,-0.473
2024-10-10 12:36:00+00:00,-0.464
2024-10-10 12:42:00+00:00,-0.454
2024-10-10 12:48:00+00:00,-0.443
2024-10-10 12:54:00+00:00,-0.431
2024-10-10 13:00:00+00:00,-0.417
2024-10-10 13:06:00+00:00,-0.403
2024-10-10 13:12:00+00:00,-0.388
2024-10-10 13:18:00+00:00,-0.371
2024-10-10 13:24:00+00:00,-0.354
2024-10-10 13:30:00+00:00,-0.335
2024-10-10 13:36:00+00:00,-0.316
2024-10-10 13:42:00+00:00,-0.296
2024-10-10 13:48:00+00:00,-0.274
2024-10-10 13:54:00+00:00,-0.252
2024-10-10 14:00:00+00:00,-0.229
2024-10-10 14:06:00+00:00,-0.205
2024-10-10 14:12:00+00:00,-0.181
2024-10-10 14:18:00+00:00,-0.156
2024-10-10 14:24:00+00:00,-0.13
2024-10-10 14:30:00+00:00,-0.104
2024-10-10 14:36:00+00:00,-0.078
2024-10-10 14:42:00+00:00,-0.051
2024-10-10 14:48:00+00:00,-0.024
2024-10-10 14:54:00+00:00,0.003
2024-10-10 15:00:00+00:00,0.031
2024-10-10 15:06:00+00:00,0.058
2024-10-10 15:12:00+00:00,0.085
2024-10-10 15:18:00+00:00,0.112
2024-10-10 15:24:00+00:00,0.138
2024-10-10 15:30:00+00:00,0.165
2024-10-10 15:36:00+00:00,0.19
2024-10-10 15:42:00+00:00,0.216
2024-10-10 15:48:00+00:00,0.241
2024-10-10 15:54:00+00:00,0.265
2024-10-10 16:00:00+00:00,0.289
2024-10-10 16:06:00+00:00,0.312
2024-10-10 16:12:00+00:00,0.335
2024-10-10 16:18:00+00:00,0.356
2024-10-10 16:24:00+00:00,0.378
2024-10-10 16:30:00+00:00,0.398
2024-10-10 16:36:00+00:00,0.418
2024-10-10 16:42:00+00:00,0.437
2024-10-10 16:48:00+00:00,0.455
2024-10-10 16:54:00+00:00,0.472
2024-10-10 17:00:00+00:00,0.489
2024-10-10 17:06:00+00:00,0.504
2024-10-10 17:12:00+00:00,0.519
2024-10-10 17:18:00+00:00,0.533
2024-10-10 17:24:00+00:00,0.547
2024-10-10 17:30:00+00:00,0.559
2024-10-10 17:36:00+00:00,0.57
2024-10-10 17:42:00+00:00,0.581
2024-10-10 17:48:00+00:00,0.59
2024-10-10 17:54:00+00:00,0.599
2024-10-10 18:00:00+00:00,0.607
2024-10-10 18:06:00+00:00,0.613
2024-10-10 18:12:00+00:00,0.619
2024-10-10 18:18:00+00:00,0.624
2024-10-10 18:24:00+00:00,0.628
2024-10-10 18:30:00+00:00,0.63
2024-10-10 18:36:00+00:00,0.632
2024-10-10 18:42:00+00:00,0.633
2024-10-10 18:48:00+00:00,0.633
2024-10-10 18:54:00+00:00,0.631
2024-10-10 19:00:00+00:00,0.629
2024-10-10 19:06:00+00:00,0.626
2024-10-10 19:12:00+00:00,0.621
2024-10-10 19:18:00+00:00,0.616
2024-10-10 19:24:00+00:00,0.61
2024-10-10 19:30:00+00:00,0.602
2024-10-10 19:36:00+00:00,0.594
2024-10-10 19:42:00+00:00,0.584
2024-10-10 19:48:00+00:00,0.574
2024-10-10 19:54:00+00:00,0.562
2024-10-10 20:00:00+00:00,0.549
2024-10-10 20:06:00+00:00,0.535
2024-10-10 20:12:00+00:00,0.52
2024-10-10 20:18:00+00:00,0.504
2024-10-10 20:24:00+00:00,0.487
2024-10-10 20:30:00+00:00,0.469
2024-10-10 20:36:00+00:00,0.449
2024-10-10 20:42:00+00:00,0.429
2024-10-10 20:48:00+00:00,0.407
2024-10-10 20:54:00+00:00,0.385
2024-10-10 21:00:00+00:00,0.361
2024-10-10 21:06:00+00:00,0.336
2024-10-10 21:12:00+00:00,0.311
2024-10-10 21:18:00+00:00,0.285
2024-10-10 21:24:00+00:00,0.258
2024-10-10 21:30:00+00:00,0.23
2024-10-10 21:36:00+00:00,0.202
2024-10-10 21:42:00+00:00,0.174
2024-10-10 21:48:00+00:00,0.145
2024-10-10 21:54:00+00:00,0.115
2024-10-10 22:00:00+00:00,0.086
2024-10-10 22:06:00+00:00,0.057
2024-10-10 22:12:00+00:00,0.028
2024-10-10 22:18:00+00:00,-0.001
2024-10-10 22:24:00+00:00,-0.029
2024-10-10 22:30:00+00:00,-0.057
2024-10-10 22:36:00+00:00,-0.085
2024-10-10 22:42:00+00:00,-0.111
2024-10-10 22:48:00+00:00,-0.137
2024-10-10 22:54:00+00:00,-0.162
2024-10-10 23:00:00+00:00,-0.186
2024-10-10 23:06:00+00:00,-0.209
2024-10-10 23:12:00+00:00,-0.231
2024-10-10 23:18:00+00:00,-0.252
2024-10-10 23:24:00+00:00,-0.272
2024-10-10 23:30:00+00:00,-0.291
2024-10-10 23:36:00+00:00,-0.308
2024-10-10 23:42:00+00:00,-0.324
2024-10-10 23:48:00+00:00,-0.34
2024-10-10 23:54:00+00:00,-0.354
2024-10-11 00:00:00+00:00,-0.366
2024-10-11 00:06:00+00:00,-0.378
2024-10-11 00:12:00+00:00,-0.389
2024-10-11 00:18:00+00:00,-0.398
2024-10-11 00:24:00+00:00,-0.407
2024-10-11 00:30:00+00:00,-0.414
2024-10-11 00:36:00+00:00,-0.42
2024-10-11 00:42:00+00:00,-0.425
2024-10-11 00:48:00+00:00,-0.429
2024-10-11 00:54:00+00:00,-0.431
2024-10-11 01:00:00+00:00,-0.433
2024-10-11 01:06:00+00:00,-0.434
2024-10-11 01:12:00+00:00,-0.433
2024-10-11 01:18:00+00:00,-0.431
2024-10-11 01:24:00+00:00,-0.428
2024-10-11 01:30:00+00:00,-0.423
2024-10-11 01:36:00+00:00,-0.418
2024-10-11 01:42:00+00:00,-0.411
2024-10-11 01:48:00+00:00,-0.403
2024-10-11 01:54:00+00:00,-0.394
2024-10-11 02:00:00+00:00,-0.383
2024-10-11 02:06:00+00:00,-0.371
2024-10-11 02:12:00+00:00,-0.358
2024-10-11 02:18:00+00:00,-0.344
2024-10-11 02:24:00+00:00,-0.329
2024-10-11 02:30:00+00:00,-0.313
2024-10-11 02:36:00+00:00,-0.295
2024-10-11 02:42:00+00:00,-0.277
2024-10-11 02:48:00+00:00,-0.258
2024-10-11 02:54:00+00:00,-0.238
2024-10-11 03:00:00+00:00,-0.217
2024-10-11 03:06:00+00:00,-0.196
2024-10-11 03:12:00+00:00,-0.174
2024-10-11 03:18:00+00:00,-0.152
2024-10-11 03:24:00+00:00,-0.129
2024-10-11 03:30:00+00:00,-0.106
2024-10-11 03:36:00+00:00,-0.083
2024-10-11 03:42:00+00:00,-0.06
2024-10-11 03:48:00+00:00,-0.036
2024-10-11 03:54:00+00:00,-0.013
2024-10-11 04:00:00+00:00,0.01
2024-10-11 04:06:00+00:00,0.033
2024-10-11 04:12:00+00:00,0.055
2024-10-11 04:18:00+00:00,0.077
2024-10-11 04:24:00+00:00,0.099
2024-10-11 04:30:00+00:00,0.12
2024-10-11 04:36:00+00:00,0.141
2024-10-11 04:42:00+00:00,0.162
2024-10-11 04:48:00+00:00,0.182
2024-10-11 04:54:00+00:00,0.201
2024-10-11 05:00:00+00:00,0.219
2024-10-11 05:06:00+00:00,0.237
2024-10-11 05:12:00+00:00,0.255
2024-10-11 05:18:00+00:00,0.271
2024-10-11 05:24:00+00:00,0.287
2024-10-11 05:30:00+00:00,0.302
2024-10-11 05:36:00+00:00,0.316
2024-10-11 05:42:00+00:00,0.33
2024-10-11 05:48:00+00:00,0.343
2024-10-11 05:54:00+00:00,0.354
2024-10-11 06:00:00+00:00,0.365
2024-10-11 06:06:00+00:00,0.375
2024-10-11 06:12:00+00:00,0.384
2024-10-11 06:18:00+00:00,0.393
2024-10-11 06:24:00+00:00,0.4
2024-10-11 06:30:00+00:00,0.406
2024-10-11 06:36:00+00:00,0.411
2024-10-11 06:42:00+00:00,0.415
2024-10-11 06:48:00+00:00,0.419
2024-10-11 06:54:00+00:00,0.421
2024-10-11 07:00:00+00:00,0.422
2024-10-11 07:06:00+00:00,0.422
2024-10-11 07:12:00+00:00,0.421
2024-10-11 07:18:00+00:00,0.419
2024-10-11 07:24:00+00:00,0.416
2024-10-11 07:30:00+00:00,0.412
2024-10-11 07:36:00+00:00,0.407
2024-10-11 07:42:00+00:00,0.401
2024-10-11 07:48:00+00:00,0.394
2024-10-11 07:54:00+00:00,0.386
2024-10-11 08:00:00+00:00,0.377
2024-10-11 08:06:00+00:00,0.366
2024-10-11 08:12:00+00:00,0.355
2024-10-11 08:18:00+00:00,0.343
2024-10-11 08:24:00+00:00,0.329
2024-10-11 08:30:00+00:00,0.315
2024-10-11 08:36:00+00:00,0.299
2024-10-11 08:42:00+00:00,0.283
2024-10-11 08:48:00+00:00,0.265
2024-10-11 08:54:00+00:00,0.246
2024-10-11 09:00:00+00:00,0.226
2024-10-11 09:06:00+00:00,0.206
2024-10-11 09:12:00+00:00,0.184
2024-10-11 09:18:00+00:00,0.161
2024-10-11 09:24:00+00:00,0.138
2024-10-11 09:30:00+00:00,0.113
2024-10-11 09:36:00+00:00,0.088
2024-10-11 09:42:00+00:00,0.062
2024-10-11 09:48:00+00:00,0.036
2024-10-11 09:54:00+00:00,0.009
2024-10-11 10:00:00+00:00,-0.018
2024-10-11 10:06:00+00:00,-0.046
2024-10-11 10:12:00+00:00,-0.074
2024-10-11 10:18:00+00:00,-0.101
2024-10-11 10:24:00+00:00,-0.129
2024-10-11 10:30:00+00:00,-0.157
2024-10-11 10:36:00+00:00,-0.184
2024-10-11 10:42:00+00:00,-0.211
2024-10-11 10:48:00+00:00,-0.237
2024-10-11 10:54:00+00:00,-0.263
2024-10-11 11:00:00+00:00,-0.287
2024-10-11 11:06:00+00:00,-0.311
2024-10-11 11:12:00+00:00,-0.334
2024-10-11 11:18:00+00:00,-0.355
2024-10-11 11:24:00+00:00,-0.376
2024-10-11 11:30:00+00:00,-0.395
2024-10-11 11:36:00+00:00,-0.413
2024-10-11 11:42:00+00:00,-0.43
2024-10-11 11:48:00+00:00,-0.445
2024-10-11 11:54:00+00:00,-0.459
2024-10-11 12:00:00+00:00,-0.472
2024-10-11 12:06:00+00:00,-0.483
2024-10-11 12:12:00+00:00,-0.493
2024-10-11 12:18:00+00:00,-0.501
2024-10-11 12:24:00+00:00,-0.508
2024-10-11 12:30:00+00:00,-0.514
2024-10-11 12:36:00+00:00,-0.519
2024-10-11 12:42:00+00:00,-0.522
2024-10-11 12:48:00+00:00,-0.524
2024-10-11 12:54:00+00:00,-0.524
2024-10-11 13:00:00+00:00,-0.524
2024-10-11 13:06:00+00:00,-0.522
2024-10-11 13:12:00+00:00,-0.519
2024-10-11 13:18:00+00:00,-0.514
2024-10-11 13:24:00+00:00,-0.509
2024-10-11 13:30:00+00:00,-0.502
2024-10-11 13:36:00+00:00,-0.494
2024-10-11 13:42:00+00:00,-0.485
2024-10-11 13:48:00+00:00,-0.474
2024-10-11 13:54:00+00:00,-0.462
2024-10-11 14:00:00+00:00,-0.449
2024-10-11 14:06:00+00:00,-0.435
2024-10-11 14:12:00+00:00,-0.42
2024-10-11 14:18:00+00:00,-0.403
2024-10-11 14:24:00+00:00,-0.386
2024-10-11 14:30:00+00:00,-0.367
2024-10-11 14:36:00+00:00,-0.347
2024-10-11 14:42:00+00:00,-0.326
2024-10-11 14:48:00+00:00,-0.304
2024-10-11 14:54:00+00:00,-0.28
2024-10-11 15:00:00+00:00,-0.256
2024-10-11 15:06:00+00:00,-0.232
2024-10-11 15:12:00+00:00,-0.206
2024-10-11 15:18:00+00:00,-0.18
2024-10-11 15:24:00+00:00,-0.153
2024-10-11 15:30:00+00:00,-0.126
2024-10-11 15:36:00+00:00,-0.098
2024-10-11 15:42:00+00:00,-0.07
2024-10-11 15:48:00+00:00,-0.042
2024-10-11 15:54:00+00:00,-0.014
2024-10-11 16:00:00+00:00,0.015
2024-10-11 16:06:00+00:00,0.043
2024-10-11 16:12:00+00:00,0.071
2024-10-11 16:18:00+00:00,0.099
2024-10-11 16:24:00+00:00,0.127
2024-10-11 16:30:00+00:00,0.154
2024-10-11 16:36:00+00:00,0.181
2024-10-11 16:42:00+00:00,0.207
2024-10-11 16:48:00+00:00,0.233
2024-10-11 16:54:00+00:00,0.258
2024-10-11 17:00:00+00:00,0.283
2024-10-11 17:06:00+00:00,0.307
2024-10-11 17:12:00+00:00,0.331
2024-10-11 17:18:00+00:00,0.353
2024-10-11 17:24:00+00:00,0.376
2024-10-11 17:30:00+00:00,0.397
2024-10-11 17:36:00+00:00,0.418
2024-10-11 17:42:00+00:00,0.438
2024-10-11 17:48:00+00:00,0.457
2024-10-11 17:54:00+00:00,0.476
2024-10-11 18:00:00+00:00,0.493
2024-10-11 18:06:00+00:00,0.51
2024-10-11 18:12:00+00:00,0.526
2024-10-11 18:18:00+00:00,0.541
2024-10-11 18:24:00+00:00,0.556
2024-10-11 18:30:00+00:00,0.569
2024-10-11 18:36:00+00:00,0.582
2024-10-11 18:42:00+00:00,0.594
2024-10-11 18:48:00+00:00,0.605
2024-10-11 18:54:00+00:00,0.614
2024-10-11 19:00:00+00:00,0.623
2024-10-11 19:06:00+00:00,0.631
2024-10-11 19:12:00+00:00,0.638
2024-10-11 19:18:00+00:00,0.644
2024-10-11 19:24:00+00:00,0.649
2024-10-11 19:30:00+00:00,0.653
2024-10-11 19:36:00+00:00,0.656
2024-10-11 19:42:00+00:00,0.658
2024-10-11 19:48:00+00:00,0.659
2024-10-11 19:54:00+00:00,0.659
2024-10-11 20:00:00+00:00,0.658
2024-10-11 20:06:00+00:00,0.656
2024-10-11 20:12:00+00:00,0.652
2024-10-11 20:18:00+00:00,0.648
2024-10-11 20:24:00+00:00,0.642
2024-10-11 20:30:00+00:00,0.636
2024-10-11 20:36:00+00:00,0.628
2024-10-11 20:42:00+00:00,0.618
2024-10-11 20:48:00+00:00,0.608
2024-10-11 20:54:00+00:00,0.596
2024-10-11 21:00:00+00:00,0.584
2024-10-11 21:06:00+00:00,0.57
2024-10-11 21:12:00+00:00,0.554
2024-10-11 21:18:00+00:00,0.537
2024-10-11 21:24:00+00:00,0.519
2024-10-11 21:30:00+00:00,0.5
2024-10-11 21:36:00+00:00,0.479
2024-10-11 21:42:00+00:00,0.457
2024-10-11 21:48:00+00:00,0.434
2024-10-11 21:54:00+00:00,0.41
2024-10-11 22:00:00+00:00,0.385
2024-10-11 22:06:00+00:00,0.358
2024-10-11 22:12:00+00:00,0.331
2024-10-11 22:18:00+00:00,0.302
2024-10-11 22:24:00+00:00,0.273
2024-10-11 22:30:00+00:00,0.243
2024-10-11 22:36:00+00:00,0.212
2024-10-11 22:42:00+00:00,0.181
2024-10-11 22:48:00+00:00,0.15
2024-10-11 22:54:00+00:00,0.118
2024-10-11 23:00:00+00:00,0.086
2024-10-11 23:06:00+00:00,0.054
2024-10-11 23:12:00+00:00,0.023
2024-10-11 23:18:00+00:00,-0.009
2024-10-11 23:24:00+00:00,-0.04
2024-10-11 23:30:00+00:00,-0.07
2024-10-11 23:36:00+00:00,-0.1
2024-10-11 23:42:00+00:00,-0.129
2024-10-11 23:48:00+00:00,-0.158
2024-10-11 23:54:00+00:00,-0.185
2024-10-12 00:00:00+00:00,-0.212
2024-10-12 00:06:00+00:00,-0.237
2024-10-12 00:12:00+00:00,-0.261
2024-10-12 00:18:00+00:00,-0.285
2024-10-12 00:24:00+00:00,-0.307
2024-10-12 00:30:00+00:00,-0.328
2024-10-12 00:36:00+00:00,-0.347
2024-10-12 00:42:00+00:00,-0.366
2024-10-12 00:48:00+00:00,-0.383
2024-10-12 00:54:00+00:00,-0.399
2024-10-12 01:00:00+00:00,-0.414
2024-10-12 01:06:00+00:00,-0.428
2024-10-12 01:12:00+00:00,-0.44
2024-10-12 01:18:00+00:00,-0.451
2024-10-12 01:24:00+00:00,-0.461
2024-10-12 01:30:00+00:00,-0.469
2024-10-12 01:36:00+00:00,-0.476
2024-10-12 01:42:00+00:00,-0.482
2024-10-12 01:48:00+00:00,-0.487
2024-10-12 01:54:00+00:00,-0.49
2024-10-12 02:00:00+00:00,-0.492
2024-10-12 02:06:00+00:00,-0.492
2024-10-12 02:12:00+00:00,-0.491
2024-10-12 02:18:00+00:00,-0.489
2024-10-12 02:24:00+00:00,-0.485
2024-10-12 02:30:00+00:00,-0.48
2024-10-12 02:36:00+00:00,-0.473
2024-10-12 02:42:00+00:00,-0.465
2024-10-12 02:48:00+00:00,-0.455
2024-10-12 02:54:00+00:00,-0.444
2024-10-12 03:00:00+00:00,-0.431
2024-10-12 03:06:00+00:00,-0.417
2024-10-12 03:12:00+00:00,-0.402
2024-10-12 03:18:00+00:00,-0.386
2024-10-12 03:24:00+00:00,-0.368
2024-10-12 03:30:00+00:00,-0.349
2024-10-12 03:36:00+00:00,-0.329
2024-10-12 03:42:00+00:00,-0.308
2024-10-12 03:48:00+00:00,-0.286
2024-10-12 03:54:00+00:00,-0.264
2024-10-12 04:00:00+00:00,-0.24
2024-10-12 04:06:00+00:00,-0.216
2024-10-12 04:12:00+00:00,-0.192
2024-10-12 04:18:00+00:00,-0.167
2024-10-12 04:24:00+00:00,-0.142
2024-10-12 04:30:00+00:00,-0.116
2024-10-12 04:36:00+00:00,-0.091
2024-10-12 04:42:00+00:00,-0.065
2024-10-12 04:48:00+00:00,-0.04
2024-10-12 04:54:00+00:00,-0.014
2024-10-12 05:00:00+00:00,0.011
2024-10-12 05:06:00+00:00,0.036
2024-10-12 05:12:00+00:00,0.061
2024-10-12 05:18:00+00:00,0.085
2024-10-12 05:24:00+00:00,0.109
2024-10-12 05:30:00+00:00,0.132
2024-10-12 05:36:00+00:00,0.155
2024-10-12 05:42:00+00:00,0.177
2024-10-12 05:48:00+00:00,0.199
2024-10-12 05:54:00+00:00,0.22
2024-10-12 06:00:00+00:00,0.241
2024-10-12 06:06:00+00:00,0.261
2024-10-12 06:12:00+00:00,0.28
2024-10-12 06:18:00+00:00,0.298
2024-10-12 06:24:00+00:00,0.316
2024-10-12 06:30:00+00:00,0.333
2024-10-12 06:36:00+00:00,0.349
2024-10-12 06:42:00+00:00,0.365
2024-10-12 06:48:00+00:00,0.379
2024-10-12 06:54:00+00:00,0.393
2024-10-12 07:00:00+00:00,0.405
2024-10-12 07:06:00+00:00,0.417
2024-10-12 07:12:00+00:00,0.428
2024-10-12 07:18:00+00:00,0.438
2024-10-12 07:24:00+00:00,0.447
2024-10-12 07:30:00+00:00,0.455
2024-10-12 07:36:00+00:00,0.462
2024-10-12 07:42:00+00:00,0.467
2024-10-12 07:48:00+00:00,0.472
2024-10-12 07:54:00+00:00,0.476
2024-10-12 08:00:00+00:00,0.479
2024-10-12 08:06:00+00:00,0.48
2024-10-12 08:12:00+00:00,0.481
2024-10-12 08:18:00+00:00,0.48
2024-10-12 08:24:00+00:00,0.478
2024-10-12 08:30:00+00:00,0.475
2024-10-12 08:36:00+00:00,0.471
2024-10-12 08:42:00+00:00,0.466
2024-10-12 08:48:00+00:00,0.46
2024-10-12 08:54:00+00:00,0.452
2024-10-12 09:00:00+00:00,0.444
2024-10-12 09:06:00+00:00,0.434
2024-10-12 09:12:00+00:00,0.423
2024-10-12 09:18:00+00:00,0.41
2024-10-12 09:24:00+00:00,0.397
2024-10-12 09:30:00+00:00,0.382
2024-10-12 09:36:00+00:00,0.366
2024-10-12 09:42:00+00:00,0.348
2024-10-12 09:48:00+00:00,0.329
2024-10-12 09:54:00+00:00,0.309
2024-10-12 10:00:00+00:00,0.288
2024-10-12 10:06:00+00:00,0.266
2024-10-12 10:12:00+00:00,0.242
2024-10-12 10:18:00+00:00,0.217
2024-10-12 10:24:00+00:00,0.192
2024-10-12 10:30:00+00:00,0.165
2024-10-12 10:36:00+00:00,0.137
2024-10-12 10:42:00+00:00,0.109
2024-10-12 10:48:00+00:00,0.08
2024-10-12 10:54:00+00:00,0.05
2024-10-12 11:00:00+00:00,0.019
2024-10-12 11:06:00+00:00,-0.011
2024-10-12 11:12:00+00:00,-0.042
2024-10-12 11:18:00+00:00,-0.073
2024-10-12 11:24:00+00:00,-0.104
2024-10-12 11:30:00+00:00,-0.135
2024-10-12 11:36:00+00:00,-0.165
2024-10-12 11:42:00+00:00,-0.195
2024-10-12 11:48:00+00:00,-0.224
2024-10-12 11:54:00+00:00,-0.253
2024-10-12 12:00:00+00:00,-0.281
2024-10-12 12:06:00+00:00,-0.308
2024-10-12 12:12:00+00:00,-0.333
2024-10-12 12:18:00+00:00,-0.358
2024-10-12 12:24:00+00:00,-0.382
2024-10-12 12:30:00+00:00,-0.404
2024-10-12 12:36:00+00:00,-0.425
2024-10-12 12:42:00+00:00,-0.445
2024-10-12 12:48:00+00:00,-0.463
2024-10-12 12:54:00+00:00,-0.48
2024-10-12 13:00:00+00:00,-0.496
2024-10-12 13:06:00+00:00,-0.51
2024-10-12 13:12:00+00:00,-0.523
2024-10-12 13:18:00+00:00,-0.534
2024-10-12 13:24:00+00:00,-0.544
2024-10-12 13:30:00+00:00,-0.553
2024-10-12 13:36:00+00:00,-0.56
2024-10-12 13:42:00+00:00,-0.565
2024-10-12 13:48:00+00:00,-0.57
2024-10-12 13:54:00+00:00,-0.572
2024-10-12 14:00:00+00:00,-0.574
2024-10-12 14:06:00+00:00,-0.574
2024-10-12 14:12:00+00:00,-0.572
2024-10-12 14:18:00+00:00,-0.57
2024-10-12 14:24:00+00:00,-0.565
2024-10-12 14:30:00+00:00,-0.559
2024-10-12 14:36:00+00:00,-0.552
2024-10-12 14:42:00+00:00,-0.544
2024-10-12 14:48:00+00:00,-0.534
2024-10-12 14:54:00+00:00,-0.522
2024-10-12 15:00:00+00:00,-0.509
2024-10-12 15:06:00+00:00,-0.495
2024-10-12 15:12:00+00:00,-0.479
2024-10-12 15:18:00+00:00,-0.461
2024-10-12 15:24:00+00:00,-0.443
2024-10-12 15:30:00+00:00,-0.423
2024-10-12 15:36:00+00:00,-0.402
2024-10-12 15:42:00+00:00,-0.379
2024-10-12 15:48:00+00:00,-0.356
2024-10-12 15:54:00+00:00,-0.331
2024-10-12 16:00:00+00:00,-0.305
2024-10-12 16:06:00+00:00,-0.279
2024-10-12 16:12:00+00:00,-0.251
2024-10-12 16:18:00+00:00,-0.223
2024-10-12 16:24:00+00:00,-0.195
2024-10-12 16:30:00+00:00,-0.166
2024-10-12 16:36:00+00:00,-0.136
2024-10-12 16:42:00+00:00,-0.106
2024-10-12 16:48:00+00:00,-0.076
2024-10-12 16:54:00+00:00,-0.046
2024-10-12 17:00:00+00:00,-0.015
2024-10-12 17:06:00+00:00,0.015
2024-10-12 17:12:00+00:00,0.045
2024-10-12 17:18:00+00:00,0.075
2024-10-12 17:24:00+00:00,0.104
2024-10-12 17:30:00+00:00,0.134
2024-10-12 17:36:00+00:00,0.162
2024-10-12 17:42:00+00:00,0.191
2024-10-12 17:48:00+00:00,0.219
2024-10-12 17:54:00+00:00,0.246
2024-10-12 18:00:00+00:00,0.273
2024-10-12 18:06:00+00:00,0.3
2024-10-12 18:12:00+00:00,0.325
2024-10-12 18:18:00+00:00,0.351
2024-10-12 18:24:00+00:00,0.375
2024-10-12 18:30:00+00:00,0.399
2024-10-12 18:36:00+00:00,0.422
2024-10-12 18:42:00+00:00,0.444
2024-10-12 18:48:00+00:00,0.466
2024-10-12 18:54:00+00:00,0.487
2024-10-12 19:00:00+00:00,0.507
2024-10-12 19:06:00+00:00,0.527
2024-10-12 19:12:00+00:00,0.545
2024-10-12 19:18:00+00:00,0.563
2024-10-12 19:24:00+00:00,0.58
2024-10-12 19:30:00+00:00,0.596
2024-10-12 19:36:00+00:00,0.611
2024-10-12 19:42:00+00:00,0.625
2024-10-12 19:48:00+00:00,0.638
2024-10-12 19:54:00+00:00,0.65
2024-10-12 20:00:00+00:00,0.661
2024-10-12 20:06:00+00:00,0.671
2024-10-12 20:12:00+00:00,0.68
2024-10-12 20:18:00+00:00,0.688
2024-10-12 20:24:00+00:00,0.695
2024-10-12 20:30:00+00:00,0.701
2024-10-12 20:36:00+00:00,0.706
2024-10-12 20:42:00+00:00,0.709
2024-10-12 20:48:00+00:00,0.711
2024-10-12 20:54:00+00:00,0.712
2024-10-12 21:00:00+00:00,0.712
2024-10-12 21:06:00+00:00,0.711
2024-10-12 21:12:00+00:00,0.708
2024-10-12 21:18:00+00:00,0.704
2024-10-12 21:24:00+00:00,0.698
2024-10-12 21:30:00+00:00,0.691
2024-10-12 21:36:00+00:00,0.683
2024-10-12 21:42:00+00:00,0.673
2024-10-12 21:48:00+00:00,0.662
2024-10-12 21:54:00+00:00,0.649
2024-10-12 22:00:00+00:00,0.635
2024-10-12 22:06:00+00:00,0.619
2024-10-12 22:12:00+00:00,0.602
2024-10-12 22:18:00+00:00,0.583
2024-10-12 22:24:00+00:00,0.562
2024-10-12 22:30:00+00:00,0.54
2024-10-12 22:36:00+00:00,0.516
2024-10-12 22:42:00+00:00,0.491
2024-10-12 22:48:00+00:00,0.465
2024-10-12 22:54:00+00:00,0.437
2024-10-12 23:00:00+00:00,0.407
2024-10-12 23:06:00+00:00,0.377
2024-10-12 23:12:00+00:00,0.345
2024-10-12 23:18:00+00:00,0.313
2024-10-12 23:24:00+00:00,0.279
2024-10-12 23:30:00+00:00,0.245
2024-10-12 23:36:00+00:00,0.21
2024-10-12 23:42:00+00:00,0.175
2024-10-12 23:48:00+00:00,0.139
2024-10-12 23:54:00+00:00,0.103
2024-10-13 00:00:00+00:00,0.067
2024-10-13 00:06:00+00:00,0.031
2024-10-13 00:12:00+00:00,-0.004
2024-10-13 00:18:00+00:00,-0.04
2024-10-13 00:24:00+00:00,-0.075
2024-10-13 00:30:00+00:00,-0.109
2024-10-13 00:36:00+00:00,-0.142
2024-10-13 00:42:00+00:00,-0.175
2024-10-13 00:48:00+00:00,-0.207
2024-10-13 00:54:00+00:00,-0.238
2024-10-13 01:00:00+00:00,-0.268
2024-10-13 01:06:00+00:00,-0.296
2024-10-13 01:12:00+00:00,-0.324
2024-10-13 01:18:00+00:00,-0.35
2024-10-13 01:24:00+00:00,-0.375
2024-10-13 01:30:00+00:00,-0.398
2024-10-13 01:36:00+00:00,-0.42
2024-10-13 01:42:00+00:00,-0.441
2024-10-13 01:48:00+00:00,-0.461
2024-10-13 01:54:00+00:00,-0.479
2024-10-13 02:00:00+00:00,-0.495
2024-10-13 02:06:00+00:00,-0.511
2024-10-13 02:12:00+00:00,-0.524
2024-10-13 02:18:00+00:00,-0.536
2024-10-13 02:24:00+00:00,-0.547
2024-10-13 02:30:00+00:00,-0.556
2024-10-13 02:36:00+00:00,-0.564
2024-10-13 02:42:00+00:00,-0.57
2024-10-13 02:48:00+00:00,-0.574
2024-10-13 02:54:00+00:00,-0.577
2024-10-13 03:00:00+00:00,-0.578
2024-10-13 03:06:00+00:00,-0.577
2024-10-13 03:12:00+00:00,-0.575
2024-10-13 03:18:00+00:00,-0.571
2024-10-13 03:24:00+00:00,-0.565
2024-10-13 03:30:00+00:00,-0.558
2024-10-13 03:36:00+00:00,-0.549
2024-10-13 03:42:00+00:00,-0.538
2024-10-13 03:48:00+00:00,-0.525
2024-10-13 03:54:00+00:00,-0.511
2024-10-13 04:00:00+00:00,-0.496
2024-10-13 04:06:00+00:00,-0.478
2024-10-13 04:12:00+00:00,-0.46
2024-10-13 04:18:00+00:00,-0.44
2024-10-13 04:24:00+00:00,-0.418
2024-10-13 04:30:00+00:00,-0.396
2024-10-13 04:36:00+00:00,-0.372
2024-10-13 04:42:00+00:00,-0.347
2024-10-13 04:48:00+00:00,-0.322
2024-10-13 04:54:00+00:00,-0.295
2024-10-13 05:00:00+00:00,-0.268
2024-10-13 05:06:00+00:00,-0.24
2024-10-13 05:12:00+00:00,-0.212
2024-10-13 05:18:00+00:00,-0.184
2024-10-13 05:24:00+00:00,-0.155
2024-10-13 05:30:00+00:00,-0.126
2024-10-13 05:36:00+00:00,-0.097
2024-10-13 05:42:00+00:00,-0.067
2024-10-13 05:48:00+00:00,-0.038
2024-10-13 05:54:00+00:00,-0.009
2024-10-13 06:00:00+00:00,0.019
2024-10-13 06:06:00+00:00,0.048
2024-10-13 06:12:00+00:00,0.076
2024-10-13 06:18:00+00:00,0.104
2024-10-13 06:24:00+00:00,0.131
2024-10-13 06:30:00+00:00,0.158
2024-10-13 06:36:00+00:00,0.184
2024-10-13 06:42:00+00:00,0.21
2024-10-13 06:48:00+00:00,0.235
2024-10-13 06:54:00+00:00,0.26
2024-10-13 07:00:00+00:00,0.284
2024-10-13 07:06:00+00:00,0.307
2024-10-13 07:12:00+00:00,0.329
2024-10-13 07:18:00+00:00,0.351
2024-10-13 07:24:00+00:00,0.372
2024-10-13 07:30:00+00:00,0.392
2024-10-13 07:36:00+00:00,0.412
2024-10-13 07:42:00+00:00,0.43
2024-10-13 07:48:00+00:00,0.447
2024-10-13 07:54:00+00:00,0.464
2024-10-13 08:00:00+00:00,0.48
2024-10-13 08:06:00+00:00,0.494
2024-10-13 08:12:00+00:00,0.508
2024-10-13 08:18:00+00:00,0.52
2024-10-13 08:24:00+00:00,0.531
2024-10-13 08:30:00+00:00,0.542
2024-10-13 08:36:00+00:00,0.551
2024-10-13 08:42:00+00:00,0.559
2024-10-13 08:48:00+00:00,0.566
2024-10-13 08:54:00+00:00,0.571
2024-10-13 09:00:00+00:00,0.575
2024-10-13 09:06:00+00:00,0.579
2024-10-13 09:12:00+00:00,0.58
2024-10-13 09:18:00+00:00,0.581
2024-10-13 09:24:00+00:00,0.58
2024-10-13 09:30:00+00:00,0.578
2024-10-13 09:36:00+00:00,0.574
2024-10-13 09:42:00+00:00,0.569
2024-10-13 09:48:00+00:00,0.563
2024-10-13 09:54:00+00:00,0.555
2024-10-13 10:00:00+00:00,0.546
2024-10-13 10:06:00+00:00,0.535
2024-10-13 10:12:00+00:00,0.523
2024-10-13 10:18:00+00:00,0.509
2024-10-13 10:24:00+00:00,0.494
2024-10-13 10:30:00+00:00,0.477
2024-10-13 10:36:00+00:00,0.459
2024-10-13 10:42:00+00:00,0.439
2024-10-13 10:48:00+00:00,0.417
2024-10-13 10:54:00+00:00,0.394
2024-10-13 11:00:00+00:00,0.37
2024-10-13 11:06:00+00:00,0.344
2024-10-13 11:12:00+00:00,0.316
2024-10-13 11:18:00+00:00,0.288
2024-10-13 11:24:00+00:00,0.258
2024-10-13 11:30:00+00:00,0.227
2024-10-13 11:36:00+00:00,0.195
2024-10-13 11:42:00+00:00,0.162
2024-10-13 11:48:00+00:00,0.128
2024-10-13 11:54:00+00:00,0.094
2024-10-13 12:00:00+00:00,0.059
2024-10-13 12:06:00+00:00,0.024
2024-10-13 12:12:00+00:00,-0.012
2024-10-13 12:18:00+00:00,-0.047
2024-10-13 12:24:00+00:00,-0.083
2024-10-13 12:30:00+00:00,-0.118
2024-10-13 12:36:00+00:00,-0.153
2024-10-13 12:42:00+00:00,-0.187
2024-10-13 12:48:00+00:00,-0.221
2024-10-13 12:54:00+00:00,-0.254
2024-10-13 13:00:00+00:00,-0.286
2024-10-13 13:06:00+00:00,-0.317
2024-10-13 13:12:00+00:00,-0.348
2024-10-13 13:18:00+00:00,-0.376
2024-10-13 13:24:00+00:00,-0.404
2024-10-13 13:30:00+00:00,-0.43
2024-10-13 13:36:00+00:00,-0.455
2024-10-13 13:42:00+00:00,-0.479
2024-10-13 13:48:00+00:00,-0.501
2024-10-13 13:54:00+00:00,-0.521
2024-10-13 14:00:00+00:00,-0.54
2024-10-13 14:06:00+00:00,-0.558
2024-10-13 14:12:00+00:00,-0.574
2024-10-13 14:18:00+00:00,-0.588
2024-10-13 14:24:00+00:00,-0.601
2024-10-13 14:30:00+00:00,-0.613
2024-10-13 14:36:00+00:00,-0.622
2024-10-13 14:42:00+00:00,-0.63
2024-10-13 14:48:00+00:00,-0.637
2024-10-13 14:54:00+00:00,-0.642
2024-10-13 15:00:00+00:00,-0.645
2024-10-13 15:06:00+00:00,-0.647
2024-10-13 15:12:00+00:00,-0.647
2024-10-13 15:18:00+00:00,-0.645
2024-10-13 15:24:00+00:00,-0.641
2024-10-13 15:30:00+00:00,-0.636
2024-10-13 15:36:00+00:00,-0.629
2024-10-13 15:42:00+00:00,-0.621
2024-10-13 15:48:00+00:00,-0.61
2024-10-13 15:54:00+00:00,-0.598
2024-10-13 16:00:00+00:00,-0.585
2024-10-13 16:06:00+00:00,-0.569
2024-10-13 16:12:00+00:00,-0.552
2024-10-13 16:18:00+00:00,-0.534
2024-10-13 16:24:00+00:00,-0.513
2024-10-13 16:30:00+00:00,-0.492
2024-10-13 16:36:00+00:00,-0.469
2024-10-13 16:42:00+00:00,-0.444
2024-10-13 16:48:00+00:00,-0.418
2024-10-13 16:54:00+00:00,-0.392
2024-10-13 17:00:00+00:00,-0.364
2024-10-13 17:06:00+00:00,-0.335
2024-10-13 17:12:00+00:00,-0.305
2024-10-13 17:18:00+00:00,-0.274
2024-10-13 17:24:00+00:00,-0.243
2024-10-13 17:30:00+00:00,-0.211
2024-10-13 17:36:00+00:00,-0.179
2024-10-13 17:42:00+00:00,-0.146
2024-10-13 17:48:00+00:00,-0.114
2024-10-13 17:54:00+00:00,-0.081
2024-10-13 18:00:00+00:00,-0.048
2024-10-13 18:06:00+00:00,-0.015
2024-10-13 18:12:00+00:00,0.018
2024-10-13 18:18:00+00:00,0.051
2024-10-13 18:24:00+00:00,0.084
2024-10-13 18:30:00+00:00,0.116
2024-10-13 18:36:00+00:00,0.148
2024-10-13 18:42:00+00:00,0.179
2024-10-13 18:48:00+00:00,0.21
2024-10-13 18:54:00+00:00,0.241
2024-10-13 19:00:00+00:00,0.271
2024-10-13 19:06:00+00:00,0.301
2024-10-13 19:12:00+00:00,0.33
2024-10-13 19:18:00+00:00,0.358
2024-10-13 19:24:00+00:00,0.386
2024-10-13 19:30:00+00:00,0.413
2024-10-13 19:36:00+00:00,0.44
2024-10-13 19:42:00+00:00,0.465
2024-10-13 19:48:00+00:00,0.49
2024-10-13 19:54:00+00:00,0.514
2024-10-13 20:00:00+00:00,0.538
2024-10-13 20:06:00+00:00,0.56
2024-10-13 20:12:00+00:00,0.582
2024-10-13 20:18:00+00:00,0.602
2024-10-13 20:24:00+00:00,0.622
2024-10-13 20:30:00+00:00,0.64
2024-10-13 20:36:00+00:00,0.658
2024-10-13 20:42:00+00:00,0.675
2024-10-13 20:48:00+00:00,0.69
2024-10-13 20:54:00+00:00,0.704
2024-10-13 21:00:00+00:00,0.718
2024-10-13 21:06:00+00:00,0.73
2024-10-13 21:12:00+00:00,0.74
2024-10-13 21:18:00+00:00,0.75
2024-10-13 21:24:00+00:00,0.758
2024-10-13 21:30:00+00:00,0.765
2024-10-13 21:36:00+00:00,0.77
2024-10-13 21:42:00+00:00,0.774
2024-10-13 21:48:00+00:00,0.777
2024-10-13 21:54:00+00:00,0.778
2024-10-13 22:00:00+00:00,0.778
2024-10-13 22:06:00+00:00,0.776
2024-10-13 22:12:00+00:00,0.772
2024-10-13 22:18:00+00:00,0.767
2024-10-13 22:24:00+00:00,0.76
2024-10-13 22:30:00+00:00,0.751
2024-10-13 22:36:00+00:00,0.741
2024-10-13 22:42:00+00:00,0.729
2024-10-13 22:48:00+00:00,0.715
2024-10-13 22:54:00+00:00,0.699
2024-10-13 23:00:00+00:00,0.682
2024-10-13 23:06:00+00:00,0.662
2024-10-13 23:12:00+00:00,0.641
2024-10-13 23:18:00+00:00,0.618
2024-10-13 23:24:00+00:00,0.593
2024-10-13 23:30:00+00:00,0.567
2024-10-13 23:36:00+00:00,0.538
2024-10-13 23:42:00+00:00,0.508
2024-10-13 23:48:00+00:00,0.477
2024-10-13 23:54:00+00:00,0.444
2024-10-14 00:00:00+00:00,0.409
2024-10-14 00:06:00+00:00,0.373
2024-10-14 00:12:00+00:00,0.336
2024-10-14 00:18:00+00:00,0.298
2024-10-14 00:24:00+00:00,0.26
2024-10-14 00:30:00+00:00,0.22
2024-10-14 00:36:00+00:00,0.18
2024-10-14 00:42:00+00:00,0.139
2024-10-14 00:48:00+00:00,0.099
2024-10-14 00:54:00+00:00,0.058
2024-10-14 01:00:00+00:00,0.017
2024-10-14 01:06:00+00:00,-0.024
2024-10-14 01:12:00+00:00,-0.064
2024-10-14 01:18:00+00:00,-0.103
2024-10-14 01:24:00+00:00,-0.142
2024-10-14 01:30:00+00:00,-0.181
2024-10-14 01:36:00+00:00,-0.218
2024-10-14 01:42:00+00:00,-0.254
2024-10-14 01:48:00+00:00,-0.29
2024-10-14 01:54:00+00:00,-0.324
2024-10-14 02:00:00+00:00,-0.357
2024-10-14 02:06:00+00:00,-0.388
2024-10-14 02:12:00+00:00,-0.418
2024-10-14 02:18:00+00:00,-0.447
2024-10-14 02:24:00+00:00,-0.474
2024-10-14 02:30:00+00:00,-0.5
2024-10-14 02:36:00+00:00,-0.524
2024-10-14 02:42:00+00:00,-0.546
2024-10-14 02:48:00+00:00,-0.567
2024-10-14 02:54:00+00:00,-0.586
2024-10-14 03:00:00+00:00,-0.604
2024-10-14 03:06:00+00:00,-0.62
2024-10-14 03:12:00+00:00,-0.634
2024-10-14 03:18:00+00:00,-0.646
2024-10-14 03:24:00+00:00,-0.657
2024-10-14 03:30:00+00:00,-0.665
2024-10-14 03:36:00+00:00,-0.672
2024-10-14 03:42:00+00:00,-0.677
2024-10-14 03:48:00+00:00,-0.68
2024-10-14 03:54:00+00:00,-0.681
2024-10-14 04:00:00+00:00,-0.68
2024-10-14 04:06:00+00:00,-0.677
2024-10-14 04:12:00+00:00,-0.672
2024-10-14 04:18:00+00:00,-0.665
2024-10-14 04:24:00+00:00,-0.656
2024-10-14 04:30:00+00:00,-0.645
2024-10-14 04:36:00+00:00,-0.632
2024-10-14 04:42:00+00:00,-0.617
2024-10-14 04:48:00+00:00,-0.601
2024-10-14 04:54:00+00:00,-0.583
2024-10-14 05:00:00+00:00,-0.562
2024-10-14 05:06:00+00:00,-0.541
2024-10-14 05:12:00+00:00,-0.517
2024-10-14 05:18:00+00:00,-0.493
2024-10-14 05:24:00+00:00,-0.466
2024-10-14 05:30:00+00:00,-0.439
2024-10-14 05:36:00+00:00,-0.41
2024-10-14 05:42:00+00:00,-0.381
2024-10-14 05:48:00+00:00,-0.35
2024-10-14 05:54:00+00:00,-0.319
2024-10-14 06:00:00+00:00,-0.287
2024-10-14 06:06:00+00:00,-0.254
2024-10-14 06:12:00+00:00,-0.221
2024-10-14 06:18:00+00:00,-0.188
2024-10-14 06:24:00+00:00,-0.154
2024-10-14 06:30:00+00:00,-0.12
2024-10-14 06:36:00+00:00,-0.086
2024-10-14 06:42:00+00:00,-0.052
2024-10-14 06:48:00+00:00,-0.019
2024-10-14 06:54:00+00:00,0.015
2024-10-14 07:00:00+00:00,0.048
2024-10-14 07:06:00+00:00,0.081
2024-10-14 07:12:00+00:00,0.114
2024-10-14 07:18:00+00:00,0.146
2024-10-14 07:24:00+00:00,0.178
2024-10-14 07:30:00+00:00,0.209
2024-10-14 07:36:00+00:00,0.24
2024-10-14 07:42:00+00:00,0.27
2024-10-14 07:48:00+00:00,0.3
2024-10-14 07:54:00+00:00,0.328
2024-10-14 08:00:00+00:00,0.357
2024-10-14 08:06:00+00:00,0.384
2024-10-14 08:12:00+00:00,0.41
2024-10-14 08:18:00+00:00,0.436
2024-10-14 08:24:00+00:00,0.46
2024-10-14 08:30:00+00:00,0.484
2024-10-14 08:36:00+00:00,0.507
2024-10-14 08:42:00+00:00,0.529
2024-10-14 08:48:00+00:00,0.549
2024-10-14 08:54:00+00:00,0.569
2024-10-14 09:00:00+00:00,0.588
2024-10-14 09:06:00+00:00,0.605
2024-10-14 09:12:00+00:00,0.621
2024-10-14 09:18:00+00:00,0.636
2024-10-14 09:24:00+00:00,0.649
2024-10-14 09:30:00+00:00,0.661
2024-10-14 09:36:00+00:00,0.672
2024-10-14 09:42:00+00:00,0.682
2024-10-14 09:48:00+00:00,0.69
2024-10-14 09:54:00+00:00,0.696
2024-10-14 10:00:00+00:00,0.702
2024-10-14 10:06:00+00:00,0.705
2024-10-14 10:12:00+00:00,0.707
2024-10-14 10:18:00+00:00,0.708
2024-10-14 10:24:00+00:00,0.707
2024-10-14 10:30:00+00:00,0.704
2024-10-14 10:36:00+00:00,0.7
2024-10-14 10:42:00+00:00,0.694
2024-10-14 10:48:00+00:00,0.686
2024-10-14 10:54:00+00:00,0.677
2024-10-14 11:00:00+00:00,0.665
2024-10-14 11:06:00+00:00,0.652
2024-10-14 11:12:00+00:00,0.637
2024-10-14 11:18:00+00:00,0.62
2024-10-14 11:24:00+00:00,0.602
2024-10-14 11:30:00+00:00,0.581
2024-10-14 11:36:00+00:00,0.559
2024-10-14 11:42:00+00:00,0.535
2024-10-14 11:48:00+00:00,0.509
2024-10-14 11:54:00+00:00,0.482
2024-10-14 12:00:00+00:00,0.452
2024-10-14 12:06:00+00:00,0.421
2024-10-14 12:12:00+00:00,0.389
2024-10-14 12:18:00+00:00,0.355
2024-10-14 12:24:00+00:00,0.32
2024-10-14 12:30:00+00:00,0.283
2024-10-14 12:36:00+00:00,0.246
2024-10-14 12:42:00+00:00,0.208
2024-10-14 12:48:00+00:00,0.168
2024-10-14 12:54:00+00:00,0.128
2024-10-14 13:00:00+00:00,0.088
2024-10-14 13:06:00+00:00,0.047
2024-10-14 13:12:00+00:00,0.006
2024-10-14 13:18:00+00:00,-0.035
2024-10-14 13:24:00+00:00,-0.075
2024-10-14 13:30:00+00:00,-0.116
2024-10-14 13:36:00+00:00,-0.156
2024-10-14 13:42:00+00:00,-0.195
2024-10-14 13:48:00+00:00,-0.233
2024-10-14 13:54:00+00:00,-0.271
2024-10-14 14:00:00+00:00,-0.308
2024-10-14 14:06:00+00:00,-0.343
2024-10-14 14:12:00+00:00,-0.378
2024-10-14 14:18:00+00:00,-0.411
2024-10-14 14:24:00+00:00,-0.442
2024-10-14 14:30:00+00:00,-0.473
2024-10-14 14:36:00+00:00,-0.501
2024-10-14 14:42:00+00:00,-0.529
2024-10-14 14:48:00+00:00,-0.554
2024-10-14 14:54:00+00:00,-0.578
2024-10-14 15:00:00+00:00,-0.601
2024-10-14 15:06:00+00:00,-0.621
2024-10-14 15:12:00+00:00,-0.64
2024-10-14 15:18:00+00:00,-0.657
2024-10-14 15:24:00+00:00,-0.673
2024-10-14 15:30:00+00:00,-0.686
2024-10-14 15:36:00+00:00,-0.698
2024-10-14 15:42:00+00:00,-0.708
2024-10-14 15:48:00+00:00,-0.716
2024-10-14 15:54:00+00:00,-0.723
2024-10-14 16:00:00+00:00,-0.727
2024-10-14 16:06:00+00:00,-0.729
2024-10-14 16:12:00+00:00,-0.73
2024-10-14 16:18:00+00:00,-0.729
2024-10-14 16:24:00+00:00,-0.725
2024-10-14 16:30:00+00:00,-0.72
2024-10-14 16:36:00+00:00,-0.712
2024-10-14 16:42:00+00:00,-0.703
2024-10-14 16:48:00+00:00,-0.691
2024-10-14 16:54:00+00:00,-0.678
2024-10-14 17:00:00+00:00,-0.663
2024-10-14 17:06:00+00:00,-0.646
2024-10-14 17:12:00+00:00,-0.627
2024-10-14 17:18:00+00:00,-0.606
2024-10-14 17:24:00+00:00,-0.583
2024-10-14 17:30:00+00:00,-0.559
2024-10-14 17:36:00+00:00,-0.533
2024-10-14 17:42:00+00:00,-0.506
2024-10-14 17:48:00+00:00,-0.478
2024-10-14 17:54:00+00:00,-0.448
2024-10-14 18:00:00+00:00,-0.417
2024-10-14 18:06:00+00:00,-0.385
2024-10-14 18:12:00+00:00,-0.352
2024-10-14 18:18:00+00:00,-0.318
2024-10-14 18:24:00+00:00,-0.283
2024-10-14 18:30:00+00:00,-0.248
2024-10-14 18:36:00+00:00,-0.213
2024-10-14 18:42:00+00:00,-0.177
2024-10-14 18:48:00+00:00,-0.141
2024-10-14 18:54:00+00:00,-0.104
2024-10-14 19:00:00+00:00,-0.068
2024-10-14 19:06:00+00:00,-0.032
2024-10-14 19:12:00+00:00,0.005
2024-10-14 19:18:00+00:00,0.041
2024-10-14 19:24:00+00:00,0.077
2024-10-14 19:30:00+00:00,0.113
2024-10-14 19:36:00+00:00,0.148
2024-10-14 19:42:00+00:00,0.183
2024-10-14 19:48:00+00:00,0.218
2024-10-14 19:54:00+00:00,0.252
2024-10-14 20:00:00+00:00,0.285
2024-10-14 20:06:00+00:00,0.318
2024-10-14 20:12:00+00:00,0.351
2024-10-14 20:18:00+00:00,0.382
2024-10-14 20:24:00+00:00,0.413
2024-10-14 20:30:00+00:00,0.444
2024-10-14 20:36:00+00:00,0.473
2024-10-14 20:42:00+00:00,0.502
2024-10-14 20:48:00+00:00,0.53
2024-10-14 20:54:00+00:00,0.557
2024-10-14 21:00:00+00:00,0.583
2024-10-14 21:06:00+00:00,0.608
2024-10-14 21:12:00+00:00,0.632
2024-10-14 21:18:00+00:00,0.655
2024-10-14 21:24:00+00:00,0.676
2024-10-14 21:30:00+00:00,0.697
2024-10-14 21:36:00+00:00,0.716
2024-10-14 21:42:00+00:00,0.734
2024-10-14 21:48:00+00:00,0.751
2024-10-14 21:54:00+00:00,0.766
2024-10-14 22:00:00+00:00,0.78
2024-10-14 22:06:00+00:00,0.793
2024-10-14 22:12:00+00:00,0.804
2024-10-14 22:18:00+00:00,0.814
2024-10-14 22:24:00+00:00,0.822
2024-10-14 22:30:00+00:00,0.828
2024-10-14 22:36:00+00:00,0.833
2024-10-14 22:42:00+00:00,0.836
2024-10-14 22:48:00+00:00,0.837
2024-10-14 22:54:00+00:00,0.837
2024-10-14 23:00:00+00:00,0.835
2024-10-14 23:06:00+00:00,0.831
2024-10-14 23:12:00+00:00,0.825
2024-10-14 23:18:00+00:00,0.817
2024-10-14 23:24:00+00:00,0.807
2024-10-14 23:30:00+00:00,0.795
2024-10-14 23:36:00+00:00,0.781
2024-10-14 23:42:00+00:00,0.765
2024-10-14 23:48:00+00:00,0.747
2024-10-14 23:54:00+00:00,0.727
2024-10-15 00:00:00+00:00,0.705
2024-10-15 00:06:00+00:00,0.68
2024-10-15 00:12:00+00:00,0.654
2024-10-15 00:18:00+00:00,0.626
2024-10-15 00:24:00+00:00,0.595
2024-10-15 00:30:00+00:00,0.563
2024-10-15 00:36:00+00:00,0.529
2024-10-15 00:42:00+00:00,0.493
2024-10-15 00:48:00+00:00,0.456
2024-10-15 00:54:00+00:00,0.417
2024-10-15 01:00:00+00:00,0.377
2024-10-15 01:06:00+00:00,0.335
2024-10-15 01:12:00+00:00,0.293
2024-10-15 01:18:00+00:00,0.249
2024-10-15 01:24:00+00:00,0.205
2024-10-15 01:30:00+00:00,0.16
2024-10-15 01:36:00+00:00,0.115
2024-10-15 01:42:00+00:00,0.069
2024-10-15 01:48:00+00:00,0.023
2024-10-15 01:54:00+00:00,-0.022
2024-10-15 02:00:00+00:00,-0.067
2024-10-15 02:06:00+00:00,-0.112
2024-10-15 02:12:00+00:00,-0.156
2024-10-15 02:18:00+00:00,-0.199
2024-10-15 02:24:00+00:00,-0.242
2024-10-15 02:30:00+00:00,-0.283
2024-10-15 02:36:00+00:00,-0.324
2024-10-15 02:42:00+00:00,-0.363
2024-10-15 02:48:00+00:00,-0.401
2024-10-15 02:54:00+00:00,-0.437
2024-10-15 03:00:00+00:00,-0.472
2024-10-15 03:06:00+00:00,-0.506
2024-10-15 03:12:00+00:00,-0.537
2024-10-15 03:18:00+00:00,-0.567
2024-10-15 03:24:00+00:00,-0.596
2024-10-15 03:30:00+00:00,-0.622
2024-10-15 03:36:00+00:00,-0.647
2024-10-15 03:42:00+00:00,-0.67
2024-10-15 03:48:00+00:00,-0.691
2024-10-15 03:54:00+00:00,-0.71
2024-10-15 04:00:00+00:00,-0.727
2024-10-15 04:06:00+00:00,-0.742
2024-10-15 04:12:00+00:00,-0.755
2024-10-15 04:18:00+00:00,-0.765
2024-10-15 04:24:00+00:00,-0.774
2024-10-15 04:30:00+00:00,-0.781
2024-10-15 04:36:00+00:00,-0.785
2024-10-15 04:42:00+00:00,-0.787
2024-10-15 04:48:00+00:00,-0.787
2024-10-15 04:54:00+00:00,-0.785
2024-10-15 05:00:00+00:00,-0.78
2024-10-15 05:06:00+00:00,-0.773
2024-10-15 05:12:00+00:00,-0.764
2024-10-15 05:18:00+00:00,-0.753
2024-10-15 05:24:00+00:00,-0.739
2024-10-15 05:30:00+00:00,-0.723
2024-10-15 05:36:00+00:00,-0.706
2024-10-15 05:42:00+00:00,-0.686
2024-10-15 05:48:00+00:00,-0.664
2024-10-15 05:54:00+00:00,-0.64
2024-10-15 06:00:00+00:00,-0.614
2024-10-15 06:06:00+00:00,-0.586
2024-10-15 06:12:00+00:00,-0.557
2024-10-15 06:18:00+00:00,-0.527
2024-10-15 06:24:00+00:00,-0.495
2024-10-15 06:30:00+00:00,-0.461
2024-10-15 06:36:00+00:00,-0.427
2024-10-15 06:42:00+00:00,-0.392
2024-10-15 06:48:00+00:00,-0.355
2024-10-15 06:54:00+00:00,-0.318
2024-10-15 07:00:00+00:00,-0.281
2024-10-15 07:06:00+00:00,-0.242
2024-10-15 07:12:00+00:00,-0.204
2024-10-15 07:18:00+00:00,-0.165
2024-10-15 07:24:00+00:00,-0.126
2024-10-15 07:30:00+00:00,-0.087
2024-10-15 07:36:00+00:00,-0.048
2024-10-15 07:42:00+00:00,-0.009
2024-10-15 07:48:00+00:00,0.03
2024-10-15 07:54:00+00:00,0.069
2024-10-15 08:00:00+00:00,0.107
2024-10-15 08:06:00+00:00,0.145
2024-10-15 08:12:00+00:00,0.182
2024-10-15 08:18:00+00:00,0.219
2024-10-15 08:24:00+00:00,0.255
2024-10-15 08:30:00+00:00,0.291
2024-10-15 08:36:00+00:00,0.326
2024-10-15 08:42:00+00:00,0.36
2024-10-15 08:48:00+00:00,0.394
2024-10-15 08:54:00+00:00,0.426
2024-10-15 09:00:00+00:00,0.458
2024-10-15 09:06:00+00:00,0.489
2024-10-15 09:12:00+00:00,0.519
2024-10-15 09:18:00+00:00,0.548
2024-10-15 09:24:00+00:00,0.576
2024-10-15 09:30:00+00:00,0.602
2024-10-15 09:36:00+00:00,0.628
2024-10-15 09:42:00+00:00,0.652
2024-10-15 09:48:00+00:00,0.675
2024-10-15 09:54:00+00:00,0.696
2024-10-15 10:00:00+00:00,0.717
2024-10-15 10:06:00+00:00,0.736
2024-10-15 10:12:00+00:00,0.753
2024-10-15 10:18:00+00:00,0.769
2024-10-15 10:24:00+00:00,0.784
2024-10-15 10:30:00+00:00,0.797
2024-10-15 10:36:00+00:00,0.808
2024-10-15 10:42:00+00:00,0.818
2024-10-15 10:48:00+00:00,0.826
2024-10-15 10:54:00+00:00,0.832
2024-10-15 11:00:00+00:00,0.836
2024-10-15 11:06:00+00:00,0.839
2024-10-15 11:12:00+00:00,0.84
2024-10-15 11:18:00+00:00,0.839
2024-10-15 11:24:00+00:00,0.837
2024-10-15 11:30:00+00:00,0.832
2024-10-15 11:36:00+00:00,0.825
2024-10-15 11:42:00+00:00,0.817
2024-10-15 11:48:00+00:00,0.806
2024-10-15 11:54:00+00:00,0.794
2024-10-15 12:00:00+00:00,0.779
2024-10-15 12:06:00+00:00,0.762
2024-10-15 12:12:00+00:00,0.743
2024-10-15 12:18:00+00:00,0.722
2024-10-15 12:24:00+00:00,0.699
2024-10-15 12:30:00+00:00,0.674
2024-10-15 12:36:00+00:00,0.647
2024-10-15 12:42:00+00:00,0.617
2024-10-15 12:48:00+00:00,0.586
2024-10-15 12:54:00+00:00,0.553
2024-10-15 13:00:00+00:00,0.518
2024-10-15 13:06:00+00:00,0.482
2024-10-15 13:12:00+00:00,0.444
2024-10-15 13:18:00+00:00,0.404
2024-10-15 13:24:00+00:00,0.363
2024-10-15 13:30:00+00:00,0.321
2024-10-15 13:36:00+00:00,0.278
2024-10-15 13:42:00+00:00,0.233
2024-10-15 13:48:00+00:00,0.188
2024-10-15 13:54:00+00:00,0.143
2024-10-15 14:00:00+00:00,0.097
2024-10-15 14:06:00+00:00,0.051
2024-10-15 14:12:00+00:00,0.005
2024-10-15 14:18:00+00:00,-0.041
2024-10-15 14:24:00+00:00,-0.087
2024-10-15 14:30:00+00:00,-0.132
2024-10-15 14:36:00+00:00,-0.176
2024-10-15 14:42:00+00:00,-0.22
2024-10-15 14:48:00+00:00,-0.263
2024-10-15 14:54:00+00:00,-0.305
2024-10-15 15:00:00+00:00,-0.345
2024-10-15 15:06:00+00:00,-0.385
2024-10-15 15:12:00+00:00,-0.423
2024-10-15 15:18:00+00:00,-0.459
2024-10-15 15:24:00+00:00,-0.494
2024-10-15 15:30:00+00:00,-0.528
2024-10-15 15:36:00+00:00,-0.559
2024-10-15 15:42:00+00:00,-0.589
2024-10-15 15:48:00+00:00,-0.618
2024-10-15 15:54:00+00:00,-0.644
2024-10-15 16:00:00+00:00,-0.669
2024-10-15 16:06:00+00:00,-0.692
2024-10-15 16:12:00+00:00,-0.713
2024-10-15 16:18:00+00:00,-0.731
2024-10-15 16:24:00+00:00,-0.748
2024-10-15 16:30:00+00:00,-0.763
2024-10-15 16:36:00+00:00,-0.776
2024-10-15 16:42:00+00:00,-0.787
2024-10-15 16:48:00+00:00,-0.796
2024-10-15 16:54:00+00:00,-0.802
2024-10-15 17:00:00+00:00,-0.806
2024-10-15 17:06:00+00:00,-0.809
2024-10-15 17:12:00+00:00,-0.808
2024-10-15 17:18:00+00:00,-0.806
2024-10-15 17:24:00+00:00,-0.801
2024-10-15 17:30:00+00:00,-0.795
2024-10-15 17:36:00+00:00,-0.785
2024-10-15 17:42:00+00:00,-0.774
2024-10-15 17:48:00+00:00,-0.76
2024-10-15 17:54:00+00:00,-0.745
2024-10-15 18:00:00+00:00,-0.727
2024-10-15 18:06:00+00:00,-0.707
2024-10-15 18:12:00+00:00,-0.685
2024-10-15 18:18:00+00:00,-0.661
2024-10-15 18:24:00+00:00,-0.635
2024-10-15 18:30:00+00:00,-0.608
2024-10-15 18:36:00+00:00,-0.579
2024-10-15 18:42:00+00:00,-0.548
2024-10-15 18:48:00+00:00,-0.516
2024-10-15 18:54:00+00:00,-0.483
2024-10-15 19:00:00+00:00,-0.448
2024-10-15 19:06:00+00:00,-0.413
2024-10-15 19:12:00+00:00,-0.377
2024-10-15 19:18:00+00:00,-0.339
2024-10-15 19:24:00+00:00,-0.301
2024-10-15 19:30:00+00:00,-0.263
2024-10-15 19:36:00+00:00,-0.224
2024-10-15 19:42:00+00:00,-0.185
2024-10-15 19:48:00+00:00,-0.145
2024-10-15 19:54:00+00:00,-0.106
2024-10-15 20:00:00+00:00,-0.066
2024-10-15 20:06:00+00:00,-0.027
2024-10-15 20:12:00+00:00,0.013
2024-10-15 20:18:00+00:00,0.052
2024-10-15 20:24:00+00:00,0.091
2024-10-15 20:30:00+00:00,0.13
2024-10-15 20:36:00+00:00,0.168
2024-10-15 20:42:00+00:00,0.206
2024-10-15 20:48:00+00:00,0.243
2024-10-15 20:54:00+00:00,0.28
2024-10-15 21:00:00+00:00,0.316
2024-10-15 21:06:00+00:00,0.352
2024-10-15 21:12:00+00:00,0.387
2024-10-15 21:18:00+00:00,0.421
2024-10-15 21:24:00+00:00,0.454
2024-10-15 21:30:00+00:00,0.486
2024-10-15 21:36:00+00:00,0.518
2024-10-15 21:42:00+00:00,0.548
2024-10-15 21:48:00+00:00,0.578
2024-10-15 21:54:00+00:00,0.606
2024-10-15 22:00:00+00:00,0.633
2024-10-15 22:06:00+00:00,0.659
2024-10-15 22:12:00+00:00,0.684
2024-10-15 22:18:00+00:00,0.708
2024-10-15 22:24:00+00:00,0.73
2024-10-15 22:30:00+00:00,0.751
2024-10-15 22:36:00+00:00,0.77
2024-10-15 22:42:00+00:00,0.788
2024-10-15 22:48:00+00:00,0.805
2024-10-15 22:54:00+00:00,0.82
2024-10-15 23:00:00+00:00,0.833
2024-10-15 23:06:00+00:00,0.844
2024-10-15 23:12:00+00:00,0.854
2024-10-15 23:18:00+00:00,0.862
2024-10-15 23:24:00+00:00,0.869
2024-10-15 23:30:00+00:00,0.873
2024-10-15 23:36:00+00:00,0.876
2024-10-15 23:42:00+00:00,0.877
2024-10-15 23:48:00+00:00,0.875
2024-10-15 23:54:00+00:00,0.872
2024-10-16 00:00:00+00:00,0.867
2024-10-16 00:06:00+00:00,0.859
2024-10-16 00:12:00+00:00,0.849
2024-10-16 00:18:00+00:00,0.837
2024-10-16 00:24:00+00:00,0.823
2024-10-16 00:30:00+00:00,0.807
2024-10-16 00:36:00+00:00,0.788
2024-10-16 00:42:00+00:00,0.768
2024-10-16 00:48:00+00:00,0.744
2024-10-16 00:54:00+00:00,0.719
2024-10-16 01:00:00+00:00,0.692
2024-10-16 01:06:00+00:00,0.662
2024-10-16 01:12:00+00:00,0.63
2024-10-16 01:18:00+00:00,0.596
2024-10-16 01:24:00+00:00,0.56
2024-10-16 01:30:00+00:00,0.522
2024-10-16 01:36:00+00:00,0.482
2024-10-16 01:42:00+00:00,0.44
2024-10-16 01:48:00+00:00,0.397
2024-10-16 01:54:00+00:00,0.353
2024-10-16 02:00:00+00:00,0.307
2024-10-16 02:06:00+00:00,0.26
2024-10-16 02:12:00+00:00,0.213
2024-10-16 02:18:00+00:00,0.164
2024-10-16 02:24:00+00:00,0.115
2024-10-16 02:30:00+00:00,0.066
2024-10-16 02:36:00+00:00,0.017
2024-10-16 02:42:00+00:00,-0.033
2024-10-16 02:48:00+00:00,-0.082
2024-10-16 02:54:00+00:00,-0.131
2024-10-16 03:00:00+00:00,-0.179
2024-10-16 03:06:00+00:00,-0.227
2024-10-16 03:12:00+00:00,-0.274
2024-10-16 03:18:00+00:00,-0.319
2024-10-16 03:24:00+00:00,-0.364
2024-10-16 03:30:00+00:00,-0.407
2024-10-16 03:36:00+00:00,-0.449
2024-10-16 03:42:00+00:00,-0.489
2024-10-16 03:48:00+00:00,-0.528
2024-10-16 03:54:00+00:00,-0.565
2024-10-16 04:00:00+00:00,-0.601
2024-10-16 04:06:00+00:00,-0.634
2024-10-16 04:12:00+00:00,-0.666
2024-10-16 04:18:00+00:00,-0.696
2024-10-16 04:24:00+00:00,-0.723
2024-10-16 04:30:00+00:00,-0.749
2024-10-16 04:36:00+00:00,-0.772
2024-10-16 04:42:00+00:00,-0.794
2024-10-16 04:48:00+00:00,-0.813
2024-10-16 04:54:00+00:00,-0.83
2024-10-16 05:00:00+00:00,-0.845
2024-10-16 05:06:00+00:00,-0.857
2024-10-16 05:12:00+00:00,-0.867
2024-10-16 05:18:00+00:00,-0.874
2024-10-16 05:24:00+00:00,-0.88
2024-10-16 05:30:00+00:00,-0.882
2024-10-16 05:36:00+00:00,-0.882
2024-10-16 05:42:00+00:00,-0.88
2024-10-16 05:48:00+00:00,-0.875
2024-10-16 05:54:00+00:00,-0.868
2024-10-16 06:00:00+00:00,-0.858
2024-10-16 06:06:00+00:00,-0.846
2024-10-16 06:12:00+00:00,-0.831
2024-10-16 06:18:00+00:00,-0.814
2024-10-16 06:24:00+00:00,-0.794
2024-10-16 06:30:00+00:00,-0.772
2024-10-16 06:36:00+00:00,-0.748
2024-10-16 06:42:00+00:00,-0.722
2024-10-16 06:48:00+00:00,-0.694
2024-10-16 06:54:00+00:00,-0.663
2024-10-16 07:00:00+00:00,-0.631
2024-10-16 07:06:00+00:00,-0.598
2024-10-16 07:12:00+00:00,-0.562
2024-10-16 07:18:00+00:00,-0.525
2024-10-16 07:24:00+00:00,-0.487
2024-10-16 07:30:00+00:00,-0.448
2024-10-16 07:36:00+00:00,-0.408
2024-10-16 07:42:00+00:00,-0.367
2024-10-16 07:48:00+00:00,-0.325
2024-10-16 07:54:00+00:00,-0.282
2024-10-16 08:00:00+00:00,-0.239
2024-10-16 08:06:00+00:00,-0.196
2024-10-16 08:12:00+00:00,-0.152
2024-10-16 08:18:00+00:00,-0.108
2024-10-16 08:24:00+00:00,-0.064
2024-10-16 08:30:00+00:00,-0.02
2024-10-16 08:36:00+00:00,0.023
2024-10-16 08:42:00+00:00,0.066
2024-10-16 08:48:00+00:00,0.11
2024-10-16 08:54:00+00:00,0.152
2024-10-16 09:00:00+00:00,0.194
2024-10-16 09:06:00+00:00,0.236
2024-10-16 09:12:00+00:00,0.277
2024-10-16 09:18:00+00:00,0.317
2024-10-16 09:24:00+00:00,0.357
2024-10-16 09:30:00+00:00,0.395
2024-10-16 09:36:00+00:00,0.433
2024-10-16 09:42:00+00:00,0.47
2024-10-16 09:48:00+00:00,0.506
2024-10-16 09:54:00+00:00,0.542
2024-10-16 10:00:00+00:00,0.576
2024-10-16 10:06:00+00:00,0.608
2024-10-16 10:12:00+00:00,0.64
2024-10-16 10:18:00+00:00,0.671
2024-10-16 10:24:00+00:00,0.7
2024-10-16 10:30:00+00:00,0.728
2024-10-16 10:36:00+00:00,0.754
2024-10-16 10:42:00+00:00,0.779
2024-10-16 10:48:00+00:00,0.803
2024-10-16 10:54:00+00:00,0.825
2024-10-16 11:00:00+00:00,0.846
2024-10-16 11:06:00+00:00,0.865
2024-10-16 11:12:00+00:00,0.882
2024-10-16 11:18:00+00:00,0.897
2024-10-16 11:24:00+00:00,0.911
2024-10-16 11:30:00+00:00,0.923
2024-10-16 11:36:00+00:00,0.934
2024-10-16 11:42:00+00:00,0.942
2024-10-16 11:48:00+00:00,0.949
2024-10-16 11:54:00+00:00,0.953
2024-10-16 12:00:00+00:00,0.956
2024-10-16 12:06:00+00:00,0.957
2024-10-16 12:12:00+00:00,0.955
2024-10-16 12:18:00+00:00,0.952
2024-10-16 12:24:00+00:00,0.946
2024-10-16 12:30:00+00:00,0.938
2024-10-16 12:36:00+00:00,0.928
2024-10-16 12:42:00+00:00,0.916
2024-10-16 12:48:00+00:00,0.902
2024-10-16 12:54:00+00:00,0.885
2024-10-16 13:00:00+00:00,0.866
2024-10-16 13:06:00+00:00,0.845
2024-10-16 13:12:00+00:00,0.821
2024-10-16 13:18:00+00:00,0.796
2024-10-16 13:24:00+00:00,0.767
2024-10-16 13:30:00+00:00,0.737
2024-10-16 13:36:00+00:00,0.705
2024-10-16 13:42:00+00:00,0.67
2024-10-16 13:48:00+00:00,0.633
2024-10-16 13:54:00+00:00,0.595
2024-10-16 14:00:00+00:00,0.555
2024-10-16 14:06:00+00:00,0.512
2024-10-16 14:12:00+00:00,0.469
2024-10-16 14:18:00+00:00,0.424
2024-10-16 14:24:00+00:00,0.377
2024-10-16 14:30:00+00:00,0.33
2024-10-16 14:36:00+00:00,0.281
2024-10-16 14:42:00+00:00,0.232
2024-10-16 14:48:00+00:00,0.182
2024-10-16 14:54:00+00:00,0.132
2024-10-16 15:00:00+00:00,0.082
2024-10-16 15:06:00+00:00,0.031
2024-10-16 15:12:00+00:00,-0.019
2024-10-16 15:18:00+00:00,-0.069
2024-10-16 15:24:00+00:00,-0.118
2024-10-16 15:30:00+00:00,-0.167
2024-10-16 15:36:00+00:00,-0.215
2024-10-16 15:42:00+00:00,-0.262
2024-10-16 15:48:00+00:00,-0.307
2024-10-16 15:54:00+00:00,-0.352
2024-10-16 16:00:00+00:00,-0.395
2024-10-16 16:06:00+00:00,-0.437
2024-10-16 16:12:00+00:00,-0.477
2024-10-16 16:18:00+00:00,-0.516
2024-10-16 16:24:00+00:00,-0.553
2024-10-16 16:30:00+00:00,-0.588
2024-10-16 16:36:00+00:00,-0.621
2024-10-16 16:42:00+00:00,-0.652
2024-10-16 16:48:00+00:00,-0.682
2024-10-16 16:54:00+00:00,-0.709
2024-10-16 17:00:00+00:00,-0.735
2024-10-16 17:06:00+00:00,-0.758
2024-10-16 17:12:00+00:00,-0.779
2024-10-16 17:18:00+00:00,-0.798
2024-10-16 17:24:00+00:00,-0.815
2024-10-16 17:30:00+00:00,-0.829
2024-10-16 17:36:00+00:00,-0.841
2024-10-16 17:42:00+00:00,-0.851
2024-10-16 17:48:00+00:00,-0.859
2024-10-16 17:54:00+00:00,-0.864
2024-10-16 18:00:00+00:00,-0.867
2024-10-16 18:06:00+00:00,-0.867
2024-10-16 18:12:00+00:00,-0.865
2024-10-16 18:18:00+00:00,-0.86
2024-10-16 18:24:00+00:00,-0.853
2024-10-16 18:30:00+00:00,-0.843
2024-10-16 18:36:00+00:00,-0.831
2024-10-16 18:42:00+00:00,-0.817
2024-10-16 18:48:00+00:00,-0.8
2024-10-16 18:54:00+00:00,-0.781
2024-10-16 19:00:00+00:00,-0.76
2024-10-16 19:06:00+00:00,-0.736
2024-10-16 19:12:00+00:00,-0.711
2024-10-16 19:18:00+00:00,-0.684
2024-10-16 19:24:00+00:00,-0.654
2024-10-16 19:30:00+00:00,-0.623
2024-10-16 19:36:00+00:00,-0.591
2024-10-16 19:42:00+00:00,-0.557
2024-10-16 19:48:00+00:00,-0.522
2024-10-16 19:54:00+00:00,-0.485
2024-10-16 20:00:00+00:00,-0.447
2024-10-16 20:06:00+00:00,-0.409
2024-10-16 20:12:00+00:00,-0.37
2024-10-16 20:18:00+00:00,-0.33
2024-10-16 20:24:00+00:00,-0.289
2024-10-16 20:30:00+00:00,-0.248
2024-10-16 20:36:00+00:00,-0.207
2024-10-16 20:42:00+00:00,-0.165
2024-10-16 20:48:00+00:00,-0.123
2024-10-16 20:54:00+00:00,-0.082
2024-10-16 21:00:00+00:00,-0.04
2024-10-16 21:06:00+00:00,0.001
2024-10-16 21:12:00+00:00,0.043
2024-10-16 21:18:00+00:00,0.084
2024-10-16 21:24:00+00:00,0.124
2024-10-16 21:30:00+00:00,0.164
2024-10-16 21:36:00+00:00,0.204
2024-10-16 21:42:00+00:00,0.243
2024-10-16 21:48:00+00:00,0.281
2024-10-16 21:54:00+00:00,0.319
2024-10-16 22:00:00+00:00,0.356
2024-10-16 22:06:00+00:00,0.392
2024-10-16 22:12:00+00:00,0.428
2024-10-16 22:18:00+00:00,0.462
2024-10-16 22:24:00+00:00,0.496
2024-10-16 22:30:00+00:00,0.529
2024-10-16 22:36:00+00:00,0.56
2024-10-16 22:42:00+00:00,0.59
2024-10-16 22:48:00+00:00,0.62
2024-10-16 22:54:00+00:00,0.648
2024-10-16 23:00:00+00:00,0.674
2024-10-16 23:06:00+00:00,0.7
2024-10-16 23:12:00+00:00,0.724
2024-10-16 23:18:00+00:00,0.746
2024-10-16 23:24:00+00:00,0.768
2024-10-16 23:30:00+00:00,0.787
2024-10-16 23:36:00+00:00,0.805
2024-10-16 23:42:00+00:00,0.821
2024-10-16 23:48:00+00:00,0.836
2024-10-16 23:54:00+00:00,0.849
2024-10-17 00:00:00+00:00,0.86
2024-10-17 00:06:00+00:00,0.869
2024-10-17 00:12:00+00:00,0.877
2024-10-17 00:18:00+00:00,0.882
2024-10-17 00:24:00+00:00,0.886
2024-10-17 00:30:00+00:00,0.887
2024-10-17 00:36:00+00:00,0.886
2024-10-17 00:42:00+00:00,0.884
2024-10-17 00:48:00+00:00,0.879
2024-10-17 00:54:00+00:00,0.872
2024-10-17 01:00:00+00:00,0.862
2024-10-17 01:06:00+00:00,0.85
2024-10-17 01:12:00+00:00,0.836
2024-10-17 01:18:00+00:00,0.82
2024-10-17 01:24:00+00:00,0.801
2024-10-17 01:30:00+00:00,0.78
2024-10-17 01:36:00+00:00,0.757
2024-10-17 01:42:00+00:00,0.731
2024-10-17 01:48:00+00:00,0.703
2024-10-17 01:54:00+00:00,0.672
2024-10-17 02:00:00+00:00,0.639
2024-10-17 02:06:00+00:00,0.604
2024-10-17 02:12:00+00:00,0.567
2024-10-17 02:18:00+00:00,0.528
2024-10-17 02:24:00+00:00,0.487
2024-10-17 02:30:00+00:00,0.444
2024-10-17 02:36:00+00:00,0.399
2024-10-17 02:42:00+00:00,0.353
2024-10-17 02:48:00+00:00,0.305
2024-10-17 02:54:00+00:00,0.256
2024-10-17 03:00:00+00:00,0.206
2024-10-17 03:06:00+00:00,0.156
2024-10-17 03:12:00+00:00,0.104
2024-10-17 03:18:00+00:00,0.053
2024-10-17 03:24:00+00:00,0.001
2024-10-17 03:30:00+00:00,-0.051
2024-10-17 03:36:00+00:00,-0.103
2024-10-17 03:42:00+00:00,-0.155
2024-10-17 03:48:00+00:00,-0.206
2024-10-17 03:54:00+00:00,-0.256
2024-10-17 04:00:00+00:00,-0.306
2024-10-17 04:06:00+00:00,-0.354
2024-10-17 04:12:00+00:00,-0.401
2024-10-17 04:18:00+00:00,-0.447
2024-10-17 04:24:00+00:00,-0.492
2024-10-17 04:30:00+00:00,-0.535
2024-10-17 04:36:00+00:00,-0.576
2024-10-17 04:42:00+00:00,-0.615
2024-10-17 04:48:00+00:00,-0.653
2024-10-17 04:54:00+00:00,-0.688
2024-10-17 05:00:00+00:00,-0.722
2024-10-17 05:06:00+00:00,-0.754
2024-10-17 05:12:00+00:00,-0.783
2024-10-17 05:18:00+00:00,-0.81
2024-10-17 05:24:00+00:00,-0.835
2024-10-17 05:30:00+00:00,-0.858
2024-10-17 05:36:00+00:00,-0.878
2024-10-17 05:42:00+00:00,-0.896
2024-10-17 05:48:00+00:00,-0.911
2024-10-17 05:54:00+00:00,-0.924
2024-10-17 06:00:00+00:00,-0.934
2024-10-17 06:06:00+00:00,-0.942
2024-10-17 06:12:00+00:00,-0.947
2024-10-17 06:18:00+00:00,-0.949
2024-10-17 06:24:00+00:00,-0.949
2024-10-17 06:30:00+00:00,-0.947
2024-10-17 06:36:00+00:00,-0.941
2024-10-17 06:42:00+00:00,-0.933
2024-10-17 06:48:00+00:00,-0.922
2024-10-17 06:54:00+00:00,-0.909
2024-10-17 07:00:00+00:00,-0.893
2024-10-17 07:06:00+00:00,-0.874
2024-10-17 07:12:00+00:00,-0.853
2024-10-17 07:18:00+00:00,-0.829
2024-10-17 07:24:00+00:00,-0.803
2024-10-17 07:30:00+00:00,-0.775
2024-10-17 07:36:00+00:00,-0.744
2024-10-17 07:42:00+00:00,-0.712
2024-10-17 07:48:00+00:00,-0.677
2024-10-17 07:54:00+00:00,-0.641
2024-10-17 08:00:00+00:00,-0.603
2024-10-17 08:06:00+00:00,-0.564
2024-10-17 08:12:00+00:00,-0.523
2024-10-17 08:18:00+00:00,-0.481
2024-10-17 08:24:00+00:00,-0.438
2024-10-17 08:30:00+00:00,-0.393
2024-10-17 08:36:00+00:00,-0.348
2024-10-17 08:42:00+00:00,-0.303
2024-10-17 08:48:00+00:00,-0.257
2024-10-17 08:54:00+00:00,-0.21
2024-10-17 09:00:00+00:00,-0.163
2024-10-17 09:06:00+00:00,-0.116
2024-10-17 09:12:00+00:00,-0.069
2024-10-17 09:18:00+00:00,-0.022
2024-10-17 09:24:00+00:00,0.024
2024-10-17 09:30:00+00:00,0.071
2024-10-17 09:36:00+00:00,0.117
2024-10-17 09:42:00+00:00,0.162
2024-10-17 09:48:00+00:00,0.208
2024-10-17 09:54:00+00:00,0.252
2024-10-17 10:00:00+00:00,0.296
2024-10-17 10:06:00+00:00,0.339
2024-10-17 10:12:00+00:00,0.382
2024-10-17 10:18:00+00:00,0.423
2024-10-17 10:24:00+00:00,0.464
2024-10-17 10:30:00+00:00,0.504
2024-10-17 10:36:00+00:00,0.542
2024-10-17 10:42:00+00:00,0.58
2024-10-17 10:48:00+00:00,0.617
2024-10-17 10:54:00+00:00,0.652
2024-10-17 11:00:00+00:00,0.686
2024-10-17 11:06:00+00:00,0.719
2024-10-17 11:12:00+00:00,0.751
2024-10-17 11:18:00+00:00,0.781
2024-10-17 11:24:00+00:00,0.81
2024-10-17 11:30:00+00:00,0.837
2024-10-17 11:36:00+00:00,0.863
2024-10-17 11:42:00+00:00,0.887
2024-10-17 11:48:00+00:00,0.91
2024-10-17 11:54:00+00:00,0.931
2024-10-17 12:00:00+00:00,0.95
2024-10-17 12:06:00+00:00,0.967
2024-10-17 12:12:00+00:00,0.983
2024-10-17 12:18:00+00:00,0.997
2024-10-17 12:24:00+00:00,1.009
2024-10-17 12:30:00+00:00,1.019
2024-10-17 12:36:00+00:00,1.027
2024-10-17 12:42:00+00:00,1.033
2024-10-17 12:48:00+00:00,1.037
2024-10-17 12:54:00+00:00,1.039
2024-10-17 13:00:00+00:00,1.039
2024-10-17 13:06:00+00:00,1.037
2024-10-17 13:12:00+00:00,1.032
2024-10-17 13:18:00+00:00,1.025
2024-10-17 13:24:00+00:00,1.016
2024-10-17 13:30:00+00:00,1.005
2024-10-17 13:36:00+00:00,0.991
2024-10-17 13:42:00+00:00,0.975
2024-10-17 13:48:00+00:00,0.956
2024-10-17 13:54:00+00:00,0.935
2024-10-17 14:00:00+00:00,0.912
2024-10-17 14:06:00+00:00,0.886
2024-10-17 14:12:00+00:00,0.858
2024-10-17 14:18:00+00:00,0.827
2024-10-17 14:24:00+00:00,0.794
2024-10-17 14:30:00+00:00,0.759
2024-10-17 14:36:00+00:00,0.722
2024-10-17 14:42:00+00:00,0.682
2024-10-17 14:48:00+00:00,0.641
2024-10-17 14:54:00+00:00,0.598
2024-10-17 15:00:00+00:00,0.552
2024-10-17 15:06:00+00:00,0.506
2024-10-17 15:12:00+00:00,0.458
2024-10-17 15:18:00+00:00,0.408
2024-10-17 15:24:00+00:00,0.358
2024-10-17 15:30:00+00:00,0.306
2024-10-17 15:36:00+00:00,0.254
2024-10-17 15:42:00+00:00,0.202
2024-10-17 15:48:00+00:00,0.149
2024-10-17 15:54:00+00:00,0.095
2024-10-17 16:00:00+00:00,0.042
2024-10-17 16:06:00+00:00,-0.011
2024-10-17 16:12:00+00:00,-0.063
2024-10-17 16:18:00+00:00,-0.115
2024-10-17 16:24:00+00:00,-0.166
2024-10-17 16:30:00+00:00,-0.216
2024-10-17 16:36:00+00:00,-0.265
2024-10-17 16:42:00+00:00,-0.313
2024-10-17 16:48:00+00:00,-0.36
2024-10-17 16:54:00+00:00,-0.405
2024-10-17 17:00:00+00:00,-0.449
2024-10-17 17:06:00+00:00,-0.491
2024-10-17 17:12:00+00:00,-0.531
2024-10-17 17:18:00+00:00,-0.569
2024-10-17 17:24:00+00:00,-0.606
2024-10-17 17:30:00+00:00,-0.641
2024-10-17 17:36:00+00:00,-0.673
2024-10-17 17:42:00+00:00,-0.704
2024-10-17 17:48:00+00:00,-0.732
2024-10-17 17:54:00+00:00,-0.758
2024-10-17 18:00:00+00:00,-0.782
2024-10-17 18:06:00+00:00,-0.804
2024-10-17 18:12:00+00:00,-0.823
2024-10-17 18:18:00+00:00,-0.84
2024-10-17 18:24:00+00:00,-0.855
2024-10-17 18:30:00+00:00,-0.867
2024-10-17 18:36:00+00:00,-0.877
2024-10-17 18:42:00+00:00,-0.884
2024-10-17 18:48:00+00:00,-0.889
2024-10-17 18:54:00+00:00,-0.891
2024-10-17 19:00:00+00:00,-0.891
2024-10-17 19:06:00+00:00,-0.888
2024-10-17 19:12:00+00:00,-0.882
2024-10-17 19:18:00+00:00,-0.874
2024-10-17 19:24:00+00:00,-0.863
2024-10-17 19:30:00+00:00,-0.85
2024-10-17 19:36:00+00:00,-0.835
2024-10-17 19:42:00+00:00,-0.817
2024-10-17 19:48:00+00:00,-0.797
2024-10-17 19:54:00+00:00,-0.774
2024-10-17 20:00:00+00:00,-0.75
2024-10-17 20:06:00+00:00,-0.723
2024-10-17 20:12:00+00:00,-0.695
2024-10-17 20:18:00+00:00,-0.664
2024-10-17 20:24:00+00:00,-0.632
2024-10-17 20:30:00+00:00,-0.599
2024-10-17 20:36:00+00:00,-0.564
2024-10-17 20:42:00+00:00,-0.527
2024-10-17 20:48:00+00:00,-0.49
2024-10-17 20:54:00+00:00,-0.452
2024-10-17 21:00:00+00:00,-0.412
2024-10-17 21:06:00+00:00,-0.372
2024-10-17 21:12:00+00:00,-0.332
2024-10-17 21:18:00+00:00,-0.29
2024-10-17 21:24:00+00:00,-0.249
2024-10-17 21:30:00+00:00,-0.207
2024-10-17 21:36:00+00:00,-0.165
2024-10-17 21:42:00+00:00,-0.123
2024-10-17 21:48:00+00:00,-0.081
2024-10-17 21:54:00+00:00,-0.04
2024-10-17 22:00:00+00:00,0.002
2024-10-17 22:06:00+00:00,0.043
2024-10-17 22:12:00+00:00,0.084
2024-10-17 22:18:00+00:00,0.125
2024-10-17 22:24:00+00:00,0.165
2024-10-17 22:30:00+00:00,0.204
2024-10-17 22:36:00+00:00,0.243
2024-10-17 22:42:00+00:00,0.282
2024-10-17 22:48:00+00:00,0.319
2024-10-17 22:54:00+00:00,0.356
2024-10-17 23:00:00+00:00,0.392
2024-10-17 23:06:00+00:00,0.427
2024-10-17 23:12:00+00:00,0.461
2024-10-17 23:18:00+00:00,0.494
2024-10-17 23:24:00+00:00,0.526
2024-10-17 23:30:00+00:00,0.557
2024-10-17 23:36:00+00:00,0.587
2024-10-17 23:42:00+00:00,0.616
2024-10-17 23:48:00+00:00,0.643
2024-10-17 23:54:00+00:00,0.669
2024-10-18 00:00:00+00:00,0.694
2024-10-18 00:06:00+00:00,0.717
2024-10-18 00:12:00+00:00,0.739
2024-10-18 00:18:00+00:00,0.759
2024-10-18 00:24:00+00:00,0.778
2024-10-18 00:30:00+00:00,0.795
2024-10-18 00:36:00+00:00,0.811
2024-10-18 00:42:00+00:00,0.824
2024-10-18 00:48:00+00:00,0.836
2024-10-18 00:54:00+00:00,0.846
2024-10-18 01:00:00+00:00,0.854
2024-10-18 01:06:00+00:00,0.86
2024-10-18 01:12:00+00:00,0.865
2024-10-18 01:18:00+00:00,0.867
2024-10-18 01:24:00+00:00,0.867
2024-10-18 01:30:00+00:00,0.865
2024-10-18 01:36:00+00:00,0.86
2024-10-18 01:42:00+00:00,0.854
2024-10-18 01:48:00+00:00,0.845
2024-10-18 01:54:00+00:00,0.834
2024-10-18 02:00:00+00:00,0.82
2024-10-18 02:06:00+00:00,0.805
2024-10-18 02:12:00+00:00,0.786
2024-10-18 02:18:00+00:00,0.766
2024-10-18 02:24:00+00:00,0.742
2024-10-18 02:30:00+00:00,0.717
2024-10-18 02:36:00+00:00,0.689
2024-10-18 02:42:00+00:00,0.659
2024-10-18 02:48:00+00:00,0.626
2024-10-18 02:54:00+00:00,0.591
2024-10-18 03:00:00+00:00,0.554
2024-10-18 03:06:00+00:00,0.515
2024-10-18 03:12:00+00:00,0.473
2024-10-18 03:18:00+00:00,0.43
2024-10-18 03:24:00+00:00,0.385
2024-10-18 03:30:00+00:00,0.339
2024-10-18 03:36:00+00:00,0.291
2024-10-18 03:42:00+00:00,0.241
2024-10-18 03:48:00+00:00,0.191
2024-10-18 03:54:00+00:00,0.14
2024-10-18 04:00:00+00:00,0.088
2024-10-18 04:06:00+00:00,0.035
2024-10-18 04:12:00+00:00,-0.017
2024-10-18 04:18:00+00:00,-0.07
2024-10-18 04:24:00+00:00,-0.123
2024-10-18 04:30:00+00:00,-0.175
2024-10-18 04:36:00+00:00,-0.227
2024-10-18 04:42:00+00:00,-0.278
2024-10-18 04:48:00+00:00,-0.329
2024-10-18 04:54:00+00:00,-0.378
2024-10-18 05:00:00+00:00,-0.426
2024-10-18 05:06:00+00:00,-0.472
2024-10-18 05:12:00+00:00,-0.518
2024-10-18 05:18:00+00:00,-0.561
2024-10-18 05:24:00+00:00,-0.603
2024-10-18 05:30:00+00:00,-0.643
2024-10-18 05:36:00+00:00,-0.681
2024-10-18 05:42:00+00:00,-0.717
2024-10-18 05:48:00+00:00,-0.751
2024-10-18 05:54:00+00:00,-0.783
2024-10-18 06:00:00+00:00,-0.812
2024-10-18 06:06:00+00:00,-0.839
2024-10-18 06:12:00+00:00,-0.864
2024-10-18 06:18:00+00:00,-0.887
2024-10-18 06:24:00+00:00,-0.907
2024-10-18 06:30:00+00:00,-0.924
2024-10-18 06:36:00+00:00,-0.939
2024-10-18 06:42:00+00:00,-0.952
2024-10-18 06:48:00+00:00,-0.962
2024-10-18 06:54:00+00:00,-0.969
2024-10-18 07:00:00+00:00,-0.973
2024-10-18 07:06:00+00:00,-0.975
2024-10-18 07:12:00+00:00,-0.975
2024-10-18 07:18:00+00:00,-0.971
2024-10-18 07:24:00+00:00,-0.965
2024-10-18 07:30:00+00:00,-0.956
2024-10-18 07:36:00+00:00,-0.944
2024-10-18 07:42:00+00:00,-0.93
2024-10-18 07:48:00+00:00,-0.913
2024-10-18 07:54:00+00:00,-0.893
2024-10-18 08:00:00+00:00,-0.871
2024-10-18 08:06:00+00:00,-0.847
2024-10-18 08:12:00+00:00,-0.82
2024-10-18 08:18:00+00:00,-0.791
2024-10-18 08:24:00+00:00,-0.759
2024-10-18 08:30:00+00:00,-0.726
2024-10-18 08:36:00+00:00,-0.69
2024-10-18 08:42:00+00:00,-0.653
2024-10-18 08:48:00+00:00,-0.614
2024-10-18 08:54:00+00:00,-0.574
2024-10-18 09:00:00+00:00,-0.532
2024-10-18 09:06:00+00:00,-0.489
2024-10-18 09:12:00+00:00,-0.445
2024-10-18 09:18:00+00:00,-0.399
2024-10-18 09:24:00+00:00,-0.353
2024-10-18 09:30:00+00:00,-0.307
2024-10-18 09:36:00+00:00,-0.26
2024-10-18 09:42:00+00:00,-0.212
2024-10-18 09:48:00+00:00,-0.165
2024-10-18 09:54:00+00:00,-0.117
2024-10-18 10:00:00+00:00,-0.069
2024-10-18 10:06:00+00:00,-0.021
2024-10-18 10:12:00+00:00,0.026
2024-10-18 10:18:00+00:00,0.074
2024-10-18 10:24:00+00:00,0.121
2024-10-18 10:30:00+00:00,0.167
2024-10-18 10:36:00+00:00,0.213
2024-10-18 10:42:00+00:00,0.258
2024-10-18 10:48:00+00:00,0.303
2024-10-18 10:54:00+00:00,0.347
2024-10-18 11:00:00+00:00,0.39
2024-10-18 11:06:00+00:00,0.433
2024-10-18 11:12:00+00:00,0.474
2024-10-18 11:18:00+00:00,0.515
2024-10-18 11:24:00+00:00,0.554
2024-10-18 11:30:00+00:00,0.593
2024-10-18 11:36:00+00:00,0.63
2024-10-18 11:42:00+00:00,0.666
2024-10-18 11:48:00+00:00,0.701
2024-10-18 11:54:00+00:00,0.735
2024-10-18 12:00:00+00:00,0.768
2024-10-18 12:06:00+00:00,0.799
2024-10-18 12:12:00+00:00,0.829
2024-10-18 12:18:00+00:00,0.857
2024-10-18 12:24:00+00:00,0.884
2024-10-18 12:30:00+00:00,0.909
2024-10-18 12:36:00+00:00,0.933
2024-10-18 12:42:00+00:00,0.955
2024-10-18 12:48:00+00:00,0.975
2024-10-18 12:54:00+00:00,0.994
2024-10-18 13:00:00+00:00,1.011
2024-10-18 13:06:00+00:00,1.026
2024-10-18 13:12:00+00:00,1.039
2024-10-18 13:18:00+00:00,1.05
2024-10-18 13:24:00+00:00,1.06
2024-10-18 13:30:00+00:00,1.067
2024-10-18 13:36:00+00:00,1.072
2024-10-18 13:42:00+00:00,1.075
2024-10-18 13:48:00+00:00,1.076
2024-10-18 13:54:00+00:00,1.075
2024-10-18 14:00:00+00:00,1.072
2024-10-18 14:06:00+00:00,1.066
2024-10-18 14:12:00+00:00,1.058
2024-10-18 14:18:00+00:00,1.048
2024-10-18 14:24:00+00:00,1.035
2024-10-18 14:30:00+00:00,1.02
2024-10-18 14:36:00+00:00,1.003
2024-10-18 14:42:00+00:00,0.983
2024-10-18 14:48:00+00:00,0.96
2024-10-18 14:54:00+00:00,0.935
2024-10-18 15:00:00+00:00,0.908
2024-10-18 15:06:00+00:00,0.878
2024-10-18 15:12:00+00:00,0.846
2024-10-18 15:18:00+00:00,0.811
2024-10-18 15:24:00+00:00,0.775
2024-10-18 15:30:00+00:00,0.736
2024-10-18 15:36:00+00:00,0.695
2024-10-18 15:42:00+00:00,0.652
2024-10-18 15:48:00+00:00,0.607
2024-10-18 15:54:00+00:00,0.56
2024-10-18 16:00:00+00:00,0.512
2024-10-18 16:06:00+00:00,0.463
2024-10-18 16:12:00+00:00,0.412
2024-10-18 16:18:00+00:00,0.36
2024-10-18 16:24:00+00:00,0.308
2024-10-18 16:30:00+00:00,0.255
2024-10-18 16:36:00+00:00,0.201
2024-10-18 16:42:00+00:00,0.147
2024-10-18 16:48:00+00:00,0.094
2024-10-18 16:54:00+00:00,0.04
2024-10-18 17:00:00+00:00,-0.013
2024-10-18 17:06:00+00:00,-0.066
2024-10-18 17:12:00+00:00,-0.118
2024-10-18 17:18:00+00:00,-0.169
2024-10-18 17:24:00+00:00,-0.22
2024-10-18 17:30:00+00:00,-0.269
2024-10-18 17:36:00+00:00,-0.316
2024-10-18 17:42:00+00:00,-0.363
2024-10-18 17:48:00+00:00,-0.407
2024-10-18 17:54:00+00:00,-0.45
2024-10-18 18:00:00+00:00,-0.492
2024-10-18 18:06:00+00:00,-0.531
2024-10-18 18:12:00+00:00,-0.569
2024-10-18 18:18:00+00:00,-0.605
2024-10-18 18:24:00+00:00,-0.639
2024-10-18 18:30:00+00:00,-0.67
2024-10-18 18:36:00+00:00,-0.7
2024-10-18 18:42:00+00:00,-0.727
2024-10-18 18:48:00+00:00,-0.752
2024-10-18 18:54:00+00:00,-0.775
2024-10-18 19:00:00+00:00,-0.796
2024-10-18 19:06:00+00:00,-0.814
2024-10-18 19:12:00+00:00,-0.83
2024-10-18 19:18:00+00:00,-0.844
2024-10-18 19:24:00+00:00,-0.855
2024-10-18 19:30:00+00:00,-0.863
2024-10-18 19:36:00+00:00,-0.869
2024-10-18 19:42:00+00:00,-0.873
2024-10-18 19:48:00+00:00,-0.874
2024-10-18 19:54:00+00:00,-0.873
2024-10-18 20:00:00+00:00,-0.869
2024-10-18 20:06:00+00:00,-0.862
2024-10-18 20:12:00+00:00,-0.853
2024-10-18 20:18:00+00:00,-0.842
2024-10-18 20:24:00+00:00,-0.828
2024-10-18 20:30:00+00:00,-0.812
2024-10-18 20:36:00+00:00,-0.793
2024-10-18 20:42:00+00:00,-0.773
2024-10-18 20:48:00+00:00,-0.75
2024-10-18 20:54:00+00:00,-0.725
2024-10-18 21:00:00+00:00,-0.699
2024-10-18 21:06:00+00:00,-0.67
2024-10-18 21:12:00+00:00,-0.64
2024-10-18 21:18:00+00:00,-0.608
2024-10-18 21:24:00+00:00,-0.575
2024-10-18 21:30:00+00:00,-0.541
2024-10-18 21:36:00+00:00,-0.505
2024-10-18 21:42:00+00:00,-0.468
2024-10-18 21:48:00+00:00,-0.431
2024-10-18 21:54:00+00:00,-0.393
2024-10-18 22:00:00+00:00,-0.354
2024-10-18 22:06:00+00:00,-0.314
2024-10-18 22:12:00+00:00,-0.275
2024-10-18 22:18:00+00:00,-0.235
2024-10-18 22:24:00+00:00,-0.194
2024-10-18 22:30:00+00:00,-0.154
2024-10-18 22:36:00+00:00,-0.114
2024-10-18 22:42:00+00:00,-0.074
2024-10-18 22:48:00+00:00,-0.034
2024-10-18 22:54:00+00:00,0.006
2024-10-18 23:00:00+00:00,0.046
2024-10-18 23:06:00+00:00,0.085
2024-10-18 23:12:00+00:00,0.124
2024-10-18 23:18:00+00:00,0.162
2024-10-18 23:24:00+00:00,0.199
2024-10-18 23:30:00+00:00,0.237
2024-10-18 23:36:00+00:00,0.273
2024-10-18 23:42:00+00:00,0.309
2024-10-18 23:48:00+00:00,0.344
2024-10-18 23:54:00+00:00,0.378
2024-10-19 00:00:00+00:00,0.411
2024-10-19 00:06:00+00:00,0.444
2024-10-19 00:12:00+00:00,0.475
2024-10-19 00:18:00+00:00,0.506
2024-10-19 00:24:00+00:00,0.535
2024-10-19 00:30:00+00:00,0.564
2024-10-19 00:36:00+00:00,0.591
2024-10-19 00:42:00+00:00,0.617
2024-10-19 00:48:00+00:00,0.641
2024-10-19 00:54:00+00:00,0.664
2024-10-19 01:00:00+00:00,0.686
2024-10-19 01:06:00+00:00,0.707
2024-10-19 01:12:00+00:00,0.726
2024-10-19 01:18:00+00:00,0.743
2024-10-19 01:24:00+00:00,0.759
2024-10-19 01:30:00+00:00,0.773
2024-10-19 01:36:00+00:00,0.785
2024-10-19 01:42:00+00:00,0.796
2024-10-19 01:48:00+00:00,0.804
2024-10-19 01:54:00+00:00,0.811
2024-10-19 02:00:00+00:00,0.816
2024-10-19 02:06:00+00:00,0.819
2024-10-19 02:12:00+00:00,0.82
2024-10-19 02:18:00+00:00,0.819
2024-10-19 02:24:00+00:00,0.815
2024-10-19 02:30:00+00:00,0.81
2024-10-19 02:36:00+00:00,0.802
2024-10-19 02:42:00+00:00,0.792
2024-10-19 02:48:00+00:00,0.78
2024-10-19 02:54:00+00:00,0.765
2024-10-19 03:00:00+00:00,0.748
2024-10-19 03:06:00+00:00,0.728
2024-10-19 03:12:00+00:00,0.706
2024-10-19 03:18:00+00:00,0.682
2024-10-19 03:24:00+00:00,0.655
2024-10-19 03:30:00+00:00,0.626
2024-10-19 03:36:00+00:00,0.595
2024-10-19 03:42:00+00:00,0.561
2024-10-19 03:48:00+00:00,0.526
2024-10-19 03:54:00+00:00,0.488
2024-10-19 04:00:00+00:00,0.448
2024-10-19 04:06:00+00:00,0.406
2024-10-19 04:12:00+00:00,0.362
2024-10-19 04:18:00+00:00,0.317
2024-10-19 04:24:00+00:00,0.27
2024-10-19 04:30:00+00:00,0.223
2024-10-19 04:36:00+00:00,0.174
2024-10-19 04:42:00+00:00,0.124
2024-10-19 04:48:00+00:00,0.073
2024-10-19 04:54:00+00:00,0.022
2024-10-19 05:00:00+00:00,-0.03
2024-10-19 05:06:00+00:00,-0.081
2024-10-19 05:12:00+00:00,-0.132
2024-10-19 05:18:00+00:00,-0.184
2024-10-19 05:24:00+00:00,-0.234
2024-10-19 05:30:00+00:00,-0.284
2024-10-19 05:36:00+00:00,-0.333
2024-10-19 05:42:00+00:00,-0.381
2024-10-19 05:48:00+00:00,-0.428
2024-10-19 05:54:00+00:00,-0.473
2024-10-19 06:00:00+00:00,-0.517
2024-10-19 06:06:00+00:00,-0.559
2024-10-19 06:12:00+00:00,-0.6
2024-10-19 06:18:00+00:00,-0.638
2024-10-19 06:24:00+00:00,-0.675
2024-10-19 06:30:00+00:00,-0.71
2024-10-19 06:36:00+00:00,-0.742
2024-10-19 06:42:00+00:00,-0.773
2024-10-19 06:48:00+00:00,-0.801
2024-10-19 06:54:00+00:00,-0.827
2024-10-19 07:00:00+00:00,-0.851
2024-10-19 07:06:00+00:00,-0.872
2024-10-19 07:12:00+00:00,-0.891
2024-10-19 07:18:00+00:00,-0.907
2024-10-19 07:24:00+00:00,-0.921
2024-10-19 07:30:00+00:00,-0.933
2024-10-19 07:36:00+00:00,-0.942
2024-10-19 07:42:00+00:00,-0.948
2024-10-19 07:48:00+00:00,-0.952
2024-10-19 07:54:00+00:00,-0.953
2024-10-19 08:00:00+00:00,-0.952
2024-10-19 08:06:00+00:00,-0.948
2024-10-19 08:12:00+00:00,-0.942
2024-10-19 08:18:00+00:00,-0.933
2024-10-19 08:24:00+00:00,-0.921
2024-10-19 08:30:00+00:00,-0.907
2024-10-19 08:36:00+00:00,-0.89
2024-10-19 08:42:00+00:00,-0.871
2024-10-19 08:48:00+00:00,-0.849
2024-10-19 08:54:00+00:00,-0.825
2024-10-19 09:00:00+00:00,-0.799
2024-10-19 09:06:00+00:00,-0.77
2024-10-19 09:12:00+00:00,-0.74
2024-10-19 09:18:00+00:00,-0.707
2024-10-19 09:24:00+00:00,-0.673
2024-10-19 09:30:00+00:00,-0.637
2024-10-19 09:36:00+00:00,-0.599
2024-10-19 09:42:00+00:00,-0.56
2024-10-19 09:48:00+00:00,-0.519
2024-10-19 09:54:00+00:00,-0.477
2024-10-19 10:00:00+00:00,-0.435
2024-10-19 10:06:00+00:00,-0.391
2024-10-19 10:12:00+00:00,-0.346
2024-10-19 10:18:00+00:00,-0.301
2024-10-19 10:24:00+00:00,-0.256
2024-10-19 10:30:00+00:00,-0.21
2024-10-19 10:36:00+00:00,-0.163
2024-10-19 10:42:00+00:00,-0.117
2024-10-19 10:48:00+00:00,-0.071
2024-10-19 10:54:00+00:00,-0.025
2024-10-19 11:00:00+00:00,0.022
2024-10-19 11:06:00+00:00,0.067
2024-10-19 11:12:00+00:00,0.113
2024-10-19 11:18:00+00:00,0.158
2024-10-19 11:24:00+00:00,0.203
2024-10-19 11:30:00+00:00,0.247
2024-10-19 11:36:00+00:00,0.29
2024-10-19 11:42:00+00:00,0.333
2024-10-19 11:48:00+00:00,0.375
2024-10-19 11:54:00+00:00,0.416
2024-10-19 12:00:00+00:00,0.457
2024-10-19 12:06:00+00:00,0.496
2024-10-19 12:12:00+00:00,0.535
2024-10-19 12:18:00+00:00,0.573
2024-10-19 12:24:00+00:00,0.609
2024-10-19 12:30:00+00:00,0.645
2024-10-19 12:36:00+00:00,0.68
2024-10-19 12:42:00+00:00,0.713
2024-10-19 12:48:00+00:00,0.745
2024-10-19 12:54:00+00:00,0.776
2024-10-19 13:00:00+00:00,0.806
2024-10-19 13:06:00+00:00,0.834
2024-10-19 13:12:00+00:00,0.861
2024-10-19 13:18:00+00:00,0.887
2024-10-19 13:24:00+00:00,0.911
2024-10-19 13:30:00+00:00,0.933
2024-10-19 13:36:00+00:00,0.954
2024-10-19 13:42:00+00:00,0.973
2024-10-19 13:48:00+00:00,0.991
2024-10-19 13:54:00+00:00,1.007
2024-10-19 14:00:00+00:00,1.021
2024-10-19 14:06:00+00:00,1.033
2024-10-19 14:12:00+00:00,1.043
2024-10-19 14:18:00+00:00,1.051
2024-10-19 14:24:00+00:00,1.058
2024-10-19 14:30:00+00:00,1.062
2024-10-19 14:36:00+00:00,1.064
2024-10-19 14:42:00+00:00,1.064
2024-10-19 14:48:00+00:00,1.062
2024-10-19 14:54:00+00:00,1.058
2024-10-19 15:00:00+00:00,1.052
2024-10-19 15:06:00+00:00,1.043
2024-10-19 15:12:00+00:00,1.032
2024-10-19 15:18:00+00:00,1.019
2024-10-19 15:24:00+00:00,1.003
2024-10-19 15:30:00+00:00,0.984
2024-10-19 15:36:00+00:00,0.964
2024-10-19 15:42:00+00:00,0.941
2024-10-19 15:48:00+00:00,0.915
2024-10-19 15:54:00+00:00,0.887
2024-10-19 16:00:00+00:00,0.857
2024-10-19 16:06:00+00:00,0.824
2024-10-19 16:12:00+00:00,0.79
2024-10-19 16:18:00+00:00,0.753
2024-10-19 16:24:00+00:00,0.714
2024-10-19 16:30:00+00:00,0.673
2024-10-19 16:36:00+00:00,0.63
2024-10-19 16:42:00+00:00,0.585
2024-10-19 16:48:00+00:00,0.539
2024-10-19 16:54:00+00:00,0.492
2024-10-19 17:00:00+00:00,0.443
2024-10-19 17:06:00+00:00,0.393
2024-10-19 17:12:00+00:00,0.343
2024-10-19 17:18:00+00:00,0.292
2024-10-19 17:24:00+00:00,0.24
2024-10-19 17:30:00+00:00,0.188
2024-10-19 17:36:00+00:00,0.136
2024-10-19 17:42:00+00:00,0.084
2024-10-19 17:48:00+00:00,0.032
2024-10-19 17:54:00+00:00,-0.019
2024-10-19 18:00:00+00:00,-0.07
2024-10-19 18:06:00+00:00,-0.119
2024-10-19 18:12:00+00:00,-0.168
2024-10-19 18:18:00+00:00,-0.216
2024-10-19 18:24:00+00:00,-0.262
2024-10-19 18:30:00+00:00,-0.307
2024-10-19 18:36:00+00:00,-0.351
2024-10-19 18:42:00+00:00,-0.393
2024-10-19 18:48:00+00:00,-0.433
2024-10-19 18:54:00+00:00,-0.472
2024-10-19 19:00:00+00:00,-0.508
2024-10-19 19:06:00+00:00,-0.543
2024-10-19 19:12:00+00:00,-0.576
2024-10-19 19:18:00+00:00,-0.608
2024-10-19 19:24:00+00:00,-0.637
2024-10-19 19:30:00+00:00,-0.664
2024-10-19 19:36:00+00:00,-0.689
2024-10-19 19:42:00+00:00,-0.712
2024-10-19 19:48:00+00:00,-0.732
2024-10-19 19:54:00+00:00,-0.751
2024-10-19 20:00:00+00:00,-0.767
2024-10-19 20:06:00+00:00,-0.781
2024-10-19 20:12:00+00:00,-0.793
2024-10-19 20:18:00+00:00,-0.803
2024-10-19 20:24:00+00:00,-0.81
2024-10-19 20:30:00+00:00,-0.815
2024-10-19 20:36:00+00:00,-0.817
2024-10-19 20:42:00+00:00,-0.818
2024-10-19 20:48:00+00:00,-0.816
2024-10-19 20:54:00+00:00,-0.811
2024-10-19 21:00:00+00:00,-0.804
2024-10-19 21:06:00+00:00,-0.795
2024-10-19 21:12:00+00:00,-0.784
2024-10-19 21:18:00+00:00,-0.77
2024-10-19 21:24:00+00:00,-0.755
2024-10-19 21:30:00+00:00,-0.737
2024-10-19 21:36:00+00:00,-0.717
2024-10-19 21:42:00+00:00,-0.696
2024-10-19 21:48:00+00:00,-0.672
2024-10-19 21:54:00+00:00,-0.647
2024-10-19 22:00:00+00:00,-0.62
2024-10-19 22:06:00+00:00,-0.592
2024-10-19 22:12:00+00:00,-0.562
2024-10-19 22:18:00+00:00,-0.531
2024-10-19 22:24:00+00:00,-0.499
2024-10-19 22:30:00+00:00,-0.466
2024-10-19 22:36:00+00:00,-0.432
2024-10-19 22:42:00+00:00,-0.397
2024-10-19 22:48:00+00:00,-0.362
2024-10-19 22:54:00+00:00,-0.326
2024-10-19 23:00:00+00:00,-0.29
2024-10-19 23:06:00+00:00,-0.253
2024-10-19 23:12:00+00:00,-0.216
2024-10-19 23:18:00+00:00,-0.179
2024-10-19 23:24:00+00:00,-0.142
2024-10-19 23:30:00+00:00,-0.105
2024-10-19 23:36:00+00:00,-0.068
2024-10-19 23:42:00+00:00,-0.031
2024-10-19 23:48:00+00:00,0.006
2024-10-19 23:54:00+00:00,0.042
2024-10-20 00:00:00+00:00,0.078
