time_utc,value_original,qualifiers,record_missing,original_unit,discharge_m3s,flag_estimated,flag_provisional,flag_approved,site_id,parameter_code,source
2016-10-01 00:00:00+00:00,-17500.0,A,False,ft3/s,-495.54481536,False,False,True,2246500,60,"USGS NWIS IV 02246500 00060 (raw signed total discharge, not de-tided; negative = flood-tide reversal)"
2016-10-01 00:15:00+00:00,-25700.0,A,False,ft3/s,-727.7429574144,False,False,True,2246500,60,"USGS NWIS IV 02246500 00060 (raw signed total discharge, not de-tided; negative = flood-tide reversal)"
2016-10-01 00:30:00+00:00,-51200.0,A,False,ft3/s,-1449.8225455104,False,False,True,2246500,60,"USGS NWIS IV 02246500 00060 (raw signed total discharge, not de-tided; negative = flood-tide reversal)"
2016-10-01 00:45:00+00:00,-74400.0,A,False,ft3/s,-2106.7733864448,False,False,True,2246500,60,"USGS NWIS IV 02246500 00060 (raw signed total discharge, not de-tided; negative = flood-tide reversal)"
2016-10-01 01:00:00+00:00,-101000.0,A,False,ft3/s,-2860.001505792,False,False,True,2246500,60,"USGS NWIS IV 02246500 00060 (raw signed total discharge, not de-tided; negative = flood-tide reversal)"
2016-10-01 01:15:00+00:00,-128000.0,A,False,ft3/s,-3624.556363776,False,False,True,2246500,60,"USGS NWIS IV 02246500 00060 (raw signed total discharge, not de-tided; negative = flood-tide reversal)"
2016-10-01 01:30:00+00:00,-145000.0,A,False,ft3/s,-4105.94275584,False,False,True,2246500,60,"USGS NWIS IV 02246500 00060 (raw signed total discharge, not de-tided; negative = flood-tide reversal)"
2016-10-01 01:45:00+00:00,-127000.0,A,False,ft3/s,-3596.2395171840003,False,False,True,2246500,60,"USGS NWIS IV 02246500 00060 (raw signed total discharge, not de-tided; negative = flood-tide reversal)"
2016-10-01 02:00:00+00:00,-145000.0,A,False,ft3/s,-4105.94275584,False,False,True,2246500,60,"USGS NWIS IV 02246500 00060 (raw signed total discharge, not de-tided; negative = flood-tide reversal)"
2016-10-01 02:15:00+00:00,-161000.0,A,False,ft3/s,-4559.012301312,False,False,True,2246500,60,"USGS NWIS IV 02246500 00060 (raw signed total discharge, not de-tided; negative = flood-tide reversal)"
2016-10-01 02:30:00+00:00,-154000.0,A,False,ft3/s,-4360.794375168,False,False,True,2246500,60,"USGS NWIS IV 02246500 00060 (raw signed total discharge, not de-tided; negative = flood-tide reversal)"
2016-10-01 02:45:00+00:00,-159000.0,A,False,ft3/s,-4502.378608128,False,False,True,2246500,60,"USGS NWIS IV 02246500 00060 (raw signed total discharge, not de-tided; negative = flood-tide reversal)"
2016-10-01 03:00:00+00:00,-155000.0,A,False,ft3/s,-4389.11122176,False,False,True,2246500,60,"USGS NWIS IV 02246500 00060 (raw signed total discharge, not de-tided; negative = flood-tide reversal)"
2016-10-01 03:15:00+00:00,-158000.0,A,False,ft3/s,-4474.061761536,False,False,True,2246500,60,"USGS NWIS IV 02246500 00060 (raw signed total discharge, not de-tided; negative = flood-tide reversal)"
2016-10-01 03:30:00+00:00,-150000.0,A,False,ft3/s,-4247.5269888,False,False,True,2246500,60,"USGS NWIS IV 02246500 00060 (raw signed total discharge, not de-tided; negative = flood-tide reversal)"
2016-10-01 03:45:00+00:00,-164000.0,A,False,ft3/s,-4643.9628410880005,False,False,True,2246500,60,"USGS NWIS IV 02246500 00060 (raw signed total discharge, not de-tided; negative = flood-tide reversal)"
2016-10-01 04:00:00+00:00,-148000.0,A,False,ft3/s,-4190.893295616,False,False,True,2246500,60,"USGS NWIS IV 02246500 00060 (raw signed total discharge, not de-tided; negative = flood-tide reversal)"
2016-10-01 04:15:00+00:00,-141000.0,A,False,ft3/s,-3992.675369472,False,False,True,2246500,60,"USGS NWIS IV 02246500 00060 (raw signed total discharge, not de-tided; negative = flood-tide reversal)"
2016-10-01 04:30:00+00:00,-118000.0,A,False,ft3/s,-3341.387897856,False,False,True,2246500,60,"USGS NWIS IV 02246500 00060 (raw signed total discharge, not de-tided; negative = flood-tide reversal)"
2016-10-01 04:45:00+00:00,-104000.0,A,False,ft3/s,-2944.952045568,False,False,True,2246500,60,"USGS NWIS IV 02246500 00060 (raw signed total discharge, not de-tided; negative = flood-tide reversal)"
2016-10-01 05:00:00+00:00,-75900.0,A,False,ft3/s,-2149.2486563328,False,False,True,2246500,60,"USGS NWIS IV 02246500 00060 (raw signed total discharge, not de-tided; negative = flood-tide reversal)"
2016-10-01 05:15:00+00:00,-44100.0,A,False,ft3/s,-1248.7729347072,False,False,True,2246500,60,"USGS NWIS IV 02246500 00060 (raw signed total discharge, not de-tided; negative = flood-tide reversal)"
2016-10-01 05:30:00+00:00,-36800.0,A,False,ft3/s,-1042.0599545856,False,False,True,2246500,60,"USGS NWIS IV 02246500 00060 (raw signed total discharge, not de-tided; negative = flood-tide reversal)"
2016-10-01 05:45:00+00:00,-5310.0,A,False,ft3/s,-150.36245540352002,False,False,True,2246500,60,"USGS NWIS IV 02246500 00060 (raw signed total discharge, not de-tided; negative = flood-tide reversal)"
2016-10-01 06:00:00+00:00,10300.0,A,False,ft3/s,291.6635198976,False,False,True,2246500,60,"USGS NWIS IV 02246500 00060 (raw signed total discharge, not de-tided; negative = flood-tide reversal)"
2016-10-01 06:15:00+00:00,54700.0,A,False,ft3/s,1548.9315085824,False,False,True,2246500,60,"USGS NWIS IV 02246500 00060 (raw signed total discharge, not de-tided; negative = flood-tide reversal)"
2016-10-01 06:30:00+00:00,58900.0,A,False,ft3/s,1667.8622642688,False,False,True,2246500,60,"USGS NWIS IV 02246500 00060 (raw signed total discharge, not de-tided; negative = flood-tide reversal)"
2016-10-01 06:45:00+00:00,86100.0,A,False,ft3/s,2438.0804915712,False,False,True,2246500,60,"USGS NWIS IV 02246500 00060 (raw signed total discharge, not de-tided; negative = flood-tide reversal)"
2016-10-01 07:00:00+00:00,109000.0,A,False,ft3/s,3086.536278528,False,False,True,2246500,60,"USGS NWIS IV 02246500 00060 (raw signed total discharge, not de-tided; negative = flood-tide reversal)"
2016-10-01 07:15:00+00:00,119000.0,A,False,ft3/s,3369.704744448,False,False,True,2246500,60,"USGS NWIS IV 02246500 00060 (raw signed total discharge, not de-tided; negative = flood-tide reversal)"
2016-10-01 07:30:00+00:00,124000.0,A,False,ft3/s,3511.288977408,False,False,True,2246500,60,"USGS NWIS IV 02246500 00060 (raw signed total discharge, not de-tided; negative = flood-tide reversal)"
2016-10-01 07:45:00+00:00,123000.0,A,False,ft3/s,3482.972130816,False,False,True,2246500,60,"USGS NWIS IV 02246500 00060 (raw signed total discharge, not de-tided; negative = flood-tide reversal)"
2016-10-01 08:00:00+00:00,133000.0,A,False,ft3/s,3766.140596736,False,False,True,2246500,60,"USGS NWIS IV 02246500 00060 (raw signed total discharge, not de-tided; negative = flood-tide reversal)"
2016-10-01 08:15:00+00:00,123000.0,A,False,ft3/s,3482.972130816,False,False,True,2246500,60,"USGS NWIS IV 02246500 00060 (raw signed total discharge, not de-tided; negative = flood-tide reversal)"
2016-10-01 08:30:00+00:00,135000.0,A,False,ft3/s,3822.77428992,False,False,True,2246500,60,"USGS NWIS IV 02246500 00060 (raw signed total discharge, not de-tided; negative = flood-tide reversal)"
2016-10-01 08:45:00+00:00,141000.0,A,False,ft3/s,3992.675369472,False,False,True,2246500,60,"USGS NWIS IV 02246500 00060 (raw signed total discharge, not de-tided; negative = flood-tide reversal)"
2016-10-01 09:00:00+00:00,139000.0,A,False,ft3/s,3936.041676288,False,False,True,2246500,60,"USGS NWIS IV 02246500 00060 (raw signed total discharge, not de-tided; negative = flood-tide reversal)"
2016-10-01 09:15:00+00:00,148000.0,A,False,ft3/s,4190.893295616,False,False,True,2246500,60,"USGS NWIS IV 02246500 00060 (raw signed total discharge, not de-tided; negative = flood-tide reversal)"
2016-10-01 09:30:00+00:00,137000.0,A,False,ft3/s,3879.407983104,False,False,True,2246500,60,"USGS NWIS IV 02246500 00060 (raw signed total discharge, not de-tided; negative = flood-tide reversal)"
2016-10-01 09:45:00+00:00,142000.0,A,False,ft3/s,4020.992216064,False,False,True,2246500,60,"USGS NWIS IV 02246500 00060 (raw signed total discharge, not de-tided; negative = flood-tide reversal)"
2016-10-01 10:00:00+00:00,137000.0,A,False,ft3/s,3879.407983104,False,False,True,2246500,60,"USGS NWIS IV 02246500 00060 (raw signed total discharge, not de-tided; negative = flood-tide reversal)"
2016-10-01 10:15:00+00:00,123000.0,A,False,ft3/s,3482.972130816,False,False,True,2246500,60,"USGS NWIS IV 02246500 00060 (raw signed total discharge, not de-tided; negative = flood-tide reversal)"
2016-10-01 10:30:00+00:00,117000.0,A,False,ft3/s,3313.0710512640003,False,False,True,2246500,60,"USGS NWIS IV 02246500 00060 (raw signed total discharge, not de-tided; negative = flood-tide reversal)"
2016-10-01 10:45:00+00:00,108000.0,A,False,ft3/s,3058.219431936,False,False,True,2246500,60,"USGS NWIS IV 02246500 00060 (raw signed total discharge, not de-tided; negative = flood-tide reversal)"
2016-10-01 11:00:00+00:00,88300.0,A,False,ft3/s,2500.3775540736,False,False,True,2246500,60,"USGS NWIS IV 02246500 00060 (raw signed total discharge, not de-tided; negative = flood-tide reversal)"
2016-10-01 11:15:00+00:00,76800.0,A,False,ft3/s,2174.7338182656,False,False,True,2246500,60,"USGS NWIS IV 02246500 00060 (raw signed total discharge, not de-tided; negative = flood-tide reversal)"
2016-10-01 11:30:00+00:00,51700.0,A,False,ft3/s,1463.9809688064,False,False,True,2246500,60,"USGS NWIS IV 02246500 00060 (raw signed total discharge, not de-tided; negative = flood-tide reversal)"
2016-10-01 11:45:00+00:00,17900.0,A,False,ft3/s,506.8715539968,False,False,True,2246500,60,"USGS NWIS IV 02246500 00060 (raw signed total discharge, not de-tided; negative = flood-tide reversal)"
2016-10-01 12:00:00+00:00,9030.0,A,False,ft3/s,255.70112472576,False,False,True,2246500,60,"USGS NWIS IV 02246500 00060 (raw signed total discharge, not de-tided; negative = flood-tide reversal)"
2016-10-01 12:15:00+00:00,-17100.0,A,False,ft3/s,-484.2180767232,False,False,True,2246500,60,"USGS NWIS IV 02246500 00060 (raw signed total discharge, not de-tided; negative = flood-tide reversal)"
2016-10-01 12:30:00+00:00,-44700.0,A,False,ft3/s,-1265.7630426624,False,False,True,2246500,60,"USGS NWIS IV 02246500 00060 (raw signed total discharge, not de-tided; negative = flood-tide reversal)"
2016-10-01 12:45:00+00:00,-73300.0,A,False,ft3/s,-2075.6248551936,False,False,True,2246500,60,"USGS NWIS IV 02246500 00060 (raw signed total discharge, not de-tided; negative = flood-tide reversal)"
2016-10-01 13:00:00+00:00,-98900.0,A,False,ft3/s,-2800.5361279488,False,False,True,2246500,60,"USGS NWIS IV 02246500 00060 (raw signed total discharge, not de-tided; negative = flood-tide reversal)"
2016-10-01 13:15:00+00:00,-114000.0,A,False,ft3/s,-3228.120511488,False,False,True,2246500,60,"USGS NWIS IV 02246500 00060 (raw signed total discharge, not de-tided; negative = flood-tide reversal)"
2016-10-01 13:30:00+00:00,-147000.0,A,False,ft3/s,-4162.576449024,False,False,True,2246500,60,"USGS NWIS IV 02246500 00060 (raw signed total discharge, not de-tided; negative = flood-tide reversal)"
2016-10-01 13:45:00+00:00,-151000.0,A,False,ft3/s,-4275.843835392,False,False,True,2246500,60,"USGS NWIS IV 02246500 00060 (raw signed total discharge, not de-tided; negative = flood-tide reversal)"
2016-10-01 14:00:00+00:00,-145000.0,A,False,ft3/s,-4105.94275584,False,False,True,2246500,60,"USGS NWIS IV 02246500 00060 (raw signed total discharge, not de-tided; negative = flood-tide reversal)"
2016-10-01 14:15:00+00:00,-150000.0,A,False,ft3/s,-4247.5269888,False,False,True,2246500,60,"USGS NWIS IV 02246500 00060 (raw signed total discharge, not de-tided; negative = flood-tide reversal)"
2016-10-01 14:30:00+00:00,-149000.0,A,False,ft3/s,-4219.210142208,False,False,True,2246500,60,"USGS NWIS IV 02246500 00060 (raw signed total discharge, not de-tided; negative = flood-tide reversal)"
2016-10-01 14:45:00+00:00,-162000.0,A,False,ft3/s,-4587.329147904,False,False,True,2246500,60,"USGS NWIS IV 02246500 00060 (raw signed total discharge, not de-tided; negative = flood-tide reversal)"
2016-10-01 15:00:00+00:00,-165000.0,A,False,ft3/s,-4672.27968768,False,False,True,2246500,60,"USGS NWIS IV 02246500 00060 (raw signed total discharge, not de-tided; negative = flood-tide reversal)"
2016-10-01 15:15:00+00:00,-162000.0,A,False,ft3/s,-4587.329147904,False,False,True,2246500,60,"USGS NWIS IV 02246500 00060 (raw signed total discharge, not de-tided; negative = flood-tide reversal)"
2016-10-01 15:30:00+00:00,-164000.0,A,False,ft3/s,-4643.9628410880005,False,False,True,2246500,60,"USGS NWIS IV 02246500 00060 (raw signed total discharge, not de-tided; negative = flood-tide reversal)"
2016-10-01 15:45:00+00:00,-156000.0,A,False,ft3/s,-4417.428068352,False,False,True,2246500,60,"USGS NWIS IV 02246500 00060 (raw signed total discharge, not de-tided; negative = flood-tide reversal)"
2016-10-01 16:00:00+00:00,-157000.0,A,False,ft3/s,-4445.744914944,False,False,True,2246500,60,"USGS NWIS IV 02246500 00060 (raw signed total discharge, not de-tided; negative = flood-tide reversal)"
2016-10-01 16:15:00+00:00,-151000.0,A,False,ft3/s,-4275.843835392,False,False,True,2246500,60,"USGS NWIS IV 02246500 00060 (raw signed total discharge, not de-tided; negative = flood-tide reversal)"
2016-10-01 16:30:00+00:00,-136000.0,A,False,ft3/s,-3851.091136512,False,False,True,2246500,60,"USGS NWIS IV 02246500 00060 (raw signed total discharge, not de-tided; negative = flood-tide reversal)"
2016-10-01 16:45:00+00:00,-135000.0,A,False,ft3/s,-3822.77428992,False,False,True,2246500,60,"USGS NWIS IV 02246500 00060 (raw signed total discharge, not de-tided; negative = flood-tide reversal)"
2016-10-01 17:00:00+00:00,-118000.0,A,False,ft3/s,-3341.387897856,False,False,True,2246500,60,"USGS NWIS IV 02246500 00060 (raw signed total discharge, not de-tided; negative = flood-tide reversal)"
2016-10-01 17:15:00+00:00,-104000.0,A,False,ft3/s,-2944.952045568,False,False,True,2246500,60,"USGS NWIS IV 02246500 00060 (raw signed total discharge, not de-tided; negative = flood-tide reversal)"
2016-10-01 17:30:00+00:00,-80100.0,A,False,ft3/s,-2268.1794120192,False,False,True,2246500,60,"USGS NWIS IV 02246500 00060 (raw signed total discharge, not de-tided; negative = flood-tide reversal)"
2016-10-01 17:45:00+00:00,-44200.0,A,False,ft3/s,-1251.6046193664,False,False,True,2246500,60,"USGS NWIS IV 02246500 00060 (raw signed total discharge, not de-tided; negative = flood-tide reversal)"
2016-10-01 18:00:00+00:00,-33200.0,A,False,ft3/s,-940.1193068544,False,False,True,2246500,60,"USGS NWIS IV 02246500 00060 (raw signed total discharge, not de-tided; negative = flood-tide reversal)"
2016-10-01 18:15:00+00:00,-12000.0,A,False,ft3/s,-339.802159104,False,False,True,2246500,60,"USGS NWIS IV 02246500 00060 (raw signed total discharge, not de-tided; negative = flood-tide reversal)"
2016-10-01 18:30:00+00:00,8100.0,A,False,ft3/s,229.3664573952,False,False,True,2246500,60,"USGS NWIS IV 02246500 00060 (raw signed total discharge, not de-tided; negative = flood-tide reversal)"
2016-10-01 18:45:00+00:00,39700.0,A,False,ft3/s,1124.1788097024,False,False,True,2246500,60,"USGS NWIS IV 02246500 00060 (raw signed total discharge, not de-tided; negative = flood-tide reversal)"
2016-10-01 19:00:00+00:00,55600.0,A,False,ft3/s,1574.4166705152,False,False,True,2246500,60,"USGS NWIS IV 02246500 00060 (raw signed total discharge, not de-tided; negative = flood-tide reversal)"
2016-10-01 19:15:00+00:00,75800.0,A,False,ft3/s,2146.4169716736,False,False,True,2246500,60,"USGS NWIS IV 02246500 00060 (raw signed total discharge, not de-tided; negative = flood-tide reversal)"
2016-10-01 19:30:00+00:00,93700.0,A,False,ft3/s,2653.2885256704,False,False,True,2246500,60,"USGS NWIS IV 02246500 00060 (raw signed total discharge, not de-tided; negative = flood-tide reversal)"
2016-10-01 19:45:00+00:00,110000.0,A,False,ft3/s,3114.85312512,False,False,True,2246500,60,"USGS NWIS IV 02246500 00060 (raw signed total discharge, not de-tided; negative = flood-tide reversal)"
2016-10-01 20:00:00+00:00,117000.0,A,False,ft3/s,3313.0710512640003,False,False,True,2246500,60,"USGS NWIS IV 02246500 00060 (raw signed total discharge, not de-tided; negative = flood-tide reversal)"
2016-10-01 20:15:00+00:00,124000.0,A,False,ft3/s,3511.288977408,False,False,True,2246500,60,"USGS NWIS IV 02246500 00060 (raw signed total discharge, not de-tided; negative = flood-tide reversal)"
2016-10-01 20:30:00+00:00,131000.0,A,False,ft3/s,3709.506903552,False,False,True,2246500,60,"USGS NWIS IV 02246500 00060 (raw signed total discharge, not de-tided; negative = flood-tide reversal)"
2016-10-01 20:45:00+00:00,141000.0,A,False,ft3/s,3992.675369472,False,False,True,2246500,60,"USGS NWIS IV 02246500 00060 (raw signed total discharge, not de-tided; negative = flood-tide reversal)"
2016-10-01 21:00:00+00:00,141000.0,A,False,ft3/s,3992.675369472,False,False,True,2246500,60,"USGS NWIS IV 02246500 00060 (raw signed total discharge, not de-tided; negative = flood-tide reversal)"
2016-10-01 21:15:00+00:00,129000.0,A,False,ft3/s,3652.873210368,False,False,True,2246500,60,"USGS NWIS IV 02246500 00060 (raw signed total discharge, not de-tided; negative = flood-tide reversal)"
2016-10-01 21:30:00+00:00,139000.0,A,False,ft3/s,3936.041676288,False,False,True,2246500,60,"USGS NWIS IV 02246500 00060 (raw signed total discharge, not de-tided; negative = flood-tide reversal)"
2016-10-01 21:45:00+00:00,142000.0,A,False,ft3/s,4020.992216064,False,False,True,2246500,60,"USGS NWIS IV 02246500 00060 (raw signed total discharge, not de-tided; negative = flood-tide reversal)"
2016-10-01 22:00:00+00:00,140000.0,A,False,ft3/s,3964.35852288,False,False,True,2246500,60,"USGS NWIS IV 02246500 00060 (raw signed total discharge, not de-tided; negative = flood-tide reversal)"
2016-10-01 22:15:00+00:00,132000.0,A,False,ft3/s,3737.823750144,False,False,True,2246500,60,"USGS NWIS IV 02246500 00060 (raw signed total discharge, not de-tided; negative = flood-tide reversal)"
2016-10-01 22:30:00+00:00,124000.0,A,False,ft3/s,3511.288977408,False,False,True,2246500,60,"USGS NWIS IV 02246500 00060 (raw signed total discharge, not de-tided; negative = flood-tide reversal)"
2016-10-01 22:45:00+00:00,128000.0,A,False,ft3/s,3624.556363776,False,False,True,2246500,60,"USGS NWIS IV 02246500 00060 (raw signed total discharge, not de-tided; negative = flood-tide reversal)"
2016-10-01 23:00:00+00:00,122000.0,A,False,ft3/s,3454.6552842240003,False,False,True,2246500,60,"USGS NWIS IV 02246500 00060 (raw signed total discharge, not de-tided; negative = flood-tide reversal)"
2016-10-01 23:15:00+00:00,111000.0,A,False,ft3/s,3143.169971712,False,False,True,2246500,60,"USGS NWIS IV 02246500 00060 (raw signed total discharge, not de-tided; negative = flood-tide reversal)"
2016-10-01 23:30:00+00:00,88200.0,A,False,ft3/s,2497.5458694144,False,False,True,2246500,60,"USGS NWIS IV 02246500 00060 (raw signed total discharge, not de-tided; negative = flood-tide reversal)"
2016-10-01 23:45:00+00:00,59900.0,A,False,ft3/s,1696.1791108608,False,False,True,2246500,60,"USGS NWIS IV 02246500 00060 (raw signed total discharge, not de-tided; negative = flood-tide reversal)"
2016-10-02 00:00:00+00:00,49400.0,A,False,ft3/s,1398.8522216448,False,False,True,2246500,60,"USGS NWIS IV 02246500 00060 (raw signed total discharge, not de-tided; negative = flood-tide reversal)"
2016-10-02 00:15:00+00:00,21700.0,A,False,ft3/s,614.4755710464,False,False,True,2246500,60,"USGS NWIS IV 02246500 00060 (raw signed total discharge, not de-tided; negative = flood-tide reversal)"
2016-10-02 00:30:00+00:00,-3560.0,A,False,ft3/s,-100.80797386752,False,False,True,2246500,60,"USGS NWIS IV 02246500 00060 (raw signed total discharge, not de-tided; negative = flood-tide reversal)"
2016-10-02 00:45:00+00:00,-22600.0,A,False,ft3/s,-639.9607329792,False,False,True,2246500,60,"USGS NWIS IV 02246500 00060 (raw signed total discharge, not de-tided; negative = flood-tide reversal)"
2016-10-02 01:00:00+00:00,-58200.0,A,False,ft3/s,-1648.0404716544,False,False,True,2246500,60,"USGS NWIS IV 02246500 00060 (raw signed total discharge, not de-tided; negative = flood-tide reversal)"
2016-10-02 01:15:00+00:00,-89300.0,A,False,ft3/s,-2528.6944006656,False,False,True,2246500,60,"USGS NWIS IV 02246500 00060 (raw signed total discharge, not de-tided; negative = flood-tide reversal)"
2016-10-02 01:30:00+00:00,-100000.0,A,False,ft3/s,-2831.6846592,False,False,True,2246500,60,"USGS NWIS IV 02246500 00060 (raw signed total discharge, not de-tided; negative = flood-tide reversal)"
2016-10-02 01:45:00+00:00,-109000.0,A,False,ft3/s,-3086.536278528,False,False,True,2246500,60,"USGS NWIS IV 02246500 00060 (raw signed total discharge, not de-tided; negative = flood-tide reversal)"
2016-10-02 02:00:00+00:00,-130000.0,A,False,ft3/s,-3681.19005696,False,False,True,2246500,60,"USGS NWIS IV 02246500 00060 (raw signed total discharge, not de-tided; negative = flood-tide reversal)"
2016-10-02 02:15:00+00:00,-138000.0,A,False,ft3/s,-3907.724829696,False,False,True,2246500,60,"USGS NWIS IV 02246500 00060 (raw signed total discharge, not de-tided; negative = flood-tide reversal)"
2016-10-02 02:30:00+00:00,-139000.0,A,False,ft3/s,-3936.041676288,False,False,True,2246500,60,"USGS NWIS IV 02246500 00060 (raw signed total discharge, not de-tided; negative = flood-tide reversal)"
2016-10-02 02:45:00+00:00,-154000.0,A,False,ft3/s,-4360.794375168,False,False,True,2246500,60,"USGS NWIS IV 02246500 00060 (raw signed total discharge, not de-tided; negative = flood-tide reversal)"
2016-10-02 03:00:00+00:00,-159000.0,A,False,ft3/s,-4502.378608128,False,False,True,2246500,60,"USGS NWIS IV 02246500 00060 (raw signed total discharge, not de-tided; negative = flood-tide reversal)"
2016-10-02 03:15:00+00:00,-176000.0,A,False,ft3/s,-4983.765000192,False,False,True,2246500,60,"USGS NWIS IV 02246500 00060 (raw signed total discharge, not de-tided; negative = flood-tide reversal)"
2016-10-02 03:30:00+00:00,-168000.0,A,False,ft3/s,-4757.230227456,False,False,True,2246500,60,"USGS NWIS IV 02246500 00060 (raw signed total discharge, not de-tided; negative = flood-tide reversal)"
2016-10-02 03:45:00+00:00,-165000.0,A,False,ft3/s,-4672.27968768,False,False,True,2246500,60,"USGS NWIS IV 02246500 00060 (raw signed total discharge, not de-tided; negative = flood-tide reversal)"
2016-10-02 04:00:00+00:00,-151000.0,A,False,ft3/s,-4275.843835392,False,False,True,2246500,60,"USGS NWIS IV 02246500 00060 (raw signed total discharge, not de-tided; negative = flood-tide reversal)"
2016-10-02 04:15:00+00:00,-173000.0,A,False,ft3/s,-4898.814460416,False,False,True,2246500,60,"USGS NWIS IV 02246500 00060 (raw signed total discharge, not de-tided; negative = flood-tide reversal)"
2016-10-02 04:30:00+00:00,-173000.0,A,False,ft3/s,-4898.814460416,False,False,True,2246500,60,"USGS NWIS IV 02246500 00060 (raw signed total discharge, not de-tided; negative = flood-tide reversal)"
2016-10-02 04:45:00+00:00,-148000.0,A,False,ft3/s,-4190.893295616,False,False,True,2246500,60,"USGS NWIS IV 02246500 00060 (raw signed total discharge, not de-tided; negative = flood-tide reversal)"
2016-10-02 05:00:00+00:00,-126000.0,A,False,ft3/s,-3567.922670592,False,False,True,2246500,60,"USGS NWIS IV 02246500 00060 (raw signed total discharge, not de-tided; negative = flood-tide reversal)"
2016-10-02 05:15:00+00:00,-116000.0,A,False,ft3/s,-3284.754204672,False,False,True,2246500,60,"USGS NWIS IV 02246500 00060 (raw signed total discharge, not de-tided; negative = flood-tide reversal)"
2016-10-02 05:30:00+00:00,-105000.0,A,False,ft3/s,-2973.26889216,False,False,True,2246500,60,"USGS NWIS IV 02246500 00060 (raw signed total discharge, not de-tided; negative = flood-tide reversal)"
2016-10-02 05:45:00+00:00,-79500.0,A,False,ft3/s,-2251.189304064,False,False,True,2246500,60,"USGS NWIS IV 02246500 00060 (raw signed total discharge, not de-tided; negative = flood-tide reversal)"
2016-10-02 06:00:00+00:00,-70100.0,A,False,ft3/s,-1985.0109460992,False,False,True,2246500,60,"USGS NWIS IV 02246500 00060 (raw signed total discharge, not de-tided; negative = flood-tide reversal)"
2016-10-02 06:15:00+00:00,-48200.0,A,False,ft3/s,-1364.8720057344,False,False,True,2246500,60,"USGS NWIS IV 02246500 00060 (raw signed total discharge, not de-tided; negative = flood-tide reversal)"
2016-10-02 06:30:00+00:00,-15200.0,A,False,ft3/s,-430.4160681984,False,False,True,2246500,60,"USGS NWIS IV 02246500 00060 (raw signed total discharge, not de-tided; negative = flood-tide reversal)"
2016-10-02 06:45:00+00:00,12200.0,A,False,ft3/s,345.4655284224,False,False,True,2246500,60,"USGS NWIS IV 02246500 00060 (raw signed total discharge, not de-tided; negative = flood-tide reversal)"
2016-10-02 07:00:00+00:00,50100.0,A,False,ft3/s,1418.6740142592,False,False,True,2246500,60,"USGS NWIS IV 02246500 00060 (raw signed total discharge, not de-tided; negative = flood-tide reversal)"
2016-10-02 07:15:00+00:00,58000.0,A,False,ft3/s,1642.377102336,False,False,True,2246500,60,"USGS NWIS IV 02246500 00060 (raw signed total discharge, not de-tided; negative = flood-tide reversal)"
2016-10-02 07:30:00+00:00,83200.0,A,False,ft3/s,2355.9616364544,False,False,True,2246500,60,"USGS NWIS IV 02246500 00060 (raw signed total discharge, not de-tided; negative = flood-tide reversal)"
2016-10-02 07:45:00+00:00,101000.0,A,False,ft3/s,2860.001505792,False,False,True,2246500,60,"USGS NWIS IV 02246500 00060 (raw signed total discharge, not de-tided; negative = flood-tide reversal)"
2016-10-02 08:00:00+00:00,113000.0,A,False,ft3/s,3199.803664896,False,False,True,2246500,60,"USGS NWIS IV 02246500 00060 (raw signed total discharge, not de-tided; negative = flood-tide reversal)"
2016-10-02 08:15:00+00:00,125000.0,A,False,ft3/s,3539.605824,False,False,True,2246500,60,"USGS NWIS IV 02246500 00060 (raw signed total discharge, not de-tided; negative = flood-tide reversal)"
2016-10-02 08:30:00+00:00,135000.0,A,False,ft3/s,3822.77428992,False,False,True,2246500,60,"USGS NWIS IV 02246500 00060 (raw signed total discharge, not de-tided; negative = flood-tide reversal)"
2016-10-02 08:45:00+00:00,140000.0,A,False,ft3/s,3964.35852288,False,False,True,2246500,60,"USGS NWIS IV 02246500 00060 (raw signed total discharge, not de-tided; negative = flood-tide reversal)"
2016-10-02 09:00:00+00:00,142000.0,A,False,ft3/s,4020.992216064,False,False,True,2246500,60,"USGS NWIS IV 02246500 00060 (raw signed total discharge, not de-tided; negative = flood-tide reversal)"
2016-10-02 09:15:00+00:00,145000.0,A,False,ft3/s,4105.94275584,False,False,True,2246500,60,"USGS NWIS IV 02246500 00060 (raw signed total discharge, not de-tided; negative = flood-tide reversal)"
2016-10-02 09:30:00+00:00,135000.0,A,False,ft3/s,3822.77428992,False,False,True,2246500,60,"USGS NWIS IV 02246500 00060 (raw signed total discharge, not de-tided; negative = flood-tide reversal)"
2016-10-02 09:45:00+00:00,135000.0,A,False,ft3/s,3822.77428992,False,False,True,2246500,60,"USGS NWIS IV 02246500 00060 (raw signed total discharge, not de-tided; negative = flood-tide reversal)"
2016-10-02 10:00:00+00:00,140000.0,A,False,ft3/s,3964.35852288,False,False,True,2246500,60,"USGS NWIS IV 02246500 00060 (raw signed total discharge, not de-tided; negative = flood-tide reversal)"
2016-10-02 10:15:00+00:00,136000.0,A,False,ft3/s,3851.091136512,False,False,True,2246500,60,"USGS NWIS IV 02246500 00060 (raw signed total discharge, not de-tided; negative = flood-tide reversal)"
2016-10-02 10:30:00+00:00,135000.0,A,False,ft3/s,3822.77428992,False,False,True,2246500,60,"USGS NWIS IV 02246500 00060 (raw signed total discharge, not de-tided; negative = flood-tide reversal)"
2016-10-02 10:45:00+00:00,128000.0,A,False,ft3/s,3624.556363776,False,False,True,2246500,60,"USGS NWIS IV 02246500 00060 (raw signed total discharge, not de-tided; negative = flood-tide reversal)"
2016-10-02 11:00:00+00:00,119000.0,A,False,ft3/s,3369.704744448,False,False,True,2246500,60,"USGS NWIS IV 02246500 00060 (raw signed total discharge, not de-tided; negative = flood-tide reversal)"
2016-10-02 11:15:00+00:00,114000.0,A,False,ft3/s,3228.120511488,False,False,True,2246500,60,"USGS NWIS IV 02246500 00060 (raw signed total discharge, not de-tided; negative = flood-tide reversal)"
2016-10-02 11:30:00+00:00,97700.0,A,False,ft3/s,2766.5559120384,False,False,True,2246500,60,"USGS NWIS IV 02246500 00060 (raw signed total discharge, not de-tided; negative = flood-tide reversal)"
2016-10-02 11:45:00+00:00,87800.0,A,False,ft3/s,2486.2191307776,False,False,True,2246500,60,"USGS NWIS IV 02246500 00060 (raw signed total discharge, not de-tided; negative = flood-tide reversal)"
2016-10-02 12:00:00+00:00,66200.0,A,False,ft3/s,1874.5752443904,False,False,True,2246500,60,"USGS NWIS IV 02246500 00060 (raw signed total discharge, not de-tided; negative = flood-tide reversal)"
2016-10-02 12:15:00+00:00,43100.0,A,False,ft3/s,1220.4560881152,False,False,True,2246500,60,"USGS NWIS IV 02246500 00060 (raw signed total discharge, not de-tided; negative = flood-tide reversal)"
2016-10-02 12:30:00+00:00,26200.0,A,False,ft3/s,741.9013807104001,False,False,True,2246500,60,"USGS NWIS IV 02246500 00060 (raw signed total discharge, not de-tided; negative = flood-tide reversal)"
2016-10-02 12:45:00+00:00,3220.0,A,False,ft3/s,91.18024602624,False,False,True,2246500,60,"USGS NWIS IV 02246500 00060 (raw signed total discharge, not de-tided; negative = flood-tide reversal)"
2016-10-02 13:00:00+00:00,-17600.0,A,False,ft3/s,-498.3765000192,False,False,True,2246500,60,"USGS NWIS IV 02246500 00060 (raw signed total discharge, not de-tided; negative = flood-tide reversal)"
2016-10-02 13:15:00+00:00,-45400.0,A,False,ft3/s,-1285.5848352768,False,False,True,2246500,60,"USGS NWIS IV 02246500 00060 (raw signed total discharge, not de-tided; negative = flood-tide reversal)"
2016-10-02 13:30:00+00:00,-71500.0,A,False,ft3/s,-2024.654531328,False,False,True,2246500,60,"USGS NWIS IV 02246500 00060 (raw signed total discharge, not de-tided; negative = flood-tide reversal)"
2016-10-02 13:45:00+00:00,-78900.0,A,False,ft3/s,-2234.1991961088,False,False,True,2246500,60,"USGS NWIS IV 02246500 00060 (raw signed total discharge, not de-tided; negative = flood-tide reversal)"
2016-10-02 14:00:00+00:00,-104000.0,A,False,ft3/s,-2944.952045568,False,False,True,2246500,60,"USGS NWIS IV 02246500 00060 (raw signed total discharge, not de-tided; negative = flood-tide reversal)"
2016-10-02 14:15:00+00:00,-116000.0,A,False,ft3/s,-3284.754204672,False,False,True,2246500,60,"USGS NWIS IV 02246500 00060 (raw signed total discharge, not de-tided; negative = flood-tide reversal)"
2016-10-02 14:30:00+00:00,-129000.0,A,False,ft3/s,-3652.873210368,False,False,True,2246500,60,"USGS NWIS IV 02246500 00060 (raw signed total discharge, not de-tided; negative = flood-tide reversal)"
2016-10-02 14:45:00+00:00,-137000.0,A,False,ft3/s,-3879.407983104,False,False,True,2246500,60,"USGS NWIS IV 02246500 00060 (raw signed total discharge, not de-tided; negative = flood-tide reversal)"
2016-10-02 15:00:00+00:00,-144000.0,A,False,ft3/s,-4077.625909248,False,False,True,2246500,60,"USGS NWIS IV 02246500 00060 (raw signed total discharge, not de-tided; negative = flood-tide reversal)"
2016-10-02 15:15:00+00:00,-161000.0,A,False,ft3/s,-4559.012301312,False,False,True,2246500,60,"USGS NWIS IV 02246500 00060 (raw signed total discharge, not de-tided; negative = flood-tide reversal)"
2016-10-02 15:30:00+00:00,-167000.0,A,False,ft3/s,-4728.913380864,False,False,True,2246500,60,"USGS NWIS IV 02246500 00060 (raw signed total discharge, not de-tided; negative = flood-tide reversal)"
2016-10-02 15:45:00+00:00,-162000.0,A,False,ft3/s,-4587.329147904,False,False,True,2246500,60,"USGS NWIS IV 02246500 00060 (raw signed total discharge, not de-tided; negative = flood-tide reversal)"
2016-10-02 16:00:00+00:00,-177000.0,A,False,ft3/s,-5012.081846784,False,False,True,2246500,60,"USGS NWIS IV 02246500 00060 (raw signed total discharge, not de-tided; negative = flood-tide reversal)"
2016-10-02 16:15:00+00:00,-175000.0,A,False,ft3/s,-4955.4481536,False,False,True,2246500,60,"USGS NWIS IV 02246500 00060 (raw signed total discharge, not de-tided; negative = flood-tide reversal)"
2016-10-02 16:30:00+00:00,-183000.0,A,False,ft3/s,-5181.982926336,False,False,True,2246500,60,"USGS NWIS IV 02246500 00060 (raw signed total discharge, not de-tided; negative = flood-tide reversal)"
2016-10-02 16:45:00+00:00,-167000.0,A,False,ft3/s,-4728.913380864,False,False,True,2246500,60,"USGS NWIS IV 02246500 00060 (raw signed total discharge, not de-tided; negative = flood-tide reversal)"
2016-10-02 17:00:00+00:00,-158000.0,A,False,ft3/s,-4474.061761536,False,False,True,2246500,60,"USGS NWIS IV 02246500 00060 (raw signed total discharge, not de-tided; negative = flood-tide reversal)"
2016-10-02 17:15:00+00:00,-169000.0,A,False,ft3/s,-4785.5470740480005,False,False,True,2246500,60,"USGS NWIS IV 02246500 00060 (raw signed total discharge, not de-tided; negative = flood-tide reversal)"
2016-10-02 17:30:00+00:00,-138000.0,A,False,ft3/s,-3907.724829696,False,False,True,2246500,60,"USGS NWIS IV 02246500 00060 (raw signed total discharge, not de-tided; negative = flood-tide reversal)"
2016-10-02 17:45:00+00:00,-108000.0,A,False,ft3/s,-3058.219431936,False,False,True,2246500,60,"USGS NWIS IV 02246500 00060 (raw signed total discharge, not de-tided; negative = flood-tide reversal)"
2016-10-02 18:00:00+00:00,-103000.0,A,False,ft3/s,-2916.635198976,False,False,True,2246500,60,"USGS NWIS IV 02246500 00060 (raw signed total discharge, not de-tided; negative = flood-tide reversal)"
2016-10-02 18:15:00+00:00,-89000.0,A,False,ft3/s,-2520.199346688,False,False,True,2246500,60,"USGS NWIS IV 02246500 00060 (raw signed total discharge, not de-tided; negative = flood-tide reversal)"
2016-10-02 18:30:00+00:00,-67400.0,A,False,ft3/s,-1908.5554603008,False,False,True,2246500,60,"USGS NWIS IV 02246500 00060 (raw signed total discharge, not de-tided; negative = flood-tide reversal)"
2016-10-02 18:45:00+00:00,-40600.0,A,False,ft3/s,-1149.6639716352,False,False,True,2246500,60,"USGS NWIS IV 02246500 00060 (raw signed total discharge, not de-tided; negative = flood-tide reversal)"
2016-10-02 19:00:00+00:00,-16100.0,A,False,ft3/s,-455.9012301312,False,False,True,2246500,60,"USGS NWIS IV 02246500 00060 (raw signed total discharge, not de-tided; negative = flood-tide reversal)"
2016-10-02 19:15:00+00:00,9030.0,A,False,ft3/s,255.70112472576,False,False,True,2246500,60,"USGS NWIS IV 02246500 00060 (raw signed total discharge, not de-tided; negative = flood-tide reversal)"
2016-10-02 19:30:00+00:00,19700.0,A,False,ft3/s,557.8418778624,False,False,True,2246500,60,"USGS NWIS IV 02246500 00060 (raw signed total discharge, not de-tided; negative = flood-tide reversal)"
2016-10-02 19:45:00+00:00,55300.0,A,False,ft3/s,1565.9216165376,False,False,True,2246500,60,"USGS NWIS IV 02246500 00060 (raw signed total discharge, not de-tided; negative = flood-tide reversal)"
2016-10-02 20:00:00+00:00,65500.0,A,False,ft3/s,1854.753451776,False,False,True,2246500,60,"USGS NWIS IV 02246500 00060 (raw signed total discharge, not de-tided; negative = flood-tide reversal)"
2016-10-02 20:15:00+00:00,79900.0,A,False,ft3/s,2262.5160427008,False,False,True,2246500,60,"USGS NWIS IV 02246500 00060 (raw signed total discharge, not de-tided; negative = flood-tide reversal)"
2016-10-02 20:30:00+00:00,91400.0,A,False,ft3/s,2588.1597785088,False,False,True,2246500,60,"USGS NWIS IV 02246500 00060 (raw signed total discharge, not de-tided; negative = flood-tide reversal)"
2016-10-02 20:45:00+00:00,115000.0,A,False,ft3/s,3256.43735808,False,False,True,2246500,60,"USGS NWIS IV 02246500 00060 (raw signed total discharge, not de-tided; negative = flood-tide reversal)"
2016-10-02 21:00:00+00:00,115000.0,A,False,ft3/s,3256.43735808,False,False,True,2246500,60,"USGS NWIS IV 02246500 00060 (raw signed total discharge, not de-tided; negative = flood-tide reversal)"
2016-10-02 21:15:00+00:00,124000.0,A,False,ft3/s,3511.288977408,False,False,True,2246500,60,"USGS NWIS IV 02246500 00060 (raw signed total discharge, not de-tided; negative = flood-tide reversal)"
2016-10-02 21:30:00+00:00,133000.0,A,False,ft3/s,3766.140596736,False,False,True,2246500,60,"USGS NWIS IV 02246500 00060 (raw signed total discharge, not de-tided; negative = flood-tide reversal)"
2016-10-02 21:45:00+00:00,137000.0,A,False,ft3/s,3879.407983104,False,False,True,2246500,60,"USGS NWIS IV 02246500 00060 (raw signed total discharge, not de-tided; negative = flood-tide reversal)"
2016-10-02 22:00:00+00:00,138000.0,A,False,ft3/s,3907.724829696,False,False,True,2246500,60,"USGS NWIS IV 02246500 00060 (raw signed total discharge, not de-tided; negative = flood-tide reversal)"
2016-10-02 22:15:00+00:00,141000.0,A,False,ft3/s,3992.675369472,False,False,True,2246500,60,"USGS NWIS IV 02246500 00060 (raw signed total discharge, not de-tided; negative = flood-tide reversal)"
2016-10-02 22:30:00+00:00,144000.0,A,False,ft3/s,4077.625909248,False,False,True,2246500,60,"USGS NWIS IV 02246500 00060 (raw signed total discharge, not de-tided; negative = flood-tide reversal)"
2016-10-02 22:45:00+00:00,139000.0,A,False,ft3/s,3936.041676288,False,False,True,2246500,60,"USGS NWIS IV 02246500 00060 (raw signed total discharge, not de-tided; negative = flood-tide reversal)"
2016-10-02 23:00:00+00:00,132000.0,A,False,ft3/s,3737.823750144,False,False,True,2246500,60,"USGS NWIS IV 02246500 00060 (raw signed total discharge, not de-tided; negative = flood-tide reversal)"
2016-10-02 23:15:00+00:00,126000.0,A,False,ft3/s,3567.922670592,False,False,True,2246500,60,"USGS NWIS IV 02246500 00060 (raw signed total discharge, not de-tided; negative = flood-tide reversal)"
2016-10-02 23:30:00+00:00,123000.0,A,False,ft3/s,3482.972130816,False,False,True,2246500,60,"USGS NWIS IV 02246500 00060 (raw signed total discharge, not de-tided; negative = flood-tide reversal)"
2016-10-02 23:45:00+00:00,111000.0,A,False,ft3/s,3143.169971712,False,False,True,2246500,60,"USGS NWIS IV 02246500 00060 (raw signed total discharge, not de-tided; negative = flood-tide reversal)"
2016-10-03 00:00:00+00:00,93900.0,A,False,ft3/s,2658.9518949888,False,False,True,2246500,60,"USGS NWIS IV 02246500 00060 (raw signed total discharge, not de-tided; negative = flood-tide reversal)"
2016-10-03 00:15:00+00:00,77700.0,A,False,ft3/s,2200.2189801984,False,False,True,2246500,60,"USGS NWIS IV 02246500 00060 (raw signed total discharge, not de-tided; negative = flood-tide reversal)"
2016-10-03 00:30:00+00:00,58200.0,A,False,ft3/s,1648.0404716544,False,False,True,2246500,60,"USGS NWIS IV 02246500 00060 (raw signed total discharge, not de-tided; negative = flood-tide reversal)"
2016-10-03 00:45:00+00:00,41200.0,A,False,ft3/s,1166.6540795904,False,False,True,2246500,60,"USGS NWIS IV 02246500 00060 (raw signed total discharge, not de-tided; negative = flood-tide reversal)"
2016-10-03 01:00:00+00:00,3690.0,A,False,ft3/s,104.48916392448,False,False,True,2246500,60,"USGS NWIS IV 02246500 00060 (raw signed total discharge, not de-tided; negative = flood-tide reversal)"
2016-10-03 01:15:00+00:00,-12700.0,A,False,ft3/s,-359.6239517184,False,False,True,2246500,60,"USGS NWIS IV 02246500 00060 (raw signed total discharge, not de-tided; negative = flood-tide reversal)"
2016-10-03 01:30:00+00:00,-37400.0,A,False,ft3/s,-1059.0500625408,False,False,True,2246500,60,"USGS NWIS IV 02246500 00060 (raw signed total discharge, not de-tided; negative = flood-tide reversal)"
2016-10-03 01:45:00+00:00,-59900.0,A,False,ft3/s,-1696.1791108608,False,False,True,2246500,60,"USGS NWIS IV 02246500 00060 (raw signed total discharge, not de-tided; negative = flood-tide reversal)"
2016-10-03 02:00:00+00:00,-91600.0,A,False,ft3/s,-2593.8231478272,False,False,True,2246500,60,"USGS NWIS IV 02246500 00060 (raw signed total discharge, not de-tided; negative = flood-tide reversal)"
2016-10-03 02:15:00+00:00,-97200.0,A,False,ft3/s,-2752.3974887424,False,False,True,2246500,60,"USGS NWIS IV 02246500 00060 (raw signed total discharge, not de-tided; negative = flood-tide reversal)"
2016-10-03 02:30:00+00:00,-113000.0,A,False,ft3/s,-3199.803664896,False,False,True,2246500,60,"USGS NWIS IV 02246500 00060 (raw signed total discharge, not de-tided; negative = flood-tide reversal)"
2016-10-03 02:45:00+00:00,-128000.0,A,False,ft3/s,-3624.556363776,False,False,True,2246500,60,"USGS NWIS IV 02246500 00060 (raw signed total discharge, not de-tided; negative = flood-tide reversal)"
2016-10-03 03:00:00+00:00,-132000.0,A,False,ft3/s,-3737.823750144,False,False,True,2246500,60,"USGS NWIS IV 02246500 00060 (raw signed total discharge, not de-tided; negative = flood-tide reversal)"
2016-10-03 03:15:00+00:00,-152000.0,A,False,ft3/s,-4304.160681984,False,False,True,2246500,60,"USGS NWIS IV 02246500 00060 (raw signed total discharge, not de-tided; negative = flood-tide reversal)"
2016-10-03 03:30:00+00:00,-151000.0,A,False,ft3/s,-4275.843835392,False,False,True,2246500,60,"USGS NWIS IV 02246500 00060 (raw signed total discharge, not de-tided; negative = flood-tide reversal)"
2016-10-03 03:45:00+00:00,-153000.0,A,False,ft3/s,-4332.477528576,False,False,True,2246500,60,"USGS NWIS IV 02246500 00060 (raw signed total discharge, not de-tided; negative = flood-tide reversal)"
2016-10-03 04:00:00+00:00,-148000.0,A,False,ft3/s,-4190.893295616,False,False,True,2246500,60,"USGS NWIS IV 02246500 00060 (raw signed total discharge, not de-tided; negative = flood-tide reversal)"
2016-10-03 04:15:00+00:00,-164000.0,A,False,ft3/s,-4643.9628410880005,False,False,True,2246500,60,"USGS NWIS IV 02246500 00060 (raw signed total discharge, not de-tided; negative = flood-tide reversal)"
2016-10-03 04:30:00+00:00,-167000.0,A,False,ft3/s,-4728.913380864,False,False,True,2246500,60,"USGS NWIS IV 02246500 00060 (raw signed total discharge, not de-tided; negative = flood-tide reversal)"
2016-10-03 04:45:00+00:00,-173000.0,A,False,ft3/s,-4898.814460416,False,False,True,2246500,60,"USGS NWIS IV 02246500 00060 (raw signed total discharge, not de-tided; negative = flood-tide reversal)"
2016-10-03 05:00:00+00:00,-170000.0,A,False,ft3/s,-4813.86392064,False,False,True,2246500,60,"USGS NWIS IV 02246500 00060 (raw signed total discharge, not de-tided; negative = flood-tide reversal)"
2016-10-03 05:15:00+00:00,-167000.0,A,False,ft3/s,-4728.913380864,False,False,True,2246500,60,"USGS NWIS IV 02246500 00060 (raw signed total discharge, not de-tided; negative = flood-tide reversal)"
2016-10-03 05:30:00+00:00,-140000.0,A,False,ft3/s,-3964.35852288,False,False,True,2246500,60,"USGS NWIS IV 02246500 00060 (raw signed total discharge, not de-tided; negative = flood-tide reversal)"
2016-10-03 05:45:00+00:00,-124000.0,A,False,ft3/s,-3511.288977408,False,False,True,2246500,60,"USGS NWIS IV 02246500 00060 (raw signed total discharge, not de-tided; negative = flood-tide reversal)"
2016-10-03 06:00:00+00:00,-113000.0,A,False,ft3/s,-3199.803664896,False,False,True,2246500,60,"USGS NWIS IV 02246500 00060 (raw signed total discharge, not de-tided; negative = flood-tide reversal)"
2016-10-03 06:15:00+00:00,-93900.0,A,False,ft3/s,-2658.9518949888,False,False,True,2246500,60,"USGS NWIS IV 02246500 00060 (raw signed total discharge, not de-tided; negative = flood-tide reversal)"
2016-10-03 06:30:00+00:00,-74500.0,A,False,ft3/s,-2109.605071104,False,False,True,2246500,60,"USGS NWIS IV 02246500 00060 (raw signed total discharge, not de-tided; negative = flood-tide reversal)"
2016-10-03 06:45:00+00:00,-47100.0,A,False,ft3/s,-1333.7234744832,False,False,True,2246500,60,"USGS NWIS IV 02246500 00060 (raw signed total discharge, not de-tided; negative = flood-tide reversal)"
2016-10-03 07:00:00+00:00,-19800.0,A,False,ft3/s,-560.6735625216,False,False,True,2246500,60,"USGS NWIS IV 02246500 00060 (raw signed total discharge, not de-tided; negative = flood-tide reversal)"
2016-10-03 07:15:00+00:00,9960.0,A,False,ft3/s,282.03579205632,False,False,True,2246500,60,"USGS NWIS IV 02246500 00060 (raw signed total discharge, not de-tided; negative = flood-tide reversal)"
2016-10-03 07:30:00+00:00,27000.0,A,False,ft3/s,764.554857984,False,False,True,2246500,60,"USGS NWIS IV 02246500 00060 (raw signed total discharge, not de-tided; negative = flood-tide reversal)"
2016-10-03 07:45:00+00:00,51500.0,A,False,ft3/s,1458.317599488,False,False,True,2246500,60,"USGS NWIS IV 02246500 00060 (raw signed total discharge, not de-tided; negative = flood-tide reversal)"
2016-10-03 08:00:00+00:00,75500.0,A,False,ft3/s,2137.921917696,False,False,True,2246500,60,"USGS NWIS IV 02246500 00060 (raw signed total discharge, not de-tided; negative = flood-tide reversal)"
2016-10-03 08:15:00+00:00,95300.0,A,False,ft3/s,2698.5954802176,False,False,True,2246500,60,"USGS NWIS IV 02246500 00060 (raw signed total discharge, not de-tided; negative = flood-tide reversal)"
2016-10-03 08:30:00+00:00,112000.0,A,False,ft3/s,3171.4868183040003,False,False,True,2246500,60,"USGS NWIS IV 02246500 00060 (raw signed total discharge, not de-tided; negative = flood-tide reversal)"
2016-10-03 08:45:00+00:00,113000.0,A,False,ft3/s,3199.803664896,False,False,True,2246500,60,"USGS NWIS IV 02246500 00060 (raw signed total discharge, not de-tided; negative = flood-tide reversal)"
2016-10-03 09:00:00+00:00,123000.0,A,False,ft3/s,3482.972130816,False,False,True,2246500,60,"USGS NWIS IV 02246500 00060 (raw signed total discharge, not de-tided; negative = flood-tide reversal)"
2016-10-03 09:15:00+00:00,131000.0,A,False,ft3/s,3709.506903552,False,False,True,2246500,60,"USGS NWIS IV 02246500 00060 (raw signed total discharge, not de-tided; negative = flood-tide reversal)"
2016-10-03 09:30:00+00:00,131000.0,A,False,ft3/s,3709.506903552,False,False,True,2246500,60,"USGS NWIS IV 02246500 00060 (raw signed total discharge, not de-tided; negative = flood-tide reversal)"
2016-10-03 09:45:00+00:00,137000.0,A,False,ft3/s,3879.407983104,False,False,True,2246500,60,"USGS NWIS IV 02246500 00060 (raw signed total discharge, not de-tided; negative = flood-tide reversal)"
2016-10-03 10:00:00+00:00,141000.0,A,False,ft3/s,3992.675369472,False,False,True,2246500,60,"USGS NWIS IV 02246500 00060 (raw signed total discharge, not de-tided; negative = flood-tide reversal)"
2016-10-03 10:15:00+00:00,139000.0,A,False,ft3/s,3936.041676288,False,False,True,2246500,60,"USGS NWIS IV 02246500 00060 (raw signed total discharge, not de-tided; negative = flood-tide reversal)"
2016-10-03 10:30:00+00:00,132000.0,A,False,ft3/s,3737.823750144,False,False,True,2246500,60,"USGS NWIS IV 02246500 00060 (raw signed total discharge, not de-tided; negative = flood-tide reversal)"
2016-10-03 10:45:00+00:00,135000.0,A,False,ft3/s,3822.77428992,False,False,True,2246500,60,"USGS NWIS IV 02246500 00060 (raw signed total discharge, not de-tided; negative = flood-tide reversal)"
2016-10-03 11:00:00+00:00,132000.0,A,False,ft3/s,3737.823750144,False,False,True,2246500,60,"USGS NWIS IV 02246500 00060 (raw signed total discharge, not de-tided; negative = flood-tide reversal)"
2016-10-03 11:15:00+00:00,127000.0,A,False,ft3/s,3596.2395171840003,False,False,True,2246500,60,"USGS NWIS IV 02246500 00060 (raw signed total discharge, not de-tided; negative = flood-tide reversal)"
2016-10-03 11:30:00+00:00,115000.0,A,False,ft3/s,3256.43735808,False,False,True,2246500,60,"USGS NWIS IV 02246500 00060 (raw signed total discharge, not de-tided; negative = flood-tide reversal)"
2016-10-03 11:45:00+00:00,111000.0,A,False,ft3/s,3143.169971712,False,False,True,2246500,60,"USGS NWIS IV 02246500 00060 (raw signed total discharge, not de-tided; negative = flood-tide reversal)"
2016-10-03 12:00:00+00:00,103000.0,A,False,ft3/s,2916.635198976,False,False,True,2246500,60,"USGS NWIS IV 02246500 00060 (raw signed total discharge, not de-tided; negative = flood-tide reversal)"
2016-10-03 12:15:00+00:00,86100.0,A,False,ft3/s,2438.0804915712,False,False,True,2246500,60,"USGS NWIS IV 02246500 00060 (raw signed total discharge, not de-tided; negative = flood-tide reversal)"
2016-10-03 12:30:00+00:00,71500.0,A,False,ft3/s,2024.654531328,False,False,True,2246500,60,"USGS NWIS IV 02246500 00060 (raw signed total discharge, not de-tided; negative = flood-tide reversal)"
2016-10-03 12:45:00+00:00,42000.0,A,False,ft3/s,1189.307556864,False,False,True,2246500,60,"USGS NWIS IV 02246500 00060 (raw signed total discharge, not de-tided; negative = flood-tide reversal)"
2016-10-03 13:00:00+00:00,22700.0,A,False,ft3/s,642.7924176384,False,False,True,2246500,60,"USGS NWIS IV 02246500 00060 (raw signed total discharge, not de-tided; negative = flood-tide reversal)"
2016-10-03 13:15:00+00:00,2330.0,A,False,ft3/s,65.97825255936,False,False,True,2246500,60,"USGS NWIS IV 02246500 00060 (raw signed total discharge, not de-tided; negative = flood-tide reversal)"
2016-10-03 13:30:00+00:00,-15900.0,A,False,ft3/s,-450.2378608128,False,False,True,2246500,60,"USGS NWIS IV 02246500 00060 (raw signed total discharge, not de-tided; negative = flood-tide reversal)"
2016-10-03 13:45:00+00:00,-48900.0,A,False,ft3/s,-1384.6937983488,False,False,True,2246500,60,"USGS NWIS IV 02246500 00060 (raw signed total discharge, not de-tided; negative = flood-tide reversal)"
2016-10-03 14:00:00+00:00,-73200.0,A,False,ft3/s,-2072.7931705344,False,False,True,2246500,60,"USGS NWIS IV 02246500 00060 (raw signed total discharge, not de-tided; negative = flood-tide reversal)"
2016-10-03 14:15:00+00:00,-92200.0,A,False,ft3/s,-2610.8132557824,False,False,True,2246500,60,"USGS NWIS IV 02246500 00060 (raw signed total discharge, not de-tided; negative = flood-tide reversal)"
2016-10-03 14:30:00+00:00,-103000.0,A,False,ft3/s,-2916.635198976,False,False,True,2246500,60,"USGS NWIS IV 02246500 00060 (raw signed total discharge, not de-tided; negative = flood-tide reversal)"
2016-10-03 14:45:00+00:00,-132000.0,A,False,ft3/s,-3737.823750144,False,False,True,2246500,60,"USGS NWIS IV 02246500 00060 (raw signed total discharge, not de-tided; negative = flood-tide reversal)"
2016-10-03 15:00:00+00:00,-122000.0,A,False,ft3/s,-3454.6552842240003,False,False,True,2246500,60,"USGS NWIS IV 02246500 00060 (raw signed total discharge, not de-tided; negative = flood-tide reversal)"
2016-10-03 15:15:00+00:00,-155000.0,A,False,ft3/s,-4389.11122176,False,False,True,2246500,60,"USGS NWIS IV 02246500 00060 (raw signed total discharge, not de-tided; negative = flood-tide reversal)"
2016-10-03 15:30:00+00:00,-161000.0,A,False,ft3/s,-4559.012301312,False,False,True,2246500,60,"USGS NWIS IV 02246500 00060 (raw signed total discharge, not de-tided; negative = flood-tide reversal)"
2016-10-03 15:45:00+00:00,-158000.0,A,False,ft3/s,-4474.061761536,False,False,True,2246500,60,"USGS NWIS IV 02246500 00060 (raw signed total discharge, not de-tided; negative = flood-tide reversal)"
2016-10-03 16:00:00+00:00,-148000.0,A,False,ft3/s,-4190.893295616,False,False,True,2246500,60,"USGS NWIS IV 02246500 00060 (raw signed total discharge, not de-tided; negative = flood-tide reversal)"
2016-10-03 16:15:00+00:00,-144000.0,A,False,ft3/s,-4077.625909248,False,False,True,2246500,60,"USGS NWIS IV 02246500 00060 (raw signed total discharge, not de-tided; negative = flood-tide reversal)"
2016-10-03 16:30:00+00:00,-149000.0,A,False,ft3/s,-4219.210142208,False,False,True,2246500,60,"USGS NWIS IV 02246500 00060 (raw signed total discharge, not de-tided; negative = flood-tide reversal)"
2016-10-03 16:45:00+00:00,-146000.0,A,False,ft3/s,-4134.259602432,False,False,True,2246500,60,"USGS NWIS IV 02246500 00060 (raw signed total discharge, not de-tided; negative = flood-tide reversal)"
2016-10-03 17:00:00+00:00,-189000.0,A,False,ft3/s,-5351.8840058880005,False,False,True,2246500,60,"USGS NWIS IV 02246500 00060 (raw signed total discharge, not de-tided; negative = flood-tide reversal)"
2016-10-03 17:15:00+00:00,-196000.0,A,False,ft3/s,-5550.101932032,False,False,True,2246500,60,"USGS NWIS IV 02246500 00060 (raw signed total discharge, not de-tided; negative = flood-tide reversal)"
2016-10-03 17:30:00+00:00,-172000.0,A,False,ft3/s,-4870.497613824,False,False,True,2246500,60,"USGS NWIS IV 02246500 00060 (raw signed total discharge, not de-tided; negative = flood-tide reversal)"
2016-10-03 17:45:00+00:00,-165000.0,A,False,ft3/s,-4672.27968768,False,False,True,2246500,60,"USGS NWIS IV 02246500 00060 (raw signed total discharge, not de-tided; negative = flood-tide reversal)"
2016-10-03 18:00:00+00:00,-141000.0,A,False,ft3/s,-3992.675369472,False,False,True,2246500,60,"USGS NWIS IV 02246500 00060 (raw signed total discharge, not de-tided; negative = flood-tide reversal)"
2016-10-03 18:15:00+00:00,-139000.0,A,False,ft3/s,-3936.041676288,False,False,True,2246500,60,"USGS NWIS IV 02246500 00060 (raw signed total discharge, not de-tided; negative = flood-tide reversal)"
2016-10-03 18:30:00+00:00,-101000.0,A,False,ft3/s,-2860.001505792,False,False,True,2246500,60,"USGS NWIS IV 02246500 00060 (raw signed total discharge, not de-tided; negative = flood-tide reversal)"
2016-10-03 18:45:00+00:00,-113000.0,A,False,ft3/s,-3199.803664896,False,False,True,2246500,60,"USGS NWIS IV 02246500 00060 (raw signed total discharge, not de-tided; negative = flood-tide reversal)"
2016-10-03 19:00:00+00:00,-83200.0,A,False,ft3/s,-2355.9616364544,False,False,True,2246500,60,"USGS NWIS IV 02246500 00060 (raw signed total discharge, not de-tided; negative = flood-tide reversal)"
2016-10-03 19:15:00+00:00,-71000.0,A,False,ft3/s,-2010.496108032,False,False,True,2246500,60,"USGS NWIS IV 02246500 00060 (raw signed total discharge, not de-tided; negative = flood-tide reversal)"
2016-10-03 19:30:00+00:00,-46300.0,A,False,ft3/s,-1311.0699972096,False,False,True,2246500,60,"USGS NWIS IV 02246500 00060 (raw signed total discharge, not de-tided; negative = flood-tide reversal)"
2016-10-03 19:45:00+00:00,-19900.0,A,False,ft3/s,-563.5052471808,False,False,True,2246500,60,"USGS NWIS IV 02246500 00060 (raw signed total discharge, not de-tided; negative = flood-tide reversal)"
2016-10-03 20:00:00+00:00,-1750.0,A,False,ft3/s,-49.554481536,False,False,True,2246500,60,"USGS NWIS IV 02246500 00060 (raw signed total discharge, not de-tided; negative = flood-tide reversal)"
2016-10-03 20:15:00+00:00,25700.0,A,False,ft3/s,727.7429574144,False,False,True,2246500,60,"USGS NWIS IV 02246500 00060 (raw signed total discharge, not de-tided; negative = flood-tide reversal)"
2016-10-03 20:30:00+00:00,53100.0,A,False,ft3/s,1503.6245540352,False,False,True,2246500,60,"USGS NWIS IV 02246500 00060 (raw signed total discharge, not de-tided; negative = flood-tide reversal)"
2016-10-03 20:45:00+00:00,67700.0,A,False,ft3/s,1917.0505142784,False,False,True,2246500,60,"USGS NWIS IV 02246500 00060 (raw signed total discharge, not de-tided; negative = flood-tide reversal)"
2016-10-03 21:00:00+00:00,86400.0,A,False,ft3/s,2446.5755455488,False,False,True,2246500,60,"USGS NWIS IV 02246500 00060 (raw signed total discharge, not de-tided; negative = flood-tide reversal)"
2016-10-03 21:15:00+00:00,110000.0,A,False,ft3/s,3114.85312512,False,False,True,2246500,60,"USGS NWIS IV 02246500 00060 (raw signed total discharge, not de-tided; negative = flood-tide reversal)"
2016-10-03 21:30:00+00:00,115000.0,A,False,ft3/s,3256.43735808,False,False,True,2246500,60,"USGS NWIS IV 02246500 00060 (raw signed total discharge, not de-tided; negative = flood-tide reversal)"
2016-10-03 21:45:00+00:00,122000.0,A,False,ft3/s,3454.6552842240003,False,False,True,2246500,60,"USGS NWIS IV 02246500 00060 (raw signed total discharge, not de-tided; negative = flood-tide reversal)"
2016-10-03 22:00:00+00:00,128000.0,A,False,ft3/s,3624.556363776,False,False,True,2246500,60,"USGS NWIS IV 02246500 00060 (raw signed total discharge, not de-tided; negative = flood-tide reversal)"
2016-10-03 22:15:00+00:00,128000.0,A,False,ft3/s,3624.556363776,False,False,True,2246500,60,"USGS NWIS IV 02246500 00060 (raw signed total discharge, not de-tided; negative = flood-tide reversal)"
2016-10-03 22:30:00+00:00,133000.0,A,False,ft3/s,3766.140596736,False,False,True,2246500,60,"USGS NWIS IV 02246500 00060 (raw signed total discharge, not de-tided; negative = flood-tide reversal)"
2016-10-03 22:45:00+00:00,136000.0,A,False,ft3/s,3851.091136512,False,False,True,2246500,60,"USGS NWIS IV 02246500 00060 (raw signed total discharge, not de-tided; negative = flood-tide reversal)"
2016-10-03 23:00:00+00:00,138000.0,A,False,ft3/s,3907.724829696,False,False,True,2246500,60,"USGS NWIS IV 02246500 00060 (raw signed total discharge, not de-tided; negative = flood-tide reversal)"
2016-10-03 23:15:00+00:00,143000.0,A,False,ft3/s,4049.309062656,False,False,True,2246500,60,"USGS NWIS IV 02246500 00060 (raw signed total discharge, not de-tided; negative = flood-tide reversal)"
2016-10-03 23:30:00+00:00,135000.0,A,False,ft3/s,3822.77428992,False,False,True,2246500,60,"USGS NWIS IV 02246500 00060 (raw signed total discharge, not de-tided; negative = flood-tide reversal)"
2016-10-03 23:45:00+00:00,139000.0,A,False,ft3/s,3936.041676288,False,False,True,2246500,60,"USGS NWIS IV 02246500 00060 (raw signed total discharge, not de-tided; negative = flood-tide reversal)"
2016-10-04 00:00:00+00:00,126000.0,A,False,ft3/s,3567.922670592,False,False,True,2246500,60,"USGS NWIS IV 02246500 00060 (raw signed total discharge, not de-tided; negative = flood-tide reversal)"
2016-10-04 00:15:00+00:00,117000.0,A,False,ft3/s,3313.0710512640003,False,False,True,2246500,60,"USGS NWIS IV 02246500 00060 (raw signed total discharge, not de-tided; negative = flood-tide reversal)"
2016-10-04 00:30:00+00:00,90400.0,A,False,ft3/s,2559.8429319168,False,False,True,2246500,60,"USGS NWIS IV 02246500 00060 (raw signed total discharge, not de-tided; negative = flood-tide reversal)"
2016-10-04 00:45:00+00:00,74900.0,A,False,ft3/s,2120.9318097408,False,False,True,2246500,60,"USGS NWIS IV 02246500 00060 (raw signed total discharge, not de-tided; negative = flood-tide reversal)"
2016-10-04 01:00:00+00:00,53900.0,A,False,ft3/s,1526.2780313088,False,False,True,2246500,60,"USGS NWIS IV 02246500 00060 (raw signed total discharge, not de-tided; negative = flood-tide reversal)"
2016-10-04 01:15:00+00:00,40500.0,A,False,ft3/s,1146.832286976,False,False,True,2246500,60,"USGS NWIS IV 02246500 00060 (raw signed total discharge, not de-tided; negative = flood-tide reversal)"
2016-10-04 01:30:00+00:00,-3130.0,A,False,ft3/s,-88.63172983296,False,False,True,2246500,60,"USGS NWIS IV 02246500 00060 (raw signed total discharge, not de-tided; negative = flood-tide reversal)"
2016-10-04 01:45:00+00:00,-17800.0,A,False,ft3/s,-504.0398693376,False,False,True,2246500,60,"USGS NWIS IV 02246500 00060 (raw signed total discharge, not de-tided; negative = flood-tide reversal)"
2016-10-04 02:00:00+00:00,-37500.0,A,False,ft3/s,-1061.8817472,False,False,True,2246500,60,"USGS NWIS IV 02246500 00060 (raw signed total discharge, not de-tided; negative = flood-tide reversal)"
2016-10-04 02:15:00+00:00,-55900.0,A,False,ft3/s,-1582.9117244928,False,False,True,2246500,60,"USGS NWIS IV 02246500 00060 (raw signed total discharge, not de-tided; negative = flood-tide reversal)"
2016-10-04 02:30:00+00:00,-86300.0,A,False,ft3/s,-2443.7438608896,False,False,True,2246500,60,"USGS NWIS IV 02246500 00060 (raw signed total discharge, not de-tided; negative = flood-tide reversal)"
2016-10-04 02:45:00+00:00,-113000.0,A,False,ft3/s,-3199.803664896,False,False,True,2246500,60,"USGS NWIS IV 02246500 00060 (raw signed total discharge, not de-tided; negative = flood-tide reversal)"
2016-10-04 03:00:00+00:00,-118000.0,A,False,ft3/s,-3341.387897856,False,False,True,2246500,60,"USGS NWIS IV 02246500 00060 (raw signed total discharge, not de-tided; negative = flood-tide reversal)"
2016-10-04 03:15:00+00:00,-127000.0,A,False,ft3/s,-3596.2395171840003,False,False,True,2246500,60,"USGS NWIS IV 02246500 00060 (raw signed total discharge, not de-tided; negative = flood-tide reversal)"
2016-10-04 03:30:00+00:00,-133000.0,A,False,ft3/s,-3766.140596736,False,False,True,2246500,60,"USGS NWIS IV 02246500 00060 (raw signed total discharge, not de-tided; negative = flood-tide reversal)"
2016-10-04 03:45:00+00:00,-161000.0,A,False,ft3/s,-4559.012301312,False,False,True,2246500,60,"USGS NWIS IV 02246500 00060 (raw signed total discharge, not de-tided; negative = flood-tide reversal)"
2016-10-04 04:00:00+00:00,-151000.0,A,False,ft3/s,-4275.843835392,False,False,True,2246500,60,"USGS NWIS IV 02246500 00060 (raw signed total discharge, not de-tided; negative = flood-tide reversal)"
2016-10-04 04:15:00+00:00,-162000.0,A,False,ft3/s,-4587.329147904,False,False,True,2246500,60,"USGS NWIS IV 02246500 00060 (raw signed total discharge, not de-tided; negative = flood-tide reversal)"
2016-10-04 04:30:00+00:00,-166000.0,A,False,ft3/s,-4700.596534272,False,False,True,2246500,60,"USGS NWIS IV 02246500 00060 (raw signed total discharge, not de-tided; negative = flood-tide reversal)"
2016-10-04 04:45:00+00:00,-161000.0,A,False,ft3/s,-4559.012301312,False,False,True,2246500,60,"USGS NWIS IV 02246500 00060 (raw signed total discharge, not de-tided; negative = flood-tide reversal)"
2016-10-04 05:00:00+00:00,-129000.0,A,False,ft3/s,-3652.873210368,False,False,True,2246500,60,"USGS NWIS IV 02246500 00060 (raw signed total discharge, not de-tided; negative = flood-tide reversal)"
2016-10-04 05:15:00+00:00,-176000.0,A,False,ft3/s,-4983.765000192,False,False,True,2246500,60,"USGS NWIS IV 02246500 00060 (raw signed total discharge, not de-tided; negative = flood-tide reversal)"
2016-10-04 05:30:00+00:00,-163000.0,A,False,ft3/s,-4615.645994496,False,False,True,2246500,60,"USGS NWIS IV 02246500 00060 (raw signed total discharge, not de-tided; negative = flood-tide reversal)"
2016-10-04 05:45:00+00:00,-166000.0,A,False,ft3/s,-4700.596534272,False,False,True,2246500,60,"USGS NWIS IV 02246500 00060 (raw signed total discharge, not de-tided; negative = flood-tide reversal)"
2016-10-04 06:00:00+00:00,-149000.0,A,False,ft3/s,-4219.210142208,False,False,True,2246500,60,"USGS NWIS IV 02246500 00060 (raw signed total discharge, not de-tided; negative = flood-tide reversal)"
2016-10-04 06:15:00+00:00,-144000.0,A,False,ft3/s,-4077.625909248,False,False,True,2246500,60,"USGS NWIS IV 02246500 00060 (raw signed total discharge, not de-tided; negative = flood-tide reversal)"
2016-10-04 06:30:00+00:00,-127000.0,A,False,ft3/s,-3596.2395171840003,False,False,True,2246500,60,"USGS NWIS IV 02246500 00060 (raw signed total discharge, not de-tided; negative = flood-tide reversal)"
2016-10-04 06:45:00+00:00,-101000.0,A,False,ft3/s,-2860.001505792,False,False,True,2246500,60,"USGS NWIS IV 02246500 00060 (raw signed total discharge, not de-tided; negative = flood-tide reversal)"
2016-10-04 07:00:00+00:00,-74600.0,A,False,ft3/s,-2112.4367557632,False,False,True,2246500,60,"USGS NWIS IV 02246500 00060 (raw signed total discharge, not de-tided; negative = flood-tide reversal)"
2016-10-04 07:15:00+00:00,-58800.0,A,False,ft3/s,-1665.0305796096,False,False,True,2246500,60,"USGS NWIS IV 02246500 00060 (raw signed total discharge, not de-tided; negative = flood-tide reversal)"
2016-10-04 07:30:00+00:00,-37300.0,A,False,ft3/s,-1056.2183778816,False,False,True,2246500,60,"USGS NWIS IV 02246500 00060 (raw signed total discharge, not de-tided; negative = flood-tide reversal)"
2016-10-04 07:45:00+00:00,-22600.0,A,False,ft3/s,-639.9607329792,False,False,True,2246500,60,"USGS NWIS IV 02246500 00060 (raw signed total discharge, not de-tided; negative = flood-tide reversal)"
2016-10-04 08:00:00+00:00,-5370.0,A,False,ft3/s,-152.06146619904,False,False,True,2246500,60,"USGS NWIS IV 02246500 00060 (raw signed total discharge, not de-tided; negative = flood-tide reversal)"
2016-10-04 08:15:00+00:00,18500.0,A,False,ft3/s,523.861661952,False,False,True,2246500,60,"USGS NWIS IV 02246500 00060 (raw signed total discharge, not de-tided; negative = flood-tide reversal)"
2016-10-04 08:30:00+00:00,49100.0,A,False,ft3/s,1390.3571676672,False,False,True,2246500,60,"USGS NWIS IV 02246500 00060 (raw signed total discharge, not de-tided; negative = flood-tide reversal)"
2016-10-04 08:45:00+00:00,60200.0,A,False,ft3/s,1704.6741648384,False,False,True,2246500,60,"USGS NWIS IV 02246500 00060 (raw signed total discharge, not de-tided; negative = flood-tide reversal)"
2016-10-04 09:00:00+00:00,86000.0,A,False,ft3/s,2435.248806912,False,False,True,2246500,60,"USGS NWIS IV 02246500 00060 (raw signed total discharge, not de-tided; negative = flood-tide reversal)"
2016-10-04 09:15:00+00:00,101000.0,A,False,ft3/s,2860.001505792,False,False,True,2246500,60,"USGS NWIS IV 02246500 00060 (raw signed total discharge, not de-tided; negative = flood-tide reversal)"
2016-10-04 09:30:00+00:00,107000.0,A,False,ft3/s,3029.9025853440003,False,False,True,2246500,60,"USGS NWIS IV 02246500 00060 (raw signed total discharge, not de-tided; negative = flood-tide reversal)"
2016-10-04 09:45:00+00:00,119000.0,A,False,ft3/s,3369.704744448,False,False,True,2246500,60,"USGS NWIS IV 02246500 00060 (raw signed total discharge, not de-tided; negative = flood-tide reversal)"
2016-10-04 10:00:00+00:00,117000.0,A,False,ft3/s,3313.0710512640003,False,False,True,2246500,60,"USGS NWIS IV 02246500 00060 (raw signed total discharge, not de-tided; negative = flood-tide reversal)"
2016-10-04 10:15:00+00:00,121000.0,A,False,ft3/s,3426.338437632,False,False,True,2246500,60,"USGS NWIS IV 02246500 00060 (raw signed total discharge, not de-tided; negative = flood-tide reversal)"
2016-10-04 10:30:00+00:00,119000.0,A,False,ft3/s,3369.704744448,False,False,True,2246500,60,"USGS NWIS IV 02246500 00060 (raw signed total discharge, not de-tided; negative = flood-tide reversal)"
2016-10-04 10:45:00+00:00,121000.0,A,False,ft3/s,3426.338437632,False,False,True,2246500,60,"USGS NWIS IV 02246500 00060 (raw signed total discharge, not de-tided; negative = flood-tide reversal)"
2016-10-04 11:00:00+00:00,127000.0,A,False,ft3/s,3596.2395171840003,False,False,True,2246500,60,"USGS NWIS IV 02246500 00060 (raw signed total discharge, not de-tided; negative = flood-tide reversal)"
2016-10-04 11:15:00+00:00,123000.0,A,False,ft3/s,3482.972130816,False,False,True,2246500,60,"USGS NWIS IV 02246500 00060 (raw signed total discharge, not de-tided; negative = flood-tide reversal)"
2016-10-04 11:30:00+00:00,113000.0,A,False,ft3/s,3199.803664896,False,False,True,2246500,60,"USGS NWIS IV 02246500 00060 (raw signed total discharge, not de-tided; negative = flood-tide reversal)"
2016-10-04 11:45:00+00:00,115000.0,A,False,ft3/s,3256.43735808,False,False,True,2246500,60,"USGS NWIS IV 02246500 00060 (raw signed total discharge, not de-tided; negative = flood-tide reversal)"
2016-10-04 12:00:00+00:00,109000.0,A,False,ft3/s,3086.536278528,False,False,True,2246500,60,"USGS NWIS IV 02246500 00060 (raw signed total discharge, not de-tided; negative = flood-tide reversal)"
2016-10-04 12:15:00+00:00,95200.0,A,False,ft3/s,2695.7637955584,False,False,True,2246500,60,"USGS NWIS IV 02246500 00060 (raw signed total discharge, not de-tided; negative = flood-tide reversal)"
2016-10-04 12:30:00+00:00,86900.0,A,False,ft3/s,2460.7339688448,False,False,True,2246500,60,"USGS NWIS IV 02246500 00060 (raw signed total discharge, not de-tided; negative = flood-tide reversal)"
2016-10-04 12:45:00+00:00,75800.0,A,False,ft3/s,2146.4169716736,False,False,True,2246500,60,"USGS NWIS IV 02246500 00060 (raw signed total discharge, not de-tided; negative = flood-tide reversal)"
2016-10-04 13:00:00+00:00,63400.0,A,False,ft3/s,1795.2880739328,False,False,True,2246500,60,"USGS NWIS IV 02246500 00060 (raw signed total discharge, not de-tided; negative = flood-tide reversal)"
2016-10-04 13:15:00+00:00,40000.0,A,False,ft3/s,1132.67386368,False,False,True,2246500,60,"USGS NWIS IV 02246500 00060 (raw signed total discharge, not de-tided; negative = flood-tide reversal)"
2016-10-04 13:30:00+00:00,4610.0,A,False,ft3/s,130.54066278912,False,False,True,2246500,60,"USGS NWIS IV 02246500 00060 (raw signed total discharge, not de-tided; negative = flood-tide reversal)"
2016-10-04 13:45:00+00:00,-13600.0,A,False,ft3/s,-385.1091136512,False,False,True,2246500,60,"USGS NWIS IV 02246500 00060 (raw signed total discharge, not de-tided; negative = flood-tide reversal)"
2016-10-04 14:00:00+00:00,-17300.0,A,False,ft3/s,-489.8814460416,False,False,True,2246500,60,"USGS NWIS IV 02246500 00060 (raw signed total discharge, not de-tided; negative = flood-tide reversal)"
2016-10-04 14:15:00+00:00,-43500.0,A,False,ft3/s,-1231.782826752,False,False,True,2246500,60,"USGS NWIS IV 02246500 00060 (raw signed total discharge, not de-tided; negative = flood-tide reversal)"
2016-10-04 14:30:00+00:00,-79400.0,A,False,ft3/s,-2248.3576194048,False,False,True,2246500,60,"USGS NWIS IV 02246500 00060 (raw signed total discharge, not de-tided; negative = flood-tide reversal)"
2016-10-04 14:45:00+00:00,-114000.0,A,False,ft3/s,-3228.120511488,False,False,True,2246500,60,"USGS NWIS IV 02246500 00060 (raw signed total discharge, not de-tided; negative = flood-tide reversal)"
2016-10-04 15:00:00+00:00,-122000.0,A,False,ft3/s,-3454.6552842240003,False,False,True,2246500,60,"USGS NWIS IV 02246500 00060 (raw signed total discharge, not de-tided; negative = flood-tide reversal)"
2016-10-04 15:15:00+00:00,-131000.0,A,False,ft3/s,-3709.506903552,False,False,True,2246500,60,"USGS NWIS IV 02246500 00060 (raw signed total discharge, not de-tided; negative = flood-tide reversal)"
2016-10-04 15:30:00+00:00,-150000.0,A,False,ft3/s,-4247.5269888,False,False,True,2246500,60,"USGS NWIS IV 02246500 00060 (raw signed total discharge, not de-tided; negative = flood-tide reversal)"
2016-10-04 15:45:00+00:00,-160000.0,A,False,ft3/s,-4530.69545472,False,False,True,2246500,60,"USGS NWIS IV 02246500 00060 (raw signed total discharge, not de-tided; negative = flood-tide reversal)"
2016-10-04 16:00:00+00:00,-160000.0,A,False,ft3/s,-4530.69545472,False,False,True,2246500,60,"USGS NWIS IV 02246500 00060 (raw signed total discharge, not de-tided; negative = flood-tide reversal)"
2016-10-04 16:15:00+00:00,-161000.0,A,False,ft3/s,-4559.012301312,False,False,True,2246500,60,"USGS NWIS IV 02246500 00060 (raw signed total discharge, not de-tided; negative = flood-tide reversal)"
2016-10-04 16:30:00+00:00,-171000.0,A,False,ft3/s,-4842.180767232,False,False,True,2246500,60,"USGS NWIS IV 02246500 00060 (raw signed total discharge, not de-tided; negative = flood-tide reversal)"
2016-10-04 16:45:00+00:00,-166000.0,A,False,ft3/s,-4700.596534272,False,False,True,2246500,60,"USGS NWIS IV 02246500 00060 (raw signed total discharge, not de-tided; negative = flood-tide reversal)"
2016-10-04 17:00:00+00:00,-166000.0,A,False,ft3/s,-4700.596534272,False,False,True,2246500,60,"USGS NWIS IV 02246500 00060 (raw signed total discharge, not de-tided; negative = flood-tide reversal)"
2016-10-04 17:15:00+00:00,-160000.0,A,False,ft3/s,-4530.69545472,False,False,True,2246500,60,"USGS NWIS IV 02246500 00060 (raw signed total discharge, not de-tided; negative = flood-tide reversal)"
2016-10-04 17:30:00+00:00,-189000.0,A,False,ft3/s,-5351.8840058880005,False,False,True,2246500,60,"USGS NWIS IV 02246500 00060 (raw signed total discharge, not de-tided; negative = flood-tide reversal)"
2016-10-04 17:45:00+00:00,-170000.0,A,False,ft3/s,-4813.86392064,False,False,True,2246500,60,"USGS NWIS IV 02246500 00060 (raw signed total discharge, not de-tided; negative = flood-tide reversal)"
2016-10-04 18:00:00+00:00,-164000.0,A,False,ft3/s,-4643.9628410880005,False,False,True,2246500,60,"USGS NWIS IV 02246500 00060 (raw signed total discharge, not de-tided; negative = flood-tide reversal)"
2016-10-04 18:15:00+00:00,-150000.0,A,False,ft3/s,-4247.5269888,False,False,True,2246500,60,"USGS NWIS IV 02246500 00060 (raw signed total discharge, not de-tided; negative = flood-tide reversal)"
2016-10-04 18:30:00+00:00,-143000.0,A,False,ft3/s,-4049.309062656,False,False,True,2246500,60,"USGS NWIS IV 02246500 00060 (raw signed total discharge, not de-tided; negative = flood-tide reversal)"
2016-10-04 18:45:00+00:00,-148000.0,A,False,ft3/s,-4190.893295616,False,False,True,2246500,60,"USGS NWIS IV 02246500 00060 (raw signed total discharge, not de-tided; negative = flood-tide reversal)"
2016-10-04 19:00:00+00:00,-142000.0,A,False,ft3/s,-4020.992216064,False,False,True,2246500,60,"USGS NWIS IV 02246500 00060 (raw signed total discharge, not de-tided; negative = flood-tide reversal)"
2016-10-04 19:15:00+00:00,-118000.0,A,False,ft3/s,-3341.387897856,False,False,True,2246500,60,"USGS NWIS IV 02246500 00060 (raw signed total discharge, not de-tided; negative = flood-tide reversal)"
2016-10-04 19:30:00+00:00,-115000.0,A,False,ft3/s,-3256.43735808,False,False,True,2246500,60,"USGS NWIS IV 02246500 00060 (raw signed total discharge, not de-tided; negative = flood-tide reversal)"
2016-10-04 19:45:00+00:00,-98700.0,A,False,ft3/s,-2794.8727586304,False,False,True,2246500,60,"USGS NWIS IV 02246500 00060 (raw signed total discharge, not de-tided; negative = flood-tide reversal)"
2016-10-04 20:00:00+00:00,-87500.0,A,False,ft3/s,-2477.7240768,False,False,True,2246500,60,"USGS NWIS IV 02246500 00060 (raw signed total discharge, not de-tided; negative = flood-tide reversal)"
2016-10-04 20:15:00+00:00,-74100.0,A,False,ft3/s,-2098.2783324672,False,False,True,2246500,60,"USGS NWIS IV 02246500 00060 (raw signed total discharge, not de-tided; negative = flood-tide reversal)"
2016-10-04 20:30:00+00:00,-51900.0,A,False,ft3/s,-1469.6443381248,False,False,True,2246500,60,"USGS NWIS IV 02246500 00060 (raw signed total discharge, not de-tided; negative = flood-tide reversal)"
2016-10-04 20:45:00+00:00,-20000.0,A,False,ft3/s,-566.33693184,False,False,True,2246500,60,"USGS NWIS IV 02246500 00060 (raw signed total discharge, not de-tided; negative = flood-tide reversal)"
2016-10-04 21:00:00+00:00,-6750.0,A,False,ft3/s,-191.138714496,False,False,True,2246500,60,"USGS NWIS IV 02246500 00060 (raw signed total discharge, not de-tided; negative = flood-tide reversal)"
2016-10-04 21:15:00+00:00,56.6,A,False,ft3/s,1.6027335171072,False,False,True,2246500,60,"USGS NWIS IV 02246500 00060 (raw signed total discharge, not de-tided; negative = flood-tide reversal)"
2016-10-04 21:30:00+00:00,25800.0,A,False,ft3/s,730.5746420736,False,False,True,2246500,60,"USGS NWIS IV 02246500 00060 (raw signed total discharge, not de-tided; negative = flood-tide reversal)"
2016-10-04 21:45:00+00:00,50200.0,A,False,ft3/s,1421.5056989184,False,False,True,2246500,60,"USGS NWIS IV 02246500 00060 (raw signed total discharge, not de-tided; negative = flood-tide reversal)"
2016-10-04 22:00:00+00:00,60000.0,A,False,ft3/s,1699.01079552,False,False,True,2246500,60,"USGS NWIS IV 02246500 00060 (raw signed total discharge, not de-tided; negative = flood-tide reversal)"
2016-10-04 22:15:00+00:00,71100.0,A,False,ft3/s,2013.3277926912,False,False,True,2246500,60,"USGS NWIS IV 02246500 00060 (raw signed total discharge, not de-tided; negative = flood-tide reversal)"
2016-10-04 22:30:00+00:00,82700.0,A,False,ft3/s,2341.8032131584,False,False,True,2246500,60,"USGS NWIS IV 02246500 00060 (raw signed total discharge, not de-tided; negative = flood-tide reversal)"
2016-10-04 22:45:00+00:00,95200.0,A,False,ft3/s,2695.7637955584,False,False,True,2246500,60,"USGS NWIS IV 02246500 00060 (raw signed total discharge, not de-tided; negative = flood-tide reversal)"
2016-10-04 23:00:00+00:00,101000.0,A,False,ft3/s,2860.001505792,False,False,True,2246500,60,"USGS NWIS IV 02246500 00060 (raw signed total discharge, not de-tided; negative = flood-tide reversal)"
2016-10-04 23:15:00+00:00,101000.0,A,False,ft3/s,2860.001505792,False,False,True,2246500,60,"USGS NWIS IV 02246500 00060 (raw signed total discharge, not de-tided; negative = flood-tide reversal)"
2016-10-04 23:30:00+00:00,109000.0,A,False,ft3/s,3086.536278528,False,False,True,2246500,60,"USGS NWIS IV 02246500 00060 (raw signed total discharge, not de-tided; negative = flood-tide reversal)"
2016-10-04 23:45:00+00:00,102000.0,A,False,ft3/s,2888.3183523840003,False,False,True,2246500,60,"USGS NWIS IV 02246500 00060 (raw signed total discharge, not de-tided; negative = flood-tide reversal)"
2016-10-05 00:00:00+00:00,101000.0,A,False,ft3/s,2860.001505792,False,False,True,2246500,60,"USGS NWIS IV 02246500 00060 (raw signed total discharge, not de-tided; negative = flood-tide reversal)"
2016-10-05 00:15:00+00:00,96900.0,A,False,ft3/s,2743.9024347648,False,False,True,2246500,60,"USGS NWIS IV 02246500 00060 (raw signed total discharge, not de-tided; negative = flood-tide reversal)"
2016-10-05 00:30:00+00:00,93000.0,A,False,ft3/s,2633.466733056,False,False,True,2246500,60,"USGS NWIS IV 02246500 00060 (raw signed total discharge, not de-tided; negative = flood-tide reversal)"
2016-10-05 00:45:00+00:00,80600.0,A,False,ft3/s,2282.3378353152,False,False,True,2246500,60,"USGS NWIS IV 02246500 00060 (raw signed total discharge, not de-tided; negative = flood-tide reversal)"
2016-10-05 01:00:00+00:00,59100.0,A,False,ft3/s,1673.5256335872,False,False,True,2246500,60,"USGS NWIS IV 02246500 00060 (raw signed total discharge, not de-tided; negative = flood-tide reversal)"
2016-10-05 01:15:00+00:00,46000.0,A,False,ft3/s,1302.574943232,False,False,True,2246500,60,"USGS NWIS IV 02246500 00060 (raw signed total discharge, not de-tided; negative = flood-tide reversal)"
2016-10-05 01:30:00+00:00,33800.0,A,False,ft3/s,957.1094148096,False,False,True,2246500,60,"USGS NWIS IV 02246500 00060 (raw signed total discharge, not de-tided; negative = flood-tide reversal)"
2016-10-05 01:45:00+00:00,-7720.0,A,False,ft3/s,-218.60605569024,False,False,True,2246500,60,"USGS NWIS IV 02246500 00060 (raw signed total discharge, not de-tided; negative = flood-tide reversal)"
2016-10-05 02:00:00+00:00,-16000.0,A,False,ft3/s,-453.069545472,False,False,True,2246500,60,"USGS NWIS IV 02246500 00060 (raw signed total discharge, not de-tided; negative = flood-tide reversal)"
2016-10-05 02:15:00+00:00,-38600.0,A,False,ft3/s,-1093.0302784512,False,False,True,2246500,60,"USGS NWIS IV 02246500 00060 (raw signed total discharge, not de-tided; negative = flood-tide reversal)"
2016-10-05 02:30:00+00:00,-62200.0,A,False,ft3/s,-1761.3078580224,False,False,True,2246500,60,"USGS NWIS IV 02246500 00060 (raw signed total discharge, not de-tided; negative = flood-tide reversal)"
2016-10-05 02:45:00+00:00,-82100.0,A,False,ft3/s,-2324.8131052032,False,False,True,2246500,60,"USGS NWIS IV 02246500 00060 (raw signed total discharge, not de-tided; negative = flood-tide reversal)"
2016-10-05 03:00:00+00:00,-103000.0,A,False,ft3/s,-2916.635198976,False,False,True,2246500,60,"USGS NWIS IV 02246500 00060 (raw signed total discharge, not de-tided; negative = flood-tide reversal)"
2016-10-05 03:15:00+00:00,-129000.0,A,False,ft3/s,-3652.873210368,False,False,True,2246500,60,"USGS NWIS IV 02246500 00060 (raw signed total discharge, not de-tided; negative = flood-tide reversal)"
2016-10-05 03:30:00+00:00,-147000.0,A,False,ft3/s,-4162.576449024,False,False,True,2246500,60,"USGS NWIS IV 02246500 00060 (raw signed total discharge, not de-tided; negative = flood-tide reversal)"
2016-10-05 03:45:00+00:00,-129000.0,A,False,ft3/s,-3652.873210368,False,False,True,2246500,60,"USGS NWIS IV 02246500 00060 (raw signed total discharge, not de-tided; negative = flood-tide reversal)"
2016-10-05 04:00:00+00:00,-133000.0,A,False,ft3/s,-3766.140596736,False,False,True,2246500,60,"USGS NWIS IV 02246500 00060 (raw signed total discharge, not de-tided; negative = flood-tide reversal)"
2016-10-05 04:15:00+00:00,-149000.0,A,False,ft3/s,-4219.210142208,False,False,True,2246500,60,"USGS NWIS IV 02246500 00060 (raw signed total discharge, not de-tided; negative = flood-tide reversal)"
2016-10-05 04:30:00+00:00,-163000.0,A,False,ft3/s,-4615.645994496,False,False,True,2246500,60,"USGS NWIS IV 02246500 00060 (raw signed total discharge, not de-tided; negative = flood-tide reversal)"
2016-10-05 04:45:00+00:00,-174000.0,A,False,ft3/s,-4927.1313070080005,False,False,True,2246500,60,"USGS NWIS IV 02246500 00060 (raw signed total discharge, not de-tided; negative = flood-tide reversal)"
2016-10-05 05:00:00+00:00,-170000.0,A,False,ft3/s,-4813.86392064,False,False,True,2246500,60,"USGS NWIS IV 02246500 00060 (raw signed total discharge, not de-tided; negative = flood-tide reversal)"
2016-10-05 05:15:00+00:00,-145000.0,A,False,ft3/s,-4105.94275584,False,False,True,2246500,60,"USGS NWIS IV 02246500 00060 (raw signed total discharge, not de-tided; negative = flood-tide reversal)"
2016-10-05 05:30:00+00:00,-154000.0,A,False,ft3/s,-4360.794375168,False,False,True,2246500,60,"USGS NWIS IV 02246500 00060 (raw signed total discharge, not de-tided; negative = flood-tide reversal)"
2016-10-05 05:45:00+00:00,-148000.0,A,False,ft3/s,-4190.893295616,False,False,True,2246500,60,"USGS NWIS IV 02246500 00060 (raw signed total discharge, not de-tided; negative = flood-tide reversal)"
2016-10-05 06:00:00+00:00,-147000.0,A,False,ft3/s,-4162.576449024,False,False,True,2246500,60,"USGS NWIS IV 02246500 00060 (raw signed total discharge, not de-tided; negative = flood-tide reversal)"
2016-10-05 06:15:00+00:00,-137000.0,A,False,ft3/s,-3879.407983104,False,False,True,2246500,60,"USGS NWIS IV 02246500 00060 (raw signed total discharge, not de-tided; negative = flood-tide reversal)"
2016-10-05 06:30:00+00:00,-134000.0,A,False,ft3/s,-3794.457443328,False,False,True,2246500,60,"USGS NWIS IV 02246500 00060 (raw signed total discharge, not de-tided; negative = flood-tide reversal)"
2016-10-05 06:45:00+00:00,-127000.0,A,False,ft3/s,-3596.2395171840003,False,False,True,2246500,60,"USGS NWIS IV 02246500 00060 (raw signed total discharge, not de-tided; negative = flood-tide reversal)"
2016-10-05 07:00:00+00:00,-128000.0,A,False,ft3/s,-3624.556363776,False,False,True,2246500,60,"USGS NWIS IV 02246500 00060 (raw signed total discharge, not de-tided; negative = flood-tide reversal)"
2016-10-05 07:15:00+00:00,-110000.0,A,False,ft3/s,-3114.85312512,False,False,True,2246500,60,"USGS NWIS IV 02246500 00060 (raw signed total discharge, not de-tided; negative = flood-tide reversal)"
2016-10-05 07:30:00+00:00,-104000.0,A,False,ft3/s,-2944.952045568,False,False,True,2246500,60,"USGS NWIS IV 02246500 00060 (raw signed total discharge, not de-tided; negative = flood-tide reversal)"
2016-10-05 07:45:00+00:00,-99900.0,A,False,ft3/s,-2828.8529745408,False,False,True,2246500,60,"USGS NWIS IV 02246500 00060 (raw signed total discharge, not de-tided; negative = flood-tide reversal)"
2016-10-05 08:00:00+00:00,-73300.0,A,False,ft3/s,-2075.6248551936,False,False,True,2246500,60,"USGS NWIS IV 02246500 00060 (raw signed total discharge, not de-tided; negative = flood-tide reversal)"
2016-10-05 08:15:00+00:00,-63100.0,A,False,ft3/s,-1786.7930199552,False,False,True,2246500,60,"USGS NWIS IV 02246500 00060 (raw signed total discharge, not de-tided; negative = flood-tide reversal)"
2016-10-05 08:30:00+00:00,-43200.0,A,False,ft3/s,-1223.2877727744,False,False,True,2246500,60,"USGS NWIS IV 02246500 00060 (raw signed total discharge, not de-tided; negative = flood-tide reversal)"
2016-10-05 08:45:00+00:00,-18800.0,A,False,ft3/s,-532.3567159296,False,False,True,2246500,60,"USGS NWIS IV 02246500 00060 (raw signed total discharge, not de-tided; negative = flood-tide reversal)"
2016-10-05 09:00:00+00:00,-11900.0,A,False,ft3/s,-336.9704744448,False,False,True,2246500,60,"USGS NWIS IV 02246500 00060 (raw signed total discharge, not de-tided; negative = flood-tide reversal)"
2016-10-05 09:15:00+00:00,7830.0,A,False,ft3/s,221.72090881536,False,False,True,2246500,60,"USGS NWIS IV 02246500 00060 (raw signed total discharge, not de-tided; negative = flood-tide reversal)"
2016-10-05 09:30:00+00:00,24200.0,A,False,ft3/s,685.2676875264,False,False,True,2246500,60,"USGS NWIS IV 02246500 00060 (raw signed total discharge, not de-tided; negative = flood-tide reversal)"
2016-10-05 09:45:00+00:00,40100.0,A,False,ft3/s,1135.5055483392,False,False,True,2246500,60,"USGS NWIS IV 02246500 00060 (raw signed total discharge, not de-tided; negative = flood-tide reversal)"
2016-10-05 10:00:00+00:00,56900.0,A,False,ft3/s,1611.2285710848,False,False,True,2246500,60,"USGS NWIS IV 02246500 00060 (raw signed total discharge, not de-tided; negative = flood-tide reversal)"
2016-10-05 10:15:00+00:00,74000.0,A,False,ft3/s,2095.446647808,False,False,True,2246500,60,"USGS NWIS IV 02246500 00060 (raw signed total discharge, not de-tided; negative = flood-tide reversal)"
2016-10-05 10:30:00+00:00,87900.0,A,False,ft3/s,2489.0508154368,False,False,True,2246500,60,"USGS NWIS IV 02246500 00060 (raw signed total discharge, not de-tided; negative = flood-tide reversal)"
2016-10-05 10:45:00+00:00,87800.0,A,False,ft3/s,2486.2191307776,False,False,True,2246500,60,"USGS NWIS IV 02246500 00060 (raw signed total discharge, not de-tided; negative = flood-tide reversal)"
2016-10-05 11:00:00+00:00,101000.0,A,False,ft3/s,2860.001505792,False,False,True,2246500,60,"USGS NWIS IV 02246500 00060 (raw signed total discharge, not de-tided; negative = flood-tide reversal)"
2016-10-05 11:15:00+00:00,103000.0,A,False,ft3/s,2916.635198976,False,False,True,2246500,60,"USGS NWIS IV 02246500 00060 (raw signed total discharge, not de-tided; negative = flood-tide reversal)"
2016-10-05 11:30:00+00:00,97200.0,A,False,ft3/s,2752.3974887424,False,False,True,2246500,60,"USGS NWIS IV 02246500 00060 (raw signed total discharge, not de-tided; negative = flood-tide reversal)"
2016-10-05 11:45:00+00:00,98100.0,A,False,ft3/s,2777.8826506752,False,False,True,2246500,60,"USGS NWIS IV 02246500 00060 (raw signed total discharge, not de-tided; negative = flood-tide reversal)"
2016-10-05 12:00:00+00:00,91800.0,A,False,ft3/s,2599.4865171456,False,False,True,2246500,60,"USGS NWIS IV 02246500 00060 (raw signed total discharge, not de-tided; negative = flood-tide reversal)"
2016-10-05 12:15:00+00:00,92800.0,A,False,ft3/s,2627.8033637376,False,False,True,2246500,60,"USGS NWIS IV 02246500 00060 (raw signed total discharge, not de-tided; negative = flood-tide reversal)"
2016-10-05 12:30:00+00:00,89700.0,A,False,ft3/s,2540.0211393024,False,False,True,2246500,60,"USGS NWIS IV 02246500 00060 (raw signed total discharge, not de-tided; negative = flood-tide reversal)"
2016-10-05 12:45:00+00:00,81300.0,A,False,ft3/s,2302.1596279296,False,False,True,2246500,60,"USGS NWIS IV 02246500 00060 (raw signed total discharge, not de-tided; negative = flood-tide reversal)"
2016-10-05 13:00:00+00:00,76800.0,A,False,ft3/s,2174.7338182656,False,False,True,2246500,60,"USGS NWIS IV 02246500 00060 (raw signed total discharge, not de-tided; negative = flood-tide reversal)"
2016-10-05 13:15:00+00:00,61000.0,A,False,ft3/s,1727.327642112,False,False,True,2246500,60,"USGS NWIS IV 02246500 00060 (raw signed total discharge, not de-tided; negative = flood-tide reversal)"
2016-10-05 13:30:00+00:00,45300.0,A,False,ft3/s,1282.7531506176,False,False,True,2246500,60,"USGS NWIS IV 02246500 00060 (raw signed total discharge, not de-tided; negative = flood-tide reversal)"
2016-10-05 13:45:00+00:00,28000.0,A,False,ft3/s,792.8717045760001,False,False,True,2246500,60,"USGS NWIS IV 02246500 00060 (raw signed total discharge, not de-tided; negative = flood-tide reversal)"
2016-10-05 14:00:00+00:00,4650.0,A,False,ft3/s,131.6733366528,False,False,True,2246500,60,"USGS NWIS IV 02246500 00060 (raw signed total discharge, not de-tided; negative = flood-tide reversal)"
2016-10-05 14:15:00+00:00,1900.0,A,False,ft3/s,53.8020085248,False,False,True,2246500,60,"USGS NWIS IV 02246500 00060 (raw signed total discharge, not de-tided; negative = flood-tide reversal)"
2016-10-05 14:30:00+00:00,-30900.0,A,False,ft3/s,-874.9905596928,False,False,True,2246500,60,"USGS NWIS IV 02246500 00060 (raw signed total discharge, not de-tided; negative = flood-tide reversal)"
2016-10-05 14:45:00+00:00,-42900.0,A,False,ft3/s,-1214.7927187968,False,False,True,2246500,60,"USGS NWIS IV 02246500 00060 (raw signed total discharge, not de-tided; negative = flood-tide reversal)"
2016-10-05 15:00:00+00:00,-68900.0,A,False,ft3/s,-1951.0307301888,False,False,True,2246500,60,"USGS NWIS IV 02246500 00060 (raw signed total discharge, not de-tided; negative = flood-tide reversal)"
2016-10-05 15:15:00+00:00,-93200.0,A,False,ft3/s,-2639.1301023744,False,False,True,2246500,60,"USGS NWIS IV 02246500 00060 (raw signed total discharge, not de-tided; negative = flood-tide reversal)"
2016-10-05 15:30:00+00:00,-97000.0,A,False,ft3/s,-2746.7341194240003,False,False,True,2246500,60,"USGS NWIS IV 02246500 00060 (raw signed total discharge, not de-tided; negative = flood-tide reversal)"
2016-10-05 15:45:00+00:00,-131000.0,A,False,ft3/s,-3709.506903552,False,False,True,2246500,60,"USGS NWIS IV 02246500 00060 (raw signed total discharge, not de-tided; negative = flood-tide reversal)"
2016-10-05 16:00:00+00:00,-120000.0,A,False,ft3/s,-3398.02159104,False,False,True,2246500,60,"USGS NWIS IV 02246500 00060 (raw signed total discharge, not de-tided; negative = flood-tide reversal)"
2016-10-05 16:15:00+00:00,-147000.0,A,False,ft3/s,-4162.576449024,False,False,True,2246500,60,"USGS NWIS IV 02246500 00060 (raw signed total discharge, not de-tided; negative = flood-tide reversal)"
2016-10-05 16:30:00+00:00,-144000.0,A,False,ft3/s,-4077.625909248,False,False,True,2246500,60,"USGS NWIS IV 02246500 00060 (raw signed total discharge, not de-tided; negative = flood-tide reversal)"
2016-10-05 16:45:00+00:00,-162000.0,A,False,ft3/s,-4587.329147904,False,False,True,2246500,60,"USGS NWIS IV 02246500 00060 (raw signed total discharge, not de-tided; negative = flood-tide reversal)"
2016-10-05 17:00:00+00:00,-167000.0,A,False,ft3/s,-4728.913380864,False,False,True,2246500,60,"USGS NWIS IV 02246500 00060 (raw signed total discharge, not de-tided; negative = flood-tide reversal)"
2016-10-05 17:15:00+00:00,-173000.0,A,False,ft3/s,-4898.814460416,False,False,True,2246500,60,"USGS NWIS IV 02246500 00060 (raw signed total discharge, not de-tided; negative = flood-tide reversal)"
2016-10-05 17:30:00+00:00,-153000.0,A,False,ft3/s,-4332.477528576,False,False,True,2246500,60,"USGS NWIS IV 02246500 00060 (raw signed total discharge, not de-tided; negative = flood-tide reversal)"
2016-10-05 17:45:00+00:00,-170000.0,A,False,ft3/s,-4813.86392064,False,False,True,2246500,60,"USGS NWIS IV 02246500 00060 (raw signed total discharge, not de-tided; negative = flood-tide reversal)"
2016-10-05 18:00:00+00:00,-166000.0,A,False,ft3/s,-4700.596534272,False,False,True,2246500,60,"USGS NWIS IV 02246500 00060 (raw signed total discharge, not de-tided; negative = flood-tide reversal)"
2016-10-05 18:15:00+00:00,-156000.0,A,False,ft3/s,-4417.428068352,False,False,True,2246500,60,"USGS NWIS IV 02246500 00060 (raw signed total discharge, not de-tided; negative = flood-tide reversal)"
2016-10-05 18:30:00+00:00,-154000.0,A,False,ft3/s,-4360.794375168,False,False,True,2246500,60,"USGS NWIS IV 02246500 00060 (raw signed total discharge, not de-tided; negative = flood-tide reversal)"
2016-10-05 18:45:00+00:00,-151000.0,A,False,ft3/s,-4275.843835392,False,False,True,2246500,60,"USGS NWIS IV 02246500 00060 (raw signed total discharge, not de-tided; negative = flood-tide reversal)"
2016-10-05 19:00:00+00:00,-151000.0,A,False,ft3/s,-4275.843835392,False,False,True,2246500,60,"USGS NWIS IV 02246500 00060 (raw signed total discharge, not de-tided; negative = flood-tide reversal)"
2016-10-05 19:15:00+00:00,-140000.0,A,False,ft3/s,-3964.35852288,False,False,True,2246500,60,"USGS NWIS IV 02246500 00060 (raw signed total discharge, not de-tided; negative = flood-tide reversal)"
2016-10-05 19:30:00+00:00,-141000.0,A,False,ft3/s,-3992.675369472,False,False,True,2246500,60,"USGS NWIS IV 02246500 00060 (raw signed total discharge, not de-tided; negative = flood-tide reversal)"
2016-10-05 19:45:00+00:00,-132000.0,A,False,ft3/s,-3737.823750144,False,False,True,2246500,60,"USGS NWIS IV 02246500 00060 (raw signed total discharge, not de-tided; negative = flood-tide reversal)"
2016-10-05 20:00:00+00:00,-127000.0,A,False,ft3/s,-3596.2395171840003,False,False,True,2246500,60,"USGS NWIS IV 02246500 00060 (raw signed total discharge, not de-tided; negative = flood-tide reversal)"
2016-10-05 20:15:00+00:00,-115000.0,A,False,ft3/s,-3256.43735808,False,False,True,2246500,60,"USGS NWIS IV 02246500 00060 (raw signed total discharge, not de-tided; negative = flood-tide reversal)"
2016-10-05 20:30:00+00:00,-97000.0,A,False,ft3/s,-2746.7341194240003,False,False,True,2246500,60,"USGS NWIS IV 02246500 00060 (raw signed total discharge, not de-tided; negative = flood-tide reversal)"
2016-10-05 20:45:00+00:00,-83900.0,A,False,ft3/s,-2375.7834290688,False,False,True,2246500,60,"USGS NWIS IV 02246500 00060 (raw signed total discharge, not de-tided; negative = flood-tide reversal)"
2016-10-05 21:00:00+00:00,-73500.0,A,False,ft3/s,-2081.288224512,False,False,True,2246500,60,"USGS NWIS IV 02246500 00060 (raw signed total discharge, not de-tided; negative = flood-tide reversal)"
2016-10-05 21:15:00+00:00,-60400.0,A,False,ft3/s,-1710.3375341568,False,False,True,2246500,60,"USGS NWIS IV 02246500 00060 (raw signed total discharge, not de-tided; negative = flood-tide reversal)"
2016-10-05 21:30:00+00:00,-33600.0,A,False,ft3/s,-951.4460454912,False,False,True,2246500,60,"USGS NWIS IV 02246500 00060 (raw signed total discharge, not de-tided; negative = flood-tide reversal)"
2016-10-05 21:45:00+00:00,-11500.0,A,False,ft3/s,-325.64373580800003,False,False,True,2246500,60,"USGS NWIS IV 02246500 00060 (raw signed total discharge, not de-tided; negative = flood-tide reversal)"
2016-10-05 22:00:00+00:00,-861.0,A,False,ft3/s,-24.380804915712,False,False,True,2246500,60,"USGS NWIS IV 02246500 00060 (raw signed total discharge, not de-tided; negative = flood-tide reversal)"
2016-10-05 22:15:00+00:00,16600.0,A,False,ft3/s,470.0596534272,False,False,True,2246500,60,"USGS NWIS IV 02246500 00060 (raw signed total discharge, not de-tided; negative = flood-tide reversal)"
2016-10-05 22:30:00+00:00,57700.0,A,False,ft3/s,1633.8820483584,False,False,True,2246500,60,"USGS NWIS IV 02246500 00060 (raw signed total discharge, not de-tided; negative = flood-tide reversal)"
2016-10-05 22:45:00+00:00,56600.0,A,False,ft3/s,1602.7335171072,False,False,True,2246500,60,"USGS NWIS IV 02246500 00060 (raw signed total discharge, not de-tided; negative = flood-tide reversal)"
2016-10-05 23:00:00+00:00,69300.0,A,False,ft3/s,1962.3574688256,False,False,True,2246500,60,"USGS NWIS IV 02246500 00060 (raw signed total discharge, not de-tided; negative = flood-tide reversal)"
2016-10-05 23:15:00+00:00,86500.0,A,False,ft3/s,2449.407230208,False,False,True,2246500,60,"USGS NWIS IV 02246500 00060 (raw signed total discharge, not de-tided; negative = flood-tide reversal)"
2016-10-05 23:30:00+00:00,84700.0,A,False,ft3/s,2398.4369063424,False,False,True,2246500,60,"USGS NWIS IV 02246500 00060 (raw signed total discharge, not de-tided; negative = flood-tide reversal)"
2016-10-05 23:45:00+00:00,91000.0,A,False,ft3/s,2576.833039872,False,False,True,2246500,60,"USGS NWIS IV 02246500 00060 (raw signed total discharge, not de-tided; negative = flood-tide reversal)"
2016-10-06 00:00:00+00:00,98200.0,A,False,ft3/s,2780.7143353344,False,False,True,2246500,60,"USGS NWIS IV 02246500 00060 (raw signed total discharge, not de-tided; negative = flood-tide reversal)"
2016-10-06 00:15:00+00:00,98200.0,A,False,ft3/s,2780.7143353344,False,False,True,2246500,60,"USGS NWIS IV 02246500 00060 (raw signed total discharge, not de-tided; negative = flood-tide reversal)"
2016-10-06 00:30:00+00:00,92800.0,A,False,ft3/s,2627.8033637376,False,False,True,2246500,60,"USGS NWIS IV 02246500 00060 (raw signed total discharge, not de-tided; negative = flood-tide reversal)"
2016-10-06 00:45:00+00:00,95100.0,A,False,ft3/s,2692.9321108992,False,False,True,2246500,60,"USGS NWIS IV 02246500 00060 (raw signed total discharge, not de-tided; negative = flood-tide reversal)"
2016-10-06 01:00:00+00:00,82900.0,A,False,ft3/s,2347.4665824768,False,False,True,2246500,60,"USGS NWIS IV 02246500 00060 (raw signed total discharge, not de-tided; negative = flood-tide reversal)"
2016-10-06 01:15:00+00:00,84900.0,A,False,ft3/s,2404.1002756608,False,False,True,2246500,60,"USGS NWIS IV 02246500 00060 (raw signed total discharge, not de-tided; negative = flood-tide reversal)"
2016-10-06 01:30:00+00:00,75000.0,A,False,ft3/s,2123.7634944,False,False,True,2246500,60,"USGS NWIS IV 02246500 00060 (raw signed total discharge, not de-tided; negative = flood-tide reversal)"
2016-10-06 01:45:00+00:00,71000.0,A,False,ft3/s,2010.496108032,False,False,True,2246500,60,"USGS NWIS IV 02246500 00060 (raw signed total discharge, not de-tided; negative = flood-tide reversal)"
2016-10-06 02:00:00+00:00,57000.0,A,False,ft3/s,1614.060255744,False,False,True,2246500,60,"USGS NWIS IV 02246500 00060 (raw signed total discharge, not de-tided; negative = flood-tide reversal)"
2016-10-06 02:15:00+00:00,39200.0,A,False,ft3/s,1110.0203864064,False,False,True,2246500,60,"USGS NWIS IV 02246500 00060 (raw signed total discharge, not de-tided; negative = flood-tide reversal)"
2016-10-06 02:30:00+00:00,21300.0,A,False,ft3/s,603.1488324096,False,False,True,2246500,60,"USGS NWIS IV 02246500 00060 (raw signed total discharge, not de-tided; negative = flood-tide reversal)"
2016-10-06 02:45:00+00:00,8390.0,A,False,ft3/s,237.57834290688,False,False,True,2246500,60,"USGS NWIS IV 02246500 00060 (raw signed total discharge, not de-tided; negative = flood-tide reversal)"
2016-10-06 03:00:00+00:00,-4580.0,A,False,ft3/s,-129.69115739136,False,False,True,2246500,60,"USGS NWIS IV 02246500 00060 (raw signed total discharge, not de-tided; negative = flood-tide reversal)"
2016-10-06 03:15:00+00:00,-29700.0,A,False,ft3/s,-841.0103437824,False,False,True,2246500,60,"USGS NWIS IV 02246500 00060 (raw signed total discharge, not de-tided; negative = flood-tide reversal)"
2016-10-06 03:30:00+00:00,-52600.0,A,False,ft3/s,-1489.4661307392,False,False,True,2246500,60,"USGS NWIS IV 02246500 00060 (raw signed total discharge, not de-tided; negative = flood-tide reversal)"
2016-10-06 03:45:00+00:00,-75100.0,A,False,ft3/s,-2126.5951790592,False,False,True,2246500,60,"USGS NWIS IV 02246500 00060 (raw signed total discharge, not de-tided; negative = flood-tide reversal)"
2016-10-06 04:00:00+00:00,-77100.0,A,False,ft3/s,-2183.2288722432,False,False,True,2246500,60,"USGS NWIS IV 02246500 00060 (raw signed total discharge, not de-tided; negative = flood-tide reversal)"
2016-10-06 04:15:00+00:00,-97300.0,A,False,ft3/s,-2755.2291734016003,False,False,True,2246500,60,"USGS NWIS IV 02246500 00060 (raw signed total discharge, not de-tided; negative = flood-tide reversal)"
2016-10-06 04:30:00+00:00,-106000.0,A,False,ft3/s,-3001.585738752,False,False,True,2246500,60,"USGS NWIS IV 02246500 00060 (raw signed total discharge, not de-tided; negative = flood-tide reversal)"
2016-10-06 04:45:00+00:00,-111000.0,A,False,ft3/s,-3143.169971712,False,False,True,2246500,60,"USGS NWIS IV 02246500 00060 (raw signed total discharge, not de-tided; negative = flood-tide reversal)"
2016-10-06 05:00:00+00:00,-121000.0,A,False,ft3/s,-3426.338437632,False,False,True,2246500,60,"USGS NWIS IV 02246500 00060 (raw signed total discharge, not de-tided; negative = flood-tide reversal)"
2016-10-06 05:15:00+00:00,-132000.0,A,False,ft3/s,-3737.823750144,False,False,True,2246500,60,"USGS NWIS IV 02246500 00060 (raw signed total discharge, not de-tided; negative = flood-tide reversal)"
2016-10-06 05:30:00+00:00,-134000.0,A,False,ft3/s,-3794.457443328,False,False,True,2246500,60,"USGS NWIS IV 02246500 00060 (raw signed total discharge, not de-tided; negative = flood-tide reversal)"
2016-10-06 05:45:00+00:00,-129000.0,A,False,ft3/s,-3652.873210368,False,False,True,2246500,60,"USGS NWIS IV 02246500 00060 (raw signed total discharge, not de-tided; negative = flood-tide reversal)"
2016-10-06 06:00:00+00:00,-140000.0,A,False,ft3/s,-3964.35852288,False,False,True,2246500,60,"USGS NWIS IV 02246500 00060 (raw signed total discharge, not de-tided; negative = flood-tide reversal)"
2016-10-06 06:15:00+00:00,-131000.0,A,False,ft3/s,-3709.506903552,False,False,True,2246500,60,"USGS NWIS IV 02246500 00060 (raw signed total discharge, not de-tided; negative = flood-tide reversal)"
2016-10-06 06:30:00+00:00,-144000.0,A,False,ft3/s,-4077.625909248,False,False,True,2246500,60,"USGS NWIS IV 02246500 00060 (raw signed total discharge, not de-tided; negative = flood-tide reversal)"
2016-10-06 06:45:00+00:00,-123000.0,A,False,ft3/s,-3482.972130816,False,False,True,2246500,60,"USGS NWIS IV 02246500 00060 (raw signed total discharge, not de-tided; negative = flood-tide reversal)"
2016-10-06 07:00:00+00:00,-131000.0,A,False,ft3/s,-3709.506903552,False,False,True,2246500,60,"USGS NWIS IV 02246500 00060 (raw signed total discharge, not de-tided; negative = flood-tide reversal)"
2016-10-06 07:15:00+00:00,-126000.0,A,False,ft3/s,-3567.922670592,False,False,True,2246500,60,"USGS NWIS IV 02246500 00060 (raw signed total discharge, not de-tided; negative = flood-tide reversal)"
2016-10-06 07:30:00+00:00,-117000.0,A,False,ft3/s,-3313.0710512640003,False,False,True,2246500,60,"USGS NWIS IV 02246500 00060 (raw signed total discharge, not de-tided; negative = flood-tide reversal)"
2016-10-06 07:45:00+00:00,-105000.0,A,False,ft3/s,-2973.26889216,False,False,True,2246500,60,"USGS NWIS IV 02246500 00060 (raw signed total discharge, not de-tided; negative = flood-tide reversal)"
2016-10-06 08:00:00+00:00,-99200.0,A,False,ft3/s,-2809.0311819264,False,False,True,2246500,60,"USGS NWIS IV 02246500 00060 (raw signed total discharge, not de-tided; negative = flood-tide reversal)"
2016-10-06 08:15:00+00:00,-84100.0,A,False,ft3/s,-2381.4467983872,False,False,True,2246500,60,"USGS NWIS IV 02246500 00060 (raw signed total discharge, not de-tided; negative = flood-tide reversal)"
2016-10-06 08:30:00+00:00,-78400.0,A,False,ft3/s,-2220.0407728128,False,False,True,2246500,60,"USGS NWIS IV 02246500 00060 (raw signed total discharge, not de-tided; negative = flood-tide reversal)"
2016-10-06 08:45:00+00:00,-66600.0,A,False,ft3/s,-1885.9019830272,False,False,True,2246500,60,"USGS NWIS IV 02246500 00060 (raw signed total discharge, not de-tided; negative = flood-tide reversal)"
2016-10-06 09:00:00+00:00,-55300.0,A,False,ft3/s,-1565.9216165376,False,False,True,2246500,60,"USGS NWIS IV 02246500 00060 (raw signed total discharge, not de-tided; negative = flood-tide reversal)"
2016-10-06 09:15:00+00:00,-35700.0,A,False,ft3/s,-1010.9114233344,False,False,True,2246500,60,"USGS NWIS IV 02246500 00060 (raw signed total discharge, not de-tided; negative = flood-tide reversal)"
2016-10-06 09:30:00+00:00,-18500.0,A,False,ft3/s,-523.861661952,False,False,True,2246500,60,"USGS NWIS IV 02246500 00060 (raw signed total discharge, not de-tided; negative = flood-tide reversal)"
2016-10-06 09:45:00+00:00,57.8,A,False,ft3/s,1.6367137330176,False,False,True,2246500,60,"USGS NWIS IV 02246500 00060 (raw signed total discharge, not de-tided; negative = flood-tide reversal)"
2016-10-06 10:00:00+00:00,6980.0,A,False,ft3/s,197.65158921216,False,False,True,2246500,60,"USGS NWIS IV 02246500 00060 (raw signed total discharge, not de-tided; negative = flood-tide reversal)"
2016-10-06 10:15:00+00:00,17600.0,A,False,ft3/s,498.3765000192,False,False,True,2246500,60,"USGS NWIS IV 02246500 00060 (raw signed total discharge, not de-tided; negative = flood-tide reversal)"
2016-10-06 10:30:00+00:00,33200.0,A,False,ft3/s,940.1193068544,False,False,True,2246500,60,"USGS NWIS IV 02246500 00060 (raw signed total discharge, not de-tided; negative = flood-tide reversal)"
2016-10-06 10:45:00+00:00,46500.0,A,False,ft3/s,1316.733366528,False,False,True,2246500,60,"USGS NWIS IV 02246500 00060 (raw signed total discharge, not de-tided; negative = flood-tide reversal)"
2016-10-06 11:00:00+00:00,51500.0,A,False,ft3/s,1458.317599488,False,False,True,2246500,60,"USGS NWIS IV 02246500 00060 (raw signed total discharge, not de-tided; negative = flood-tide reversal)"
2016-10-06 11:15:00+00:00,69800.0,A,False,ft3/s,1976.5158921216,False,False,True,2246500,60,"USGS NWIS IV 02246500 00060 (raw signed total discharge, not de-tided; negative = flood-tide reversal)"
2016-10-06 11:30:00+00:00,78900.0,A,False,ft3/s,2234.1991961088,False,False,True,2246500,60,"USGS NWIS IV 02246500 00060 (raw signed total discharge, not de-tided; negative = flood-tide reversal)"
2016-10-06 11:45:00+00:00,88500.0,A,False,ft3/s,2506.040923392,False,False,True,2246500,60,"USGS NWIS IV 02246500 00060 (raw signed total discharge, not de-tided; negative = flood-tide reversal)"
2016-10-06 12:00:00+00:00,88000.0,A,False,ft3/s,2491.882500096,False,False,True,2246500,60,"USGS NWIS IV 02246500 00060 (raw signed total discharge, not de-tided; negative = flood-tide reversal)"
2016-10-06 12:15:00+00:00,90300.0,A,False,ft3/s,2557.0112472576,False,False,True,2246500,60,"USGS NWIS IV 02246500 00060 (raw signed total discharge, not de-tided; negative = flood-tide reversal)"
2016-10-06 12:30:00+00:00,85300.0,A,False,ft3/s,2415.4270142976,False,False,True,2246500,60,"USGS NWIS IV 02246500 00060 (raw signed total discharge, not de-tided; negative = flood-tide reversal)"
2016-10-06 12:45:00+00:00,85800.0,A,False,ft3/s,2429.5854375936,False,False,True,2246500,60,"USGS NWIS IV 02246500 00060 (raw signed total discharge, not de-tided; negative = flood-tide reversal)"
2016-10-06 13:00:00+00:00,82600.0,A,False,ft3/s,2338.9715284992,False,False,True,2246500,60,"USGS NWIS IV 02246500 00060 (raw signed total discharge, not de-tided; negative = flood-tide reversal)"
2016-10-06 13:15:00+00:00,73000.0,A,False,ft3/s,2067.129801216,False,False,True,2246500,60,"USGS NWIS IV 02246500 00060 (raw signed total discharge, not de-tided; negative = flood-tide reversal)"
2016-10-06 13:30:00+00:00,61600.0,A,False,ft3/s,1744.3177500672,False,False,True,2246500,60,"USGS NWIS IV 02246500 00060 (raw signed total discharge, not de-tided; negative = flood-tide reversal)"
2016-10-06 13:45:00+00:00,58000.0,A,False,ft3/s,1642.377102336,False,False,True,2246500,60,"USGS NWIS IV 02246500 00060 (raw signed total discharge, not de-tided; negative = flood-tide reversal)"
2016-10-06 14:00:00+00:00,42500.0,A,False,ft3/s,1203.46598016,False,False,True,2246500,60,"USGS NWIS IV 02246500 00060 (raw signed total discharge, not de-tided; negative = flood-tide reversal)"
2016-10-06 14:15:00+00:00,25500.0,A,False,ft3/s,722.0795880960001,False,False,True,2246500,60,"USGS NWIS IV 02246500 00060 (raw signed total discharge, not de-tided; negative = flood-tide reversal)"
2016-10-06 14:30:00+00:00,8400.0,A,False,ft3/s,237.8615113728,False,False,True,2246500,60,"USGS NWIS IV 02246500 00060 (raw signed total discharge, not de-tided; negative = flood-tide reversal)"
2016-10-06 14:45:00+00:00,-2730.0,A,False,ft3/s,-77.30499119616,False,False,True,2246500,60,"USGS NWIS IV 02246500 00060 (raw signed total discharge, not de-tided; negative = flood-tide reversal)"
2016-10-06 15:00:00+00:00,-12000.0,A,False,ft3/s,-339.802159104,False,False,True,2246500,60,"USGS NWIS IV 02246500 00060 (raw signed total discharge, not de-tided; negative = flood-tide reversal)"
2016-10-06 15:15:00+00:00,-27900.0,A,False,ft3/s,-790.0400199168,False,False,True,2246500,60,"USGS NWIS IV 02246500 00060 (raw signed total discharge, not de-tided; negative = flood-tide reversal)"
2016-10-06 15:30:00+00:00,-55500.0,A,False,ft3/s,-1571.584985856,False,False,True,2246500,60,"USGS NWIS IV 02246500 00060 (raw signed total discharge, not de-tided; negative = flood-tide reversal)"
2016-10-06 15:45:00+00:00,-78600.0,A,False,ft3/s,-2225.7041421312,False,False,True,2246500,60,"USGS NWIS IV 02246500 00060 (raw signed total discharge, not de-tided; negative = flood-tide reversal)"
2016-10-06 16:00:00+00:00,-91900.0,A,False,ft3/s,-2602.3182018048,False,False,True,2246500,60,"USGS NWIS IV 02246500 00060 (raw signed total discharge, not de-tided; negative = flood-tide reversal)"
2016-10-06 16:15:00+00:00,-102000.0,A,False,ft3/s,-2888.3183523840003,False,False,True,2246500,60,"USGS NWIS IV 02246500 00060 (raw signed total discharge, not de-tided; negative = flood-tide reversal)"
2016-10-06 16:30:00+00:00,-130000.0,A,False,ft3/s,-3681.19005696,False,False,True,2246500,60,"USGS NWIS IV 02246500 00060 (raw signed total discharge, not de-tided; negative = flood-tide reversal)"
2016-10-06 16:45:00+00:00,-133000.0,A,False,ft3/s,-3766.140596736,False,False,True,2246500,60,"USGS NWIS IV 02246500 00060 (raw signed total discharge, not de-tided; negative = flood-tide reversal)"
2016-10-06 17:00:00+00:00,-132000.0,A,False,ft3/s,-3737.823750144,False,False,True,2246500,60,"USGS NWIS IV 02246500 00060 (raw signed total discharge, not de-tided; negative = flood-tide reversal)"
2016-10-06 17:15:00+00:00,-136000.0,A,False,ft3/s,-3851.091136512,False,False,True,2246500,60,"USGS NWIS IV 02246500 00060 (raw signed total discharge, not de-tided; negative = flood-tide reversal)"
2016-10-06 17:30:00+00:00,-142000.0,A,False,ft3/s,-4020.992216064,False,False,True,2246500,60,"USGS NWIS IV 02246500 00060 (raw signed total discharge, not de-tided; negative = flood-tide reversal)"
2016-10-06 17:45:00+00:00,-151000.0,A,False,ft3/s,-4275.843835392,False,False,True,2246500,60,"USGS NWIS IV 02246500 00060 (raw signed total discharge, not de-tided; negative = flood-tide reversal)"
2016-10-06 18:00:00+00:00,-145000.0,A,False,ft3/s,-4105.94275584,False,False,True,2246500,60,"USGS NWIS IV 02246500 00060 (raw signed total discharge, not de-tided; negative = flood-tide reversal)"
2016-10-06 18:15:00+00:00,-161000.0,A,False,ft3/s,-4559.012301312,False,False,True,2246500,60,"USGS NWIS IV 02246500 00060 (raw signed total discharge, not de-tided; negative = flood-tide reversal)"
2016-10-06 18:30:00+00:00,-161000.0,A,False,ft3/s,-4559.012301312,False,False,True,2246500,60,"USGS NWIS IV 02246500 00060 (raw signed total discharge, not de-tided; negative = flood-tide reversal)"
2016-10-06 18:45:00+00:00,-150000.0,A,False,ft3/s,-4247.5269888,False,False,True,2246500,60,"USGS NWIS IV 02246500 00060 (raw signed total discharge, not de-tided; negative = flood-tide reversal)"
2016-10-06 19:00:00+00:00,-175000.0,A,False,ft3/s,-4955.4481536,False,False,True,2246500,60,"USGS NWIS IV 02246500 00060 (raw signed total discharge, not de-tided; negative = flood-tide reversal)"
2016-10-06 19:15:00+00:00,-165000.0,A,False,ft3/s,-4672.27968768,False,False,True,2246500,60,"USGS NWIS IV 02246500 00060 (raw signed total discharge, not de-tided; negative = flood-tide reversal)"
2016-10-06 19:30:00+00:00,-163000.0,A,False,ft3/s,-4615.645994496,False,False,True,2246500,60,"USGS NWIS IV 02246500 00060 (raw signed total discharge, not de-tided; negative = flood-tide reversal)"
2016-10-06 19:45:00+00:00,-147000.0,A,False,ft3/s,-4162.576449024,False,False,True,2246500,60,"USGS NWIS IV 02246500 00060 (raw signed total discharge, not de-tided; negative = flood-tide reversal)"
2016-10-06 20:00:00+00:00,-148000.0,A,False,ft3/s,-4190.893295616,False,False,True,2246500,60,"USGS NWIS IV 02246500 00060 (raw signed total discharge, not de-tided; negative = flood-tide reversal)"
2016-10-06 20:15:00+00:00,-145000.0,A,False,ft3/s,-4105.94275584,False,False,True,2246500,60,"USGS NWIS IV 02246500 00060 (raw signed total discharge, not de-tided; negative = flood-tide reversal)"
2016-10-06 20:30:00+00:00,-152000.0,A,False,ft3/s,-4304.160681984,False,False,True,2246500,60,"USGS NWIS IV 02246500 00060 (raw signed total discharge, not de-tided; negative = flood-tide reversal)"
2016-10-06 20:45:00+00:00,-143000.0,A,False,ft3/s,-4049.309062656,False,False,True,2246500,60,"USGS NWIS IV 02246500 00060 (raw signed total discharge, not de-tided; negative = flood-tide reversal)"
2016-10-06 21:00:00+00:00,-135000.0,A,False,ft3/s,-3822.77428992,False,False,True,2246500,60,"USGS NWIS IV 02246500 00060 (raw signed total discharge, not de-tided; negative = flood-tide reversal)"
2016-10-06 21:15:00+00:00,-125000.0,A,False,ft3/s,-3539.605824,False,False,True,2246500,60,"USGS NWIS IV 02246500 00060 (raw signed total discharge, not de-tided; negative = flood-tide reversal)"
2016-10-06 21:30:00+00:00,-106000.0,A,False,ft3/s,-3001.585738752,False,False,True,2246500,60,"USGS NWIS IV 02246500 00060 (raw signed total discharge, not de-tided; negative = flood-tide reversal)"
2016-10-06 21:45:00+00:00,-95000.0,A,False,ft3/s,-2690.10042624,False,False,True,2246500,60,"USGS NWIS IV 02246500 00060 (raw signed total discharge, not de-tided; negative = flood-tide reversal)"
2016-10-06 22:00:00+00:00,-64100.0,A,False,ft3/s,-1815.1098665472,False,False,True,2246500,60,"USGS NWIS IV 02246500 00060 (raw signed total discharge, not de-tided; negative = flood-tide reversal)"
2016-10-06 22:15:00+00:00,-47200.0,A,False,ft3/s,-1336.5551591424,False,False,True,2246500,60,"USGS NWIS IV 02246500 00060 (raw signed total discharge, not de-tided; negative = flood-tide reversal)"
2016-10-06 22:30:00+00:00,-36800.0,A,False,ft3/s,-1042.0599545856,False,False,True,2246500,60,"USGS NWIS IV 02246500 00060 (raw signed total discharge, not de-tided; negative = flood-tide reversal)"
2016-10-06 22:45:00+00:00,-35900.0,A,False,ft3/s,-1016.5747926528,False,False,True,2246500,60,"USGS NWIS IV 02246500 00060 (raw signed total discharge, not de-tided; negative = flood-tide reversal)"
2016-10-06 23:00:00+00:00,-14800.0,A,False,ft3/s,-419.0893295616,False,False,True,2246500,60,"USGS NWIS IV 02246500 00060 (raw signed total discharge, not de-tided; negative = flood-tide reversal)"
2016-10-06 23:15:00+00:00,6570.0,A,False,ft3/s,186.04168210944,False,False,True,2246500,60,"USGS NWIS IV 02246500 00060 (raw signed total discharge, not de-tided; negative = flood-tide reversal)"
2016-10-06 23:30:00+00:00,20500.0,A,False,ft3/s,580.4953551360001,False,False,True,2246500,60,"USGS NWIS IV 02246500 00060 (raw signed total discharge, not de-tided; negative = flood-tide reversal)"
2016-10-06 23:45:00+00:00,37600.0,A,False,ft3/s,1064.7134318592,False,False,True,2246500,60,"USGS NWIS IV 02246500 00060 (raw signed total discharge, not de-tided; negative = flood-tide reversal)"
2016-10-07 00:00:00+00:00,49600.0,A,False,ft3/s,1404.5155909632,False,False,True,2246500,60,"USGS NWIS IV 02246500 00060 (raw signed total discharge, not de-tided; negative = flood-tide reversal)"
2016-10-07 00:15:00+00:00,56500.0,A,False,ft3/s,1599.901832448,False,False,True,2246500,60,"USGS NWIS IV 02246500 00060 (raw signed total discharge, not de-tided; negative = flood-tide reversal)"
2016-10-07 00:30:00+00:00,71200.0,A,False,ft3/s,2016.1594773504,False,False,True,2246500,60,"USGS NWIS IV 02246500 00060 (raw signed total discharge, not de-tided; negative = flood-tide reversal)"
2016-10-07 00:45:00+00:00,78900.0,A,False,ft3/s,2234.1991961088,False,False,True,2246500,60,"USGS NWIS IV 02246500 00060 (raw signed total discharge, not de-tided; negative = flood-tide reversal)"
2016-10-07 01:00:00+00:00,85000.0,A,False,ft3/s,2406.93196032,False,False,True,2246500,60,"USGS NWIS IV 02246500 00060 (raw signed total discharge, not de-tided; negative = flood-tide reversal)"
2016-10-07 01:15:00+00:00,84500.0,A,False,ft3/s,2392.773537024,False,False,True,2246500,60,"USGS NWIS IV 02246500 00060 (raw signed total discharge, not de-tided; negative = flood-tide reversal)"
2016-10-07 01:30:00+00:00,80300.0,A,False,ft3/s,2273.8427813376,False,False,True,2246500,60,"USGS NWIS IV 02246500 00060 (raw signed total discharge, not de-tided; negative = flood-tide reversal)"
2016-10-07 01:45:00+00:00,77600.0,A,False,ft3/s,2197.3872955392,False,False,True,2246500,60,"USGS NWIS IV 02246500 00060 (raw signed total discharge, not de-tided; negative = flood-tide reversal)"
2016-10-07 02:00:00+00:00,74900.0,A,False,ft3/s,2120.9318097408,False,False,True,2246500,60,"USGS NWIS IV 02246500 00060 (raw signed total discharge, not de-tided; negative = flood-tide reversal)"
2016-10-07 02:15:00+00:00,78200.0,A,False,ft3/s,2214.3774034944,False,False,True,2246500,60,"USGS NWIS IV 02246500 00060 (raw signed total discharge, not de-tided; negative = flood-tide reversal)"
2016-10-07 02:30:00+00:00,65400.0,A,False,ft3/s,1851.9217671168,False,False,True,2246500,60,"USGS NWIS IV 02246500 00060 (raw signed total discharge, not de-tided; negative = flood-tide reversal)"
2016-10-07 02:45:00+00:00,52000.0,A,False,ft3/s,1472.476022784,False,False,True,2246500,60,"USGS NWIS IV 02246500 00060 (raw signed total discharge, not de-tided; negative = flood-tide reversal)"
2016-10-07 03:00:00+00:00,43800.0,A,False,ft3/s,1240.2778807296,False,False,True,2246500,60,"USGS NWIS IV 02246500 00060 (raw signed total discharge, not de-tided; negative = flood-tide reversal)"
2016-10-07 03:15:00+00:00,22000.0,A,False,ft3/s,622.970625024,False,False,True,2246500,60,"USGS NWIS IV 02246500 00060 (raw signed total discharge, not de-tided; negative = flood-tide reversal)"
2016-10-07 03:30:00+00:00,-875.0,A,False,ft3/s,-24.777240768,False,False,True,2246500,60,"USGS NWIS IV 02246500 00060 (raw signed total discharge, not de-tided; negative = flood-tide reversal)"
2016-10-07 03:45:00+00:00,-6960.0,A,False,ft3/s,-197.08525228032,False,False,True,2246500,60,"USGS NWIS IV 02246500 00060 (raw signed total discharge, not de-tided; negative = flood-tide reversal)"
2016-10-07 04:00:00+00:00,-20100.0,A,False,ft3/s,-569.1686164992,False,False,True,2246500,60,"USGS NWIS IV 02246500 00060 (raw signed total discharge, not de-tided; negative = flood-tide reversal)"
2016-10-07 04:15:00+00:00,-34200.0,A,False,ft3/s,-968.4361534464,False,False,True,2246500,60,"USGS NWIS IV 02246500 00060 (raw signed total discharge, not de-tided; negative = flood-tide reversal)"
2016-10-07 04:30:00+00:00,-53600.0,A,False,ft3/s,-1517.7829773312,False,False,True,2246500,60,"USGS NWIS IV 02246500 00060 (raw signed total discharge, not de-tided; negative = flood-tide reversal)"
2016-10-07 04:45:00+00:00,-73900.0,A,False,ft3/s,-2092.6149631488,False,False,True,2246500,60,"USGS NWIS IV 02246500 00060 (raw signed total discharge, not de-tided; negative = flood-tide reversal)"
2016-10-07 05:00:00+00:00,-88600.0,A,False,ft3/s,-2508.8726080512,False,False,True,2246500,60,"USGS NWIS IV 02246500 00060 (raw signed total discharge, not de-tided; negative = flood-tide reversal)"
2016-10-07 05:15:00+00:00,-105000.0,A,False,ft3/s,-2973.26889216,False,False,True,2246500,60,"USGS NWIS IV 02246500 00060 (raw signed total discharge, not de-tided; negative = flood-tide reversal)"
2016-10-07 05:30:00+00:00,-113000.0,A,False,ft3/s,-3199.803664896,False,False,True,2246500,60,"USGS NWIS IV 02246500 00060 (raw signed total discharge, not de-tided; negative = flood-tide reversal)"
2016-10-07 05:45:00+00:00,-108000.0,A,False,ft3/s,-3058.219431936,False,False,True,2246500,60,"USGS NWIS IV 02246500 00060 (raw signed total discharge, not de-tided; negative = flood-tide reversal)"
2016-10-07 06:00:00+00:00,-124000.0,A,False,ft3/s,-3511.288977408,False,False,True,2246500,60,"USGS NWIS IV 02246500 00060 (raw signed total discharge, not de-tided; negative = flood-tide reversal)"
2016-10-07 06:15:00+00:00,-123000.0,A,False,ft3/s,-3482.972130816,False,False,True,2246500,60,"USGS NWIS IV 02246500 00060 (raw signed total discharge, not de-tided; negative = flood-tide reversal)"
2016-10-07 06:30:00+00:00,-136000.0,A,False,ft3/s,-3851.091136512,False,False,True,2246500,60,"USGS NWIS IV 02246500 00060 (raw signed total discharge, not de-tided; negative = flood-tide reversal)"
2016-10-07 06:45:00+00:00,-141000.0,A,False,ft3/s,-3992.675369472,False,False,True,2246500,60,"USGS NWIS IV 02246500 00060 (raw signed total discharge, not de-tided; negative = flood-tide reversal)"
2016-10-07 07:00:00+00:00,-137000.0,A,False,ft3/s,-3879.407983104,False,False,True,2246500,60,"USGS NWIS IV 02246500 00060 (raw signed total discharge, not de-tided; negative = flood-tide reversal)"
2016-10-07 07:15:00+00:00,-142000.0,A,False,ft3/s,-4020.992216064,False,False,True,2246500,60,"USGS NWIS IV 02246500 00060 (raw signed total discharge, not de-tided; negative = flood-tide reversal)"
2016-10-07 07:30:00+00:00,-147000.0,A,False,ft3/s,-4162.576449024,False,False,True,2246500,60,"USGS NWIS IV 02246500 00060 (raw signed total discharge, not de-tided; negative = flood-tide reversal)"
2016-10-07 07:45:00+00:00,-138000.0,A,False,ft3/s,-3907.724829696,False,False,True,2246500,60,"USGS NWIS IV 02246500 00060 (raw signed total discharge, not de-tided; negative = flood-tide reversal)"
2016-10-07 08:00:00+00:00,-141000.0,A,False,ft3/s,-3992.675369472,False,False,True,2246500,60,"USGS NWIS IV 02246500 00060 (raw signed total discharge, not de-tided; negative = flood-tide reversal)"
2016-10-07 08:15:00+00:00,-137000.0,A,False,ft3/s,-3879.407983104,False,False,True,2246500,60,"USGS NWIS IV 02246500 00060 (raw signed total discharge, not de-tided; negative = flood-tide reversal)"
2016-10-07 08:30:00+00:00,-127000.0,A,False,ft3/s,-3596.2395171840003,False,False,True,2246500,60,"USGS NWIS IV 02246500 00060 (raw signed total discharge, not de-tided; negative = flood-tide reversal)"
2016-10-07 08:45:00+00:00,-115000.0,A,False,ft3/s,-3256.43735808,False,False,True,2246500,60,"USGS NWIS IV 02246500 00060 (raw signed total discharge, not de-tided; negative = flood-tide reversal)"
2016-10-07 09:00:00+00:00,-114000.0,A,False,ft3/s,-3228.120511488,False,False,True,2246500,60,"USGS NWIS IV 02246500 00060 (raw signed total discharge, not de-tided; negative = flood-tide reversal)"
2016-10-07 09:15:00+00:00,-105000.0,A,False,ft3/s,-2973.26889216,False,False,True,2246500,60,"USGS NWIS IV 02246500 00060 (raw signed total discharge, not de-tided; negative = flood-tide reversal)"
2016-10-07 09:30:00+00:00,-90300.0,A,False,ft3/s,-2557.0112472576,False,False,True,2246500,60,"USGS NWIS IV 02246500 00060 (raw signed total discharge, not de-tided; negative = flood-tide reversal)"
2016-10-07 09:45:00+00:00,-77000.0,A,False,ft3/s,-2180.397187584,False,False,True,2246500,60,"USGS NWIS IV 02246500 00060 (raw signed total discharge, not de-tided; negative = flood-tide reversal)"
2016-10-07 10:00:00+00:00,-60500.0,A,False,ft3/s,-1713.169218816,False,False,True,2246500,60,"USGS NWIS IV 02246500 00060 (raw signed total discharge, not de-tided; negative = flood-tide reversal)"
2016-10-07 10:15:00+00:00,-61300.0,A,False,ft3/s,-1735.8226960896,False,False,True,2246500,60,"USGS NWIS IV 02246500 00060 (raw signed total discharge, not de-tided; negative = flood-tide reversal)"
2016-10-07 10:30:00+00:00,-56100.0,A,False,ft3/s,-1588.5750938112,False,False,True,2246500,60,"USGS NWIS IV 02246500 00060 (raw signed total discharge, not de-tided; negative = flood-tide reversal)"
2016-10-07 10:45:00+00:00,-44800.0,A,False,ft3/s,-1268.5947273216,False,False,True,2246500,60,"USGS NWIS IV 02246500 00060 (raw signed total discharge, not de-tided; negative = flood-tide reversal)"
2016-10-07 11:00:00+00:00,-38200.0,A,False,ft3/s,-1081.7035398144,False,False,True,2246500,60,"USGS NWIS IV 02246500 00060 (raw signed total discharge, not de-tided; negative = flood-tide reversal)"
2016-10-07 11:15:00+00:00,-20500.0,A,False,ft3/s,-580.4953551360001,False,False,True,2246500,60,"USGS NWIS IV 02246500 00060 (raw signed total discharge, not de-tided; negative = flood-tide reversal)"
2016-10-07 11:30:00+00:00,-5070.0,A,False,ft3/s,-143.56641222144,False,False,True,2246500,60,"USGS NWIS IV 02246500 00060 (raw signed total discharge, not de-tided; negative = flood-tide reversal)"
2016-10-07 11:45:00+00:00,2850.0,A,False,ft3/s,80.7030127872,False,False,True,2246500,60,"USGS NWIS IV 02246500 00060 (raw signed total discharge, not de-tided; negative = flood-tide reversal)"
2016-10-07 12:00:00+00:00,6100.0,A,False,ft3/s,172.7327642112,False,False,True,2246500,60,"USGS NWIS IV 02246500 00060 (raw signed total discharge, not de-tided; negative = flood-tide reversal)"
2016-10-07 12:15:00+00:00,10700.0,A,False,ft3/s,302.9902585344,False,False,True,2246500,60,"USGS NWIS IV 02246500 00060 (raw signed total discharge, not de-tided; negative = flood-tide reversal)"
2016-10-07 12:30:00+00:00,9310.0,A,False,ft3/s,263.62984177152003,False,False,True,2246500,60,"USGS NWIS IV 02246500 00060 (raw signed total discharge, not de-tided; negative = flood-tide reversal)"
2016-10-07 12:45:00+00:00,10700.0,A,False,ft3/s,302.9902585344,False,False,True,2246500,60,"USGS NWIS IV 02246500 00060 (raw signed total discharge, not de-tided; negative = flood-tide reversal)"
2016-10-07 13:00:00+00:00,7900.0,A,False,ft3/s,223.7030880768,False,False,True,2246500,60,"USGS NWIS IV 02246500 00060 (raw signed total discharge, not de-tided; negative = flood-tide reversal)"
2016-10-07 13:15:00+00:00,8360.0,A,False,ft3/s,236.72883750912,False,False,True,2246500,60,"USGS NWIS IV 02246500 00060 (raw signed total discharge, not de-tided; negative = flood-tide reversal)"
2016-10-07 13:30:00+00:00,6510.0,A,False,ft3/s,184.34267131392,False,False,True,2246500,60,"USGS NWIS IV 02246500 00060 (raw signed total discharge, not de-tided; negative = flood-tide reversal)"
2016-10-07 13:45:00+00:00,-4550.0,A,False,ft3/s,-128.8416519936,False,False,True,2246500,60,"USGS NWIS IV 02246500 00060 (raw signed total discharge, not de-tided; negative = flood-tide reversal)"
2016-10-07 14:00:00+00:00,-24400.0,A,False,ft3/s,-690.9310568448,False,False,True,2246500,60,"USGS NWIS IV 02246500 00060 (raw signed total discharge, not de-tided; negative = flood-tide reversal)"
2016-10-07 14:15:00+00:00,-33600.0,A,False,ft3/s,-951.4460454912,False,False,True,2246500,60,"USGS NWIS IV 02246500 00060 (raw signed total discharge, not de-tided; negative = flood-tide reversal)"
2016-10-07 14:30:00+00:00,-58600.0,A,False,ft3/s,-1659.3672102912,False,False,True,2246500,60,"USGS NWIS IV 02246500 00060 (raw signed total discharge, not de-tided; negative = flood-tide reversal)"
2016-10-07 14:45:00+00:00,-81300.0,A,False,ft3/s,-2302.1596279296,False,False,True,2246500,60,"USGS NWIS IV 02246500 00060 (raw signed total discharge, not de-tided; negative = flood-tide reversal)"
2016-10-07 15:00:00+00:00,-96200.0,A,False,ft3/s,-2724.0806421504,False,False,True,2246500,60,"USGS NWIS IV 02246500 00060 (raw signed total discharge, not de-tided; negative = flood-tide reversal)"
2016-10-07 15:15:00+00:00,-112000.0,A,False,ft3/s,-3171.4868183040003,False,False,True,2246500,60,"USGS NWIS IV 02246500 00060 (raw signed total discharge, not de-tided; negative = flood-tide reversal)"
2016-10-07 15:30:00+00:00,-125000.0,A,False,ft3/s,-3539.605824,False,False,True,2246500,60,"USGS NWIS IV 02246500 00060 (raw signed total discharge, not de-tided; negative = flood-tide reversal)"
2016-10-07 15:45:00+00:00,-118000.0,A,False,ft3/s,-3341.387897856,False,False,True,2246500,60,"USGS NWIS IV 02246500 00060 (raw signed total discharge, not de-tided; negative = flood-tide reversal)"
2016-10-07 16:00:00+00:00,-147000.0,A,False,ft3/s,-4162.576449024,False,False,True,2246500,60,"USGS NWIS IV 02246500 00060 (raw signed total discharge, not de-tided; negative = flood-tide reversal)"
2016-10-07 16:15:00+00:00,-153000.0,A,False,ft3/s,-4332.477528576,False,False,True,2246500,60,"USGS NWIS IV 02246500 00060 (raw signed total discharge, not de-tided; negative = flood-tide reversal)"
2016-10-07 16:30:00+00:00,-165000.0,A,False,ft3/s,-4672.27968768,False,False,True,2246500,60,"USGS NWIS IV 02246500 00060 (raw signed total discharge, not de-tided; negative = flood-tide reversal)"
2016-10-07 16:45:00+00:00,-180000.0,A,False,ft3/s,-5097.03238656,False,False,True,2246500,60,"USGS NWIS IV 02246500 00060 (raw signed total discharge, not de-tided; negative = flood-tide reversal)"
2016-10-07 17:00:00+00:00,-205000.0,A,False,ft3/s,-5804.95355136,False,False,True,2246500,60,"USGS NWIS IV 02246500 00060 (raw signed total discharge, not de-tided; negative = flood-tide reversal)"
2016-10-07 17:15:00+00:00,-205000.0,A,False,ft3/s,-5804.95355136,False,False,True,2246500,60,"USGS NWIS IV 02246500 00060 (raw signed total discharge, not de-tided; negative = flood-tide reversal)"
2016-10-07 17:30:00+00:00,-206000.0,A,False,ft3/s,-5833.270397952,False,False,True,2246500,60,"USGS NWIS IV 02246500 00060 (raw signed total discharge, not de-tided; negative = flood-tide reversal)"
2016-10-07 17:45:00+00:00,-237000.0,A,False,ft3/s,-6711.092642304,False,False,True,2246500,60,"USGS NWIS IV 02246500 00060 (raw signed total discharge, not de-tided; negative = flood-tide reversal)"
2016-10-07 18:00:00+00:00,-233000.0,A,False,ft3/s,-6597.825255936,False,False,True,2246500,60,"USGS NWIS IV 02246500 00060 (raw signed total discharge, not de-tided; negative = flood-tide reversal)"
2016-10-07 18:15:00+00:00,-259000.0,A,False,ft3/s,-7334.063267328001,False,False,True,2246500,60,"USGS NWIS IV 02246500 00060 (raw signed total discharge, not de-tided; negative = flood-tide reversal)"
2016-10-07 18:30:00+00:00,-265000.0,A,False,ft3/s,-7503.96434688,False,False,True,2246500,60,"USGS NWIS IV 02246500 00060 (raw signed total discharge, not de-tided; negative = flood-tide reversal)"
2016-10-07 18:45:00+00:00,-274000.0,A,False,ft3/s,-7758.815966208001,False,False,True,2246500,60,"USGS NWIS IV 02246500 00060 (raw signed total discharge, not de-tided; negative = flood-tide reversal)"
2016-10-07 19:00:00+00:00,-247000.0,A,False,ft3/s,-6994.261108224,False,False,True,2246500,60,"USGS NWIS IV 02246500 00060 (raw signed total discharge, not de-tided; negative = flood-tide reversal)"
2016-10-07 19:15:00+00:00,-242000.0,A,False,ft3/s,-6852.676875264,False,False,True,2246500,60,"USGS NWIS IV 02246500 00060 (raw signed total discharge, not de-tided; negative = flood-tide reversal)"
2016-10-07 19:30:00+00:00,-249000.0,A,False,ft3/s,-7050.894801408001,False,False,True,2246500,60,"USGS NWIS IV 02246500 00060 (raw signed total discharge, not de-tided; negative = flood-tide reversal)"
2016-10-07 19:45:00+00:00,-254000.0,A,False,ft3/s,-7192.479034368001,False,False,True,2246500,60,"USGS NWIS IV 02246500 00060 (raw signed total discharge, not de-tided; negative = flood-tide reversal)"
2016-10-07 20:00:00+00:00,-248000.0,A,False,ft3/s,-7022.577954816,False,False,True,2246500,60,"USGS NWIS IV 02246500 00060 (raw signed total discharge, not de-tided; negative = flood-tide reversal)"
2016-10-07 20:15:00+00:00,-248000.0,A,False,ft3/s,-7022.577954816,False,False,True,2246500,60,"USGS NWIS IV 02246500 00060 (raw signed total discharge, not de-tided; negative = flood-tide reversal)"
2016-10-07 20:30:00+00:00,-257000.0,A,False,ft3/s,-7277.429574144,False,False,True,2246500,60,"USGS NWIS IV 02246500 00060 (raw signed total discharge, not de-tided; negative = flood-tide reversal)"
2016-10-07 20:45:00+00:00,-253000.0,A,False,ft3/s,-7164.162187776,False,False,True,2246500,60,"USGS NWIS IV 02246500 00060 (raw signed total discharge, not de-tided; negative = flood-tide reversal)"
2016-10-07 21:00:00+00:00,-234000.0,A,False,ft3/s,-6626.142102528001,False,False,True,2246500,60,"USGS NWIS IV 02246500 00060 (raw signed total discharge, not de-tided; negative = flood-tide reversal)"
2016-10-07 21:15:00+00:00,-233000.0,A,False,ft3/s,-6597.825255936,False,False,True,2246500,60,"USGS NWIS IV 02246500 00060 (raw signed total discharge, not de-tided; negative = flood-tide reversal)"
2016-10-07 21:30:00+00:00,-221000.0,A,False,ft3/s,-6258.023096832,False,False,True,2246500,60,"USGS NWIS IV 02246500 00060 (raw signed total discharge, not de-tided; negative = flood-tide reversal)"
2016-10-07 21:45:00+00:00,-218000.0,A,False,ft3/s,-6173.072557056,False,False,True,2246500,60,"USGS NWIS IV 02246500 00060 (raw signed total discharge, not de-tided; negative = flood-tide reversal)"
2016-10-07 22:00:00+00:00,-198000.0,A,False,ft3/s,-5606.735625216,False,False,True,2246500,60,"USGS NWIS IV 02246500 00060 (raw signed total discharge, not de-tided; negative = flood-tide reversal)"
2016-10-07 22:15:00+00:00,-188000.0,A,False,ft3/s,-5323.567159296,False,False,True,2246500,60,"USGS NWIS IV 02246500 00060 (raw signed total discharge, not de-tided; negative = flood-tide reversal)"
2016-10-07 22:30:00+00:00,-198000.0,A,False,ft3/s,-5606.735625216,False,False,True,2246500,60,"USGS NWIS IV 02246500 00060 (raw signed total discharge, not de-tided; negative = flood-tide reversal)"
2016-10-07 22:45:00+00:00,-164000.0,A,False,ft3/s,-4643.9628410880005,False,False,True,2246500,60,"USGS NWIS IV 02246500 00060 (raw signed total discharge, not de-tided; negative = flood-tide reversal)"
2016-10-07 23:00:00+00:00,-155000.0,A,False,ft3/s,-4389.11122176,False,False,True,2246500,60,"USGS NWIS IV 02246500 00060 (raw signed total discharge, not de-tided; negative = flood-tide reversal)"
2016-10-07 23:15:00+00:00,-131000.0,A,False,ft3/s,-3709.506903552,False,False,True,2246500,60,"USGS NWIS IV 02246500 00060 (raw signed total discharge, not de-tided; negative = flood-tide reversal)"
2016-10-07 23:30:00+00:00,-120000.0,A,False,ft3/s,-3398.02159104,False,False,True,2246500,60,"USGS NWIS IV 02246500 00060 (raw signed total discharge, not de-tided; negative = flood-tide reversal)"
2016-10-07 23:45:00+00:00,-98400.0,A,False,ft3/s,-2786.3777046528003,False,False,True,2246500,60,"USGS NWIS IV 02246500 00060 (raw signed total discharge, not de-tided; negative = flood-tide reversal)"
2016-10-08 00:00:00+00:00,-80900.0,A,False,ft3/s,-2290.8328892928,False,False,True,2246500,60,"USGS NWIS IV 02246500 00060 (raw signed total discharge, not de-tided; negative = flood-tide reversal)"
2016-10-08 00:15:00+00:00,-68900.0,A,False,ft3/s,-1951.0307301888,False,False,True,2246500,60,"USGS NWIS IV 02246500 00060 (raw signed total discharge, not de-tided; negative = flood-tide reversal)"
2016-10-08 00:30:00+00:00,-53400.0,A,False,ft3/s,-1512.1196080128,False,False,True,2246500,60,"USGS NWIS IV 02246500 00060 (raw signed total discharge, not de-tided; negative = flood-tide reversal)"
2016-10-08 00:45:00+00:00,-33900.0,A,False,ft3/s,-959.9410994688,False,False,True,2246500,60,"USGS NWIS IV 02246500 00060 (raw signed total discharge, not de-tided; negative = flood-tide reversal)"
2016-10-08 01:00:00+00:00,-2810.0,A,False,ft3/s,-79.57033892352,False,False,True,2246500,60,"USGS NWIS IV 02246500 00060 (raw signed total discharge, not de-tided; negative = flood-tide reversal)"
2016-10-08 01:15:00+00:00,32600.0,A,False,ft3/s,923.1291988992,False,False,True,2246500,60,"USGS NWIS IV 02246500 00060 (raw signed total discharge, not de-tided; negative = flood-tide reversal)"
2016-10-08 01:30:00+00:00,39700.0,A,False,ft3/s,1124.1788097024,False,False,True,2246500,60,"USGS NWIS IV 02246500 00060 (raw signed total discharge, not de-tided; negative = flood-tide reversal)"
2016-10-08 01:45:00+00:00,67400.0,A,False,ft3/s,1908.5554603008,False,False,True,2246500,60,"USGS NWIS IV 02246500 00060 (raw signed total discharge, not de-tided; negative = flood-tide reversal)"
2016-10-08 02:00:00+00:00,76900.0,A,False,ft3/s,2177.5655029248,False,False,True,2246500,60,"USGS NWIS IV 02246500 00060 (raw signed total discharge, not de-tided; negative = flood-tide reversal)"
2016-10-08 02:15:00+00:00,101000.0,A,False,ft3/s,2860.001505792,False,False,True,2246500,60,"USGS NWIS IV 02246500 00060 (raw signed total discharge, not de-tided; negative = flood-tide reversal)"
2016-10-08 02:30:00+00:00,106000.0,A,False,ft3/s,3001.585738752,False,False,True,2246500,60,"USGS NWIS IV 02246500 00060 (raw signed total discharge, not de-tided; negative = flood-tide reversal)"
2016-10-08 02:45:00+00:00,112000.0,A,False,ft3/s,3171.4868183040003,False,False,True,2246500,60,"USGS NWIS IV 02246500 00060 (raw signed total discharge, not de-tided; negative = flood-tide reversal)"
2016-10-08 03:00:00+00:00,124000.0,A,False,ft3/s,3511.288977408,False,False,True,2246500,60,"USGS NWIS IV 02246500 00060 (raw signed total discharge, not de-tided; negative = flood-tide reversal)"
2016-10-08 03:15:00+00:00,131000.0,A,False,ft3/s,3709.506903552,False,False,True,2246500,60,"USGS NWIS IV 02246500 00060 (raw signed total discharge, not de-tided; negative = flood-tide reversal)"
2016-10-08 03:30:00+00:00,136000.0,A,False,ft3/s,3851.091136512,False,False,True,2246500,60,"USGS NWIS IV 02246500 00060 (raw signed total discharge, not de-tided; negative = flood-tide reversal)"
2016-10-08 03:45:00+00:00,142000.0,A,False,ft3/s,4020.992216064,False,False,True,2246500,60,"USGS NWIS IV 02246500 00060 (raw signed total discharge, not de-tided; negative = flood-tide reversal)"
2016-10-08 04:00:00+00:00,160000.0,A,False,ft3/s,4530.69545472,False,False,True,2246500,60,"USGS NWIS IV 02246500 00060 (raw signed total discharge, not de-tided; negative = flood-tide reversal)"
2016-10-08 04:15:00+00:00,179000.0,A,False,ft3/s,5068.7155399680005,False,False,True,2246500,60,"USGS NWIS IV 02246500 00060 (raw signed total discharge, not de-tided; negative = flood-tide reversal)"
2016-10-08 04:30:00+00:00,169000.0,A,False,ft3/s,4785.5470740480005,False,False,True,2246500,60,"USGS NWIS IV 02246500 00060 (raw signed total discharge, not de-tided; negative = flood-tide reversal)"
2016-10-08 04:45:00+00:00,167000.0,A,False,ft3/s,4728.913380864,False,False,True,2246500,60,"USGS NWIS IV 02246500 00060 (raw signed total discharge, not de-tided; negative = flood-tide reversal)"
2016-10-08 05:00:00+00:00,166000.0,A,False,ft3/s,4700.596534272,False,False,True,2246500,60,"USGS NWIS IV 02246500 00060 (raw signed total discharge, not de-tided; negative = flood-tide reversal)"
2016-10-08 05:15:00+00:00,166000.0,A,False,ft3/s,4700.596534272,False,False,True,2246500,60,"USGS NWIS IV 02246500 00060 (raw signed total discharge, not de-tided; negative = flood-tide reversal)"
2016-10-08 05:30:00+00:00,152000.0,A,False,ft3/s,4304.160681984,False,False,True,2246500,60,"USGS NWIS IV 02246500 00060 (raw signed total discharge, not de-tided; negative = flood-tide reversal)"
2016-10-08 05:45:00+00:00,147000.0,A,False,ft3/s,4162.576449024,False,False,True,2246500,60,"USGS NWIS IV 02246500 00060 (raw signed total discharge, not de-tided; negative = flood-tide reversal)"
2016-10-08 06:00:00+00:00,148000.0,A,False,ft3/s,4190.893295616,False,False,True,2246500,60,"USGS NWIS IV 02246500 00060 (raw signed total discharge, not de-tided; negative = flood-tide reversal)"
2016-10-08 06:15:00+00:00,144000.0,A,False,ft3/s,4077.625909248,False,False,True,2246500,60,"USGS NWIS IV 02246500 00060 (raw signed total discharge, not de-tided; negative = flood-tide reversal)"
2016-10-08 06:30:00+00:00,147000.0,A,False,ft3/s,4162.576449024,False,False,True,2246500,60,"USGS NWIS IV 02246500 00060 (raw signed total discharge, not de-tided; negative = flood-tide reversal)"
2016-10-08 06:45:00+00:00,146000.0,A,False,ft3/s,4134.259602432,False,False,True,2246500,60,"USGS NWIS IV 02246500 00060 (raw signed total discharge, not de-tided; negative = flood-tide reversal)"
2016-10-08 07:00:00+00:00,150000.0,A,False,ft3/s,4247.5269888,False,False,True,2246500,60,"USGS NWIS IV 02246500 00060 (raw signed total discharge, not de-tided; negative = flood-tide reversal)"
2016-10-08 07:15:00+00:00,145000.0,A,False,ft3/s,4105.94275584,False,False,True,2246500,60,"USGS NWIS IV 02246500 00060 (raw signed total discharge, not de-tided; negative = flood-tide reversal)"
2016-10-08 07:30:00+00:00,143000.0,A,False,ft3/s,4049.309062656,False,False,True,2246500,60,"USGS NWIS IV 02246500 00060 (raw signed total discharge, not de-tided; negative = flood-tide reversal)"
2016-10-08 07:45:00+00:00,150000.0,A,False,ft3/s,4247.5269888,False,False,True,2246500,60,"USGS NWIS IV 02246500 00060 (raw signed total discharge, not de-tided; negative = flood-tide reversal)"
2016-10-08 08:00:00+00:00,141000.0,A,False,ft3/s,3992.675369472,False,False,True,2246500,60,"USGS NWIS IV 02246500 00060 (raw signed total discharge, not de-tided; negative = flood-tide reversal)"
2016-10-08 08:15:00+00:00,143000.0,A,False,ft3/s,4049.309062656,False,False,True,2246500,60,"USGS NWIS IV 02246500 00060 (raw signed total discharge, not de-tided; negative = flood-tide reversal)"
2016-10-08 08:30:00+00:00,139000.0,A,False,ft3/s,3936.041676288,False,False,True,2246500,60,"USGS NWIS IV 02246500 00060 (raw signed total discharge, not de-tided; negative = flood-tide reversal)"
2016-10-08 08:45:00+00:00,145000.0,A,False,ft3/s,4105.94275584,False,False,True,2246500,60,"USGS NWIS IV 02246500 00060 (raw signed total discharge, not de-tided; negative = flood-tide reversal)"
2016-10-08 09:00:00+00:00,149000.0,A,False,ft3/s,4219.210142208,False,False,True,2246500,60,"USGS NWIS IV 02246500 00060 (raw signed total discharge, not de-tided; negative = flood-tide reversal)"
2016-10-08 09:15:00+00:00,145000.0,A,False,ft3/s,4105.94275584,False,False,True,2246500,60,"USGS NWIS IV 02246500 00060 (raw signed total discharge, not de-tided; negative = flood-tide reversal)"
2016-10-08 09:30:00+00:00,146000.0,A,False,ft3/s,4134.259602432,False,False,True,2246500,60,"USGS NWIS IV 02246500 00060 (raw signed total discharge, not de-tided; negative = flood-tide reversal)"
2016-10-08 09:45:00+00:00,144000.0,A,False,ft3/s,4077.625909248,False,False,True,2246500,60,"USGS NWIS IV 02246500 00060 (raw signed total discharge, not de-tided; negative = flood-tide reversal)"
2016-10-08 10:00:00+00:00,150000.0,A,False,ft3/s,4247.5269888,False,False,True,2246500,60,"USGS NWIS IV 02246500 00060 (raw signed total discharge, not de-tided; negative = flood-tide reversal)"
2016-10-08 10:15:00+00:00,146000.0,A,False,ft3/s,4134.259602432,False,False,True,2246500,60,"USGS NWIS IV 02246500 00060 (raw signed total discharge, not de-tided; negative = flood-tide reversal)"
2016-10-08 10:30:00+00:00,155000.0,A,False,ft3/s,4389.11122176,False,False,True,2246500,60,"USGS NWIS IV 02246500 00060 (raw signed total discharge, not de-tided; negative = flood-tide reversal)"
2016-10-08 10:45:00+00:00,163000.0,A,False,ft3/s,4615.645994496,False,False,True,2246500,60,"USGS NWIS IV 02246500 00060 (raw signed total discharge, not de-tided; negative = flood-tide reversal)"
2016-10-08 11:00:00+00:00,165000.0,A,False,ft3/s,4672.27968768,False,False,True,2246500,60,"USGS NWIS IV 02246500 00060 (raw signed total discharge, not de-tided; negative = flood-tide reversal)"
2016-10-08 11:15:00+00:00,170000.0,A,False,ft3/s,4813.86392064,False,False,True,2246500,60,"USGS NWIS IV 02246500 00060 (raw signed total discharge, not de-tided; negative = flood-tide reversal)"
2016-10-08 11:30:00+00:00,165000.0,A,False,ft3/s,4672.27968768,False,False,True,2246500,60,"USGS NWIS IV 02246500 00060 (raw signed total discharge, not de-tided; negative = flood-tide reversal)"
2016-10-08 11:45:00+00:00,159000.0,A,False,ft3/s,4502.378608128,False,False,True,2246500,60,"USGS NWIS IV 02246500 00060 (raw signed total discharge, not de-tided; negative = flood-tide reversal)"
2016-10-08 12:00:00+00:00,173000.0,A,False,ft3/s,4898.814460416,False,False,True,2246500,60,"USGS NWIS IV 02246500 00060 (raw signed total discharge, not de-tided; negative = flood-tide reversal)"
2016-10-08 12:15:00+00:00,175000.0,A,False,ft3/s,4955.4481536,False,False,True,2246500,60,"USGS NWIS IV 02246500 00060 (raw signed total discharge, not de-tided; negative = flood-tide reversal)"
2016-10-08 12:30:00+00:00,175000.0,A,False,ft3/s,4955.4481536,False,False,True,2246500,60,"USGS NWIS IV 02246500 00060 (raw signed total discharge, not de-tided; negative = flood-tide reversal)"
2016-10-08 12:45:00+00:00,175000.0,A,False,ft3/s,4955.4481536,False,False,True,2246500,60,"USGS NWIS IV 02246500 00060 (raw signed total discharge, not de-tided; negative = flood-tide reversal)"
2016-10-08 13:00:00+00:00,184000.0,A,False,ft3/s,5210.2997729280005,False,False,True,2246500,60,"USGS NWIS IV 02246500 00060 (raw signed total discharge, not de-tided; negative = flood-tide reversal)"
2016-10-08 13:15:00+00:00,184000.0,A,False,ft3/s,5210.2997729280005,False,False,True,2246500,60,"USGS NWIS IV 02246500 00060 (raw signed total discharge, not de-tided; negative = flood-tide reversal)"
2016-10-08 13:30:00+00:00,186000.0,A,False,ft3/s,5266.933466112,False,False,True,2246500,60,"USGS NWIS IV 02246500 00060 (raw signed total discharge, not de-tided; negative = flood-tide reversal)"
2016-10-08 13:45:00+00:00,174000.0,A,False,ft3/s,4927.1313070080005,False,False,True,2246500,60,"USGS NWIS IV 02246500 00060 (raw signed total discharge, not de-tided; negative = flood-tide reversal)"
2016-10-08 14:00:00+00:00,191000.0,A,False,ft3/s,5408.517699072,False,False,True,2246500,60,"USGS NWIS IV 02246500 00060 (raw signed total discharge, not de-tided; negative = flood-tide reversal)"
2016-10-08 14:15:00+00:00,187000.0,A,False,ft3/s,5295.250312704,False,False,True,2246500,60,"USGS NWIS IV 02246500 00060 (raw signed total discharge, not de-tided; negative = flood-tide reversal)"
2016-10-08 14:30:00+00:00,176000.0,A,False,ft3/s,4983.765000192,False,False,True,2246500,60,"USGS NWIS IV 02246500 00060 (raw signed total discharge, not de-tided; negative = flood-tide reversal)"
2016-10-08 14:45:00+00:00,168000.0,A,False,ft3/s,4757.230227456,False,False,True,2246500,60,"USGS NWIS IV 02246500 00060 (raw signed total discharge, not de-tided; negative = flood-tide reversal)"
2016-10-08 15:00:00+00:00,168000.0,A,False,ft3/s,4757.230227456,False,False,True,2246500,60,"USGS NWIS IV 02246500 00060 (raw signed total discharge, not de-tided; negative = flood-tide reversal)"
2016-10-08 15:15:00+00:00,186000.0,A,False,ft3/s,5266.933466112,False,False,True,2246500,60,"USGS NWIS IV 02246500 00060 (raw signed total discharge, not de-tided; negative = flood-tide reversal)"
2016-10-08 15:30:00+00:00,177000.0,A,False,ft3/s,5012.081846784,False,False,True,2246500,60,"USGS NWIS IV 02246500 00060 (raw signed total discharge, not de-tided; negative = flood-tide reversal)"
2016-10-08 15:45:00+00:00,187000.0,A,False,ft3/s,5295.250312704,False,False,True,2246500,60,"USGS NWIS IV 02246500 00060 (raw signed total discharge, not de-tided; negative = flood-tide reversal)"
2016-10-08 16:00:00+00:00,188000.0,A,False,ft3/s,5323.567159296,False,False,True,2246500,60,"USGS NWIS IV 02246500 00060 (raw signed total discharge, not de-tided; negative = flood-tide reversal)"
2016-10-08 16:15:00+00:00,175000.0,A,False,ft3/s,4955.4481536,False,False,True,2246500,60,"USGS NWIS IV 02246500 00060 (raw signed total discharge, not de-tided; negative = flood-tide reversal)"
2016-10-08 16:30:00+00:00,175000.0,A,False,ft3/s,4955.4481536,False,False,True,2246500,60,"USGS NWIS IV 02246500 00060 (raw signed total discharge, not de-tided; negative = flood-tide reversal)"
2016-10-08 16:45:00+00:00,177000.0,A,False,ft3/s,5012.081846784,False,False,True,2246500,60,"USGS NWIS IV 02246500 00060 (raw signed total discharge, not de-tided; negative = flood-tide reversal)"
2016-10-08 17:00:00+00:00,165000.0,A,False,ft3/s,4672.27968768,False,False,True,2246500,60,"USGS NWIS IV 02246500 00060 (raw signed total discharge, not de-tided; negative = flood-tide reversal)"
2016-10-08 17:15:00+00:00,149000.0,A,False,ft3/s,4219.210142208,False,False,True,2246500,60,"USGS NWIS IV 02246500 00060 (raw signed total discharge, not de-tided; negative = flood-tide reversal)"
2016-10-08 17:30:00+00:00,148000.0,A,False,ft3/s,4190.893295616,False,False,True,2246500,60,"USGS NWIS IV 02246500 00060 (raw signed total discharge, not de-tided; negative = flood-tide reversal)"
2016-10-08 17:45:00+00:00,137000.0,A,False,ft3/s,3879.407983104,False,False,True,2246500,60,"USGS NWIS IV 02246500 00060 (raw signed total discharge, not de-tided; negative = flood-tide reversal)"
2016-10-08 18:00:00+00:00,118000.0,A,False,ft3/s,3341.387897856,False,False,True,2246500,60,"USGS NWIS IV 02246500 00060 (raw signed total discharge, not de-tided; negative = flood-tide reversal)"
2016-10-08 18:15:00+00:00,100000.0,A,False,ft3/s,2831.6846592,False,False,True,2246500,60,"USGS NWIS IV 02246500 00060 (raw signed total discharge, not de-tided; negative = flood-tide reversal)"
2016-10-08 18:30:00+00:00,80000.0,A,False,ft3/s,2265.34772736,False,False,True,2246500,60,"USGS NWIS IV 02246500 00060 (raw signed total discharge, not de-tided; negative = flood-tide reversal)"
2016-10-08 18:45:00+00:00,57400.0,A,False,ft3/s,1625.3869943808,False,False,True,2246500,60,"USGS NWIS IV 02246500 00060 (raw signed total discharge, not de-tided; negative = flood-tide reversal)"
2016-10-08 19:00:00+00:00,32300.0,A,False,ft3/s,914.6341449216,False,False,True,2246500,60,"USGS NWIS IV 02246500 00060 (raw signed total discharge, not de-tided; negative = flood-tide reversal)"
2016-10-08 19:15:00+00:00,31900.0,A,False,ft3/s,903.3074062848,False,False,True,2246500,60,"USGS NWIS IV 02246500 00060 (raw signed total discharge, not de-tided; negative = flood-tide reversal)"
2016-10-08 19:30:00+00:00,26200.0,A,False,ft3/s,741.9013807104001,False,False,True,2246500,60,"USGS NWIS IV 02246500 00060 (raw signed total discharge, not de-tided; negative = flood-tide reversal)"
2016-10-08 19:45:00+00:00,12400.0,A,False,ft3/s,351.1288977408,False,False,True,2246500,60,"USGS NWIS IV 02246500 00060 (raw signed total discharge, not de-tided; negative = flood-tide reversal)"
2016-10-08 20:00:00+00:00,-8040.0,A,False,ft3/s,-227.66744659968,False,False,True,2246500,60,"USGS NWIS IV 02246500 00060 (raw signed total discharge, not de-tided; negative = flood-tide reversal)"
2016-10-08 20:15:00+00:00,-5660.0,A,False,ft3/s,-160.27335171072,False,False,True,2246500,60,"USGS NWIS IV 02246500 00060 (raw signed total discharge, not de-tided; negative = flood-tide reversal)"
2016-10-08 20:30:00+00:00,-18500.0,A,False,ft3/s,-523.861661952,False,False,True,2246500,60,"USGS NWIS IV 02246500 00060 (raw signed total discharge, not de-tided; negative = flood-tide reversal)"
2016-10-08 20:45:00+00:00,-31400.0,A,False,ft3/s,-889.1489829888001,False,False,True,2246500,60,"USGS NWIS IV 02246500 00060 (raw signed total discharge, not de-tided; negative = flood-tide reversal)"
2016-10-08 21:00:00+00:00,-33200.0,A,False,ft3/s,-940.1193068544,False,False,True,2246500,60,"USGS NWIS IV 02246500 00060 (raw signed total discharge, not de-tided; negative = flood-tide reversal)"
2016-10-08 21:15:00+00:00,-11300.0,A,False,ft3/s,-319.9803664896,False,False,True,2246500,60,"USGS NWIS IV 02246500 00060 (raw signed total discharge, not de-tided; negative = flood-tide reversal)"
2016-10-08 21:30:00+00:00,-18000.0,A,False,ft3/s,-509.703238656,False,False,True,2246500,60,"USGS NWIS IV 02246500 00060 (raw signed total discharge, not de-tided; negative = flood-tide reversal)"
2016-10-08 21:45:00+00:00,2900.0,A,False,ft3/s,82.1188551168,False,False,True,2246500,60,"USGS NWIS IV 02246500 00060 (raw signed total discharge, not de-tided; negative = flood-tide reversal)"
2016-10-08 22:00:00+00:00,20800.0,A,False,ft3/s,588.9904091136,False,False,True,2246500,60,"USGS NWIS IV 02246500 00060 (raw signed total discharge, not de-tided; negative = flood-tide reversal)"
2016-10-08 22:15:00+00:00,27900.0,A,False,ft3/s,790.0400199168,False,False,True,2246500,60,"USGS NWIS IV 02246500 00060 (raw signed total discharge, not de-tided; negative = flood-tide reversal)"
2016-10-08 22:30:00+00:00,46600.0,A,False,ft3/s,1319.5650511872,False,False,True,2246500,60,"USGS NWIS IV 02246500 00060 (raw signed total discharge, not de-tided; negative = flood-tide reversal)"
2016-10-08 22:45:00+00:00,56400.0,A,False,ft3/s,1597.0701477888,False,False,True,2246500,60,"USGS NWIS IV 02246500 00060 (raw signed total discharge, not de-tided; negative = flood-tide reversal)"
2016-10-08 23:00:00+00:00,86800.0,A,False,ft3/s,2457.9022841856,False,False,True,2246500,60,"USGS NWIS IV 02246500 00060 (raw signed total discharge, not de-tided; negative = flood-tide reversal)"
2016-10-08 23:15:00+00:00,111000.0,A,False,ft3/s,3143.169971712,False,False,True,2246500,60,"USGS NWIS IV 02246500 00060 (raw signed total discharge, not de-tided; negative = flood-tide reversal)"
2016-10-08 23:30:00+00:00,125000.0,A,False,ft3/s,3539.605824,False,False,True,2246500,60,"USGS NWIS IV 02246500 00060 (raw signed total discharge, not de-tided; negative = flood-tide reversal)"
2016-10-08 23:45:00+00:00,133000.0,A,False,ft3/s,3766.140596736,False,False,True,2246500,60,"USGS NWIS IV 02246500 00060 (raw signed total discharge, not de-tided; negative = flood-tide reversal)"
2016-10-09 00:00:00+00:00,136000.0,A,False,ft3/s,3851.091136512,False,False,True,2246500,60,"USGS NWIS IV 02246500 00060 (raw signed total discharge, not de-tided; negative = flood-tide reversal)"
2016-10-09 00:15:00+00:00,153000.0,A,False,ft3/s,4332.477528576,False,False,True,2246500,60,"USGS NWIS IV 02246500 00060 (raw signed total discharge, not de-tided; negative = flood-tide reversal)"
2016-10-09 00:30:00+00:00,142000.0,A,False,ft3/s,4020.992216064,False,False,True,2246500,60,"USGS NWIS IV 02246500 00060 (raw signed total discharge, not de-tided; negative = flood-tide reversal)"
2016-10-09 00:45:00+00:00,147000.0,A,False,ft3/s,4162.576449024,False,False,True,2246500,60,"USGS NWIS IV 02246500 00060 (raw signed total discharge, not de-tided; negative = flood-tide reversal)"
2016-10-09 01:00:00+00:00,157000.0,A,False,ft3/s,4445.744914944,False,False,True,2246500,60,"USGS NWIS IV 02246500 00060 (raw signed total discharge, not de-tided; negative = flood-tide reversal)"
2016-10-09 01:15:00+00:00,167000.0,A,False,ft3/s,4728.913380864,False,False,True,2246500,60,"USGS NWIS IV 02246500 00060 (raw signed total discharge, not de-tided; negative = flood-tide reversal)"
2016-10-09 01:30:00+00:00,177000.0,A,False,ft3/s,5012.081846784,False,False,True,2246500,60,"USGS NWIS IV 02246500 00060 (raw signed total discharge, not de-tided; negative = flood-tide reversal)"
2016-10-09 01:45:00+00:00,181000.0,A,False,ft3/s,5125.349233152,False,False,True,2246500,60,"USGS NWIS IV 02246500 00060 (raw signed total discharge, not de-tided; negative = flood-tide reversal)"
2016-10-09 02:00:00+00:00,185000.0,A,False,ft3/s,5238.61661952,False,False,True,2246500,60,"USGS NWIS IV 02246500 00060 (raw signed total discharge, not de-tided; negative = flood-tide reversal)"
2016-10-09 02:15:00+00:00,189000.0,A,False,ft3/s,5351.8840058880005,False,False,True,2246500,60,"USGS NWIS IV 02246500 00060 (raw signed total discharge, not de-tided; negative = flood-tide reversal)"
2016-10-09 02:30:00+00:00,199000.0,A,False,ft3/s,5635.0524718080005,False,False,True,2246500,60,"USGS NWIS IV 02246500 00060 (raw signed total discharge, not de-tided; negative = flood-tide reversal)"
2016-10-09 02:45:00+00:00,196000.0,A,False,ft3/s,5550.101932032,False,False,True,2246500,60,"USGS NWIS IV 02246500 00060 (raw signed total discharge, not de-tided; negative = flood-tide reversal)"
2016-10-09 03:00:00+00:00,202000.0,A,False,ft3/s,5720.003011584,False,False,True,2246500,60,"USGS NWIS IV 02246500 00060 (raw signed total discharge, not de-tided; negative = flood-tide reversal)"
2016-10-09 03:15:00+00:00,211000.0,A,False,ft3/s,5974.854630912,False,False,True,2246500,60,"USGS NWIS IV 02246500 00060 (raw signed total discharge, not de-tided; negative = flood-tide reversal)"
2016-10-09 03:30:00+00:00,209000.0,A,False,ft3/s,5918.2209377280005,False,False,True,2246500,60,"USGS NWIS IV 02246500 00060 (raw signed total discharge, not de-tided; negative = flood-tide reversal)"
2016-10-09 03:45:00+00:00,202000.0,A,False,ft3/s,5720.003011584,False,False,True,2246500,60,"USGS NWIS IV 02246500 00060 (raw signed total discharge, not de-tided; negative = flood-tide reversal)"
2016-10-09 04:00:00+00:00,203000.0,A,False,ft3/s,5748.319858176,False,False,True,2246500,60,"USGS NWIS IV 02246500 00060 (raw signed total discharge, not de-tided; negative = flood-tide reversal)"
2016-10-09 04:15:00+00:00,194000.0,A,False,ft3/s,5493.4682388480005,False,False,True,2246500,60,"USGS NWIS IV 02246500 00060 (raw signed total discharge, not de-tided; negative = flood-tide reversal)"
2016-10-09 04:30:00+00:00,192000.0,A,False,ft3/s,5436.834545664,False,False,True,2246500,60,"USGS NWIS IV 02246500 00060 (raw signed total discharge, not de-tided; negative = flood-tide reversal)"
2016-10-09 04:45:00+00:00,186000.0,A,False,ft3/s,5266.933466112,False,False,True,2246500,60,"USGS NWIS IV 02246500 00060 (raw signed total discharge, not de-tided; negative = flood-tide reversal)"
2016-10-09 05:00:00+00:00,174000.0,A,False,ft3/s,4927.1313070080005,False,False,True,2246500,60,"USGS NWIS IV 02246500 00060 (raw signed total discharge, not de-tided; negative = flood-tide reversal)"
2016-10-09 05:15:00+00:00,171000.0,A,False,ft3/s,4842.180767232,False,False,True,2246500,60,"USGS NWIS IV 02246500 00060 (raw signed total discharge, not de-tided; negative = flood-tide reversal)"
2016-10-09 05:30:00+00:00,154000.0,A,False,ft3/s,4360.794375168,False,False,True,2246500,60,"USGS NWIS IV 02246500 00060 (raw signed total discharge, not de-tided; negative = flood-tide reversal)"
2016-10-09 05:45:00+00:00,144000.0,A,False,ft3/s,4077.625909248,False,False,True,2246500,60,"USGS NWIS IV 02246500 00060 (raw signed total discharge, not de-tided; negative = flood-tide reversal)"
2016-10-09 06:00:00+00:00,110000.0,A,False,ft3/s,3114.85312512,False,False,True,2246500,60,"USGS NWIS IV 02246500 00060 (raw signed total discharge, not de-tided; negative = flood-tide reversal)"
2016-10-09 06:15:00+00:00,109000.0,A,False,ft3/s,3086.536278528,False,False,True,2246500,60,"USGS NWIS IV 02246500 00060 (raw signed total discharge, not de-tided; negative = flood-tide reversal)"
2016-10-09 06:30:00+00:00,71400.0,A,False,ft3/s,2021.8228466688,False,False,True,2246500,60,"USGS NWIS IV 02246500 00060 (raw signed total discharge, not de-tided; negative = flood-tide reversal)"
2016-10-09 06:45:00+00:00,40500.0,A,False,ft3/s,1146.832286976,False,False,True,2246500,60,"USGS NWIS IV 02246500 00060 (raw signed total discharge, not de-tided; negative = flood-tide reversal)"
2016-10-09 07:00:00+00:00,21300.0,A,False,ft3/s,603.1488324096,False,False,True,2246500,60,"USGS NWIS IV 02246500 00060 (raw signed total discharge, not de-tided; negative = flood-tide reversal)"
2016-10-09 07:15:00+00:00,-10300.0,A,False,ft3/s,-291.6635198976,False,False,True,2246500,60,"USGS NWIS IV 02246500 00060 (raw signed total discharge, not de-tided; negative = flood-tide reversal)"
2016-10-09 07:30:00+00:00,-11300.0,A,False,ft3/s,-319.9803664896,False,False,True,2246500,60,"USGS NWIS IV 02246500 00060 (raw signed total discharge, not de-tided; negative = flood-tide reversal)"
2016-10-09 07:45:00+00:00,-6100.0,A,False,ft3/s,-172.7327642112,False,False,True,2246500,60,"USGS NWIS IV 02246500 00060 (raw signed total discharge, not de-tided; negative = flood-tide reversal)"
2016-10-09 08:00:00+00:00,-34000.0,A,False,ft3/s,-962.772784128,False,False,True,2246500,60,"USGS NWIS IV 02246500 00060 (raw signed total discharge, not de-tided; negative = flood-tide reversal)"
2016-10-09 08:15:00+00:00,-37400.0,A,False,ft3/s,-1059.0500625408,False,False,True,2246500,60,"USGS NWIS IV 02246500 00060 (raw signed total discharge, not de-tided; negative = flood-tide reversal)"
2016-10-09 08:30:00+00:00,-53900.0,A,False,ft3/s,-1526.2780313088,False,False,True,2246500,60,"USGS NWIS IV 02246500 00060 (raw signed total discharge, not de-tided; negative = flood-tide reversal)"
2016-10-09 08:45:00+00:00,-65300.0,A,False,ft3/s,-1849.0900824576,False,False,True,2246500,60,"USGS NWIS IV 02246500 00060 (raw signed total discharge, not de-tided; negative = flood-tide reversal)"
2016-10-09 09:00:00+00:00,-59600.0,A,False,ft3/s,-1687.6840568832,False,False,True,2246500,60,"USGS NWIS IV 02246500 00060 (raw signed total discharge, not de-tided; negative = flood-tide reversal)"
2016-10-09 09:15:00+00:00,-49100.0,A,False,ft3/s,-1390.3571676672,False,False,True,2246500,60,"USGS NWIS IV 02246500 00060 (raw signed total discharge, not de-tided; negative = flood-tide reversal)"
2016-10-09 09:30:00+00:00,-41000.0,A,False,ft3/s,-1160.990710272,False,False,True,2246500,60,"USGS NWIS IV 02246500 00060 (raw signed total discharge, not de-tided; negative = flood-tide reversal)"
2016-10-09 09:45:00+00:00,-33400.0,A,False,ft3/s,-945.7826761728,False,False,True,2246500,60,"USGS NWIS IV 02246500 00060 (raw signed total discharge, not de-tided; negative = flood-tide reversal)"
2016-10-09 10:00:00+00:00,-36100.0,A,False,ft3/s,-1022.2381619712,False,False,True,2246500,60,"USGS NWIS IV 02246500 00060 (raw signed total discharge, not de-tided; negative = flood-tide reversal)"
2016-10-09 10:15:00+00:00,-18700.0,A,False,ft3/s,-529.5250312704001,False,False,True,2246500,60,"USGS NWIS IV 02246500 00060 (raw signed total discharge, not de-tided; negative = flood-tide reversal)"
2016-10-09 10:30:00+00:00,-2750.0,A,False,ft3/s,-77.871328128,False,False,True,2246500,60,"USGS NWIS IV 02246500 00060 (raw signed total discharge, not de-tided; negative = flood-tide reversal)"
2016-10-09 10:45:00+00:00,14500.0,A,False,ft3/s,410.594275584,False,False,True,2246500,60,"USGS NWIS IV 02246500 00060 (raw signed total discharge, not de-tided; negative = flood-tide reversal)"
2016-10-09 11:00:00+00:00,33600.0,A,False,ft3/s,951.4460454912,False,False,True,2246500,60,"USGS NWIS IV 02246500 00060 (raw signed total discharge, not de-tided; negative = flood-tide reversal)"
2016-10-09 11:15:00+00:00,45500.0,A,False,ft3/s,1288.416519936,False,False,True,2246500,60,"USGS NWIS IV 02246500 00060 (raw signed total discharge, not de-tided; negative = flood-tide reversal)"
2016-10-09 11:30:00+00:00,54700.0,A,False,ft3/s,1548.9315085824,False,False,True,2246500,60,"USGS NWIS IV 02246500 00060 (raw signed total discharge, not de-tided; negative = flood-tide reversal)"
2016-10-09 11:45:00+00:00,89600.0,A,False,ft3/s,2537.1894546432,False,False,True,2246500,60,"USGS NWIS IV 02246500 00060 (raw signed total discharge, not de-tided; negative = flood-tide reversal)"
2016-10-09 12:00:00+00:00,110000.0,A,False,ft3/s,3114.85312512,False,False,True,2246500,60,"USGS NWIS IV 02246500 00060 (raw signed total discharge, not de-tided; negative = flood-tide reversal)"
2016-10-09 12:15:00+00:00,113000.0,A,False,ft3/s,3199.803664896,False,False,True,2246500,60,"USGS NWIS IV 02246500 00060 (raw signed total discharge, not de-tided; negative = flood-tide reversal)"
2016-10-09 12:30:00+00:00,128000.0,A,False,ft3/s,3624.556363776,False,False,True,2246500,60,"USGS NWIS IV 02246500 00060 (raw signed total discharge, not de-tided; negative = flood-tide reversal)"
2016-10-09 12:45:00+00:00,137000.0,A,False,ft3/s,3879.407983104,False,False,True,2246500,60,"USGS NWIS IV 02246500 00060 (raw signed total discharge, not de-tided; negative = flood-tide reversal)"
2016-10-09 13:00:00+00:00,142000.0,A,False,ft3/s,4020.992216064,False,False,True,2246500,60,"USGS NWIS IV 02246500 00060 (raw signed total discharge, not de-tided; negative = flood-tide reversal)"
2016-10-09 13:15:00+00:00,151000.0,A,False,ft3/s,4275.843835392,False,False,True,2246500,60,"USGS NWIS IV 02246500 00060 (raw signed total discharge, not de-tided; negative = flood-tide reversal)"
2016-10-09 13:30:00+00:00,147000.0,A,False,ft3/s,4162.576449024,False,False,True,2246500,60,"USGS NWIS IV 02246500 00060 (raw signed total discharge, not de-tided; negative = flood-tide reversal)"
2016-10-09 13:45:00+00:00,148000.0,A,False,ft3/s,4190.893295616,False,False,True,2246500,60,"USGS NWIS IV 02246500 00060 (raw signed total discharge, not de-tided; negative = flood-tide reversal)"
2016-10-09 14:00:00+00:00,159000.0,A,False,ft3/s,4502.378608128,False,False,True,2246500,60,"USGS NWIS IV 02246500 00060 (raw signed total discharge, not de-tided; negative = flood-tide reversal)"
2016-10-09 14:15:00+00:00,156000.0,A,False,ft3/s,4417.428068352,False,False,True,2246500,60,"USGS NWIS IV 02246500 00060 (raw signed total discharge, not de-tided; negative = flood-tide reversal)"
2016-10-09 14:30:00+00:00,152000.0,A,False,ft3/s,4304.160681984,False,False,True,2246500,60,"USGS NWIS IV 02246500 00060 (raw signed total discharge, not de-tided; negative = flood-tide reversal)"
2016-10-09 14:45:00+00:00,158000.0,A,False,ft3/s,4474.061761536,False,False,True,2246500,60,"USGS NWIS IV 02246500 00060 (raw signed total discharge, not de-tided; negative = flood-tide reversal)"
2016-10-09 15:00:00+00:00,159000.0,A,False,ft3/s,4502.378608128,False,False,True,2246500,60,"USGS NWIS IV 02246500 00060 (raw signed total discharge, not de-tided; negative = flood-tide reversal)"
2016-10-09 15:15:00+00:00,152000.0,A,False,ft3/s,4304.160681984,False,False,True,2246500,60,"USGS NWIS IV 02246500 00060 (raw signed total discharge, not de-tided; negative = flood-tide reversal)"
2016-10-09 15:30:00+00:00,149000.0,A,False,ft3/s,4219.210142208,False,False,True,2246500,60,"USGS NWIS IV 02246500 00060 (raw signed total discharge, not de-tided; negative = flood-tide reversal)"
2016-10-09 15:45:00+00:00,139000.0,A,False,ft3/s,3936.041676288,False,False,True,2246500,60,"USGS NWIS IV 02246500 00060 (raw signed total discharge, not de-tided; negative = flood-tide reversal)"
2016-10-09 16:00:00+00:00,141000.0,A,False,ft3/s,3992.675369472,False,False,True,2246500,60,"USGS NWIS IV 02246500 00060 (raw signed total discharge, not de-tided; negative = flood-tide reversal)"
2016-10-09 16:15:00+00:00,134000.0,A,False,ft3/s,3794.457443328,False,False,True,2246500,60,"USGS NWIS IV 02246500 00060 (raw signed total discharge, not de-tided; negative = flood-tide reversal)"
2016-10-09 16:30:00+00:00,134000.0,A,False,ft3/s,3794.457443328,False,False,True,2246500,60,"USGS NWIS IV 02246500 00060 (raw signed total discharge, not de-tided; negative = flood-tide reversal)"
2016-10-09 16:45:00+00:00,110000.0,A,False,ft3/s,3114.85312512,False,False,True,2246500,60,"USGS NWIS IV 02246500 00060 (raw signed total discharge, not de-tided; negative = flood-tide reversal)"
2016-10-09 17:00:00+00:00,86300.0,A,False,ft3/s,2443.7438608896,False,False,True,2246500,60,"USGS NWIS IV 02246500 00060 (raw signed total discharge, not de-tided; negative = flood-tide reversal)"
2016-10-09 17:15:00+00:00,74000.0,A,False,ft3/s,2095.446647808,False,False,True,2246500,60,"USGS NWIS IV 02246500 00060 (raw signed total discharge, not de-tided; negative = flood-tide reversal)"
2016-10-09 17:30:00+00:00,68600.0,A,False,ft3/s,1942.5356762112,False,False,True,2246500,60,"USGS NWIS IV 02246500 00060 (raw signed total discharge, not de-tided; negative = flood-tide reversal)"
2016-10-09 17:45:00+00:00,37400.0,A,False,ft3/s,1059.0500625408,False,False,True,2246500,60,"USGS NWIS IV 02246500 00060 (raw signed total discharge, not de-tided; negative = flood-tide reversal)"
2016-10-09 18:00:00+00:00,20700.0,A,False,ft3/s,586.1587244544,False,False,True,2246500,60,"USGS NWIS IV 02246500 00060 (raw signed total discharge, not de-tided; negative = flood-tide reversal)"
2016-10-09 18:15:00+00:00,3340.0,A,False,ft3/s,94.57826761728,False,False,True,2246500,60,"USGS NWIS IV 02246500 00060 (raw signed total discharge, not de-tided; negative = flood-tide reversal)"
2016-10-09 18:30:00+00:00,-8400.0,A,False,ft3/s,-237.8615113728,False,False,True,2246500,60,"USGS NWIS IV 02246500 00060 (raw signed total discharge, not de-tided; negative = flood-tide reversal)"
2016-10-09 18:45:00+00:00,-21600.0,A,False,ft3/s,-611.6438863872,False,False,True,2246500,60,"USGS NWIS IV 02246500 00060 (raw signed total discharge, not de-tided; negative = flood-tide reversal)"
2016-10-09 19:00:00+00:00,-37700.0,A,False,ft3/s,-1067.5451165184,False,False,True,2246500,60,"USGS NWIS IV 02246500 00060 (raw signed total discharge, not de-tided; negative = flood-tide reversal)"
2016-10-09 19:15:00+00:00,-50500.0,A,False,ft3/s,-1430.000752896,False,False,True,2246500,60,"USGS NWIS IV 02246500 00060 (raw signed total discharge, not de-tided; negative = flood-tide reversal)"
2016-10-09 19:30:00+00:00,-78900.0,A,False,ft3/s,-2234.1991961088,False,False,True,2246500,60,"USGS NWIS IV 02246500 00060 (raw signed total discharge, not de-tided; negative = flood-tide reversal)"
2016-10-09 19:45:00+00:00,-85200.0,A,False,ft3/s,-2412.5953296384,False,False,True,2246500,60,"USGS NWIS IV 02246500 00060 (raw signed total discharge, not de-tided; negative = flood-tide reversal)"
2016-10-09 20:00:00+00:00,-92800.0,A,False,ft3/s,-2627.8033637376,False,False,True,2246500,60,"USGS NWIS IV 02246500 00060 (raw signed total discharge, not de-tided; negative = flood-tide reversal)"
2016-10-09 20:15:00+00:00,-83300.0,A,False,ft3/s,-2358.7933211136,False,False,True,2246500,60,"USGS NWIS IV 02246500 00060 (raw signed total discharge, not de-tided; negative = flood-tide reversal)"
2016-10-09 20:30:00+00:00,-109000.0,A,False,ft3/s,-3086.536278528,False,False,True,2246500,60,"USGS NWIS IV 02246500 00060 (raw signed total discharge, not de-tided; negative = flood-tide reversal)"
2016-10-09 20:45:00+00:00,-114000.0,A,False,ft3/s,-3228.120511488,False,False,True,2246500,60,"USGS NWIS IV 02246500 00060 (raw signed total discharge, not de-tided; negative = flood-tide reversal)"
2016-10-09 21:00:00+00:00,-108000.0,A,False,ft3/s,-3058.219431936,False,False,True,2246500,60,"USGS NWIS IV 02246500 00060 (raw signed total discharge, not de-tided; negative = flood-tide reversal)"
2016-10-09 21:15:00+00:00,-107000.0,A,False,ft3/s,-3029.9025853440003,False,False,True,2246500,60,"USGS NWIS IV 02246500 00060 (raw signed total discharge, not de-tided; negative = flood-tide reversal)"
2016-10-09 21:30:00+00:00,-108000.0,A,False,ft3/s,-3058.219431936,False,False,True,2246500,60,"USGS NWIS IV 02246500 00060 (raw signed total discharge, not de-tided; negative = flood-tide reversal)"
2016-10-09 21:45:00+00:00,-114000.0,A,False,ft3/s,-3228.120511488,False,False,True,2246500,60,"USGS NWIS IV 02246500 00060 (raw signed total discharge, not de-tided; negative = flood-tide reversal)"
2016-10-09 22:00:00+00:00,-117000.0,A,False,ft3/s,-3313.0710512640003,False,False,True,2246500,60,"USGS NWIS IV 02246500 00060 (raw signed total discharge, not de-tided; negative = flood-tide reversal)"
2016-10-09 22:15:00+00:00,-115000.0,A,False,ft3/s,-3256.43735808,False,False,True,2246500,60,"USGS NWIS IV 02246500 00060 (raw signed total discharge, not de-tided; negative = flood-tide reversal)"
2016-10-09 22:30:00+00:00,-112000.0,A,False,ft3/s,-3171.4868183040003,False,False,True,2246500,60,"USGS NWIS IV 02246500 00060 (raw signed total discharge, not de-tided; negative = flood-tide reversal)"
2016-10-09 22:45:00+00:00,-69700.0,A,False,ft3/s,-1973.6842074624,False,False,True,2246500,60,"USGS NWIS IV 02246500 00060 (raw signed total discharge, not de-tided; negative = flood-tide reversal)"
2016-10-09 23:00:00+00:00,-51700.0,A,False,ft3/s,-1463.9809688064,False,False,True,2246500,60,"USGS NWIS IV 02246500 00060 (raw signed total discharge, not de-tided; negative = flood-tide reversal)"
2016-10-09 23:15:00+00:00,-43600.0,A,False,ft3/s,-1234.6145114112,False,False,True,2246500,60,"USGS NWIS IV 02246500 00060 (raw signed total discharge, not de-tided; negative = flood-tide reversal)"
2016-10-09 23:30:00+00:00,-24300.0,A,False,ft3/s,-688.0993721856,False,False,True,2246500,60,"USGS NWIS IV 02246500 00060 (raw signed total discharge, not de-tided; negative = flood-tide reversal)"
2016-10-09 23:45:00+00:00,-3680.0,A,False,ft3/s,-104.20599545856,False,False,True,2246500,60,"USGS NWIS IV 02246500 00060 (raw signed total discharge, not de-tided; negative = flood-tide reversal)"
2016-10-10 00:00:00+00:00,10300.0,A,False,ft3/s,291.6635198976,False,False,True,2246500,60,"USGS NWIS IV 02246500 00060 (raw signed total discharge, not de-tided; negative = flood-tide reversal)"
2016-10-10 00:15:00+00:00,33100.0,A,False,ft3/s,937.2876221952,False,False,True,2246500,60,"USGS NWIS IV 02246500 00060 (raw signed total discharge, not de-tided; negative = flood-tide reversal)"
2016-10-10 00:30:00+00:00,46000.0,A,False,ft3/s,1302.574943232,False,False,True,2246500,60,"USGS NWIS IV 02246500 00060 (raw signed total discharge, not de-tided; negative = flood-tide reversal)"
2016-10-10 00:45:00+00:00,61600.0,A,False,ft3/s,1744.3177500672,False,False,True,2246500,60,"USGS NWIS IV 02246500 00060 (raw signed total discharge, not de-tided; negative = flood-tide reversal)"
2016-10-10 01:00:00+00:00,85900.0,A,False,ft3/s,2432.4171222528003,False,False,True,2246500,60,"USGS NWIS IV 02246500 00060 (raw signed total discharge, not de-tided; negative = flood-tide reversal)"
2016-10-10 01:15:00+00:00,98200.0,A,False,ft3/s,2780.7143353344,False,False,True,2246500,60,"USGS NWIS IV 02246500 00060 (raw signed total discharge, not de-tided; negative = flood-tide reversal)"
2016-10-10 01:30:00+00:00,121000.0,A,False,ft3/s,3426.338437632,False,False,True,2246500,60,"USGS NWIS IV 02246500 00060 (raw signed total discharge, not de-tided; negative = flood-tide reversal)"
2016-10-10 01:45:00+00:00,121000.0,A,False,ft3/s,3426.338437632,False,False,True,2246500,60,"USGS NWIS IV 02246500 00060 (raw signed total discharge, not de-tided; negative = flood-tide reversal)"
2016-10-10 02:00:00+00:00,130000.0,A,False,ft3/s,3681.19005696,False,False,True,2246500,60,"USGS NWIS IV 02246500 00060 (raw signed total discharge, not de-tided; negative = flood-tide reversal)"
2016-10-10 02:15:00+00:00,134000.0,A,False,ft3/s,3794.457443328,False,False,True,2246500,60,"USGS NWIS IV 02246500 00060 (raw signed total discharge, not de-tided; negative = flood-tide reversal)"
2016-10-10 02:30:00+00:00,133000.0,A,False,ft3/s,3766.140596736,False,False,True,2246500,60,"USGS NWIS IV 02246500 00060 (raw signed total discharge, not de-tided; negative = flood-tide reversal)"
2016-10-10 02:45:00+00:00,160000.0,A,False,ft3/s,4530.69545472,False,False,True,2246500,60,"USGS NWIS IV 02246500 00060 (raw signed total discharge, not de-tided; negative = flood-tide reversal)"
2016-10-10 03:00:00+00:00,165000.0,A,False,ft3/s,4672.27968768,False,False,True,2246500,60,"USGS NWIS IV 02246500 00060 (raw signed total discharge, not de-tided; negative = flood-tide reversal)"
2016-10-10 03:15:00+00:00,164000.0,A,False,ft3/s,4643.9628410880005,False,False,True,2246500,60,"USGS NWIS IV 02246500 00060 (raw signed total discharge, not de-tided; negative = flood-tide reversal)"
2016-10-10 03:30:00+00:00,157000.0,A,False,ft3/s,4445.744914944,False,False,True,2246500,60,"USGS NWIS IV 02246500 00060 (raw signed total discharge, not de-tided; negative = flood-tide reversal)"
2016-10-10 03:45:00+00:00,163000.0,A,False,ft3/s,4615.645994496,False,False,True,2246500,60,"USGS NWIS IV 02246500 00060 (raw signed total discharge, not de-tided; negative = flood-tide reversal)"
2016-10-10 04:00:00+00:00,155000.0,A,False,ft3/s,4389.11122176,False,False,True,2246500,60,"USGS NWIS IV 02246500 00060 (raw signed total discharge, not de-tided; negative = flood-tide reversal)"
2016-10-10 04:15:00+00:00,163000.0,A,False,ft3/s,4615.645994496,False,False,True,2246500,60,"USGS NWIS IV 02246500 00060 (raw signed total discharge, not de-tided; negative = flood-tide reversal)"
2016-10-10 04:30:00+00:00,163000.0,A,False,ft3/s,4615.645994496,False,False,True,2246500,60,"USGS NWIS IV 02246500 00060 (raw signed total discharge, not de-tided; negative = flood-tide reversal)"
2016-10-10 04:45:00+00:00,176000.0,A,False,ft3/s,4983.765000192,False,False,True,2246500,60,"USGS NWIS IV 02246500 00060 (raw signed total discharge, not de-tided; negative = flood-tide reversal)"
2016-10-10 05:00:00+00:00,164000.0,A,False,ft3/s,4643.9628410880005,False,False,True,2246500,60,"USGS NWIS IV 02246500 00060 (raw signed total discharge, not de-tided; negative = flood-tide reversal)"
2016-10-10 05:15:00+00:00,155000.0,A,False,ft3/s,4389.11122176,False,False,True,2246500,60,"USGS NWIS IV 02246500 00060 (raw signed total discharge, not de-tided; negative = flood-tide reversal)"
2016-10-10 05:30:00+00:00,144000.0,A,False,ft3/s,4077.625909248,False,False,True,2246500,60,"USGS NWIS IV 02246500 00060 (raw signed total discharge, not de-tided; negative = flood-tide reversal)"
2016-10-10 05:45:00+00:00,132000.0,A,False,ft3/s,3737.823750144,False,False,True,2246500,60,"USGS NWIS IV 02246500 00060 (raw signed total discharge, not de-tided; negative = flood-tide reversal)"
2016-10-10 06:00:00+00:00,107000.0,A,False,ft3/s,3029.9025853440003,False,False,True,2246500,60,"USGS NWIS IV 02246500 00060 (raw signed total discharge, not de-tided; negative = flood-tide reversal)"
2016-10-10 06:15:00+00:00,82400.0,A,False,ft3/s,2333.3081591808,False,False,True,2246500,60,"USGS NWIS IV 02246500 00060 (raw signed total discharge, not de-tided; negative = flood-tide reversal)"
2016-10-10 06:30:00+00:00,60300.0,A,False,ft3/s,1707.5058494976,False,False,True,2246500,60,"USGS NWIS IV 02246500 00060 (raw signed total discharge, not de-tided; negative = flood-tide reversal)"
2016-10-10 06:45:00+00:00,11300.0,A,False,ft3/s,319.9803664896,False,False,True,2246500,60,"USGS NWIS IV 02246500 00060 (raw signed total discharge, not de-tided; negative = flood-tide reversal)"
2016-10-10 07:00:00+00:00,-8860.0,A,False,ft3/s,-250.88726080512,False,False,True,2246500,60,"USGS NWIS IV 02246500 00060 (raw signed total discharge, not de-tided; negative = flood-tide reversal)"
2016-10-10 07:15:00+00:00,2410.0,A,False,ft3/s,68.24360028672,False,False,True,2246500,60,"USGS NWIS IV 02246500 00060 (raw signed total discharge, not de-tided; negative = flood-tide reversal)"
2016-10-10 07:30:00+00:00,-23000.0,A,False,ft3/s,-651.2874716160001,False,False,True,2246500,60,"USGS NWIS IV 02246500 00060 (raw signed total discharge, not de-tided; negative = flood-tide reversal)"
2016-10-10 07:45:00+00:00,-42400.0,A,False,ft3/s,-1200.6342955008,False,False,True,2246500,60,"USGS NWIS IV 02246500 00060 (raw signed total discharge, not de-tided; negative = flood-tide reversal)"
2016-10-10 08:00:00+00:00,-68000.0,A,False,ft3/s,-1925.545568256,False,False,True,2246500,60,"USGS NWIS IV 02246500 00060 (raw signed total discharge, not de-tided; negative = flood-tide reversal)"
2016-10-10 08:15:00+00:00,-59000.0,A,False,ft3/s,-1670.693948928,False,False,True,2246500,60,"USGS NWIS IV 02246500 00060 (raw signed total discharge, not de-tided; negative = flood-tide reversal)"
2016-10-10 08:30:00+00:00,-73800.0,A,False,ft3/s,-2089.7832784896,False,False,True,2246500,60,"USGS NWIS IV 02246500 00060 (raw signed total discharge, not de-tided; negative = flood-tide reversal)"
2016-10-10 08:45:00+00:00,-89900.0,A,False,ft3/s,-2545.6845086208,False,False,True,2246500,60,"USGS NWIS IV 02246500 00060 (raw signed total discharge, not de-tided; negative = flood-tide reversal)"
2016-10-10 09:00:00+00:00,-89900.0,A,False,ft3/s,-2545.6845086208,False,False,True,2246500,60,"USGS NWIS IV 02246500 00060 (raw signed total discharge, not de-tided; negative = flood-tide reversal)"
2016-10-10 09:15:00+00:00,-98500.0,A,False,ft3/s,-2789.209389312,False,False,True,2246500,60,"USGS NWIS IV 02246500 00060 (raw signed total discharge, not de-tided; negative = flood-tide reversal)"
2016-10-10 09:30:00+00:00,-108000.0,A,False,ft3/s,-3058.219431936,False,False,True,2246500,60,"USGS NWIS IV 02246500 00060 (raw signed total discharge, not de-tided; negative = flood-tide reversal)"
2016-10-10 09:45:00+00:00,-108000.0,A,False,ft3/s,-3058.219431936,False,False,True,2246500,60,"USGS NWIS IV 02246500 00060 (raw signed total discharge, not de-tided; negative = flood-tide reversal)"
2016-10-10 10:00:00+00:00,-101000.0,A,False,ft3/s,-2860.001505792,False,False,True,2246500,60,"USGS NWIS IV 02246500 00060 (raw signed total discharge, not de-tided; negative = flood-tide reversal)"
2016-10-10 10:15:00+00:00,-104000.0,A,False,ft3/s,-2944.952045568,False,False,True,2246500,60,"USGS NWIS IV 02246500 00060 (raw signed total discharge, not de-tided; negative = flood-tide reversal)"
2016-10-10 10:30:00+00:00,-110000.0,A,False,ft3/s,-3114.85312512,False,False,True,2246500,60,"USGS NWIS IV 02246500 00060 (raw signed total discharge, not de-tided; negative = flood-tide reversal)"
2016-10-10 10:45:00+00:00,-101000.0,A,False,ft3/s,-2860.001505792,False,False,True,2246500,60,"USGS NWIS IV 02246500 00060 (raw signed total discharge, not de-tided; negative = flood-tide reversal)"
2016-10-10 11:00:00+00:00,-93800.0,A,False,ft3/s,-2656.1202103296,False,False,True,2246500,60,"USGS NWIS IV 02246500 00060 (raw signed total discharge, not de-tided; negative = flood-tide reversal)"
2016-10-10 11:15:00+00:00,-71500.0,A,False,ft3/s,-2024.654531328,False,False,True,2246500,60,"USGS NWIS IV 02246500 00060 (raw signed total discharge, not de-tided; negative = flood-tide reversal)"
2016-10-10 11:30:00+00:00,-55800.0,A,False,ft3/s,-1580.0800398336,False,False,True,2246500,60,"USGS NWIS IV 02246500 00060 (raw signed total discharge, not de-tided; negative = flood-tide reversal)"
2016-10-10 11:45:00+00:00,-55200.0,A,False,ft3/s,-1563.0899318784,False,False,True,2246500,60,"USGS NWIS IV 02246500 00060 (raw signed total discharge, not de-tided; negative = flood-tide reversal)"
2016-10-10 12:00:00+00:00,-32700.0,A,False,ft3/s,-925.9608835584,False,False,True,2246500,60,"USGS NWIS IV 02246500 00060 (raw signed total discharge, not de-tided; negative = flood-tide reversal)"
2016-10-10 12:15:00+00:00,-7400.0,A,False,ft3/s,-209.5446647808,False,False,True,2246500,60,"USGS NWIS IV 02246500 00060 (raw signed total discharge, not de-tided; negative = flood-tide reversal)"
2016-10-10 12:30:00+00:00,523.0,A,False,ft3/s,14.809710767616,False,False,True,2246500,60,"USGS NWIS IV 02246500 00060 (raw signed total discharge, not de-tided; negative = flood-tide reversal)"
2016-10-10 12:45:00+00:00,14000.0,A,False,ft3/s,396.435852288,False,False,True,2246500,60,"USGS NWIS IV 02246500 00060 (raw signed total discharge, not de-tided; negative = flood-tide reversal)"
2016-10-10 13:00:00+00:00,42700.0,A,False,ft3/s,1209.1293494784,False,False,True,2246500,60,"USGS NWIS IV 02246500 00060 (raw signed total discharge, not de-tided; negative = flood-tide reversal)"
2016-10-10 13:15:00+00:00,58300.0,A,False,ft3/s,1650.8721563136,False,False,True,2246500,60,"USGS NWIS IV 02246500 00060 (raw signed total discharge, not de-tided; negative = flood-tide reversal)"
2016-10-10 13:30:00+00:00,64200.0,A,False,ft3/s,1817.9415512064,False,False,True,2246500,60,"USGS NWIS IV 02246500 00060 (raw signed total discharge, not de-tided; negative = flood-tide reversal)"
2016-10-10 13:45:00+00:00,83000.0,A,False,ft3/s,2350.298267136,False,False,True,2246500,60,"USGS NWIS IV 02246500 00060 (raw signed total discharge, not de-tided; negative = flood-tide reversal)"
2016-10-10 14:00:00+00:00,81500.0,A,False,ft3/s,2307.822997248,False,False,True,2246500,60,"USGS NWIS IV 02246500 00060 (raw signed total discharge, not de-tided; negative = flood-tide reversal)"
2016-10-10 14:15:00+00:00,110000.0,A,False,ft3/s,3114.85312512,False,False,True,2246500,60,"USGS NWIS IV 02246500 00060 (raw signed total discharge, not de-tided; negative = flood-tide reversal)"
2016-10-10 14:30:00+00:00,112000.0,A,False,ft3/s,3171.4868183040003,False,False,True,2246500,60,"USGS NWIS IV 02246500 00060 (raw signed total discharge, not de-tided; negative = flood-tide reversal)"
2016-10-10 14:45:00+00:00,110000.0,A,False,ft3/s,3114.85312512,False,False,True,2246500,60,"USGS NWIS IV 02246500 00060 (raw signed total discharge, not de-tided; negative = flood-tide reversal)"
2016-10-10 15:00:00+00:00,117000.0,A,False,ft3/s,3313.0710512640003,False,False,True,2246500,60,"USGS NWIS IV 02246500 00060 (raw signed total discharge, not de-tided; negative = flood-tide reversal)"
2016-10-10 15:15:00+00:00,111000.0,A,False,ft3/s,3143.169971712,False,False,True,2246500,60,"USGS NWIS IV 02246500 00060 (raw signed total discharge, not de-tided; negative = flood-tide reversal)"
2016-10-10 15:30:00+00:00,117000.0,A,False,ft3/s,3313.0710512640003,False,False,True,2246500,60,"USGS NWIS IV 02246500 00060 (raw signed total discharge, not de-tided; negative = flood-tide reversal)"
2016-10-10 15:45:00+00:00,126000.0,A,False,ft3/s,3567.922670592,False,False,True,2246500,60,"USGS NWIS IV 02246500 00060 (raw signed total discharge, not de-tided; negative = flood-tide reversal)"
2016-10-10 16:00:00+00:00,114000.0,A,False,ft3/s,3228.120511488,False,False,True,2246500,60,"USGS NWIS IV 02246500 00060 (raw signed total discharge, not de-tided; negative = flood-tide reversal)"
2016-10-10 16:15:00+00:00,118000.0,A,False,ft3/s,3341.387897856,False,False,True,2246500,60,"USGS NWIS IV 02246500 00060 (raw signed total discharge, not de-tided; negative = flood-tide reversal)"
2016-10-10 16:30:00+00:00,111000.0,A,False,ft3/s,3143.169971712,False,False,True,2246500,60,"USGS NWIS IV 02246500 00060 (raw signed total discharge, not de-tided; negative = flood-tide reversal)"
2016-10-10 16:45:00+00:00,111000.0,A,False,ft3/s,3143.169971712,False,False,True,2246500,60,"USGS NWIS IV 02246500 00060 (raw signed total discharge, not de-tided; negative = flood-tide reversal)"
2016-10-10 17:00:00+00:00,112000.0,A,False,ft3/s,3171.4868183040003,False,False,True,2246500,60,"USGS NWIS IV 02246500 00060 (raw signed total discharge, not de-tided; negative = flood-tide reversal)"
2016-10-10 17:15:00+00:00,93800.0,A,False,ft3/s,2656.1202103296,False,False,True,2246500,60,"USGS NWIS IV 02246500 00060 (raw signed total discharge, not de-tided; negative = flood-tide reversal)"
2016-10-10 17:30:00+00:00,75900.0,A,False,ft3/s,2149.2486563328,False,False,True,2246500,60,"USGS NWIS IV 02246500 00060 (raw signed total discharge, not de-tided; negative = flood-tide reversal)"
2016-10-10 17:45:00+00:00,59900.0,A,False,ft3/s,1696.1791108608,False,False,True,2246500,60,"USGS NWIS IV 02246500 00060 (raw signed total discharge, not de-tided; negative = flood-tide reversal)"
2016-10-10 18:00:00+00:00,50800.0,A,False,ft3/s,1438.4958068736,False,False,True,2246500,60,"USGS NWIS IV 02246500 00060 (raw signed total discharge, not de-tided; negative = flood-tide reversal)"
2016-10-10 18:15:00+00:00,28000.0,A,False,ft3/s,792.8717045760001,False,False,True,2246500,60,"USGS NWIS IV 02246500 00060 (raw signed total discharge, not de-tided; negative = flood-tide reversal)"
2016-10-10 18:30:00+00:00,19700.0,A,False,ft3/s,557.8418778624,False,False,True,2246500,60,"USGS NWIS IV 02246500 00060 (raw signed total discharge, not de-tided; negative = flood-tide reversal)"
2016-10-10 18:45:00+00:00,6160.0,A,False,ft3/s,174.43177500672002,False,False,True,2246500,60,"USGS NWIS IV 02246500 00060 (raw signed total discharge, not de-tided; negative = flood-tide reversal)"
2016-10-10 19:00:00+00:00,-25300.0,A,False,ft3/s,-716.4162187776,False,False,True,2246500,60,"USGS NWIS IV 02246500 00060 (raw signed total discharge, not de-tided; negative = flood-tide reversal)"
2016-10-10 19:15:00+00:00,-24000.0,A,False,ft3/s,-679.604318208,False,False,True,2246500,60,"USGS NWIS IV 02246500 00060 (raw signed total discharge, not de-tided; negative = flood-tide reversal)"
2016-10-10 19:30:00+00:00,-40100.0,A,False,ft3/s,-1135.5055483392,False,False,True,2246500,60,"USGS NWIS IV 02246500 00060 (raw signed total discharge, not de-tided; negative = flood-tide reversal)"
2016-10-10 19:45:00+00:00,-64700.0,A,False,ft3/s,-1832.0999745024,False,False,True,2246500,60,"USGS NWIS IV 02246500 00060 (raw signed total discharge, not de-tided; negative = flood-tide reversal)"
2016-10-10 20:00:00+00:00,-70900.0,A,False,ft3/s,-2007.6644233728,False,False,True,2246500,60,"USGS NWIS IV 02246500 00060 (raw signed total discharge, not de-tided; negative = flood-tide reversal)"
2016-10-10 20:15:00+00:00,-92800.0,A,False,ft3/s,-2627.8033637376,False,False,True,2246500,60,"USGS NWIS IV 02246500 00060 (raw signed total discharge, not de-tided; negative = flood-tide reversal)"
2016-10-10 20:30:00+00:00,-121000.0,A,False,ft3/s,-3426.338437632,False,False,True,2246500,60,"USGS NWIS IV 02246500 00060 (raw signed total discharge, not de-tided; negative = flood-tide reversal)"
2016-10-10 20:45:00+00:00,-128000.0,A,False,ft3/s,-3624.556363776,False,False,True,2246500,60,"USGS NWIS IV 02246500 00060 (raw signed total discharge, not de-tided; negative = flood-tide reversal)"
2016-10-10 21:00:00+00:00,-137000.0,A,False,ft3/s,-3879.407983104,False,False,True,2246500,60,"USGS NWIS IV 02246500 00060 (raw signed total discharge, not de-tided; negative = flood-tide reversal)"
2016-10-10 21:15:00+00:00,-140000.0,A,False,ft3/s,-3964.35852288,False,False,True,2246500,60,"USGS NWIS IV 02246500 00060 (raw signed total discharge, not de-tided; negative = flood-tide reversal)"
2016-10-10 21:30:00+00:00,-140000.0,A,False,ft3/s,-3964.35852288,False,False,True,2246500,60,"USGS NWIS IV 02246500 00060 (raw signed total discharge, not de-tided; negative = flood-tide reversal)"
2016-10-10 21:45:00+00:00,-139000.0,A,False,ft3/s,-3936.041676288,False,False,True,2246500,60,"USGS NWIS IV 02246500 00060 (raw signed total discharge, not de-tided; negative = flood-tide reversal)"
2016-10-10 22:00:00+00:00,-138000.0,A,False,ft3/s,-3907.724829696,False,False,True,2246500,60,"USGS NWIS IV 02246500 00060 (raw signed total discharge, not de-tided; negative = flood-tide reversal)"
2016-10-10 22:15:00+00:00,-143000.0,A,False,ft3/s,-4049.309062656,False,False,True,2246500,60,"USGS NWIS IV 02246500 00060 (raw signed total discharge, not de-tided; negative = flood-tide reversal)"
2016-10-10 22:30:00+00:00,-147000.0,A,False,ft3/s,-4162.576449024,False,False,True,2246500,60,"USGS NWIS IV 02246500 00060 (raw signed total discharge, not de-tided; negative = flood-tide reversal)"
2016-10-10 22:45:00+00:00,-130000.0,A,False,ft3/s,-3681.19005696,False,False,True,2246500,60,"USGS NWIS IV 02246500 00060 (raw signed total discharge, not de-tided; negative = flood-tide reversal)"
2016-10-10 23:00:00+00:00,-121000.0,A,False,ft3/s,-3426.338437632,False,False,True,2246500,60,"USGS NWIS IV 02246500 00060 (raw signed total discharge, not de-tided; negative = flood-tide reversal)"
2016-10-10 23:15:00+00:00,-114000.0,A,False,ft3/s,-3228.120511488,False,False,True,2246500,60,"USGS NWIS IV 02246500 00060 (raw signed total discharge, not de-tided; negative = flood-tide reversal)"
2016-10-10 23:30:00+00:00,-119000.0,A,False,ft3/s,-3369.704744448,False,False,True,2246500,60,"USGS NWIS IV 02246500 00060 (raw signed total discharge, not de-tided; negative = flood-tide reversal)"
2016-10-10 23:45:00+00:00,-107000.0,A,False,ft3/s,-3029.9025853440003,False,False,True,2246500,60,"USGS NWIS IV 02246500 00060 (raw signed total discharge, not de-tided; negative = flood-tide reversal)"
2016-10-11 00:00:00+00:00,-96900.0,A,False,ft3/s,-2743.9024347648,False,False,True,2246500,60,"USGS NWIS IV 02246500 00060 (raw signed total discharge, not de-tided; negative = flood-tide reversal)"
