hour_end_utc,n_records,n_valid,n_expected,coverage,discharge_m3s_hourly_mean,hourly_min,hourly_max,official_est_frac,discharge_m3s_filled,interp,unfillable,partial,obs_frac,source_class,station,units,sign_convention
2012-05-18 01:00:00+00:00,4,4,4,1.0,-4672.279687679999,-4955.4481536,-4190.893295616,0.0,-4672.279687679999,False,False,False,1.0,obs,02246500,m3/s,"positive = downstream (seaward), negative = upstream (flood-tide reversal); negative values kept as-is"
2012-05-18 02:00:00+00:00,4,4,4,1.0,-4636.88362944,-4728.913380864,-4530.69545472,0.0,-4636.88362944,False,False,False,1.0,obs,02246500,m3/s,"positive = downstream (seaward), negative = upstream (flood-tide reversal); negative values kept as-is"
2012-05-18 03:00:00+00:00,4,4,4,1.0,-3893.5664064,-4077.625909248,-3511.288977408,0.0,-3893.5664064,False,False,False,1.0,obs,02246500,m3/s,"positive = downstream (seaward), negative = upstream (flood-tide reversal); negative values kept as-is"
2012-05-18 04:00:00+00:00,4,4,4,1.0,-2506.0409233920004,-3313.0710512640003,-1591.4067784704,0.0,-2506.0409233920004,False,False,False,1.0,obs,02246500,m3/s,"positive = downstream (seaward), negative = upstream (flood-tide reversal); negative values kept as-is"
2012-05-18 05:00:00+00:00,4,4,4,1.0,55.2178508543999,-1030.7332159488,1248.7729347072,0.0,55.2178508543999,False,False,False,1.0,obs,02246500,m3/s,"positive = downstream (seaward), negative = upstream (flood-tide reversal); negative values kept as-is"
2012-05-18 06:00:00+00:00,4,4,4,1.0,2471.3527863168,1732.9910114304,3199.803664896,0.0,2471.3527863168,False,False,False,1.0,obs,02246500,m3/s,"positive = downstream (seaward), negative = upstream (flood-tide reversal); negative values kept as-is"
2012-05-18 07:00:00+00:00,4,4,4,1.0,3376.783956096,3313.0710512640003,3454.6552842240003,0.0,3376.783956096,False,False,False,1.0,obs,02246500,m3/s,"positive = downstream (seaward), negative = upstream (flood-tide reversal); negative values kept as-is"
2012-05-18 08:00:00+00:00,4,4,4,1.0,3610.3979404799998,3511.288977408,3709.506903552,0.0,3610.3979404799998,False,False,False,1.0,obs,02246500,m3/s,"positive = downstream (seaward), negative = upstream (flood-tide reversal); negative values kept as-is"
2012-05-18 09:00:00+00:00,4,4,4,1.0,3298.912627968,2973.26889216,3567.922670592,0.0,3298.912627968,False,False,False,1.0,obs,02246500,m3/s,"positive = downstream (seaward), negative = upstream (flood-tide reversal); negative values kept as-is"
2012-05-18 10:00:00+00:00,4,4,4,1.0,2186.0605569024,1690.5157415424,2792.0410739712,0.0,2186.0605569024,False,False,False,1.0,obs,02246500,m3/s,"positive = downstream (seaward), negative = upstream (flood-tide reversal); negative values kept as-is"
2012-05-18 11:00:00+00:00,4,4,4,1.0,228.94170469632004,-787.2083352576,1245.941250048,0.0,228.94170469632004,False,False,False,1.0,obs,02246500,m3/s,"positive = downstream (seaward), negative = upstream (flood-tide reversal); negative values kept as-is"
2012-05-18 12:00:00+00:00,4,4,4,1.0,-2220.7486939776,-2944.952045568,-1271.4264119808001,0.0,-2220.7486939776,False,False,False,1.0,obs,02246500,m3/s,"positive = downstream (seaward), negative = upstream (flood-tide reversal); negative values kept as-is"
2012-05-18 13:00:00+00:00,4,4,4,1.0,-3539.605824,-3794.457443328,-3341.387897856,0.0,-3539.605824,False,False,False,1.0,obs,02246500,m3/s,"positive = downstream (seaward), negative = upstream (flood-tide reversal); negative values kept as-is"
2012-05-18 14:00:00+00:00,4,4,4,1.0,-3851.091136512,-3992.675369472,-3709.506903552,0.0,-3851.091136512,False,False,False,1.0,obs,02246500,m3/s,"positive = downstream (seaward), negative = upstream (flood-tide reversal); negative values kept as-is"
2012-05-18 15:00:00+00:00,4,4,4,1.0,-3390.942379392,-3907.724829696,-2944.952045568,0.0,-3390.942379392,False,False,False,1.0,obs,02246500,m3/s,"positive = downstream (seaward), negative = upstream (flood-tide reversal); negative values kept as-is"
2012-05-18 16:00:00+00:00,4,4,4,1.0,-1916.3425931135998,-2746.7341194240003,-931.6242528768,0.0,-1916.3425931135998,False,False,False,1.0,obs,02246500,m3/s,"positive = downstream (seaward), negative = upstream (flood-tide reversal); negative values kept as-is"
2012-05-18 17:00:00+00:00,4,4,4,1.0,352.75711641984,-424.75269888,1370.5353750528,0.0,352.75711641984,False,False,False,1.0,obs,02246500,m3/s,"positive = downstream (seaward), negative = upstream (flood-tide reversal); negative values kept as-is"
2012-05-18 18:00:00+00:00,4,4,4,1.0,2266.7635696896,1568.7533011968,2828.8529745408,0.0,2266.7635696896,False,False,False,1.0,obs,02246500,m3/s,"positive = downstream (seaward), negative = upstream (flood-tide reversal); negative values kept as-is"
2012-05-18 19:00:00+00:00,4,4,4,1.0,3114.85312512,3029.9025853440003,3171.4868183040003,0.0,3114.85312512,False,False,False,1.0,obs,02246500,m3/s,"positive = downstream (seaward), negative = upstream (flood-tide reversal); negative values kept as-is"
2012-05-18 20:00:00+00:00,4,4,4,1.0,3376.783956096,3199.803664896,3624.556363776,0.0,3376.783956096,False,False,False,1.0,obs,02246500,m3/s,"positive = downstream (seaward), negative = upstream (flood-tide reversal); negative values kept as-is"
2012-05-18 21:00:00+00:00,4,4,4,1.0,3029.9025853440003,2690.10042624,3256.43735808,0.0,3029.9025853440003,False,False,False,1.0,obs,02246500,m3/s,"positive = downstream (seaward), negative = upstream (flood-tide reversal); negative values kept as-is"
2012-05-18 22:00:00+00:00,4,4,4,1.0,1372.37597008128,279.20410739712,2452.2389148672,0.0,1372.37597008128,False,False,False,1.0,obs,02246500,m3/s,"positive = downstream (seaward), negative = upstream (flood-tide reversal); negative values kept as-is"
2012-05-18 23:00:00+00:00,4,4,4,1.0,-1212.6689553024,-2398.4369063424,-441.7428068352,0.0,-1212.6689553024,False,False,False,1.0,obs,02246500,m3/s,"positive = downstream (seaward), negative = upstream (flood-tide reversal); negative values kept as-is"
2012-05-19 00:00:00+00:00,4,4,4,1.0,-3553.764247296,-4049.309062656,-2888.3183523840003,0.0,-3553.764247296,False,False,False,1.0,obs,02246500,m3/s,"positive = downstream (seaward), negative = upstream (flood-tide reversal); negative values kept as-is"
2012-05-19 01:00:00+00:00,4,4,4,1.0,-4877.576825472,-5153.666079744,-4615.645994496,0.0,-4877.576825472,False,False,False,1.0,obs,02246500,m3/s,"positive = downstream (seaward), negative = upstream (flood-tide reversal); negative values kept as-is"
2012-05-19 02:00:00+00:00,4,4,4,1.0,-4452.8241265920005,-4842.180767232,-4049.309062656,0.0,-4452.8241265920005,False,False,False,1.0,obs,02246500,m3/s,"positive = downstream (seaward), negative = upstream (flood-tide reversal); negative values kept as-is"
2012-05-19 03:00:00+00:00,4,4,4,1.0,-4643.9628410880005,-4757.230227456,-4417.428068352,0.0,-4643.9628410880005,False,False,False,1.0,obs,02246500,m3/s,"positive = downstream (seaward), negative = upstream (flood-tide reversal); negative values kept as-is"
2012-05-19 04:00:00+00:00,4,4,4,1.0,-4084.705120896,-4502.378608128,-3596.2395171840003,0.0,-4084.705120896,False,False,False,1.0,obs,02246500,m3/s,"positive = downstream (seaward), negative = upstream (flood-tide reversal); negative values kept as-is"
2012-05-19 05:00:00+00:00,4,4,4,1.0,-2644.7934716928007,-3313.0710512640003,-2010.4961080320002,0.0,-2644.7934716928007,False,False,False,1.0,obs,02246500,m3/s,"positive = downstream (seaward), negative = upstream (flood-tide reversal); negative values kept as-is"
2012-05-19 06:00:00+00:00,4,4,4,1.0,-338.45710889088,-1294.0798892544,404.9309062656,0.0,-338.45710889088,False,False,False,1.0,obs,02246500,m3/s,"positive = downstream (seaward), negative = upstream (flood-tide reversal); negative values kept as-is"
2012-05-19 07:00:00+00:00,4,4,4,1.0,1960.2337053311999,1234.6145114112,2678.7736876032,0.0,1960.2337053311999,False,False,False,1.0,obs,02246500,m3/s,"positive = downstream (seaward), negative = upstream (flood-tide reversal); negative values kept as-is"
2012-05-19 08:00:00+00:00,4,4,4,1.0,3053.2639837824,2726.9123268096,3341.387897856,0.0,3053.2639837824,False,False,False,1.0,obs,02246500,m3/s,"positive = downstream (seaward), negative = upstream (flood-tide reversal); negative values kept as-is"
2012-05-19 09:00:00+00:00,4,4,4,1.0,3192.724453248,3114.85312512,3284.754204672,0.0,3192.724453248,False,False,False,1.0,obs,02246500,m3/s,"positive = downstream (seaward), negative = upstream (flood-tide reversal); negative values kept as-is"
2012-05-19 10:00:00+00:00,4,4,4,1.0,2617.1845462656,2152.080340992,2973.26889216,0.0,2617.1845462656,False,False,False,1.0,obs,02246500,m3/s,"positive = downstream (seaward), negative = upstream (flood-tide reversal); negative values kept as-is"
2012-05-19 11:00:00+00:00,4,4,4,1.0,918.8816719104001,345.4655284224,1628.21867904,0.0,918.8816719104001,False,False,False,1.0,obs,02246500,m3/s,"positive = downstream (seaward), negative = upstream (flood-tide reversal); negative values kept as-is"
2012-05-19 12:00:00+00:00,4,4,4,1.0,-932.3321740416,-1939.7039915520002,-62.2970625024,0.0,-932.3321740416,False,False,False,1.0,obs,02246500,m3/s,"positive = downstream (seaward), negative = upstream (flood-tide reversal); negative values kept as-is"
2012-05-19 13:00:00+00:00,4,4,4,1.0,-3018.5758467072,-3539.605824,-2500.3775540736,0.0,-3018.5758467072,False,False,False,1.0,obs,02246500,m3/s,"positive = downstream (seaward), negative = upstream (flood-tide reversal); negative values kept as-is"
2012-05-19 14:00:00+00:00,4,4,4,1.0,-4183.814083968,-4445.744914944,-3992.675369472,0.0,-4183.814083968,False,False,False,1.0,obs,02246500,m3/s,"positive = downstream (seaward), negative = upstream (flood-tide reversal); negative values kept as-is"
2012-05-19 15:00:00+00:00,4,4,4,1.0,-3936.0416762880004,-4162.576449024,-3624.556363776,0.0,-3936.0416762880004,False,False,False,1.0,obs,02246500,m3/s,"positive = downstream (seaward), negative = upstream (flood-tide reversal); negative values kept as-is"
2012-05-19 16:00:00+00:00,4,4,4,1.0,-3356.9621634816003,-3879.4079831040003,-2582.4964091904,0.0,-3356.9621634816003,False,False,False,1.0,obs,02246500,m3/s,"positive = downstream (seaward), negative = upstream (flood-tide reversal); negative values kept as-is"
2012-05-19 17:00:00+00:00,4,4,4,1.0,-1975.1000497920002,-2525.8627160064,-1169.4857642496,0.0,-1975.1000497920002,False,False,False,1.0,obs,02246500,m3/s,"positive = downstream (seaward), negative = upstream (flood-tide reversal); negative values kept as-is"
2012-05-19 18:00:00+00:00,4,4,4,1.0,192.05901201024005,-682.4360028672,1220.4560881152001,0.0,192.05901201024005,False,False,False,1.0,obs,02246500,m3/s,"positive = downstream (seaward), negative = upstream (flood-tide reversal); negative values kept as-is"
2012-05-19 19:00:00+00:00,4,4,4,1.0,2285.1695199744,1769.802912,2831.6846592,0.0,2285.1695199744,False,False,False,1.0,obs,02246500,m3/s,"positive = downstream (seaward), negative = upstream (flood-tide reversal); negative values kept as-is"
2012-05-19 20:00:00+00:00,4,4,4,1.0,3192.724453248,3029.9025853440003,3313.0710512640003,0.0,3192.724453248,False,False,False,1.0,obs,02246500,m3/s,"positive = downstream (seaward), negative = upstream (flood-tide reversal); negative values kept as-is"
2012-05-19 21:00:00+00:00,4,4,4,1.0,3341.387897856,3199.803664896,3398.02159104,0.0,3341.387897856,False,False,False,1.0,obs,02246500,m3/s,"positive = downstream (seaward), negative = upstream (flood-tide reversal); negative values kept as-is"
2012-05-19 22:00:00+00:00,4,4,4,1.0,2818.9420782336006,2225.7041421312,3313.0710512640003,0.0,2818.9420782336006,False,False,False,1.0,obs,02246500,m3/s,"positive = downstream (seaward), negative = upstream (flood-tide reversal); negative values kept as-is"
2012-05-19 23:00:00+00:00,4,4,4,1.0,896.5113631027199,-202.74862159872,1755.644488704,0.0,896.5113631027199,False,False,False,1.0,obs,02246500,m3/s,"positive = downstream (seaward), negative = upstream (flood-tide reversal); negative values kept as-is"
2012-05-20 00:00:00+00:00,4,4,4,1.0,-1449.383634388224,-2916.635198976,27.240806421504,0.0,-1449.383634388224,False,False,False,1.0,obs,02246500,m3/s,"positive = downstream (seaward), negative = upstream (flood-tide reversal); negative values kept as-is"
2012-05-20 01:00:00+00:00,4,4,4,1.0,-3737.8237501440003,-4105.94275584,-2916.635198976,0.0,-3737.8237501440003,False,False,False,1.0,obs,02246500,m3/s,"positive = downstream (seaward), negative = upstream (flood-tide reversal); negative values kept as-is"
2012-05-20 02:00:00+00:00,4,4,4,1.0,-4474.061761536,-4757.230227456,-4275.843835392,0.0,-4474.061761536,False,False,False,1.0,obs,02246500,m3/s,"positive = downstream (seaward), negative = upstream (flood-tide reversal); negative values kept as-is"
2012-05-20 03:00:00+00:00,4,4,4,1.0,-4459.903338239999,-4502.378608128,-4389.11122176,0.0,-4459.903338239999,False,False,False,1.0,obs,02246500,m3/s,"positive = downstream (seaward), negative = upstream (flood-tide reversal); negative values kept as-is"
2012-05-20 04:00:00+00:00,4,4,4,1.0,-4297.081470336,-4643.9628410880005,-4077.625909248,0.0,-4297.081470336,False,False,False,1.0,obs,02246500,m3/s,"positive = downstream (seaward), negative = upstream (flood-tide reversal); negative values kept as-is"
2012-05-20 05:00:00+00:00,4,4,4,1.0,-3582.081093888,-4304.160681984,-2831.6846592,0.0,-3582.081093888,False,False,False,1.0,obs,02246500,m3/s,"positive = downstream (seaward), negative = upstream (flood-tide reversal); negative values kept as-is"
2012-05-20 06:00:00+00:00,4,4,4,1.0,-1583.6196456576,-2268.1794120192,-818.3568665088001,0.0,-1583.6196456576,False,False,False,1.0,obs,02246500,m3/s,"positive = downstream (seaward), negative = upstream (flood-tide reversal); negative values kept as-is"
2012-05-20 07:00:00+00:00,4,4,4,1.0,914.988105504,-100.5248054016,1800.9514432512,0.0,914.988105504,False,False,False,1.0,obs,02246500,m3/s,"positive = downstream (seaward), negative = upstream (flood-tide reversal); negative values kept as-is"
2012-05-20 08:00:00+00:00,4,4,4,1.0,2854.3381364735997,2072.7931705344,3426.338437632,0.0,2854.3381364735997,False,False,False,1.0,obs,02246500,m3/s,"positive = downstream (seaward), negative = upstream (flood-tide reversal); negative values kept as-is"
2012-05-20 09:00:00+00:00,4,4,4,1.0,3426.338437632,3313.0710512640003,3596.2395171840003,0.0,3426.338437632,False,False,False,1.0,obs,02246500,m3/s,"positive = downstream (seaward), negative = upstream (flood-tide reversal); negative values kept as-is"
2012-05-20 10:00:00+00:00,4,4,4,1.0,3320.1502629120005,3143.169971712,3482.972130816,0.0,3320.1502629120005,False,False,False,1.0,obs,02246500,m3/s,"positive = downstream (seaward), negative = upstream (flood-tide reversal); negative values kept as-is"
2012-05-20 11:00:00+00:00,4,4,4,1.0,2712.7539035136,2157.7437103104003,3058.219431936,0.0,2712.7539035136,False,False,False,1.0,obs,02246500,m3/s,"positive = downstream (seaward), negative = upstream (flood-tide reversal); negative values kept as-is"
2012-05-20 12:00:00+00:00,4,4,4,1.0,1059.68719158912,104.48916392448,1999.1693693952,0.0,1059.68719158912,False,False,False,1.0,obs,02246500,m3/s,"positive = downstream (seaward), negative = upstream (flood-tide reversal); negative values kept as-is"
2012-05-20 13:00:00+00:00,4,4,4,1.0,-1198.5105320064,-2188.8922415616003,-410.594275584,0.0,-1198.5105320064,False,False,False,1.0,obs,02246500,m3/s,"positive = downstream (seaward), negative = upstream (flood-tide reversal); negative values kept as-is"
2012-05-20 14:00:00+00:00,4,4,4,1.0,-2995.9223694335997,-3228.120511488,-2554.1795625984,0.0,-2995.9223694335997,False,False,False,1.0,obs,02246500,m3/s,"positive = downstream (seaward), negative = upstream (flood-tide reversal); negative values kept as-is"
2012-05-20 15:00:00+00:00,4,4,4,1.0,-3390.942379392,-3511.288977408,-3171.4868183040003,0.0,-3390.942379392,False,False,False,1.0,obs,02246500,m3/s,"positive = downstream (seaward), negative = upstream (flood-tide reversal); negative values kept as-is"
2012-05-20 16:00:00+00:00,4,4,4,1.0,-3490.051342464,-3681.19005696,-3313.0710512640003,0.0,-3490.051342464,False,False,False,1.0,obs,02246500,m3/s,"positive = downstream (seaward), negative = upstream (flood-tide reversal); negative values kept as-is"
2012-05-20 17:00:00+00:00,4,4,4,1.0,-2843.7193190016005,-3313.0710512640003,-2220.0407728128002,0.0,-2843.7193190016005,False,False,False,1.0,obs,02246500,m3/s,"positive = downstream (seaward), negative = upstream (flood-tide reversal); negative values kept as-is"
2012-05-20 18:00:00+00:00,4,4,4,1.0,-1126.3733653132801,-2061.4664318976,-277.78826506752,0.0,-1126.3733653132801,False,False,False,1.0,obs,02246500,m3/s,"positive = downstream (seaward), negative = upstream (flood-tide reversal); negative values kept as-is"
2012-05-20 19:00:00+00:00,4,4,4,1.0,1018.6985561472,455.9012301312,1823.6049205248,0.0,1018.6985561472,False,False,False,1.0,obs,02246500,m3/s,"positive = downstream (seaward), negative = upstream (flood-tide reversal); negative values kept as-is"
2012-05-20 20:00:00+00:00,4,4,4,1.0,2595.2389901568004,2120.9318097408,2769.3875966976,0.0,2595.2389901568004,False,False,False,1.0,obs,02246500,m3/s,"positive = downstream (seaward), negative = upstream (flood-tide reversal); negative values kept as-is"
2012-05-20 21:00:00+00:00,4,4,4,1.0,3044.0610086399997,2944.952045568,3171.4868183040003,0.0,3044.0610086399997,False,False,False,1.0,obs,02246500,m3/s,"positive = downstream (seaward), negative = upstream (flood-tide reversal); negative values kept as-is"
2012-05-20 22:00:00+00:00,4,4,4,1.0,3079.45706688,2888.3183523840003,3171.4868183040003,0.0,3079.45706688,False,False,False,1.0,obs,02246500,m3/s,"positive = downstream (seaward), negative = upstream (flood-tide reversal); negative values kept as-is"
2012-05-20 23:00:00+00:00,4,4,4,1.0,2401.9765121664004,1772.6345966592,2715.5855881728003,0.0,2401.9765121664004,False,False,False,1.0,obs,02246500,m3/s,"positive = downstream (seaward), negative = upstream (flood-tide reversal); negative values kept as-is"
2012-05-21 00:00:00+00:00,4,4,4,1.0,312.40561002624,-407.7625909248,1373.3670597120001,0.0,312.40561002624,False,False,False,1.0,obs,02246500,m3/s,"positive = downstream (seaward), negative = upstream (flood-tide reversal); negative values kept as-is"
2012-05-21 01:00:00+00:00,4,4,4,1.0,-2188.1843203968,-3143.169971712,-937.2876221952,0.0,-2188.1843203968,False,False,False,1.0,obs,02246500,m3/s,"positive = downstream (seaward), negative = upstream (flood-tide reversal); negative values kept as-is"
2012-05-21 02:00:00+00:00,4,4,4,1.0,-4091.784332544,-4247.5269888,-3936.041676288,0.0,-4091.784332544,False,False,False,1.0,obs,02246500,m3/s,"positive = downstream (seaward), negative = upstream (flood-tide reversal); negative values kept as-is"
2012-05-21 03:00:00+00:00,4,4,4,1.0,-4325.398316928,-4615.645994496,-3879.4079831040003,0.0,-4325.398316928,False,False,False,1.0,obs,02246500,m3/s,"positive = downstream (seaward), negative = upstream (flood-tide reversal); negative values kept as-is"
2012-05-21 04:00:00+00:00,4,4,4,1.0,-4544.853878016001,-4615.645994496,-4502.378608128,0.0,-4544.853878016001,False,False,False,1.0,obs,02246500,m3/s,"positive = downstream (seaward), negative = upstream (flood-tide reversal); negative values kept as-is"
2012-05-21 05:00:00+00:00,4,4,4,1.0,-4410.348856704,-4672.27968768,-4105.94275584,0.0,-4410.348856704,False,False,False,1.0,obs,02246500,m3/s,"positive = downstream (seaward), negative = upstream (flood-tide reversal); negative values kept as-is"
2012-05-21 06:00:00+00:00,4,4,4,1.0,-3424.9225953024,-3964.3585228800002,-2797.7044432896,0.0,-3424.9225953024,False,False,False,1.0,obs,02246500,m3/s,"positive = downstream (seaward), negative = upstream (flood-tide reversal); negative values kept as-is"
2012-05-21 07:00:00+00:00,4,4,4,1.0,-1423.6294624128,-2171.9021336064,-665.445894912,0.0,-1423.6294624128,False,False,False,1.0,obs,02246500,m3/s,"positive = downstream (seaward), negative = upstream (flood-tide reversal); negative values kept as-is"
2012-05-21 08:00:00+00:00,4,4,4,1.0,958.59604925568,65.41191562752,1766.9712273408,0.0,958.59604925568,False,False,False,1.0,obs,02246500,m3/s,"positive = downstream (seaward), negative = upstream (flood-tide reversal); negative values kept as-is"
2012-05-21 09:00:00+00:00,4,4,4,1.0,2910.2639084928005,2296.4962586112,3284.754204672,0.0,2910.2639084928005,False,False,False,1.0,obs,02246500,m3/s,"positive = downstream (seaward), negative = upstream (flood-tide reversal); negative values kept as-is"
2012-05-21 10:00:00+00:00,4,4,4,1.0,3624.556363776,3426.338437632,3936.041676288,0.0,3624.556363776,False,False,False,1.0,obs,02246500,m3/s,"positive = downstream (seaward), negative = upstream (flood-tide reversal); negative values kept as-is"
2012-05-21 11:00:00+00:00,4,4,4,1.0,3433.41764928,3256.43735808,3652.873210368,0.0,3433.41764928,False,False,False,1.0,obs,02246500,m3/s,"positive = downstream (seaward), negative = upstream (flood-tide reversal); negative values kept as-is"
2012-05-21 12:00:00+00:00,4,4,4,1.0,2676.6499241088,2358.7933211136,3029.9025853440003,0.0,2676.6499241088,False,False,False,1.0,obs,02246500,m3/s,"positive = downstream (seaward), negative = upstream (flood-tide reversal); negative values kept as-is"
2012-05-21 13:00:00+00:00,4,4,4,1.0,1183.2194348467199,207.84565398528,1982.1792614400001,0.0,1183.2194348467199,False,False,False,1.0,obs,02246500,m3/s,"positive = downstream (seaward), negative = upstream (flood-tide reversal); negative values kept as-is"
2012-05-21 14:00:00+00:00,4,4,4,1.0,-1026.8396495424,-1738.6543807488001,-205.297137792,0.0,-1026.8396495424,False,False,False,1.0,obs,02246500,m3/s,"positive = downstream (seaward), negative = upstream (flood-tide reversal); negative values kept as-is"
2012-05-21 15:00:00+00:00,4,4,4,1.0,-2775.0509660160005,-3341.387897856,-2259.6843580416003,0.0,-2775.0509660160005,False,False,False,1.0,obs,02246500,m3/s,"positive = downstream (seaward), negative = upstream (flood-tide reversal); negative values kept as-is"
2012-05-21 16:00:00+00:00,4,4,4,1.0,-3546.685035648,-3681.19005696,-3256.43735808,0.0,-3546.685035648,False,False,False,1.0,obs,02246500,m3/s,"positive = downstream (seaward), negative = upstream (flood-tide reversal); negative values kept as-is"
2012-05-21 17:00:00+00:00,4,4,4,1.0,-3079.4570668799997,-3398.02159104,-2746.7341194240003,0.0,-3079.4570668799997,False,False,False,1.0,obs,02246500,m3/s,"positive = downstream (seaward), negative = upstream (flood-tide reversal); negative values kept as-is"
2012-05-21 18:00:00+00:00,4,4,4,1.0,-1740.0702230784,-2542.8528239616003,-894.8123523072001,0.0,-1740.0702230784,False,False,False,1.0,obs,02246500,m3/s,"positive = downstream (seaward), negative = upstream (flood-tide reversal); negative values kept as-is"
2012-05-21 19:00:00+00:00,4,4,4,1.0,684.70135059456,-164.2377102336,1670.693948928,0.0,684.70135059456,False,False,False,1.0,obs,02246500,m3/s,"positive = downstream (seaward), negative = upstream (flood-tide reversal); negative values kept as-is"
2012-05-21 20:00:00+00:00,4,4,4,1.0,2845.843082496,2118.1001250816003,3313.0710512640003,0.0,2845.843082496,False,False,False,1.0,obs,02246500,m3/s,"positive = downstream (seaward), negative = upstream (flood-tide reversal); negative values kept as-is"
2012-05-21 21:00:00+00:00,4,4,4,1.0,3454.6552842240003,3199.803664896,3596.2395171840003,0.0,3454.6552842240003,False,False,False,1.0,obs,02246500,m3/s,"positive = downstream (seaward), negative = upstream (flood-tide reversal); negative values kept as-is"
2012-05-21 22:00:00+00:00,4,4,4,1.0,3766.140596736,3567.922670592,3936.041676288,0.0,3766.140596736,False,False,False,1.0,obs,02246500,m3/s,"positive = downstream (seaward), negative = upstream (flood-tide reversal); negative values kept as-is"
2012-05-21 23:00:00+00:00,4,4,4,1.0,3539.605824,3398.02159104,3709.506903552,0.0,3539.605824,False,False,False,1.0,obs,02246500,m3/s,"positive = downstream (seaward), negative = upstream (flood-tide reversal); negative values kept as-is"
2012-05-22 00:00:00+00:00,4,4,4,1.0,2431.709201088,1455.4859148288,3171.4868183040003,0.0,2431.709201088,False,False,False,1.0,obs,02246500,m3/s,"positive = downstream (seaward), negative = upstream (flood-tide reversal); negative values kept as-is"
2012-05-22 01:00:00+00:00,4,4,4,1.0,-130.54066278912,-996.7530000384,795.7033892352,0.0,-130.54066278912,False,False,False,1.0,obs,02246500,m3/s,"positive = downstream (seaward), negative = upstream (flood-tide reversal); negative values kept as-is"
2012-05-22 02:00:00+00:00,4,4,4,1.0,-2506.040923392,-3398.02159104,-1373.3670597120001,0.0,-2506.040923392,False,False,False,1.0,obs,02246500,m3/s,"positive = downstream (seaward), negative = upstream (flood-tide reversal); negative values kept as-is"
2012-05-22 03:00:00+00:00,4,4,4,1.0,-4113.021967488,-4587.329147904,-3737.8237501440003,0.0,-4113.021967488,False,False,False,1.0,obs,02246500,m3/s,"positive = downstream (seaward), negative = upstream (flood-tide reversal); negative values kept as-is"
2012-05-22 04:00:00+00:00,4,4,4,1.0,-4212.130930560001,-4389.11122176,-3936.041676288,0.0,-4212.130930560001,False,False,False,1.0,obs,02246500,m3/s,"positive = downstream (seaward), negative = upstream (flood-tide reversal); negative values kept as-is"
2012-05-22 05:00:00+00:00,4,4,4,1.0,-4247.5269888,-4389.11122176,-4077.625909248,0.0,-4247.5269888,False,False,False,1.0,obs,02246500,m3/s,"positive = downstream (seaward), negative = upstream (flood-tide reversal); negative values kept as-is"
2012-05-22 06:00:00+00:00,4,4,4,1.0,-3198.3878225664002,-3539.605824,-2627.8033637376,0.0,-3198.3878225664002,False,False,False,1.0,obs,02246500,m3/s,"positive = downstream (seaward), negative = upstream (flood-tide reversal); negative values kept as-is"
2012-05-22 07:00:00+00:00,4,4,4,1.0,-1036.0426246848,-1832.0999745024,-49.554481536000004,0.0,-1036.0426246848,False,False,False,1.0,obs,02246500,m3/s,"positive = downstream (seaward), negative = upstream (flood-tide reversal); negative values kept as-is"
2012-05-22 08:00:00+00:00,4,4,4,1.0,1715.2929823104,996.7530000384,2457.9022841856,0.0,1715.2929823104,False,False,False,1.0,obs,02246500,m3/s,"positive = downstream (seaward), negative = upstream (flood-tide reversal); negative values kept as-is"
2012-05-22 09:00:00+00:00,4,4,4,1.0,3327.22947456,2944.952045568,3681.19005696,0.0,3327.22947456,False,False,False,1.0,obs,02246500,m3/s,"positive = downstream (seaward), negative = upstream (flood-tide reversal); negative values kept as-is"
2012-05-22 10:00:00+00:00,4,4,4,1.0,3794.4574433280004,3567.922670592,4049.309062656,0.0,3794.4574433280004,False,False,False,1.0,obs,02246500,m3/s,"positive = downstream (seaward), negative = upstream (flood-tide reversal); negative values kept as-is"
2012-05-22 11:00:00+00:00,4,4,4,1.0,3872.328771456,3794.457443328,3964.3585228800002,0.0,3872.328771456,False,False,False,1.0,obs,02246500,m3/s,"positive = downstream (seaward), negative = upstream (flood-tide reversal); negative values kept as-is"
2012-05-22 12:00:00+00:00,4,4,4,1.0,3638.714787072,3369.704744448,3822.7742899200002,0.0,3638.714787072,False,False,False,1.0,obs,02246500,m3/s,"positive = downstream (seaward), negative = upstream (flood-tide reversal); negative values kept as-is"
2012-05-22 13:00:00+00:00,4,4,4,1.0,2864.9569539456,2217.2090881536,3284.754204672,0.0,2864.9569539456,False,False,False,1.0,obs,02246500,m3/s,"positive = downstream (seaward), negative = upstream (flood-tide reversal); negative values kept as-is"
2012-05-22 14:00:00+00:00,4,4,4,1.0,614.97111586176,-399.2675369472,1636.7137330176001,0.0,614.97111586176,False,False,False,1.0,obs,02246500,m3/s,"positive = downstream (seaward), negative = upstream (flood-tide reversal); negative values kept as-is"
2012-05-22 15:00:00+00:00,4,4,4,1.0,-1512.1196080128,-2497.5458694144,-591.8220937728,0.0,-1512.1196080128,False,False,False,1.0,obs,02246500,m3/s,"positive = downstream (seaward), negative = upstream (flood-tide reversal); negative values kept as-is"
2012-05-22 16:00:00+00:00,4,4,4,1.0,-3079.45706688,-3511.288977408,-2916.635198976,0.0,-3079.45706688,False,False,False,1.0,obs,02246500,m3/s,"positive = downstream (seaward), negative = upstream (flood-tide reversal); negative values kept as-is"
2012-05-22 17:00:00+00:00,4,4,4,1.0,-3617.477152128,-3822.7742899200002,-3369.704744448,0.0,-3617.477152128,False,False,False,1.0,obs,02246500,m3/s,"positive = downstream (seaward), negative = upstream (flood-tide reversal); negative values kept as-is"
2012-05-22 18:00:00+00:00,4,4,4,1.0,-2151.3724198272002,-2860.001505792,-1480.9710767616,0.0,-2151.3724198272002,False,False,False,1.0,obs,02246500,m3/s,"positive = downstream (seaward), negative = upstream (flood-tide reversal); negative values kept as-is"
2012-05-22 19:00:00+00:00,4,4,4,1.0,121.7624403456,-917.4658295808,1226.1194574336,0.0,121.7624403456,False,False,False,1.0,obs,02246500,m3/s,"positive = downstream (seaward), negative = upstream (flood-tide reversal); negative values kept as-is"
2012-05-22 20:00:00+00:00,4,4,4,1.0,2391.3576946944,1563.0899318784,3058.219431936,0.0,2391.3576946944,False,False,False,1.0,obs,02246500,m3/s,"positive = downstream (seaward), negative = upstream (flood-tide reversal); negative values kept as-is"
2012-05-22 21:00:00+00:00,4,4,4,1.0,3659.952422016,3341.387897856,3822.7742899200002,0.0,3659.952422016,False,False,False,1.0,obs,02246500,m3/s,"positive = downstream (seaward), negative = upstream (flood-tide reversal); negative values kept as-is"
2012-05-22 22:00:00+00:00,4,4,4,1.0,3985.5961578240003,3851.091136512,4190.893295616,0.0,3985.5961578240003,False,False,False,1.0,obs,02246500,m3/s,"positive = downstream (seaward), negative = upstream (flood-tide reversal); negative values kept as-is"
2012-05-22 23:00:00+00:00,4,4,4,1.0,4006.8337927679995,3851.091136512,4190.893295616,0.0,4006.8337927679995,False,False,False,1.0,obs,02246500,m3/s,"positive = downstream (seaward), negative = upstream (flood-tide reversal); negative values kept as-is"
2012-05-23 00:00:00+00:00,4,4,4,1.0,3490.051342464,3256.43735808,3794.457443328,0.0,3490.051342464,False,False,False,1.0,obs,02246500,m3/s,"positive = downstream (seaward), negative = upstream (flood-tide reversal); negative values kept as-is"
2012-05-23 01:00:00+00:00,4,4,4,1.0,1861.1247422592,739.0696960512,2806.1994972672,0.0,1861.1247422592,False,False,False,1.0,obs,02246500,m3/s,"positive = downstream (seaward), negative = upstream (flood-tide reversal); negative values kept as-is"
2012-05-23 02:00:00+00:00,4,4,4,1.0,-990.8064622540801,-1968.020838144,-253.71894546432,0.0,-990.8064622540801,False,False,False,1.0,obs,02246500,m3/s,"positive = downstream (seaward), negative = upstream (flood-tide reversal); negative values kept as-is"
2012-05-23 03:00:00+00:00,4,4,4,1.0,-3287.5858893312,-3681.19005696,-2786.3777046528003,0.0,-3287.5858893312,False,False,False,1.0,obs,02246500,m3/s,"positive = downstream (seaward), negative = upstream (flood-tide reversal); negative values kept as-is"
2012-05-23 04:00:00+00:00,4,4,4,1.0,-4311.2398936320005,-4870.497613824,-3766.140596736,0.0,-4311.2398936320005,False,False,False,1.0,obs,02246500,m3/s,"positive = downstream (seaward), negative = upstream (flood-tide reversal); negative values kept as-is"
2012-05-23 05:00:00+00:00,4,4,4,1.0,-4651.042052736,-4870.497613824,-4502.378608128,0.0,-4651.042052736,False,False,False,1.0,obs,02246500,m3/s,"positive = downstream (seaward), negative = upstream (flood-tide reversal); negative values kept as-is"
2012-05-23 06:00:00+00:00,4,4,4,1.0,-4205.051718912,-4474.061761536,-3737.8237501440003,0.0,-4205.051718912,False,False,False,1.0,obs,02246500,m3/s,"positive = downstream (seaward), negative = upstream (flood-tide reversal); negative values kept as-is"
2012-05-23 07:00:00+00:00,4,4,4,1.0,-2432.4171222528003,-3143.169971712,-1902.8920909824,0.0,-2432.4171222528003,False,False,False,1.0,obs,02246500,m3/s,"positive = downstream (seaward), negative = upstream (flood-tide reversal); negative values kept as-is"
2012-05-23 08:00:00+00:00,4,4,4,1.0,31.006947018239998,-736.238011392,971.2678381056,0.0,31.006947018239998,False,False,False,1.0,obs,02246500,m3/s,"positive = downstream (seaward), negative = upstream (flood-tide reversal); negative values kept as-is"
2012-05-23 09:00:00+00:00,4,4,4,1.0,2339.679449664,1571.584985856,3029.9025853440003,0.0,2339.679449664,False,False,False,1.0,obs,02246500,m3/s,"positive = downstream (seaward), negative = upstream (flood-tide reversal); negative values kept as-is"
2012-05-23 10:00:00+00:00,4,4,4,1.0,3341.387897856,3001.585738752,3652.873210368,0.0,3341.387897856,False,False,False,1.0,obs,02246500,m3/s,"positive = downstream (seaward), negative = upstream (flood-tide reversal); negative values kept as-is"
2012-05-23 11:00:00+00:00,4,4,4,1.0,3822.7742899200002,3652.873210368,3907.724829696,0.0,3822.7742899200002,False,False,False,1.0,obs,02246500,m3/s,"positive = downstream (seaward), negative = upstream (flood-tide reversal); negative values kept as-is"
2012-05-23 12:00:00+00:00,4,4,4,1.0,3787.37823168,3539.605824,4020.9922160640003,0.0,3787.37823168,False,False,False,1.0,obs,02246500,m3/s,"positive = downstream (seaward), negative = upstream (flood-tide reversal); negative values kept as-is"
2012-05-23 13:00:00+00:00,4,4,4,1.0,3131.8432330752003,2814.6945512448,3426.338437632,0.0,3131.8432330752003,False,False,False,1.0,obs,02246500,m3/s,"positive = downstream (seaward), negative = upstream (flood-tide reversal); negative values kept as-is"
2012-05-23 14:00:00+00:00,4,4,4,1.0,1783.2534141311999,880.6539290112,2531.5260853248,0.0,1783.2534141311999,False,False,False,1.0,obs,02246500,m3/s,"positive = downstream (seaward), negative = upstream (flood-tide reversal); negative values kept as-is"
2012-05-23 15:00:00+00:00,4,4,4,1.0,-713.5845341184,-1489.4661307392,-305.8219431936,0.0,-713.5845341184,False,False,False,1.0,obs,02246500,m3/s,"positive = downstream (seaward), negative = upstream (flood-tide reversal); negative values kept as-is"
2012-05-23 16:00:00+00:00,4,4,4,1.0,-2353.1299517952,-2704.258849536,-1953.862414848,0.0,-2353.1299517952,False,False,False,1.0,obs,02246500,m3/s,"positive = downstream (seaward), negative = upstream (flood-tide reversal); negative values kept as-is"
2012-05-23 17:00:00+00:00,4,4,4,1.0,-3206.8828765440003,-3426.338437632,-2916.635198976,0.0,-3206.8828765440003,False,False,False,1.0,obs,02246500,m3/s,"positive = downstream (seaward), negative = upstream (flood-tide reversal); negative values kept as-is"
2012-05-23 18:00:00+00:00,4,4,4,1.0,-3270.595781376,-3624.556363776,-2916.635198976,0.0,-3270.595781376,False,False,False,1.0,obs,02246500,m3/s,"positive = downstream (seaward), negative = upstream (flood-tide reversal); negative values kept as-is"
2012-05-23 19:00:00+00:00,4,4,4,1.0,-1634.5899695232001,-2469.2290228224,-999.5846846976,0.0,-1634.5899695232001,False,False,False,1.0,obs,02246500,m3/s,"positive = downstream (seaward), negative = upstream (flood-tide reversal); negative values kept as-is"
2012-05-23 20:00:00+00:00,4,4,4,1.0,577.80525470976,-492.71313070080004,1580.0800398336,0.0,577.80525470976,False,False,False,1.0,obs,02246500,m3/s,"positive = downstream (seaward), negative = upstream (flood-tide reversal); negative values kept as-is"
2012-05-23 21:00:00+00:00,4,4,4,1.0,2387.1101677056004,1701.8424801792,2860.001505792,0.0,2387.1101677056004,False,False,False,1.0,obs,02246500,m3/s,"positive = downstream (seaward), negative = upstream (flood-tide reversal); negative values kept as-is"
2012-05-23 22:00:00+00:00,4,4,4,1.0,3221.04129984,3029.9025853440003,3454.6552842240003,0.0,3221.04129984,False,False,False,1.0,obs,02246500,m3/s,"positive = downstream (seaward), negative = upstream (flood-tide reversal); negative values kept as-is"
2012-05-23 23:00:00+00:00,4,4,4,1.0,3539.605824,3454.6552842240003,3624.556363776,0.0,3539.605824,False,False,False,1.0,obs,02246500,m3/s,"positive = downstream (seaward), negative = upstream (flood-tide reversal); negative values kept as-is"
2012-05-24 00:00:00+00:00,4,4,4,1.0,3433.4176492799998,3228.120511488,3567.922670592,0.0,3433.4176492799998,False,False,False,1.0,obs,02246500,m3/s,"positive = downstream (seaward), negative = upstream (flood-tide reversal); negative values kept as-is"
2012-05-24 01:00:00+00:00,4,4,4,1.0,2644.0855505280006,2092.6149631488,3058.219431936,0.0,2644.0855505280006,False,False,False,1.0,obs,02246500,m3/s,"positive = downstream (seaward), negative = upstream (flood-tide reversal); negative values kept as-is"
2012-05-24 02:00:00+00:00,4,4,4,1.0,371.72940363648,-331.3071051264,1243.1095653888,0.0,371.72940363648,False,False,False,1.0,obs,02246500,m3/s,"positive = downstream (seaward), negative = upstream (flood-tide reversal); negative values kept as-is"
2012-05-24 03:00:00+00:00,4,4,4,1.0,-1964.4812323200003,-2650.4568410112,-1061.8817472,0.0,-1964.4812323200003,False,False,False,1.0,obs,02246500,m3/s,"positive = downstream (seaward), negative = upstream (flood-tide reversal); negative values kept as-is"
2012-05-24 04:00:00+00:00,4,4,4,1.0,-3936.0416762880004,-4643.9628410880005,-3652.873210368,0.0,-3936.0416762880004,False,False,False,1.0,obs,02246500,m3/s,"positive = downstream (seaward), negative = upstream (flood-tide reversal); negative values kept as-is"
2012-05-24 05:00:00+00:00,4,4,4,1.0,-4743.07180416,-5012.081846784,-4502.378608128,0.0,-4743.07180416,False,False,False,1.0,obs,02246500,m3/s,"positive = downstream (seaward), negative = upstream (flood-tide reversal); negative values kept as-is"
2012-05-24 06:00:00+00:00,4,4,4,1.0,-4410.348856704,-4559.012301312,-4304.160681984,0.0,-4410.348856704,False,False,False,1.0,obs,02246500,m3/s,"positive = downstream (seaward), negative = upstream (flood-tide reversal); negative values kept as-is"
2012-05-24 07:00:00+00:00,4,4,4,1.0,-3624.556363776,-4077.625909248,-3058.219431936,0.0,-3624.556363776,False,False,False,1.0,obs,02246500,m3/s,"positive = downstream (seaward), negative = upstream (flood-tide reversal); negative values kept as-is"
2012-05-24 08:00:00+00:00,4,4,4,1.0,-1764.8474638464,-2698.5954802176,-770.2182273024,0.0,-1764.8474638464,False,False,False,1.0,obs,02246500,m3/s,"positive = downstream (seaward), negative = upstream (flood-tide reversal); negative values kept as-is"
2012-05-24 09:00:00+00:00,4,4,4,1.0,816.79943994624,-250.88726080512,1931.2089375744001,0.0,816.79943994624,False,False,False,1.0,obs,02246500,m3/s,"positive = downstream (seaward), negative = upstream (flood-tide reversal); negative values kept as-is"
2012-05-24 10:00:00+00:00,4,4,4,1.0,2983.887709632,2251.189304064,3398.02159104,0.0,2983.887709632,False,False,False,1.0,obs,02246500,m3/s,"positive = downstream (seaward), negative = upstream (flood-tide reversal); negative values kept as-is"
2012-05-24 11:00:00+00:00,4,4,4,1.0,3617.477152128,3398.02159104,3794.457443328,0.0,3617.477152128,False,False,False,1.0,obs,02246500,m3/s,"positive = downstream (seaward), negative = upstream (flood-tide reversal); negative values kept as-is"
2012-05-24 12:00:00+00:00,4,4,4,1.0,3858.1703481600002,3709.506903552,3936.041676288,0.0,3858.1703481600002,False,False,False,1.0,obs,02246500,m3/s,"positive = downstream (seaward), negative = upstream (flood-tide reversal); negative values kept as-is"
2012-05-24 13:00:00+00:00,4,4,4,1.0,3638.714787072,3454.6552842240003,3879.4079831040003,0.0,3638.714787072,False,False,False,1.0,obs,02246500,m3/s,"positive = downstream (seaward), negative = upstream (flood-tide reversal); negative values kept as-is"
2012-05-24 14:00:00+00:00,4,4,4,1.0,2807.6153395968,2440.9121762304003,3171.4868183040003,0.0,2807.6153395968,False,False,False,1.0,obs,02246500,m3/s,"positive = downstream (seaward), negative = upstream (flood-tide reversal); negative values kept as-is"
2012-05-24 15:00:00+00:00,4,4,4,1.0,934.17276907008,-74.75647500288001,2007.6644233728,0.0,934.17276907008,False,False,False,1.0,obs,02246500,m3/s,"positive = downstream (seaward), negative = upstream (flood-tide reversal); negative values kept as-is"
2012-05-24 16:00:00+00:00,4,4,4,1.0,-1394.9586552384,-2282.3378353152,-100.5248054016,0.0,-1394.9586552384,False,False,False,1.0,obs,02246500,m3/s,"positive = downstream (seaward), negative = upstream (flood-tide reversal); negative values kept as-is"
2012-05-24 17:00:00+00:00,4,4,4,1.0,-3121.9323367680004,-3228.120511488,-2888.3183523840003,0.0,-3121.9323367680004,False,False,False,1.0,obs,02246500,m3/s,"positive = downstream (seaward), negative = upstream (flood-tide reversal); negative values kept as-is"
2012-05-24 18:00:00+00:00,4,4,4,1.0,-3532.526612352,-3624.556363776,-3341.387897856,0.0,-3532.526612352,False,False,False,1.0,obs,02246500,m3/s,"positive = downstream (seaward), negative = upstream (flood-tide reversal); negative values kept as-is"
2012-05-24 19:00:00+00:00,4,4,4,1.0,-3207.5907977088,-3681.19005696,-2692.9321108992,0.0,-3207.5907977088,False,False,False,1.0,obs,02246500,m3/s,"positive = downstream (seaward), negative = upstream (flood-tide reversal); negative values kept as-is"
2012-05-24 20:00:00+00:00,4,4,4,1.0,-1408.7631179520001,-2355.9616364544,-642.7924176384,0.0,-1408.7631179520001,False,False,False,1.0,obs,02246500,m3/s,"positive = downstream (seaward), negative = upstream (flood-tide reversal); negative values kept as-is"
2012-05-24 21:00:00+00:00,4,4,4,1.0,907.9796859724801,89.48123523072,1461.1492841472,0.0,907.9796859724801,False,False,False,1.0,obs,02246500,m3/s,"positive = downstream (seaward), negative = upstream (flood-tide reversal); negative values kept as-is"
2012-05-24 22:00:00+00:00,4,4,4,1.0,2644.0855505279997,2143.5852870144,3001.585738752,0.0,2644.0855505279997,False,False,False,1.0,obs,02246500,m3/s,"positive = downstream (seaward), negative = upstream (flood-tide reversal); negative values kept as-is"
2012-05-24 23:00:00+00:00,4,4,4,1.0,3348.467109504,3171.4868183040003,3511.288977408,0.0,3348.467109504,False,False,False,1.0,obs,02246500,m3/s,"positive = downstream (seaward), negative = upstream (flood-tide reversal); negative values kept as-is"
2012-05-25 00:00:00+00:00,4,4,4,1.0,3553.7642472960006,3511.288977408,3567.922670592,0.0,3553.7642472960006,False,False,False,1.0,obs,02246500,m3/s,"positive = downstream (seaward), negative = upstream (flood-tide reversal); negative values kept as-is"
2012-05-25 01:00:00+00:00,4,4,4,1.0,3252.1898310912,2814.6945512448,3567.922670592,0.0,3252.1898310912,False,False,False,1.0,obs,02246500,m3/s,"positive = downstream (seaward), negative = upstream (flood-tide reversal); negative values kept as-is"
2012-05-25 02:00:00+00:00,4,4,4,1.0,1682.0206875648,860.8321363968,2299.3279432704003,0.0,1682.0206875648,False,False,False,1.0,obs,02246500,m3/s,"positive = downstream (seaward), negative = upstream (flood-tide reversal); negative values kept as-is"
2012-05-25 03:00:00+00:00,4,4,4,1.0,-807.0301278720001,-1945.3673608704,39.6435852288,0.0,-807.0301278720001,False,False,False,1.0,obs,02246500,m3/s,"positive = downstream (seaward), negative = upstream (flood-tide reversal); negative values kept as-is"
2012-05-25 04:00:00+00:00,4,4,4,1.0,-2995.9223694336,-3511.288977408,-2525.8627160064,0.0,-2995.9223694336,False,False,False,1.0,obs,02246500,m3/s,"positive = downstream (seaward), negative = upstream (flood-tide reversal); negative values kept as-is"
2012-05-25 05:00:00+00:00,4,4,4,1.0,-4020.992216064,-4615.645994496,-3426.338437632,0.0,-4020.992216064,False,False,False,1.0,obs,02246500,m3/s,"positive = downstream (seaward), negative = upstream (flood-tide reversal); negative values kept as-is"
2012-05-25 06:00:00+00:00,4,4,4,1.0,-4693.517322624,-4785.5470740480005,-4530.69545472,0.0,-4693.517322624,False,False,False,1.0,obs,02246500,m3/s,"positive = downstream (seaward), negative = upstream (flood-tide reversal); negative values kept as-is"
2012-05-25 07:00:00+00:00,4,4,4,1.0,-4176.73487232,-4417.428068352,-3709.506903552,0.0,-4176.73487232,False,False,False,1.0,obs,02246500,m3/s,"positive = downstream (seaward), negative = upstream (flood-tide reversal); negative values kept as-is"
2012-05-25 08:00:00+00:00,4,4,4,1.0,-3206.8828765440003,-3567.922670592,-2831.6846592,0.0,-3206.8828765440003,False,False,False,1.0,obs,02246500,m3/s,"positive = downstream (seaward), negative = upstream (flood-tide reversal); negative values kept as-is"
2012-05-25 09:00:00+00:00,4,4,4,1.0,-1065.7753136064,-2265.34772736,-111.85154403840001,0.0,-1065.7753136064,False,False,False,1.0,obs,02246500,m3/s,"positive = downstream (seaward), negative = upstream (flood-tide reversal); negative values kept as-is"
2012-05-25 10:00:00+00:00,4,4,4,1.0,1345.7581342848,302.9902585344,2197.3872955392,0.0,1345.7581342848,False,False,False,1.0,obs,02246500,m3/s,"positive = downstream (seaward), negative = upstream (flood-tide reversal); negative values kept as-is"
2012-05-25 11:00:00+00:00,4,4,4,1.0,3185.6452416,2888.3183523840003,3341.387897856,0.0,3185.6452416,False,False,False,1.0,obs,02246500,m3/s,"positive = downstream (seaward), negative = upstream (flood-tide reversal); negative values kept as-is"
2012-05-25 12:00:00+00:00,4,4,4,1.0,3546.685035648,3398.02159104,3681.19005696,0.0,3546.685035648,False,False,False,1.0,obs,02246500,m3/s,"positive = downstream (seaward), negative = upstream (flood-tide reversal); negative values kept as-is"
2012-05-25 13:00:00+00:00,4,4,4,1.0,3426.3384376319996,3001.585738752,3709.506903552,0.0,3426.3384376319996,False,False,False,1.0,obs,02246500,m3/s,"positive = downstream (seaward), negative = upstream (flood-tide reversal); negative values kept as-is"
2012-05-25 14:00:00+00:00,4,4,4,1.0,3044.06100864,2831.6846592,3454.6552842240003,0.0,3044.06100864,False,False,False,1.0,obs,02246500,m3/s,"positive = downstream (seaward), negative = upstream (flood-tide reversal); negative values kept as-is"
2012-05-25 15:00:00+00:00,4,4,4,1.0,2188.1843203968,1540.4364546048,2602.3182018048,0.0,2188.1843203968,False,False,False,1.0,obs,02246500,m3/s,"positive = downstream (seaward), negative = upstream (flood-tide reversal); negative values kept as-is"
2012-05-25 16:00:00+00:00,4,4,4,1.0,-121.55006399615999,-1084.5352244736,773.0499119616001,0.0,-121.55006399615999,False,False,False,1.0,obs,02246500,m3/s,"positive = downstream (seaward), negative = upstream (flood-tide reversal); negative values kept as-is"
2012-05-25 17:00:00+00:00,4,4,4,1.0,-2451.5309937024,-3228.120511488,-1673.5256335872,0.0,-2451.5309937024,False,False,False,1.0,obs,02246500,m3/s,"positive = downstream (seaward), negative = upstream (flood-tide reversal); negative values kept as-is"
2012-05-25 18:00:00+00:00,4,4,4,1.0,-3667.031633664,-3879.4079831040003,-3313.0710512640003,0.0,-3667.031633664,False,False,False,1.0,obs,02246500,m3/s,"positive = downstream (seaward), negative = upstream (flood-tide reversal); negative values kept as-is"
2012-05-25 19:00:00+00:00,4,4,4,1.0,-4020.9922160640003,-4360.794375168,-3596.2395171840003,0.0,-4020.9922160640003,False,False,False,1.0,obs,02246500,m3/s,"positive = downstream (seaward), negative = upstream (flood-tide reversal); negative values kept as-is"
2012-05-25 20:00:00+00:00,4,4,4,1.0,-2896.1054851968,-3199.803664896,-2494.7141847552,0.0,-2896.1054851968,False,False,False,1.0,obs,02246500,m3/s,"positive = downstream (seaward), negative = upstream (flood-tide reversal); negative values kept as-is"
2012-05-25 21:00:00+00:00,4,4,4,1.0,-1330.891789824,-2132.2585483776,-639.9607329792,0.0,-1330.891789824,False,False,False,1.0,obs,02246500,m3/s,"positive = downstream (seaward), negative = upstream (flood-tide reversal); negative values kept as-is"
2012-05-25 22:00:00+00:00,4,4,4,1.0,886.88363526144,39.07724829696,1469.6443381248,0.0,886.88363526144,False,False,False,1.0,obs,02246500,m3/s,"positive = downstream (seaward), negative = upstream (flood-tide reversal); negative values kept as-is"
2012-05-25 23:00:00+00:00,4,4,4,1.0,2554.1795625984,2050.1396932608,2973.26889216,0.0,2554.1795625984,False,False,False,1.0,obs,02246500,m3/s,"positive = downstream (seaward), negative = upstream (flood-tide reversal); negative values kept as-is"
2012-05-26 00:00:00+00:00,4,4,4,1.0,3213.962088192,3086.536278528,3369.704744448,0.0,3213.962088192,False,False,False,1.0,obs,02246500,m3/s,"positive = downstream (seaward), negative = upstream (flood-tide reversal); negative values kept as-is"
2012-05-26 01:00:00+00:00,4,4,4,1.0,3348.467109504,3228.120511488,3426.338437632,0.0,3348.467109504,False,False,False,1.0,obs,02246500,m3/s,"positive = downstream (seaward), negative = upstream (flood-tide reversal); negative values kept as-is"
2012-05-26 02:00:00+00:00,4,4,4,1.0,2881.239140736,2350.298267136,3228.120511488,0.0,2881.239140736,False,False,False,1.0,obs,02246500,m3/s,"positive = downstream (seaward), negative = upstream (flood-tide reversal); negative values kept as-is"
2012-05-26 03:00:00+00:00,4,4,4,1.0,998.168842368,39.6435852288,1956.6940995072,0.0,998.168842368,False,False,False,1.0,obs,02246500,m3/s,"positive = downstream (seaward), negative = upstream (flood-tide reversal); negative values kept as-is"
2012-05-26 04:00:00+00:00,4,4,4,1.0,-1199.50162163712,-2064.2981165568,-253.15260853248,0.0,-1199.50162163712,False,False,False,1.0,obs,02246500,m3/s,"positive = downstream (seaward), negative = upstream (flood-tide reversal); negative values kept as-is"
2012-05-26 05:00:00+00:00,4,4,4,1.0,-3334.308686208,-3879.4079831040003,-2888.3183523840003,0.0,-3334.308686208,False,False,False,1.0,obs,02246500,m3/s,"positive = downstream (seaward), negative = upstream (flood-tide reversal); negative values kept as-is"
2012-05-26 06:00:00+00:00,4,4,4,1.0,-4268.764623744,-4615.645994496,-3936.041676288,0.0,-4268.764623744,False,False,False,1.0,obs,02246500,m3/s,"positive = downstream (seaward), negative = upstream (flood-tide reversal); negative values kept as-is"
2012-05-26 07:00:00+00:00,4,4,4,1.0,-4332.477528576,-4615.645994496,-4105.94275584,0.0,-4332.477528576,False,False,False,1.0,obs,02246500,m3/s,"positive = downstream (seaward), negative = upstream (flood-tide reversal); negative values kept as-is"
2012-05-26 08:00:00+00:00,4,4,4,1.0,-4063.467485952,-4247.5269888,-3596.2395171840003,0.0,-4063.467485952,False,False,False,1.0,obs,02246500,m3/s,"positive = downstream (seaward), negative = upstream (flood-tide reversal); negative values kept as-is"
2012-05-26 09:00:00+00:00,4,4,4,1.0,-2685.8528992512,-3199.803664896,-1936.8723068928,0.0,-2685.8528992512,False,False,False,1.0,obs,02246500,m3/s,"positive = downstream (seaward), negative = upstream (flood-tide reversal); negative values kept as-is"
2012-05-26 10:00:00+00:00,4,4,4,1.0,-418.59378474624003,-1446.9908608512,555.0101932032001,0.0,-418.59378474624003,False,False,False,1.0,obs,02246500,m3/s,"positive = downstream (seaward), negative = upstream (flood-tide reversal); negative values kept as-is"
2012-05-26 11:00:00+00:00,4,4,4,1.0,2016.1594773503998,1257.2679886848,2888.3183523840003,0.0,2016.1594773503998,False,False,False,1.0,obs,02246500,m3/s,"positive = downstream (seaward), negative = upstream (flood-tide reversal); negative values kept as-is"
2012-05-26 12:00:00+00:00,4,4,4,1.0,3398.0215910399997,3086.536278528,3567.922670592,0.0,3398.0215910399997,False,False,False,1.0,obs,02246500,m3/s,"positive = downstream (seaward), negative = upstream (flood-tide reversal); negative values kept as-is"
2012-05-26 13:00:00+00:00,4,4,4,1.0,3695.348480256,3652.873210368,3737.8237501440003,0.0,3695.348480256,False,False,False,1.0,obs,02246500,m3/s,"positive = downstream (seaward), negative = upstream (flood-tide reversal); negative values kept as-is"
2012-05-26 14:00:00+00:00,4,4,4,1.0,3659.952422016,3567.922670592,3794.457443328,0.0,3659.952422016,False,False,False,1.0,obs,02246500,m3/s,"positive = downstream (seaward), negative = upstream (flood-tide reversal); negative values kept as-is"
2012-05-26 15:00:00+00:00,4,4,4,1.0,3133.2590754048,2707.0905341952002,3426.338437632,0.0,3133.2590754048,False,False,False,1.0,obs,02246500,m3/s,"positive = downstream (seaward), negative = upstream (flood-tide reversal); negative values kept as-is"
2012-05-26 16:00:00+00:00,4,4,4,1.0,1825.7286840192,889.1489829888001,2613.6449404416003,0.0,1825.7286840192,False,False,False,1.0,obs,02246500,m3/s,"positive = downstream (seaward), negative = upstream (flood-tide reversal); negative values kept as-is"
2012-05-26 17:00:00+00:00,4,4,4,1.0,-816.5438804057471,-1662.1988949504,1.5885750938112,0.0,-816.5438804057471,False,False,False,1.0,obs,02246500,m3/s,"positive = downstream (seaward), negative = upstream (flood-tide reversal); negative values kept as-is"
2012-05-26 18:00:00+00:00,4,4,4,1.0,-2851.5064518144,-3652.873210368,-1665.0305796096,0.0,-2851.5064518144,False,False,False,1.0,obs,02246500,m3/s,"positive = downstream (seaward), negative = upstream (flood-tide reversal); negative values kept as-is"
2012-05-26 19:00:00+00:00,4,4,4,1.0,-3928.96246464,-4275.843835392,-3482.972130816,0.0,-3928.96246464,False,False,False,1.0,obs,02246500,m3/s,"positive = downstream (seaward), negative = upstream (flood-tide reversal); negative values kept as-is"
2012-05-26 20:00:00+00:00,4,4,4,1.0,-3794.457443328,-4190.893295616,-3398.02159104,0.0,-3794.457443328,False,False,False,1.0,obs,02246500,m3/s,"positive = downstream (seaward), negative = upstream (flood-tide reversal); negative values kept as-is"
2012-05-26 21:00:00+00:00,4,4,4,1.0,-2932.2094646016003,-3284.754204672,-2755.2291734016003,0.0,-2932.2094646016003,False,False,False,1.0,obs,02246500,m3/s,"positive = downstream (seaward), negative = upstream (flood-tide reversal); negative values kept as-is"
2012-05-26 22:00:00+00:00,4,4,4,1.0,-1405.9314332928,-2211.5457188352,-577.6636704768,0.0,-1405.9314332928,False,False,False,1.0,obs,02246500,m3/s,"positive = downstream (seaward), negative = upstream (flood-tide reversal); negative values kept as-is"
2012-05-26 23:00:00+00:00,4,4,4,1.0,495.61560747648,-288.8318352384,1214.7927187968,0.0,495.61560747648,False,False,False,1.0,obs,02246500,m3/s,"positive = downstream (seaward), negative = upstream (flood-tide reversal); negative values kept as-is"
2012-05-27 00:00:00+00:00,4,4,4,1.0,2306.4071549184,1650.8721563136,2775.050966016,0.0,2306.4071549184,False,False,False,1.0,obs,02246500,m3/s,"positive = downstream (seaward), negative = upstream (flood-tide reversal); negative values kept as-is"
2012-05-27 01:00:00+00:00,4,4,4,1.0,3100.694701824,3058.219431936,3171.4868183040003,0.0,3100.694701824,False,False,False,1.0,obs,02246500,m3/s,"positive = downstream (seaward), negative = upstream (flood-tide reversal); negative values kept as-is"
2012-05-27 02:00:00+00:00,4,4,4,1.0,3143.1699717120005,2916.635198976,3284.754204672,0.0,3143.1699717120005,False,False,False,1.0,obs,02246500,m3/s,"positive = downstream (seaward), negative = upstream (flood-tide reversal); negative values kept as-is"
2012-05-27 03:00:00+00:00,4,4,4,1.0,2086.9515938304,1396.0205369856,2800.5361279488,0.0,2086.9515938304,False,False,False,1.0,obs,02246500,m3/s,"positive = downstream (seaward), negative = upstream (flood-tide reversal); negative values kept as-is"
2012-05-27 04:00:00+00:00,4,4,4,1.0,-333.0769080384,-1257.2679886848,574.8319858176001,0.0,-333.0769080384,False,False,False,1.0,obs,02246500,m3/s,"positive = downstream (seaward), negative = upstream (flood-tide reversal); negative values kept as-is"
2012-05-27 05:00:00+00:00,4,4,4,1.0,-3001.585738752,-4077.625909248,-1993.5060000768,0.0,-3001.585738752,False,False,False,1.0,obs,02246500,m3/s,"positive = downstream (seaward), negative = upstream (flood-tide reversal); negative values kept as-is"
2012-05-27 06:00:00+00:00,4,4,4,1.0,-4488.220184832,-4842.180767232,-4049.309062656,0.0,-4488.220184832,False,False,False,1.0,obs,02246500,m3/s,"positive = downstream (seaward), negative = upstream (flood-tide reversal); negative values kept as-is"
2012-05-27 07:00:00+00:00,4,4,4,1.0,-4750.151015808,-4785.5470740480005,-4700.596534272,0.0,-4750.151015808,False,False,False,1.0,obs,02246500,m3/s,"positive = downstream (seaward), negative = upstream (flood-tide reversal); negative values kept as-is"
2012-05-27 08:00:00+00:00,4,4,4,1.0,-4750.151015808,-4983.765000192,-4672.27968768,0.0,-4750.151015808,False,False,False,1.0,obs,02246500,m3/s,"positive = downstream (seaward), negative = upstream (flood-tide reversal); negative values kept as-is"
2012-05-27 09:00:00+00:00,4,4,4,1.0,-4311.239893632,-4785.5470740480005,-4049.309062656,0.0,-4311.239893632,False,False,False,1.0,obs,02246500,m3/s,"positive = downstream (seaward), negative = upstream (flood-tide reversal); negative values kept as-is"
2012-05-27 10:00:00+00:00,4,4,4,1.0,-3332.8928438784,-3822.7742899200002,-2797.7044432896,0.0,-3332.8928438784,False,False,False,1.0,obs,02246500,m3/s,"positive = downstream (seaward), negative = upstream (flood-tide reversal); negative values kept as-is"
2012-05-27 11:00:00+00:00,4,4,4,1.0,-1640.9612600064,-2429.5854375936,-764.554857984,0.0,-1640.9612600064,False,False,False,1.0,obs,02246500,m3/s,"positive = downstream (seaward), negative = upstream (flood-tide reversal); negative values kept as-is"
2012-05-27 12:00:00+00:00,4,4,4,1.0,597.20229462528,-278.63777046528,1407.3472756224,0.0,597.20229462528,False,False,False,1.0,obs,02246500,m3/s,"positive = downstream (seaward), negative = upstream (flood-tide reversal); negative values kept as-is"
2012-05-27 13:00:00+00:00,4,4,4,1.0,2346.758661312,1934.0406222336,2746.7341194240003,0.0,2346.758661312,False,False,False,1.0,obs,02246500,m3/s,"positive = downstream (seaward), negative = upstream (flood-tide reversal); negative values kept as-is"
2012-05-27 14:00:00+00:00,4,4,4,1.0,2566.9221435648,2503.2092387328003,2630.6350483968,0.0,2566.9221435648,False,False,False,1.0,obs,02246500,m3/s,"positive = downstream (seaward), negative = upstream (flood-tide reversal); negative values kept as-is"
2012-05-27 15:00:00+00:00,4,4,4,1.0,2268.1794120192,2024.654531328,2392.7735370240002,0.0,2268.1794120192,False,False,False,1.0,obs,02246500,m3/s,"positive = downstream (seaward), negative = upstream (flood-tide reversal); negative values kept as-is"
2012-05-27 16:00:00+00:00,4,4,4,1.0,922.9876146662399,231.63180512256,1497.9611847168,0.0,922.9876146662399,False,False,False,1.0,obs,02246500,m3/s,"positive = downstream (seaward), negative = upstream (flood-tide reversal); negative values kept as-is"
2012-05-27 17:00:00+00:00,4,4,4,1.0,-1545.3919027584,-2653.2885256704,-407.7625909248,0.0,-1545.3919027584,False,False,False,1.0,obs,02246500,m3/s,"positive = downstream (seaward), negative = upstream (flood-tide reversal); negative values kept as-is"
2012-05-27 18:00:00+00:00,4,4,4,1.0,-3582.0810938880004,-3907.724829696,-3001.585738752,0.0,-3582.0810938880004,False,False,False,1.0,obs,02246500,m3/s,"positive = downstream (seaward), negative = upstream (flood-tide reversal); negative values kept as-is"
2012-05-27 19:00:00+00:00,4,4,4,1.0,-4205.051718912,-4360.794375168,-4134.259602432,0.0,-4205.051718912,False,False,False,1.0,obs,02246500,m3/s,"positive = downstream (seaward), negative = upstream (flood-tide reversal); negative values kept as-is"
2012-05-27 20:00:00+00:00,4,4,4,1.0,-4658.121264384,-4955.4481536,-4332.477528576,0.0,-4658.121264384,False,False,False,1.0,obs,02246500,m3/s,"positive = downstream (seaward), negative = upstream (flood-tide reversal); negative values kept as-is"
2012-05-27 21:00:00+00:00,4,4,4,1.0,-4530.69545472,-4870.497613824,-4134.259602432,0.0,-4530.69545472,False,False,False,1.0,obs,02246500,m3/s,"positive = downstream (seaward), negative = upstream (flood-tide reversal); negative values kept as-is"
2012-05-27 22:00:00+00:00,4,4,4,1.0,-4233.368565504001,-4445.744914944,-3964.3585228800002,0.0,-4233.368565504001,False,False,False,1.0,obs,02246500,m3/s,"positive = downstream (seaward), negative = upstream (flood-tide reversal); negative values kept as-is"
2012-05-27 23:00:00+00:00,4,4,4,1.0,-3482.972130816,-4049.309062656,-3199.803664896,0.0,-3482.972130816,False,False,False,1.0,obs,02246500,m3/s,"positive = downstream (seaward), negative = upstream (flood-tide reversal); negative values kept as-is"
2012-05-28 00:00:00+00:00,4,4,4,1.0,-2322.6893417088,-2916.635198976,-1667.8622642688001,0.0,-2322.6893417088,False,False,False,1.0,obs,02246500,m3/s,"positive = downstream (seaward), negative = upstream (flood-tide reversal); negative values kept as-is"
2012-05-28 01:00:00+00:00,4,4,4,1.0,-899.7678004608,-1356.3769517568,-509.703238656,0.0,-899.7678004608,False,False,False,1.0,obs,02246500,m3/s,"positive = downstream (seaward), negative = upstream (flood-tide reversal); negative values kept as-is"
2012-05-28 02:00:00+00:00,4,4,4,1.0,-300.58332657408005,-430.4160681984,-138.18621136896002,0.0,-300.58332657408005,False,False,False,1.0,obs,02246500,m3/s,"positive = downstream (seaward), negative = upstream (flood-tide reversal); negative values kept as-is"
2012-05-28 03:00:00+00:00,4,4,4,1.0,-934.455937536,-1441.3274915328,-404.9309062656,0.0,-934.455937536,False,False,False,1.0,obs,02246500,m3/s,"positive = downstream (seaward), negative = upstream (flood-tide reversal); negative values kept as-is"
2012-05-28 04:00:00+00:00,4,4,4,1.0,-2714.877667008,-3313.0710512640003,-1883.070298368,0.0,-2714.877667008,False,False,False,1.0,obs,02246500,m3/s,"positive = downstream (seaward), negative = upstream (flood-tide reversal); negative values kept as-is"
2012-05-28 05:00:00+00:00,4,4,4,1.0,-2908.8480661631997,-3256.43735808,-2593.8231478272,0.0,-2908.8480661631997,False,False,False,1.0,obs,02246500,m3/s,"positive = downstream (seaward), negative = upstream (flood-tide reversal); negative values kept as-is"
2012-05-28 06:00:00+00:00,4,4,4,1.0,-2600.1944383104005,-2783.5460199936,-2392.7735370240002,0.0,-2600.1944383104005,False,False,False,1.0,obs,02246500,m3/s,"positive = downstream (seaward), negative = upstream (flood-tide reversal); negative values kept as-is"
2012-05-28 07:00:00+00:00,4,4,4,1.0,-2727.6202479744,-2888.3183523840003,-2588.1597785088,0.0,-2727.6202479744,False,False,False,1.0,obs,02246500,m3/s,"positive = downstream (seaward), negative = upstream (flood-tide reversal); negative values kept as-is"
2012-05-28 08:00:00+00:00,4,4,4,1.0,-2717.0014305023997,-2777.8826506752002,-2627.8033637376,0.0,-2717.0014305023997,False,False,False,1.0,obs,02246500,m3/s,"positive = downstream (seaward), negative = upstream (flood-tide reversal); negative values kept as-is"
2012-05-28 09:00:00+00:00,4,4,4,1.0,-2088.36743616,-2562.674616576,-1497.9611847168,0.0,-2088.36743616,False,False,False,1.0,obs,02246500,m3/s,"positive = downstream (seaward), negative = upstream (flood-tide reversal); negative values kept as-is"
2012-05-28 10:00:00+00:00,4,4,4,1.0,-914.49256068864,-1597.0701477888,139.31888523264,0.0,-914.49256068864,False,False,False,1.0,obs,02246500,m3/s,"positive = downstream (seaward), negative = upstream (flood-tide reversal); negative values kept as-is"
2012-05-28 11:00:00+00:00,4,4,4,1.0,1289.1244411008001,235.02982671360002,2293.664573952,0.0,1289.1244411008001,False,False,False,1.0,obs,02246500,m3/s,"positive = downstream (seaward), negative = upstream (flood-tide reversal); negative values kept as-is"
2012-05-28 12:00:00+00:00,4,4,4,1.0,3007.9570292352,2630.6350483968,3199.803664896,0.0,3007.9570292352,False,False,False,1.0,obs,02246500,m3/s,"positive = downstream (seaward), negative = upstream (flood-tide reversal); negative values kept as-is"
2012-05-28 13:00:00+00:00,4,4,4,1.0,3390.942379392,3228.120511488,3539.605824,0.0,3390.942379392,False,False,False,1.0,obs,02246500,m3/s,"positive = downstream (seaward), negative = upstream (flood-tide reversal); negative values kept as-is"
2012-05-28 14:00:00+00:00,4,4,4,1.0,3546.6850356480004,3426.338437632,3624.556363776,0.0,3546.6850356480004,False,False,False,1.0,obs,02246500,m3/s,"positive = downstream (seaward), negative = upstream (flood-tide reversal); negative values kept as-is"
2012-05-28 15:00:00+00:00,4,4,4,1.0,3723.6653268480004,3596.2395171840003,3822.7742899200002,0.0,3723.6653268480004,False,False,False,1.0,obs,02246500,m3/s,"positive = downstream (seaward), negative = upstream (flood-tide reversal); negative values kept as-is"
2012-05-28 16:00:00+00:00,4,4,4,1.0,3914.804041344,3822.7742899200002,4020.9922160640003,0.0,3914.804041344,False,False,False,1.0,obs,02246500,m3/s,"positive = downstream (seaward), negative = upstream (flood-tide reversal); negative values kept as-is"
2012-05-28 17:00:00+00:00,4,4,4,1.0,4020.992216064,3879.4079831040003,4190.893295616,0.0,4020.992216064,False,False,False,1.0,obs,02246500,m3/s,"positive = downstream (seaward), negative = upstream (flood-tide reversal); negative values kept as-is"
2012-05-28 18:00:00+00:00,4,4,4,1.0,3295.373022144,2647.625156352,3652.873210368,0.0,3295.373022144,False,False,False,1.0,obs,02246500,m3/s,"positive = downstream (seaward), negative = upstream (flood-tide reversal); negative values kept as-is"
2012-05-28 19:00:00+00:00,4,4,4,1.0,1289.1244411008001,572.0003011584,2154.9120256512,0.0,1289.1244411008001,False,False,False,1.0,obs,02246500,m3/s,"positive = downstream (seaward), negative = upstream (flood-tide reversal); negative values kept as-is"
2012-05-28 20:00:00+00:00,4,4,4,1.0,-328.69558394945284,-880.6539290112,68.24360028672,0.0,-328.69558394945284,False,False,False,1.0,obs,02246500,m3/s,"positive = downstream (seaward), negative = upstream (flood-tide reversal); negative values kept as-is"
2012-05-28 21:00:00+00:00,4,4,4,1.0,-1794.580152768,-2135.0902330368,-1333.7234744832,0.0,-1794.580152768,False,False,False,1.0,obs,02246500,m3/s,"positive = downstream (seaward), negative = upstream (flood-tide reversal); negative values kept as-is"
2012-05-28 22:00:00+00:00,4,4,4,1.0,-1964.4812323200001,-2239.8625654272,-1727.3276421120001,0.0,-1964.4812323200001,False,False,False,1.0,obs,02246500,m3/s,"positive = downstream (seaward), negative = upstream (flood-tide reversal); negative values kept as-is"
2012-05-28 23:00:00+00:00,4,4,4,1.0,-430.27448396543997,-1245.941250048,356.7922670592,0.0,-430.27448396543997,False,False,False,1.0,obs,02246500,m3/s,"positive = downstream (seaward), negative = upstream (flood-tide reversal); negative values kept as-is"
2012-05-29 00:00:00+00:00,4,4,4,1.0,1666.4464219392,1118.515440384,2231.3675114496,0.0,1666.4464219392,False,False,False,1.0,obs,02246500,m3/s,"positive = downstream (seaward), negative = upstream (flood-tide reversal); negative values kept as-is"
2012-05-29 01:00:00+00:00,4,4,4,1.0,3184.9373204352,2772.2192813568,3454.6552842240003,0.0,3184.9373204352,False,False,False,1.0,obs,02246500,m3/s,"positive = downstream (seaward), negative = upstream (flood-tide reversal); negative values kept as-is"
2012-05-29 02:00:00+00:00,4,4,4,1.0,3638.7147870720005,3454.6552842240003,3766.140596736,0.0,3638.7147870720005,False,False,False,1.0,obs,02246500,m3/s,"positive = downstream (seaward), negative = upstream (flood-tide reversal); negative values kept as-is"
2012-05-29 03:00:00+00:00,4,4,4,1.0,3928.96246464,3794.457443328,4134.259602432,0.0,3928.96246464,False,False,False,1.0,obs,02246500,m3/s,"positive = downstream (seaward), negative = upstream (flood-tide reversal); negative values kept as-is"
2012-05-29 04:00:00+00:00,4,4,4,1.0,4091.784332544,3964.3585228800002,4190.893295616,0.0,4091.784332544,False,False,False,1.0,obs,02246500,m3/s,"positive = downstream (seaward), negative = upstream (flood-tide reversal); negative values kept as-is"
2012-05-29 05:00:00+00:00,4,4,4,1.0,3943.120887936,3794.457443328,4134.259602432,0.0,3943.120887936,False,False,False,1.0,obs,02246500,m3/s,"positive = downstream (seaward), negative = upstream (flood-tide reversal); negative values kept as-is"
2012-05-29 06:00:00+00:00,4,4,4,1.0,2920.1748048,2336.13984384,3426.338437632,0.0,2920.1748048,False,False,False,1.0,obs,02246500,m3/s,"positive = downstream (seaward), negative = upstream (flood-tide reversal); negative values kept as-is"
2012-05-29 07:00:00+00:00,4,4,4,1.0,844.62074172288,-115.81590256128,1891.5653523456,0.0,844.62074172288,False,False,False,1.0,obs,02246500,m3/s,"positive = downstream (seaward), negative = upstream (flood-tide reversal); negative values kept as-is"
2012-05-29 08:00:00+00:00,4,4,4,1.0,-1602.7335171072,-2324.8131052032,-744.7330653696,0.0,-1602.7335171072,False,False,False,1.0,obs,02246500,m3/s,"positive = downstream (seaward), negative = upstream (flood-tide reversal); negative values kept as-is"
2012-05-29 09:00:00+00:00,4,4,4,1.0,-2995.2144482688004,-3284.754204672,-2523.0310313472,0.0,-2995.2144482688004,False,False,False,1.0,obs,02246500,m3/s,"positive = downstream (seaward), negative = upstream (flood-tide reversal); negative values kept as-is"
2012-05-29 10:00:00+00:00,4,4,4,1.0,-3447.576072576,-3681.19005696,-3284.754204672,0.0,-3447.576072576,False,False,False,1.0,obs,02246500,m3/s,"positive = downstream (seaward), negative = upstream (flood-tide reversal); negative values kept as-is"
2012-05-29 11:00:00+00:00,4,4,4,1.0,-2192.4318473856,-3086.536278528,-1260.099673344,0.0,-2192.4318473856,False,False,False,1.0,obs,02246500,m3/s,"positive = downstream (seaward), negative = upstream (flood-tide reversal); negative values kept as-is"
2012-05-29 12:00:00+00:00,4,4,4,1.0,472.8205459699201,-673.9409488896,1880.2386137088001,0.0,472.8205459699201,False,False,False,1.0,obs,02246500,m3/s,"positive = downstream (seaward), negative = upstream (flood-tide reversal); negative values kept as-is"
2012-05-29 13:00:00+00:00,4,4,4,1.0,2921.5906471296003,2398.4369063424,3284.754204672,0.0,2921.5906471296003,False,False,False,1.0,obs,02246500,m3/s,"positive = downstream (seaward), negative = upstream (flood-tide reversal); negative values kept as-is"
2012-05-29 14:00:00+00:00,4,4,4,1.0,4155.497237376,3596.2395171840003,4672.27968768,0.0,4155.497237376,False,False,False,1.0,obs,02246500,m3/s,"positive = downstream (seaward), negative = upstream (flood-tide reversal); negative values kept as-is"
2012-05-29 15:00:00+00:00,4,4,4,1.0,4544.853878016,4360.794375168,4757.230227456,0.0,4544.853878016,False,False,False,1.0,obs,02246500,m3/s,"positive = downstream (seaward), negative = upstream (flood-tide reversal); negative values kept as-is"
2012-05-29 16:00:00+00:00,4,4,4,1.0,4466.982549888,4417.428068352,4530.69545472,0.0,4466.982549888,False,False,False,1.0,obs,02246500,m3/s,"positive = downstream (seaward), negative = upstream (flood-tide reversal); negative values kept as-is"
2012-05-29 17:00:00+00:00,4,4,4,1.0,4757.230227456,4587.329147904,4927.1313070080005,0.0,4757.230227456,False,False,False,1.0,obs,02246500,m3/s,"positive = downstream (seaward), negative = upstream (flood-tide reversal); negative values kept as-is"
2012-05-29 18:00:00+00:00,4,4,4,1.0,4275.843835392001,3737.8237501440003,4785.5470740480005,0.0,4275.843835392001,False,False,False,1.0,obs,02246500,m3/s,"positive = downstream (seaward), negative = upstream (flood-tide reversal); negative values kept as-is"
2012-05-29 19:00:00+00:00,4,4,4,1.0,2664.6152643072,1800.9514432512,3284.754204672,0.0,2664.6152643072,False,False,False,1.0,obs,02246500,m3/s,"positive = downstream (seaward), negative = upstream (flood-tide reversal); negative values kept as-is"
2012-05-29 20:00:00+00:00,4,4,4,1.0,304.406100864,-154.60998239232,1124.1788097024,0.0,304.406100864,False,False,False,1.0,obs,02246500,m3/s,"positive = downstream (seaward), negative = upstream (flood-tide reversal); negative values kept as-is"
2012-05-29 21:00:00+00:00,4,4,4,1.0,-1672.1097912576001,-2245.5259347456,-1093.0302784512,0.0,-1672.1097912576001,False,False,False,1.0,obs,02246500,m3/s,"positive = downstream (seaward), negative = upstream (flood-tide reversal); negative values kept as-is"
2012-05-29 22:00:00+00:00,4,4,4,1.0,-2986.7193942912,-3199.803664896,-2574.0013552128003,0.0,-2986.7193942912,False,False,False,1.0,obs,02246500,m3/s,"positive = downstream (seaward), negative = upstream (flood-tide reversal); negative values kept as-is"
2012-05-29 23:00:00+00:00,4,4,4,1.0,-2905.3084603392,-3114.85312512,-2588.1597785088,0.0,-2905.3084603392,False,False,False,1.0,obs,02246500,m3/s,"positive = downstream (seaward), negative = upstream (flood-tide reversal); negative values kept as-is"
2012-05-30 00:00:00+00:00,4,4,4,1.0,-1968.020838144,-2579.6647245312,-1260.099673344,0.0,-1968.020838144,False,False,False,1.0,obs,02246500,m3/s,"positive = downstream (seaward), negative = upstream (flood-tide reversal); negative values kept as-is"
2012-05-30 01:00:00+00:00,4,4,4,1.0,361.81850732928,-588.9904091136,1905.7237756416,0.0,361.81850732928,False,False,False,1.0,obs,02246500,m3/s,"positive = downstream (seaward), negative = upstream (flood-tide reversal); negative values kept as-is"
2012-05-30 02:00:00+00:00,4,4,4,1.0,2867.7886386048,2341.8032131584,3369.704744448,0.0,2867.7886386048,False,False,False,1.0,obs,02246500,m3/s,"positive = downstream (seaward), negative = upstream (flood-tide reversal); negative values kept as-is"
2012-05-30 03:00:00+00:00,4,4,4,1.0,3617.477152128,3426.338437632,3936.041676288,0.0,3617.477152128,False,False,False,1.0,obs,02246500,m3/s,"positive = downstream (seaward), negative = upstream (flood-tide reversal); negative values kept as-is"
2012-05-30 04:00:00+00:00,4,4,4,1.0,4035.1506393600002,3964.3585228800002,4077.625909248,0.0,4035.1506393600002,False,False,False,1.0,obs,02246500,m3/s,"positive = downstream (seaward), negative = upstream (flood-tide reversal); negative values kept as-is"
2012-05-30 05:00:00+00:00,4,4,4,1.0,4155.497237375999,4105.94275584,4190.893295616,0.0,4155.497237375999,False,False,False,1.0,obs,02246500,m3/s,"positive = downstream (seaward), negative = upstream (flood-tide reversal); negative values kept as-is"
2012-05-30 06:00:00+00:00,4,4,4,1.0,3766.1405967360006,3426.338437632,4219.210142208,0.0,3766.1405967360006,False,False,False,1.0,obs,02246500,m3/s,"positive = downstream (seaward), negative = upstream (flood-tide reversal); negative values kept as-is"
2012-05-30 07:00:00+00:00,4,4,4,1.0,2689.3925050752,1942.5356762112,3369.704744448,0.0,2689.3925050752,False,False,False,1.0,obs,02246500,m3/s,"positive = downstream (seaward), negative = upstream (flood-tide reversal); negative values kept as-is"
2012-05-30 08:00:00+00:00,4,4,4,1.0,110.4357017088,-705.0894801408,1070.3768011776,0.0,110.4357017088,False,False,False,1.0,obs,02246500,m3/s,"positive = downstream (seaward), negative = upstream (flood-tide reversal); negative values kept as-is"
2012-05-30 09:00:00+00:00,4,4,4,1.0,-2123.7634944,-2860.001505792,-1413.0106449408001,0.0,-2123.7634944,False,False,False,1.0,obs,02246500,m3/s,"positive = downstream (seaward), negative = upstream (flood-tide reversal); negative values kept as-is"
2012-05-30 10:00:00+00:00,4,4,4,1.0,-3383.863167744,-3454.6552842240003,-3228.120511488,0.0,-3383.863167744,False,False,False,1.0,obs,02246500,m3/s,"positive = downstream (seaward), negative = upstream (flood-tide reversal); negative values kept as-is"
2012-05-30 11:00:00+00:00,4,4,4,1.0,-3058.219431936,-3228.120511488,-2860.001505792,0.0,-3058.219431936,False,False,False,1.0,obs,02246500,m3/s,"positive = downstream (seaward), negative = upstream (flood-tide reversal); negative values kept as-is"
2012-05-30 12:00:00+00:00,4,4,4,1.0,-1849.0900824576001,-2460.7339688448,-1144.0006023168,0.0,-1849.0900824576001,False,False,False,1.0,obs,02246500,m3/s,"positive = downstream (seaward), negative = upstream (flood-tide reversal); negative values kept as-is"
2012-05-30 13:00:00+00:00,4,4,4,1.0,596.84833404288,-328.4754204672,1755.644488704,0.0,596.84833404288,False,False,False,1.0,obs,02246500,m3/s,"positive = downstream (seaward), negative = upstream (flood-tide reversal); negative values kept as-is"
2012-05-30 14:00:00+00:00,4,4,4,1.0,2568.3379858944,2123.7634944,3171.4868183040003,0.0,2568.3379858944,False,False,False,1.0,obs,02246500,m3/s,"positive = downstream (seaward), negative = upstream (flood-tide reversal); negative values kept as-is"
2012-05-30 15:00:00+00:00,4,4,4,1.0,3730.744538496,3482.972130816,3907.724829696,0.0,3730.744538496,False,False,False,1.0,obs,02246500,m3/s,"positive = downstream (seaward), negative = upstream (flood-tide reversal); negative values kept as-is"
2012-05-30 16:00:00+00:00,4,4,4,1.0,4169.6556606720005,4077.625909248,4275.843835392,0.0,4169.6556606720005,False,False,False,1.0,obs,02246500,m3/s,"positive = downstream (seaward), negative = upstream (flood-tide reversal); negative values kept as-is"
2012-05-30 17:00:00+00:00,4,4,4,1.0,4275.843835392,4247.5269888,4360.794375168,0.0,4275.843835392,False,False,False,1.0,obs,02246500,m3/s,"positive = downstream (seaward), negative = upstream (flood-tide reversal); negative values kept as-is"
2012-05-30 18:00:00+00:00,4,4,4,1.0,3709.506903552,3313.0710512640003,4134.259602432,0.0,3709.506903552,False,False,False,1.0,obs,02246500,m3/s,"positive = downstream (seaward), negative = upstream (flood-tide reversal); negative values kept as-is"
2012-05-30 19:00:00+00:00,4,4,4,1.0,2369.4121385856,1497.9611847168,3058.219431936,0.0,2369.4121385856,False,False,False,1.0,obs,02246500,m3/s,"positive = downstream (seaward), negative = upstream (flood-tide reversal); negative values kept as-is"
2012-05-30 20:00:00+00:00,4,4,4,1.0,31.29011548415997,-903.3074062848,962.772784128,0.0,31.29011548415997,False,False,False,1.0,obs,02246500,m3/s,"positive = downstream (seaward), negative = upstream (flood-tide reversal); negative values kept as-is"
2012-05-30 21:00:00+00:00,4,4,4,1.0,-2633.466733056,-3596.2395171840003,-1506.4562386944,0.0,-2633.466733056,False,False,False,1.0,obs,02246500,m3/s,"positive = downstream (seaward), negative = upstream (flood-tide reversal); negative values kept as-is"
2012-05-30 22:00:00+00:00,4,4,4,1.0,-4127.180390784,-4615.645994496,-3709.506903552,0.0,-4127.180390784,False,False,False,1.0,obs,02246500,m3/s,"positive = downstream (seaward), negative = upstream (flood-tide reversal); negative values kept as-is"
2012-05-30 23:00:00+00:00,4,4,4,1.0,-4658.121264384001,-4813.86392064,-4559.012301312,0.0,-4658.121264384001,False,False,False,1.0,obs,02246500,m3/s,"positive = downstream (seaward), negative = upstream (flood-tide reversal); negative values kept as-is"
2012-05-31 00:00:00+00:00,4,4,4,1.0,-4382.0320101120005,-4728.913380864,-4077.625909248,0.0,-4382.0320101120005,False,False,False,1.0,obs,02246500,m3/s,"positive = downstream (seaward), negative = upstream (flood-tide reversal); negative values kept as-is"
2012-05-31 01:00:00+00:00,4,4,4,1.0,-3066.0065647488,-3992.675369472,-1815.1098665472,0.0,-3066.0065647488,False,False,False,1.0,obs,02246500,m3/s,"positive = downstream (seaward), negative = upstream (flood-tide reversal); negative values kept as-is"
2012-05-31 02:00:00+00:00,4,4,4,1.0,-518.0567084006401,-1642.377102336,430.4160681984,0.0,-518.0567084006401,False,False,False,1.0,obs,02246500,m3/s,"positive = downstream (seaward), negative = upstream (flood-tide reversal); negative values kept as-is"
2012-05-31 03:00:00+00:00,4,4,4,1.0,2060.7585107328,1132.67386368,2888.3183523840003,0.0,2060.7585107328,False,False,False,1.0,obs,02246500,m3/s,"positive = downstream (seaward), negative = upstream (flood-tide reversal); negative values kept as-is"
2012-05-31 04:00:00+00:00,4,4,4,1.0,3355.546321152,3143.169971712,3624.556363776,0.0,3355.546321152,False,False,False,1.0,obs,02246500,m3/s,"positive = downstream (seaward), negative = upstream (flood-tide reversal); negative values kept as-is"
2012-05-31 05:00:00+00:00,4,4,4,1.0,3943.120887936,3851.091136512,4077.625909248,0.0,3943.120887936,False,False,False,1.0,obs,02246500,m3/s,"positive = downstream (seaward), negative = upstream (flood-tide reversal); negative values kept as-is"
2012-05-31 06:00:00+00:00,4,4,4,1.0,3971.437734528,3766.140596736,4162.576449024,0.0,3971.437734528,False,False,False,1.0,obs,02246500,m3/s,"positive = downstream (seaward), negative = upstream (flood-tide reversal); negative values kept as-is"
2012-05-31 07:00:00+00:00,4,4,4,1.0,3603.318728832,3199.803664896,3879.4079831040003,0.0,3603.318728832,False,False,False,1.0,obs,02246500,m3/s,"positive = downstream (seaward), negative = upstream (flood-tide reversal); negative values kept as-is"
2012-05-31 08:00:00+00:00,4,4,4,1.0,2016.8673985151997,1002.4163693568,2860.001505792,0.0,2016.8673985151997,False,False,False,1.0,obs,02246500,m3/s,"positive = downstream (seaward), negative = upstream (flood-tide reversal); negative values kept as-is"
2012-05-31 09:00:00+00:00,4,4,4,1.0,-603.5735851084801,-1497.9611847168,255.98429319168,0.0,-603.5735851084801,False,False,False,1.0,obs,02246500,m3/s,"positive = downstream (seaward), negative = upstream (flood-tide reversal); negative values kept as-is"
2012-05-31 10:00:00+00:00,4,4,4,1.0,-2729.036090304,-3511.288977408,-2052.97137792,0.0,-2729.036090304,False,False,False,1.0,obs,02246500,m3/s,"positive = downstream (seaward), negative = upstream (flood-tide reversal); negative values kept as-is"
2012-05-31 11:00:00+00:00,4,4,4,1.0,-3801.536654976,-4134.259602432,-3652.873210368,0.0,-3801.536654976,False,False,False,1.0,obs,02246500,m3/s,"positive = downstream (seaward), negative = upstream (flood-tide reversal); negative values kept as-is"
2012-05-31 12:00:00+00:00,4,4,4,1.0,-3893.5664064,-4077.625909248,-3652.873210368,0.0,-3893.5664064,False,False,False,1.0,obs,02246500,m3/s,"positive = downstream (seaward), negative = upstream (flood-tide reversal); negative values kept as-is"
2012-05-31 13:00:00+00:00,4,4,4,1.0,-2812.5707877504,-3256.43735808,-2217.2090881536,0.0,-2812.5707877504,False,False,False,1.0,obs,02246500,m3/s,"positive = downstream (seaward), negative = upstream (flood-tide reversal); negative values kept as-is"
2012-05-31 14:00:00+00:00,4,4,4,1.0,-399.05516059776005,-1359.208636416,518.1982926336,0.0,-399.05516059776005,False,False,False,1.0,obs,02246500,m3/s,"positive = downstream (seaward), negative = upstream (flood-tide reversal); negative values kept as-is"
2012-05-31 15:00:00+00:00,4,4,4,1.0,2341.0952919936003,1554.5948779008002,2973.26889216,0.0,2341.0952919936003,False,False,False,1.0,obs,02246500,m3/s,"positive = downstream (seaward), negative = upstream (flood-tide reversal); negative values kept as-is"
2012-05-31 16:00:00+00:00,4,4,4,1.0,3518.368189056,3256.43735808,3766.140596736,0.0,3518.368189056,False,False,False,1.0,obs,02246500,m3/s,"positive = downstream (seaward), negative = upstream (flood-tide reversal); negative values kept as-is"
2012-05-31 17:00:00+00:00,4,4,4,1.0,3985.5961578240003,3794.457443328,4162.576449024,0.0,3985.5961578240003,False,False,False,1.0,obs,02246500,m3/s,"positive = downstream (seaward), negative = upstream (flood-tide reversal); negative values kept as-is"
2012-05-31 18:00:00+00:00,4,4,4,1.0,4091.7843325440003,3936.041676288,4190.893295616,0.0,4091.7843325440003,False,False,False,1.0,obs,02246500,m3/s,"positive = downstream (seaward), negative = upstream (flood-tide reversal); negative values kept as-is"
2012-05-31 19:00:00+00:00,4,4,4,1.0,3815.695078272,3596.2395171840003,4247.5269888,0.0,3815.695078272,False,False,False,1.0,obs,02246500,m3/s,"positive = downstream (seaward), negative = upstream (flood-tide reversal); negative values kept as-is"
2012-05-31 20:00:00+00:00,4,4,4,1.0,2278.0903083264,1265.7630426624,3114.85312512,0.0,2278.0903083264,False,False,False,1.0,obs,02246500,m3/s,"positive = downstream (seaward), negative = upstream (flood-tide reversal); negative values kept as-is"
2012-05-31 21:00:00+00:00,4,4,4,1.0,-524.5695831168,-1316.733366528,801.3667585536,0.0,-524.5695831168,False,False,False,1.0,obs,02246500,m3/s,"positive = downstream (seaward), negative = upstream (flood-tide reversal); negative values kept as-is"
2012-05-31 22:00:00+00:00,4,4,4,1.0,-3046.1847721344,-4247.5269888,-1497.9611847168,0.0,-3046.1847721344,False,False,False,1.0,obs,02246500,m3/s,"positive = downstream (seaward), negative = upstream (flood-tide reversal); negative values kept as-is"
2012-05-31 23:00:00+00:00,4,4,4,1.0,-4466.982549888,-4757.230227456,-4134.259602432,0.0,-4466.982549888,False,False,False,1.0,obs,02246500,m3/s,"positive = downstream (seaward), negative = upstream (flood-tide reversal); negative values kept as-is"
2012-06-01 00:00:00+00:00,4,4,4,1.0,-4863.418402176,-5097.03238656,-4728.913380864,0.0,-4863.418402176,False,False,False,1.0,obs,02246500,m3/s,"positive = downstream (seaward), negative = upstream (flood-tide reversal); negative values kept as-is"
2012-06-01 01:00:00+00:00,4,4,4,1.0,-4955.4481536,-5238.61661952,-4304.160681984,0.0,-4955.4481536,False,False,False,1.0,obs,02246500,m3/s,"positive = downstream (seaward), negative = upstream (flood-tide reversal); negative values kept as-is"
2012-06-01 02:00:00+00:00,4,4,4,1.0,-3378.9077195904,-3964.3585228800002,-2330.4764745216003,0.0,-3378.9077195904,False,False,False,1.0,obs,02246500,m3/s,"positive = downstream (seaward), negative = upstream (flood-tide reversal); negative values kept as-is"
2012-06-01 03:00:00+00:00,4,4,4,1.0,-692.3468991744,-1520.6146619904,342.6338437632,0.0,-692.3468991744,False,False,False,1.0,obs,02246500,m3/s,"positive = downstream (seaward), negative = upstream (flood-tide reversal); negative values kept as-is"
2012-06-01 04:00:00+00:00,4,4,4,1.0,2389.9418523648,1313.9016818688,3341.387897856,0.0,2389.9418523648,False,False,False,1.0,obs,02246500,m3/s,"positive = downstream (seaward), negative = upstream (flood-tide reversal); negative values kept as-is"
2012-06-01 05:00:00+00:00,4,4,4,1.0,3610.39794048,3482.972130816,3709.506903552,0.0,3610.39794048,False,False,False,1.0,obs,02246500,m3/s,"positive = downstream (seaward), negative = upstream (flood-tide reversal); negative values kept as-is"
2012-06-01 06:00:00+00:00,4,4,4,1.0,4141.33881408,3992.675369472,4304.160681984,0.0,4141.33881408,False,False,False,1.0,obs,02246500,m3/s,"positive = downstream (seaward), negative = upstream (flood-tide reversal); negative values kept as-is"
2012-06-01 07:00:00+00:00,4,4,4,1.0,4105.94275584,3822.7742899200002,4275.843835392,0.0,4105.94275584,False,False,False,1.0,obs,02246500,m3/s,"positive = downstream (seaward), negative = upstream (flood-tide reversal); negative values kept as-is"
2012-06-01 08:00:00+00:00,4,4,4,1.0,3702.427691904,3369.704744448,3851.091136512,0.0,3702.427691904,False,False,False,1.0,obs,02246500,m3/s,"positive = downstream (seaward), negative = upstream (flood-tide reversal); negative values kept as-is"
2012-06-01 09:00:00+00:00,4,4,4,1.0,2413.3032508031997,1888.7336676864,2916.635198976,0.0,2413.3032508031997,False,False,False,1.0,obs,02246500,m3/s,"positive = downstream (seaward), negative = upstream (flood-tide reversal); negative values kept as-is"
2012-06-01 10:00:00+00:00,4,4,4,1.0,-147.53077074432002,-959.9410994688001,688.0993721856,0.0,-147.53077074432002,False,False,False,1.0,obs,02246500,m3/s,"positive = downstream (seaward), negative = upstream (flood-tide reversal); negative values kept as-is"
2012-06-01 11:00:00+00:00,4,4,4,1.0,-2602.3182018048,-3567.922670592,-1747.1494347264002,0.0,-2602.3182018048,False,False,False,1.0,obs,02246500,m3/s,"positive = downstream (seaward), negative = upstream (flood-tide reversal); negative values kept as-is"
2012-06-01 12:00:00+00:00,4,4,4,1.0,-3695.3484802560006,-3766.140596736,-3596.2395171840003,0.0,-3695.3484802560006,False,False,False,1.0,obs,02246500,m3/s,"positive = downstream (seaward), negative = upstream (flood-tide reversal); negative values kept as-is"
2012-06-01 13:00:00+00:00,4,4,4,1.0,-3893.5664064,-4190.893295616,-3511.288977408,0.0,-3893.5664064,False,False,False,1.0,obs,02246500,m3/s,"positive = downstream (seaward), negative = upstream (flood-tide reversal); negative values kept as-is"
2012-06-01 14:00:00+00:00,4,4,4,1.0,-2387.1101677056,-3086.536278528,-1560.2582472192,0.0,-2387.1101677056,False,False,False,1.0,obs,02246500,m3/s,"positive = downstream (seaward), negative = upstream (flood-tide reversal); negative values kept as-is"
2012-06-01 15:00:00+00:00,4,4,4,1.0,150.07928693760005,-750.396434688,1387.525483008,0.0,150.07928693760005,False,False,False,1.0,obs,02246500,m3/s,"positive = downstream (seaward), negative = upstream (flood-tide reversal); negative values kept as-is"
2012-06-01 16:00:00+00:00,4,4,4,1.0,2703.5509283712,2259.6843580416003,3171.4868183040003,0.0,2703.5509283712,False,False,False,1.0,obs,02246500,m3/s,"positive = downstream (seaward), negative = upstream (flood-tide reversal); negative values kept as-is"
2012-06-01 17:00:00+00:00,4,4,4,1.0,3603.3187288320005,3313.0710512640003,3907.724829696,0.0,3603.3187288320005,False,False,False,1.0,obs,02246500,m3/s,"positive = downstream (seaward), negative = upstream (flood-tide reversal); negative values kept as-is"
2012-06-01 18:00:00+00:00,4,4,4,1.0,4141.33881408,4049.309062656,4219.210142208,0.0,4141.33881408,False,False,False,1.0,obs,02246500,m3/s,"positive = downstream (seaward), negative = upstream (flood-tide reversal); negative values kept as-is"
2012-06-01 19:00:00+00:00,4,4,4,1.0,4275.843835392,4077.625909248,4389.11122176,0.0,4275.843835392,False,False,False,1.0,obs,02246500,m3/s,"positive = downstream (seaward), negative = upstream (flood-tide reversal); negative values kept as-is"
2012-06-01 20:00:00+00:00,4,4,4,1.0,3950.200099584,3794.457443328,4219.210142208,0.0,3950.200099584,False,False,False,1.0,obs,02246500,m3/s,"positive = downstream (seaward), negative = upstream (flood-tide reversal); negative values kept as-is"
2012-06-01 21:00:00+00:00,4,4,4,1.0,2494.0062635904,1313.9016818688,3341.387897856,0.0,2494.0062635904,False,False,False,1.0,obs,02246500,m3/s,"positive = downstream (seaward), negative = upstream (flood-tide reversal); negative values kept as-is"
2012-06-01 22:00:00+00:00,4,4,4,1.0,-595.3616995968,-1602.7335171072,433.2477528576,0.0,-595.3616995968,False,False,False,1.0,obs,02246500,m3/s,"positive = downstream (seaward), negative = upstream (flood-tide reversal); negative values kept as-is"
2012-06-01 23:00:00+00:00,4,4,4,1.0,-3448.9919149055995,-4134.259602432,-2582.4964091904,0.0,-3448.9919149055995,False,False,False,1.0,obs,02246500,m3/s,"positive = downstream (seaward), negative = upstream (flood-tide reversal); negative values kept as-is"
2012-06-02 00:00:00+00:00,4,4,4,1.0,-4601.4875712,-5068.7155399680005,-4247.5269888,0.0,-4601.4875712,False,False,False,1.0,obs,02246500,m3/s,"positive = downstream (seaward), negative = upstream (flood-tide reversal); negative values kept as-is"
2012-06-02 01:00:00+00:00,4,4,4,1.0,-5146.586868095999,-5436.834545664,-4757.230227456,0.0,-5146.586868095999,False,False,False,1.0,obs,02246500,m3/s,"positive = downstream (seaward), negative = upstream (flood-tide reversal); negative values kept as-is"
2012-06-02 02:00:00+00:00,4,4,4,1.0,-5033.319481728,-5323.567159296,-4643.9628410880005,0.0,-5033.319481728,False,False,False,1.0,obs,02246500,m3/s,"positive = downstream (seaward), negative = upstream (flood-tide reversal); negative values kept as-is"
2012-06-02 03:00:00+00:00,4,4,4,1.0,-3435.5414127743998,-4474.061761536,-2387.1101677056,0.0,-3435.5414127743998,False,False,False,1.0,obs,02246500,m3/s,"positive = downstream (seaward), negative = upstream (flood-tide reversal); negative values kept as-is"
2012-06-02 04:00:00+00:00,4,4,4,1.0,-662.82658660224,-1648.0404716544,267.31103182848,0.0,-662.82658660224,False,False,False,1.0,obs,02246500,m3/s,"positive = downstream (seaward), negative = upstream (flood-tide reversal); negative values kept as-is"
2012-06-02 05:00:00+00:00,4,4,4,1.0,2209.4219553408,1350.7135824384,3114.85312512,0.0,2209.4219553408,False,False,False,1.0,obs,02246500,m3/s,"positive = downstream (seaward), negative = upstream (flood-tide reversal); negative values kept as-is"
2012-06-02 06:00:00+00:00,4,4,4,1.0,3659.952422016,3539.605824,3851.091136512,0.0,3659.952422016,False,False,False,1.0,obs,02246500,m3/s,"positive = downstream (seaward), negative = upstream (flood-tide reversal); negative values kept as-is"
2012-06-02 07:00:00+00:00,4,4,4,1.0,4035.1506393600002,3907.724829696,4105.94275584,0.0,4035.1506393600002,False,False,False,1.0,obs,02246500,m3/s,"positive = downstream (seaward), negative = upstream (flood-tide reversal); negative values kept as-is"
2012-06-02 08:00:00+00:00,4,4,4,1.0,4297.081470336,4190.893295616,4417.428068352,0.0,4297.081470336,False,False,False,1.0,obs,02246500,m3/s,"positive = downstream (seaward), negative = upstream (flood-tide reversal); negative values kept as-is"
2012-06-02 09:00:00+00:00,4,4,4,1.0,3971.437734528,3681.19005696,4304.160681984,0.0,3971.437734528,False,False,False,1.0,obs,02246500,m3/s,"positive = downstream (seaward), negative = upstream (flood-tide reversal); negative values kept as-is"
2012-06-02 10:00:00+00:00,4,4,4,1.0,2656.1202103296,1982.1792614400001,3284.754204672,0.0,2656.1202103296,False,False,False,1.0,obs,02246500,m3/s,"positive = downstream (seaward), negative = upstream (flood-tide reversal); negative values kept as-is"
2012-06-02 11:00:00+00:00,4,4,4,1.0,135.21294247680004,-883.4856136704,1384.6937983488,0.0,135.21294247680004,False,False,False,1.0,obs,02246500,m3/s,"positive = downstream (seaward), negative = upstream (flood-tide reversal); negative values kept as-is"
2012-06-02 12:00:00+00:00,4,4,4,1.0,-2707.79845536,-3454.6552842240003,-1667.8622642688001,0.0,-2707.79845536,False,False,False,1.0,obs,02246500,m3/s,"positive = downstream (seaward), negative = upstream (flood-tide reversal); negative values kept as-is"
2012-06-02 13:00:00+00:00,4,4,4,1.0,-3886.4871947520005,-4049.309062656,-3766.140596736,0.0,-3886.4871947520005,False,False,False,1.0,obs,02246500,m3/s,"positive = downstream (seaward), negative = upstream (flood-tide reversal); negative values kept as-is"
2012-06-02 14:00:00+00:00,4,4,4,1.0,-3822.7742899200002,-4105.94275584,-3511.288977408,0.0,-3822.7742899200002,False,False,False,1.0,obs,02246500,m3/s,"positive = downstream (seaward), negative = upstream (flood-tide reversal); negative values kept as-is"
2012-06-02 15:00:00+00:00,4,4,4,1.0,-2603.0261229696002,-3341.387897856,-1639.5454176768,0.0,-2603.0261229696002,False,False,False,1.0,obs,02246500,m3/s,"positive = downstream (seaward), negative = upstream (flood-tide reversal); negative values kept as-is"
2012-06-02 16:00:00+00:00,4,4,4,1.0,-50.12081846783997,-1316.733366528,1455.4859148288,0.0,-50.12081846783997,False,False,False,1.0,obs,02246500,m3/s,"positive = downstream (seaward), negative = upstream (flood-tide reversal); negative values kept as-is"
2012-06-02 17:00:00+00:00,4,4,4,1.0,2861.4173481216003,2047.3080086016,3341.387897856,0.0,2861.4173481216003,False,False,False,1.0,obs,02246500,m3/s,"positive = downstream (seaward), negative = upstream (flood-tide reversal); negative values kept as-is"
2012-06-02 18:00:00+00:00,4,4,4,1.0,3681.1900569599998,3341.387897856,3936.041676288,0.0,3681.1900569599998,False,False,False,1.0,obs,02246500,m3/s,"positive = downstream (seaward), negative = upstream (flood-tide reversal); negative values kept as-is"
2012-06-02 19:00:00+00:00,4,4,4,1.0,4176.73487232,3964.3585228800002,4332.477528576,0.0,4176.73487232,False,False,False,1.0,obs,02246500,m3/s,"positive = downstream (seaward), negative = upstream (flood-tide reversal); negative values kept as-is"
2012-06-02 20:00:00+00:00,4,4,4,1.0,4205.051718912,4077.625909248,4389.11122176,0.0,4205.051718912,False,False,False,1.0,obs,02246500,m3/s,"positive = downstream (seaward), negative = upstream (flood-tide reversal); negative values kept as-is"
2012-06-02 21:00:00+00:00,4,4,4,1.0,3801.536654976,3426.338437632,4105.94275584,0.0,3801.536654976,False,False,False,1.0,obs,02246500,m3/s,"positive = downstream (seaward), negative = upstream (flood-tide reversal); negative values kept as-is"
2012-06-02 22:00:00+00:00,4,4,4,1.0,1769.0949908352,532.3567159296,2916.635198976,0.0,1769.0949908352,False,False,False,1.0,obs,02246500,m3/s,"positive = downstream (seaward), negative = upstream (flood-tide reversal); negative values kept as-is"
2012-06-02 23:00:00+00:00,4,4,4,1.0,-1583.6196456576001,-2647.625156352,-555.0101932032001,0.0,-1583.6196456576001,False,False,False,1.0,obs,02246500,m3/s,"positive = downstream (seaward), negative = upstream (flood-tide reversal); negative values kept as-is"
2012-06-03 00:00:00+00:00,4,4,4,1.0,-4205.051718912,-4587.329147904,-3596.2395171840003,0.0,-4205.051718912,False,False,False,1.0,obs,02246500,m3/s,"positive = downstream (seaward), negative = upstream (flood-tide reversal); negative values kept as-is"
2012-06-03 01:00:00+00:00,4,4,4,1.0,-4905.893672064,-5068.7155399680005,-4615.645994496,0.0,-4905.893672064,False,False,False,1.0,obs,02246500,m3/s,"positive = downstream (seaward), negative = upstream (flood-tide reversal); negative values kept as-is"
2012-06-03 02:00:00+00:00,4,4,4,1.0,-5373.121640832001,-5635.0524718080005,-5068.7155399680005,0.0,-5373.121640832001,False,False,False,1.0,obs,02246500,m3/s,"positive = downstream (seaward), negative = upstream (flood-tide reversal); negative values kept as-is"
2012-06-03 03:00:00+00:00,4,4,4,1.0,-4990.84421184,-5351.8840058880005,-4587.329147904,0.0,-4990.84421184,False,False,False,1.0,obs,02246500,m3/s,"positive = downstream (seaward), negative = upstream (flood-tide reversal); negative values kept as-is"
2012-06-03 04:00:00+00:00,4,4,4,1.0,-3602.6108076672003,-4304.160681984,-2800.5361279488,0.0,-3602.6108076672003,False,False,False,1.0,obs,02246500,m3/s,"positive = downstream (seaward), negative = upstream (flood-tide reversal); negative values kept as-is"
2012-06-03 05:00:00+00:00,4,4,4,1.0,-1215.5006399616002,-2013.3277926912,-237.8615113728,0.0,-1215.5006399616002,False,False,False,1.0,obs,02246500,m3/s,"positive = downstream (seaward), negative = upstream (flood-tide reversal); negative values kept as-is"
2012-06-03 06:00:00+00:00,4,4,4,1.0,1858.2930575999999,693.762741504,2973.26889216,0.0,1858.2930575999999,False,False,False,1.0,obs,02246500,m3/s,"positive = downstream (seaward), negative = upstream (flood-tide reversal); negative values kept as-is"
2012-06-03 07:00:00+00:00,4,4,4,1.0,3652.8732103680004,3454.6552842240003,3766.140596736,0.0,3652.8732103680004,False,False,False,1.0,obs,02246500,m3/s,"positive = downstream (seaward), negative = upstream (flood-tide reversal); negative values kept as-is"
2012-06-03 08:00:00+00:00,4,4,4,1.0,4127.180390784,3907.724829696,4332.477528576,0.0,4127.180390784,False,False,False,1.0,obs,02246500,m3/s,"positive = downstream (seaward), negative = upstream (flood-tide reversal); negative values kept as-is"
2012-06-03 09:00:00+00:00,4,4,4,1.0,4297.081470336,4162.576449024,4360.794375168,0.0,4297.081470336,False,False,False,1.0,obs,02246500,m3/s,"positive = downstream (seaward), negative = upstream (flood-tide reversal); negative values kept as-is"
2012-06-03 10:00:00+00:00,4,4,4,1.0,3744.902961792,3482.972130816,4162.576449024,0.0,3744.902961792,False,False,False,1.0,obs,02246500,m3/s,"positive = downstream (seaward), negative = upstream (flood-tide reversal); negative values kept as-is"
2012-06-03 11:00:00+00:00,4,4,4,1.0,1968.7287593088001,838.1786591232001,2916.635198976,0.0,1968.7287593088001,False,False,False,1.0,obs,02246500,m3/s,"positive = downstream (seaward), negative = upstream (flood-tide reversal); negative values kept as-is"
2012-06-03 12:00:00+00:00,4,4,4,1.0,-1039.2282699264001,-2217.2090881536,65.1287471616,0.0,-1039.2282699264001,False,False,False,1.0,obs,02246500,m3/s,"positive = downstream (seaward), negative = upstream (flood-tide reversal); negative values kept as-is"
2012-06-03 13:00:00+00:00,4,4,4,1.0,-3625.2642849408003,-4105.94275584,-2721.2489574912,0.0,-3625.2642849408003,False,False,False,1.0,obs,02246500,m3/s,"positive = downstream (seaward), negative = upstream (flood-tide reversal); negative values kept as-is"
2012-06-03 14:00:00+00:00,4,4,4,1.0,-4367.873586816,-4898.814460416,-4049.309062656,0.0,-4367.873586816,False,False,False,1.0,obs,02246500,m3/s,"positive = downstream (seaward), negative = upstream (flood-tide reversal); negative values kept as-is"
2012-06-03 15:00:00+00:00,4,4,4,1.0,-4141.33881408,-4417.428068352,-3539.605824,0.0,-4141.33881408,False,False,False,1.0,obs,02246500,m3/s,"positive = downstream (seaward), negative = upstream (flood-tide reversal); negative values kept as-is"
2012-06-03 16:00:00+00:00,4,4,4,1.0,-2816.1103935744004,-3596.2395171840003,-2126.5951790592,0.0,-2816.1103935744004,False,False,False,1.0,obs,02246500,m3/s,"positive = downstream (seaward), negative = upstream (flood-tide reversal); negative values kept as-is"
2012-06-03 17:00:00+00:00,4,4,4,1.0,-653.7651956927999,-2120.9318097408,654.1191562752,0.0,-653.7651956927999,False,False,False,1.0,obs,02246500,m3/s,"positive = downstream (seaward), negative = upstream (flood-tide reversal); negative values kept as-is"
2012-06-03 18:00:00+00:00,4,4,4,1.0,2407.6398814848003,1716.0009034752,3171.4868183040003,0.0,2407.6398814848003,False,False,False,1.0,obs,02246500,m3/s,"positive = downstream (seaward), negative = upstream (flood-tide reversal); negative values kept as-is"
2012-06-03 19:00:00+00:00,4,4,4,1.0,3822.7742899200002,3567.922670592,4049.309062656,0.0,3822.7742899200002,False,False,False,1.0,obs,02246500,m3/s,"positive = downstream (seaward), negative = upstream (flood-tide reversal); negative values kept as-is"
2012-06-03 20:00:00+00:00,4,4,4,1.0,4042.229851008,3907.724829696,4190.893295616,0.0,4042.229851008,False,False,False,1.0,obs,02246500,m3/s,"positive = downstream (seaward), negative = upstream (flood-tide reversal); negative values kept as-is"
2012-06-03 21:00:00+00:00,4,4,4,1.0,4346.635951872,4247.5269888,4389.11122176,0.0,4346.635951872,False,False,False,1.0,obs,02246500,m3/s,"positive = downstream (seaward), negative = upstream (flood-tide reversal); negative values kept as-is"
2012-06-03 22:00:00+00:00,4,4,4,1.0,3667.031633664,3086.536278528,3964.3585228800002,0.0,3667.031633664,False,False,False,1.0,obs,02246500,m3/s,"positive = downstream (seaward), negative = upstream (flood-tide reversal); negative values kept as-is"
2012-06-03 23:00:00+00:00,4,4,4,1.0,1281.754981775232,-23.814467983872,2644.7934716928003,0.0,1281.754981775232,False,False,False,1.0,obs,02246500,m3/s,"positive = downstream (seaward), negative = upstream (flood-tide reversal); negative values kept as-is"
2012-06-04 00:00:00+00:00,4,4,4,1.0,-1929.7930952448,-3228.120511488,-724.9112727552,0.0,-1929.7930952448,False,False,False,1.0,obs,02246500,m3/s,"positive = downstream (seaward), negative = upstream (flood-tide reversal); negative values kept as-is"
2012-06-04 01:00:00+00:00,4,4,4,1.0,-4275.843835392,-4559.012301312,-3964.3585228800002,0.0,-4275.843835392,False,False,False,1.0,obs,02246500,m3/s,"positive = downstream (seaward), negative = upstream (flood-tide reversal); negative values kept as-is"
2012-06-04 02:00:00+00:00,4,4,4,1.0,-5075.794751616,-5181.982926336,-4927.1313070080005,0.0,-5075.794751616,False,False,False,1.0,obs,02246500,m3/s,"positive = downstream (seaward), negative = upstream (flood-tide reversal); negative values kept as-is"
2012-06-04 03:00:00+00:00,4,4,4,1.0,-5450.99296896,-5748.319858176,-5097.03238656,0.0,-5450.99296896,False,False,False,1.0,obs,02246500,m3/s,"positive = downstream (seaward), negative = upstream (flood-tide reversal); negative values kept as-is"
2012-06-04 04:00:00+00:00,4,4,4,1.0,-5111.190809856,-5323.567159296,-4757.230227456,0.0,-5111.190809856,False,False,False,1.0,obs,02246500,m3/s,"positive = downstream (seaward), negative = upstream (flood-tide reversal); negative values kept as-is"
2012-06-04 05:00:00+00:00,4,4,4,1.0,-3520.4919525504,-4049.309062656,-2557.0112472576,0.0,-3520.4919525504,False,False,False,1.0,obs,02246500,m3/s,"positive = downstream (seaward), negative = upstream (flood-tide reversal); negative values kept as-is"
2012-06-04 06:00:00+00:00,4,4,4,1.0,-977.21437588992,-2254.0209887232,191.42188296192,0.0,-977.21437588992,False,False,False,1.0,obs,02246500,m3/s,"positive = downstream (seaward), negative = upstream (flood-tide reversal); negative values kept as-is"
2012-06-04 07:00:00+00:00,4,4,4,1.0,2049.431772096,1138.3372329984,3086.536278528,0.0,2049.431772096,False,False,False,1.0,obs,02246500,m3/s,"positive = downstream (seaward), negative = upstream (flood-tide reversal); negative values kept as-is"
2012-06-04 08:00:00+00:00,4,4,4,1.0,3808.615866624,3539.605824,4049.309062656,0.0,3808.615866624,False,False,False,1.0,obs,02246500,m3/s,"positive = downstream (seaward), negative = upstream (flood-tide reversal); negative values kept as-is"
2012-06-04 09:00:00+00:00,4,4,4,1.0,4183.814083968,4020.9922160640003,4474.061761536,0.0,4183.814083968,False,False,False,1.0,obs,02246500,m3/s,"positive = downstream (seaward), negative = upstream (flood-tide reversal); negative values kept as-is"
2012-06-04 10:00:00+00:00,4,4,4,1.0,4155.497237376,4049.309062656,4304.160681984,0.0,4155.497237376,False,False,False,1.0,obs,02246500,m3/s,"positive = downstream (seaward), negative = upstream (flood-tide reversal); negative values kept as-is"
2012-06-04 11:00:00+00:00,4,4,4,1.0,3787.37823168,3539.605824,4020.9922160640003,0.0,3787.37823168,False,False,False,1.0,obs,02246500,m3/s,"positive = downstream (seaward), negative = upstream (flood-tide reversal); negative values kept as-is"
2012-06-04 12:00:00+00:00,4,4,4,1.0,2552.7637202688,1885.9019830272,3143.169971712,0.0,2552.7637202688,False,False,False,1.0,obs,02246500,m3/s,"positive = downstream (seaward), negative = upstream (flood-tide reversal); negative values kept as-is"
2012-06-04 13:00:00+00:00,4,4,4,1.0,-164.188155752064,-1268.5947273216,1132.67386368,0.0,-164.188155752064,False,False,False,1.0,obs,02246500,m3/s,"positive = downstream (seaward), negative = upstream (flood-tide reversal); negative values kept as-is"
2012-06-04 14:00:00+00:00,4,4,4,1.0,-2831.6846592,-3426.338437632,-2033.1495853056,0.0,-2831.6846592,False,False,False,1.0,obs,02246500,m3/s,"positive = downstream (seaward), negative = upstream (flood-tide reversal); negative values kept as-is"
2012-06-04 15:00:00+00:00,4,4,4,1.0,-3723.665326848,-3907.724829696,-3567.922670592,0.0,-3723.665326848,False,False,False,1.0,obs,02246500,m3/s,"positive = downstream (seaward), negative = upstream (flood-tide reversal); negative values kept as-is"
2012-06-04 16:00:00+00:00,4,4,4,1.0,-3773.219808384,-4049.309062656,-3454.6552842240003,0.0,-3773.219808384,False,False,False,1.0,obs,02246500,m3/s,"positive = downstream (seaward), negative = upstream (flood-tide reversal); negative values kept as-is"
2012-06-04 17:00:00+00:00,4,4,4,1.0,-2618.6003885952,-3143.169971712,-1936.8723068928,0.0,-2618.6003885952,False,False,False,1.0,obs,02246500,m3/s,"positive = downstream (seaward), negative = upstream (flood-tide reversal); negative values kept as-is"
2012-06-04 18:00:00+00:00,4,4,4,1.0,143.49562010495998,-962.772784128,1458.317599488,0.0,143.49562010495998,False,False,False,1.0,obs,02246500,m3/s,"positive = downstream (seaward), negative = upstream (flood-tide reversal); negative values kept as-is"
2012-06-04 19:00:00+00:00,4,4,4,1.0,2875.5757714176,2101.1100171264,3313.0710512640003,0.0,2875.5757714176,False,False,False,1.0,obs,02246500,m3/s,"positive = downstream (seaward), negative = upstream (flood-tide reversal); negative values kept as-is"
2012-06-04 20:00:00+00:00,4,4,4,1.0,3950.200099584,3624.556363776,4275.843835392,0.0,3950.200099584,False,False,False,1.0,obs,02246500,m3/s,"positive = downstream (seaward), negative = upstream (flood-tide reversal); negative values kept as-is"
2012-06-04 21:00:00+00:00,4,4,4,1.0,4127.180390784,4049.309062656,4219.210142208,0.0,4127.180390784,False,False,False,1.0,obs,02246500,m3/s,"positive = downstream (seaward), negative = upstream (flood-tide reversal); negative values kept as-is"
2012-06-04 22:00:00+00:00,4,4,4,1.0,4304.160681984,4247.5269888,4389.11122176,0.0,4304.160681984,False,False,False,1.0,obs,02246500,m3/s,"positive = downstream (seaward), negative = upstream (flood-tide reversal); negative values kept as-is"
2012-06-04 23:00:00+00:00,4,4,4,1.0,3490.0513424640003,2860.001505792,3879.4079831040003,0.0,3490.0513424640003,False,False,False,1.0,obs,02246500,m3/s,"positive = downstream (seaward), negative = upstream (flood-tide reversal); negative values kept as-is"
2012-06-05 00:00:00+00:00,4,4,4,1.0,1209.76647852672,192.27138835968,2302.1596279296,0.0,1209.76647852672,False,False,False,1.0,obs,02246500,m3/s,"positive = downstream (seaward), negative = upstream (flood-tide reversal); negative values kept as-is"
2012-06-05 01:00:00+00:00,4,4,4,1.0,-1752.1048828800003,-2658.9518949888,-764.554857984,0.0,-1752.1048828800003,False,False,False,1.0,obs,02246500,m3/s,"positive = downstream (seaward), negative = upstream (flood-tide reversal); negative values kept as-is"
2012-06-05 02:00:00+00:00,4,4,4,1.0,-4105.94275584,-4559.012301312,-3454.6552842240003,0.0,-4105.94275584,False,False,False,1.0,obs,02246500,m3/s,"positive = downstream (seaward), negative = upstream (flood-tide reversal); negative values kept as-is"
2012-06-05 03:00:00+00:00,4,4,4,1.0,-5344.804794240001,-5720.003011584,-4955.4481536,0.0,-5344.804794240001,False,False,False,1.0,obs,02246500,m3/s,"positive = downstream (seaward), negative = upstream (flood-tide reversal); negative values kept as-is"
2012-06-05 04:00:00+00:00,4,4,4,1.0,-5245.695831168,-5550.101932032,-4955.4481536,0.0,-5245.695831168,False,False,False,1.0,obs,02246500,m3/s,"positive = downstream (seaward), negative = upstream (flood-tide reversal); negative values kept as-is"
2012-06-05 05:00:00+00:00,4,4,4,1.0,-5019.161058432001,-5408.517699072,-4530.69545472,0.0,-5019.161058432001,False,False,False,1.0,obs,02246500,m3/s,"positive = downstream (seaward), negative = upstream (flood-tide reversal); negative values kept as-is"
2012-06-05 06:00:00+00:00,4,4,4,1.0,-3766.140596736,-4360.794375168,-2888.3183523840003,0.0,-3766.140596736,False,False,False,1.0,obs,02246500,m3/s,"positive = downstream (seaward), negative = upstream (flood-tide reversal); negative values kept as-is"
2012-06-05 07:00:00+00:00,4,4,4,1.0,-1139.8946595609602,-2273.8427813376,90.04757216256,0.0,-1139.8946595609602,False,False,False,1.0,obs,02246500,m3/s,"positive = downstream (seaward), negative = upstream (flood-tide reversal); negative values kept as-is"
2012-06-05 08:00:00+00:00,4,4,4,1.0,2071.3773282048,1262.9313580032,2944.952045568,0.0,2071.3773282048,False,False,False,1.0,obs,02246500,m3/s,"positive = downstream (seaward), negative = upstream (flood-tide reversal); negative values kept as-is"
2012-06-05 09:00:00+00:00,4,4,4,1.0,3950.200099584,3539.605824,4417.428068352,0.0,3950.200099584,False,False,False,1.0,obs,02246500,m3/s,"positive = downstream (seaward), negative = upstream (flood-tide reversal); negative values kept as-is"
2012-06-05 10:00:00+00:00,4,4,4,1.0,4360.7943751679995,4304.160681984,4474.061761536,0.0,4360.7943751679995,False,False,False,1.0,obs,02246500,m3/s,"positive = downstream (seaward), negative = upstream (flood-tide reversal); negative values kept as-is"
2012-06-05 11:00:00+00:00,4,4,4,1.0,4148.4180257279995,3992.675369472,4360.794375168,0.0,4148.4180257279995,False,False,False,1.0,obs,02246500,m3/s,"positive = downstream (seaward), negative = upstream (flood-tide reversal); negative values kept as-is"
2012-06-05 12:00:00+00:00,4,4,4,1.0,3475.8929191680004,2916.635198976,3936.041676288,0.0,3475.8929191680004,False,False,False,1.0,obs,02246500,m3/s,"positive = downstream (seaward), negative = upstream (flood-tide reversal); negative values kept as-is"
2012-06-05 13:00:00+00:00,4,4,4,1.0,1284.5229535296,-49.554481536000004,2375.7834290688,0.0,1284.5229535296,False,False,False,1.0,obs,02246500,m3/s,"positive = downstream (seaward), negative = upstream (flood-tide reversal); negative values kept as-is"
2012-06-05 14:00:00+00:00,4,4,4,1.0,-1530.5255582976001,-2271.0110966784,-600.3171477504001,0.0,-1530.5255582976001,False,False,False,1.0,obs,02246500,m3/s,"positive = downstream (seaward), negative = upstream (flood-tide reversal); negative values kept as-is"
2012-06-05 15:00:00+00:00,4,4,4,1.0,-3645.7939987199998,-3794.457443328,-3369.704744448,0.0,-3645.7939987199998,False,False,False,1.0,obs,02246500,m3/s,"positive = downstream (seaward), negative = upstream (flood-tide reversal); negative values kept as-is"
2012-06-05 16:00:00+00:00,4,4,4,1.0,-4318.31910528,-4757.230227456,-3992.675369472,0.0,-4318.31910528,False,False,False,1.0,obs,02246500,m3/s,"positive = downstream (seaward), negative = upstream (flood-tide reversal); negative values kept as-is"
2012-06-05 17:00:00+00:00,4,4,4,1.0,-4431.586491648,-4672.27968768,-4247.5269888,0.0,-4431.586491648,False,False,False,1.0,obs,02246500,m3/s,"positive = downstream (seaward), negative = upstream (flood-tide reversal); negative values kept as-is"
2012-06-05 18:00:00+00:00,4,4,4,1.0,-2956.9867053696003,-3822.7742899200002,-1843.4267131392,0.0,-2956.9867053696003,False,False,False,1.0,obs,02246500,m3/s,"positive = downstream (seaward), negative = upstream (flood-tide reversal); negative values kept as-is"
2012-06-05 19:00:00+00:00,4,4,4,1.0,-467.65272146687994,-1452.6542301696,580.4953551360001,0.0,-467.65272146687994,False,False,False,1.0,obs,02246500,m3/s,"positive = downstream (seaward), negative = upstream (flood-tide reversal); negative values kept as-is"
2012-06-05 20:00:00+00:00,4,4,4,1.0,2607.9815711232,1648.0404716544,3482.972130816,0.0,2607.9815711232,False,False,False,1.0,obs,02246500,m3/s,"positive = downstream (seaward), negative = upstream (flood-tide reversal); negative values kept as-is"
2012-06-05 21:00:00+00:00,4,4,4,1.0,4212.13093056,3907.724829696,4474.061761536,0.0,4212.13093056,False,False,False,1.0,obs,02246500,m3/s,"positive = downstream (seaward), negative = upstream (flood-tide reversal); negative values kept as-is"
2012-06-05 22:00:00+00:00,4,4,4,1.0,4346.635951872,4219.210142208,4445.744914944,0.0,4346.635951872,False,False,False,1.0,obs,02246500,m3/s,"positive = downstream (seaward), negative = upstream (flood-tide reversal); negative values kept as-is"
2012-06-05 23:00:00+00:00,4,4,4,1.0,3907.724829696,3511.288977408,4247.5269888,0.0,3907.724829696,False,False,False,1.0,obs,02246500,m3/s,"positive = downstream (seaward), negative = upstream (flood-tide reversal); negative values kept as-is"
2012-06-06 00:00:00+00:00,4,4,4,1.0,2669.5707124607998,1905.7237756416,3228.120511488,0.0,2669.5707124607998,False,False,False,1.0,obs,02246500,m3/s,"positive = downstream (seaward), negative = upstream (flood-tide reversal); negative values kept as-is"
2012-06-06 01:00:00+00:00,4,4,4,1.0,157.44166705151997,-869.3271903744001,1268.5947273216,0.0,157.44166705151997,False,False,False,1.0,obs,02246500,m3/s,"positive = downstream (seaward), negative = upstream (flood-tide reversal); negative values kept as-is"
2012-06-06 02:00:00+00:00,4,4,4,1.0,-2816.8183147392,-3964.3585228800002,-1619.7236250624,0.0,-2816.8183147392,False,False,False,1.0,obs,02246500,m3/s,"positive = downstream (seaward), negative = upstream (flood-tide reversal); negative values kept as-is"
2012-06-06 03:00:00+00:00,4,4,4,1.0,-4707.67574592,-4898.814460416,-4502.378608128,0.0,-4707.67574592,False,False,False,1.0,obs,02246500,m3/s,"positive = downstream (seaward), negative = upstream (flood-tide reversal); negative values kept as-is"
2012-06-06 04:00:00+00:00,4,4,4,1.0,-5089.953174912,-5153.666079744,-4927.1313070080005,0.0,-5089.953174912,False,False,False,1.0,obs,02246500,m3/s,"positive = downstream (seaward), negative = upstream (flood-tide reversal); negative values kept as-is"
2012-06-06 05:00:00+00:00,4,4,4,1.0,-5111.190809856,-5153.666079744,-5012.081846784,0.0,-5111.190809856,False,False,False,1.0,obs,02246500,m3/s,"positive = downstream (seaward), negative = upstream (flood-tide reversal); negative values kept as-is"
2012-06-06 06:00:00+00:00,4,4,4,1.0,-4785.5470740480005,-5153.666079744,-4219.210142208,0.0,-4785.5470740480005,False,False,False,1.0,obs,02246500,m3/s,"positive = downstream (seaward), negative = upstream (flood-tide reversal); negative values kept as-is"
2012-06-06 07:00:00+00:00,4,4,4,1.0,-3352.006715328,-4162.576449024,-2647.625156352,0.0,-3352.006715328,False,False,False,1.0,obs,02246500,m3/s,"positive = downstream (seaward), negative = upstream (flood-tide reversal); negative values kept as-is"
2012-06-06 08:00:00+00:00,4,4,4,1.0,-703.53205357824,-1866.0801904128,549.3468238848,0.0,-703.53205357824,False,False,False,1.0,obs,02246500,m3/s,"positive = downstream (seaward), negative = upstream (flood-tide reversal); negative values kept as-is"
2012-06-06 09:00:00+00:00,4,4,4,1.0,2307.1150760831997,1560.2582472192,3369.704744448,0.0,2307.1150760831997,False,False,False,1.0,obs,02246500,m3/s,"positive = downstream (seaward), negative = upstream (flood-tide reversal); negative values kept as-is"
2012-06-06 10:00:00+00:00,4,4,4,1.0,4105.94275584,3737.8237501440003,4389.11122176,0.0,4105.94275584,False,False,False,1.0,obs,02246500,m3/s,"positive = downstream (seaward), negative = upstream (flood-tide reversal); negative values kept as-is"
2012-06-06 11:00:00+00:00,4,4,4,1.0,4254.606200448,4077.625909248,4474.061761536,0.0,4254.606200448,False,False,False,1.0,obs,02246500,m3/s,"positive = downstream (seaward), negative = upstream (flood-tide reversal); negative values kept as-is"
2012-06-06 12:00:00+00:00,4,4,4,1.0,4134.259602432,3964.3585228800002,4332.477528576,0.0,4134.259602432,False,False,False,1.0,obs,02246500,m3/s,"positive = downstream (seaward), negative = upstream (flood-tide reversal); negative values kept as-is"
2012-06-06 13:00:00+00:00,4,4,4,1.0,3405.100802688,2944.952045568,3681.19005696,0.0,3405.100802688,False,False,False,1.0,obs,02246500,m3/s,"positive = downstream (seaward), negative = upstream (flood-tide reversal); negative values kept as-is"
2012-06-06 14:00:00+00:00,4,4,4,1.0,1496.5453423872,489.8814460416,2415.4270142976,0.0,1496.5453423872,False,False,False,1.0,obs,02246500,m3/s,"positive = downstream (seaward), negative = upstream (flood-tide reversal); negative values kept as-is"
2012-06-06 15:00:00+00:00,4,4,4,1.0,-980.6902688090879,-2095.446647808,27.439024347648,0.0,-980.6902688090879,False,False,False,1.0,obs,02246500,m3/s,"positive = downstream (seaward), negative = upstream (flood-tide reversal); negative values kept as-is"
2012-06-06 16:00:00+00:00,4,4,4,1.0,-3061.0511165952003,-3709.506903552,-2191.7239262208,0.0,-3061.0511165952003,False,False,False,1.0,obs,02246500,m3/s,"positive = downstream (seaward), negative = upstream (flood-tide reversal); negative values kept as-is"
2012-06-06 17:00:00+00:00,4,4,4,1.0,-4113.021967488,-4530.69545472,-3596.2395171840003,0.0,-4113.021967488,False,False,False,1.0,obs,02246500,m3/s,"positive = downstream (seaward), negative = upstream (flood-tide reversal); negative values kept as-is"
2012-06-06 18:00:00+00:00,4,4,4,1.0,-4183.814083968,-4559.012301312,-3879.4079831040003,0.0,-4183.814083968,False,False,False,1.0,obs,02246500,m3/s,"positive = downstream (seaward), negative = upstream (flood-tide reversal); negative values kept as-is"
2012-06-06 19:00:00+00:00,4,4,4,1.0,-2489.7587366016,-3596.2395171840003,-1274.25809664,0.0,-2489.7587366016,False,False,False,1.0,obs,02246500,m3/s,"positive = downstream (seaward), negative = upstream (flood-tide reversal); negative values kept as-is"
2012-06-06 20:00:00+00:00,4,4,4,1.0,670.4013430656,-741.9013807104001,1815.1098665472,0.0,670.4013430656,False,False,False,1.0,obs,02246500,m3/s,"positive = downstream (seaward), negative = upstream (flood-tide reversal); negative values kept as-is"
2012-06-06 21:00:00+00:00,4,4,4,1.0,2918.0510413056,2327.6447898624,3256.43735808,0.0,2918.0510413056,False,False,False,1.0,obs,02246500,m3/s,"positive = downstream (seaward), negative = upstream (flood-tide reversal); negative values kept as-is"
2012-06-06 22:00:00+00:00,4,4,4,1.0,3716.5861152,3199.803664896,3964.3585228800002,0.0,3716.5861152,False,False,False,1.0,obs,02246500,m3/s,"positive = downstream (seaward), negative = upstream (flood-tide reversal); negative values kept as-is"
2012-06-06 23:00:00+00:00,4,4,4,1.0,3829.853501568,3652.873210368,4020.9922160640003,0.0,3829.853501568,False,False,False,1.0,obs,02246500,m3/s,"positive = downstream (seaward), negative = upstream (flood-tide reversal); negative values kept as-is"
2012-06-07 00:00:00+00:00,4,4,4,1.0,4042.229851008,3851.091136512,4219.210142208,0.0,4042.229851008,False,False,False,1.0,obs,02246500,m3/s,"positive = downstream (seaward), negative = upstream (flood-tide reversal); negative values kept as-is"
