hour_end_utc,n_records,n_valid,n_expected,coverage,discharge_m3s_hourly_mean,hourly_min,hourly_max,official_est_frac,discharge_m3s_filled,interp,unfillable,partial,obs_frac,source_class,station,units,sign_convention
2019-08-25 01:00:00+00:00,4,4,4,1.0,-1856.1692941055999,-2636.2984177152002,-1067.5451165184,0.0,-1856.1692941055999,False,False,False,1.0,obs,02246500,m3/s,"positive = downstream (seaward), negative = upstream (flood-tide reversal); negative values kept as-is"
2019-08-25 02:00:00+00:00,4,4,4,1.0,1100.4634506816,-126.0099673344,2027.4862159872,0.0,1100.4634506816,False,False,False,1.0,obs,02246500,m3/s,"positive = downstream (seaward), negative = upstream (flood-tide reversal); negative values kept as-is"
2019-08-25 03:00:00+00:00,4,4,4,1.0,2963.3579958528,2480.5557614592,3341.387897856,0.0,2963.3579958528,False,False,False,1.0,obs,02246500,m3/s,"positive = downstream (seaward), negative = upstream (flood-tide reversal); negative values kept as-is"
2019-08-25 04:00:00+00:00,4,4,4,1.0,3560.843458944,3511.288977408,3652.873210368,0.0,3560.843458944,False,False,False,1.0,obs,02246500,m3/s,"positive = downstream (seaward), negative = upstream (flood-tide reversal); negative values kept as-is"
2019-08-25 05:00:00+00:00,4,4,4,1.0,3596.239517184,3511.288977408,3709.506903552,0.0,3596.239517184,False,False,False,1.0,obs,02246500,m3/s,"positive = downstream (seaward), negative = upstream (flood-tide reversal); negative values kept as-is"
2019-08-25 06:00:00+00:00,4,4,4,1.0,2795.5806797952,2319.1497358848,3086.536278528,0.0,2795.5806797952,False,False,False,1.0,obs,02246500,m3/s,"positive = downstream (seaward), negative = upstream (flood-tide reversal); negative values kept as-is"
2019-08-25 07:00:00+00:00,4,4,4,1.0,1205.73132788736,272.40806421504,2035.9812699648,0.0,1205.73132788736,False,False,False,1.0,obs,02246500,m3/s,"positive = downstream (seaward), negative = upstream (flood-tide reversal); negative values kept as-is"
2019-08-25 08:00:00+00:00,4,4,4,1.0,-702.11621124864,-1514.9512926720001,99.67530000384001,0.0,-702.11621124864,False,False,False,1.0,obs,02246500,m3/s,"positive = downstream (seaward), negative = upstream (flood-tide reversal); negative values kept as-is"
2019-08-25 09:00:00+00:00,4,4,4,1.0,-2837.3480285184005,-3709.506903552,-2115.2684404224,0.0,-2837.3480285184005,False,False,False,1.0,obs,02246500,m3/s,"positive = downstream (seaward), negative = upstream (flood-tide reversal); negative values kept as-is"
2019-08-25 10:00:00+00:00,4,4,4,1.0,-4006.8337927680004,-4190.893295616,-3737.8237501440003,0.0,-4006.8337927680004,False,False,False,1.0,obs,02246500,m3/s,"positive = downstream (seaward), negative = upstream (flood-tide reversal); negative values kept as-is"
2019-08-25 11:00:00+00:00,4,4,4,1.0,-4127.180390784,-4190.893295616,-4077.625909248,0.0,-4127.180390784,False,False,False,1.0,obs,02246500,m3/s,"positive = downstream (seaward), negative = upstream (flood-tide reversal); negative values kept as-is"
2019-08-25 12:00:00+00:00,4,4,4,1.0,-3260.6848850688,-3964.3585228800002,-2282.3378353152,0.0,-3260.6848850688,False,False,False,1.0,obs,02246500,m3/s,"positive = downstream (seaward), negative = upstream (flood-tide reversal); negative values kept as-is"
2019-08-25 13:00:00+00:00,4,4,4,1.0,-1183.6441875456,-2126.5951790592,-297.326889216,0.0,-1183.6441875456,False,False,False,1.0,obs,02246500,m3/s,"positive = downstream (seaward), negative = upstream (flood-tide reversal); negative values kept as-is"
2019-08-25 14:00:00+00:00,4,4,4,1.0,1121.91346197504,257.11696705536,1761.3078580224,0.0,1121.91346197504,False,False,False,1.0,obs,02246500,m3/s,"positive = downstream (seaward), negative = upstream (flood-tide reversal); negative values kept as-is"
2019-08-25 15:00:00+00:00,4,4,4,1.0,2987.427315456,2605.1498864640002,3313.0710512640003,0.0,2987.427315456,False,False,False,1.0,obs,02246500,m3/s,"positive = downstream (seaward), negative = upstream (flood-tide reversal); negative values kept as-is"
2019-08-25 16:00:00+00:00,4,4,4,1.0,3553.764247296,3482.972130816,3652.873210368,0.0,3553.764247296,False,False,False,1.0,obs,02246500,m3/s,"positive = downstream (seaward), negative = upstream (flood-tide reversal); negative values kept as-is"
2019-08-25 17:00:00+00:00,4,4,4,1.0,3405.100802688,3029.9025853440003,3681.19005696,0.0,3405.100802688,False,False,False,1.0,obs,02246500,m3/s,"positive = downstream (seaward), negative = upstream (flood-tide reversal); negative values kept as-is"
2019-08-25 18:00:00+00:00,4,4,4,1.0,2252.6051463936,1639.5454176768,2681.6053722624,0.0,2252.6051463936,False,False,False,1.0,obs,02246500,m3/s,"positive = downstream (seaward), negative = upstream (flood-tide reversal); negative values kept as-is"
2019-08-25 19:00:00+00:00,4,4,4,1.0,-22.441100924159997,-900.4757216256,931.6242528768,0.0,-22.441100924159997,False,False,False,1.0,obs,02246500,m3/s,"positive = downstream (seaward), negative = upstream (flood-tide reversal); negative values kept as-is"
2019-08-25 20:00:00+00:00,4,4,4,1.0,-2394.8973005184002,-3482.972130816,-1172.3174489088,0.0,-2394.8973005184002,False,False,False,1.0,obs,02246500,m3/s,"positive = downstream (seaward), negative = upstream (flood-tide reversal); negative values kept as-is"
2019-08-25 21:00:00+00:00,4,4,4,1.0,-4728.913380864,-4955.4481536,-4417.428068352,0.0,-4728.913380864,False,False,False,1.0,obs,02246500,m3/s,"positive = downstream (seaward), negative = upstream (flood-tide reversal); negative values kept as-is"
2019-08-25 22:00:00+00:00,4,4,4,1.0,-5712.923799936,-5974.854630912,-5380.20085248,0.0,-5712.923799936,False,False,False,1.0,obs,02246500,m3/s,"positive = downstream (seaward), negative = upstream (flood-tide reversal); negative values kept as-is"
2019-08-25 23:00:00+00:00,4,4,4,1.0,-5606.735625216,-5974.854630912,-5323.567159296,0.0,-5606.735625216,False,False,False,1.0,obs,02246500,m3/s,"positive = downstream (seaward), negative = upstream (flood-tide reversal); negative values kept as-is"
2019-08-26 00:00:00+00:00,4,4,4,1.0,-5005.002635135999,-5408.517699072,-4587.329147904,0.0,-5005.002635135999,False,False,False,1.0,obs,02246500,m3/s,"positive = downstream (seaward), negative = upstream (flood-tide reversal); negative values kept as-is"
2019-08-26 01:00:00+00:00,4,4,4,1.0,-4226.289353856,-4785.5470740480005,-3737.8237501440003,0.0,-4226.289353856,False,False,False,1.0,obs,02246500,m3/s,"positive = downstream (seaward), negative = upstream (flood-tide reversal); negative values kept as-is"
2019-08-26 02:00:00+00:00,4,4,4,1.0,-2609.3974134528,-3454.6552842240003,-2078.4565398528002,0.0,-2609.3974134528,False,False,False,1.0,obs,02246500,m3/s,"positive = downstream (seaward), negative = upstream (flood-tide reversal); negative values kept as-is"
2019-08-26 03:00:00+00:00,4,4,4,1.0,-106.32975895295999,-1336.5551591424,566.33693184,0.0,-106.32975895295999,False,False,False,1.0,obs,02246500,m3/s,"positive = downstream (seaward), negative = upstream (flood-tide reversal); negative values kept as-is"
2019-08-26 04:00:00+00:00,4,4,4,1.0,2186.0605569024,1441.3274915328,2916.635198976,0.0,2186.0605569024,False,False,False,1.0,obs,02246500,m3/s,"positive = downstream (seaward), negative = upstream (flood-tide reversal); negative values kept as-is"
2019-08-26 05:00:00+00:00,4,4,4,1.0,3334.3086862080004,3114.85312512,3482.972130816,0.0,3334.3086862080004,False,False,False,1.0,obs,02246500,m3/s,"positive = downstream (seaward), negative = upstream (flood-tide reversal); negative values kept as-is"
2019-08-26 06:00:00+00:00,4,4,4,1.0,3582.0810938880004,3284.754204672,3766.140596736,0.0,3582.0810938880004,False,False,False,1.0,obs,02246500,m3/s,"positive = downstream (seaward), negative = upstream (flood-tide reversal); negative values kept as-is"
2019-08-26 07:00:00+00:00,4,4,4,1.0,2435.9567280767997,1894.3970370048,2916.635198976,0.0,2435.9567280767997,False,False,False,1.0,obs,02246500,m3/s,"positive = downstream (seaward), negative = upstream (flood-tide reversal); negative values kept as-is"
2019-08-26 08:00:00+00:00,4,4,4,1.0,359.19919901951994,-413.4259602432,974.0995227648,0.0,359.19919901951994,False,False,False,1.0,obs,02246500,m3/s,"positive = downstream (seaward), negative = upstream (flood-tide reversal); negative values kept as-is"
2019-08-26 09:00:00+00:00,4,4,4,1.0,-1327.3521839999999,-2429.5854375936,-413.4259602432,0.0,-1327.3521839999999,False,False,False,1.0,obs,02246500,m3/s,"positive = downstream (seaward), negative = upstream (flood-tide reversal); negative values kept as-is"
2019-08-26 10:00:00+00:00,4,4,4,1.0,-3815.695078272,-4389.11122176,-3228.120511488,0.0,-3815.695078272,False,False,False,1.0,obs,02246500,m3/s,"positive = downstream (seaward), negative = upstream (flood-tide reversal); negative values kept as-is"
2019-08-26 11:00:00+00:00,4,4,4,1.0,-4587.329147904,-4785.5470740480005,-4360.794375168,0.0,-4587.329147904,False,False,False,1.0,obs,02246500,m3/s,"positive = downstream (seaward), negative = upstream (flood-tide reversal); negative values kept as-is"
2019-08-26 12:00:00+00:00,4,4,4,1.0,-4743.071804159999,-5238.61661952,-4445.744914944,0.0,-4743.071804159999,False,False,False,1.0,obs,02246500,m3/s,"positive = downstream (seaward), negative = upstream (flood-tide reversal); negative values kept as-is"
2019-08-26 13:00:00+00:00,4,4,4,1.0,-3575.00188224,-4020.9922160640003,-3058.219431936,0.0,-3575.00188224,False,False,False,1.0,obs,02246500,m3/s,"positive = downstream (seaward), negative = upstream (flood-tide reversal); negative values kept as-is"
2019-08-26 14:00:00+00:00,4,4,4,1.0,-1857.5851364352,-2828.8529745408,-1177.9808182272,0.0,-1857.5851364352,False,False,False,1.0,obs,02246500,m3/s,"positive = downstream (seaward), negative = upstream (flood-tide reversal); negative values kept as-is"
2019-08-26 15:00:00+00:00,4,4,4,1.0,715.000376448,-353.9605824,1520.6146619904,0.0,715.000376448,False,False,False,1.0,obs,02246500,m3/s,"positive = downstream (seaward), negative = upstream (flood-tide reversal); negative values kept as-is"
2019-08-26 16:00:00+00:00,4,4,4,1.0,3146.0016563712,2418.2586989568,3766.140596736,0.0,3146.0016563712,False,False,False,1.0,obs,02246500,m3/s,"positive = downstream (seaward), negative = upstream (flood-tide reversal); negative values kept as-is"
2019-08-26 17:00:00+00:00,4,4,4,1.0,3928.9624646400002,3652.873210368,4105.94275584,0.0,3928.9624646400002,False,False,False,1.0,obs,02246500,m3/s,"positive = downstream (seaward), negative = upstream (flood-tide reversal); negative values kept as-is"
2019-08-26 18:00:00+00:00,4,4,4,1.0,4105.94275584,3964.3585228800002,4275.843835392,0.0,4105.94275584,False,False,False,1.0,obs,02246500,m3/s,"positive = downstream (seaward), negative = upstream (flood-tide reversal); negative values kept as-is"
2019-08-26 19:00:00+00:00,4,4,4,1.0,3293.9571798144,2670.2786336256,3879.4079831040003,0.0,3293.9571798144,False,False,False,1.0,obs,02246500,m3/s,"positive = downstream (seaward), negative = upstream (flood-tide reversal); negative values kept as-is"
2019-08-26 20:00:00+00:00,4,4,4,1.0,1044.8916392448002,317.1486818304,2211.5457188352,0.0,1044.8916392448002,False,False,False,1.0,obs,02246500,m3/s,"positive = downstream (seaward), negative = upstream (flood-tide reversal); negative values kept as-is"
2019-08-26 21:00:00+00:00,4,4,4,1.0,-1416.5502507648002,-2721.2489574912,-455.9012301312,0.0,-1416.5502507648002,False,False,False,1.0,obs,02246500,m3/s,"positive = downstream (seaward), negative = upstream (flood-tide reversal); negative values kept as-is"
2019-08-26 22:00:00+00:00,4,4,4,1.0,-4495.29939648,-5266.933466112,-3766.140596736,0.0,-4495.29939648,False,False,False,1.0,obs,02246500,m3/s,"positive = downstream (seaward), negative = upstream (flood-tide reversal); negative values kept as-is"
2019-08-26 23:00:00+00:00,4,4,4,1.0,-5118.270021504,-5436.834545664,-4700.596534272,0.0,-5118.270021504,False,False,False,1.0,obs,02246500,m3/s,"positive = downstream (seaward), negative = upstream (flood-tide reversal); negative values kept as-is"
2019-08-27 00:00:00+00:00,4,4,4,1.0,-5741.240646528,-5889.904091136,-5436.834545664,0.0,-5741.240646528,False,False,False,1.0,obs,02246500,m3/s,"positive = downstream (seaward), negative = upstream (flood-tide reversal); negative values kept as-is"
2019-08-27 01:00:00+00:00,4,4,4,1.0,-4934.210518656,-5521.78508544,-4389.11122176,0.0,-4934.210518656,False,False,False,1.0,obs,02246500,m3/s,"positive = downstream (seaward), negative = upstream (flood-tide reversal); negative values kept as-is"
2019-08-27 02:00:00+00:00,4,4,4,1.0,-3914.8040413440003,-4219.210142208,-3737.8237501440003,0.0,-3914.8040413440003,False,False,False,1.0,obs,02246500,m3/s,"positive = downstream (seaward), negative = upstream (flood-tide reversal); negative values kept as-is"
2019-08-27 03:00:00+00:00,4,4,4,1.0,-1989.9663942528,-3228.120511488,-1022.2381619712,0.0,-1989.9663942528,False,False,False,1.0,obs,02246500,m3/s,"positive = downstream (seaward), negative = upstream (flood-tide reversal); negative values kept as-is"
2019-08-27 04:00:00+00:00,4,4,4,1.0,847.66480273152,-168.76840568832,1732.9910114304,0.0,847.66480273152,False,False,False,1.0,obs,02246500,m3/s,"positive = downstream (seaward), negative = upstream (flood-tide reversal); negative values kept as-is"
2019-08-27 05:00:00+00:00,4,4,4,1.0,3023.5312948608,2466.3973381632,3426.338437632,0.0,3023.5312948608,False,False,False,1.0,obs,02246500,m3/s,"positive = downstream (seaward), negative = upstream (flood-tide reversal); negative values kept as-is"
2019-08-27 06:00:00+00:00,4,4,4,1.0,3773.2198083840003,3482.972130816,4049.309062656,0.0,3773.2198083840003,False,False,False,1.0,obs,02246500,m3/s,"positive = downstream (seaward), negative = upstream (flood-tide reversal); negative values kept as-is"
2019-08-27 07:00:00+00:00,4,4,4,1.0,3971.4377345280004,3907.724829696,4077.625909248,0.0,3971.4377345280004,False,False,False,1.0,obs,02246500,m3/s,"positive = downstream (seaward), negative = upstream (flood-tide reversal); negative values kept as-is"
2019-08-27 08:00:00+00:00,4,4,4,1.0,3253.6056734208,2707.0905341952002,3709.506903552,0.0,3253.6056734208,False,False,False,1.0,obs,02246500,m3/s,"positive = downstream (seaward), negative = upstream (flood-tide reversal); negative values kept as-is"
2019-08-27 09:00:00+00:00,4,4,4,1.0,1181.9451767500802,129.12482045952,2188.8922415616003,0.0,1181.9451767500802,False,False,False,1.0,obs,02246500,m3/s,"positive = downstream (seaward), negative = upstream (flood-tide reversal); negative values kept as-is"
2019-08-27 10:00:00+00:00,4,4,4,1.0,-508.21660420992004,-1463.9809688064001,183.77633438208,0.0,-508.21660420992004,False,False,False,1.0,obs,02246500,m3/s,"positive = downstream (seaward), negative = upstream (flood-tide reversal); negative values kept as-is"
2019-08-27 11:00:00+00:00,4,4,4,1.0,-3050.4322991231998,-3822.7742899200002,-1752.8128040448,0.0,-3050.4322991231998,False,False,False,1.0,obs,02246500,m3/s,"positive = downstream (seaward), negative = upstream (flood-tide reversal); negative values kept as-is"
2019-08-27 12:00:00+00:00,4,4,4,1.0,-4445.744914944,-4672.27968768,-4247.5269888,0.0,-4445.744914944,False,False,False,1.0,obs,02246500,m3/s,"positive = downstream (seaward), negative = upstream (flood-tide reversal); negative values kept as-is"
2019-08-27 13:00:00+00:00,4,4,4,1.0,-4431.586491648,-4502.378608128,-4304.160681984,0.0,-4431.586491648,False,False,False,1.0,obs,02246500,m3/s,"positive = downstream (seaward), negative = upstream (flood-tide reversal); negative values kept as-is"
2019-08-27 14:00:00+00:00,4,4,4,1.0,-3582.081093888,-4049.309062656,-3256.43735808,0.0,-3582.081093888,False,False,False,1.0,obs,02246500,m3/s,"positive = downstream (seaward), negative = upstream (flood-tide reversal); negative values kept as-is"
2019-08-27 15:00:00+00:00,4,4,4,1.0,-1480.7587004121601,-2758.0608580608,60.31488324096,0.0,-1480.7587004121601,False,False,False,1.0,obs,02246500,m3/s,"positive = downstream (seaward), negative = upstream (flood-tide reversal); negative values kept as-is"
2019-08-27 16:00:00+00:00,4,4,4,1.0,1535.4810064512,637.12904832,2469.2290228224,0.0,1535.4810064512,False,False,False,1.0,obs,02246500,m3/s,"positive = downstream (seaward), negative = upstream (flood-tide reversal); negative values kept as-is"
2019-08-27 17:00:00+00:00,4,4,4,1.0,3532.526612352,3171.4868183040003,3936.041676288,0.0,3532.526612352,False,False,False,1.0,obs,02246500,m3/s,"positive = downstream (seaward), negative = upstream (flood-tide reversal); negative values kept as-is"
2019-08-27 18:00:00+00:00,4,4,4,1.0,4190.893295616001,4020.9922160640003,4417.428068352,0.0,4190.893295616001,False,False,False,1.0,obs,02246500,m3/s,"positive = downstream (seaward), negative = upstream (flood-tide reversal); negative values kept as-is"
2019-08-27 19:00:00+00:00,4,4,4,1.0,4757.230227456,4615.645994496,4842.180767232,0.0,4757.230227456,False,False,False,1.0,obs,02246500,m3/s,"positive = downstream (seaward), negative = upstream (flood-tide reversal); negative values kept as-is"
2019-08-27 20:00:00+00:00,4,4,4,1.0,4382.032010112,3822.7742899200002,4728.913380864,0.0,4382.032010112,False,False,False,1.0,obs,02246500,m3/s,"positive = downstream (seaward), negative = upstream (flood-tide reversal); negative values kept as-is"
2019-08-27 21:00:00+00:00,4,4,4,1.0,1924.8376470912,671.1092642304001,3143.169971712,0.0,1924.8376470912,False,False,False,1.0,obs,02246500,m3/s,"positive = downstream (seaward), negative = upstream (flood-tide reversal); negative values kept as-is"
2019-08-27 22:00:00+00:00,4,4,4,1.0,-904.0153274495999,-1543.268139264,-348.29721308160003,0.0,-904.0153274495999,False,False,False,1.0,obs,02246500,m3/s,"positive = downstream (seaward), negative = upstream (flood-tide reversal); negative values kept as-is"
2019-08-27 23:00:00+00:00,4,4,4,1.0,-3636.5910235776,-4728.913380864,-2285.1695199744,0.0,-3636.5910235776,False,False,False,1.0,obs,02246500,m3/s,"positive = downstream (seaward), negative = upstream (flood-tide reversal); negative values kept as-is"
2019-08-28 00:00:00+00:00,4,4,4,1.0,-5415.59691072,-5635.0524718080005,-5097.03238656,0.0,-5415.59691072,False,False,False,1.0,obs,02246500,m3/s,"positive = downstream (seaward), negative = upstream (flood-tide reversal); negative values kept as-is"
2019-08-28 01:00:00+00:00,4,4,4,1.0,-5429.755334015999,-5578.418778624,-5323.567159296,0.0,-5429.755334015999,False,False,False,1.0,obs,02246500,m3/s,"positive = downstream (seaward), negative = upstream (flood-tide reversal); negative values kept as-is"
2019-08-28 02:00:00+00:00,4,4,4,1.0,-5288.171101056,-5436.834545664,-5181.982926336,0.0,-5288.171101056,False,False,False,1.0,obs,02246500,m3/s,"positive = downstream (seaward), negative = upstream (flood-tide reversal); negative values kept as-is"
2019-08-28 03:00:00+00:00,4,4,4,1.0,-3689.6851109376,-4728.913380864,-2412.5953296384,0.0,-3689.6851109376,False,False,False,1.0,obs,02246500,m3/s,"positive = downstream (seaward), negative = upstream (flood-tide reversal); negative values kept as-is"
2019-08-28 04:00:00+00:00,4,4,4,1.0,-894.8123523072,-1883.070298368,317.1486818304,0.0,-894.8123523072,False,False,False,1.0,obs,02246500,m3/s,"positive = downstream (seaward), negative = upstream (flood-tide reversal); negative values kept as-is"
2019-08-28 05:00:00+00:00,4,4,4,1.0,2033.1495853056,1138.3372329984,3001.585738752,0.0,2033.1495853056,False,False,False,1.0,obs,02246500,m3/s,"positive = downstream (seaward), negative = upstream (flood-tide reversal); negative values kept as-is"
2019-08-28 06:00:00+00:00,4,4,4,1.0,3872.328771456,3228.120511488,4275.843835392,0.0,3872.328771456,False,False,False,1.0,obs,02246500,m3/s,"positive = downstream (seaward), negative = upstream (flood-tide reversal); negative values kept as-is"
2019-08-28 07:00:00+00:00,4,4,4,1.0,4608.566782848,4502.378608128,4757.230227456,0.0,4608.566782848,False,False,False,1.0,obs,02246500,m3/s,"positive = downstream (seaward), negative = upstream (flood-tide reversal); negative values kept as-is"
2019-08-28 08:00:00+00:00,4,4,4,1.0,4757.230227456,4615.645994496,4842.180767232,0.0,4757.230227456,False,False,False,1.0,obs,02246500,m3/s,"positive = downstream (seaward), negative = upstream (flood-tide reversal); negative values kept as-is"
2019-08-28 09:00:00+00:00,4,4,4,1.0,3978.516946176,3482.972130816,4445.744914944,0.0,3978.516946176,False,False,False,1.0,obs,02246500,m3/s,"positive = downstream (seaward), negative = upstream (flood-tide reversal); negative values kept as-is"
2019-08-28 10:00:00+00:00,4,4,4,1.0,1601.3176747776,453.069545472,2704.258849536,0.0,1601.3176747776,False,False,False,1.0,obs,02246500,m3/s,"positive = downstream (seaward), negative = upstream (flood-tide reversal); negative values kept as-is"
2019-08-28 11:00:00+00:00,4,4,4,1.0,-658.7206438464,-1631.0503636992,-61.447557104640005,0.0,-658.7206438464,False,False,False,1.0,obs,02246500,m3/s,"positive = downstream (seaward), negative = upstream (flood-tide reversal); negative values kept as-is"
2019-08-28 12:00:00+00:00,4,4,4,1.0,-3264.9324120576002,-3907.724829696,-2242.6942500864,0.0,-3264.9324120576002,False,False,False,1.0,obs,02246500,m3/s,"positive = downstream (seaward), negative = upstream (flood-tide reversal); negative values kept as-is"
2019-08-28 13:00:00+00:00,4,4,4,1.0,-4700.596534272,-4955.4481536,-4247.5269888,0.0,-4700.596534272,False,False,False,1.0,obs,02246500,m3/s,"positive = downstream (seaward), negative = upstream (flood-tide reversal); negative values kept as-is"
2019-08-28 14:00:00+00:00,4,4,4,1.0,-4693.517322624,-5040.398693376,-4445.744914944,0.0,-4693.517322624,False,False,False,1.0,obs,02246500,m3/s,"positive = downstream (seaward), negative = upstream (flood-tide reversal); negative values kept as-is"
2019-08-28 15:00:00+00:00,4,4,4,1.0,-3330.769080384,-4190.893295616,-2534.3577699840002,0.0,-3330.769080384,False,False,False,1.0,obs,02246500,m3/s,"positive = downstream (seaward), negative = upstream (flood-tide reversal); negative values kept as-is"
2019-08-28 16:00:00+00:00,4,4,4,1.0,-968.8609061452802,-2016.1594773504,261.64766251008,0.0,-968.8609061452802,False,False,False,1.0,obs,02246500,m3/s,"positive = downstream (seaward), negative = upstream (flood-tide reversal); negative values kept as-is"
2019-08-28 17:00:00+00:00,4,4,4,1.0,2080.5803033472002,1183.6441875456,2806.1994972672,0.0,2080.5803033472002,False,False,False,1.0,obs,02246500,m3/s,"positive = downstream (seaward), negative = upstream (flood-tide reversal); negative values kept as-is"
2019-08-28 18:00:00+00:00,4,4,4,1.0,3773.2198083840003,3482.972130816,4360.794375168,0.0,3773.2198083840003,False,False,False,1.0,obs,02246500,m3/s,"positive = downstream (seaward), negative = upstream (flood-tide reversal); negative values kept as-is"
2019-08-28 19:00:00+00:00,4,4,4,1.0,4551.933089664,4360.794375168,4813.86392064,0.0,4551.933089664,False,False,False,1.0,obs,02246500,m3/s,"positive = downstream (seaward), negative = upstream (flood-tide reversal); negative values kept as-is"
2019-08-28 20:00:00+00:00,4,4,4,1.0,4530.69545472,4389.11122176,4672.27968768,0.0,4530.69545472,False,False,False,1.0,obs,02246500,m3/s,"positive = downstream (seaward), negative = upstream (flood-tide reversal); negative values kept as-is"
2019-08-28 21:00:00+00:00,4,4,4,1.0,4013.9130044159997,3681.19005696,4247.5269888,0.0,4013.9130044159997,False,False,False,1.0,obs,02246500,m3/s,"positive = downstream (seaward), negative = upstream (flood-tide reversal); negative values kept as-is"
2019-08-28 22:00:00+00:00,4,4,4,1.0,1866.7881115776001,370.95069035520004,2973.26889216,0.0,1866.7881115776001,False,False,False,1.0,obs,02246500,m3/s,"positive = downstream (seaward), negative = upstream (flood-tide reversal); negative values kept as-is"
2019-08-28 23:00:00+00:00,4,4,4,1.0,-1632.9617508441602,-2831.6846592,-197.36842074624002,0.0,-1632.9617508441602,False,False,False,1.0,obs,02246500,m3/s,"positive = downstream (seaward), negative = upstream (flood-tide reversal); negative values kept as-is"
2019-08-29 00:00:00+00:00,4,4,4,1.0,-4219.210142208,-5323.567159296,-3482.972130816,0.0,-4219.210142208,False,False,False,1.0,obs,02246500,m3/s,"positive = downstream (seaward), negative = upstream (flood-tide reversal); negative values kept as-is"
2019-08-29 01:00:00+00:00,4,4,4,1.0,-5613.8148368639995,-5946.53778432,-5181.982926336,0.0,-5613.8148368639995,False,False,False,1.0,obs,02246500,m3/s,"positive = downstream (seaward), negative = upstream (flood-tide reversal); negative values kept as-is"
2019-08-29 02:00:00+00:00,4,4,4,1.0,-5670.448530048,-5918.2209377280005,-5465.151392256,0.0,-5670.448530048,False,False,False,1.0,obs,02246500,m3/s,"positive = downstream (seaward), negative = upstream (flood-tide reversal); negative values kept as-is"
2019-08-29 03:00:00+00:00,4,4,4,1.0,-4856.3391905280005,-5351.8840058880005,-4474.061761536,0.0,-4856.3391905280005,False,False,False,1.0,obs,02246500,m3/s,"positive = downstream (seaward), negative = upstream (flood-tide reversal); negative values kept as-is"
2019-08-29 04:00:00+00:00,4,4,4,1.0,-3737.823750144,-4304.160681984,-2973.26889216,0.0,-3737.823750144,False,False,False,1.0,obs,02246500,m3/s,"positive = downstream (seaward), negative = upstream (flood-tide reversal); negative values kept as-is"
2019-08-29 05:00:00+00:00,4,4,4,1.0,-1179.67982902272,-2336.13984384,222.57041421312002,0.0,-1179.67982902272,False,False,False,1.0,obs,02246500,m3/s,"positive = downstream (seaward), negative = upstream (flood-tide reversal); negative values kept as-is"
2019-08-29 06:00:00+00:00,4,4,4,1.0,2215.793245824,1514.9512926720001,3171.4868183040003,0.0,2215.793245824,False,False,False,1.0,obs,02246500,m3/s,"positive = downstream (seaward), negative = upstream (flood-tide reversal); negative values kept as-is"
2019-08-29 07:00:00+00:00,4,4,4,1.0,3751.98217344,3454.6552842240003,4190.893295616,0.0,3751.98217344,False,False,False,1.0,obs,02246500,m3/s,"positive = downstream (seaward), negative = upstream (flood-tide reversal); negative values kept as-is"
2019-08-29 08:00:00+00:00,4,4,4,1.0,4587.329147904,4360.794375168,4757.230227456,0.0,4587.329147904,False,False,False,1.0,obs,02246500,m3/s,"positive = downstream (seaward), negative = upstream (flood-tide reversal); negative values kept as-is"
2019-08-29 09:00:00+00:00,4,4,4,1.0,4665.200476032001,4417.428068352,4785.5470740480005,0.0,4665.200476032001,False,False,False,1.0,obs,02246500,m3/s,"positive = downstream (seaward), negative = upstream (flood-tide reversal); negative values kept as-is"
2019-08-29 10:00:00+00:00,4,4,4,1.0,4127.180390784,3596.2395171840003,4530.69545472,0.0,4127.180390784,False,False,False,1.0,obs,02246500,m3/s,"positive = downstream (seaward), negative = upstream (flood-tide reversal); negative values kept as-is"
2019-08-29 11:00:00+00:00,4,4,4,1.0,1700.4266378496002,319.9803664896,3029.9025853440003,0.0,1700.4266378496002,False,False,False,1.0,obs,02246500,m3/s,"positive = downstream (seaward), negative = upstream (flood-tide reversal); negative values kept as-is"
2019-08-29 12:00:00+00:00,4,4,4,1.0,-1413.7185661056,-2590.991463168,-294.4952045568,0.0,-1413.7185661056,False,False,False,1.0,obs,02246500,m3/s,"positive = downstream (seaward), negative = upstream (flood-tide reversal); negative values kept as-is"
2019-08-29 13:00:00+00:00,4,4,4,1.0,-3936.041676288,-4587.329147904,-3199.803664896,0.0,-3936.041676288,False,False,False,1.0,obs,02246500,m3/s,"positive = downstream (seaward), negative = upstream (flood-tide reversal); negative values kept as-is"
2019-08-29 14:00:00+00:00,4,4,4,1.0,-5089.953174912,-5465.151392256,-4559.012301312,0.0,-5089.953174912,False,False,False,1.0,obs,02246500,m3/s,"positive = downstream (seaward), negative = upstream (flood-tide reversal); negative values kept as-is"
2019-08-29 15:00:00+00:00,4,4,4,1.0,-4920.05209536,-5153.666079744,-4615.645994496,0.0,-4920.05209536,False,False,False,1.0,obs,02246500,m3/s,"positive = downstream (seaward), negative = upstream (flood-tide reversal); negative values kept as-is"
2019-08-29 16:00:00+00:00,4,4,4,1.0,-3688.269268608,-4559.012301312,-2860.001505792,0.0,-3688.269268608,False,False,False,1.0,obs,02246500,m3/s,"positive = downstream (seaward), negative = upstream (flood-tide reversal); negative values kept as-is"
2019-08-29 17:00:00+00:00,4,4,4,1.0,-1228.5971815103999,-2166.238764288,-60.8812201728,0.0,-1228.5971815103999,False,False,False,1.0,obs,02246500,m3/s,"positive = downstream (seaward), negative = upstream (flood-tide reversal); negative values kept as-is"
2019-08-29 18:00:00+00:00,4,4,4,1.0,1907.1396179712,798.5350738944,2811.8628665856,0.0,1907.1396179712,False,False,False,1.0,obs,02246500,m3/s,"positive = downstream (seaward), negative = upstream (flood-tide reversal); negative values kept as-is"
2019-08-29 19:00:00+00:00,4,4,4,1.0,3844.0119248640003,3341.387897856,4219.210142208,0.0,3844.0119248640003,False,False,False,1.0,obs,02246500,m3/s,"positive = downstream (seaward), negative = upstream (flood-tide reversal); negative values kept as-is"
2019-08-29 20:00:00+00:00,4,4,4,1.0,4495.299396480001,4247.5269888,4672.27968768,0.0,4495.299396480001,False,False,False,1.0,obs,02246500,m3/s,"positive = downstream (seaward), negative = upstream (flood-tide reversal); negative values kept as-is"
2019-08-29 21:00:00+00:00,4,4,4,1.0,4636.88362944,4559.012301312,4785.5470740480005,0.0,4636.88362944,False,False,False,1.0,obs,02246500,m3/s,"positive = downstream (seaward), negative = upstream (flood-tide reversal); negative values kept as-is"
2019-08-29 22:00:00+00:00,4,4,4,1.0,4141.33881408,3709.506903552,4672.27968768,0.0,4141.33881408,False,False,False,1.0,obs,02246500,m3/s,"positive = downstream (seaward), negative = upstream (flood-tide reversal); negative values kept as-is"
2019-08-29 23:00:00+00:00,4,4,4,1.0,1828.9851213772802,182.92682898432,2888.3183523840003,0.0,1828.9851213772802,False,False,False,1.0,obs,02246500,m3/s,"positive = downstream (seaward), negative = upstream (flood-tide reversal); negative values kept as-is"
2019-08-30 00:00:00+00:00,4,4,4,1.0,-1759.184094528,-3171.4868183040003,-402.0992216064,0.0,-1759.184094528,False,False,False,1.0,obs,02246500,m3/s,"positive = downstream (seaward), negative = upstream (flood-tide reversal); negative values kept as-is"
2019-08-30 01:00:00+00:00,4,4,4,1.0,-4396.190433408,-4983.765000192,-3652.873210368,0.0,-4396.190433408,False,False,False,1.0,obs,02246500,m3/s,"positive = downstream (seaward), negative = upstream (flood-tide reversal); negative values kept as-is"
2019-08-30 02:00:00+00:00,4,4,4,1.0,-5394.359275776,-5578.418778624,-5068.7155399680005,0.0,-5394.359275776,False,False,False,1.0,obs,02246500,m3/s,"positive = downstream (seaward), negative = upstream (flood-tide reversal); negative values kept as-is"
2019-08-30 03:00:00+00:00,4,4,4,1.0,-5486.389027200001,-5946.53778432,-5068.7155399680005,0.0,-5486.389027200001,False,False,False,1.0,obs,02246500,m3/s,"positive = downstream (seaward), negative = upstream (flood-tide reversal); negative values kept as-is"
2019-08-30 04:00:00+00:00,4,4,4,1.0,-4955.4481536,-5351.8840058880005,-4559.012301312,0.0,-4955.4481536,False,False,False,1.0,obs,02246500,m3/s,"positive = downstream (seaward), negative = upstream (flood-tide reversal); negative values kept as-is"
2019-08-30 05:00:00+00:00,4,4,4,1.0,-3612.5217039744,-4530.69545472,-2698.5954802176,0.0,-3612.5217039744,False,False,False,1.0,obs,02246500,m3/s,"positive = downstream (seaward), negative = upstream (flood-tide reversal); negative values kept as-is"
2019-08-30 06:00:00+00:00,4,4,4,1.0,-846.6737131008,-1919.8821989376002,560.6735625216,0.0,-846.6737131008,False,False,False,1.0,obs,02246500,m3/s,"positive = downstream (seaward), negative = upstream (flood-tide reversal); negative values kept as-is"
2019-08-30 07:00:00+00:00,4,4,4,1.0,2289.4170469632,1393.1888523264001,3426.338437632,0.0,2289.4170469632,False,False,False,1.0,obs,02246500,m3/s,"positive = downstream (seaward), negative = upstream (flood-tide reversal); negative values kept as-is"
2019-08-30 08:00:00+00:00,4,4,4,1.0,4028.071427712,3652.873210368,4389.11122176,0.0,4028.071427712,False,False,False,1.0,obs,02246500,m3/s,"positive = downstream (seaward), negative = upstream (flood-tide reversal); negative values kept as-is"
2019-08-30 09:00:00+00:00,4,4,4,1.0,4672.27968768,4474.061761536,4785.5470740480005,0.0,4672.27968768,False,False,False,1.0,obs,02246500,m3/s,"positive = downstream (seaward), negative = upstream (flood-tide reversal); negative values kept as-is"
2019-08-30 10:00:00+00:00,4,4,4,1.0,4820.943132288,4615.645994496,5068.7155399680005,0.0,4820.943132288,False,False,False,1.0,obs,02246500,m3/s,"positive = downstream (seaward), negative = upstream (flood-tide reversal); negative values kept as-is"
2019-08-30 11:00:00+00:00,4,4,4,1.0,3928.9624646400002,3228.120511488,4502.378608128,0.0,3928.9624646400002,False,False,False,1.0,obs,02246500,m3/s,"positive = downstream (seaward), negative = upstream (flood-tide reversal); negative values kept as-is"
2019-08-30 12:00:00+00:00,4,4,4,1.0,980.4708132479999,-484.2180767232,2254.0209887232,0.0,980.4708132479999,False,False,False,1.0,obs,02246500,m3/s,"positive = downstream (seaward), negative = upstream (flood-tide reversal); negative values kept as-is"
2019-08-30 13:00:00+00:00,4,4,4,1.0,-2310.6546819072,-3256.43735808,-1353.5452670976001,0.0,-2310.6546819072,False,False,False,1.0,obs,02246500,m3/s,"positive = downstream (seaward), negative = upstream (flood-tide reversal); negative values kept as-is"
2019-08-30 14:00:00+00:00,4,4,4,1.0,-4438.665703296,-5181.982926336,-3851.091136512,0.0,-4438.665703296,False,False,False,1.0,obs,02246500,m3/s,"positive = downstream (seaward), negative = upstream (flood-tide reversal); negative values kept as-is"
2019-08-30 15:00:00+00:00,4,4,4,1.0,-5592.57720192,-5691.686164992,-5436.834545664,0.0,-5592.57720192,False,False,False,1.0,obs,02246500,m3/s,"positive = downstream (seaward), negative = upstream (flood-tide reversal); negative values kept as-is"
2019-08-30 16:00:00+00:00,4,4,4,1.0,-5026.24027008,-5323.567159296,-4615.645994496,0.0,-5026.24027008,False,False,False,1.0,obs,02246500,m3/s,"positive = downstream (seaward), negative = upstream (flood-tide reversal); negative values kept as-is"
2019-08-30 17:00:00+00:00,4,4,4,1.0,-3836.932713216,-4530.69545472,-3256.43735808,0.0,-3836.932713216,False,False,False,1.0,obs,02246500,m3/s,"positive = downstream (seaward), negative = upstream (flood-tide reversal); negative values kept as-is"
2019-08-30 18:00:00+00:00,4,4,4,1.0,-1583.6196456576,-2724.0806421504,-427.5843835392,0.0,-1583.6196456576,False,False,False,1.0,obs,02246500,m3/s,"positive = downstream (seaward), negative = upstream (flood-tide reversal); negative values kept as-is"
2019-08-30 19:00:00+00:00,4,4,4,1.0,1478.98889750016,127.99214659584,2568.3379858944,0.0,1478.98889750016,False,False,False,1.0,obs,02246500,m3/s,"positive = downstream (seaward), negative = upstream (flood-tide reversal); negative values kept as-is"
2019-08-30 20:00:00+00:00,4,4,4,1.0,3943.120887936,3426.338437632,4502.378608128,0.0,3943.120887936,False,False,False,1.0,obs,02246500,m3/s,"positive = downstream (seaward), negative = upstream (flood-tide reversal); negative values kept as-is"
2019-08-30 21:00:00+00:00,4,4,4,1.0,4905.893672064,4530.69545472,5181.982926336,0.0,4905.893672064,False,False,False,1.0,obs,02246500,m3/s,"positive = downstream (seaward), negative = upstream (flood-tide reversal); negative values kept as-is"
2019-08-30 22:00:00+00:00,4,4,4,1.0,5019.161058432,4955.4481536,5097.03238656,0.0,5019.161058432,False,False,False,1.0,obs,02246500,m3/s,"positive = downstream (seaward), negative = upstream (flood-tide reversal); negative values kept as-is"
2019-08-30 23:00:00+00:00,4,4,4,1.0,4452.8241265920005,3794.457443328,4927.1313070080005,0.0,4452.8241265920005,False,False,False,1.0,obs,02246500,m3/s,"positive = downstream (seaward), negative = upstream (flood-tide reversal); negative values kept as-is"
2019-08-31 00:00:00+00:00,4,4,4,1.0,2050.1396932608,416.2576449024,3284.754204672,0.0,2050.1396932608,False,False,False,1.0,obs,02246500,m3/s,"positive = downstream (seaward), negative = upstream (flood-tide reversal); negative values kept as-is"
2019-08-31 01:00:00+00:00,4,4,4,1.0,-1769.0949908352,-2828.8529745408,-458.7329147904,0.0,-1769.0949908352,False,False,False,1.0,obs,02246500,m3/s,"positive = downstream (seaward), negative = upstream (flood-tide reversal); negative values kept as-is"
2019-08-31 02:00:00+00:00,4,4,4,1.0,-4247.5269888,-5068.7155399680005,-3539.605824,0.0,-4247.5269888,False,False,False,1.0,obs,02246500,m3/s,"positive = downstream (seaward), negative = upstream (flood-tide reversal); negative values kept as-is"
2019-08-31 03:00:00+00:00,4,4,4,1.0,-5472.230603904,-5635.0524718080005,-5323.567159296,0.0,-5472.230603904,False,False,False,1.0,obs,02246500,m3/s,"positive = downstream (seaward), negative = upstream (flood-tide reversal); negative values kept as-is"
2019-08-31 04:00:00+00:00,4,4,4,1.0,-5337.725582592,-5465.151392256,-5238.61661952,0.0,-5337.725582592,False,False,False,1.0,obs,02246500,m3/s,"positive = downstream (seaward), negative = upstream (flood-tide reversal); negative values kept as-is"
2019-08-31 05:00:00+00:00,4,4,4,1.0,-4750.151015808,-5210.2997729280005,-4304.160681984,0.0,-4750.151015808,False,False,False,1.0,obs,02246500,m3/s,"positive = downstream (seaward), negative = upstream (flood-tide reversal); negative values kept as-is"
2019-08-31 06:00:00+00:00,4,4,4,1.0,-2979.6401826432,-4134.259602432,-2010.4961080320002,0.0,-2979.6401826432,False,False,False,1.0,obs,02246500,m3/s,"positive = downstream (seaward), negative = upstream (flood-tide reversal); negative values kept as-is"
2019-08-31 07:00:00+00:00,4,4,4,1.0,0.0,-1302.5749432320001,1413.0106449408001,0.0,0.0,False,False,False,1.0,obs,02246500,m3/s,"positive = downstream (seaward), negative = upstream (flood-tide reversal); negative values kept as-is"
2019-08-31 08:00:00+00:00,4,4,4,1.0,2888.318352384,1851.9217671168,3822.7742899200002,0.0,2888.318352384,False,False,False,1.0,obs,02246500,m3/s,"positive = downstream (seaward), negative = upstream (flood-tide reversal); negative values kept as-is"
2019-08-31 09:00:00+00:00,4,4,4,1.0,4481.140973183999,4020.9922160640003,4870.497613824,0.0,4481.140973183999,False,False,False,1.0,obs,02246500,m3/s,"positive = downstream (seaward), negative = upstream (flood-tide reversal); negative values kept as-is"
2019-08-31 10:00:00+00:00,4,4,4,1.0,5111.190809856,4955.4481536,5266.933466112,0.0,5111.190809856,False,False,False,1.0,obs,02246500,m3/s,"positive = downstream (seaward), negative = upstream (flood-tide reversal); negative values kept as-is"
2019-08-31 11:00:00+00:00,4,4,4,1.0,5019.161058432001,4955.4481536,5125.349233152,0.0,5019.161058432001,False,False,False,1.0,obs,02246500,m3/s,"positive = downstream (seaward), negative = upstream (flood-tide reversal); negative values kept as-is"
2019-08-31 12:00:00+00:00,4,4,4,1.0,4197.972507263999,3624.556363776,4700.596534272,0.0,4197.972507263999,False,False,False,1.0,obs,02246500,m3/s,"positive = downstream (seaward), negative = upstream (flood-tide reversal); negative values kept as-is"
2019-08-31 13:00:00+00:00,4,4,4,1.0,1172.3174489087999,-376.6140596736,2670.2786336256,0.0,1172.3174489087999,False,False,False,1.0,obs,02246500,m3/s,"positive = downstream (seaward), negative = upstream (flood-tide reversal); negative values kept as-is"
2019-08-31 14:00:00+00:00,4,4,4,1.0,-2113.144676928,-3171.4868183040003,-1132.67386368,0.0,-2113.144676928,False,False,False,1.0,obs,02246500,m3/s,"positive = downstream (seaward), negative = upstream (flood-tide reversal); negative values kept as-is"
2019-08-31 15:00:00+00:00,4,4,4,1.0,-4226.289353856,-4983.765000192,-3822.7742899200002,0.0,-4226.289353856,False,False,False,1.0,obs,02246500,m3/s,"positive = downstream (seaward), negative = upstream (flood-tide reversal); negative values kept as-is"
2019-08-31 16:00:00+00:00,4,4,4,1.0,-5281.0918894080005,-5635.0524718080005,-4870.497613824,0.0,-5281.0918894080005,False,False,False,1.0,obs,02246500,m3/s,"positive = downstream (seaward), negative = upstream (flood-tide reversal); negative values kept as-is"
2019-08-31 17:00:00+00:00,4,4,4,1.0,-4891.735248768,-5097.03238656,-4700.596534272,0.0,-4891.735248768,False,False,False,1.0,obs,02246500,m3/s,"positive = downstream (seaward), negative = upstream (flood-tide reversal); negative values kept as-is"
2019-08-31 18:00:00+00:00,4,4,4,1.0,-3545.9771144832002,-4389.11122176,-2574.0013552128003,0.0,-3545.9771144832002,False,False,False,1.0,obs,02246500,m3/s,"positive = downstream (seaward), negative = upstream (flood-tide reversal); negative values kept as-is"
2019-08-31 19:00:00+00:00,4,4,4,1.0,-659.0746044288,-1591.4067784704,668.2775795712,0.0,-659.0746044288,False,False,False,1.0,obs,02246500,m3/s,"positive = downstream (seaward), negative = upstream (flood-tide reversal); negative values kept as-is"
2019-08-31 20:00:00+00:00,4,4,4,1.0,2386.4022465408,1342.2185284608001,3398.02159104,0.0,2386.4022465408,False,False,False,1.0,obs,02246500,m3/s,"positive = downstream (seaward), negative = upstream (flood-tide reversal); negative values kept as-is"
2019-08-31 21:00:00+00:00,4,4,4,1.0,4127.180390784,3709.506903552,4389.11122176,0.0,4127.180390784,False,False,False,1.0,obs,02246500,m3/s,"positive = downstream (seaward), negative = upstream (flood-tide reversal); negative values kept as-is"
2019-08-31 22:00:00+00:00,4,4,4,1.0,4735.992592512001,4559.012301312,4927.1313070080005,0.0,4735.992592512001,False,False,False,1.0,obs,02246500,m3/s,"positive = downstream (seaward), negative = upstream (flood-tide reversal); negative values kept as-is"
2019-08-31 23:00:00+00:00,4,4,4,1.0,4934.210518656,4870.497613824,5012.081846784,0.0,4934.210518656,False,False,False,1.0,obs,02246500,m3/s,"positive = downstream (seaward), negative = upstream (flood-tide reversal); negative values kept as-is"
2019-09-01 00:00:00+00:00,4,4,4,1.0,4141.33881408,3511.288977408,4643.9628410880005,0.0,4141.33881408,False,False,False,1.0,obs,02246500,m3/s,"positive = downstream (seaward), negative = upstream (flood-tide reversal); negative values kept as-is"
2019-09-01 01:00:00+00:00,4,4,4,1.0,1665.1367677843198,20.246545313280002,2831.6846592,0.0,1665.1367677843198,False,False,False,1.0,obs,02246500,m3/s,"positive = downstream (seaward), negative = upstream (flood-tide reversal); negative values kept as-is"
2019-09-01 02:00:00+00:00,4,4,4,1.0,-2067.129801216,-3398.02159104,-679.604318208,0.0,-2067.129801216,False,False,False,1.0,obs,02246500,m3/s,"positive = downstream (seaward), negative = upstream (flood-tide reversal); negative values kept as-is"
2019-09-01 03:00:00+00:00,4,4,4,1.0,-4389.11122176,-5012.081846784,-3737.8237501440003,0.0,-4389.11122176,False,False,False,1.0,obs,02246500,m3/s,"positive = downstream (seaward), negative = upstream (flood-tide reversal); negative values kept as-is"
2019-09-01 04:00:00+00:00,4,4,4,1.0,-5429.755334015999,-5833.270397952,-5238.61661952,0.0,-5429.755334015999,False,False,False,1.0,obs,02246500,m3/s,"positive = downstream (seaward), negative = upstream (flood-tide reversal); negative values kept as-is"
2019-09-01 05:00:00+00:00,4,4,4,1.0,-5521.78508544,-5776.6367047680005,-5153.666079744,0.0,-5521.78508544,False,False,False,1.0,obs,02246500,m3/s,"positive = downstream (seaward), negative = upstream (flood-tide reversal); negative values kept as-is"
2019-09-01 06:00:00+00:00,4,4,4,1.0,-4608.566782848,-4870.497613824,-4162.576449024,0.0,-4608.566782848,False,False,False,1.0,obs,02246500,m3/s,"positive = downstream (seaward), negative = upstream (flood-tide reversal); negative values kept as-is"
2019-09-01 07:00:00+00:00,4,4,4,1.0,-2759.4767003904,-3426.338437632,-1798.1197585920002,0.0,-2759.4767003904,False,False,False,1.0,obs,02246500,m3/s,"positive = downstream (seaward), negative = upstream (flood-tide reversal); negative values kept as-is"
2019-09-01 08:00:00+00:00,4,4,4,1.0,430.20369184896003,-866.4955057152,1585.7434091520001,0.0,430.20369184896003,False,False,False,1.0,obs,02246500,m3/s,"positive = downstream (seaward), negative = upstream (flood-tide reversal); negative values kept as-is"
2019-09-01 09:00:00+00:00,4,4,4,1.0,3116.2689674496,2242.6942500864,3737.8237501440003,0.0,3116.2689674496,False,False,False,1.0,obs,02246500,m3/s,"positive = downstream (seaward), negative = upstream (flood-tide reversal); negative values kept as-is"
2019-09-01 10:00:00+00:00,4,4,4,1.0,4509.457819776,4049.309062656,4813.86392064,0.0,4509.457819776,False,False,False,1.0,obs,02246500,m3/s,"positive = downstream (seaward), negative = upstream (flood-tide reversal); negative values kept as-is"
2019-09-01 11:00:00+00:00,4,4,4,1.0,4891.735248768,4643.9628410880005,5097.03238656,0.0,4891.735248768,False,False,False,1.0,obs,02246500,m3/s,"positive = downstream (seaward), negative = upstream (flood-tide reversal); negative values kept as-is"
2019-09-01 12:00:00+00:00,4,4,4,1.0,4835.1015555839995,4559.012301312,5153.666079744,0.0,4835.1015555839995,False,False,False,1.0,obs,02246500,m3/s,"positive = downstream (seaward), negative = upstream (flood-tide reversal); negative values kept as-is"
2019-09-01 13:00:00+00:00,4,4,4,1.0,3616.0613097984005,2627.8033637376,4360.794375168,0.0,3616.0613097984005,False,False,False,1.0,obs,02246500,m3/s,"positive = downstream (seaward), negative = upstream (flood-tide reversal); negative values kept as-is"
2019-09-01 14:00:00+00:00,4,4,4,1.0,370.66752188928007,-1025.0698466304,1758.4761733632001,0.0,370.66752188928007,False,False,False,1.0,obs,02246500,m3/s,"positive = downstream (seaward), negative = upstream (flood-tide reversal); negative values kept as-is"
2019-09-01 15:00:00+00:00,4,4,4,1.0,-2843.7193190016,-3936.041676288,-1554.5948779008002,0.0,-2843.7193190016,False,False,False,1.0,obs,02246500,m3/s,"positive = downstream (seaward), negative = upstream (flood-tide reversal); negative values kept as-is"
2019-09-01 16:00:00+00:00,4,4,4,1.0,-4537.774666368,-5436.834545664,-3964.3585228800002,0.0,-4537.774666368,False,False,False,1.0,obs,02246500,m3/s,"positive = downstream (seaward), negative = upstream (flood-tide reversal); negative values kept as-is"
2019-09-01 17:00:00+00:00,4,4,4,1.0,-5486.3890272,-5691.686164992,-5068.7155399680005,0.0,-5486.3890272,False,False,False,1.0,obs,02246500,m3/s,"positive = downstream (seaward), negative = upstream (flood-tide reversal); negative values kept as-is"
2019-09-01 18:00:00+00:00,4,4,4,1.0,-4856.3391905280005,-5097.03238656,-4530.69545472,0.0,-4856.3391905280005,False,False,False,1.0,obs,02246500,m3/s,"positive = downstream (seaward), negative = upstream (flood-tide reversal); negative values kept as-is"
2019-09-01 19:00:00+00:00,4,4,4,1.0,-3495.0067906176,-4134.259602432,-2681.6053722624,0.0,-3495.0067906176,False,False,False,1.0,obs,02246500,m3/s,"positive = downstream (seaward), negative = upstream (flood-tide reversal); negative values kept as-is"
2019-09-01 20:00:00+00:00,4,4,4,1.0,-1002.4871614732803,-2109.605071104,169.61791108608,0.0,-1002.4871614732803,False,False,False,1.0,obs,02246500,m3/s,"positive = downstream (seaward), negative = upstream (flood-tide reversal); negative values kept as-is"
2019-09-01 21:00:00+00:00,4,4,4,1.0,1934.7485433984002,1008.0797386752,2973.26889216,0.0,1934.7485433984002,False,False,False,1.0,obs,02246500,m3/s,"positive = downstream (seaward), negative = upstream (flood-tide reversal); negative values kept as-is"
2019-09-01 22:00:00+00:00,4,4,4,1.0,3907.7248296959997,3652.873210368,4134.259602432,0.0,3907.7248296959997,False,False,False,1.0,obs,02246500,m3/s,"positive = downstream (seaward), negative = upstream (flood-tide reversal); negative values kept as-is"
2019-09-01 23:00:00+00:00,4,4,4,1.0,4530.69545472,4190.893295616,4728.913380864,0.0,4530.69545472,False,False,False,1.0,obs,02246500,m3/s,"positive = downstream (seaward), negative = upstream (flood-tide reversal); negative values kept as-is"
2019-09-02 00:00:00+00:00,4,4,4,1.0,4721.834169216,4530.69545472,4870.497613824,0.0,4721.834169216,False,False,False,1.0,obs,02246500,m3/s,"positive = downstream (seaward), negative = upstream (flood-tide reversal); negative values kept as-is"
2019-09-02 01:00:00+00:00,4,4,4,1.0,3928.96246464,3284.754204672,4332.477528576,0.0,3928.96246464,False,False,False,1.0,obs,02246500,m3/s,"positive = downstream (seaward), negative = upstream (flood-tide reversal); negative values kept as-is"
2019-09-02 02:00:00+00:00,4,4,4,1.0,1233.1986690816002,-322.8120511488,2738.2390654464,0.0,1233.1986690816002,False,False,False,1.0,obs,02246500,m3/s,"positive = downstream (seaward), negative = upstream (flood-tide reversal); negative values kept as-is"
2019-09-02 03:00:00+00:00,4,4,4,1.0,-1962.3574688255999,-3171.4868183040003,-693.762741504,0.0,-1962.3574688255999,False,False,False,1.0,obs,02246500,m3/s,"positive = downstream (seaward), negative = upstream (flood-tide reversal); negative values kept as-is"
2019-09-02 04:00:00+00:00,4,4,4,1.0,-4226.289353856,-4898.814460416,-3794.457443328,0.0,-4226.289353856,False,False,False,1.0,obs,02246500,m3/s,"positive = downstream (seaward), negative = upstream (flood-tide reversal); negative values kept as-is"
2019-09-02 05:00:00+00:00,4,4,4,1.0,-5450.992968959999,-5663.3693184,-5266.933466112,0.0,-5450.992968959999,False,False,False,1.0,obs,02246500,m3/s,"positive = downstream (seaward), negative = upstream (flood-tide reversal); negative values kept as-is"
2019-09-02 06:00:00+00:00,4,4,4,1.0,-5047.4779050239995,-5323.567159296,-4842.180767232,0.0,-5047.4779050239995,False,False,False,1.0,obs,02246500,m3/s,"positive = downstream (seaward), negative = upstream (flood-tide reversal); negative values kept as-is"
2019-09-02 07:00:00+00:00,4,4,4,1.0,-4459.90333824,-4983.765000192,-3992.675369472,0.0,-4459.90333824,False,False,False,1.0,obs,02246500,m3/s,"positive = downstream (seaward), negative = upstream (flood-tide reversal); negative values kept as-is"
2019-09-02 08:00:00+00:00,4,4,4,1.0,-2437.3725704064,-3567.922670592,-1296.9115739136,0.0,-2437.3725704064,False,False,False,1.0,obs,02246500,m3/s,"positive = downstream (seaward), negative = upstream (flood-tide reversal); negative values kept as-is"
2019-09-02 09:00:00+00:00,4,4,4,1.0,312.9011548415999,-880.6539290112,1523.4463466496,0.0,312.9011548415999,False,False,False,1.0,obs,02246500,m3/s,"positive = downstream (seaward), negative = upstream (flood-tide reversal); negative values kept as-is"
2019-09-02 10:00:00+00:00,4,4,4,1.0,2969.0213651712,2069.9614858752,3737.8237501440003,0.0,2969.0213651712,False,False,False,1.0,obs,02246500,m3/s,"positive = downstream (seaward), negative = upstream (flood-tide reversal); negative values kept as-is"
2019-09-02 11:00:00+00:00,4,4,4,1.0,4254.606200448,3936.041676288,4445.744914944,0.0,4254.606200448,False,False,False,1.0,obs,02246500,m3/s,"positive = downstream (seaward), negative = upstream (flood-tide reversal); negative values kept as-is"
2019-09-02 12:00:00+00:00,4,4,4,1.0,4700.596534272,4559.012301312,4785.5470740480005,0.0,4700.596534272,False,False,False,1.0,obs,02246500,m3/s,"positive = downstream (seaward), negative = upstream (flood-tide reversal); negative values kept as-is"
2019-09-02 13:00:00+00:00,4,4,4,1.0,4452.8241265920005,4219.210142208,4587.329147904,0.0,4452.8241265920005,False,False,False,1.0,obs,02246500,m3/s,"positive = downstream (seaward), negative = upstream (flood-tide reversal); negative values kept as-is"
2019-09-02 14:00:00+00:00,4,4,4,1.0,3078.0412245504003,1948.1990455296,3992.675369472,0.0,3078.0412245504003,False,False,False,1.0,obs,02246500,m3/s,"positive = downstream (seaward), negative = upstream (flood-tide reversal); negative values kept as-is"
2019-09-02 15:00:00+00:00,4,4,4,1.0,86.36638210560005,-1231.7828267520001,1302.5749432320001,0.0,86.36638210560005,False,False,False,1.0,obs,02246500,m3/s,"positive = downstream (seaward), negative = upstream (flood-tide reversal); negative values kept as-is"
2019-09-02 16:00:00+00:00,4,4,4,1.0,-3008.6649504,-3822.7742899200002,-2075.6248551936,0.0,-3008.6649504,False,False,False,1.0,obs,02246500,m3/s,"positive = downstream (seaward), negative = upstream (flood-tide reversal); negative values kept as-is"
2019-09-02 17:00:00+00:00,4,4,4,1.0,-5012.081846784,-5465.151392256,-3936.041676288,0.0,-5012.081846784,False,False,False,1.0,obs,02246500,m3/s,"positive = downstream (seaward), negative = upstream (flood-tide reversal); negative values kept as-is"
2019-09-02 18:00:00+00:00,4,4,4,1.0,-5380.20085248,-5635.0524718080005,-5097.03238656,0.0,-5380.20085248,False,False,False,1.0,obs,02246500,m3/s,"positive = downstream (seaward), negative = upstream (flood-tide reversal); negative values kept as-is"
2019-09-02 19:00:00+00:00,4,4,4,1.0,-4891.735248768,-5351.8840058880005,-4530.69545472,0.0,-4891.735248768,False,False,False,1.0,obs,02246500,m3/s,"positive = downstream (seaward), negative = upstream (flood-tide reversal); negative values kept as-is"
2019-09-02 20:00:00+00:00,4,4,4,1.0,-3893.5664064,-4389.11122176,-3171.4868183040003,0.0,-3893.5664064,False,False,False,1.0,obs,02246500,m3/s,"positive = downstream (seaward), negative = upstream (flood-tide reversal); negative values kept as-is"
2019-09-02 21:00:00+00:00,4,4,4,1.0,-1498.6691058816,-2508.8726080512,-512.5349233152,0.0,-1498.6691058816,False,False,False,1.0,obs,02246500,m3/s,"positive = downstream (seaward), negative = upstream (flood-tide reversal); negative values kept as-is"
2019-09-02 22:00:00+00:00,4,4,4,1.0,1485.2186037504002,484.2180767232,2463.5656535040002,0.0,1485.2186037504002,False,False,False,1.0,obs,02246500,m3/s,"positive = downstream (seaward), negative = upstream (flood-tide reversal); negative values kept as-is"
2019-09-02 23:00:00+00:00,4,4,4,1.0,3589.160305536,2944.952045568,4134.259602432,0.0,3589.160305536,False,False,False,1.0,obs,02246500,m3/s,"positive = downstream (seaward), negative = upstream (flood-tide reversal); negative values kept as-is"
2019-09-03 00:00:00+00:00,4,4,4,1.0,4509.457819776,4360.794375168,4672.27968768,0.0,4509.457819776,False,False,False,1.0,obs,02246500,m3/s,"positive = downstream (seaward), negative = upstream (flood-tide reversal); negative values kept as-is"
2019-09-03 01:00:00+00:00,4,4,4,1.0,4551.933089664,4219.210142208,4757.230227456,0.0,4551.933089664,False,False,False,1.0,obs,02246500,m3/s,"positive = downstream (seaward), negative = upstream (flood-tide reversal); negative values kept as-is"
2019-09-03 02:00:00+00:00,4,4,4,1.0,3872.328771456,3482.972130816,4304.160681984,0.0,3872.328771456,False,False,False,1.0,obs,02246500,m3/s,"positive = downstream (seaward), negative = upstream (flood-tide reversal); negative values kept as-is"
2019-09-03 03:00:00+00:00,4,4,4,1.0,1327.56456034944,-89.76440369664,2860.001505792,0.0,1327.56456034944,False,False,False,1.0,obs,02246500,m3/s,"positive = downstream (seaward), negative = upstream (flood-tide reversal); negative values kept as-is"
2019-09-03 04:00:00+00:00,4,4,4,1.0,-1501.5007905408002,-2568.3379858944,-572.0003011584,0.0,-1501.5007905408002,False,False,False,1.0,obs,02246500,m3/s,"positive = downstream (seaward), negative = upstream (flood-tide reversal); negative values kept as-is"
2019-09-03 05:00:00+00:00,4,4,4,1.0,-4141.33881408,-4672.27968768,-3228.120511488,0.0,-4141.33881408,False,False,False,1.0,obs,02246500,m3/s,"positive = downstream (seaward), negative = upstream (flood-tide reversal); negative values kept as-is"
2019-09-03 06:00:00+00:00,4,4,4,1.0,-5061.63632832,-5181.982926336,-4813.86392064,0.0,-5061.63632832,False,False,False,1.0,obs,02246500,m3/s,"positive = downstream (seaward), negative = upstream (flood-tide reversal); negative values kept as-is"
2019-09-03 07:00:00+00:00,4,4,4,1.0,-4778.4678624,-5012.081846784,-4445.744914944,0.0,-4778.4678624,False,False,False,1.0,obs,02246500,m3/s,"positive = downstream (seaward), negative = upstream (flood-tide reversal); negative values kept as-is"
2019-09-03 08:00:00+00:00,4,4,4,1.0,-4056.3882743040003,-4474.061761536,-3567.922670592,0.0,-4056.3882743040003,False,False,False,1.0,obs,02246500,m3/s,"positive = downstream (seaward), negative = upstream (flood-tide reversal); negative values kept as-is"
2019-09-03 09:00:00+00:00,4,4,4,1.0,-2119.5159674112,-3143.169971712,-1118.515440384,0.0,-2119.5159674112,False,False,False,1.0,obs,02246500,m3/s,"positive = downstream (seaward), negative = upstream (flood-tide reversal); negative values kept as-is"
2019-09-03 10:00:00+00:00,4,4,4,1.0,596.84833404288,-648.4557869568,1565.9216165376001,0.0,596.84833404288,False,False,False,1.0,obs,02246500,m3/s,"positive = downstream (seaward), negative = upstream (flood-tide reversal); negative values kept as-is"
2019-09-03 11:00:00+00:00,4,4,4,1.0,3086.5362785280004,2293.664573952,3709.506903552,0.0,3086.5362785280004,False,False,False,1.0,obs,02246500,m3/s,"positive = downstream (seaward), negative = upstream (flood-tide reversal); negative values kept as-is"
2019-09-03 12:00:00+00:00,4,4,4,1.0,4332.477528576001,3879.4079831040003,4587.329147904,0.0,4332.477528576001,False,False,False,1.0,obs,02246500,m3/s,"positive = downstream (seaward), negative = upstream (flood-tide reversal); negative values kept as-is"
2019-09-03 13:00:00+00:00,4,4,4,1.0,4566.09151296,4417.428068352,4700.596534272,0.0,4566.09151296,False,False,False,1.0,obs,02246500,m3/s,"positive = downstream (seaward), negative = upstream (flood-tide reversal); negative values kept as-is"
2019-09-03 14:00:00+00:00,4,4,4,1.0,4445.744914944,4077.625909248,4700.596534272,0.0,4445.744914944,False,False,False,1.0,obs,02246500,m3/s,"positive = downstream (seaward), negative = upstream (flood-tide reversal); negative values kept as-is"
2019-09-03 15:00:00+00:00,4,4,4,1.0,2500.3775540736,1223.2877727744,3596.2395171840003,0.0,2500.3775540736,False,False,False,1.0,obs,02246500,m3/s,"positive = downstream (seaward), negative = upstream (flood-tide reversal); negative values kept as-is"
2019-09-03 16:00:00+00:00,4,4,4,1.0,-570.9384194112,-1789.6247046144001,665.445894912,0.0,-570.9384194112,False,False,False,1.0,obs,02246500,m3/s,"positive = downstream (seaward), negative = upstream (flood-tide reversal); negative values kept as-is"
2019-09-03 17:00:00+00:00,4,4,4,1.0,-3458.9028112128,-4134.259602432,-2480.5557614592,0.0,-3458.9028112128,False,False,False,1.0,obs,02246500,m3/s,"positive = downstream (seaward), negative = upstream (flood-tide reversal); negative values kept as-is"
2019-09-03 18:00:00+00:00,4,4,4,1.0,-5040.398693376001,-5436.834545664,-4842.180767232,0.0,-5040.398693376001,False,False,False,1.0,obs,02246500,m3/s,"positive = downstream (seaward), negative = upstream (flood-tide reversal); negative values kept as-is"
2019-09-03 19:00:00+00:00,4,4,4,1.0,-5047.477905024,-5351.8840058880005,-4927.1313070080005,0.0,-5047.477905024,False,False,False,1.0,obs,02246500,m3/s,"positive = downstream (seaward), negative = upstream (flood-tide reversal); negative values kept as-is"
2019-09-03 20:00:00+00:00,4,4,4,1.0,-4785.547074048,-5097.03238656,-4474.061761536,0.0,-4785.547074048,False,False,False,1.0,obs,02246500,m3/s,"positive = downstream (seaward), negative = upstream (flood-tide reversal); negative values kept as-is"
2019-09-03 21:00:00+00:00,4,4,4,1.0,-3971.4377345279995,-4445.744914944,-3313.0710512640003,0.0,-3971.4377345279995,False,False,False,1.0,obs,02246500,m3/s,"positive = downstream (seaward), negative = upstream (flood-tide reversal); negative values kept as-is"
2019-09-03 22:00:00+00:00,4,4,4,1.0,-1902.8920909824,-2729.7440114688,-1138.3372329984,0.0,-1902.8920909824,False,False,False,1.0,obs,02246500,m3/s,"positive = downstream (seaward), negative = upstream (flood-tide reversal); negative values kept as-is"
2019-09-03 23:00:00+00:00,4,4,4,1.0,610.3696282905601,-441.7428068352,1517.7829773312,0.0,610.3696282905601,False,False,False,1.0,obs,02246500,m3/s,"positive = downstream (seaward), negative = upstream (flood-tide reversal); negative values kept as-is"
2019-09-04 00:00:00+00:00,4,4,4,1.0,2995.2144482688,2268.1794120192,3454.6552842240003,0.0,2995.2144482688,False,False,False,1.0,obs,02246500,m3/s,"positive = downstream (seaward), negative = upstream (flood-tide reversal); negative values kept as-is"
2019-09-04 01:00:00+00:00,4,4,4,1.0,3766.1405967359997,3567.922670592,3936.041676288,0.0,3766.1405967359997,False,False,False,1.0,obs,02246500,m3/s,"positive = downstream (seaward), negative = upstream (flood-tide reversal); negative values kept as-is"
2019-09-04 02:00:00+00:00,4,4,4,1.0,3992.675369472,3936.041676288,4049.309062656,0.0,3992.675369472,False,False,False,1.0,obs,02246500,m3/s,"positive = downstream (seaward), negative = upstream (flood-tide reversal); negative values kept as-is"
2019-09-04 03:00:00+00:00,4,4,4,1.0,3032.7342700032,2106.7733864448,3681.19005696,0.0,3032.7342700032,False,False,False,1.0,obs,02246500,m3/s,"positive = downstream (seaward), negative = upstream (flood-tide reversal); negative values kept as-is"
2019-09-04 04:00:00+00:00,4,4,4,1.0,400.40021081088,-390.7724829696,1446.9908608512,0.0,400.40021081088,False,False,False,1.0,obs,02246500,m3/s,"positive = downstream (seaward), negative = upstream (flood-tide reversal); negative values kept as-is"
2019-09-04 05:00:00+00:00,4,4,4,1.0,-2140.0456811904,-3313.0710512640003,-707.9211648,0.0,-2140.0456811904,False,False,False,1.0,obs,02246500,m3/s,"positive = downstream (seaward), negative = upstream (flood-tide reversal); negative values kept as-is"
2019-09-04 06:00:00+00:00,4,4,4,1.0,-4282.92304704,-4615.645994496,-3794.457443328,0.0,-4282.92304704,False,False,False,1.0,obs,02246500,m3/s,"positive = downstream (seaward), negative = upstream (flood-tide reversal); negative values kept as-is"
2019-09-04 07:00:00+00:00,4,4,4,1.0,-4835.101555584,-4955.4481536,-4728.913380864,0.0,-4835.101555584,False,False,False,1.0,obs,02246500,m3/s,"positive = downstream (seaward), negative = upstream (flood-tide reversal); negative values kept as-is"
2019-09-04 08:00:00+00:00,4,4,4,1.0,-4707.67574592,-4898.814460416,-4474.061761536,0.0,-4707.67574592,False,False,False,1.0,obs,02246500,m3/s,"positive = downstream (seaward), negative = upstream (flood-tide reversal); negative values kept as-is"
2019-09-04 09:00:00+00:00,4,4,4,1.0,-4353.71516352,-4615.645994496,-4077.625909248,0.0,-4353.71516352,False,False,False,1.0,obs,02246500,m3/s,"positive = downstream (seaward), negative = upstream (flood-tide reversal); negative values kept as-is"
2019-09-04 10:00:00+00:00,4,4,4,1.0,-3180.6897934464,-3709.506903552,-2500.3775540736,0.0,-3180.6897934464,False,False,False,1.0,obs,02246500,m3/s,"positive = downstream (seaward), negative = upstream (flood-tide reversal); negative values kept as-is"
2019-09-04 11:00:00+00:00,4,4,4,1.0,-1248.0650135423998,-2050.1396932608,-605.9805170688,0.0,-1248.0650135423998,False,False,False,1.0,obs,02246500,m3/s,"positive = downstream (seaward), negative = upstream (flood-tide reversal); negative values kept as-is"
2019-09-04 12:00:00+00:00,4,4,4,1.0,987.634975435776,20.161594773504,1721.6642727936,0.0,987.634975435776,False,False,False,1.0,obs,02246500,m3/s,"positive = downstream (seaward), negative = upstream (flood-tide reversal); negative values kept as-is"
2019-09-04 13:00:00+00:00,4,4,4,1.0,2421.7983047808,2299.3279432704003,2551.3478779392,0.0,2421.7983047808,False,False,False,1.0,obs,02246500,m3/s,"positive = downstream (seaward), negative = upstream (flood-tide reversal); negative values kept as-is"
2019-09-04 14:00:00+00:00,4,4,4,1.0,2566.2142224,2500.3775540736,2673.1103182848,0.0,2566.2142224,False,False,False,1.0,obs,02246500,m3/s,"positive = downstream (seaward), negative = upstream (flood-tide reversal); negative values kept as-is"
2019-09-04 15:00:00+00:00,4,4,4,1.0,1896.5208004992,1506.4562386944,2208.714034176,0.0,1896.5208004992,False,False,False,1.0,obs,02246500,m3/s,"positive = downstream (seaward), negative = upstream (flood-tide reversal); negative values kept as-is"
2019-09-04 16:00:00+00:00,4,4,4,1.0,11.539114986240008,-923.1291988992,1132.67386368,0.0,11.539114986240008,False,False,False,1.0,obs,02246500,m3/s,"positive = downstream (seaward), negative = upstream (flood-tide reversal); negative values kept as-is"
2019-09-04 17:00:00+00:00,4,4,4,1.0,-2620.0162309248,-3539.605824,-1497.9611847168,0.0,-2620.0162309248,False,False,False,1.0,obs,02246500,m3/s,"positive = downstream (seaward), negative = upstream (flood-tide reversal); negative values kept as-is"
2019-09-04 18:00:00+00:00,4,4,4,1.0,-4162.576449024,-4389.11122176,-3964.3585228800002,0.0,-4162.576449024,False,False,False,1.0,obs,02246500,m3/s,"positive = downstream (seaward), negative = upstream (flood-tide reversal); negative values kept as-is"
2019-09-04 19:00:00+00:00,4,4,4,1.0,-5054.557116672,-5351.8840058880005,-4898.814460416,0.0,-5054.557116672,False,False,False,1.0,obs,02246500,m3/s,"positive = downstream (seaward), negative = upstream (flood-tide reversal); negative values kept as-is"
2019-09-04 20:00:00+00:00,4,4,4,1.0,-4898.814460416,-5012.081846784,-4785.5470740480005,0.0,-4898.814460416,False,False,False,1.0,obs,02246500,m3/s,"positive = downstream (seaward), negative = upstream (flood-tide reversal); negative values kept as-is"
2019-09-04 21:00:00+00:00,4,4,4,1.0,-4990.84421184,-5040.398693376,-4898.814460416,0.0,-4990.84421184,False,False,False,1.0,obs,02246500,m3/s,"positive = downstream (seaward), negative = upstream (flood-tide reversal); negative values kept as-is"
2019-09-04 22:00:00+00:00,4,4,4,1.0,-4339.556740224,-4842.180767232,-3567.922670592,0.0,-4339.556740224,False,False,False,1.0,obs,02246500,m3/s,"positive = downstream (seaward), negative = upstream (flood-tide reversal); negative values kept as-is"
2019-09-04 23:00:00+00:00,4,4,4,1.0,-2736.8232231168,-3482.972130816,-1908.5554603008,0.0,-2736.8232231168,False,False,False,1.0,obs,02246500,m3/s,"positive = downstream (seaward), negative = upstream (flood-tide reversal); negative values kept as-is"
2019-09-05 00:00:00+00:00,4,4,4,1.0,-282.1065841727999,-1311.0699972096,860.8321363968,0.0,-282.1065841727999,False,False,False,1.0,obs,02246500,m3/s,"positive = downstream (seaward), negative = upstream (flood-tide reversal); negative values kept as-is"
2019-09-05 01:00:00+00:00,4,4,4,1.0,2336.13984384,1560.2582472192,3058.219431936,0.0,2336.13984384,False,False,False,1.0,obs,02246500,m3/s,"positive = downstream (seaward), negative = upstream (flood-tide reversal); negative values kept as-is"
2019-09-05 02:00:00+00:00,4,4,4,1.0,3865.2495598080004,3482.972130816,4162.576449024,0.0,3865.2495598080004,False,False,False,1.0,obs,02246500,m3/s,"positive = downstream (seaward), negative = upstream (flood-tide reversal); negative values kept as-is"
2019-09-05 03:00:00+00:00,4,4,4,1.0,4389.11122176,4134.259602432,4587.329147904,0.0,4389.11122176,False,False,False,1.0,obs,02246500,m3/s,"positive = downstream (seaward), negative = upstream (flood-tide reversal); negative values kept as-is"
2019-09-05 04:00:00+00:00,4,4,4,1.0,4190.893295616,4162.576449024,4247.5269888,0.0,4190.893295616,False,False,False,1.0,obs,02246500,m3/s,"positive = downstream (seaward), negative = upstream (flood-tide reversal); negative values kept as-is"
2019-09-05 05:00:00+00:00,4,4,4,1.0,3716.5861152,3482.972130816,3936.041676288,0.0,3716.5861152,False,False,False,1.0,obs,02246500,m3/s,"positive = downstream (seaward), negative = upstream (flood-tide reversal); negative values kept as-is"
2019-09-05 06:00:00+00:00,4,4,4,1.0,2211.5457188352,1534.7730852864001,3001.585738752,0.0,2211.5457188352,False,False,False,1.0,obs,02246500,m3/s,"positive = downstream (seaward), negative = upstream (flood-tide reversal); negative values kept as-is"
2019-09-05 07:00:00+00:00,4,4,4,1.0,442.59231223296,-160.83968864256,1288.416519936,0.0,442.59231223296,False,False,False,1.0,obs,02246500,m3/s,"positive = downstream (seaward), negative = upstream (flood-tide reversal); negative values kept as-is"
2019-09-05 08:00:00+00:00,4,4,4,1.0,-1468.2284957952002,-1951.0307301888001,-917.4658295808,0.0,-1468.2284957952002,False,False,False,1.0,obs,02246500,m3/s,"positive = downstream (seaward), negative = upstream (flood-tide reversal); negative values kept as-is"
2019-09-05 09:00:00+00:00,4,4,4,1.0,-2477.7240768,-2548.51619328,-2313.4863665664,0.0,-2477.7240768,False,False,False,1.0,obs,02246500,m3/s,"positive = downstream (seaward), negative = upstream (flood-tide reversal); negative values kept as-is"
2019-09-05 10:00:00+00:00,4,4,4,1.0,-1212.6689553024,-1806.6148125696,-603.1488324096,0.0,-1212.6689553024,False,False,False,1.0,obs,02246500,m3/s,"positive = downstream (seaward), negative = upstream (flood-tide reversal); negative values kept as-is"
2019-09-05 11:00:00+00:00,4,4,4,1.0,1162.3357604851199,186.60801904128002,1871.7435597312,0.0,1162.3357604851199,False,False,False,1.0,obs,02246500,m3/s,"positive = downstream (seaward), negative = upstream (flood-tide reversal); negative values kept as-is"
2019-09-05 12:00:00+00:00,4,4,4,1.0,3091.4917266816,2596.6548324864,3341.387897856,0.0,3091.4917266816,False,False,False,1.0,obs,02246500,m3/s,"positive = downstream (seaward), negative = upstream (flood-tide reversal); negative values kept as-is"
2019-09-05 13:00:00+00:00,4,4,4,1.0,4275.843835392,3766.140596736,4474.061761536,0.0,4275.843835392,False,False,False,1.0,obs,02246500,m3/s,"positive = downstream (seaward), negative = upstream (flood-tide reversal); negative values kept as-is"
2019-09-05 14:00:00+00:00,4,4,4,1.0,4778.4678624,4672.27968768,4927.1313070080005,0.0,4778.4678624,False,False,False,1.0,obs,02246500,m3/s,"positive = downstream (seaward), negative = upstream (flood-tide reversal); negative values kept as-is"
2019-09-05 15:00:00+00:00,4,4,4,1.0,5132.4284448,4813.86392064,5295.250312704,0.0,5132.4284448,False,False,False,1.0,obs,02246500,m3/s,"positive = downstream (seaward), negative = upstream (flood-tide reversal); negative values kept as-is"
2019-09-05 16:00:00+00:00,4,4,4,1.0,5125.349233152,5012.081846784,5295.250312704,0.0,5125.349233152,False,False,False,1.0,obs,02246500,m3/s,"positive = downstream (seaward), negative = upstream (flood-tide reversal); negative values kept as-is"
2019-09-05 17:00:00+00:00,4,4,4,1.0,4452.8241265920005,4020.9922160640003,4842.180767232,0.0,4452.8241265920005,False,False,False,1.0,obs,02246500,m3/s,"positive = downstream (seaward), negative = upstream (flood-tide reversal); negative values kept as-is"
2019-09-05 18:00:00+00:00,4,4,4,1.0,2401.9765121664004,1311.0699972096,3539.605824,0.0,2401.9765121664004,False,False,False,1.0,obs,02246500,m3/s,"positive = downstream (seaward), negative = upstream (flood-tide reversal); negative values kept as-is"
2019-09-05 19:00:00+00:00,4,4,4,1.0,-109.104809918976,-1019.406477312,832.5152898048,0.0,-109.104809918976,False,False,False,1.0,obs,02246500,m3/s,"positive = downstream (seaward), negative = upstream (flood-tide reversal); negative values kept as-is"
2019-09-05 20:00:00+00:00,4,4,4,1.0,-2157.7437103104,-2828.8529745408,-1407.3472756224,0.0,-2157.7437103104,False,False,False,1.0,obs,02246500,m3/s,"positive = downstream (seaward), negative = upstream (flood-tide reversal); negative values kept as-is"
2019-09-05 21:00:00+00:00,4,4,4,1.0,-3320.150262912,-3511.288977408,-3171.4868183040003,0.0,-3320.150262912,False,False,False,1.0,obs,02246500,m3/s,"positive = downstream (seaward), negative = upstream (flood-tide reversal); negative values kept as-is"
2019-09-05 22:00:00+00:00,4,4,4,1.0,-3133.2590754048,-3482.972130816,-2707.0905341952002,0.0,-3133.2590754048,False,False,False,1.0,obs,02246500,m3/s,"positive = downstream (seaward), negative = upstream (flood-tide reversal); negative values kept as-is"
2019-09-05 23:00:00+00:00,4,4,4,1.0,-1133.3817848448,-1979.3475767808,-336.9704744448,0.0,-1133.3817848448,False,False,False,1.0,obs,02246500,m3/s,"positive = downstream (seaward), negative = upstream (flood-tide reversal); negative values kept as-is"
2019-09-06 00:00:00+00:00,4,4,4,1.0,1667.8622642688001,908.9707756032001,2622.1399944192,0.0,1667.8622642688001,False,False,False,1.0,obs,02246500,m3/s,"positive = downstream (seaward), negative = upstream (flood-tide reversal); negative values kept as-is"
2019-09-06 01:00:00+00:00,4,4,4,1.0,3518.368189056,3313.0710512640003,3709.506903552,0.0,3518.368189056,False,False,False,1.0,obs,02246500,m3/s,"positive = downstream (seaward), negative = upstream (flood-tide reversal); negative values kept as-is"
2019-09-06 02:00:00+00:00,4,4,4,1.0,4509.457819775999,4275.843835392,4757.230227456,0.0,4509.457819775999,False,False,False,1.0,obs,02246500,m3/s,"positive = downstream (seaward), negative = upstream (flood-tide reversal); negative values kept as-is"
2019-09-06 03:00:00+00:00,4,4,4,1.0,4955.4481536,4813.86392064,5153.666079744,0.0,4955.4481536,False,False,False,1.0,obs,02246500,m3/s,"positive = downstream (seaward), negative = upstream (flood-tide reversal); negative values kept as-is"
2019-09-06 04:00:00+00:00,4,4,4,1.0,5189.0621379839995,4955.4481536,5323.567159296,0.0,5189.0621379839995,False,False,False,1.0,obs,02246500,m3/s,"positive = downstream (seaward), negative = upstream (flood-tide reversal); negative values kept as-is"
2019-09-06 05:00:00+00:00,4,4,4,1.0,4962.527365248,4813.86392064,5040.398693376,0.0,4962.527365248,False,False,False,1.0,obs,02246500,m3/s,"positive = downstream (seaward), negative = upstream (flood-tide reversal); negative values kept as-is"
2019-09-06 06:00:00+00:00,4,4,4,1.0,4247.5269888,3652.873210368,4813.86392064,0.0,4247.5269888,False,False,False,1.0,obs,02246500,m3/s,"positive = downstream (seaward), negative = upstream (flood-tide reversal); negative values kept as-is"
2019-09-06 07:00:00+00:00,4,4,4,1.0,2375.7834290688,1248.7729347072,3369.704744448,0.0,2375.7834290688,False,False,False,1.0,obs,02246500,m3/s,"positive = downstream (seaward), negative = upstream (flood-tide reversal); negative values kept as-is"
2019-09-06 08:00:00+00:00,4,4,4,1.0,-59.74854630911999,-433.2477528576,662.6142102528,0.0,-59.74854630911999,False,False,False,1.0,obs,02246500,m3/s,"positive = downstream (seaward), negative = upstream (flood-tide reversal); negative values kept as-is"
2019-09-06 09:00:00+00:00,4,4,4,1.0,-1606.2731229312,-1970.8525228032001,-1347.8818977792,0.0,-1606.2731229312,False,False,False,1.0,obs,02246500,m3/s,"positive = downstream (seaward), negative = upstream (flood-tide reversal); negative values kept as-is"
2019-09-06 10:00:00+00:00,4,4,4,1.0,-1852.6296882816,-2027.4862159872,-1543.268139264,0.0,-1852.6296882816,False,False,False,1.0,obs,02246500,m3/s,"positive = downstream (seaward), negative = upstream (flood-tide reversal); negative values kept as-is"
2019-09-06 11:00:00+00:00,4,4,4,1.0,-352.54474007039994,-1124.1788097024,843.8420284416001,0.0,-352.54474007039994,False,False,False,1.0,obs,02246500,m3/s,"positive = downstream (seaward), negative = upstream (flood-tide reversal); negative values kept as-is"
2019-09-06 12:00:00+00:00,4,4,4,1.0,2282.3378353152,1693.3474262016,3171.4868183040003,0.0,2282.3378353152,False,False,False,1.0,obs,02246500,m3/s,"positive = downstream (seaward), negative = upstream (flood-tide reversal); negative values kept as-is"
2019-09-06 13:00:00+00:00,4,4,4,1.0,3652.8732103680004,3199.803664896,3992.675369472,0.0,3652.8732103680004,False,False,False,1.0,obs,02246500,m3/s,"positive = downstream (seaward), negative = upstream (flood-tide reversal); negative values kept as-is"
2019-09-06 14:00:00+00:00,4,4,4,1.0,4318.31910528,4077.625909248,4643.9628410880005,0.0,4318.31910528,False,False,False,1.0,obs,02246500,m3/s,"positive = downstream (seaward), negative = upstream (flood-tide reversal); negative values kept as-is"
2019-09-06 15:00:00+00:00,4,4,4,1.0,4728.913380864,4615.645994496,4898.814460416,0.0,4728.913380864,False,False,False,1.0,obs,02246500,m3/s,"positive = downstream (seaward), negative = upstream (flood-tide reversal); negative values kept as-is"
2019-09-06 16:00:00+00:00,4,4,4,1.0,4828.022343936,4672.27968768,4927.1313070080005,0.0,4828.022343936,False,False,False,1.0,obs,02246500,m3/s,"positive = downstream (seaward), negative = upstream (flood-tide reversal); negative values kept as-is"
2019-09-06 17:00:00+00:00,4,4,4,1.0,4516.537031424,4162.576449024,4728.913380864,0.0,4516.537031424,False,False,False,1.0,obs,02246500,m3/s,"positive = downstream (seaward), negative = upstream (flood-tide reversal); negative values kept as-is"
2019-09-06 18:00:00+00:00,4,4,4,1.0,3208.2987188736,2440.9121762304003,3879.4079831040003,0.0,3208.2987188736,False,False,False,1.0,obs,02246500,m3/s,"positive = downstream (seaward), negative = upstream (flood-tide reversal); negative values kept as-is"
2019-09-06 19:00:00+00:00,4,4,4,1.0,867.20342688,-305.8219431936,1968.020838144,0.0,867.20342688,False,False,False,1.0,obs,02246500,m3/s,"positive = downstream (seaward), negative = upstream (flood-tide reversal); negative values kept as-is"
2019-09-06 20:00:00+00:00,4,4,4,1.0,-2022.5307678336,-3001.585738752,-971.2678381056,0.0,-2022.5307678336,False,False,False,1.0,obs,02246500,m3/s,"positive = downstream (seaward), negative = upstream (flood-tide reversal); negative values kept as-is"
2019-09-06 21:00:00+00:00,4,4,4,1.0,-3589.160305536,-3936.041676288,-3256.43735808,0.0,-3589.160305536,False,False,False,1.0,obs,02246500,m3/s,"positive = downstream (seaward), negative = upstream (flood-tide reversal); negative values kept as-is"
2019-09-06 22:00:00+00:00,4,4,4,1.0,-4091.784332544,-4275.843835392,-3936.041676288,0.0,-4091.784332544,False,False,False,1.0,obs,02246500,m3/s,"positive = downstream (seaward), negative = upstream (flood-tide reversal); negative values kept as-is"
2019-09-06 23:00:00+00:00,4,4,4,1.0,-3575.00188224,-4077.625909248,-3058.219431936,0.0,-3575.00188224,False,False,False,1.0,obs,02246500,m3/s,"positive = downstream (seaward), negative = upstream (flood-tide reversal); negative values kept as-is"
2019-09-07 00:00:00+00:00,4,4,4,1.0,-2108.8971499392,-2973.26889216,-1228.9511420928,0.0,-2108.8971499392,False,False,False,1.0,obs,02246500,m3/s,"positive = downstream (seaward), negative = upstream (flood-tide reversal); negative values kept as-is"
2019-09-07 01:00:00+00:00,4,4,4,1.0,565.41663432576,-639.9607329792,1792.4563892736,0.0,565.41663432576,False,False,False,1.0,obs,02246500,m3/s,"positive = downstream (seaward), negative = upstream (flood-tide reversal); negative values kept as-is"
2019-09-07 02:00:00+00:00,4,4,4,1.0,3119.1006521088,2452.2389148672,3709.506903552,0.0,3119.1006521088,False,False,False,1.0,obs,02246500,m3/s,"positive = downstream (seaward), negative = upstream (flood-tide reversal); negative values kept as-is"
2019-09-07 03:00:00+00:00,4,4,4,1.0,4226.289353856,3851.091136512,4530.69545472,0.0,4226.289353856,False,False,False,1.0,obs,02246500,m3/s,"positive = downstream (seaward), negative = upstream (flood-tide reversal); negative values kept as-is"
2019-09-07 04:00:00+00:00,4,4,4,1.0,4523.616243072,4445.744914944,4587.329147904,0.0,4523.616243072,False,False,False,1.0,obs,02246500,m3/s,"positive = downstream (seaward), negative = upstream (flood-tide reversal); negative values kept as-is"
2019-09-07 05:00:00+00:00,4,4,4,1.0,4721.834169215999,4615.645994496,4842.180767232,0.0,4721.834169215999,False,False,False,1.0,obs,02246500,m3/s,"positive = downstream (seaward), negative = upstream (flood-tide reversal); negative values kept as-is"
2019-09-07 06:00:00+00:00,4,4,4,1.0,4367.873586816,4134.259602432,4615.645994496,0.0,4367.873586816,False,False,False,1.0,obs,02246500,m3/s,"positive = downstream (seaward), negative = upstream (flood-tide reversal); negative values kept as-is"
2019-09-07 07:00:00+00:00,4,4,4,1.0,3029.902585344,2268.1794120192,3879.4079831040003,0.0,3029.902585344,False,False,False,1.0,obs,02246500,m3/s,"positive = downstream (seaward), negative = upstream (flood-tide reversal); negative values kept as-is"
2019-09-07 08:00:00+00:00,4,4,4,1.0,776.2355572032,-250.6040923392,1738.6543807488001,0.0,776.2355572032,False,False,False,1.0,obs,02246500,m3/s,"positive = downstream (seaward), negative = upstream (flood-tide reversal); negative values kept as-is"
2019-09-07 09:00:00+00:00,4,4,4,1.0,-1582.9117244928,-2378.615113728,-588.9904091136,0.0,-1582.9117244928,False,False,False,1.0,obs,02246500,m3/s,"positive = downstream (seaward), negative = upstream (flood-tide reversal); negative values kept as-is"
2019-09-07 10:00:00+00:00,4,4,4,1.0,-2679.481608768,-2944.952045568,-2483.3874461184,0.0,-2679.481608768,False,False,False,1.0,obs,02246500,m3/s,"positive = downstream (seaward), negative = upstream (flood-tide reversal); negative values kept as-is"
2019-09-07 11:00:00+00:00,4,4,4,1.0,-2446.5755455488,-2610.8132557824,-2203.0506648576,0.0,-2446.5755455488,False,False,False,1.0,obs,02246500,m3/s,"positive = downstream (seaward), negative = upstream (flood-tide reversal); negative values kept as-is"
2019-09-07 12:00:00+00:00,4,4,4,1.0,-1097.9857266048,-1857.5851364352,-450.2378608128,0.0,-1097.9857266048,False,False,False,1.0,obs,02246500,m3/s,"positive = downstream (seaward), negative = upstream (flood-tide reversal); negative values kept as-is"
2019-09-07 13:00:00+00:00,4,4,4,1.0,1329.4759474943999,353.9605824,2101.1100171264,0.0,1329.4759474943999,False,False,False,1.0,obs,02246500,m3/s,"positive = downstream (seaward), negative = upstream (flood-tide reversal); negative values kept as-is"
2019-09-07 14:00:00+00:00,4,4,4,1.0,3203.34327072,2477.7240768,3709.506903552,0.0,3203.34327072,False,False,False,1.0,obs,02246500,m3/s,"positive = downstream (seaward), negative = upstream (flood-tide reversal); negative values kept as-is"
2019-09-07 15:00:00+00:00,4,4,4,1.0,4070.5466976,3794.457443328,4190.893295616,0.0,4070.5466976,False,False,False,1.0,obs,02246500,m3/s,"positive = downstream (seaward), negative = upstream (flood-tide reversal); negative values kept as-is"
2019-09-07 16:00:00+00:00,4,4,4,1.0,4325.398316928,4247.5269888,4417.428068352,0.0,4325.398316928,False,False,False,1.0,obs,02246500,m3/s,"positive = downstream (seaward), negative = upstream (flood-tide reversal); negative values kept as-is"
2019-09-07 17:00:00+00:00,4,4,4,1.0,4346.635951872,4275.843835392,4474.061761536,0.0,4346.635951872,False,False,False,1.0,obs,02246500,m3/s,"positive = downstream (seaward), negative = upstream (flood-tide reversal); negative values kept as-is"
2019-09-07 18:00:00+00:00,4,4,4,1.0,3822.7742899200002,3482.972130816,4077.625909248,0.0,3822.7742899200002,False,False,False,1.0,obs,02246500,m3/s,"positive = downstream (seaward), negative = upstream (flood-tide reversal); negative values kept as-is"
2019-09-07 19:00:00+00:00,4,4,4,1.0,2449.407230208,1755.644488704,3086.536278528,0.0,2449.407230208,False,False,False,1.0,obs,02246500,m3/s,"positive = downstream (seaward), negative = upstream (flood-tide reversal); negative values kept as-is"
2019-09-07 20:00:00+00:00,4,4,4,1.0,-153.40651641216,-1432.8324375552,996.7530000384,0.0,-153.40651641216,False,False,False,1.0,obs,02246500,m3/s,"positive = downstream (seaward), negative = upstream (flood-tide reversal); negative values kept as-is"
2019-09-07 21:00:00+00:00,4,4,4,1.0,-2782.1301776640003,-3709.506903552,-2016.1594773504,0.0,-2782.1301776640003,False,False,False,1.0,obs,02246500,m3/s,"positive = downstream (seaward), negative = upstream (flood-tide reversal); negative values kept as-is"
2019-09-07 22:00:00+00:00,4,4,4,1.0,-3858.1703481600002,-3992.675369472,-3652.873210368,0.0,-3858.1703481600002,False,False,False,1.0,obs,02246500,m3/s,"positive = downstream (seaward), negative = upstream (flood-tide reversal); negative values kept as-is"
2019-09-07 23:00:00+00:00,4,4,4,1.0,-4445.744914944,-4559.012301312,-4332.477528576,0.0,-4445.744914944,False,False,False,1.0,obs,02246500,m3/s,"positive = downstream (seaward), negative = upstream (flood-tide reversal); negative values kept as-is"
2019-09-08 00:00:00+00:00,4,4,4,1.0,-4162.576449024,-4728.913380864,-3851.091136512,0.0,-4162.576449024,False,False,False,1.0,obs,02246500,m3/s,"positive = downstream (seaward), negative = upstream (flood-tide reversal); negative values kept as-is"
2019-09-08 01:00:00+00:00,4,4,4,1.0,-2623.5558367488,-3539.605824,-1758.4761733632001,0.0,-2623.5558367488,False,False,False,1.0,obs,02246500,m3/s,"positive = downstream (seaward), negative = upstream (flood-tide reversal); negative values kept as-is"
2019-09-08 02:00:00+00:00,4,4,4,1.0,-252.09072678528003,-1226.1194574336,767.3865426432001,0.0,-252.09072678528003,False,False,False,1.0,obs,02246500,m3/s,"positive = downstream (seaward), negative = upstream (flood-tide reversal); negative values kept as-is"
2019-09-08 03:00:00+00:00,4,4,4,1.0,2743.9024347648,1803.7831279104,3369.704744448,0.0,2743.9024347648,False,False,False,1.0,obs,02246500,m3/s,"positive = downstream (seaward), negative = upstream (flood-tide reversal); negative values kept as-is"
2019-09-08 04:00:00+00:00,4,4,4,1.0,3907.7248296959997,3596.2395171840003,4134.259602432,0.0,3907.7248296959997,False,False,False,1.0,obs,02246500,m3/s,"positive = downstream (seaward), negative = upstream (flood-tide reversal); negative values kept as-is"
2019-09-08 05:00:00+00:00,4,4,4,1.0,4353.71516352,4275.843835392,4445.744914944,0.0,4353.71516352,False,False,False,1.0,obs,02246500,m3/s,"positive = downstream (seaward), negative = upstream (flood-tide reversal); negative values kept as-is"
2019-09-08 06:00:00+00:00,4,4,4,1.0,4382.032010112,4247.5269888,4530.69545472,0.0,4382.032010112,False,False,False,1.0,obs,02246500,m3/s,"positive = downstream (seaward), negative = upstream (flood-tide reversal); negative values kept as-is"
2019-09-08 07:00:00+00:00,4,4,4,1.0,3808.615866624,3511.288977408,4049.309062656,0.0,3808.615866624,False,False,False,1.0,obs,02246500,m3/s,"positive = downstream (seaward), negative = upstream (flood-tide reversal); negative values kept as-is"
2019-09-08 08:00:00+00:00,4,4,4,1.0,2345.3428189824003,1333.7234744832,3029.9025853440003,0.0,2345.3428189824003,False,False,False,1.0,obs,02246500,m3/s,"positive = downstream (seaward), negative = upstream (flood-tide reversal); negative values kept as-is"
2019-09-08 09:00:00+00:00,4,4,4,1.0,143.21245163904004,-846.6737131008,866.4955057152,0.0,143.21245163904004,False,False,False,1.0,obs,02246500,m3/s,"positive = downstream (seaward), negative = upstream (flood-tide reversal); negative values kept as-is"
2019-09-08 10:00:00+00:00,4,4,4,1.0,-2173.317975936,-2944.952045568,-1367.7036903936,0.0,-2173.317975936,False,False,False,1.0,obs,02246500,m3/s,"positive = downstream (seaward), negative = upstream (flood-tide reversal); negative values kept as-is"
2019-09-08 11:00:00+00:00,4,4,4,1.0,-3263.516569728,-3313.0710512640003,-3199.803664896,0.0,-3263.516569728,False,False,False,1.0,obs,02246500,m3/s,"positive = downstream (seaward), negative = upstream (flood-tide reversal); negative values kept as-is"
2019-09-08 12:00:00+00:00,4,4,4,1.0,-3192.7244532480004,-3341.387897856,-2916.635198976,0.0,-3192.7244532480004,False,False,False,1.0,obs,02246500,m3/s,"positive = downstream (seaward), negative = upstream (flood-tide reversal); negative values kept as-is"
2019-09-08 13:00:00+00:00,4,4,4,1.0,-2176.1496605952,-2811.8628665856,-1299.7432585728,0.0,-2176.1496605952,False,False,False,1.0,obs,02246500,m3/s,"positive = downstream (seaward), negative = upstream (flood-tide reversal); negative values kept as-is"
2019-09-08 14:00:00+00:00,4,4,4,1.0,140.94710391168002,-920.29751424,1271.4264119808001,0.0,140.94710391168002,False,False,False,1.0,obs,02246500,m3/s,"positive = downstream (seaward), negative = upstream (flood-tide reversal); negative values kept as-is"
2019-09-08 15:00:00+00:00,4,4,4,1.0,2646.9172351872003,2169.0704489472,3313.0710512640003,0.0,2646.9172351872003,False,False,False,1.0,obs,02246500,m3/s,"positive = downstream (seaward), negative = upstream (flood-tide reversal); negative values kept as-is"
2019-09-08 16:00:00+00:00,4,4,4,1.0,3794.457443328,3539.605824,4077.625909248,0.0,3794.457443328,False,False,False,1.0,obs,02246500,m3/s,"positive = downstream (seaward), negative = upstream (flood-tide reversal); negative values kept as-is"
2019-09-08 17:00:00+00:00,4,4,4,1.0,4282.92304704,4219.210142208,4389.11122176,0.0,4282.92304704,False,False,False,1.0,obs,02246500,m3/s,"positive = downstream (seaward), negative = upstream (flood-tide reversal); negative values kept as-is"
2019-09-08 18:00:00+00:00,4,4,4,1.0,4247.5269888,4105.94275584,4304.160681984,0.0,4247.5269888,False,False,False,1.0,obs,02246500,m3/s,"positive = downstream (seaward), negative = upstream (flood-tide reversal); negative values kept as-is"
2019-09-08 19:00:00+00:00,4,4,4,1.0,3383.8631677440003,2831.6846592,3879.4079831040003,0.0,3383.8631677440003,False,False,False,1.0,obs,02246500,m3/s,"positive = downstream (seaward), negative = upstream (flood-tide reversal); negative values kept as-is"
2019-09-08 20:00:00+00:00,4,4,4,1.0,1310.85762086016,262.49716790784,2273.8427813376,0.0,1310.85762086016,False,False,False,1.0,obs,02246500,m3/s,"positive = downstream (seaward), negative = upstream (flood-tide reversal); negative values kept as-is"
2019-09-08 21:00:00+00:00,4,4,4,1.0,-1465.396811136,-2418.2586989568,-574.8319858176001,0.0,-1465.396811136,False,False,False,1.0,obs,02246500,m3/s,"positive = downstream (seaward), negative = upstream (flood-tide reversal); negative values kept as-is"
2019-09-08 22:00:00+00:00,4,4,4,1.0,-3511.2889774080004,-3964.3585228800002,-2973.26889216,0.0,-3511.2889774080004,False,False,False,1.0,obs,02246500,m3/s,"positive = downstream (seaward), negative = upstream (flood-tide reversal); negative values kept as-is"
2019-09-08 23:00:00+00:00,4,4,4,1.0,-4233.368565504,-4474.061761536,-3851.091136512,0.0,-4233.368565504,False,False,False,1.0,obs,02246500,m3/s,"positive = downstream (seaward), negative = upstream (flood-tide reversal); negative values kept as-is"
2019-09-09 00:00:00+00:00,4,4,4,1.0,-4615.645994496,-4870.497613824,-4474.061761536,0.0,-4615.645994496,False,False,False,1.0,obs,02246500,m3/s,"positive = downstream (seaward), negative = upstream (flood-tide reversal); negative values kept as-is"
2019-09-09 01:00:00+00:00,4,4,4,1.0,-4176.73487232,-4587.329147904,-3652.873210368,0.0,-4176.73487232,False,False,False,1.0,obs,02246500,m3/s,"positive = downstream (seaward), negative = upstream (flood-tide reversal); negative values kept as-is"
2019-09-09 02:00:00+00:00,4,4,4,1.0,-2777.8826506752002,-3482.972130816,-2052.97137792,0.0,-2777.8826506752002,False,False,False,1.0,obs,02246500,m3/s,"positive = downstream (seaward), negative = upstream (flood-tide reversal); negative values kept as-is"
2019-09-09 03:00:00+00:00,4,4,4,1.0,-190.71396179712,-1047.723323904,866.4955057152,0.0,-190.71396179712,False,False,False,1.0,obs,02246500,m3/s,"positive = downstream (seaward), negative = upstream (flood-tide reversal); negative values kept as-is"
2019-09-09 04:00:00+00:00,4,4,4,1.0,2581.7884880256,1693.3474262016,3482.972130816,0.0,2581.7884880256,False,False,False,1.0,obs,02246500,m3/s,"positive = downstream (seaward), negative = upstream (flood-tide reversal); negative values kept as-is"
2019-09-09 05:00:00+00:00,4,4,4,1.0,3836.932713216,3567.922670592,4105.94275584,0.0,3836.932713216,False,False,False,1.0,obs,02246500,m3/s,"positive = downstream (seaward), negative = upstream (flood-tide reversal); negative values kept as-is"
2019-09-09 06:00:00+00:00,4,4,4,1.0,4346.635951872,4219.210142208,4502.378608128,0.0,4346.635951872,False,False,False,1.0,obs,02246500,m3/s,"positive = downstream (seaward), negative = upstream (flood-tide reversal); negative values kept as-is"
2019-09-09 07:00:00+00:00,4,4,4,1.0,4318.31910528,4247.5269888,4360.794375168,0.0,4318.31910528,False,False,False,1.0,obs,02246500,m3/s,"positive = downstream (seaward), negative = upstream (flood-tide reversal); negative values kept as-is"
2019-09-09 08:00:00+00:00,4,4,4,1.0,3681.19005696,3114.85312512,4247.5269888,0.0,3681.19005696,False,False,False,1.0,obs,02246500,m3/s,"positive = downstream (seaward), negative = upstream (flood-tide reversal); negative values kept as-is"
2019-09-09 09:00:00+00:00,4,4,4,1.0,1937.5802280576,1101.5253324288,2695.7637955584,0.0,1937.5802280576,False,False,False,1.0,obs,02246500,m3/s,"positive = downstream (seaward), negative = upstream (flood-tide reversal); negative values kept as-is"
2019-09-09 10:00:00+00:00,4,4,4,1.0,-259.45310689919995,-1098.6936477696,495.54481536000003,0.0,-259.45310689919995,False,False,False,1.0,obs,02246500,m3/s,"positive = downstream (seaward), negative = upstream (flood-tide reversal); negative values kept as-is"
2019-09-09 11:00:00+00:00,4,4,4,1.0,-2239.8625654272,-2973.26889216,-1540.4364546048,0.0,-2239.8625654272,False,False,False,1.0,obs,02246500,m3/s,"positive = downstream (seaward), negative = upstream (flood-tide reversal); negative values kept as-is"
2019-09-09 12:00:00+00:00,4,4,4,1.0,-3355.546321152,-3482.972130816,-3171.4868183040003,0.0,-3355.546321152,False,False,False,1.0,obs,02246500,m3/s,"positive = downstream (seaward), negative = upstream (flood-tide reversal); negative values kept as-is"
2019-09-09 13:00:00+00:00,4,4,4,1.0,-3206.8828765440003,-3398.02159104,-3058.219431936,0.0,-3206.8828765440003,False,False,False,1.0,obs,02246500,m3/s,"positive = downstream (seaward), negative = upstream (flood-tide reversal); negative values kept as-is"
2019-09-09 14:00:00+00:00,4,4,4,1.0,-1845.5504766336,-2562.674616576,-993.9213153792,0.0,-1845.5504766336,False,False,False,1.0,obs,02246500,m3/s,"positive = downstream (seaward), negative = upstream (flood-tide reversal); negative values kept as-is"
2019-09-09 15:00:00+00:00,4,4,4,1.0,935.5886113996801,-236.16250057728,2154.9120256512,0.0,935.5886113996801,False,False,False,1.0,obs,02246500,m3/s,"positive = downstream (seaward), negative = upstream (flood-tide reversal); negative values kept as-is"
2019-09-09 16:00:00+00:00,4,4,4,1.0,3047.6006144639996,2307.822997248,3567.922670592,0.0,3047.6006144639996,False,False,False,1.0,obs,02246500,m3/s,"positive = downstream (seaward), negative = upstream (flood-tide reversal); negative values kept as-is"
2019-09-09 17:00:00+00:00,4,4,4,1.0,3999.75458112,3737.8237501440003,4275.843835392,0.0,3999.75458112,False,False,False,1.0,obs,02246500,m3/s,"positive = downstream (seaward), negative = upstream (flood-tide reversal); negative values kept as-is"
2019-09-09 18:00:00+00:00,4,4,4,1.0,4452.8241265920005,4304.160681984,4700.596534272,0.0,4452.8241265920005,False,False,False,1.0,obs,02246500,m3/s,"positive = downstream (seaward), negative = upstream (flood-tide reversal); negative values kept as-is"
2019-09-09 19:00:00+00:00,4,4,4,1.0,4459.90333824,4304.160681984,4615.645994496,0.0,4459.90333824,False,False,False,1.0,obs,02246500,m3/s,"positive = downstream (seaward), negative = upstream (flood-tide reversal); negative values kept as-is"
2019-09-09 20:00:00+00:00,4,4,4,1.0,3589.160305536,3029.9025853440003,4049.309062656,0.0,3589.160305536,False,False,False,1.0,obs,02246500,m3/s,"positive = downstream (seaward), negative = upstream (flood-tide reversal); negative values kept as-is"
2019-09-09 21:00:00+00:00,4,4,4,1.0,1682.7286087296002,693.762741504,2565.5063012352,0.0,1682.7286087296002,False,False,False,1.0,obs,02246500,m3/s,"positive = downstream (seaward), negative = upstream (flood-tide reversal); negative values kept as-is"
2019-09-09 22:00:00+00:00,4,4,4,1.0,-1074.05799123456,-1883.070298368,-142.15056989184,0.0,-1074.05799123456,False,False,False,1.0,obs,02246500,m3/s,"positive = downstream (seaward), negative = upstream (flood-tide reversal); negative values kept as-is"
2019-09-09 23:00:00+00:00,4,4,4,1.0,-3221.7492210048,-3681.19005696,-2551.3478779392,0.0,-3221.7492210048,False,False,False,1.0,obs,02246500,m3/s,"positive = downstream (seaward), negative = upstream (flood-tide reversal); negative values kept as-is"
2019-09-10 00:00:00+00:00,4,4,4,1.0,-4084.705120896,-4615.645994496,-3652.873210368,0.0,-4084.705120896,False,False,False,1.0,obs,02246500,m3/s,"positive = downstream (seaward), negative = upstream (flood-tide reversal); negative values kept as-is"
2019-09-10 01:00:00+00:00,4,4,4,1.0,-4559.012301312,-4785.5470740480005,-4332.477528576,0.0,-4559.012301312,False,False,False,1.0,obs,02246500,m3/s,"positive = downstream (seaward), negative = upstream (flood-tide reversal); negative values kept as-is"
2019-09-10 02:00:00+00:00,4,4,4,1.0,-3610.39794048,-4049.309062656,-3143.169971712,0.0,-3610.39794048,False,False,False,1.0,obs,02246500,m3/s,"positive = downstream (seaward), negative = upstream (flood-tide reversal); negative values kept as-is"
2019-09-10 03:00:00+00:00,4,4,4,1.0,-2096.8624901376,-2860.001505792,-1387.525483008,0.0,-2096.8624901376,False,False,False,1.0,obs,02246500,m3/s,"positive = downstream (seaward), negative = upstream (flood-tide reversal); negative values kept as-is"
2019-09-10 04:00:00+00:00,4,4,4,1.0,356.57989070976,-1005.2480540160001,1721.6642727936,0.0,356.57989070976,False,False,False,1.0,obs,02246500,m3/s,"positive = downstream (seaward), negative = upstream (flood-tide reversal); negative values kept as-is"
2019-09-10 05:00:00+00:00,4,4,4,1.0,3022.1154525312004,2319.1497358848,3624.556363776,0.0,3022.1154525312004,False,False,False,1.0,obs,02246500,m3/s,"positive = downstream (seaward), negative = upstream (flood-tide reversal); negative values kept as-is"
2019-09-10 06:00:00+00:00,4,4,4,1.0,3914.8040413440003,3737.8237501440003,4190.893295616,0.0,3914.8040413440003,False,False,False,1.0,obs,02246500,m3/s,"positive = downstream (seaward), negative = upstream (flood-tide reversal); negative values kept as-is"
2019-09-10 07:00:00+00:00,4,4,4,1.0,4325.398316928,4275.843835392,4445.744914944,0.0,4325.398316928,False,False,False,1.0,obs,02246500,m3/s,"positive = downstream (seaward), negative = upstream (flood-tide reversal); negative values kept as-is"
2019-09-10 08:00:00+00:00,4,4,4,1.0,4247.5269888,4105.94275584,4389.11122176,0.0,4247.5269888,False,False,False,1.0,obs,02246500,m3/s,"positive = downstream (seaward), negative = upstream (flood-tide reversal); negative values kept as-is"
2019-09-10 09:00:00+00:00,4,4,4,1.0,3681.19005696,3256.43735808,4020.9922160640003,0.0,3681.19005696,False,False,False,1.0,obs,02246500,m3/s,"positive = downstream (seaward), negative = upstream (flood-tide reversal); negative values kept as-is"
2019-09-10 10:00:00+00:00,4,4,4,1.0,2009.0802657024003,1271.4264119808001,2715.5855881728003,0.0,2009.0802657024003,False,False,False,1.0,obs,02246500,m3/s,"positive = downstream (seaward), negative = upstream (flood-tide reversal); negative values kept as-is"
2019-09-10 11:00:00+00:00,4,4,4,1.0,-426.31012544256004,-1262.9313580032,276.93875966976003,0.0,-426.31012544256004,False,False,False,1.0,obs,02246500,m3/s,"positive = downstream (seaward), negative = upstream (flood-tide reversal); negative values kept as-is"
2019-09-10 12:00:00+00:00,4,4,4,1.0,-2422.5062259456004,-3199.803664896,-1716.0009034752,0.0,-2422.5062259456004,False,False,False,1.0,obs,02246500,m3/s,"positive = downstream (seaward), negative = upstream (flood-tide reversal); negative values kept as-is"
2019-09-10 13:00:00+00:00,4,4,4,1.0,-3475.892919168,-3652.873210368,-3199.803664896,0.0,-3475.892919168,False,False,False,1.0,obs,02246500,m3/s,"positive = downstream (seaward), negative = upstream (flood-tide reversal); negative values kept as-is"
2019-09-10 14:00:00+00:00,4,4,4,1.0,-2942.1203609088,-3284.754204672,-2367.2883750912,0.0,-2942.1203609088,False,False,False,1.0,obs,02246500,m3/s,"positive = downstream (seaward), negative = upstream (flood-tide reversal); negative values kept as-is"
2019-09-10 15:00:00+00:00,4,4,4,1.0,-1495.1295000576001,-2067.129801216,-504.0398693376,0.0,-1495.1295000576001,False,False,False,1.0,obs,02246500,m3/s,"positive = downstream (seaward), negative = upstream (flood-tide reversal); negative values kept as-is"
2019-09-10 16:00:00+00:00,4,4,4,1.0,1292.94721539072,154.04364546048,2228.5358267904003,0.0,1292.94721539072,False,False,False,1.0,obs,02246500,m3/s,"positive = downstream (seaward), negative = upstream (flood-tide reversal); negative values kept as-is"
2019-09-10 17:00:00+00:00,4,4,4,1.0,3103.5263864832,2446.5755455488,3652.873210368,0.0,3103.5263864832,False,False,False,1.0,obs,02246500,m3/s,"positive = downstream (seaward), negative = upstream (flood-tide reversal); negative values kept as-is"
2019-09-10 18:00:00+00:00,4,4,4,1.0,4077.625909248,3907.724829696,4304.160681984,0.0,4077.625909248,False,False,False,1.0,obs,02246500,m3/s,"positive = downstream (seaward), negative = upstream (flood-tide reversal); negative values kept as-is"
2019-09-10 19:00:00+00:00,4,4,4,1.0,4325.398316928,4247.5269888,4389.11122176,0.0,4325.398316928,False,False,False,1.0,obs,02246500,m3/s,"positive = downstream (seaward), negative = upstream (flood-tide reversal); negative values kept as-is"
2019-09-10 20:00:00+00:00,4,4,4,1.0,4049.3090626559997,3709.506903552,4247.5269888,0.0,4049.3090626559997,False,False,False,1.0,obs,02246500,m3/s,"positive = downstream (seaward), negative = upstream (flood-tide reversal); negative values kept as-is"
2019-09-10 21:00:00+00:00,4,4,4,1.0,3173.6105817984,2585.3280938496,3624.556363776,0.0,3173.6105817984,False,False,False,1.0,obs,02246500,m3/s,"positive = downstream (seaward), negative = upstream (flood-tide reversal); negative values kept as-is"
2019-09-10 22:00:00+00:00,4,4,4,1.0,1040.07777532416,-101.37431079936,2183.2288722432,0.0,1040.07777532416,False,False,False,1.0,obs,02246500,m3/s,"positive = downstream (seaward), negative = upstream (flood-tide reversal); negative values kept as-is"
2019-09-10 23:00:00+00:00,4,4,4,1.0,-1659.3672102912,-2664.6152643072,-750.396434688,0.0,-1659.3672102912,False,False,False,1.0,obs,02246500,m3/s,"positive = downstream (seaward), negative = upstream (flood-tide reversal); negative values kept as-is"
2019-09-11 00:00:00+00:00,4,4,4,1.0,-3603.3187288320005,-3936.041676288,-3029.9025853440003,0.0,-3603.3187288320005,False,False,False,1.0,obs,02246500,m3/s,"positive = downstream (seaward), negative = upstream (flood-tide reversal); negative values kept as-is"
2019-09-11 01:00:00+00:00,4,4,4,1.0,-4226.289353856,-4643.9628410880005,-3822.7742899200002,0.0,-4226.289353856,False,False,False,1.0,obs,02246500,m3/s,"positive = downstream (seaward), negative = upstream (flood-tide reversal); negative values kept as-is"
2019-09-11 02:00:00+00:00,4,4,4,1.0,-4523.616243072,-4983.765000192,-3907.724829696,0.0,-4523.616243072,False,False,False,1.0,obs,02246500,m3/s,"positive = downstream (seaward), negative = upstream (flood-tide reversal); negative values kept as-is"
2019-09-11 03:00:00+00:00,4,4,4,1.0,-3667.031633664,-4219.210142208,-3143.169971712,0.0,-3667.031633664,False,False,False,1.0,obs,02246500,m3/s,"positive = downstream (seaward), negative = upstream (flood-tide reversal); negative values kept as-is"
2019-09-11 04:00:00+00:00,4,4,4,1.0,-1997.0456059008,-2602.3182018048,-1370.5353750528,0.0,-1997.0456059008,False,False,False,1.0,obs,02246500,m3/s,"positive = downstream (seaward), negative = upstream (flood-tide reversal); negative values kept as-is"
2019-09-11 05:00:00+00:00,4,4,4,1.0,833.9311321344001,-436.0794375168,2018.9911620096,0.0,833.9311321344001,False,False,False,1.0,obs,02246500,m3/s,"positive = downstream (seaward), negative = upstream (flood-tide reversal); negative values kept as-is"
2019-09-11 06:00:00+00:00,4,4,4,1.0,3252.1898310912,2531.5260853248,3794.457443328,0.0,3252.1898310912,False,False,False,1.0,obs,02246500,m3/s,"positive = downstream (seaward), negative = upstream (flood-tide reversal); negative values kept as-is"
2019-09-11 07:00:00+00:00,4,4,4,1.0,4148.418025728,3851.091136512,4417.428068352,0.0,4148.418025728,False,False,False,1.0,obs,02246500,m3/s,"positive = downstream (seaward), negative = upstream (flood-tide reversal); negative values kept as-is"
2019-09-11 08:00:00+00:00,4,4,4,1.0,4382.032010112,4332.477528576,4445.744914944,0.0,4382.032010112,False,False,False,1.0,obs,02246500,m3/s,"positive = downstream (seaward), negative = upstream (flood-tide reversal); negative values kept as-is"
2019-09-11 09:00:00+00:00,4,4,4,1.0,4077.6259092479995,3794.457443328,4219.210142208,0.0,4077.6259092479995,False,False,False,1.0,obs,02246500,m3/s,"positive = downstream (seaward), negative = upstream (flood-tide reversal); negative values kept as-is"
2019-09-11 10:00:00+00:00,4,4,4,1.0,3182.8135569408,2423.9220682752,3851.091136512,0.0,3182.8135569408,False,False,False,1.0,obs,02246500,m3/s,"positive = downstream (seaward), negative = upstream (flood-tide reversal); negative values kept as-is"
2019-09-11 11:00:00+00:00,4,4,4,1.0,1003.6906274534401,276.93875966976003,1976.5158921216,0.0,1003.6906274534401,False,False,False,1.0,obs,02246500,m3/s,"positive = downstream (seaward), negative = upstream (flood-tide reversal); negative values kept as-is"
2019-09-11 12:00:00+00:00,4,4,4,1.0,-1486.63444608,-2503.2092387328003,-453.069545472,0.0,-1486.63444608,False,False,False,1.0,obs,02246500,m3/s,"positive = downstream (seaward), negative = upstream (flood-tide reversal); negative values kept as-is"
2019-09-11 13:00:00+00:00,4,4,4,1.0,-3242.2789347840003,-3596.2395171840003,-2888.3183523840003,0.0,-3242.2789347840003,False,False,False,1.0,obs,02246500,m3/s,"positive = downstream (seaward), negative = upstream (flood-tide reversal); negative values kept as-is"
2019-09-11 14:00:00+00:00,4,4,4,1.0,-3808.6158666240003,-3879.4079831040003,-3709.506903552,0.0,-3808.6158666240003,False,False,False,1.0,obs,02246500,m3/s,"positive = downstream (seaward), negative = upstream (flood-tide reversal); negative values kept as-is"
2019-09-11 15:00:00+00:00,4,4,4,1.0,-3412.180014336,-4020.9922160640003,-2916.635198976,0.0,-3412.180014336,False,False,False,1.0,obs,02246500,m3/s,"positive = downstream (seaward), negative = upstream (flood-tide reversal); negative values kept as-is"
2019-09-11 16:00:00+00:00,4,4,4,1.0,-1817.9415512064002,-2647.625156352,-651.2874716160001,0.0,-1817.9415512064002,False,False,False,1.0,obs,02246500,m3/s,"positive = downstream (seaward), negative = upstream (flood-tide reversal); negative values kept as-is"
2019-09-11 17:00:00+00:00,4,4,4,1.0,860.6197600473599,-167.91890029056,1851.9217671168,0.0,860.6197600473599,False,False,False,1.0,obs,02246500,m3/s,"positive = downstream (seaward), negative = upstream (flood-tide reversal); negative values kept as-is"
2019-09-11 18:00:00+00:00,4,4,4,1.0,3064.5907224192,2404.1002756608,3454.6552842240003,0.0,3064.5907224192,False,False,False,1.0,obs,02246500,m3/s,"positive = downstream (seaward), negative = upstream (flood-tide reversal); negative values kept as-is"
2019-09-11 19:00:00+00:00,4,4,4,1.0,3928.9624646400002,3766.140596736,4105.94275584,0.0,3928.9624646400002,False,False,False,1.0,obs,02246500,m3/s,"positive = downstream (seaward), negative = upstream (flood-tide reversal); negative values kept as-is"
2019-09-11 20:00:00+00:00,4,4,4,1.0,4098.8635441920005,3964.3585228800002,4247.5269888,0.0,4098.8635441920005,False,False,False,1.0,obs,02246500,m3/s,"positive = downstream (seaward), negative = upstream (flood-tide reversal); negative values kept as-is"
2019-09-11 21:00:00+00:00,4,4,4,1.0,3688.269268608,3256.43735808,3992.675369472,0.0,3688.269268608,False,False,False,1.0,obs,02246500,m3/s,"positive = downstream (seaward), negative = upstream (flood-tide reversal); negative values kept as-is"
2019-09-11 22:00:00+00:00,4,4,4,1.0,2258.268515712,1492.2978153984,2916.635198976,0.0,2258.268515712,False,False,False,1.0,obs,02246500,m3/s,"positive = downstream (seaward), negative = upstream (flood-tide reversal); negative values kept as-is"
2019-09-11 23:00:00+00:00,4,4,4,1.0,-358.49127785472,-1435.6641222144,665.445894912,0.0,-358.49127785472,False,False,False,1.0,obs,02246500,m3/s,"positive = downstream (seaward), negative = upstream (flood-tide reversal); negative values kept as-is"
2019-09-12 00:00:00+00:00,4,4,4,1.0,-2950.6154148864002,-3681.19005696,-1996.337684736,0.0,-2950.6154148864002,False,False,False,1.0,obs,02246500,m3/s,"positive = downstream (seaward), negative = upstream (flood-tide reversal); negative values kept as-is"
2019-09-12 01:00:00+00:00,4,4,4,1.0,-4233.368565504,-4530.69545472,-4105.94275584,0.0,-4233.368565504,False,False,False,1.0,obs,02246500,m3/s,"positive = downstream (seaward), negative = upstream (flood-tide reversal); negative values kept as-is"
2019-09-12 02:00:00+00:00,4,4,4,1.0,-4594.408359552001,-4643.9628410880005,-4502.378608128,0.0,-4594.408359552001,False,False,False,1.0,obs,02246500,m3/s,"positive = downstream (seaward), negative = upstream (flood-tide reversal); negative values kept as-is"
2019-09-12 03:00:00+00:00,4,4,4,1.0,-4155.497237376,-4502.378608128,-3766.140596736,0.0,-4155.497237376,False,False,False,1.0,obs,02246500,m3/s,"positive = downstream (seaward), negative = upstream (flood-tide reversal); negative values kept as-is"
2019-09-12 04:00:00+00:00,4,4,4,1.0,-3482.972130816,-3992.675369472,-2916.635198976,0.0,-3482.972130816,False,False,False,1.0,obs,02246500,m3/s,"positive = downstream (seaward), negative = upstream (flood-tide reversal); negative values kept as-is"
2019-09-12 05:00:00+00:00,4,4,4,1.0,-1559.5503260544,-2724.0806421504,-385.1091136512,0.0,-1559.5503260544,False,False,False,1.0,obs,02246500,m3/s,"positive = downstream (seaward), negative = upstream (flood-tide reversal); negative values kept as-is"
2019-09-12 06:00:00+00:00,4,4,4,1.0,1214.15558974848,181.51098665472,2075.6248551936,0.0,1214.15558974848,False,False,False,1.0,obs,02246500,m3/s,"positive = downstream (seaward), negative = upstream (flood-tide reversal); negative values kept as-is"
2019-09-12 07:00:00+00:00,4,4,4,1.0,3497.130554112,2860.001505792,4077.625909248,0.0,3497.130554112,False,False,False,1.0,obs,02246500,m3/s,"positive = downstream (seaward), negative = upstream (flood-tide reversal); negative values kept as-is"
2019-09-12 08:00:00+00:00,4,4,4,1.0,4091.784332544,3992.675369472,4190.893295616,0.0,4091.784332544,False,False,False,1.0,obs,02246500,m3/s,"positive = downstream (seaward), negative = upstream (flood-tide reversal); negative values kept as-is"
2019-09-12 09:00:00+00:00,4,4,4,1.0,4275.843835392,4134.259602432,4332.477528576,0.0,4275.843835392,False,False,False,1.0,obs,02246500,m3/s,"positive = downstream (seaward), negative = upstream (flood-tide reversal); negative values kept as-is"
2019-09-12 10:00:00+00:00,4,4,4,1.0,3829.853501568,3482.972130816,4190.893295616,0.0,3829.853501568,False,False,False,1.0,obs,02246500,m3/s,"positive = downstream (seaward), negative = upstream (flood-tide reversal); negative values kept as-is"
2019-09-12 11:00:00+00:00,4,4,4,1.0,2014.0357138559998,1155.3273409536,2755.2291734016003,0.0,2014.0357138559998,False,False,False,1.0,obs,02246500,m3/s,"positive = downstream (seaward), negative = upstream (flood-tide reversal); negative values kept as-is"
2019-09-12 12:00:00+00:00,4,4,4,1.0,-433.17696074111996,-1421.5056989184,560.6735625216,0.0,-433.17696074111996,False,False,False,1.0,obs,02246500,m3/s,"positive = downstream (seaward), negative = upstream (flood-tide reversal); negative values kept as-is"
2019-09-12 13:00:00+00:00,4,4,4,1.0,-2809.0311819264,-3596.2395171840003,-2021.8228466688001,0.0,-2809.0311819264,False,False,False,1.0,obs,02246500,m3/s,"positive = downstream (seaward), negative = upstream (flood-tide reversal); negative values kept as-is"
2019-09-12 14:00:00+00:00,4,4,4,1.0,-3957.279311232,-4105.94275584,-3851.091136512,0.0,-3957.279311232,False,False,False,1.0,obs,02246500,m3/s,"positive = downstream (seaward), negative = upstream (flood-tide reversal); negative values kept as-is"
2019-09-12 15:00:00+00:00,4,4,4,1.0,-4084.705120896,-4275.843835392,-3709.506903552,0.0,-4084.705120896,False,False,False,1.0,obs,02246500,m3/s,"positive = downstream (seaward), negative = upstream (flood-tide reversal); negative values kept as-is"
2019-09-12 16:00:00+00:00,4,4,4,1.0,-3624.5563637760006,-4049.309062656,-3001.585738752,0.0,-3624.5563637760006,False,False,False,1.0,obs,02246500,m3/s,"positive = downstream (seaward), negative = upstream (flood-tide reversal); negative values kept as-is"
2019-09-12 17:00:00+00:00,4,4,4,1.0,-1609.1048075903998,-2341.8032131584,-478.5547074048,0.0,-1609.1048075903998,False,False,False,1.0,obs,02246500,m3/s,"positive = downstream (seaward), negative = upstream (flood-tide reversal); negative values kept as-is"
2019-09-12 18:00:00+00:00,4,4,4,1.0,1282.0452294528,314.3169971712,2313.4863665664,0.0,1282.0452294528,False,False,False,1.0,obs,02246500,m3/s,"positive = downstream (seaward), negative = upstream (flood-tide reversal); negative values kept as-is"
2019-09-12 19:00:00+00:00,4,4,4,1.0,3440.496860928,3001.585738752,3737.8237501440003,0.0,3440.496860928,False,False,False,1.0,obs,02246500,m3/s,"positive = downstream (seaward), negative = upstream (flood-tide reversal); negative values kept as-is"
2019-09-12 20:00:00+00:00,4,4,4,1.0,4148.418025728,3992.675369472,4304.160681984,0.0,4148.418025728,False,False,False,1.0,obs,02246500,m3/s,"positive = downstream (seaward), negative = upstream (flood-tide reversal); negative values kept as-is"
2019-09-12 21:00:00+00:00,4,4,4,1.0,4459.903338239999,4360.794375168,4587.329147904,0.0,4459.903338239999,False,False,False,1.0,obs,02246500,m3/s,"positive = downstream (seaward), negative = upstream (flood-tide reversal); negative values kept as-is"
2019-09-12 22:00:00+00:00,4,4,4,1.0,3851.091136512,3482.972130816,4077.625909248,0.0,3851.091136512,False,False,False,1.0,obs,02246500,m3/s,"positive = downstream (seaward), negative = upstream (flood-tide reversal); negative values kept as-is"
2019-09-12 23:00:00+00:00,4,4,4,1.0,2295.0804162816003,1665.0305796096,3029.9025853440003,0.0,2295.0804162816003,False,False,False,1.0,obs,02246500,m3/s,"positive = downstream (seaward), negative = upstream (flood-tide reversal); negative values kept as-is"
2019-09-13 00:00:00+00:00,4,4,4,1.0,-510.41115982080004,-1514.9512926720001,642.7924176384,0.0,-510.41115982080004,False,False,False,1.0,obs,02246500,m3/s,"positive = downstream (seaward), negative = upstream (flood-tide reversal); negative values kept as-is"
2019-09-13 01:00:00+00:00,4,4,4,1.0,-3038.3976393216,-3936.041676288,-2137.921917696,0.0,-3038.3976393216,False,False,False,1.0,obs,02246500,m3/s,"positive = downstream (seaward), negative = upstream (flood-tide reversal); negative values kept as-is"
2019-09-13 02:00:00+00:00,4,4,4,1.0,-4190.893295616001,-4615.645994496,-3766.140596736,0.0,-4190.893295616001,False,False,False,1.0,obs,02246500,m3/s,"positive = downstream (seaward), negative = upstream (flood-tide reversal); negative values kept as-is"
2019-09-13 03:00:00+00:00,4,4,4,1.0,-4417.428068352,-4587.329147904,-4134.259602432,0.0,-4417.428068352,False,False,False,1.0,obs,02246500,m3/s,"positive = downstream (seaward), negative = upstream (flood-tide reversal); negative values kept as-is"
2019-09-13 04:00:00+00:00,4,4,4,1.0,-4282.92304704,-4700.596534272,-3766.140596736,0.0,-4282.92304704,False,False,False,1.0,obs,02246500,m3/s,"positive = downstream (seaward), negative = upstream (flood-tide reversal); negative values kept as-is"
2019-09-13 05:00:00+00:00,4,4,4,1.0,-2993.0906847744004,-3539.605824,-2259.6843580416003,0.0,-2993.0906847744004,False,False,False,1.0,obs,02246500,m3/s,"positive = downstream (seaward), negative = upstream (flood-tide reversal); negative values kept as-is"
2019-09-13 06:00:00+00:00,4,4,4,1.0,-437.21211138048,-1577.2483551744,543.6834545664,0.0,-437.21211138048,False,False,False,1.0,obs,02246500,m3/s,"positive = downstream (seaward), negative = upstream (flood-tide reversal); negative values kept as-is"
2019-09-13 07:00:00+00:00,4,4,4,1.0,2552.055799104,1625.3869943808,3341.387897856,0.0,2552.055799104,False,False,False,1.0,obs,02246500,m3/s,"positive = downstream (seaward), negative = upstream (flood-tide reversal); negative values kept as-is"
2019-09-13 08:00:00+00:00,4,4,4,1.0,3971.437734528,3851.091136512,4077.625909248,0.0,3971.437734528,False,False,False,1.0,obs,02246500,m3/s,"positive = downstream (seaward), negative = upstream (flood-tide reversal); negative values kept as-is"
2019-09-13 09:00:00+00:00,4,4,4,1.0,4410.348856704,4332.477528576,4474.061761536,0.0,4410.348856704,False,False,False,1.0,obs,02246500,m3/s,"positive = downstream (seaward), negative = upstream (flood-tide reversal); negative values kept as-is"
2019-09-13 10:00:00+00:00,4,4,4,1.0,4290.002258688,4077.625909248,4389.11122176,0.0,4290.002258688,False,False,False,1.0,obs,02246500,m3/s,"positive = downstream (seaward), negative = upstream (flood-tide reversal); negative values kept as-is"
2019-09-13 11:00:00+00:00,4,4,4,1.0,3482.972130816,2944.952045568,3794.457443328,0.0,3482.972130816,False,False,False,1.0,obs,02246500,m3/s,"positive = downstream (seaward), negative = upstream (flood-tide reversal); negative values kept as-is"
2019-09-13 12:00:00+00:00,4,4,4,1.0,1455.4859148287999,373.78237501440003,2338.9715284992,0.0,1455.4859148287999,False,False,False,1.0,obs,02246500,m3/s,"positive = downstream (seaward), negative = upstream (flood-tide reversal); negative values kept as-is"
2019-09-13 13:00:00+00:00,4,4,4,1.0,-1257.9759098496002,-2200.2189801984,-291.6635198976,0.0,-1257.9759098496002,False,False,False,1.0,obs,02246500,m3/s,"positive = downstream (seaward), negative = upstream (flood-tide reversal); negative values kept as-is"
2019-09-13 14:00:00+00:00,4,4,4,1.0,-3242.2789347840003,-3766.140596736,-2605.1498864640002,0.0,-3242.2789347840003,False,False,False,1.0,obs,02246500,m3/s,"positive = downstream (seaward), negative = upstream (flood-tide reversal); negative values kept as-is"
2019-09-13 15:00:00+00:00,4,4,4,1.0,-3971.437734528,-4332.477528576,-3794.457443328,0.0,-3971.437734528,False,False,False,1.0,obs,02246500,m3/s,"positive = downstream (seaward), negative = upstream (flood-tide reversal); negative values kept as-is"
2019-09-13 16:00:00+00:00,4,4,4,1.0,-3928.96246464,-3992.675369472,-3794.457443328,0.0,-3928.96246464,False,False,False,1.0,obs,02246500,m3/s,"positive = downstream (seaward), negative = upstream (flood-tide reversal); negative values kept as-is"
2019-09-13 17:00:00+00:00,4,4,4,1.0,-3163.6996854912,-4020.9922160640003,-2205.8823495168,0.0,-3163.6996854912,False,False,False,1.0,obs,02246500,m3/s,"positive = downstream (seaward), negative = upstream (flood-tide reversal); negative values kept as-is"
2019-09-13 18:00:00+00:00,4,4,4,1.0,-587.36219043456,-1718.8325881344,529.5250312704001,0.0,-587.36219043456,False,False,False,1.0,obs,02246500,m3/s,"positive = downstream (seaward), negative = upstream (flood-tide reversal); negative values kept as-is"
2019-09-13 19:00:00+00:00,4,4,4,1.0,2311.3626030719997,1237.4461960704,3143.169971712,0.0,2311.3626030719997,False,False,False,1.0,obs,02246500,m3/s,"positive = downstream (seaward), negative = upstream (flood-tide reversal); negative values kept as-is"
2019-09-13 20:00:00+00:00,4,4,4,1.0,3638.714787072,3369.704744448,3992.675369472,0.0,3638.714787072,False,False,False,1.0,obs,02246500,m3/s,"positive = downstream (seaward), negative = upstream (flood-tide reversal); negative values kept as-is"
2019-09-13 21:00:00+00:00,4,4,4,1.0,4268.764623744,4134.259602432,4417.428068352,0.0,4268.764623744,False,False,False,1.0,obs,02246500,m3/s,"positive = downstream (seaward), negative = upstream (flood-tide reversal); negative values kept as-is"
2019-09-13 22:00:00+00:00,4,4,4,1.0,4155.497237376,3964.3585228800002,4304.160681984,0.0,4155.497237376,False,False,False,1.0,obs,02246500,m3/s,"positive = downstream (seaward), negative = upstream (flood-tide reversal); negative values kept as-is"
2019-09-13 23:00:00+00:00,4,4,4,1.0,3322.2740264064,2670.2786336256,3652.873210368,0.0,3322.2740264064,False,False,False,1.0,obs,02246500,m3/s,"positive = downstream (seaward), negative = upstream (flood-tide reversal); negative values kept as-is"
2019-09-14 00:00:00+00:00,4,4,4,1.0,1173.30853853952,60.59805170688,2239.8625654272,0.0,1173.30853853952,False,False,False,1.0,obs,02246500,m3/s,"positive = downstream (seaward), negative = upstream (flood-tide reversal); negative values kept as-is"
