mode,mask,mae,rmse,n,csi_0.1,csi_0.3,tp_0.1,fp_0.1,fn_0.1,tp_0.3,fp_0.3,fn_0.3,sa,ss,sid,event,level,tau_h,config
single,active,0.006109572556398986,0.020522426833164513,4110456,0.9762690508475542,0.9868030225085374,1027407,7802,17172,763452,5694,4516,25113.12917188555,1731.200766355272,irma_s005,irma,low,0,zero
single,land,0.003869363447008192,0.012272311376562223,3684744,0.9621185609750715,0.9755684421847383,610343,7379,16652,357659,4904,4053,14257.613745182753,554.9579176739653,irma_s005,irma,low,0,zero
single,active,0.006080071893516312,0.020540831667328625,4110456,0.976161814217586,0.9867622112034378,1013623,7612,17141,755029,5614,4515,24991.867995135486,1734.3072947056373,irma_s006,irma,low,6,zero
single,land,0.0038381402365769276,0.012277617780696111,3684744,0.961607950140781,0.9752348777797942,596646,7168,16653,349295,4819,4051,14142.564207885414,555.4379360752863,irma_s006,irma,low,6,zero
single,active,0.0070742560770089905,0.02184448376768701,4110456,0.9718869682227512,0.985288797494264,1126728,8940,23652,827950,7214,5148,29078.418337278068,1961.4334408762174,irma_s024,irma,mid,6,zero
single,land,0.004895171643383009,0.013996869109133336,3684744,0.9572733172068325,0.9743095563274012,709553,8502,23168,421612,6440,4677,18037.45434192568,721.886837242224,irma_s024,irma,mid,6,zero
single,active,0.00704084900116037,0.02190386221974001,4110456,0.9737899238062898,0.9861392267109504,1112666,7635,22313,818891,6409,5101,28941.100021913648,1972.1112096871086,irma_s037,irma,low,-6,zero
single,land,0.004543930101900047,0.013733310657744725,3684744,0.9597934438468664,0.9753637848825061,694209,7291,21790,410753,5750,4625,16743.219179395586,694.9568000991948,irma_s037,irma,low,-6,zero
single,active,0.006869191266430973,0.02148790171608565,4110456,0.9751176083856674,0.9858819371737189,1106464,8748,19486,820168,7090,4655,28235.50845624879,1897.9205207018365,irma_s041,irma,mid,0,zero
single,land,0.004535588120197334,0.013472476064211994,3684744,0.9616486588147118,0.9747736461477137,687724,8397,19030,410832,6419,4213,16712.481112368405,668.8090816948264,irma_s041,irma,mid,0,zero
single,active,0.007544521630585738,0.0223499166279505,4110456,0.9716362643922098,0.985512046941291,1160603,8358,25522,853891,6827,5726,31011.424203570932,2053.2499387263642,irma_s046,irma,mid,-6,zero
single,land,0.005066279502047591,0.014603347283141839,3684744,0.9574139472709702,0.9749973189527064,742014,8008,24997,445487,6173,5251,18667.94299749285,785.8002216640108,irma_s046,irma,mid,-6,zero
single,active,0.007438641616366382,0.022497190411584943,4110456,0.9720958036039422,0.9855978440692509,1169231,8350,25213,863843,7143,5480,30576.209063842893,2080.3986914169454,irma_s049,irma,high,-6,zero
single,land,0.005132119198669046,0.014428385463465627,3684744,0.9581745019238554,0.9752923392724477,750311,8010,24742,454219,6447,5060,18910.545424580574,767.0837679518327,irma_s049,irma,high,-6,zero
single,active,0.006790695192882886,0.021947399644192244,4110456,0.9775440832019798,0.9863670380429396,1061738,8199,16191,796085,6304,4699,27912.853799756616,1979.958773081288,irma_s059,irma,mid,0,zero
single,land,0.00427045531979733,0.013534881336185713,3684744,0.9644608727010457,0.9746666294775864,641868,7899,15753,384390,5724,4267,15735.534616891295,675.0193547000825,irma_s059,irma,mid,0,zero
single,active,0.00684023432875468,0.02235354670085147,4110456,0.9771219756710204,0.9860302275271158,1054597,8041,16651,799001,6462,4858,28116.48223803565,2053.9169704992255,irma_s063,irma,high,6,zero
single,land,0.004392275113935417,0.013831601880673082,3684744,0.9635224995445436,0.9738698660348587,634653,7767,16260,386378,5900,4467,16184.409372422844,704.9402048254333,irma_s063,irma,high,6,zero
single,active,0.00727230464240961,0.02231373819912144,4110456,0.9755576694659555,0.9859487334838617,1121944,9020,19090,839700,7055,4912,29892.488251220435,2046.608013769871,irma_s068,irma,high,0,zero
single,land,0.004787130040224961,0.014243522681722085,3684744,0.9624415591537903,0.9750459242511954,701976,8726,18668,427817,6469,4480,17639.348692938685,747.5532661955091,irma_s068,irma,high,0,zero
single,active,0.005213696113390588,0.017543352184823453,4110456,0.9760782941296282,0.9864327713903661,867391,6135,15123,646220,4762,4126,21430.668471463025,1265.0717789277635,matthew_s005,matthew,low,0,zero
single,land,0.0030504478806548086,0.010793696104578728,3684744,0.956946750990694,0.9701558895155088,450609,5697,14576,242213,3811,3640,11240.119525555521,429.2869565864696,matthew_s005,matthew,low,0,zero
single,active,0.0051436262948447616,0.017510507294949677,4110456,0.9762205783148011,0.9870615398690338,850909,6003,14724,636555,4240,4104,21142.64956540242,1260.3392458826281,matthew_s006,matthew,low,6,zero
single,land,0.002974846790905684,0.010760307239106943,3684744,0.9564189665503507,0.970883072836175,434153,5591,14192,232443,3349,3622,10961.548863708973,426.63518001947506,matthew_s006,matthew,low,6,zero
single,active,0.006503438782849496,0.01945739115999258,4110456,0.9679035932103754,0.9852826873498164,987915,8564,24196,720017,6036,4719,26732.098965596408,1556.177827866918,matthew_s024,matthew,mid,6,zero
single,land,0.004331232335542525,0.012969977406197646,3684744,0.9471558341990236,0.9710026490188762,570758,8164,23680,314868,5144,4259,15959.482360996306,619.8487923848044,matthew_s024,matthew,mid,6,zero
single,active,0.006142200354997884,0.0188854414908314,4110456,0.9725377107809382,0.9859645802129796,970261,6914,20484,718851,5228,5005,25247.24430240318,1466.0348271624007,matthew_s037,matthew,low,-6,zero
single,land,0.0038675355469477346,0.012106634387887266,3684744,0.953959073193357,0.9719939002815013,551209,6621,19982,310415,4447,4497,14250.878401402384,540.0751249316481,matthew_s037,matthew,low,-6,zero
single,active,0.006043205258139673,0.01856850661203352,4110456,0.9735094616340415,0.9865341113193076,955850,7302,18708,711298,5737,3972,24840.329312551767,1417.241813346292,matthew_s041,matthew,mid,0,zero
single,land,0.0038417829224929954,0.01209255462935684,3684744,0.9551073762838469,0.9725567329046025,537033,6990,18252,302612,4977,3562,14155.986572958529,538.8196636061338,matthew_s041,matthew,mid,0,zero
single,active,0.0068013911539835095,0.01990086195558994,4110456,0.968663499567059,0.9857929925282436,1034799,8025,25451,757576,5944,4974,27956.81907723844,1627.9226962288856,matthew_s046,matthew,mid,-6,zero
single,land,0.00450069069389495,0.013174868751371248,3684744,0.9495921465064047,0.9731010141874642,615594,7727,24951,348774,5171,4470,16583.893030185252,639.5874232247852,matthew_s046,matthew,mid,-6,zero
single,active,0.006738706296153891,0.019846671384820432,4110456,0.9688037755143054,0.9858210437362971,1036466,7993,25382,759444,6118,4805,27699.15572726354,1619.0690143909424,matthew_s049,matthew,high,-6,zero
single,land,0.0045143318798343424,0.013135701736325117,3684744,0.9498275697642582,0.9729860253403461,617500,7681,24937,350562,5368,4365,16634.157308228314,635.7902705444978,matthew_s049,matthew,high,-6,zero
single,active,0.0055242992277058055,0.01798677341946928,4110456,0.9780501055524163,0.9870850526218183,898340,6050,14111,681294,4608,4306,22707.388906318694,1329.8312411103002,matthew_s059,matthew,mid,0,zero
single,land,0.003210711106393301,0.011249509421242724,3684744,0.960768245015687,0.9719221139470793,478330,5785,13747,269791,3939,3855,11830.648485016078,466.3097411013191,matthew_s059,matthew,mid,0,zero
single,active,0.005500621763134109,0.017986670173580344,4110456,0.9777336657978428,0.9873136077339973,882652,6173,13928,674039,4621,4040,22610.063730005175,1329.8159744239008,matthew_s063,matthew,high,6,zero
single,land,0.003219958123826937,0.01148431847608832,3684744,0.9596528888631033,0.9718279092154467,463140,5884,13588,262481,3972,3637,11864.721377022564,485.9793048897836,matthew_s063,matthew,high,6,zero
single,active,0.006253134106977107,0.019114890501236905,4110456,0.9741945784414927,0.9866900222509283,970177,7537,18162,729455,5717,4123,25703.232608828694,1501.8744626150044,matthew_s068,matthew,high,0,zero
single,land,0.003947589894401242,0.012406645054502986,3684744,0.9563840719443725,0.9732077738212708,550027,7263,17821,317583,5053,3690,14545.85817785561,567.1736361991141,matthew_s068,matthew,high,0,zero
single,active,0.0034068283483941896,0.018704713055289153,4110456,0.9875285689558334,0.9895752445250923,559113,2843,4218,491904,3025,2157,14003.618025626987,1438.1099929041545,ian_s005,ian,low,0,zero
single,land,0.0009800460978675472,0.006720280610157775,3684744,0.9633666622812788,0.9640495444774286,146451,2030,3539,94178,1970,1542,3611.2189788408577,166.41104038518384,ian_s005,ian,low,0,zero
single,active,0.003414743320422528,0.018709213741547843,4110456,0.9876339362268214,0.9896445834289187,558666,2809,4186,491792,3004,2142,14036.152169890702,1438.802145792197,ian_s006,ian,low,6,zero
single,land,0.0009805046231764081,0.006730388570993677,3684744,0.9636811224994886,0.9644058066103502,146016,1997,3506,94072,1943,1529,3612.9085272215307,166.91201389517107,ian_s006,ian,low,6,zero
single,active,0.003682689029409008,0.018899616065849723,4110456,0.9841360149284678,0.9890976571561123,593311,3587,5977,503152,3148,2398,15137.531217068434,1468.2363345063884,ian_s024,ian,mid,6,zero
single,land,0.001295146109033259,0.007417518899094529,3684744,0.9571746502755405,0.9644795986560838,180638,2785,5297,105353,2108,1772,4772.281854383647,202.73309167472004,ian_s024,ian,mid,6,zero
single,active,0.0035483479923443264,0.016811821796257603,4110456,0.9864619931489942,0.9901923433852045,583439,3076,4931,506825,2874,2146,14585.32829521969,1161.768399801054,ian_s037,ian,low,-6,zero
single,land,0.0011259394933926508,0.0067419050484984035,3684744,0.9613635590433314,0.968184092046023,169548,2484,4330,106447,1936,1562,4148.79879264161,167.48371433111518,ian_s037,ian,low,-6,zero
single,active,0.003611170354049289,0.01781790325748273,4110456,0.986269815114973,0.9898613545075293,586582,3222,4944,510618,3063,2167,14843.556848824024,1304.978020206767,ian_s041,ian,mid,0,zero
single,land,0.0011883799911102907,0.00728717712716165,3684744,0.9612367662554148,0.9671024176677759,172418,2576,4377,109564,2104,1623,4378.8760419636965,195.6707781731603,ian_s041,ian,mid,0,zero
single,active,0.003705518356559802,0.016946235673068504,4110456,0.9845158120290843,0.9899159663865547,605110,3316,6201,514197,2927,2311,15231.370161831379,1180.4198050882978,ian_s046,ian,mid,-6,zero
single,land,0.0013128301261028865,0.007150700878915934,3684744,0.9582924042258886,0.9682080432969689,191210,2725,5597,113778,2003,1733,4837.442930176854,188.41025754919852,ian_s046,ian,mid,-6,zero
single,active,0.0037788022758058586,0.01794327313102067,4110456,0.9844387821009662,0.9896334980597405,609659,3452,6185,518468,3103,2328,15532.600487399846,1323.4067324287164,ian_s049,ian,high,-6,zero
single,land,0.0013854754336489984,0.007694973936605704,3684744,0.9586001941995155,0.9674930766187525,195472,2821,5621,117384,2151,1793,5105.122291285545,218.18336058466187,ian_s049,ian,high,-6,zero
single,active,0.0036574998259889476,0.017488811849734037,4110456,0.988210345311979,0.9899285796127258,583891,2859,4107,518386,3032,2242,15033.992104735225,1257.218070546486,ian_s059,ian,mid,0,zero
single,land,0.001147866143846051,0.0074166456201673146,3684744,0.9662924566126353,0.9672874780135159,168705,2331,3554,114936,2140,1747,4229.592886339873,202.68535816235942,ian_s059,ian,mid,0,zero
single,active,0.0037821557791606077,0.018898683923199846,4110456,0.9877932823644038,0.9896926713947991,589032,2938,4341,523300,3170,2280,15546.384915385395,1468.0915091350776,ian_s063,ian,high,6,zero
single,land,0.0012524565850956088,0.008280459322511619,3684744,0.9652629881503806,0.9667920053925431,173590,2410,3837,119044,2279,1810,4614.981887191534,252.64818139298342,ian_s063,ian,high,6,zero
single,active,0.003776752649280511,0.017571063150899274,4110456,0.9868741975834265,0.9897791664460096,598028,3215,4739,523320,3095,2309,15524.175587750971,1269.0714761100546,ian_s068,ian,high,0,zero
single,land,0.0012828801357192554,0.007663202516874789,3684744,0.9637653657199485,0.967630981889821,182834,2685,4189,119844,2192,1817,4727.084882810712,216.38538580569346,ian_s068,ian,high,0,zero
single,active,0.0038250075917322696,0.015839794778145167,4110456,0.982922109110138,0.988849401714975,628273,4468,6448,515593,3578,2236,15722.525405481458,1031.3097052915004,milton_s005,milton,low,0,zero
single,land,0.0015121760673710604,0.007410704325536252,3684744,0.955107965886409,0.9621661913966006,210544,3921,5975,111008,2540,1825,5571.98169118911,202.3607555970408,milton_s005,milton,low,0,zero
single,active,0.0038159629365176126,0.015834487898983698,4110456,0.9833261628034783,0.9893706470908937,626247,4350,6269,515379,3439,2098,15685.34774818644,1030.618772203984,milton_s006,milton,low,6,zero
single,land,0.001499028588310997,0.0073992565965851015,3684744,0.9559749869341573,0.9643506634761801,208523,3803,5800,110828,2419,1678,5523.536596607417,201.7360425575339,milton_s006,milton,low,6,zero
single,active,0.004868581030264358,0.016930694723628445,4110456,0.977582003941297,0.9878336401288541,849770,5681,13806,618210,4063,3551,20012.088107336313,1178.2557336007812,milton_s024,milton,mid,6,zero
single,land,0.0027773345289739777,0.009809100095571125,3684744,0.958901829174907,0.9715390388682936,432015,5219,13297,213588,3180,3077,10233.76674162969,354.5403367421404,milton_s024,milton,mid,6,zero
single,active,0.004499700225860326,0.01656017116244273,4110456,0.9782073937227656,0.9885602074469424,779420,5791,11573,588999,3345,3471,18495.819791588932,1127.248448406465,milton_s037,milton,low,-6,zero
single,land,0.002337020520861181,0.008975145395274558,3684744,0.9562615662797542,0.9700828245741365,360677,5413,11084,181778,2620,2986,8611.322342120111,296.8180488542564,milton_s037,milton,low,-6,zero
single,active,0.004537293914878784,0.01671623136219736,4110456,0.9783241930340458,0.9882252573999883,776176,5726,11471,590766,3510,3529,18650.346996176988,1148.594547993314,milton_s041,milton,mid,0,zero
single,land,0.0023756110853989107,0.009244173709502741,3684744,0.9561501509707945,0.9687599532859115,356884,5323,11044,182495,2773,3112,8753.518693257123,314.87886838545796,milton_s041,milton,mid,0,zero
single,active,0.0050470712229795,0.01750975260744754,4110456,0.9777724209278733,0.9885379284741987,876132,6059,13858,639070,3843,3567,20745.764190923423,1260.230609192192,milton_s046,milton,mid,-6,zero
single,land,0.0028480707437216666,0.009890323295555888,3684744,0.9600261971884203,0.9739933943473766,457344,5653,13390,231789,3104,3085,10494.411584503949,360.43611213722613,milton_s046,milton,mid,-6,zero
single,active,0.0050430589053050215,0.01743760797154445,4110456,0.9780216853887703,0.988206266887074,881444,6108,13700,644435,3974,3717,20729.271735664457,1249.8670619700288,milton_s049,milton,high,-6,zero
single,land,0.0028880958322171292,0.010079446254810076,3684744,0.9605684626689144,0.9731785131325122,462117,5686,13284,236097,3220,3287,10641.893789187074,374.3524392406623,milton_s049,milton,high,-6,zero
single,active,0.004040650306165103,0.016332149104270832,4110456,0.9838076877420169,0.9897601374458815,654725,4161,6615,548435,3265,2409,16608.915294878185,1096.4193108636227,milton_s059,milton,mid,0,zero
single,land,0.0016902659257694084,0.008132711876522073,3684744,0.9586553259766201,0.9678484495713832,234211,3823,6278,137178,2540,2017,6228.197228383273,243.7126619925065,milton_s059,milton,mid,0,zero
single,active,0.004107458315252831,0.016677011946232997,4110456,0.9840560367606883,0.990204972338199,659166,4418,6262,554493,3210,2275,16883.526676680893,1143.2112338029397,milton_s063,milton,high,6,zero
single,land,0.0017465873872038087,0.008560719741423209,3684744,0.9593672731372975,0.9698655540101994,238232,4111,5979,142256,2506,1914,6435.727395474911,270.0398631838886,milton_s063,milton,high,6,zero
single,active,0.004707474108342843,0.017186681809517303,4110456,0.97875918596324,0.9887155837543571,788599,5755,11359,605877,3513,3402,19349.86519348249,1214.1548441711661,milton_s068,milton,high,0,zero
single,land,0.002471049193478428,0.009570641784565341,3684744,0.957243574573437,0.9707702974346696,368086,5440,11001,194621,2878,2982,9105.183689374477,337.51217478165773,milton_s068,milton,high,0,zero
single,active,0.0033785596828795803,0.014532254323389058,4110456,0.984823762999076,0.9881958941876859,551067,3400,5092,472411,3146,2497,13887.420919850469,868.0724696133706,dorian_s005,dorian,low,0,zero
single,land,0.0010056864058010685,0.0064107072275064545,3684744,0.9575329149666387,0.9585887481269582,144801,2357,4065,84444,1970,1678,3705.6969496570528,151.43254009802874,dorian_s005,dorian,low,0,zero
single,active,0.003384556899864112,0.01453519399515919,4110456,0.9845197645290134,0.9883954259648682,551399,3377,5293,472369,3094,2452,13912.072216387838,868.4237029703089,dorian_s006,dorian,low,6,zero
single,land,0.001023475539485673,0.006471329361901993,3684744,0.9564916489803451,0.9596655860774612,145117,2336,4265,84369,1917,1629,3771.245353266597,154.31009137759196,dorian_s006,dorian,low,6,zero
single,active,0.004402186536541175,0.01573968188439229,4110456,0.9731771636933911,0.9871201664171705,652816,5519,12474,507745,3175,3450,18094.994062244892,1018.3144460670076,dorian_s024,dorian,mid,6,zero
single,land,0.0021694267998026173,0.008982417243570956,3684744,0.9391748922007068,0.9624215940790428,246339,4553,11401,119373,2067,2594,7993.7823840118945,297.2992199382575,dorian_s024,dorian,mid,6,zero
single,active,0.003772250259133209,0.014858415882110858,4110456,0.980532234651465,0.9877934858325516,593071,4098,7677,490639,3113,2950,15505.668711155653,907.4757398511626,dorian_s037,dorian,low,-6,zero
single,land,0.0014794319928009966,0.007392159083034078,3684744,0.9493681252591224,0.9603878806462123,185479,3263,6629,100228,2115,2019,5451.328158881515,201.34920975616197,dorian_s037,dorian,low,-6,zero
single,active,0.0037693129138316236,0.014825869355658782,4110456,0.9809521291712656,0.9878588104926537,593684,3993,7535,492091,3041,3007,15493.59488253668,903.5045445602464,dorian_s041,dorian,mid,0,zero
single,land,0.0014813395379274586,0.007487577496789447,3684744,0.9503665264764793,0.9600171029502589,185522,3138,6551,101037,2099,2109,5458.356974340975,206.58081246193294,dorian_s041,dorian,mid,0,zero
single,active,0.004229068821316959,0.01546019770919791,4110456,0.9761288024248572,0.9874947588895995,646658,4926,10888,511071,3105,3367,17383.40131099522,982.4717933599997,dorian_s046,dorian,mid,-6,zero
single,land,0.0019757353726182806,0.008465058775854593,3684744,0.944916443625639,0.9635293835490498,239010,4104,9829,120525,2137,2425,7280.079059842974,264.03851174156944,dorian_s046,dorian,mid,-6,zero
single,active,0.004231247219215641,0.015454618643868377,4110456,0.9763825109990407,0.9877461496281902,649351,4944,10763,513386,3030,3339,17392.355519708246,981.7628392548975,dorian_s049,dorian,high,-6,zero
single,land,0.001989851070648696,0.008567785312948113,3684744,0.9454908295368112,0.9642612009183215,241155,4120,9783,122223,2091,2439,7332.091793466359,270.485800768952,dorian_s049,dorian,high,-6,zero
single,active,0.00355883379533294,0.014897080491090156,4110456,0.9854001083268008,0.9883657064966825,569444,3043,5394,493066,2932,2872,14628.429727029055,912.2047563107218,dorian_s059,dorian,mid,0,zero
single,land,0.0011043169487716287,0.0068035311196016305,3684744,0.9598499624906227,0.9622803962541598,159935,2230,4460,99469,1958,1941,4069.125251084566,170.55956180036608,dorian_s059,dorian,mid,0,zero
single,active,0.0035900476946148555,0.015003732902274207,4110456,0.9853505760477702,0.9887315683646113,572602,3147,5366,495663,2901,2748,14756.7330866158,925.3129751939061,dorian_s063,dorian,high,6,zero
single,land,0.00114985873309823,0.00702660851081113,3684744,0.9599752022199918,0.9636304872716212,162591,2316,4463,101372,1951,1875,4236.935067631304,181.9277025539355,dorian_s063,dorian,high,6,zero
single,active,0.003912057217377717,0.015167688312616778,4110456,0.9809259292422957,0.9878815548921482,602521,3972,7744,501993,3056,3102,16080.339061513543,945.6464463556719,dorian_s068,dorian,high,0,zero
single,land,0.0015453013946257887,0.007749857359397197,3684744,0.9507015884277324,0.9619795506835686,192962,3219,6787,108291,2162,2118,5694.040042039007,221.30678986633833,dorian_s068,dorian,high,0,zero
single,active,0.006995746389040807,0.022542407799311156,4110456,0.9735663613987711,0.9834614779894477,1033945,17439,10634,763113,7978,4855,28755.707719311118,2088.769935022849,irma_s005,irma,low,0,B_N1_s0
single,land,0.004614072128213723,0.01338423926480555,3684744,0.9580959448089146,0.9695922523615564,617169,17167,9826,358020,7536,3692,17001.674590002745,660.0771573781797,irma_s005,irma,low,0,B_N1_s0
single,active,0.006972158120171398,0.022559234909643396,4110456,0.9736654675160014,0.983462349081553,1019825,16644,10939,754531,7675,5013,28658.749178007245,2091.889484702172,irma_s006,irma,low,6,B_N1_s0
single,land,0.004585067916254099,0.013489430044480907,3684744,0.9579105515842702,0.9691103309429128,603157,16360,10142,349467,7260,3879,16894.801494009793,670.4934210093505,irma_s006,irma,low,6,B_N1_s0
single,active,0.008176404762737524,0.024294963152749156,4110456,0.9702176990787287,0.9804293692144027,1134852,19308,15528,827602,11024,5496,33608.75201542303,2426.17706600601,irma_s024,irma,mid,6,B_N1_s0
single,land,0.005860657328739216,0.015743169518334484,3684744,0.9550991957389863,0.9658071530758227,717992,19025,14729,421937,10586,4352,21595.021928127855,913.2541702589742,irma_s024,irma,mid,6,B_N1_s0
single,active,0.008163119383879211,0.02368476947774964,4110456,0.9720769022756583,0.9796834840210404,1121559,18797,13420,818745,11732,5247,33554.14305018261,2305.8355359772972,irma_s037,irma,low,-6,B_N1_s0
single,land,0.005543788388771,0.015188625217030403,3684744,0.9575569879591879,0.9636293767412653,703407,18586,12592,411251,11395,4127,20427.44100279361,850.0495703488609,irma_s037,irma,low,-6,B_N1_s0
single,active,0.008057247809457223,0.02409799294374215,4110456,0.9719271881896793,0.9803629640790886,1113744,19963,12206,819805,11403,5018,33118.9626018703,2386.996319945763,irma_s041,irma,mid,0,B_N1_s0
single,land,0.005598457664877357,0.015167221384911283,3684744,0.9570448532832669,0.9647924675312484,695295,19748,11459,411100,11057,3945,20628.883289910853,847.655476307122,irma_s041,irma,mid,0,B_N1_s0
single,active,0.008754347500184178,0.024231597812061814,4110456,0.9706929553832928,0.9802797857761025,1170944,20172,15181,854057,11621,5560,35984.360208217055,2413.5378163515143,irma_s046,irma,mid,-6,B_N1_s0
single,land,0.006169068535345236,0.016264812058130247,3684744,0.9563895863618342,0.9659897664109712,752648,19957,14363,446295,11270,4443,22731.438271202147,974.7773267975226,irma_s046,irma,mid,-6,B_N1_s0
single,active,0.00872518018586432,0.02500834909830543,4110456,0.9708925196409638,0.9804339906783133,1179448,20364,14996,863930,11848,5393,35864.46924606711,2570.7512165905823,irma_s049,irma,high,-6,B_N1_s0
single,land,0.006293070259384263,0.016266047576931005,3684744,0.9567636765588001,0.9663127308565614,760829,20158,14224,454941,11522,4338,23188.352879844606,974.9254258290458,irma_s049,irma,high,-6,B_N1_s0
single,active,0.008117711705507475,0.024823603908440746,4110456,0.9731842047691971,0.9812715422891708,1067622,19111,10307,795718,10121,5066,33367.49678617343,2532.9094805807836,irma_s059,irma,mid,0,B_N1_s0
single,land,0.0054415408203737844,0.015429105012093648,3684744,0.9578307732330578,0.9652329515223916,648007,18915,9614,384599,9795,4058,20050.68488862738,877.1801395684187,irma_s059,irma,mid,0,B_N1_s0
single,active,0.00822529167668027,0.025388287956732928,4110456,0.9726900857386147,0.9814879222303471,1060061,18576,11187,798622,9826,5237,33809.699524160475,2649.4567514025107,irma_s063,irma,high,6,B_N1_s0
single,land,0.005583092143001069,0.015911840183915085,3684744,0.9567871721162063,0.9654996702835561,640370,18379,10543,386532,9499,4313,20572.26527537033,932.9280190872481,irma_s063,irma,high,6,B_N1_s0
single,active,0.0086882618737316,0.02528287117471843,4110456,0.9719081346598601,0.9800444831028423,1129193,20797,11841,839413,11893,5199,35712.7181484513,2627.5003785318727,irma_s068,irma,high,0,B_N1_s0
single,land,0.006085765602137087,0.016386403022155667,3684744,0.957155634941942,0.9644313568219608,709483,20597,11161,428059,11549,4238,22424.488287881017,989.4061021204031,irma_s068,irma,high,0,B_N1_s0
single,active,0.005767926627092509,0.018682390904557162,4110456,0.9749081480935353,0.9847228045034263,872729,12677,9785,645924,5599,4422,23708.808611892164,1434.6795684017347,matthew_s005,matthew,low,0,B_N1_s0
single,land,0.0034500289425088613,0.011410017809829514,3684744,0.9553499454567915,0.9663232868854418,456278,12418,8907,242580,5181,3273,12712.473445735872,479.7113179023657,matthew_s005,matthew,low,0,B_N1_s0
single,active,0.005752790325479607,0.0188187016629463,4110456,0.9746110613713148,0.9852152494849193,855613,12269,10020,635986,4871,4673,23646.591510109603,1455.6914071173182,matthew_s006,matthew,low,6,B_N1_s0
single,land,0.003399742293956805,0.011474790311623996,3684744,0.9540464574762478,0.966848784219805,439222,12033,9123,232531,4439,3534,12527.180019203573,485.17323705575143,matthew_s006,matthew,low,6,B_N1_s0
single,active,0.007092121753405464,0.020501237173932013,4110456,0.9682200776138831,0.9825750625293533,996739,17344,15372,719693,7720,5043,29151.85441401601,1727.6276396009487,matthew_s024,matthew,mid,6,B_N1_s0
single,land,0.004851334869175867,0.013783682040874424,3684744,0.9482497837472794,0.9655110087218118,579905,17115,14533,315165,7296,3962,17875.92705118656,700.0641094634658,matthew_s024,matthew,mid,6,B_N1_s0
single,active,0.006891503166607167,0.020192597818844433,4110456,0.9716691254265576,0.9827054944333865,978087,15860,12658,718853,7648,5003,28327.22054019943,1676.0014673275432,matthew_s037,matthew,low,-6,B_N1_s0
single,land,0.004470166662167527,0.013082542329204054,3684744,0.9530547390841321,0.965270773136524,559324,15684,11867,311017,7295,3895,16471.419787421823,630.6546721901757,matthew_s037,matthew,low,-6,B_N1_s0
single,active,0.006790741354308712,0.019954938172611358,4110456,0.9712788729439156,0.9830245440776779,962854,16768,11704,710712,7715,4558,27913.043544266373,1636.781760211177,matthew_s041,matthew,mid,0,B_N1_s0
single,land,0.004440417833204698,0.01307178157856877,3684744,0.9517650082973839,0.9652206086393488,544283,16582,11002,302615,7345,3559,16361.802968394011,629.6176372580779,matthew_s041,matthew,mid,0,B_N1_s0
single,active,0.007544433757737727,0.021139686974740585,4110456,0.9684968571939715,0.9822305439108104,1044827,18563,15423,757507,8661,5043,31011.06300609559,1836.9067419355868,matthew_s046,matthew,mid,-6,B_N1_s0
single,land,0.005164069516969984,0.014203112440255435,3684744,0.9498348112052181,0.9660343335057292,625887,18398,14658,349290,8327,3954,19028.274168238044,743.3175225489695,matthew_s046,matthew,mid,-6,B_N1_s0
single,active,0.007482202153241238,0.021030102328920885,4110456,0.9688121378186733,0.9824237798962605,1046569,18412,15279,759502,8841,4747,30755.262734003365,1817.9116612286796,matthew_s049,matthew,high,-6,B_N1_s0
single,land,0.005170771541934408,0.014130453449189994,3684744,0.9503522912173156,0.9664173559859329,627874,18238,14563,351198,8475,3729,19052.969414513558,735.73178314783,matthew_s049,matthew,high,-6,B_N1_s0
single,active,0.006477781074738669,0.019991059603364433,4110456,0.9743875422524122,0.9837996948082726,903419,14715,9032,680813,6424,4787,26626.634085346013,1642.7127642718708,matthew_s059,matthew,mid,0,B_N1_s0
single,land,0.0039142424271273015,0.012433606218411762,3684744,0.9546506968692696,0.9647436928675869,483648,14546,8429,269861,6077,3785,14422.981297902763,569.6413906375541,matthew_s059,matthew,mid,0,B_N1_s0
single,active,0.006409198272582852,0.02008083874138441,4110456,0.974397173405756,0.9849212480904638,886908,13632,9672,673107,5333,4972,26344.72749472782,1657.5006250098213,matthew_s063,matthew,high,6,B_N1_s0
single,land,0.003877367743893703,0.012651365617425556,3684744,0.9540826214952985,0.9667403147811396,467656,13435,9072,262092,4991,4026,14287.107530105859,589.7692619622819,matthew_s063,matthew,high,6,B_N1_s0
single,active,0.007219078716937171,0.020866525376960713,4110456,0.9706481956151123,0.9825627017363143,977004,18209,11335,728753,8108,4825,29673.705426506698,1789.7413799910657,matthew_s068,matthew,high,0,B_N1_s0
single,land,0.004723888182659356,0.013701871278690396,3684744,0.9508574178979906,0.9647035940700579,557095,18039,10753,317428,7769,3845,17406.318637724966,691.7785422750022,matthew_s068,matthew,high,0,B_N1_s0
single,active,0.0038511689297780253,0.01983780952928008,4110456,0.9862780727907838,0.9887043778342302,559052,3499,4279,490780,2326,3281,15830.060434419662,1617.6234568824173,ian_s005,ian,low,0,B_N1_s0
single,land,0.0011486776882382492,0.007166956796946381,3684744,0.9592673753066231,0.9610817806446311,146648,2885,3342,93569,1638,2151,4232.583219669759,189.26786944340478,ian_s005,ian,low,0,B_N1_s0
single,active,0.003866961586326612,0.019858741745994828,4110456,0.9863711813526399,0.9887167891919778,558582,3448,4270,490625,2290,3309,15894.97545428574,1621.0389860956464,ian_s006,ian,low,6,B_N1_s0
single,land,0.0011550438279773457,0.007190097675593699,3684744,0.9595878047980047,0.9613378463184535,146198,2833,3324,93443,1600,2158,4256.040814876556,190.49206983299598,ian_s006,ian,low,6,B_N1_s0
single,active,0.004176223269409196,0.02009720209840435,4110456,0.9817847146260943,0.9877935786945325,594182,5918,5106,502134,2789,3416,17166.181995082647,1660.2030345513606,ian_s024,ian,mid,6,B_N1_s0
single,land,0.0015065948607210326,0.007916380995493683,3684744,0.9504507330948945,0.9599099140338189,181768,5309,4167,104850,2104,2275,5551.416373472661,230.91954623597812,ian_s024,ian,mid,6,B_N1_s0
single,active,0.004058641512201622,0.019219522699077316,4110456,0.9843262724578656,0.9886860707267234,583924,4852,4446,505619,2434,3352,16682.86735567823,1518.361558791299,ian_s037,ian,low,-6,B_N1_s0
single,land,0.0013458503278033418,0.007288277450795193,3684744,0.9551749863971145,0.9625316409593356,170280,4393,3598,105711,1817,2298,4959.113920271397,195.7298730551721,ian_s037,ian,low,-6,B_N1_s0
single,active,0.004151231562460183,0.0197785236015875,4110456,0.9843934173352448,0.9884296045342446,587107,4889,4419,509404,2582,3381,17063.454683303833,1607.9692656167676,ian_s041,ian,mid,0,B_N1_s0
single,land,0.0014243676347868233,0.007835627518613943,3684744,0.9558730176254009,0.9617574257425743,173165,4364,3630,108794,1933,2393,5248.430096074939,226.23244333254124,ian_s041,ian,mid,0,B_N1_s0
single,active,0.00424686564809879,0.019402291662795952,4110456,0.9815349002849003,0.9879449406681595,606353,6449,4958,513106,2859,3402,17456.554384421557,1547.3767291756337,ian_s046,ian,mid,-6,B_N1_s0
single,land,0.0015568319618750317,0.007715795245257979,3684744,0.9501829370519028,0.960936836563121,192699,5995,4108,113158,2247,2353,5736.527230527252,219.3656931679134,ian_s046,ian,mid,-6,B_N1_s0
single,active,0.004352391500803742,0.019978460420699087,4110456,0.9813360838390118,0.9877070931924139,610814,6587,5030,517359,3002,3437,17890.313758827746,1640.6428073413547,ian_s049,ian,high,-6,B_N1_s0
single,land,0.0016390319928930293,0.00826422983519212,3684744,0.9501631463103835,0.9605937677426787,196851,6083,4242,116740,2352,2437,6039.413301620632,251.65878406466035,ian_s049,ian,high,-6,B_N1_s0
single,active,0.0043255933727098855,0.02010888832304701,4110456,0.9866590081681266,0.9887210715842106,584038,3937,3960,517287,2560,3341,17780.161232415587,1662.1343627395233,ian_s059,ian,mid,0,B_N1_s0
single,land,0.0014481567999568173,0.008096357646281395,3684744,0.9617312254313557,0.9628895876714523,169056,3524,3203,114217,1936,2466,5336.0870797000825,241.53868024017265,ian_s059,ian,mid,0,B_N1_s0
single,active,0.004443132533020409,0.02068136609741006,4110456,0.9862336562331039,0.9883232461678553,589175,4026,4198,522061,2649,3519,18263.300779148936,1758.1197338425368,ian_s063,ian,high,6,B_N1_s0
single,land,0.0015783208838182614,0.008926462722479826,3684744,0.9608269858541894,0.9620736232261424,173951,3616,3476,118235,2042,2619,5815.708406724036,293.6068013468995,ian_s063,ian,high,6,B_N1_s0
single,active,0.004457549329492851,0.02018130900204698,4110456,0.9843919351204485,0.9885296355604011,598529,5252,4238,522258,2689,3371,18322.56038670987,1674.1280298446452,ian_s068,ian,high,0,B_N1_s0
single,land,0.0016063925403518359,0.008363397392412632,3684744,0.956665415728463,0.9632225159032307,183542,4833,3481,119167,2056,2494,5919.145274706185,257.73463646900063,ian_s068,ian,high,0,B_N1_s0
single,active,0.004231202170056221,0.017929831418987564,4110456,0.9795409189398547,0.9861107649241211,629740,8172,4981,514311,3726,3518,17392.170347120613,1321.4246872294682,milton_s005,milton,low,0,B_N1_s0
single,land,0.0017556238924300827,0.008087101085668541,3684744,0.9459688309141714,0.9507016168629241,212265,7870,4254,110366,3256,2467,6469.024603888392,240.98669392057522,milton_s005,milton,low,0,B_N1_s0
single,active,0.004231760882240975,0.01796077647129837,4110456,0.9793681556173481,0.986687884151,627632,8338,4884,514019,3477,3458,17394.46690897271,1325.9899106755965,milton_s006,milton,low,6,B_N1_s0
single,land,0.0017538989264002144,0.00809263830604662,3684744,0.9451272434556975,0.9531448855027921,210167,8046,4156,110093,2999,2413,6462.6685456596315,241.3168130194804,milton_s006,milton,low,6,B_N1_s0
single,active,0.005496753322567848,0.019056176809765082,4110456,0.976066982302037,0.9851777757570247,854736,12118,8840,617538,5068,4223,22594.162675268948,1492.662255497487,milton_s024,milton,mid,6,B_N1_s0
single,land,0.003150541647399746,0.010446345896401648,3684744,0.956522595039153,0.9651532677848468,437303,11868,8009,213600,4647,3065,11608.93943200633,402.1018991415786,milton_s024,milton,mid,6,B_N1_s0
single,active,0.005269667770048368,0.0189860100808877,4110456,0.9737742034092914,0.985045067366673,783637,13749,7356,588395,4858,4075,21660.737503401935,1481.690232505279,milton_s037,milton,low,-6,B_N1_s0
single,land,0.0027773493529015558,0.009841229828698915,3684744,0.94769899997145,0.960280645399888,365138,13528,6623,181760,4514,3004,10233.82136400789,356.8667361846295,milton_s037,milton,low,-6,B_N1_s0
single,active,0.00529418241109729,0.019004206662799523,4110456,0.9740330257273137,0.9846948906765987,780330,13486,7317,590105,4982,4190,21761.50385678932,1484.5317582277605,milton_s041,milton,mid,0,B_N1_s0
single,land,0.0028206803433437704,0.010080811004395134,3684744,0.9477303014722085,0.9589352932517402,361271,13268,6657,182401,4605,3206,10393.484971053898,374.45382019171126,milton_s041,milton,mid,0,B_N1_s0
single,active,0.005763895030133352,0.019625254538584373,4110456,0.9751151726954118,0.9849762331970014,881156,13653,8834,638435,5536,4202,23692.236909981817,1583.1446592251325,milton_s046,milton,mid,-6,B_N1_s0
single,land,0.0033133685261631345,0.01068555262538912,3684744,0.9555576210098006,0.9655176723491476,462638,13421,8096,231759,5162,3115,12208.914796568453,420.7278832982668,milton_s046,milton,mid,-6,B_N1_s0
single,active,0.005812190216396684,0.019574304683727284,4110456,0.9751908921796086,0.9846470065562589,886469,13877,8675,643840,5727,4312,23890.752148129046,1574.9352077813603,milton_s049,milton,high,-6,B_N1_s0
single,land,0.0033899955012995915,0.010908629914851793,3684744,0.9556848271702125,0.9646615097315697,467392,13664,8009,236071,5335,3313,12491.265583440661,438.4779278508554,milton_s049,milton,high,-6,B_N1_s0
single,active,0.004777119842900785,0.018972530321137878,4110456,0.9786851175993512,0.9866944076847909,656455,9412,4885,547274,3810,3570,19636.14092097059,1479.5870272419938,milton_s059,milton,mid,0,B_N1_s0
single,land,0.0021266126072800955,0.009240504904671919,3684744,0.9457097659144156,0.9567963547143358,236139,9206,4350,136487,3455,2708,7836.023044999689,314.6289812873758,milton_s059,milton,mid,0,B_N1_s0
single,active,0.00486780994429292,0.01898740611388109,4110456,0.9780597350765933,0.9872284848679491,660695,10088,4733,553308,3698,3460,20008.918592378497,1481.9081365819409,milton_s063,milton,high,6,B_N1_s0
single,land,0.0022446840411961934,0.009698232066917348,3684744,0.944196094789117,0.9592673684781357,239941,9911,4270,141514,3353,2656,8271.086052693427,346.57119548910646,milton_s063,milton,high,6,B_N1_s0
single,active,0.005669733295753883,0.019839506347286377,4110456,0.9733970396687336,0.98486349975022,792901,14613,7057,605239,5262,4040,23305.189243931323,1617.900194089027,milton_s068,milton,high,0,B_N1_s0
single,land,0.003062700603405835,0.010734235354164597,3684744,0.9468509539637524,0.9602132754066797,372601,14429,6486,194496,4952,3107,11285.26767219603,424.57023753821903,milton_s068,milton,high,0,B_N1_s0
single,active,0.003629523872301807,0.016252005878818802,4110456,0.9848767113500576,0.9871011100456831,551398,3706,4761,471477,2730,3431,14918.998178046197,1085.6852690289702,dorian_s005,dorian,low,0,B_N1_s0
single,land,0.0010885121601913697,0.006637219662045606,3684744,0.957269404287549,0.9555573232122362,145347,2969,3519,84090,1879,2032,4010.8886511921883,162.3228661563524,dorian_s005,dorian,low,0,B_N1_s0
single,active,0.0036440050679321027,0.01627702464850436,4110456,0.9846605953765889,0.9874705982150525,551855,3760,4837,471455,2616,3366,14978.52249551192,1089.0305074252778,dorian_s006,dorian,low,6,B_N1_s0
single,land,0.0011005931582973494,0.006681660616291167,3684744,0.9567237340297783,0.9572206525701786,145798,3011,3584,84021,1778,1977,4055.404036477208,164.5038799442481,dorian_s006,dorian,low,6,B_N1_s0
single,active,0.00469353367767487,0.017614996566072225,4110456,0.974142676750815,0.9859197910126904,656503,8639,8787,507237,3286,3958,19292.563666600734,1275.4255989088806,dorian_s024,dorian,mid,6,B_N1_s0
single,land,0.0022074575747647136,0.009128637246165798,3684744,0.9420898106673693,0.9596099159744871,250285,7930,7455,119458,2519,2509,8133.91605386883,307.0571532305342,dorian_s024,dorian,mid,6,B_N1_s0
single,active,0.0041524893574284,0.016660205086262984,4110456,0.9801143105766948,0.9857784506483649,594702,6020,6046,489647,3122,3942,17068.62479417771,1140.9081702218532,dorian_s037,dorian,low,-6,B_N1_s0
single,land,0.0015809839661127022,0.007734778312570741,3684744,0.9484920297340544,0.9539422773781204,187312,5376,4796,99852,2426,2395,5825.521183229983,220.44642592224568,dorian_s037,dorian,low,-6,B_N1_s0
single,active,0.004198365148882164,0.017000399336008942,4110456,0.98050128261525,0.9858960154788571,595128,5744,6091,491201,3130,3897,17257.195216413587,1187.9775940606862,dorian_s041,dorian,mid,0,B_N1_s0
single,land,0.0015949610267225432,0.007853797626588277,3684744,0.9492839611351143,0.9547999052806062,187195,5123,4878,100803,2429,2343,5877.023073449731,227.28288480528968,dorian_s041,dorian,mid,0,B_N1_s0
single,active,0.004647083827507652,0.017374223194501933,4110456,0.9764392948920247,0.9853070382936159,649752,7884,7794,510258,3429,4180,19101.633601281792,1240.7971757428516,dorian_s046,dorian,mid,-6,B_N1_s0
single,land,0.0020986892227363653,0.00883894778626359,3684744,0.9461794097776806,0.9575446552890162,242291,7234,6548,120349,2735,2601,7733.132521342486,287.87798700168366,dorian_s046,dorian,mid,-6,B_N1_s0
single,active,0.0047097525611720665,0.01772318792921033,4110456,0.9764327301573047,0.9855336624982696,652384,8016,7730,512580,3379,4145,19359.230673585087,1291.1410492315895,dorian_s049,dorian,high,-6,B_N1_s0
single,land,0.002117905369607993,0.00894094566474117,3684744,0.9460979565609529,0.9586212311557789,244414,7401,6524,122090,2698,2572,7803.939103230834,294.5603122943605,dorian_s049,dorian,high,-6,B_N1_s0
single,active,0.004043701349030326,0.017002986603866583,4110456,0.9848314121286487,0.9867764816296573,569853,3792,4985,492063,2719,3875,16621.456472329795,1188.339214993079,dorian_s059,dorian,mid,0,B_N1_s0
single,land,0.0012930289907440568,0.007357296859793997,3684744,0.9580926235378372,0.9580529125087027,160538,3165,3857,99078,2006,2332,4764.480815470219,199.45451871817778,dorian_s059,dorian,mid,0,B_N1_s0
single,active,0.004102052510544885,0.017344855207409308,4110456,0.984751623136701,0.9869485664573568,573025,3930,4943,494630,2760,3781,16861.306354284286,1236.6060337672222,dorian_s063,dorian,high,6,B_N1_s0
single,land,0.0013368590505421394,0.0075734238094162295,3684744,0.9580024300480727,0.958534755396845,163212,3313,3842,100927,2046,2320,4925.983365330845,211.34493377852678,dorian_s063,dorian,high,6,B_N1_s0
single,active,0.004451012217490574,0.0174680052443439,4110456,0.9801907747323264,0.9857866162386384,604120,6064,6145,500960,3088,4135,18295.689875457436,1254.2284014900015,dorian_s068,dorian,high,0,B_N1_s0
single,land,0.0017190723209808618,0.008281402300785416,3684744,0.9490410478306631,0.9561341320761405,194766,5475,4983,107894,2435,2515,6334.341420300305,252.70572779280667,dorian_s068,dorian,high,0,B_N1_s0
single,active,0.006385081466426691,0.021742631680771004,4110456,0.9764072655661963,0.9850711997863812,1031296,11636,13283,763640,7245,4328,26245.596424162388,1943.1853235540682,irma_s005,irma,low,0,B_N1_s1
single,land,0.004110497383900044,0.012525740853387748,3684744,0.9625161359050519,0.9723776850127839,614401,11333,12594,358257,6722,3455,15146.130572341383,578.1149028570608,irma_s005,irma,low,0,B_N1_s1
single,active,0.0063364290549457565,0.021679854087548,4110456,0.9761909789678183,0.985369138552731,1017027,11068,13737,755046,6713,4498,26045.612827476114,1931.9803884172027,irma_s006,irma,low,6,B_N1_s1
single,land,0.0040515580317724885,0.012549581912461834,3684744,0.9618233883024836,0.9725190372624166,600223,10748,13076,349677,6212,3669,14928.954148225486,580.3177248108348,irma_s006,irma,low,6,B_N1_s1
single,active,0.007444775446387931,0.023324358116820595,4110456,0.9719847101770197,0.9832944316355097,1130287,12485,20093,828223,9196,4875,30601.42190225795,2236.193626929358,irma_s024,irma,mid,6,B_N1_s1
single,land,0.005216177440749388,0.014578183589980842,3684744,0.9575597778443058,0.9708086086670636,713270,12162,19451,422260,8668,4029,19220.278527736664,783.0944585462264,irma_s024,irma,mid,6,B_N1_s1
single,active,0.007431807470086922,0.0227819659300548,4110456,0.9744646495646313,0.9816714716744194,1117671,11980,17308,819250,10554,4742,30548.117606263608,2133.400535627977,irma_s037,irma,low,-6,B_N1_s1
single,land,0.004971097717201582,0.014233750984602998,3684744,0.9610219006186258,0.9669886029843732,699376,11743,16623,411502,10172,3876,18317.222486872226,746.5279077180904,irma_s037,irma,low,-6,B_N1_s1
single,active,0.007316102803669032,0.02307716108770815,4110456,0.9748670070303184,0.9826557122956386,1110161,12832,15789,820377,10034,4446,30072.518665958196,2189.0453907435317,irma_s041,irma,mid,0,B_N1_s1
single,land,0.004967892976103999,0.014111169516366961,3684744,0.9614267125610984,0.9687389623294607,691585,12578,15169,411406,9637,3639,18305.41383634135,733.7250363389782,irma_s041,irma,mid,0,B_N1_s1
single,active,0.007980642935289562,0.023299954306273633,4110456,0.9726303110984327,0.9827815011246706,1166068,12756,20057,854615,9971,5002,32804.081637218595,2231.5167053409723,irma_s046,irma,mid,-6,B_N1_s1
single,land,0.005546938289358961,0.015236421837004355,3684744,0.9590978539330023,0.9702626782273185,747635,12508,19376,446609,9559,4129,20439.047580085695,855.4079781772014,irma_s046,irma,mid,-6,B_N1_s1
single,active,0.00798105704804719,0.024216172186000258,4110456,0.9730119036870699,0.9829746638255099,1174691,12829,19753,864481,10131,4842,32805.78382948786,2410.465919741547,irma_s049,irma,high,-6,B_N1_s1
single,land,0.0056415678165957425,0.015188303679773417,3684744,0.9597491223726726,0.9706175829705216,755932,12582,19121,455241,9743,4038,20787.733162794262,850.0135802957547,irma_s049,irma,high,-6,B_N1_s1
single,active,0.007329328080778244,0.023718477618865398,4110456,0.976649663311554,0.9834143064265549,1064721,12248,13208,796304,8950,4480,30126.880585603416,2312.403532266037,irma_s059,irma,mid,0,B_N1_s1
single,land,0.004771254372248813,0.014333087337701831,3684744,0.9631390082296599,0.9690264372850806,644967,12030,12654,384938,8585,3719,17580.85092061758,756.9841998697316,irma_s059,irma,mid,0,B_N1_s1
single,active,0.0074097261557024095,0.024354289070631124,4110456,0.9759718913328531,0.9836450179896186,1056919,11692,14329,799126,8554,4733,30457.353335063905,2438.040506035033,irma_s063,irma,high,6,B_N1_s1
single,land,0.0048557166186895175,0.014682353142006496,3684744,0.9618050942644235,0.969395477988903,637092,11479,13821,386814,8181,4031,17892.072676416487,794.3257683011675,irma_s063,irma,high,6,B_N1_s1
single,active,0.007868264386258952,0.024164992793545177,4110456,0.9751505214958908,0.9825347585325969,1125312,12954,15722,839967,10286,4645,32342.154556084424,2400.287943062472,irma_s068,irma,high,0,B_N1_s1
single,land,0.0053730325565295774,0.015236858431356883,3684744,0.9619476809588415,0.9687903519424337,705478,12741,15166,428402,9906,3895,19798.249474477023,855.4570017139804,irma_s068,irma,high,0,B_N1_s1
single,active,0.00528548538976212,0.01808999314831103,4110456,0.977252906242599,0.9861469524210423,870661,8413,11853,646585,5322,3761,21725.75513326004,1345.1378971759736,matthew_s005,matthew,low,0,B_N1_s1
single,land,0.003118367132920226,0.010825932925939202,3684744,0.9593292033603218,0.9692556311473774,454039,8103,11146,242910,4762,2943,11490.384582825005,431.85503198603226,matthew_s005,matthew,low,0,B_N1_s1
single,active,0.005241952018745316,0.01810451837478556,4110456,0.9770446733821908,0.9868439203505395,853641,8064,11992,636689,4518,3970,21546.813127163798,1347.298901500942,matthew_s006,matthew,low,6,B_N1_s1
single,land,0.0030416254000350746,0.010808180763673436,3684744,0.9582716715228768,0.9703706172510332,437084,7772,11261,232920,3967,3145,11207.61094302684,430.4398975901026,matthew_s006,matthew,low,6,B_N1_s1
single,active,0.006556905204562219,0.019800140048410516,4110456,0.9697075093253507,0.9843679329460844,992548,11443,19563,720389,7093,4347,26951.870339524,1611.4859665686608,matthew_s024,matthew,mid,6,B_N1_s1
single,land,0.004424977761186889,0.013042839710945222,3684744,0.9504204150649282,0.9691024605643361,575567,11154,18871,315595,6530,3532,16304.910255666822,626.8326859571968,matthew_s024,matthew,mid,6,B_N1_s1
single,active,0.006316172374586568,0.01927096067857847,4110456,0.9736564194431151,0.9843540541575702,974522,10144,16223,719614,7196,4242,25962.348634153605,1526.4997383895718,matthew_s037,matthew,low,-6,B_N1_s1
single,land,0.004071724388101778,0.012369786602777884,3684744,0.9561097239692944,0.9683668266719725,555625,9940,15566,311481,6744,3431,15003.262008711696,563.8086509297268,matthew_s037,matthew,low,-6,B_N1_s1
single,active,0.0062189448837495385,0.019199234751418187,4110456,0.9736694672185222,0.9846329497567761,959339,10724,15219,711481,7315,3789,25562.699311077595,1515.1577142551203,matthew_s041,matthew,mid,0,B_N1_s1
single,land,0.004014729205040999,0.012343445855236211,3684744,0.9555667100277133,0.9682479338314927,540652,10507,14633,303080,6845,3094,14793.24934989959,561.4100114887016,matthew_s041,matthew,mid,0,B_N1_s1
single,active,0.0069489987738480365,0.0202363005300442,4110456,0.9700114640923918,0.9840882687003083,1039894,11793,20356,758117,7825,4433,28563.553703956306,1683.264036658487,matthew_s046,matthew,mid,-6,B_N1_s1
single,land,0.004718204517297136,0.0134284524485706,3684744,0.9519710249820593,0.9694600815285211,620826,11603,19719,349597,7366,3647,17385.375785883516,664.4453273037758,matthew_s046,matthew,mid,-6,B_N1_s1
single,active,0.0069248485703547235,0.020313175538921813,4110456,0.9704877719352991,0.9841850865391961,1041872,11707,19976,760095,8060,4154,28464.285355105996,1696.077319998278,matthew_s049,matthew,high,-6,B_N1_s1
single,land,0.004738407081129206,0.01339258205804007,3684744,0.952730775994556,0.9696175574877521,623024,11498,19413,351498,7585,3429,17459.817061748356,660.9003051771556,matthew_s049,matthew,high,-6,B_N1_s1
single,active,0.0058517481824365575,0.019058871883625116,4110456,0.9774906323972601,0.9853286452851575,901045,9343,11406,681540,6088,4060,24053.353426985443,1493.084493340601,matthew_s059,matthew,mid,0,B_N1_s1
single,land,0.0034576341884189703,0.01163536383569384,3684744,0.9599725475878388,0.9679382971561978,481168,9154,10909,270320,5628,3326,12740.496829971671,498.84687579231525,matthew_s059,matthew,mid,0,B_N1_s1
single,active,0.005813022178056039,0.019234092642072653,4110456,0.9772736811644146,0.9864103622634659,884806,8802,11774,673811,5015,4268,23894.171889923513,1520.6645115751674,matthew_s063,matthew,high,6,B_N1_s1
single,land,0.003419017961084718,0.01185542845910487,3684744,0.9590572662534617,0.9698295129204455,465442,8584,11286,262528,4577,3590,12598.205917999148,517.8951317488034,matthew_s063,matthew,high,6,B_N1_s1
single,active,0.006569291368034296,0.019961683784809395,4110456,0.973379675935187,0.9844426392322391,973185,11461,15154,729535,7486,4043,27002.783119484782,1637.8885500283125,matthew_s068,matthew,high,0,B_N1_s1
single,land,0.004229384895126916,0.012862898394762966,3684744,0.9552119991849506,0.9684148648113573,553169,11258,14679,317949,7046,3324,15584.200616009533,609.656205331365,matthew_s068,matthew,high,0,B_N1_s1
single,active,0.0036179945607644776,0.01959353242503533,4110456,0.9873842600767009,0.9894910680120033,559211,3025,4120,491312,2469,2749,14871.607450261712,1578.030829351522,ian_s005,ian,low,0,B_N1_s1
single,land,0.0010215998254983706,0.006997527324571561,3684744,0.9627533872492385,0.9634390496822349,146662,2346,3328,93838,1679,1882,3764.333827406168,180.42492206569648,ian_s005,ian,low,0,B_N1_s1
single,active,0.0036277481617421285,0.019596378943711537,4110456,0.9874738006623617,0.989529924430915,558766,3002,4086,491170,2433,2764,14911.699197921902,1578.4893705086467,ian_s006,ian,low,6,B_N1_s1
single,land,0.0010245457563132431,0.007016699186692921,3684744,0.96296881688564,0.9636180408448677,146222,2323,3300,93708,1645,1893,3775.1888283006847,181.41493472976524,ian_s006,ian,low,6,B_N1_s1
single,active,0.003914203410200787,0.019815219672096,4110456,0.9839204005155544,0.9888142428564403,593916,4334,5372,502639,2775,2911,16089.160892680287,1613.9414901619352,ian_s024,ian,mid,6,B_N1_s1
single,land,0.0013429563688384164,0.007683454492404249,3684744,0.9565217391304348,0.963076669293792,181346,3654,4589,105089,1993,2036,4948.450422339141,217.53060469120948,ian_s024,ian,mid,6,B_N1_s1
single,active,0.0037885425707125386,0.0186821231083987,4110456,0.9859765809070042,0.9896022097503475,583778,3711,4592,506232,2580,2739,15572.637541040778,1434.638438877639,ian_s037,ian,low,-6,B_N1_s1
single,land,0.001183876514736692,0.0070123951830137685,3684744,0.9599821540511998,0.9652335359860206,169985,3193,3893,106056,1867,1953,4362.281884416938,181.19244519348317,ian_s037,ian,low,-6,B_N1_s1
single,active,0.0038789622890842658,0.019386592204452276,4110456,0.9860909998017799,0.9893142208730566,587018,3772,4508,510036,2760,2749,15944.303814940155,1544.8736075306388,ian_s041,ian,mid,0,B_N1_s1
single,land,0.0012500573788439364,0.007590900127782388,3684744,0.9609151467001494,0.9645513488684345,172958,3198,3837,109193,2019,1994,4606.141426350921,212.32145193185121,ian_s041,ian,mid,0,B_N1_s1
single,active,0.003964849793034905,0.01885301561199452,4110456,0.9837438631581682,0.9891069929369719,605939,4641,5372,513667,2816,2841,16297.340620879084,1461.0048513138438,ian_s046,ian,mid,-6,B_N1_s1
single,land,0.00137732740770419,0.007409789821875386,3684744,0.9562294086615506,0.9647010814119568,192139,4127,4668,113472,2113,2039,5075.098901573569,202.31081480188402,ian_s046,ian,mid,-6,B_N1_s1
single,active,0.004063549435703331,0.019566829444265646,4110456,0.9836080102093431,0.9888484140348466,610435,4764,5409,517941,2986,2855,16703.04115928337,1573.7325321304445,ian_s049,ian,high,-6,B_N1_s1
single,land,0.0014533548742790238,0.007986217068984714,3684744,0.956473877507282,0.9640942443732552,196366,4209,4727,117069,2252,2108,5355.240652870387,235.0117308300475,ian_s049,ian,high,-6,B_N1_s1
single,active,0.00400363574332147,0.019581278480446097,4110456,0.9879738539984272,0.9894954049561513,584184,3297,3814,517892,2762,2736,16456.768562950194,1576.057621546211,ian_s059,ian,mid,0,B_N1_s1
single,land,0.0012331086743626665,0.007781161160090937,3684744,0.9656385451347447,0.9653537471682542,169092,2850,3167,114629,2060,2054,4543.68978920579,223.09823836638517,ian_s059,ian,mid,0,B_N1_s1
single,active,0.004112321690959037,0.0202638811600492,4110456,0.987521782841823,0.9890477938532919,589353,3427,4020,522690,2898,2890,16903.517368532717,1687.8555003830625,ian_s063,ian,high,6,B_N1_s1
single,land,0.00134344539224149,0.008641478179146359,3684744,0.9645903892950782,0.9642546621703978,174015,2976,3412,118666,2211,2188,4950.2523483894765,275.15879293249105,ian_s063,ian,high,6,B_N1_s1
single,active,0.004123864930114274,0.019654476944603066,4110456,0.9864254363193747,0.989360252795701,598487,3956,4280,522867,2861,2762,16950.9653451778,1587.8628389995552,ian_s068,ian,high,0,B_N1_s1
single,land,0.0013733209601905717,0.008023649470135084,3684744,0.9625658063940458,0.9658979847340576,183389,3498,3634,119583,2144,2078,5060.336168136448,237.21995275881252,ian_s068,ian,high,0,B_N1_s1
single,active,0.003941498554063315,0.017582992285324086,4110456,0.9827338691410674,0.9879488020752389,629102,5434,5619,514912,3364,2917,16201.356380540878,1270.7952264683731,milton_s005,milton,low,0,B_N1_s1
single,land,0.0015560781304990018,0.007682241130747012,3684744,0.954497039283651,0.9574913494809688,211486,5049,5033,110686,2767,2147,5733.749554887414,217.46190578644763,milton_s005,milton,low,0,B_N1_s1
single,active,0.003939008247133006,0.017639518766945222,4110456,0.9826728174143042,0.9884338219476968,627130,5672,5386,514634,3179,2843,16191.120083477348,1278.9791633696682,milton_s006,milton,low,6,B_N1_s1
single,land,0.0015450749947429477,0.007677279877982811,3684744,0.954057216750675,0.9595290846691863,209531,5298,4792,110437,2589,2069,5693.205816429108,217.18111920684274,milton_s006,milton,low,6,B_N1_s1
single,active,0.0051552613720575475,0.01868085972980654,4110456,0.9783242018301254,0.9867425754271464,852634,7949,10942,618062,4605,3699,21190.475038342178,1434.44441058698,milton_s024,milton,mid,6,B_N1_s1
single,land,0.002880695684890149,0.009971407531686684,3684744,0.9604191870579197,0.9686467974069393,435043,7660,10269,213822,4078,2843,10614.626140724868,366.37029386472386,milton_s024,milton,mid,6,B_N1_s1
single,active,0.004853302616882999,0.01830233110434226,4110456,0.9774732922081901,0.9869457211533627,781659,8680,9334,588798,4116,3672,19949.286861382425,1376.9013297834003,milton_s037,milton,low,-6,B_N1_s1
single,land,0.0024879941138926695,0.009289374439209682,3684744,0.9548585812621816,0.9653004043598696,363021,8422,8740,181907,3682,2857,9167.62138320133,317.9656886095057,milton_s037,milton,low,-6,B_N1_s1
single,active,0.004899453272359766,0.018536171442306324,4110456,0.9775999357056121,0.9866648178065279,778499,8690,9148,590585,4272,3710,20138.98710009083,1412.3101455267258,milton_s041,milton,mid,0,B_N1_s1
single,land,0.0025239784868744033,0.009548963281602324,3684744,0.9547413564041791,0.964136569295666,359315,8420,8613,182620,3806,2987,9300.214585639536,335.9849058201031,milton_s041,milton,mid,0,B_N1_s1
single,active,0.005349856080047124,0.018932270500479263,4110456,0.9777102905104373,0.9864363077730687,878898,8945,11092,638900,5048,3737,21990.348023366183,1473.3143049816686,milton_s046,milton,mid,-6,B_N1_s1
single,land,0.0030138599936184083,0.010130871806246389,3684744,0.9599956614513697,0.9685969256724308,460244,8689,10490,231947,4593,2927,11105.302528325468,378.1820922504235,milton_s046,milton,mid,-6,B_N1_s1
single,active,0.005406007490867071,0.019083618578421335,4110456,0.9778807500262653,0.9861117063285559,884234,9091,10910,644282,5204,3870,22221.155926879495,1496.9643551029146,milton_s049,milton,high,-6,B_N1_s1
single,land,0.003070214793481403,0.010353197385647673,3684744,0.9603497482622038,0.9678765857914723,465034,8833,10367,236279,4737,3105,11312.955538991839,394.9629048450768,milton_s049,milton,high,-6,B_N1_s1
single,active,0.004339227679477213,0.018324695244457127,4110456,0.9828525698665611,0.9884565143653068,655830,5932,5510,547854,3408,2990,17836.20445047319,1380.2683356190098,milton_s059,milton,mid,0,B_N1_s1
single,land,0.0018080562348972862,0.008631040870223719,3684744,0.9562449729044629,0.9625174962897315,235395,5677,5094,136844,2978,2351,6662.2243632003665,274.4945123794702,milton_s059,milton,mid,0,B_N1_s1
single,active,0.004419609440519398,0.018547274531197033,4110456,0.9824043735361778,0.9887531330557916,660217,6614,5211,553856,3388,2912,18166.610142439604,1414.0025879562718,milton_s063,milton,high,6,B_N1_s1
single,land,0.0018902627651149902,0.009111115022124097,3684744,0.9551683133549345,0.9638527197107674,239369,6393,4842,141829,2978,2341,6965.13438218087,305.879505268655,milton_s063,milton,high,6,B_N1_s1
single,active,0.005183523608088202,0.01914567466920678,4110456,0.9775025146865106,0.9870376194192919,791040,9288,8918,605744,4420,3535,21306.6457160078,1506.71583852322,milton_s068,milton,high,0,B_N1_s1
single,land,0.0026953155026830347,0.010066020716602325,3684744,0.9548201772464963,0.9658771955924504,370623,9073,8464,194773,4051,2830,9931.547626618296,373.3558496102373,milton_s068,milton,high,0,B_N1_s1
single,active,0.003424032927267229,0.01580726115891711,4110456,0.9858394011824038,0.9880357483048027,551448,3210,4711,471958,2765,2950,14074.336690083146,1027.077607467359,dorian_s005,dorian,low,0,B_N1_s1
single,land,0.0009919687840251302,0.0064622900871725885,3684744,0.960197524988101,0.9579856769353189,145251,2406,3615,84274,1848,1848,3655.151025123894,153.8793059688324,dorian_s005,dorian,low,0,B_N1_s1
single,active,0.0034346785570400743,0.015847782453131003,4110456,0.9855419276953519,0.9883576519275112,551868,3272,4824,471922,2660,2899,14118.095082856715,1032.3501030892207,dorian_s006,dorian,low,6,B_N1_s1
single,land,0.0010090044879923835,0.006518999801281989,3684744,0.9592803092668085,0.9596421244586277,145660,2461,3722,84199,1742,1799,3717.923233103007,156.5918864138346,dorian_s006,dorian,low,6,B_N1_s1
single,active,0.00447343969585647,0.01723000018695034,4110456,0.9758960594830977,0.9870195280747676,655201,6094,10089,507559,3039,3636,18387.8770384714,1220.2830195232266,dorian_s024,dorian,mid,6,B_N1_s1
single,land,0.002093332496470229,0.008927829154296924,3684744,0.9459361862261383,0.9624253944729487,248855,5338,8885,119488,2186,2479,7713.3943563736975,293.69669683948507,dorian_s024,dorian,mid,6,B_N1_s1
single,active,0.003887909157383469,0.015980090745610347,4110456,0.9817982358315531,0.9871228644678465,594254,4523,6494,490145,2950,3444,15981.079523421824,1049.659609642848,dorian_s037,dorian,low,-6,B_N1_s1
single,land,0.0014521824187084193,0.007452647921003479,3684744,0.9528874371602828,0.9581171379884739,186704,3827,5404,100083,2211,2164,5350.920454241335,204.6579076698773,dorian_s037,dorian,low,-6,B_N1_s1
single,active,0.003937271606216657,0.01642638082201948,4110456,0.9822330331163448,0.9871858711278522,594803,4343,6416,491662,2946,3436,16183.981697402894,1109.1078468501698,dorian_s041,dorian,mid,0,B_N1_s1
single,land,0.001459804492151476,0.00758875259386359,3684744,0.9538265853434272,0.9586177433901363,186723,3689,5350,100976,2189,2170,5379.005843628198,212.2013336287827,dorian_s041,dorian,mid,0,B_N1_s1
single,active,0.00437516577663841,0.01675659592004106,4110456,0.9781347020568549,0.9866252202404872,648696,5651,8850,510693,3178,3745,17983.92641757801,1154.1482503402892,dorian_s046,dorian,mid,-6,B_N1_s1
single,land,0.0019485167667417523,0.008536116645448602,3684744,0.9499241513820209,0.9608879745472813,241086,4956,7753,120504,2459,2446,7179.785465151072,268.48993049906636,dorian_s046,dorian,mid,-6,B_N1_s1
single,active,0.00444632323194417,0.017245457110326767,4110456,0.978129922944884,0.9868210209620981,651324,5773,8790,512992,3118,3733,18276.416006684303,1222.4734178210037,dorian_s049,dorian,high,-6,B_N1_s1
single,land,0.0019708494911389934,0.008676076421992342,3684744,0.9498164492697024,0.9618623392567642,243210,5122,7728,122220,2404,2442,7262.075837377459,277.36653294439395,dorian_s049,dorian,high,-6,B_N1_s1
single,active,0.003743014930651467,0.016317947152281624,4110456,0.9859416142749879,0.9877003160140522,569892,3180,4946,492578,2774,3360,15385.498179785907,1094.5133125598006,dorian_s059,dorian,mid,0,B_N1_s1
single,land,0.0011372896074022638,0.007032734673986989,3684744,0.9614084912104109,0.9605110449146969,160461,2507,3934,99313,1986,2097,4190.621057137847,182.24506893007472,dorian_s059,dorian,mid,0,B_N1_s1
single,active,0.003815595859757936,0.01681706290781479,4110456,0.9858983137156404,0.9879438256503988,573081,3310,4887,495112,2743,3299,15683.838895317167,1162.4928789184037,dorian_s063,dorian,high,6,B_N1_s1
single,land,0.0011864848566745824,0.0072933714015604185,3684744,0.9614922277350241,0.9613019719648372,163171,2652,3883,101153,1978,2094,4371.892956722528,196.00356921185252,dorian_s063,dorian,high,6,B_N1_s1
single,active,0.004137269274437668,0.01676576993341521,4110456,0.9819780255528175,0.9869310633272647,603725,4540,6540,501435,2980,3660,17006.063312727958,1155.4123579163665,dorian_s068,dorian,high,0,B_N1_s1
single,land,0.0015507690394324317,0.007928757775232944,3684744,0.9537725797502786,0.9594347494185943,194252,3918,5497,108088,2249,2321,5714.186913434416,231.64216798673388,dorian_s068,dorian,high,0,B_N1_s1
single,active,0.0066861607173570314,0.02186663779831724,4110456,0.9739720674461138,0.9848963018103243,1029394,12324,15185,762097,5816,5871,27483.169437624514,1965.4139140884554,irma_s005,irma,low,0,B_N1_s2
single,land,0.004302308296625436,0.01299581293751637,3684744,0.958720491723756,0.9725079544959246,612678,12063,14317,356996,5376,4716,15852.904682140797,622.3206660115922,irma_s005,irma,low,0,B_N1_s2
single,active,0.0066378479465093445,0.02190028751194848,4110456,0.9740739709962447,0.9850554065149066,1014988,11239,15776,753461,5348,6083,27284.581918817014,1971.4675655681438,irma_s006,irma,low,6,B_N1_s2
single,land,0.004245755051506553,0.012997735083630805,3684744,0.958500328383552,0.9723538704581358,598363,10971,14936,348373,4932,4973,15644.520451508462,622.5047683401207,irma_s006,irma,low,6,B_N1_s2
single,active,0.007652460660727658,0.023251341256435926,4110456,0.9697915000266624,0.9830673214651116,1127563,12306,22817,826331,7466,6767,31455.102837651968,2222.214741558336,irma_s024,irma,mid,6,B_N1_s2
single,land,0.005337695007674107,0.014789606416396432,3684744,0.9543123693358738,0.9707185584521084,710727,12032,21994,420624,7023,5665,19668.03965335712,805.9731120435692,irma_s024,irma,mid,6,B_N1_s2
single,active,0.007742467120519502,0.02302766816982197,4110456,0.9723538670180937,0.9819082264803343,1116341,13102,18638,817851,8928,6141,31825.070430342108,2179.6658952216762,irma_s037,irma,low,-6,B_N1_s2
single,land,0.00513646195979458,0.014644033027418867,3684744,0.9578737969968651,0.96785979644066,698199,12906,17800,410329,8577,5049,18926.54738758132,790.1848880784291,irma_s037,irma,low,-6,B_N1_s2
single,active,0.007573582109875948,0.023210455209819247,4110456,0.9725590579846817,0.983094371153105,1108658,13989,17292,818895,8154,5928,31130.876025032252,2214.4063583086318,irma_s041,irma,mid,0,B_N1_s2
single,land,0.005126971057074853,0.01448676816317501,3684744,0.9579490681178187,0.9700101456095997,690232,13777,16522,410162,7798,4883,18891.57584073022,773.304149121382,irma_s041,irma,mid,0,B_N1_s2
single,active,0.008291130321652365,0.02353714302952768,4110456,0.9705155835129283,0.9825822705484857,1164543,13797,21582,852961,8464,6656,34080.32637741789,2277.180711867451,irma_s046,irma,mid,-6,B_N1_s2
single,land,0.005704354394294082,0.015600391939074887,3684744,0.9560043556238791,0.9702161324560467,746257,13589,20754,445173,8101,5565,21019.08562824875,896.7643592948587,irma_s046,irma,mid,-6,B_N1_s2
single,active,0.008267687608096002,0.02443160094116308,4110456,0.9706433742738027,0.9829510564876556,1172709,13733,21735,862802,8444,6521,33983.96613482386,2453.5440297180635,irma_s049,irma,high,-6,B_N1_s2
single,land,0.005800005463493078,0.01553241380253574,3684744,0.9562612859374683,0.9709570646394666,754100,13539,20953,453803,8098,5476,21371.535331573337,888.9661508899476,irma_s049,irma,high,-6,B_N1_s2
single,active,0.007669682327066228,0.024048924044655858,4110456,0.973966267283806,0.9834341839758206,1063914,14423,14015,794901,7507,5883,31525.89173938334,2377.28530101108,irma_s059,irma,mid,0,B_N1_s2
single,land,0.00501883435438743,0.014820837812778695,3684744,0.9589958607386371,0.9694810001541109,644310,14238,13311,383739,7162,4918,18493.119774322957,809.3806730950964,irma_s059,irma,mid,0,B_N1_s2
single,active,0.007715986067607946,0.024586050534915582,4110456,0.9734093426534213,0.9834262388081789,1055422,13005,15826,797421,7001,6438,31716.22122751549,2484.6632906109803,irma_s063,irma,high,6,B_N1_s2
single,land,0.005098227036011627,0.015097782010100803,3684744,0.9577840386904314,0.9693202144440279,635710,12817,15203,385298,6648,5547,18785.66148158163,839.911681272833,irma_s063,irma,high,6,B_N1_s2
single,active,0.008127206241375778,0.024306594673471297,4110456,0.9728820568903178,0.9823852970196091,1124460,14769,16574,838346,8766,6266,33406.523658100516,2428.5007479982864,irma_s068,irma,high,0,B_N1_s2
single,land,0.005538437382894956,0.015553522029093205,3684744,0.9585518020866911,0.9688048122457222,704757,14587,15887,426961,8412,5336,20407.723915997893,891.3839655882994,irma_s068,irma,high,0,B_N1_s2
single,active,0.005399432994870607,0.017688099430880302,4110456,0.9754942547305074,0.985518644192034,869499,8828,13015,645359,4496,4987,22194.131750363857,1286.0336888701038,matthew_s005,matthew,low,0,B_N1_s2
single,land,0.0032396580383729505,0.011055693472310573,3684744,0.956289458853031,0.9683871819808137,453045,8568,12140,241968,4014,3885,11937.310518946499,450.3802093366625,matthew_s005,matthew,low,0,B_N1_s2
single,active,0.005374135379166583,0.017748476279243582,4110456,0.9751506678808568,0.9859738470204317,852387,8475,13246,635400,3780,5259,22090.147014107555,1294.8282099003916,matthew_s006,matthew,low,6,B_N1_s2
single,land,0.0031966474725730874,0.011119586422797778,3684744,0.9548897045940358,0.9687808097856057,435995,8247,12350,231899,3307,4166,11778.827594678849,455.60091698707623,matthew_s006,matthew,low,6,B_N1_s2
single,active,0.00666791527149662,0.0194650068031258,4110456,0.9678005190503994,0.9838374326046398,991200,12067,20911,718769,5841,5967,27408.172335214913,1557.3962455053347,matthew_s024,matthew,mid,6,B_N1_s2
single,land,0.0045446591338505395,0.013249334820972503,3684744,0.9474074868250683,0.9682648275181973,574380,11827,20058,314200,5371,4927,16745.90547550097,646.8379182479553,matthew_s024,matthew,mid,6,B_N1_s2
single,active,0.006487503391742075,0.01923447554199743,4110456,0.9720432082192628,0.9841358989497447,973928,11194,16817,718432,6157,5424,26666.597241606563,1520.7250569966313,matthew_s037,matthew,low,-6,B_N1_s2
single,land,0.004182117052810484,0.012627568106661533,3684744,0.9535077850585275,0.9683155472117058,555137,11014,16054,310502,5750,4410,15410.030717641115,587.552609520734,matthew_s037,matthew,low,-6,B_N1_s2
single,active,0.006307673683354454,0.018781372938398315,4110456,0.9717070263081066,0.9846592169476486,958554,11906,16004,710215,6010,5055,25927.41513778642,1449.9221238705043,matthew_s041,matthew,mid,0,B_N1_s2
single,land,0.004119819664917351,0.012511015205550846,3684744,0.9522950374422846,0.9686956744863332,539957,11721,15328,302018,5604,4156,15180.480791386217,576.7564024015604,matthew_s041,matthew,mid,0,B_N1_s2
single,active,0.007099656970113521,0.020171437890712393,4110456,0.9684127463256119,0.9841065130144582,1039471,13126,20779,756958,6633,5592,29182.827590744942,1672.4907264685457,matthew_s046,matthew,mid,-6,B_N1_s2
single,land,0.0048051966476364,0.013623348195538556,3684744,0.9495063564638841,0.9698123704744287,620510,12963,20035,348633,6241,4611,17705.919516198337,683.8723326919056,matthew_s046,matthew,mid,-6,B_N1_s2
single,active,0.007033353213084063,0.0199758948461427,4110456,0.9688904644007209,0.9843414403851541,1041347,12935,20501,758943,6767,5306,28910.28891484067,1640.2214614430147,matthew_s049,matthew,high,-6,B_N1_s2
single,land,0.004807682016629879,0.013518094023457073,3684744,0.950295334177872,0.9702560042958014,622624,12753,19813,350537,6356,4390,17715.077464684844,673.3459401598873,matthew_s049,matthew,high,-6,B_N1_s2
single,active,0.0060109950767596836,0.018832401654381384,4110456,0.9754640825401433,0.9850128234074949,900725,10930,11726,680569,5324,5031,24707.9307792373,1457.8116616802456,matthew_s059,matthew,mid,0,B_N1_s2
single,land,0.003641658655706981,0.011971496005538537,3684744,0.9564216990625286,0.967605173694999,480929,10765,11148,269539,4917,4107,13418.579881664366,528.0854116307013,matthew_s059,matthew,mid,0,B_N1_s2
single,active,0.005963254470128523,0.019087324842602987,4110456,0.9751573211557659,0.9858269332238964,884063,10005,12517,672610,4201,5469,24511.69511626661,1497.545867891531,matthew_s063,matthew,high,6,B_N1_s2
single,land,0.003621753887702795,0.012229910309264683,3684744,0.9552665815776006,0.9688460939989182,464784,9821,11944,261509,3800,4609,13345.235907189548,551.1297621454667,matthew_s063,matthew,high,6,B_N1_s2
single,active,0.006672634455912559,0.019570537097047137,4110456,0.9714733257525765,0.9842976155888732,973085,13320,15254,728395,6437,5183,27427.570335112512,1574.3289912175053,matthew_s068,matthew,high,0,B_N1_s2
single,land,0.00436189404733561,0.013049714755368362,3684744,0.9520440075663823,0.9684304434036338,553129,13143,14719,316976,6036,4297,16072.462919555604,627.4936828648938,matthew_s068,matthew,high,0,B_N1_s2
single,active,0.003795795666869496,0.019726872127933833,4110456,0.9862464901459358,0.9887300116808313,558826,3288,4505,490944,2479,3117,15602.451073657721,1599.5818312067968,ian_s005,ian,low,0,B_N1_s2
single,land,0.0011319675057122336,0.007284488677661698,3684744,0.9590978743467841,0.9613158758824495,146460,2716,3530,93686,1736,2034,4171.010474868119,195.52642763553123,ian_s005,ian,low,0,B_N1_s2
single,active,0.003801556613801215,0.019733669581361954,4110456,0.986423916519011,0.9887587029396596,558384,3217,4468,490804,2450,3130,15626.131192538887,1600.6843837296876,ian_s006,ian,low,6,B_N1_s2
single,land,0.0011333201210068254,0.007298126787273716,3684744,0.959662473877213,0.9615349042740137,146028,2644,3494,93566,1708,2035,4175.994515959173,196.2592469729268,ian_s006,ian,low,6,B_N1_s2
single,active,0.0040828828462923,0.019961382221885433,4110456,0.982484940755941,0.988062520287617,593696,4992,5592,502247,2765,3303,16782.51029283926,1637.8390629474925,ian_s024,ian,mid,6,B_N1_s2
single,land,0.0014580819843986526,0.007966950060669217,3684744,0.9525002757946827,0.9612213488704446,181317,4424,4618,104925,2033,2200,5372.658843521029,233.8791517899149,ian_s024,ian,mid,6,B_N1_s2
single,active,0.00396738107951341,0.01872219270175245,4110456,0.9845082442789291,0.9891764015836552,583711,4526,4659,505939,2504,3032,16307.745362572372,1440.7990905457816,ian_s037,ian,low,-6,B_N1_s2
single,land,0.0013119454130998364,0.0072812519541034315,3684744,0.9559123529709286,0.9641144188501688,170096,4063,3782,105934,1868,2075,4834.182989247143,195.35270936322772,ian_s037,ian,low,-6,B_N1_s2
single,active,0.004086555115111478,0.019553759461159226,4110456,0.9845313173713977,0.9887038858399921,586823,4517,4703,509664,2702,3121,16797.604992240667,1571.6308336327652,ian_s041,ian,mid,0,B_N1_s2
single,land,0.0013964874395320838,0.007922440299319012,3684744,0.9564171344819004,0.9628353607364023,172925,4010,3870,108992,2012,2195,5145.698713891208,231.27317933633353,ian_s041,ian,mid,0,B_N1_s2
single,active,0.004135041101406039,0.018885200897946184,4110456,0.9820155601542079,0.9885006566101969,605991,5778,5320,513362,2826,3146,16996.90450552106,1465.997474018994,ian_s046,ian,mid,-6,B_N1_s2
single,land,0.0015040105505787465,0.007674856532413695,3684744,0.9516523201741367,0.9628827267475448,192367,5333,4440,113339,2197,2172,5541.893852181733,217.04403371646066,ian_s046,ian,mid,-6,B_N1_s2
single,active,0.0042577488788891685,0.019715986034305744,4110456,0.981833301967067,0.9881649235750751,610393,5843,5451,517583,2986,3213,17501.289425723255,1597.816889171319,ian_s049,ian,high,-6,B_N1_s2
single,land,0.0015908672273830511,0.008302126635867447,3684744,0.9517025914264955,0.9622723830221608,196479,5357,4614,116893,2299,2284,5861.9384708963335,253.9721102298458,ian_s049,ian,high,-6,B_N1_s2
single,active,0.004258052477324095,0.01978431210640538,4110456,0.9864618285401482,0.9889064037526392,583869,3884,4129,517559,2737,3069,17502.537353731692,1608.9105997687548,ian_s059,ian,mid,0,B_N1_s2
single,land,0.0014332747011037083,0.008187415364643184,3684744,0.9612143283921815,0.9636458543813565,168919,3476,3340,114458,2093,2225,5281.250355243683,247.0022831063141,ian_s059,ian,mid,0,B_N1_s2
single,active,0.004366455749486358,0.020559444760587277,4110456,0.9861995984789754,0.9884463184349824,588987,3856,4386,522298,2823,3282,17948.1242342107,1737.4518070201607,ian_s063,ian,high,6,B_N1_s2
single,land,0.0015467305279434494,0.0090458107087158,3684744,0.9608639886777015,0.9626469010581753,173803,3455,3624,118446,2188,2408,5699.306032456458,301.51041009463296,ian_s063,ian,high,6,B_N1_s2
single,active,0.0043797213490537066,0.019861791106793095,4110456,0.9845498407098286,0.9887313655957521,598307,4929,4460,522503,2829,3126,18002.651897545904,1621.5368537163909,ian_s068,ian,high,0,B_N1_s2
single,land,0.001577961278018682,0.008433907231387936,3684744,0.9572251981330075,0.9640408608228691,183345,4515,3678,119382,2174,2279,5814.38335141167,262.0987560439747,ian_s068,ian,high,0,B_N1_s2
single,active,0.004060905340340719,0.017348689500140572,4110456,0.9805932212634587,0.9869278036446373,629230,6962,5491,514445,3430,3384,16692.17272163555,1237.1528280245843,milton_s005,milton,low,0,B_N1_s2
single,land,0.0016620191579655404,0.00799678768363126,3684744,0.9487750457005627,0.9540027301159435,211759,6673,4760,110422,2913,2411,6124.115120198578,235.6342690073335,milton_s005,milton,low,0,B_N1_s2
single,active,0.004063788633729717,0.017406272656404157,4110456,0.9806908392112468,0.9874513147887811,627192,7025,5324,514158,3215,3319,16704.024372246116,1245.3790853306032,milton_s006,milton,low,6,B_N1_s2
single,land,0.001658900081257667,0.008000633278100714,3684744,0.9487109892744536,0.9561047167682238,209723,6738,4600,110149,2700,2357,6112.622121013701,235.86095296064497,milton_s006,milton,low,6,B_N1_s2
single,active,0.005205567999314695,0.01826039145822399,4110456,0.9767444791194086,0.986325029398231,852569,9292,11007,617329,4127,4432,21397.258216191083,1370.5982429178234,milton_s024,milton,mid,6,B_N1_s2
single,land,0.0029603210419588025,0.01022972263335403,3684744,0.9576952703743645,0.9682395603098889,435148,9058,10164,213339,3672,3326,10908.025197431445,385.5982350078461,milton_s024,milton,mid,6,B_N1_s2
single,active,0.00495220990911192,0.018107694473133526,4110456,0.9752883996748178,0.98591495009485,782193,11019,8800,588327,4262,4143,20355.840934168547,1347.7716596351645,milton_s037,milton,low,-6,B_N1_s2
single,land,0.0025954867990914533,0.009564760392394614,3684744,0.9506390987270303,0.9629333149554956,363686,10809,8075,181641,3869,3123,9563.704410031438,337.0974833578589,milton_s037,milton,low,-6,B_N1_s2
single,active,0.0049994724274004965,0.018189351180108265,4110456,0.9754156976343714,0.9857112547466266,778847,10830,8800,590030,4288,4265,20550.111436042935,1359.9546287504245,milton_s041,milton,mid,0,B_N1_s2
single,land,0.002643393931719627,0.00987151758268606,3684744,0.9504418232970981,0.9620006649883627,359785,10617,8143,182277,3870,3330,9740.229929540306,359.0667304387544,milton_s041,milton,mid,0,B_N1_s2
single,active,0.0054152330583172245,0.018672264549624097,4110456,0.9758036766778923,0.9860614851786457,879123,10932,10867,638320,4706,4317,22259.077215958387,1433.1247205991372,milton_s046,milton,mid,-6,B_N1_s2
single,land,0.0030996257985634536,0.010378473894644418,3684744,0.9566895279715196,0.9682473312956544,460602,10720,10132,231567,4287,3307,11421.327563501894,396.8938001505731,milton_s046,milton,mid,-6,B_N1_s2
single,active,0.005473994087111427,0.0186918633004929,4110456,0.9759407772979642,0.985758567984881,884338,10995,10806,643655,4802,4497,22500.611839331686,1436.1347673817895,milton_s049,milton,high,-6,B_N1_s2
single,land,0.003168762801061481,0.010632502085354616,3684744,0.9569758449336887,0.9674615318349448,465274,10791,10127,235841,4389,3543,11676.079718634486,416.5606798670816,milton_s049,milton,high,-6,B_N1_s2
single,active,0.004577761299148185,0.018313151871550807,4110456,0.9796759439688576,0.9874393974373773,656088,8359,5252,547468,3588,3376,18816.68639865145,1378.5299237620434,milton_s059,milton,mid,0,B_N1_s2
single,land,0.0020235112696811476,0.009101881257388983,3684744,0.9481475821241273,0.9592673745716052,235755,8159,4734,136592,3197,2603,7456.12100988999,305.2598252049381,milton_s059,milton,mid,0,B_N1_s2
single,active,0.004674301005661884,0.018638384912499494,4110456,0.9793858321911509,0.9877291524994155,660251,8720,5177,553396,3503,3372,19213.508614528924,1427.9288112848878,milton_s063,milton,high,6,B_N1_s2
single,land,0.0021249625930443604,0.009616889483085807,3684744,0.9475173095944609,0.9607744633474087,239485,8539,4726,141524,3132,2646,7829.943164944649,340.781939822419,milton_s063,milton,high,6,B_N1_s2
single,active,0.005349171994362643,0.019019733593044128,4110456,0.9746742539643055,0.9860189530994687,791493,12101,8465,605249,4552,4030,21987.536119259894,1486.9585511772996,milton_s068,milton,high,0,B_N1_s2
single,land,0.002869091476089539,0.010478554193085238,3684744,0.9492982312563297,0.9633400717442575,371187,11925,7900,194429,4225,3174,10571.867601972073,404.5852522217261,milton_s068,milton,high,0,B_N1_s2
single,active,0.003570491895126994,0.01604174341511884,4110456,0.9847211598264264,0.9874004041419313,550983,3373,5176,471538,2647,3370,14676.349833276123,1057.77460159815,dorian_s005,dorian,low,0,B_N1_s2
single,land,0.0010652544867312233,0.006641652439325065,3684744,0.9569959879638916,0.9565148172576133,145027,2678,3839,84114,1816,2008,3925.190078455955,162.5397585987967,dorian_s005,dorian,low,0,B_N1_s2
single,active,0.0035831567346213456,0.01608007273714421,4110456,0.9845202067543319,0.9877762135800296,551415,3393,5277,471513,2527,3308,14728.408098764718,1062.8354255879872,dorian_s006,dorian,low,6,B_N1_s2
single,land,0.001080633753535186,0.006689354956243958,3684744,0.9563327678489236,0.958387012187475,145441,2700,3941,84063,1715,1935,3981.8587395362556,164.8829706051043,dorian_s006,dorian,low,6,B_N1_s2
single,active,0.00462633354778081,0.017431659991485826,4110456,0.9742287145763903,0.9864231298975169,654519,6543,10771,507057,2841,4138,19016.34048947692,1249.0145463646818,dorian_s024,dorian,mid,6,B_N1_s2
single,land,0.002166004947052891,0.00909546388347067,3684744,0.9422321184717628,0.9615868306918401,248395,5884,9345,119281,2079,2686,7981.173732623458,304.82952386599544,dorian_s024,dorian,mid,6,B_N1_s2
single,active,0.0040511894464119414,0.016305608301485933,4110456,0.9804577950107045,0.986381910762339,593978,5069,6770,489711,2883,3878,16652.235967140645,1092.8587011800205,dorian_s037,dorian,low,-6,B_N1_s2
single,land,0.0015340118104952606,0.007645088664354572,3684744,0.9495480280593948,0.9567432462197025,186665,4475,5443,99906,2176,2341,5652.440814651549,215.36363529787502,dorian_s037,dorian,low,-6,B_N1_s2
single,active,0.004098974510749147,0.016672723086566647,4110456,0.9808130285246529,0.9865220124396744,594306,4713,6913,491212,2825,3886,16848.654371555895,1142.6233056896517,dorian_s041,dorian,mid,0,B_N1_s2
single,land,0.001550270393764005,0.007794086961991609,3684744,0.9501946754729289,0.9572845228822736,186451,4151,5622,100781,2132,2365,5712.349531799555,223.8400605048156,dorian_s041,dorian,mid,0,B_N1_s2
single,active,0.0045309737941168216,0.017018276850301127,4110456,0.9767656620498281,0.9858595110150119,648379,6256,9167,510203,3083,4235,18624.368417870253,1190.4774474954763,dorian_s046,dorian,mid,-6,B_N1_s2
single,land,0.0020292984713430927,0.008715819964097812,3684744,0.9469082879180206,0.9597437513462628,240991,5664,7848,120301,2397,2649,7477.445366490632,279.91348535507814,dorian_s046,dorian,mid,-6,B_N1_s2
single,active,0.004588770113739772,0.017393386448813934,4110456,0.9767452328402505,0.986100849649058,650988,6373,9126,512520,3019,4205,18861.937646642327,1243.5358103993171,dorian_s049,dorian,high,-6,B_N1_s2
single,land,0.0020537388461343577,0.008853733333786723,3684744,0.946797530719947,0.9606138631012843,243095,5817,7843,121997,2337,2665,7567.501890860498,288.8419012102455,dorian_s049,dorian,high,-6,B_N1_s2
single,active,0.003924745477657192,0.016578818586413163,4110456,0.9850781378373937,0.987064453117166,569518,3307,5320,492176,2688,3762,16132.49359710887,1129.7885326090552,dorian_s059,dorian,mid,0,B_N1_s2
single,land,0.0012474980328368989,0.007267004268484583,3684744,0.9588982087516303,0.9594271614495138,160276,2751,4119,99152,1935,2258,4596.710891507566,194.58893938180228,dorian_s059,dorian,mid,0,B_N1_s2
single,active,0.0040067963263715764,0.017149108079589,4110456,0.984814345962532,0.9873183308488835,572575,3436,5393,494762,2706,3649,16469.760000512004,1208.8518474835096,dorian_s063,dorian,high,6,B_N1_s2
single,land,0.0012987809014257095,0.007552656816772509,3684744,0.9584316540835721,0.9601117668862088,162873,2883,4181,101022,1972,2225,4785.675133842975,210.18747018330188,dorian_s063,dorian,high,6,B_N1_s2
single,active,0.004318846736298686,0.01706246170656906,4110456,0.9805430901233143,0.986230423382493,603286,4992,6979,501009,2909,4086,17752.429480299354,1196.667188081604,dorian_s068,dorian,high,0,B_N1_s2
single,land,0.0016615938677081105,0.0081754677286078,3684744,0.9501123793574545,0.9581990428752808,194031,4470,5718,107921,2220,2488,6122.548034474254,246.28192386507456,dorian_s068,dorian,high,0,B_N1_s2
single,active,0.006734549195399535,0.02236122709186634,4110456,0.9743807242390351,0.9842240039217457,1031534,14077,13045,762936,7197,5032,27682.06814752519,2055.328611853547,irma_s005,irma,low,0,B_N2_s0
single,land,0.004395427042813416,0.013182062428026919,3684744,0.9594129396710465,0.9710207471582581,614811,13825,12184,357759,6724,3953,16196.02342344448,640.2860626277469,irma_s005,irma,low,0,B_N2_s0
single,active,0.006705399455440106,0.022324145026408188,4110456,0.9738187165350486,0.9845027407987471,1017215,13799,13549,754326,6656,5218,27562.249424010515,2048.5174798257626,irma_s006,irma,low,6,B_N2_s0
single,land,0.004362261714477354,0.013230485833650291,3684744,0.9581627004321726,0.9711502893871001,600608,13534,12691,349180,6207,4166,16073.817678850144,644.9987969150606,irma_s006,irma,low,6,B_N2_s0
single,active,0.007919479499423406,0.02398883241305784,4110456,0.969716724461684,0.981165410948346,1131993,16964,18387,827458,10244,5640,32552.672025281936,2365.41978264742,irma_s024,irma,mid,6,B_N2_s0
single,land,0.005660834984138627,0.015526803035715525,3684744,0.9542843417865935,0.967032967032967,715155,16694,17566,421696,9783,4593,20858.7277427949,888.3240252061968,irma_s024,irma,mid,6,B_N2_s0
single,active,0.007843112984580302,0.02333181689341523,4110456,0.9727625613828665,0.9801422821170391,1119425,15790,15554,818656,11250,5336,32238.770826146007,2237.624057339563,irma_s037,irma,low,-6,B_N2_s0
single,land,0.005321109460670104,0.0149322694451534,3684744,0.9586225372673269,0.96439278425485,701334,15607,14665,411111,10912,4267,19606.9261585474,821.5972108303885,irma_s037,irma,low,-6,B_N2_s0
single,active,0.0077549793842157195,0.02381185591075844,4110456,0.9725822654546346,0.9812798823977265,1111432,16814,14518,819720,10535,5103,31876.50153972581,2330.646974713259,irma_s041,irma,mid,0,B_N2_s0
single,land,0.005349187584768064,0.014936612157456678,3684744,0.9580982031027513,0.9663323495867089,693048,16604,13706,410928,10200,4117,19710.386857848614,822.0751661953294,irma_s041,irma,mid,0,B_N2_s0
single,active,0.008452452327586527,0.02389335771367248,4110456,0.9710329151026634,0.9808316469623501,1168776,17517,17349,854016,11089,5601,34743.433384642005,2346.6286780452674,irma_s046,irma,mid,-6,B_N2_s0
single,land,0.0059686413240517796,0.016085551954152944,3684744,0.9568812193613779,0.9668929709863849,750525,17334,16486,446195,10735,4543,21992.91530695185,953.4090187377345,irma_s046,irma,mid,-6,B_N2_s0
single,active,0.008436245420784317,0.02483848151168425,4110456,0.9711488876475787,0.9810436658906365,1177014,17537,17430,863858,11227,5465,34676.81560733542,2535.9465025185077,irma_s049,irma,high,-6,B_N2_s0
single,land,0.006060955484518179,0.016080644889847315,3684744,0.95717808475034,0.9673011889316631,758466,17345,16587,454796,10891,4483,22333.06935584545,952.8274128625194,irma_s049,irma,high,-6,B_N2_s0
single,active,0.00775516118202487,0.024443721445832997,4110456,0.9741019138327303,0.9824234521895674,1065498,15897,12431,795651,9102,5133,31877.24881162122,2455.9790374355293,irma_s059,irma,mid,0,B_N2_s0
single,land,0.005132148358998946,0.015076140459140493,3684744,0.959264446203495,0.9673805012694028,645914,15722,11707,384467,8774,4190,18910.652872931212,837.505504821803,irma_s059,irma,mid,0,B_N2_s0
single,active,0.007825061769419958,0.024974552121942144,4110456,0.9728742045029023,0.9827136333985649,1057416,15651,13832,798445,8631,5414,32164.57210048288,2563.8075427561794,irma_s063,irma,high,6,B_N2_s0
single,land,0.005218365350682381,0.015376271846535988,3684744,0.957036009916383,0.9677963256644795,637742,15459,13171,386293,8302,4552,19228.340415734798,871.1830507738598,irma_s063,irma,high,6,B_N2_s0
single,active,0.008344239492141319,0.0249440716489748,4110456,0.9726040283167939,0.9808710184476401,1127002,17713,14032,839297,11053,5315,34298.629285909235,2557.5533061239194,irma_s068,irma,high,0,B_N2_s0
single,land,0.00579240127407085,0.01610058547039991,3684744,0.9581782787690282,0.9659006002270886,707309,17537,13335,427893,10702,4404,21343.51584022492,955.1919588381327,irma_s068,irma,high,0,B_N2_s0
single,active,0.00555413195904338,0.018523297297957975,4110456,0.9752368220998879,0.9850325283698919,871063,10667,11451,646072,5543,4274,22830.015035841614,1410.3490101803995,matthew_s005,matthew,low,0,B_N2_s0
single,land,0.003342708916046839,0.011311847678322346,3684744,0.9558666453604259,0.9669262716525704,454614,10419,10571,242596,5041,3257,12317.026622150093,471.49209653067135,matthew_s005,matthew,low,0,B_N2_s0
single,active,0.005514070358053133,0.018548564836899352,4110456,0.9750089918302799,0.9857078887062262,853908,10162,11725,636167,4732,4492,22665.34358768165,1414.1993348220128,matthew_s006,matthew,low,6,B_N2_s0
single,land,0.003274953194466887,0.011277677660966979,3684744,0.9547036502848615,0.9679062489596165,437534,9948,10811,232584,4231,3481,12067.364133592695,468.64789985048554,matthew_s006,matthew,low,6,B_N2_s0
single,active,0.0069300587988382345,0.02030096956402249,4110456,0.9680832112453943,0.9830183552504919,994478,15154,17633,719942,7643,4794,28485.701770037413,1694.0396221243498,matthew_s024,matthew,mid,6,B_N2_s0
single,land,0.00477339632803088,0.013720278234165698,3684744,0.9479837273761132,0.9663465811743143,577670,14929,16768,315287,7140,3840,17588.743479333818,693.6384473375491,matthew_s024,matthew,mid,6,B_N2_s0
single,active,0.00666712761020396,0.019896266845143167,4110456,0.9719054413728346,0.9828634211936024,976072,13542,14673,719228,7912,4628,27404.93468812853,1627.1710080876928,matthew_s037,matthew,low,-6,B_N2_s0
single,land,0.004373414317197428,0.013017947256000428,3684744,0.9533850972583595,0.9654052645780801,557327,13386,13864,311265,7507,3647,16114.91216480732,624.4423300112389,matthew_s037,matthew,low,-6,B_N2_s0
single,active,0.006573185088501712,0.0197322440096572,4110456,0.9716362187557513,0.9832874628310628,960853,14344,13705,710966,7780,4304,27018.78808614239,1600.4531233517093,matthew_s041,matthew,mid,0,B_N2_s0
single,land,0.004327317281831919,0.013012127105068995,3684744,0.9522876299051372,0.9655555165715635,542284,14169,13001,302720,7345,3454,15945.05639032647,623.8840951217061,matthew_s041,matthew,mid,0,B_N2_s0
single,active,0.0073566559445823,0.020923831603278133,4110456,0.9686590363673359,0.9826263087324908,1042590,16073,17660,757768,8616,4782,30239.21056734398,1799.5852959036274,matthew_s046,matthew,mid,-6,B_N2_s0
single,land,0.005081779744625636,0.014208682239256908,3684744,0.9500403674196841,0.9666467476705841,623673,15925,16872,349408,8220,3836,18725.057423330843,743.9006258645538,matthew_s046,matthew,mid,-6,B_N2_s0
single,active,0.0073001387571170785,0.020861024317090776,4110456,0.9690443296185539,0.982847037333147,1044404,15919,17444,759727,8737,4522,30006.89915502444,1788.797842289433,matthew_s049,matthew,high,-6,B_N2_s0
single,land,0.005084299261858744,0.014131403023890772,3684744,0.9506274688544515,0.9671125622524013,625703,15763,16734,351293,8312,3634,18734.341199338436,735.8306696789094,matthew_s049,matthew,high,-6,B_N2_s0
single,active,0.006184836895844848,0.01965611019776873,4110456,0.9751155849729266,0.9842321025260137,902057,12626,10394,681127,6439,4473,25422.49992754683,1588.1267472957193,matthew_s059,matthew,mid,0,B_N2_s0
single,land,0.0037462225428084896,0.012242962674725648,3684744,0.9558771648174795,0.9655361050328227,482284,12469,9793,270045,6038,3601,13803.871037278324,552.3067758020891,matthew_s059,matthew,mid,0,B_N2_s0
single,active,0.0061064986793197985,0.019796046661655974,4110456,0.9749138910666937,0.9855224970619099,885370,11572,11210,673375,5188,4704,25100.494135402143,1610.8197335585173,matthew_s063,matthew,high,6,B_N2_s0
single,land,0.0036829231261732796,0.01233498227802368,3684744,0.9549290234553459,0.9679962791521782,466119,11391,10609,262236,4788,3882,13570.628891628236,560.6403871822215,matthew_s063,matthew,high,6,B_N2_s0
single,active,0.006955580723163018,0.020592728954267534,4110456,0.9713376494023904,0.9829482488520267,975223,15661,13116,729094,8164,4484,28590.608517009765,1743.0819681534635,matthew_s068,matthew,high,0,B_N2_s0
single,land,0.004580263048942204,0.013617842005639256,3684744,0.9519275768022231,0.9653122625740769,555306,15501,12542,317636,7777,3637,16877.09678801149,683.3196389027398,matthew_s068,matthew,high,0,B_N2_s0
single,active,0.0037531588044877034,0.019705002129268786,4110456,0.9863394394173471,0.9887618721484183,558638,3044,4693,490856,2374,3205,15427.194126859307,1596.037076560208,ian_s005,ian,low,0,B_N2_s0
single,land,0.0010900213380246708,0.007244892222687952,3684744,0.9596010596443372,0.9612087110983335,146343,2514,3647,93615,1673,2105,4016.449585158378,193.40655028156317,ian_s005,ian,low,0,B_N2_s0
single,active,0.003766961526000637,0.019725816165529673,4110456,0.9864486815387143,0.9887883611743608,558181,2997,4671,490706,2336,3228,15483.929606318474,1599.4105873261456,ian_s006,ian,low,6,B_N2_s0
single,land,0.0010958821890156352,0.007272865426834796,3684744,0.9598844630426486,0.9612631882031137,145889,2464,3633,93479,1645,2122,4038.0453206822276,194.9029550292798,ian_s006,ian,low,6,B_N2_s0
single,active,0.004080315951443111,0.019973436482625683,4110456,0.9821488850499395,0.9880672953388672,593544,5044,5744,502202,2717,3348,16771.959184505045,1639.8177736469395,ian_s024,ian,mid,6,B_N2_s0
single,land,0.0014387608245803808,0.00797664039784698,3684744,0.9515508251639564,0.9608552661713647,181220,4512,4715,104886,2034,2239,5301.465315807611,234.44844019597852,ian_s024,ian,mid,6,B_N2_s0
single,active,0.003944762100738806,0.018985073800341628,4110456,0.9847043235351208,0.9889586482116217,583393,4085,4977,505794,2470,3177,16214.77104555443,1481.5440992705637,ian_s037,ian,low,-6,B_N2_s0
single,land,0.0012694113909101814,0.007317511363411175,3684744,0.956474238763776,0.9634918901206925,169844,3695,4034,105855,1857,2154,4677.456006187946,197.3032010912327,ian_s037,ian,low,-6,B_N2_s0
single,active,0.004040750613449266,0.019608664872493804,4110456,0.984702143412369,0.9886938012848747,586527,4113,4999,509554,2596,3231,16609.327603556216,1580.4692553966502,ian_s041,ian,mid,0,B_N2_s0
single,land,0.0013407795276089024,0.007863432146473665,3684744,0.956855421887035,0.9628542894767077,172677,3668,4118,108946,1962,2241,4940.429319679737,227.8408580826189,ian_s041,ian,mid,0,B_N2_s0
single,active,0.004133059810658969,0.0191699067281984,4110456,0.9820677311570132,0.9884357999133407,605760,5510,5551,513270,2767,3238,16988.760497082025,1510.5322548154957,ian_s046,ian,mid,-6,B_N2_s0
single,land,0.0014756688536673862,0.007733945281567417,3684744,0.9518395079458621,0.9628121999099198,192204,5122,4603,113297,2162,2214,5437.461954537779,220.39894458249552,ian_s046,ian,mid,-6,B_N2_s0
single,active,0.0042350586160761795,0.01980030433569867,4110456,0.9819356209087222,0.9881629800494943,610218,5600,5626,517497,2900,3299,17408.02209880203,1611.5127085772565,ian_s049,ian,high,-6,B_N2_s0
single,land,0.0015517732426476119,0.00828098497308623,3684744,0.9519552422599944,0.9623249034446979,196356,5173,4737,116858,2256,2319,5717.887145206332,252.68025905240466,ian_s049,ian,high,-6,B_N2_s0
single,active,0.004161746188371413,0.019870072422992036,4110456,0.9867496931312113,0.9889873819325787,583621,3460,4377,517456,2590,3172,17106.674590468407,1622.8893257890502,ian_s059,ian,mid,0,B_N2_s0
single,land,0.0013264341981826513,0.008030352553933263,3684744,0.9621940023607365,0.9638592795449757,168739,3110,3520,114386,1992,2297,4887.570453148335,237.61647292769635,ian_s059,ian,mid,0,B_N2_s0
single,active,0.0042713199785807355,0.02052568600840285,4110456,0.9862937053565446,0.9886262096957398,588770,3579,4603,522224,2652,3356,17557.072833877057,1731.7506754613569,ian_s063,ian,high,6,B_N2_s0
single,land,0.0014402076685731651,0.008859923683838759,3684744,0.9611899318568052,0.9633682942904336,173638,3222,3789,118397,2045,2457,5306.796565528959,289.24594716209515,ian_s063,ian,high,6,B_N2_s0
single,active,0.004296680592590679,0.019951907429073826,4110456,0.9848360338521381,0.9888285921414011,598021,4462,4746,522411,2684,3218,17661.316521897912,1636.2846111859285,ian_s068,ian,high,0,B_N2_s0
single,land,0.001481244761148924,0.00829556887235265,3684744,0.9580911321672797,0.9643197724223763,183119,4106,3904,119323,2077,2338,5458.0077461749315,253.57104883075533,ian_s068,ian,high,0,B_N2_s0
single,active,0.0040814775575261225,0.017749129322233236,4110456,0.9812473280680021,0.9868202734922726,628903,6201,5818,514460,3502,3369,16776.733915198594,1294.923496281962,milton_s005,milton,low,0,B_N2_s0
single,land,0.001645375449350838,0.007993759180912354,3684744,0.9507226180575847,0.9534903795523406,211493,5936,5026,110459,3014,2374,6062.787314742804,235.45582638174406,milton_s005,milton,low,0,B_N2_s0
single,active,0.004085169963158299,0.017807970860300247,4110456,0.9811378637312,0.9874875643867081,626848,6383,5668,514167,3205,3310,16791.91138608381,1303.5235339876838,milton_s006,milton,low,6,B_N2_s0
single,land,0.001641020022075113,0.007998582170849327,3684744,0.9500796095277408,0.956258733065447,209446,6128,4877,110183,2717,2323,6046.73868022114,235.74003400792247,milton_s006,milton,low,6,B_N2_s0
single,active,0.005345003469482041,0.018880341778523844,4110456,0.9771462160917223,0.9858268571319102,852777,9146,10799,617518,4635,4243,21970.401581153274,1465.2431754110048,milton_s024,milton,mid,6,B_N2_s0
single,land,0.0030226186437095764,0.010343616489333782,3684744,0.9585377022041017,0.9666909644090894,435410,8932,9902,213514,4206,3151,11137.575911697,394.2322421160371,milton_s024,milton,mid,6,B_N2_s0
single,active,0.0050413534299227035,0.018555538028408116,4110456,0.9760967066656847,0.9857790764106577,781954,10110,9039,588379,4397,4091,20722.261454146355,1415.262849606541,milton_s037,milton,low,-6,B_N2_s0
single,land,0.0026268664942414293,0.009637910531480857,3684744,0.9523955492327483,0.9625413808628407,363517,9926,8244,181723,4031,3041,9679.330553457141,342.2733623705074,milton_s037,milton,low,-6,B_N2_s0
single,active,0.005079850143605968,0.01870992352817681,4110456,0.9762739107049497,0.9854958950961596,778679,9956,8968,590111,4501,4184,20880.50050188601,1438.911317872946,milton_s041,milton,mid,0,B_N2_s0
single,land,0.0026612915388552275,0.009910686665141905,3684744,0.9523251011373985,0.9613150765792831,359697,9776,8231,182398,4131,3209,9806.178030047566,361.92185723567576,milton_s041,milton,mid,0,B_N2_s0
single,active,0.005550208654960955,0.019230362562184928,4110456,0.9763947330137249,0.9855875660338328,879221,10487,10769,638438,5137,4199,22813.888467036188,1520.0747618833625,milton_s046,milton,mid,-6,B_N2_s0
single,land,0.0031677793841821127,0.010503347911183422,3684744,0.9579180854734969,0.9670245750793922,460795,10304,9939,231731,4759,3143,11672.456079188734,406.50212740904595,milton_s046,milton,mid,-6,B_N2_s0
single,active,0.005598602002402878,0.01926071075587771,4110456,0.9765754903844243,0.9852490400934121,884502,10574,10642,643810,5297,4342,23012.807192388922,1524.87632754705,milton_s049,milton,high,-6,B_N2_s0
single,land,0.003227023033103482,0.010743593531259008,3684744,0.9582573396516162,0.9661810635240953,465508,10385,9893,236039,4917,3345,11890.753759089857,425.3108464913918,milton_s049,milton,high,-6,B_N2_s0
single,active,0.004506368958071734,0.018558668819231936,4110456,0.9807493557443079,0.9873580964817668,655730,7261,5610,547417,3582,3427,18523.23132191971,1415.740471515223,milton_s059,milton,mid,0,B_N2_s0
single,land,0.0019302687237285922,0.008968089716764457,3684744,0.9511214873996761,0.958983072267586,235472,7084,5017,136587,3234,2608,7112.546098146588,296.3515540057546,milton_s059,milton,mid,0,B_N2_s0
single,active,0.004582663334296316,0.018656666854965323,4110456,0.9804445830826705,0.9878719503596107,660050,7787,5378,553395,3421,3373,18836.8359984383,1430.731427019205,milton_s063,milton,high,6,B_N2_s0
single,land,0.0020209641991805086,0.009431168057047084,3684744,0.9504076113932646,0.9612707381173898,239344,7622,4867,141550,3083,2620,7446.735707145184,327.7466700268619,milton_s063,milton,high,6,B_N2_s0
single,active,0.005386895286689859,0.019393797757293278,4110456,0.9759359574628126,0.985882253301823,791446,11003,8512,605311,4700,3968,22142.596052546054,1546.022209305264,milton_s068,milton,high,0,B_N2_s0
single,land,0.002858809971965436,0.01045298389472311,3684744,0.9519834430971872,0.963029702970297,371205,10841,7882,194532,4397,3071,10533.982891339809,402.61308263050097,milton_s068,milton,high,0,B_N2_s0
single,active,0.003531225393281076,0.01607877793410218,4110456,0.9849157006528304,0.9873697657616151,550821,3098,5338,471474,2597,3434,14514.946605164558,1062.664268758177,dorian_s005,dorian,low,0,B_N2_s0
single,land,0.0010460785063704757,0.006675164120884735,3684744,0.9575006608511764,0.9555884025014213,144889,2454,3977,84044,1828,2078,3854.531499877572,164.18414530924585,dorian_s005,dorian,low,0,B_N2_s0
single,active,0.0035426664447336283,0.016109990904062087,4110456,0.9846539136896522,0.9877638934285403,551226,3125,5466,471436,2455,3385,14561.974543754011,1066.7940729819982,dorian_s006,dorian,low,6,B_N2_s0
single,land,0.0010626190276678,0.006721449437404359,3684744,0.9565830019226211,0.9576467368373037,145282,2494,4100,83977,1693,2021,3915.47908648476,166.46893162043463,dorian_s006,dorian,low,6,B_N2_s0
single,active,0.004604547730981355,0.017483016385262593,4110456,0.9747533700387402,0.9862473646130746,654697,6364,10593,507085,2961,4110,18926.790848098695,1256.3849715944898,dorian_s024,dorian,mid,6,B_N2_s0
single,land,0.0021688752592994172,0.009104779425569686,3684744,0.943362287822038,0.9602630879831263,248592,5777,9148,119281,2250,2686,7991.750098451972,305.45425427665356,dorian_s024,dorian,mid,6,B_N2_s0
single,active,0.00403363010128301,0.016385547901687628,4110456,0.98052802718909,0.9863409720473433,593746,4789,7002,489595,2786,3994,16580.059051599354,1103.6006296563316,dorian_s037,dorian,low,-6,B_N2_s0
single,land,0.0015286495442920944,0.007708531164306378,3684744,0.9497532480099414,0.9561885053506931,186485,4243,5623,99806,2132,2441,5632.682236433029,218.95284134844547,dorian_s037,dorian,low,-6,B_N2_s0
single,active,0.0040846875266181285,0.016786226254228223,4110456,0.9807586604184996,0.9862752619328303,594174,4612,7045,491099,2835,3999,16789.928351912647,1158.2335710276463,dorian_s041,dorian,mid,0,B_N2_s0
single,land,0.0015402240545286288,0.007844911073217591,3684744,0.950071370309951,0.9561196099098842,186366,4087,5707,100688,2163,2458,5675.331343580037,226.76883570334476,dorian_s041,dorian,mid,0,B_N2_s0
single,active,0.004530545864414542,0.017128696921963393,4110456,0.9770295949475055,0.9858151506017112,648350,6047,9196,510183,3086,4255,18622.60943165794,1205.975968254565,dorian_s046,dorian,mid,-6,B_N2_s0
single,land,0.0020382137209201054,0.00878065281962918,3684744,0.9476175685398737,0.9591922994106529,241018,5502,7821,120276,2443,2674,7510.295778878033,284.09326104953766,dorian_s046,dorian,mid,-6,B_N2_s0
single,active,0.004597677817580759,0.017558932215173545,4110456,0.9770089583868,0.9858662342084457,650984,6189,9130,512472,3094,4253,18898.552371341735,1267.3197653491588,dorian_s049,dorian,high,-6,B_N2_s0
single,land,0.00206000419224413,0.008905202906821967,3684744,0.9475060502492196,0.9597356620250177,243131,5663,7807,121992,2448,2670,7590.588087346405,292.20992254546974,dorian_s049,dorian,high,-6,B_N2_s0
single,active,0.0038955401480045867,0.01671467825632207,4110456,0.9850044557496475,0.9869644053450151,569239,3067,5599,492059,2620,3879,16012.446374606341,1148.3811259567847,dorian_s059,dorian,mid,0,B_N2_s0
single,land,0.0012156166991276808,0.007308591797445643,3684744,0.9587801166928247,0.9584942178351962,160053,2539,4342,99046,1925,2364,4479.2363384105265,196.82249494572687,dorian_s059,dorian,mid,0,B_N2_s0
single,active,0.003963931250932079,0.01713736171125974,4110456,0.984974334883737,0.9873485943326173,572407,3171,5561,494634,2561,3777,16293.564993981272,1207.1963962565746,dorian_s063,dorian,high,6,B_N2_s0
single,land,0.0012659576862674093,0.007539475393967711,3684744,0.9588901458907823,0.959984020241028,162739,2662,4315,100926,1886,2321,4664.729988727719,209.45444277742192,dorian_s063,dorian,high,6,B_N2_s0
single,active,0.00430636546313072,0.017184149212754334,4110456,0.9805799674219443,0.9861593466739118,603192,4873,7073,500894,2829,4201,17701.125756118447,1213.797039435884,dorian_s068,dorian,high,0,B_N2_s0
single,land,0.001644704226253611,0.008220798556573818,3684744,0.9502179769777125,0.957319455791979,193987,4401,5762,107798,2195,2611,6060.3140294626355,249.020633153718,dorian_s068,dorian,high,0,B_N2_s0
single,active,0.006704962234767088,0.022316458153119636,4110456,0.9748525041703112,0.9843633137498646,1032051,14095,12528,763358,7516,4610,27560.452247671783,2047.1069905776046,irma_s005,irma,low,0,B_N2_s1
single,land,0.004365005159122776,0.013038053294888372,3684744,0.9601216606143268,0.9711256546632637,615245,13804,11750,358055,6989,3657,16083.926570046693,626.3727046060555,irma_s005,irma,low,0,B_N2_s1
single,active,0.006680917296930258,0.022189784946237873,4110456,0.9741944748948066,0.9845821701583657,1017551,13741,13213,754761,7036,4783,27461.61658867076,2023.933273266289,irma_s006,irma,low,6,B_N2_s1
single,land,0.004342106375366174,0.01314105507925116,3684744,0.9586945248865169,0.9711758625288992,600857,13446,12442,349499,6526,3847,15999.550413992256,636.3085979198178,irma_s006,irma,low,6,B_N2_s1
single,active,0.007934477816527664,0.024095976422015053,4110456,0.9700350820079416,0.9813986348883468,1132288,16885,18092,827902,10496,5196,32614.321947813034,2386.596848623912,irma_s024,irma,mid,6,B_N2_s1
single,land,0.005663169601816117,0.015556409314441593,3684744,0.9547277432201049,0.9673842782548102,715388,16590,17333,422033,9973,4256,20867.330211274326,891.7149412659561,irma_s024,irma,mid,6,B_N2_s1
single,active,0.007794230630482473,0.023211572214665667,4110456,0.9732230476841144,0.9801963966033871,1119661,15488,15318,819107,11664,4885,32037.842060450464,2214.6195003715998,irma_s037,irma,low,-6,B_N2_s1
single,land,0.005289401174148571,0.014808614897323354,3684744,0.9592198969489448,0.9643318371986734,701466,15289,14533,411437,11277,3941,19490.089240036905,808.0462124888367,irma_s037,irma,low,-6,B_N2_s1
single,active,0.00771611678125995,0.023815833053722094,4110456,0.9730718972553764,0.9810715400801735,1111794,16611,14156,820114,11114,4709,31716.75852023065,2331.4255860359945,irma_s041,irma,mid,0,B_N2_s1
single,land,0.005320358697764503,0.014801419619501993,3684744,0.9587880061786185,0.9658605673698897,693337,16385,13417,411219,10709,3826,19604.159789435565,807.261168845427,irma_s041,irma,mid,0,B_N2_s1
single,active,0.008401681970811332,0.023742750727334963,4110456,0.9713618136465536,0.9811230846073912,1169032,17373,17093,854465,11288,5152,34534.744067013264,2317.138907237218,irma_s046,irma,mid,-6,B_N2_s1
single,land,0.005933177672062717,0.015962568556898028,3684744,0.9573078355258795,0.9673063717048042,750694,17161,16317,446527,10881,4211,21862.240828067064,938.8860176102695,irma_s046,irma,mid,-6,B_N2_s1
single,active,0.008411450719065761,0.024917124277609472,4110456,0.9715768584948863,0.9811707596178297,1177488,17491,16956,864278,11541,5045,34574.898076888174,2552.030381678097,irma_s049,irma,high,-6,B_N2_s1
single,land,0.0060404631375953685,0.015981992917242234,3684744,0.9577474565554043,0.9674716211045449,758853,17278,16200,455118,11141,4161,22257.560303475708,941.1724111120003,irma_s049,irma,high,-6,B_N2_s1
single,active,0.007716838745955742,0.024425182654745692,4110456,0.9746945539651052,0.9823588933586712,1065732,15472,12197,796084,9596,4700,31719.726124346256,2452.2550859534645,irma_s059,irma,mid,0,B_N2_s1
single,land,0.0051086164474700765,0.014964228313702319,3684744,0.9601469467095262,0.9671298018438276,646080,15276,11541,384790,9211,3867,18823.94380311668,825.1178298546581,irma_s059,irma,mid,0,B_N2_s1
single,active,0.007840626468975745,0.025054235112190997,4110456,0.9734952088908849,0.9826368260177002,1057796,15348,13452,798869,9126,4990,32228.550113160163,2580.1936428058984,irma_s063,irma,high,6,B_N2_s1
single,land,0.005241603892628906,0.015439638821775991,3684744,0.9579539227240994,0.9675958135833305,638050,15142,12863,386630,8733,4215,19313.968493741006,878.3782910928797,irma_s063,irma,high,6,B_N2_s1
single,active,0.008304791414955664,0.024942342330726723,4110456,0.9730276379306773,0.9809579324620467,1127163,17374,13871,839751,11440,4861,34136.479700353,2557.198699197467,irma_s068,irma,high,0,B_N2_s1
single,land,0.005768605691443843,0.015994877678829494,3684744,0.9587826857733787,0.9659692241064299,707410,17177,13234,428247,11037,4050,21255.83520991355,942.6905785305838,irma_s068,irma,high,0,B_N2_s1
single,active,0.005533831150385063,0.018313549194134377,4110456,0.9753896508030321,0.9854145007423848,871378,10850,11136,646426,5648,3920,22746.569455087185,1378.5897416477203,matthew_s005,matthew,low,0,B_N2_s1
single,land,0.0033214929494966077,0.011245541215436904,3684744,0.9560725741021772,0.9676651908646393,454863,10577,10322,242823,5084,3030,12238.851216699928,465.9808224630217,matthew_s005,matthew,low,0,B_N2_s1
single,active,0.00550810626701357,0.018392943236149623,4110456,0.9753933917269272,0.9859940853243854,854231,10148,11402,636472,4854,4187,22640.82845388353,1390.5687482151582,matthew_s006,matthew,low,6,B_N2_s1
single,land,0.0032515340868419403,0.011222663159742591,3684744,0.9553212336524466,0.9684763208367484,437775,9904,10570,232782,4294,3283,11981.070717286319,464.08675781199594,matthew_s006,matthew,low,6,B_N2_s1
single,active,0.006922942118857184,0.020180269552813854,4110456,0.9681003176049299,0.9831669597317635,994604,15266,17507,720158,7752,4578,28456.448970109224,1673.955580546895,matthew_s024,matthew,mid,6,B_N2_s1
single,land,0.0047538209962648325,0.013697329720351715,3684744,0.9479225803911016,0.9666469522901875,577719,15020,16719,315443,7200,3684,17516.613393060863,691.3200308982762,matthew_s024,matthew,mid,6,B_N2_s1
single,active,0.006653076362400723,0.01969609655564846,4110456,0.9721961616221977,0.9831708400232296,976153,13325,14592,719509,7969,4347,27347.17765228823,1594.594761182051,matthew_s037,matthew,low,-6,B_N2_s1
single,land,0.004359253909103818,0.01294960829410809,3684744,0.9538094260190985,0.9659389431829812,557349,13149,13842,311439,7509,3473,16062.734686046839,617.9033988246472,matthew_s037,matthew,low,-6,B_N2_s1
single,active,0.006545343797181523,0.01955949444032661,4110456,0.971904191665217,0.9834597048933723,960945,14166,13613,711301,7994,3969,26904.347683187574,1572.5528652115775,matthew_s041,matthew,mid,0,B_N2_s1
single,land,0.004300698505666424,0.012937944648051453,3684744,0.9526754862883633,0.9658842020359171,542321,13976,12964,302966,7493,3208,15846.973014563322,616.7908152282199,matthew_s041,matthew,mid,0,B_N2_s1
single,active,0.0073300087658131315,0.020672480931738145,4110456,0.9687892585021372,0.9827596266422567,1042611,15950,17639,757974,8721,4576,30129.678511489183,1756.6094052276974,matthew_s046,matthew,mid,-6,B_N2_s1
single,land,0.005064615209680762,0.014130726816159069,3684744,0.9501834448629344,0.9667938118380545,623632,15783,16913,349524,8285,3720,18661.81050617993,735.7602502757687,matthew_s046,matthew,mid,-6,B_N2_s1
single,active,0.007297117020321838,0.020787643005921067,4110456,0.969139909161343,0.9829700660141134,1044476,15887,17372,760001,8919,4248,29994.47843888402,1776.2353276604488,matthew_s049,matthew,high,-6,B_N2_s1
single,land,0.005079777240636828,0.014088078734506937,3684744,0.9507370749777404,0.9672293559803398,625720,15705,16717,351466,8447,3461,18717.678708773106,731.3257422189394,matthew_s049,matthew,high,-6,B_N2_s1
single,active,0.00615801773970724,0.01948154988645563,4110456,0.9754268063929873,0.9846368129875497,902222,12500,10229,681476,6509,4124,25312.260966286063,1560.0445964098737,matthew_s059,matthew,mid,0,B_N2_s1
single,land,0.0037154149986202657,0.012148738410423948,3684744,0.9563532264235854,0.9664255810544605,482397,12336,9680,270316,6061,3330,13690.353123676032,543.8381651833829,matthew_s059,matthew,mid,0,B_N2_s1
single,active,0.006119622214483537,0.019747402392019373,4110456,0.975324386413545,0.98576727512163,885616,11442,10964,673698,5346,4381,25154.43784925714,1602.9130157798484,matthew_s063,matthew,high,6,B_N2_s1
single,land,0.003680164011398162,0.012343087728305002,3684744,0.955628965358952,0.9685002472160521,466324,11248,10404,262481,4900,3637,13560.462260015309,561.3774349893594,matthew_s063,matthew,high,6,B_N2_s1
single,active,0.006927151368251536,0.020443801456913983,4110456,0.9716964024160587,0.9833028895734054,975212,15279,13127,729419,8227,4159,28473.750904537737,1717.961048772155,matthew_s068,matthew,high,0,B_N2_s1
single,land,0.004547237613724815,0.013523822715140717,3684744,0.9524777510172434,0.9660423574031247,555245,15100,12603,317883,7784,3390,16755.406513746828,673.9167615527065,matthew_s068,matthew,high,0,B_N2_s1
single,active,0.0037899846555486433,0.019934873823515775,4110456,0.9867385385731791,0.9887588642486379,558867,3047,4464,491075,2597,2986,15578.565167307854,1633.4919028501504,ian_s005,ian,low,0,B_N2_s1
single,land,0.0010854237090804572,0.0072448276837529905,3684744,0.9604955924021409,0.9611152698448507,146441,2474,3549,93727,1799,1993,3999.50849949196,193.40310448919283,ian_s005,ian,low,0,B_N2_s1
single,active,0.003804182296356236,0.019950475194186804,4110456,0.9867802097212552,0.9887953884453324,558413,3042,4439,490929,2558,3005,15636.92394515127,1636.0497003335531,ian_s006,ian,low,6,B_N2_s1
single,land,0.0010911422990675338,0.007273395942595989,3684744,0.9605573940905173,0.9612410265890254,145998,2471,3524,93597,1770,2004,4020.5800396353006,194.9313902758234,ian_s006,ian,low,6,B_N2_s1
single,active,0.004113972556584477,0.020189288696421576,4110456,0.9828357084801764,0.9881635623389651,593734,4815,5554,502412,2880,3138,16910.303179048,1675.4521928216427,ian_s024,ian,mid,6,B_N2_s1
single,land,0.0014304939513308883,0.007957953634040973,3684744,0.9533066564305883,0.9611909143343679,181297,4242,4638,104988,2102,2137,5271.004004202783,233.35124873243007,ian_s024,ian,mid,6,B_N2_s1
single,active,0.003968609207431185,0.01914095010133976,4110456,0.9851230015310833,0.9891539960556431,583578,4021,4792,506068,2646,2903,16312.793528340757,1505.9723073566083,ian_s037,ian,low,-6,B_N2_s1
single,land,0.0012572141647071411,0.007253030828607361,3684744,0.9575559149540452,0.9641892322105895,169925,3579,3953,106002,1930,2007,4632.51235011965,193.8413238468982,ian_s037,ian,low,-6,B_N2_s1
single,active,0.004072949400594468,0.019859725778655572,4110456,0.9850866295077564,0.9888678787878787,586757,4114,4769,509885,2840,2900,16741.679301369935,1621.1996402648097,ian_s041,ian,mid,0,B_N2_s1
single,land,0.001332261789303052,0.007843169886565667,3684744,0.9579529645210817,0.9632470409631323,172831,3622,3964,109133,2110,2054,4909.0436345636845,226.66818368886928,ian_s041,ian,mid,0,B_N2_s1
single,active,0.0041531880727142265,0.019313123053816193,4110456,0.982587585079521,0.9886454424869908,605892,5318,5419,513541,2931,2967,17071.496832616627,1533.1866143027632,ian_s046,ian,mid,-6,B_N2_s1
single,land,0.001459967985961588,0.0076580641877450695,3684744,0.9531204291798678,0.9636355914206838,192232,4880,4575,113444,2214,2067,5379.608276464045,216.09530171439425,ian_s046,ian,mid,-6,B_N2_s1
single,active,0.004263438173052304,0.020048538810622633,4110456,0.9824124849306205,0.9883774642295418,610366,5449,5478,517807,3100,2989,17524.67501905188,1652.1727501149314,ian_s049,ian,high,-6,B_N2_s1
single,land,0.0015403691137798193,0.008246667534515813,3684744,0.9532276693422368,0.9629830753914381,196424,4969,4669,117040,2362,2137,5675.865849785507,250.590321264016,ian_s049,ian,high,-6,B_N2_s1
single,active,0.004191214580965938,0.02010517925781601,4110456,0.9872342008440645,0.9890368932706506,583874,3426,4124,517744,2855,2884,17227.803121618927,1661.521261098684,ian_s059,ian,mid,0,B_N2_s1
single,land,0.0013156422635926298,0.00801978339102878,3684744,0.9634685483824964,0.9640798673925299,168897,3042,3362,114578,2164,2105,4847.804936919361,236.9914058468291,ian_s059,ian,mid,0,B_N2_s1
single,active,0.004301575494290256,0.020763810646678822,4110456,0.9867868421273067,0.9886761394812026,589018,3532,4355,522545,2950,3035,17681.43679995835,1772.1648698070082,ian_s063,ian,high,6,B_N2_s1
single,land,0.0014313183334669136,0.008868100504505365,3684744,0.962475841330845,0.9634638659421173,173801,3150,3626,118613,2257,2241,5274.041641332209,289.78008350538175,ian_s063,ian,high,6,B_N2_s1
single,active,0.004325025573146564,0.020185168018310308,4110456,0.9853931880997638,0.9889231525975254,598246,4347,4521,522725,2951,2904,17777.827317293733,1674.7683356813002,ian_s068,ian,high,0,B_N2_s1
single,land,0.001468872993383326,0.008278660545002162,3684744,0.9596083359514085,0.9647079711723926,183266,3957,3757,119536,2248,2125,5412.42094913125,252.53842697297128,ian_s068,ian,high,0,B_N2_s1
single,active,0.004066178305162538,0.017705998255799524,4110456,0.9815991035980923,0.9873593996961653,628993,6063,5728,514746,3507,3083,16713.847011525184,1288.6377151859351,milton_s005,milton,low,0,B_N2_s1
single,land,0.0016168739472909952,0.007911395626482643,3684744,0.9515456357329566,0.9556594075827337,211501,5752,5018,110630,2930,2203,5957.766576036811,230.62879300964104,milton_s005,milton,low,0,B_N2_s1
single,active,0.004071159790972459,0.017770597578631087,4110456,0.9814790753157135,0.9879041007767568,626960,6275,5556,514456,3278,3021,16734.32318976149,1298.057910546843,milton_s006,milton,low,6,B_N2_s1
single,land,0.0016127324532311084,0.007917628476070035,3684744,0.9509112780589664,0.9577250872229262,209481,5972,4842,110351,2716,2155,5942.506230648607,230.99232958128647,milton_s006,milton,low,6,B_N2_s1
single,active,0.0052977984442444245,0.01875190218352176,4110456,0.9775752678003404,0.9863121937203697,852822,8809,10754,617895,4709,3866,21776.36740193516,1445.3754089355014,milton_s024,milton,mid,6,B_N2_s1
single,land,0.00296892595105007,0.010179707075869392,3684744,0.9591678912847584,0.9677645727221279,435350,8571,9962,213755,4210,2910,10939.73208457604,381.8368888469578,milton_s024,milton,mid,6,B_N2_s1
single,active,0.004983528993136203,0.01843827689831961,4110456,0.9765924386332182,0.9865382552854902,781856,9603,9137,588695,4258,3775,20484.576651010662,1397.4319523091986,milton_s037,milton,low,-6,B_N2_s1
single,land,0.0025629886223986517,0.009454995864486804,3684744,0.9532352300721738,0.9645519815893014,363338,9402,8423,181901,3822,2863,9443.956948451698,329.40486333026945,milton_s037,milton,low,-6,B_N2_s1
single,active,0.005027852256905299,0.01864252444450195,4110456,0.9768089763611618,0.9862033486109812,778717,9558,8930,590436,4401,3859,20666.76547650993,1428.5631595336895,milton_s041,milton,mid,0,B_N2_s1
single,land,0.002601933535206675,0.009751350587134838,3684744,0.953233300731293,0.9631899898717083,359633,9349,8295,182590,3961,3017,9587.458982251585,350.3780262941991,milton_s041,milton,mid,0,B_N2_s1
single,active,0.005484519716289458,0.019010142244578244,4110456,0.9769373165241083,0.9861126119589615,879226,9992,10764,638786,5145,3851,22543.8769749403,1485.4592303256147,milton_s046,milton,mid,-6,B_N2_s1
single,land,0.00310319311987837,0.010320330738399006,3684744,0.9587259635394989,0.9681188094015702,460687,9786,10047,231939,4703,2935,11434.472229313105,392.45923347454453,milton_s046,milton,mid,-6,B_N2_s1
single,active,0.005543497304596226,0.019165830173745606,4110456,0.977241319124163,0.9856942839873607,884635,10093,10509,644166,5363,3986,22786.301756661385,1509.889882127894,milton_s049,milton,high,-6,B_N2_s1
single,land,0.003164361956640637,0.010566656990154006,3684744,0.9592815753249644,0.9670846074181413,465524,9883,9877,236252,4909,3132,11659.863733559847,411.41729072137076,milton_s049,milton,high,-6,B_N2_s1
single,active,0.004479379127282065,0.01860367425293386,4110456,0.9814806223013777,0.9879357704676174,655791,6825,5549,547760,3605,3084,18412.290810011327,1422.61523945836,milton_s059,milton,mid,0,B_N2_s1
single,land,0.0018888228014966423,0.008858500839507186,3684744,0.9528737120703191,0.9610187110187111,235457,6613,5032,136826,3181,2369,6959.828484877944,289.1530527027763,milton_s059,milton,mid,0,B_N2_s1
single,active,0.004561503358802747,0.01878131747114634,4110456,0.9811956996662099,0.9883130280822872,660225,7450,5203,553734,3514,3034,18749.858850210905,1449.9135597386596,milton_s063,milton,high,6,B_N2_s1
single,land,0.001986431198499958,0.009374595607358259,3684744,0.9522090110152305,0.9627293344378506,239452,7259,4759,141785,3104,2385,7319.49044008553,323.8265146645731,milton_s063,milton,high,6,B_N2_s1
single,active,0.005324118472252818,0.0193731569888531,4110456,0.9765201789737882,0.9865284602767929,791370,10440,8588,605690,4682,3589,21884.55471898243,1542.733105708155,milton_s068,milton,high,0,B_N2_s1
single,land,0.0027870749865831217,0.010276089552340488,3684744,0.9530361481679346,0.9647907204802211,371057,10255,8030,194798,4304,2805,10269.657834362239,389.10165766503223,milton_s068,milton,high,0,B_N2_s1
single,active,0.003583265999057481,0.016450473567175182,4110456,0.9850643000298571,0.9874371701498287,550977,3172,5182,471678,2771,3230,14728.857225421816,1112.3637130463403,dorian_s005,dorian,low,0,B_N2_s1
single,land,0.0010489791198505709,0.00669503911231768,3684744,0.9576791944180146,0.9563571891302124,144939,2478,3927,84147,1865,1975,3865.219517994672,165.16330218801187,dorian_s005,dorian,low,0,B_N2_s1
single,active,0.003594978764338373,0.016484334115647554,4110456,0.9846874263303401,0.9877653937817541,551358,3240,5334,471656,2677,3165,14777.002031747252,1116.9476551528842,dorian_s006,dorian,low,6,B_N2_s1
single,land,0.0010653679713885096,0.006745050506823109,3684744,0.9563749333579059,0.9579512184007565,145303,2549,4079,84088,1781,1910,3925.608240365982,167.64003096058346,dorian_s006,dorian,low,6,B_N2_s1
single,active,0.004649702213851493,0.017802343038860084,4110456,0.9749022304993205,0.9863959864659899,654874,6443,10416,507264,3065,3931,19112.396363139153,1302.6997637155166,dorian_s024,dorian,mid,6,B_N2_s1
single,land,0.0021581512470363576,0.009098272491843206,3684744,0.9435550276817528,0.9611311973072866,248656,5791,9084,119360,2220,2607,7952.234858609736,305.0178108955784,dorian_s024,dorian,mid,6,B_N2_s1
single,active,0.004070637541143996,0.01668752334945182,4110456,0.9808113754407405,0.9864252573582717,593896,4767,6852,489843,2995,3746,16732.176504820585,1144.6528039498394,dorian_s037,dorian,low,-6,B_N2_s1
single,land,0.0015189387999601646,0.007680596340303501,3684744,0.9501396050298572,0.9565691858517207,186482,4160,5626,99928,2218,2319,5596.900629520416,217.3687972863923,dorian_s037,dorian,low,-6,B_N2_s1
single,active,0.004134511853308524,0.0171358575920404,4110456,0.9809798128187776,0.9863513087607374,594307,4611,6912,491344,3045,3754,16994.729054503143,1206.9844981069994,dorian_s041,dorian,mid,0,B_N2_s1
single,land,0.0015346113178871525,0.007837461105073074,3684744,0.9502786658712069,0.9565250393760556,186362,4040,5711,100812,2248,2334,5654.649845916778,226.33833536954714,dorian_s041,dorian,mid,0,B_N2_s1
single,active,0.0045587552352467095,0.01739685775000617,4110456,0.9771918931301391,0.9859774990920822,648402,5990,9144,510409,3230,4029,18738.56280925125,1244.032219549699,dorian_s046,dorian,mid,-6,B_N2_s1
single,land,0.0020203571527431627,0.008732196656865364,3684744,0.9476715141550068,0.959705645514921,240918,5382,7921,120373,2477,2577,7444.498896427453,280.9663670814545,dorian_s046,dorian,mid,-6,B_N2_s1
single,active,0.004641808672241536,0.017880792814936652,4110456,0.9772119411049575,0.9860927330635607,651087,6156,9027,512713,3219,4012,19079.950307667255,1314.2063030235076,dorian_s049,dorian,high,-6,B_N2_s1
single,land,0.002046751407373877,0.008881280745794562,3684744,0.9477034749998051,0.9604867764824342,243103,5580,7835,122099,2460,2563,7541.754967812449,290.64209667170667,dorian_s049,dorian,high,-6,B_N2_s1
single,active,0.003941230931420578,0.017073058974924983,4110456,0.9851925795083569,0.9870266564018669,569462,3183,5376,492321,2854,3617,16200.256329443306,1198.1541178891046,dorian_s059,dorian,mid,0,B_N2_s1
single,land,0.001215924996357497,0.007324540568152487,3684744,0.9591470096832726,0.9587098769608459,160167,2594,4228,99191,2053,2219,4480.372334778309,197.68244224267423,dorian_s059,dorian,mid,0,B_N2_s1
single,active,0.0040126102147230985,0.01754813047573466,4110456,0.9851561801077674,0.9873229573381802,572624,3284,5344,494867,2810,3544,16493.657732769847,1265.7610091436409,dorian_s063,dorian,high,6,B_N2_s1
single,land,0.0012690460722231689,0.007585989835029173,3684744,0.9592561613496066,0.9597609978056635,162851,2714,4203,101035,2024,2212,4676.1099003478885,212.04685385496154,dorian_s063,dorian,high,6,B_N2_s1
single,active,0.004351384896460581,0.017536674605713787,4110456,0.9807986163039449,0.9862878103593152,603352,4899,6913,501193,3066,3902,17886.176155965775,1264.1089060317224,dorian_s068,dorian,high,0,B_N2_s1
single,land,0.0016372641667489296,0.008212180733761135,3684744,0.9506205504353408,0.9577427309336692,194015,4344,5734,107974,2329,2435,6032.899314843118,248.49881259100823,dorian_s068,dorian,high,0,B_N2_s1
single,active,0.00721610173587167,0.02295660571675788,4110456,0.9727696284689658,0.9844698296645127,1029950,14202,14629,761577,5623,6391,29661.468676824123,2166.233930822729,irma_s005,irma,low,0,B_N2_s2
single,land,0.004505549919424167,0.013344345186599575,3684744,0.9568533779335179,0.9716212128231893,613299,13959,13696,356516,5217,5196,16601.798032298684,656.1480697554636,irma_s005,irma,low,0,B_N2_s2
single,active,0.007238383842693277,0.023018872960558257,4110456,0.9721909020775944,0.9845813653030374,1015712,14002,15052,752933,5180,6611,29753.058296501637,2178.001205900098,irma_s006,irma,low,6,B_N2_s2
single,land,0.004524042030710057,0.013466015447283458,3684744,0.9555266725141536,0.9714154876288286,599163,13751,14136,347894,4785,5452,16669.936728406698,668.1677915231279,irma_s006,irma,low,6,B_N2_s2
single,active,0.008395730022092368,0.024434226362337934,4110456,0.9684580029510677,0.9813933038234158,1130881,17333,19499,825867,8427,7231,34510.27884368971,2454.0713740023116,irma_s024,irma,mid,6,B_N2_s2
single,land,0.00575828168031275,0.015492144413707207,3684744,0.952380761854463,0.9675748860792138,714097,17081,18624,420211,8004,6078,21217.793871842325,884.3626528281975,irma_s024,irma,mid,6,B_N2_s2
single,active,0.00822792592045368,0.023757643015101373,4110456,0.9716465157330174,0.9809094726738257,1118507,16167,16472,817539,9458,6453,33820.52746728435,2320.0466007859545,irma_s037,irma,low,-6,B_N2_s2
single,land,0.005360104366034314,0.014936092400077377,3684744,0.956895762664397,0.9659506608469111,700441,15994,15558,410076,9153,5302,19750.612402118742,822.0179548015643,irma_s037,irma,low,-6,B_N2_s2
single,active,0.008171031643661453,0.024344683914927265,4110456,0.9708883359242622,0.9819458158516409,1110438,17784,15512,818443,8668,6380,33586.66604587808,2436.1177941293445,irma_s041,irma,mid,0,B_N2_s2
single,land,0.0054131589073688835,0.01495708432412677,3684744,0.9554668614194775,0.9677817063579228,692080,17583,14674,409752,8348,5293,19946.10480497405,824.3301880211592,irma_s041,irma,mid,0,B_N2_s2
single,active,0.00882773112759557,0.024230513303331626,4110456,0.9699618325682131,0.9812244334363187,1167997,18043,18128,852738,9438,6879,36286.00037981197,2413.32178072082,irma_s046,irma,mid,-6,B_N2_s2
single,land,0.005987992008936771,0.015983051592028258,3684744,0.9552982727053814,0.9676625299813643,749784,17858,17227,444998,9131,5740,22064.217626977712,941.2971050106381,irma_s046,irma,mid,-6,B_N2_s2
single,active,0.00883960167624572,0.025274544411708736,4110456,0.9701047422680412,0.9813847006361744,1176252,18056,18192,862487,9524,6836,36334.79374773428,2625.7699603353076,irma_s049,irma,high,-6,B_N2_s2
single,land,0.006073672504013742,0.01597214957211286,3684744,0.9556061978040826,0.9680614906487597,757725,17873,17328,453531,9215,5748,22379.928317129612,940.013427752427,irma_s049,irma,high,-6,B_N2_s2
single,active,0.008185530290218273,0.025081686683868027,4110456,0.9722988678969553,0.9829227763541947,1064536,16936,13393,794409,7427,6375,33646.26209460944,2585.8509038898906,irma_s059,irma,mid,0,B_N2_s2
single,land,0.005239696683000021,0.015164149290176296,3684744,0.9563837706225848,0.9684920396287771,644968,16761,12653,383303,7116,5354,19306.94091450423,847.3121287507036,irma_s059,irma,mid,0,B_N2_s2
single,active,0.008351623933709362,0.025746868084489408,4110456,0.9708370628638016,0.9829370184308323,1056428,16914,14820,796927,6902,6932,34328.98270805925,2724.826281372577,irma_s063,irma,high,6,B_N2_s2
single,land,0.005382307912670522,0.015578129751931772,3684744,0.9537549484077473,0.9683088048431292,636764,16726,14149,384834,6584,6011,19832.426787365228,894.206770802759,irma_s063,irma,high,6,B_N2_s2
single,active,0.008722974061996647,0.0254229472239976,4110456,0.9706543435018977,0.9811952601751674,1126258,19274,14776,837980,9428,6632,35855.40107097849,2656.6955939955997,irma_s068,irma,high,0,B_N2_s2
single,land,0.005843991375177079,0.016050929477091438,3684744,0.9552032400529374,0.9665743083890466,706603,19097,14041,426643,9100,5654,21533.612155735493,949.3092082562118,irma_s068,irma,high,0,B_N2_s2
single,active,0.005988269419096657,0.018914805655349292,4110456,0.9741714646583405,0.9849396624517673,870015,10568,12499,645036,4553,5310,24614.51796334237,1470.5973210083725,matthew_s005,matthew,low,0,B_N2_s2
single,land,0.003434872301729828,0.011454312238641965,3684744,0.9539714285113425,0.9669720732975914,453622,10324,11563,241685,4087,4168,12656.625104565173,483.4430882253887,matthew_s005,matthew,low,0,B_N2_s2
single,active,0.00599334130256143,0.01902212124639671,4110456,0.973507763863471,0.9852601658308923,852712,10284,12921,635012,3853,5647,24635.365717161447,1487.3319070289574,matthew_s006,matthew,low,6,B_N2_s2
single,land,0.003416310029747419,0.011545775121935619,3684744,0.9519364591831838,0.9670116267415054,436381,10069,11964,231549,3383,4516,12588.227884251624,491.1945158075124,matthew_s006,matthew,low,6,B_N2_s2
single,active,0.007331412694463572,0.020503528880328997,4110456,0.9666907967198696,0.9829632507441779,993530,15653,18581,718554,6272,6182,30135.44929843396,1728.0139027876796,matthew_s024,matthew,mid,6,B_N2_s2
single,land,0.004888163894003448,0.013852147992967656,3684744,0.9457036277925804,0.966439028593763,576761,15437,17677,314026,5804,5101,18011.63257944584,707.0360630172731,matthew_s024,matthew,mid,6,B_N2_s2
single,active,0.007123060821756874,0.020396224836971722,4110456,0.970719472078591,0.983258150853247,975277,13950,15468,718216,6589,5640,29279.028093155473,1709.9743077675876,matthew_s037,matthew,low,-6,B_N2_s2
single,land,0.004460668903834869,0.01316701133584259,3684744,0.9513949194844268,0.9663957399103139,556547,13789,14644,310329,6208,4583,16436.42297939211,638.8247582365891,matthew_s037,matthew,low,-6,B_N2_s2
single,active,0.006967153465647211,0.020043601006662977,4110456,0.9703061764931815,0.9836101686226861,959986,14806,14572,709959,6519,5311,28638.177765790373,1651.359014951017,matthew_s041,matthew,mid,0,B_N2_s2
single,land,0.004421967316801175,0.01311015973989499,3684744,0.950024038714613,0.966377836269669,541432,14629,13853,301794,6120,4380,16293.817538779229,633.3201224446696,matthew_s041,matthew,mid,0,B_N2_s2
single,active,0.007764204581291654,0.021251020688056028,4110456,0.967509491176386,0.9830104875618529,1042059,16803,18191,756691,7219,5859,31914.421306397766,1856.3061002494112,matthew_s046,matthew,mid,-6,B_N2_s2
single,land,0.005131083084279599,0.014245862330642378,3684744,0.9482161252478344,0.9675420789398412,623161,16648,17384,348409,6853,4835,18906.727608300745,747.7988733922758,matthew_s046,matthew,mid,-6,B_N2_s2
single,active,0.007672767022177072,0.02107037086428494,4110456,0.9677861148613564,0.9832672369103163,1043707,16600,18141,758689,7351,5560,31538.57124290988,1824.8802175543979,matthew_s049,matthew,high,-6,B_N2_s2
single,land,0.00512499916162636,0.014139372936671234,3684744,0.9486173506556581,0.9680912798859278,625025,16443,17412,350329,6949,4598,18884.30991080776,736.6609000528056,matthew_s049,matthew,high,-6,B_N2_s2
single,active,0.0066221245607085465,0.02013363652258811,4110456,0.9735291608026795,0.9843495852603916,901341,13398,11110,680221,5436,5379,27219.951633311808,1666.2280893271304,matthew_s059,matthew,mid,0,B_N2_s2
single,land,0.0038733305559613966,0.012459695740661372,3684744,0.9530138387830261,0.9660205670654256,481576,13242,10501,269228,5052,4418,14272.23152609542,572.034463676621,matthew_s059,matthew,mid,0,B_N2_s2
single,active,0.006576197809773167,0.020346612175180565,4110456,0.973019293619652,0.9852508844486522,884530,12477,12050,672282,4267,5797,27031.17174436897,1701.665593989532,matthew_s063,matthew,high,6,B_N2_s2
single,land,0.0038663644783864283,0.012700291704960601,3684744,0.951456072438607,0.967487925568165,465282,12293,11446,261214,3874,4904,14246.563313547522,594.3396614693663,matthew_s063,matthew,high,6,B_N2_s2
single,active,0.007352404297114137,0.020889960514887028,4110456,0.969742372915081,0.9832081767469371,974722,16796,13617,728104,6961,5474,30221.734357498586,1793.7637448339888,matthew_s068,matthew,high,0,B_N2_s2
single,land,0.004688698673741052,0.01374005547897172,3684744,0.9492187165839445,0.9660595597229128,554806,16639,13042,316712,6566,4561,17276.6543058753,695.6395940069498,matthew_s068,matthew,high,0,B_N2_s2
single,active,0.004093259082143689,0.020361133580708457,4110456,0.9858547868771409,0.988509035810785,558329,3009,5002,490600,2242,3461,16825.161353752017,1704.0954229887498,ian_s005,ian,low,0,B_N2_s2
single,land,0.0011510421831150924,0.0074260018751472635,3684744,0.957984405637054,0.9607014730522918,146084,2501,3906,93458,1561,2262,4241.295777980238,203.19706443712462,ian_s005,ian,low,0,B_N2_s2
single,active,0.004106867814598662,0.020384534132385956,4110456,0.9859896004552894,0.9885253237015657,557867,2942,4985,490443,2202,3491,16881.09944972396,1708.014624004715,ian_s006,ian,low,6,B_N2_s2
single,land,0.001158440580947461,0.0074554804679083375,3684744,0.9583382687777208,0.9607239558131634,145631,2440,3891,93318,1532,2283,4268.5569800026715,204.81350693974574,ian_s006,ian,low,6,B_N2_s2
single,active,0.004430435976244389,0.02064657329975592,4110456,0.9817022410451701,0.9877810910021355,593171,4939,6117,501857,2515,3693,18211.112141169608,1752.2092490122118,ian_s024,ian,mid,6,B_N2_s2
single,land,0.0015017901952944705,0.00814592964953019,3684744,0.9503385530207124,0.9602862910625803,180915,4434,5020,104652,1855,2473,5533.712411370128,244.50549873654228,ian_s024,ian,mid,6,B_N2_s2
single,active,0.00425322708019308,0.019487050986017957,4110456,0.9841343241012798,0.9889031248471808,583136,4167,5234,505552,2254,3419,17482.702771142125,1560.925755492333,ian_s037,ian,low,-6,B_N2_s2
single,land,0.001336877990068155,0.00745116973028802,3684744,0.9548698667146974,0.9636923974688623,169646,3786,4232,105692,1665,2317,4926.053152635694,204.57673023596075,ian_s037,ian,low,-6,B_N2_s2
single,active,0.004374605028014444,0.020216927652642068,4110456,0.9840902414664239,0.9884428625214937,586257,4209,5269,509311,2481,3474,17981.62148503214,1680.0426910756446,ian_s041,ian,mid,0,B_N2_s2
single,land,0.0014210676179358308,0.008047292513992855,3684744,0.9551790787702907,0.9622169143665958,172470,3768,4325,108769,1853,2418,5236.270378783345,238.62003014654337,ian_s041,ian,mid,0,B_N2_s2
single,active,0.004443849290069852,0.01967618838076848,4110456,0.9814405384026869,0.988344404543563,605486,5625,5825,513014,2556,3494,18266.246977463365,1591.3728610829307,ian_s046,ian,mid,-6,B_N2_s2
single,land,0.001538516602270778,0.007854117519526683,3684744,0.9501808949225691,0.962888563549079,191985,5244,4822,113124,1973,2387,5669.0398191176355,227.30140009535037,ian_s046,ian,mid,-6,B_N2_s2
single,active,0.004566256944125618,0.02040489276925578,4110456,0.9811899617589284,0.9879967757093249,609891,5739,5953,517242,2730,3554,18769.398253522813,1711.4280170809482,ian_s049,ian,high,-6,B_N2_s2
single,land,0.0016194075240933568,0.008441830767369781,3684744,0.9500399699619679,0.9619973450086988,196093,5312,5000,116672,2104,2505,5967.102157957852,262.59146349388084,ian_s049,ian,high,-6,B_N2_s2
single,active,0.004505199854308824,0.02043559564618343,4110456,0.9861949110851517,0.9887942652329749,583355,3523,4643,517263,2497,3365,18518.42577234283,1716.582202080472,ian_s059,ian,mid,0,B_N2_s2
single,land,0.0014372634448503925,0.008246690967779708,3684744,0.9606220215701028,0.9634457926824127,168520,3169,3739,114256,1908,2427,5295.947854831815,250.59174539259794,ian_s059,ian,mid,0,B_N2_s2
single,active,0.004641870022701735,0.021149490265817854,4110456,0.9859156345335842,0.988481937109824,588496,3530,4877,522044,2547,3536,19080.202486034483,1838.610826479086,ian_s063,ian,high,6,B_N2_s2
single,land,0.0015593364014509525,0.00909824760329261,3684744,0.9600905824183734,0.9632437362082583,173401,3182,4026,118295,1955,2559,5745.755449227989,305.0161421302513,ian_s063,ian,high,6,B_N2_s2
single,active,0.004643734851201683,0.02052216672075671,4110456,0.9840837627380933,0.9886881682973374,597762,4663,5005,522233,2579,3396,19087.867781531066,1731.1568822718082,ian_s068,ian,high,0,B_N2_s2
single,land,0.0015945084874551415,0.008510372433812327,3684744,0.9560222449875604,0.9641603442418752,182910,4301,4113,119203,1973,2458,5875.355582099408,266.872886407306,ian_s068,ian,high,0,B_N2_s2
single,active,0.004429587422527242,0.018291901163291886,4110456,0.9804712302438522,0.9869037721974437,628485,6282,6236,514016,3008,3813,18207.62419845164,1375.332468672561,milton_s005,milton,low,0,B_N2_s2
single,land,0.0016838559871393747,0.008131321583695153,3684744,0.9486492801552924,0.9542941329404627,211120,6029,5399,110116,2557,2717,6204.578245475888,243.6293434121461,milton_s005,milton,low,0,B_N2_s2
single,active,0.004432070286246954,0.01833948865273652,4110456,0.9803776112582242,0.987426460554412,626426,6448,6090,513757,2822,3720,18217.82990052551,1382.4977986211138,milton_s006,milton,low,6,B_N2_s2
single,land,0.001682011418347375,0.008137375794713743,3684744,0.948112843907726,0.9564142517649312,209075,6194,5248,109870,2371,2636,6197.7814816869795,243.9922690553736,milton_s006,milton,low,6,B_N2_s2
single,active,0.005703123086611549,0.01945853608410191,4110456,0.9763286203809111,0.9862886217146658,851629,8701,11947,616818,3632,4943,23442.43651010096,1556.3609724538778,milton_s024,milton,mid,6,B_N2_s2
single,land,0.003000455495589408,0.010379209865830045,3684744,0.9570373700180471,0.9682803156051752,434316,8501,10996,212920,3230,3745,11055.910384640098,396.95009219516334,milton_s024,milton,mid,6,B_N2_s2
single,active,0.005398271280223291,0.01916854610324133,4110456,0.9752353367125272,0.986181144760812,781144,9987,9849,587904,3672,4566,22189.356573421508,1510.317835937512,milton_s037,milton,low,-6,B_N2_s2
single,land,0.002605949671588557,0.009655294985734137,3684744,0.9506364377307857,0.9639932793126184,362741,9816,9020,181304,3312,3460,9602.257416687906,343.50923232014213,milton_s037,milton,low,-6,B_N2_s2
single,active,0.005449558183246305,0.019322241008054086,4110456,0.9753474773258978,0.985721762481962,777943,9959,9704,589504,3748,4791,22400.169131673872,1534.634627169267,milton_s041,milton,mid,0,B_N2_s2
single,land,0.002653215018685864,0.009979503846987451,3684744,0.9504279704431672,0.962341325064687,358989,9785,8939,181870,3380,3737,9776.418120812625,366.96548639581744,milton_s041,milton,mid,0,B_N2_s2
single,active,0.005874022918008385,0.019753148737883034,4110456,0.9755370670695133,0.9862932789909132,878237,10270,11753,637898,4126,4739,24144.912747465074,1603.8460228200106,milton_s046,milton,mid,-6,B_N2_s2
single,land,0.0031179454381816537,0.010484310957718759,3684744,0.9563389889729585,0.9690691408001542,459825,10084,10909,231248,3755,3626,11488.83074566722,405.0299207925299,milton_s046,milton,mid,-6,B_N2_s2
single,active,0.005944869088519342,0.01984749514973953,4110456,0.9757208912978418,0.9857989381008436,883526,10367,11618,643151,4264,5001,24436.122814118862,1619.2034208018754,milton_s049,milton,high,-6,B_N2_s2
single,land,0.003186223506880135,0.010754260368733991,3684744,0.9566737713526704,0.9678143343363094,464556,10194,10845,235446,3892,3938,11740.417949635535,426.1558102956395,milton_s049,milton,high,-6,B_N2_s2
single,active,0.004916860914926808,0.01920291826242014,4110456,0.979653604598677,0.9875361910744327,655449,7722,5891,547099,3160,3745,20210.54044892639,1515.739157793832,milton_s059,milton,mid,0,B_N2_s2
single,land,0.0020308228482885044,0.00918148059322214,3684744,0.9482653657749914,0.9598484635101259,235203,7546,5286,136310,2817,2885,7483.062305293977,310.62239328750275,milton_s059,milton,mid,0,B_N2_s2
single,active,0.005014431633975688,0.01936047825071625,4110456,0.9792732654366895,0.9878060325041483,659708,8243,5720,553040,3099,3728,20611.60059646517,1540.71448699829,milton_s063,milton,high,6,B_N2_s2
single,land,0.0021345495305417654,0.009684557743588238,3684744,0.9473813553611562,0.9612440028582122,239012,8076,5199,141250,2775,2920,7865.268575366586,345.5945668599533,milton_s063,milton,high,6,B_N2_s2
single,active,0.005774349989724544,0.020099449615355064,4110456,0.974835402030771,0.9861783235938641,790805,11261,9153,604835,4033,4444,23735.21156136319,1660.574384064136,milton_s068,milton,high,0,B_N2_s2
single,land,0.002869826510536589,0.01055469089313831,3684744,0.9496932389558336,0.9640352445662972,370576,11119,8511,194095,3733,3508,10574.576015740633,410.48600816217106,milton_s068,milton,high,0,B_N2_s2
single,active,0.003835130342720743,0.016817445233960632,4110456,0.9843856476736761,0.9870997885932546,550371,2942,5788,471122,2371,3786,15764.134528018534,1162.5457367184338,dorian_s005,dorian,low,0,B_N2_s2
single,land,0.0010815831574967766,0.006772576644009895,3684744,0.9558658183309303,0.9554919817180892,144525,2332,4341,83832,1615,2290,3985.357050087303,169.01108020490582,dorian_s005,dorian,low,0,B_N2_s2
single,active,0.0038516758838204024,0.016850936356430878,4110456,0.9841388392067454,0.987479851007502,550792,2977,5900,471098,2250,3723,15832.144246704876,1167.1806535732453,dorian_s006,dorian,low,6,B_N2_s2
single,land,0.00109890330077978,0.006817334975995183,3684744,0.955011532125206,0.9572277454005257,144923,2368,4459,83767,1512,2231,4049.1773441284895,171.2523691342261,dorian_s006,dorian,low,6,B_N2_s2
single,active,0.004948055437235294,0.01822015714782809,4110456,0.9735232729120079,0.9860027834820777,653459,5941,11831,506554,2550,4641,20338.764160316437,1364.5650400819552,dorian_s024,dorian,mid,6,B_N2_s2
single,land,0.00220366194264233,0.009196597212790186,3684744,0.9404217151370499,0.9603524584867869,247440,5376,10300,118907,1849,3060,8119.93012117967,311.646068270021,dorian_s024,dorian,mid,6,B_N2_s2
single,active,0.004387888621802023,0.017158303247902813,4110456,0.9799626643758673,0.9861422141415933,593191,4572,7557,489236,2522,4353,18036.223112817854,1210.148541887016,dorian_s037,dorian,low,-6,B_N2_s2
single,land,0.0015721113126040283,0.00780593634828962,3684744,0.9481518486611035,0.9560670661442728,185998,4061,6110,99561,1889,2686,5792.827726449817,224.52118802160635,dorian_s037,dorian,low,-6,B_N2_s2
single,active,0.0044361753759579094,0.01759823414332294,4110456,0.9799210713165238,0.9861801067489792,593450,4391,7769,490739,2518,4359,18234.703691158444,1272.9993650161266,dorian_s041,dorian,mid,0,B_N2_s2
single,land,0.0015868993966155736,0.00795783750707365,3684744,0.9478225814682139,0.9562497619682371,185741,3893,6332,100433,1882,2713,5847.318030282855,233.34443839490734,dorian_s041,dorian,mid,0,B_N2_s2
single,active,0.004885767822130899,0.017856946891131,4110456,0.9759989628995399,0.985657544630426,647466,5842,10080,509719,2698,4719,20082.733659084886,1310.703374812523,dorian_s046,dorian,mid,-6,B_N2_s2
single,land,0.00207463569609618,0.008854829860021418,3684744,0.9451170330383736,0.9591944462217672,240210,5320,8629,119930,2082,3020,7644.501433376223,288.9134512159472,dorian_s046,dorian,mid,-6,B_N2_s2
single,active,0.0049515481568040455,0.018294630004798557,4110456,0.9758854004813011,0.9857813152812835,650048,5997,10066,512002,2662,4723,20353.12083042413,1375.7428518513525,dorian_s049,dorian,high,-6,B_N2_s2
single,land,0.002099023672524301,0.008987266207279675,3684744,0.944863865729728,0.9598298490265249,242299,5500,8639,121621,2049,3041,7734.364883191884,297.6202876854903,dorian_s049,dorian,high,-6,B_N2_s2
single,active,0.00420144544602164,0.01741374993580742,4110456,0.9845774149386713,0.9868838510426095,568878,2951,5960,491781,2379,4157,17269.856642272323,1246.4492796994764,dorian_s059,dorian,mid,0,B_N2_s2
single,land,0.0012757601841983943,0.007437752092791315,3684744,0.957466573173436,0.9587555883123055,159760,2462,4635,98864,1707,2546,4700.849684163928,203.84061361424693,dorian_s059,dorian,mid,0,B_N2_s2
single,active,0.00428225683721325,0.01790069760837372,4110456,0.9843828255829763,0.987038893303994,571953,3059,6015,494315,2395,4096,17602.028310064226,1317.1338650495934,dorian_s063,dorian,high,6,B_N2_s2
single,land,0.0013279294563241343,0.0076813457372804424,3684744,0.9572599186464659,0.9592056386322507,162380,2576,4674,100707,1743,2540,4893.080096613616,217.41121677030227,dorian_s063,dorian,high,6,B_N2_s2
single,active,0.0046622641692180364,0.018002597310941993,4110456,0.9797964686100478,0.9860848187815549,602518,4677,7747,500583,2552,4512,19164.031727947295,1332.172112493669,dorian_s068,dorian,high,0,B_N2_s2
single,land,0.0017059881478526195,0.008362251886689862,3684744,0.948103772844929,0.9578237105876907,193398,4235,6351,107600,1929,2809,6286.129591871053,257.66403925391757,dorian_s068,dorian,high,0,B_N2_s2
single,active,0.006901704168827088,0.022852421993420684,4110456,0.9741678381932792,0.9839984837818812,1031106,13869,13473,763203,7646,4765,28369.15131098032,2146.6165532027812,irma_s005,irma,low,0,B_N3_s0
single,land,0.004416555121278089,0.013187560296797742,3684744,0.9589860549777002,0.9705383142905173,614314,13592,12681,357952,7106,3760,16273.874983798712,640.8202647463517,irma_s005,irma,low,0,B_N3_s0
single,active,0.0069055889430914945,0.022824003768370044,4110456,0.9734084527544427,0.9841537309812166,1016437,13440,14327,754592,7198,4952,28385.119504664093,2141.281004783819,irma_s006,irma,low,6,B_N3_s0
single,land,0.0044114143476735685,0.013319096333979437,3684744,0.9573947759514342,0.9704014799260037,599759,13150,13540,349362,6672,3984,16254.932549104095,653.6674215900919,irma_s006,irma,low,6,B_N3_s0
single,active,0.008113910615107063,0.02465890246947201,4110456,0.9693354777095182,0.9810104750581717,1130693,16082,19687,827603,10525,5495,33351.87257133052,2499.4099218363895,irma_s024,irma,mid,6,B_N3_s0
single,land,0.00568476637320058,0.01561756700041171,3684744,0.9536394024331264,0.9667170918425818,713801,15781,18920,421769,10001,4520,20946.908785052598,898.7400098103582,irma_s024,irma,mid,6,B_N3_s0
single,active,0.007940399122831244,0.023638444038712434,4110456,0.9726949870355116,0.9803302553714685,1118287,14700,16692,818863,11301,5129,32638.661216836423,2296.824312180882,irma_s037,irma,low,-6,B_N3_s0
single,land,0.005286293918670724,0.014873322857610744,3684744,0.958424025385561,0.9646695911234137,700123,14495,15876,411229,10912,4149,19478.639799058437,815.1233442388826,irma_s037,irma,low,-6,B_N3_s0
single,active,0.007883368237419287,0.024358575702026625,4110456,0.9725362357555316,0.9809882200910565,1110402,15809,15548,819856,10922,4967,32404.23827170953,2438.898827186763,irma_s041,irma,mid,0,B_N3_s0
single,land,0.0053338373744345885,0.01488032635869017,3684744,0.9579593673208043,0.9657823624785582,691958,15571,14796,411008,10525,4037,19653.825262423605,815.8911701412515,irma_s041,irma,mid,0,B_N3_s0
single,active,0.008538072170065079,0.02412990673234648,4110456,0.9707382583821181,0.9807999228414552,1167371,16435,18754,854212,11317,5405,35095.369979877025,2393.3228666211558,irma_s046,irma,mid,-6,B_N3_s0
single,land,0.00591030293380992,0.0159836751005485,3684744,0.9563767429449114,0.9667859510183215,749062,16218,17949,446309,10904,4429,21777.9532735385,941.3705475831614,irma_s046,irma,mid,-6,B_N3_s0
single,active,0.008561960555534723,0.025244261293539398,4110456,0.9708794702205488,0.9808661870536267,1175803,16626,18641,863995,11526,5328,35193.56213726103,2619.4815094982646,irma_s049,irma,high,-6,B_N3_s0
single,land,0.006026904814802779,0.01603215730717144,3684744,0.9566839048291703,0.9669650582150502,757178,16408,17875,454871,11132,4408,22207.60135491565,947.0900005947786,irma_s049,irma,high,-6,B_N3_s0
single,active,0.007867418813656957,0.025021544110201573,4110456,0.9741701131836482,0.9821093405827236,1064426,14720,13503,795869,9583,4915,32338.67886710912,2573.46471371488,irma_s059,irma,mid,0,B_N3_s0
single,land,0.00510107398920573,0.015060019983702664,3684744,0.9593588106991844,0.9667665362999306,644810,14505,12811,384630,9195,4027,18796.151775281876,835.7154221609055,irma_s059,irma,mid,0,B_N3_s0
single,active,0.008047040312642315,0.025706192003063948,4110456,0.9730585845184294,0.9822828278107332,1056114,14107,15134,798648,9194,5211,33077.00513534248,2716.2234715845066,irma_s063,irma,high,6,B_N3_s0
single,land,0.005261267855616856,0.01559039272291959,3684744,0.9572521908647034,0.9670011259852371,636387,13893,14526,386462,8805,4383,19386.425163377076,895.6151488157891,irma_s063,irma,high,6,B_N3_s0
single,active,0.00844787717414251,0.025514752312023315,4110456,0.9725532249507024,0.9805929805789633,1125495,16224,15539,839468,11470,5144,34724.62741771713,2675.917483764433,irma_s068,irma,high,0,B_N3_s0
single,land,0.005752851655412582,0.01604672539381325,3684744,0.9580657947964716,0.9653448151422745,705763,16010,14881,428003,11071,4294,21197.785620171577,948.8119844271606,irma_s068,irma,high,0,B_N3_s0
single,active,0.005739786980965509,0.018943094744900642,4110456,0.9749798486409028,0.9850039018204431,870891,10726,11623,646265,5758,4081,23593.141834631562,1474.999477716063,matthew_s005,matthew,low,0,B_N3_s0
single,land,0.003363364751761138,0.011348871154109104,3684744,0.9553173283323837,0.9669054087428994,454390,10458,10795,242730,5185,3123,12393.138088863343,474.5835178010424,matthew_s005,matthew,low,0,B_N3_s0
single,active,0.005711151139920354,0.01906764473324799,4110456,0.9750822728202129,0.9856099283749288,853627,9808,12006,636294,4925,4365,23475.43546999246,1494.4593512520157,matthew_s006,matthew,low,6,B_N3_s0
single,land,0.0032891538937372482,0.011337962770388605,3684744,0.9547301827171062,0.9676344716583278,437191,9576,11154,232659,4376,3406,12119.690075024962,473.67162955297175,matthew_s006,matthew,low,6,B_N3_s0
single,active,0.007090464886259969,0.020675447572135602,4110456,0.9679717937451714,0.9827649051148301,993564,14328,18547,719892,7781,4844,29145.04393451661,1757.1136119907385,matthew_s024,matthew,mid,6,B_N3_s0
single,land,0.004773975244483671,0.013704041915588121,3684744,0.9476724313594026,0.9658169940648546,576689,14094,17749,315205,7234,3922,17590.87663825974,691.9977413813677,matthew_s024,matthew,mid,6,B_N3_s0
single,active,0.006822222558560263,0.020207635827497454,4110456,0.9720396736649705,0.9829874985650955,975331,12641,15414,719307,7900,4549,28042.445649169385,1678.4987299149343,matthew_s037,matthew,low,-6,B_N3_s0
single,land,0.0043535085247835,0.012973965771272713,3684744,0.9535432382838668,0.9655857007252626,556546,12470,14645,311272,7454,3640,16041.564415644854,620.2300672791791,matthew_s037,matthew,low,-6,B_N3_s0
single,active,0.006730166771494799,0.02015392770974004,4110456,0.9717092453234993,0.9831321936029822,960177,13574,14381,711013,7942,4257,27664.054386891425,1669.5883151977177,matthew_s041,matthew,mid,0,B_N3_s0
single,land,0.004324695861824481,0.012985076725091714,3684744,0.9523527332642844,0.9652058856350333,541583,13394,13702,302732,7471,3442,15935.397128682584,621.2928569680764,matthew_s041,matthew,mid,0,B_N3_s0
single,active,0.007482777134931185,0.02114940262405818,4110456,0.9687921139052965,0.9826088309586668,1041654,14959,18596,757784,8646,4766,30757.626170940697,1838.5955884045711,matthew_s046,matthew,mid,-6,B_N3_s0
single,land,0.0050399946812194,0.014110206515173522,3684744,0.950192342612472,0.9666027604179634,622700,14796,17845,349395,8223,3849,18571.0901616551,733.6248952450723,matthew_s046,matthew,mid,-6,B_N3_s0
single,active,0.007453915480953291,0.021239208077648612,4110456,0.9689668365451763,0.9827952649464519,1043430,15000,18418,759743,8794,4506,30638.991612177342,1854.2429780424914,matthew_s049,matthew,high,-6,B_N3_s0
single,land,0.0050595317828754805,0.01407492610543636,3684744,0.9504681599503388,0.9669034051807196,624699,14817,17738,351247,8343,3680,18643.07937975973,729.9608483513376,matthew_s049,matthew,high,-6,B_N3_s0
single,active,0.006334692960883044,0.020105703692455342,4110456,0.9756062188502811,0.9843331888455426,901426,11514,11025,681257,6500,4343,26038.476689219475,1661.607942312181,matthew_s059,matthew,mid,0,B_N3_s0
single,land,0.0037189817670161764,0.012215694628432998,3684744,0.956708890429435,0.9657660105390352,481635,11352,10442,270146,6076,3500,13703.495752122253,549.8492733771568,matthew_s059,matthew,mid,0,B_N3_s0
single,active,0.0063043278299527595,0.020439895333028556,4110456,0.9752841441501031,0.9854459633654399,884690,10530,11890,673506,5374,4573,25913.6621545963,1717.304622165897,matthew_s063,matthew,high,6,B_N3_s0
single,land,0.0036847412052292946,0.012431430483670357,3684744,0.955572482409873,0.9677793026104151,465424,10335,11304,262334,4950,3784,13577.328047521412,569.4420470034102,matthew_s063,matthew,high,6,B_N3_s0
single,active,0.007094501392363254,0.02100913216797599,4110456,0.9714720793959145,0.9829670381519472,974165,14433,14174,729162,8219,4416,29161.635815247893,1814.288008532907,matthew_s068,matthew,high,0,B_N3_s0
single,land,0.004547708192050483,0.013550296481258014,3684744,0.9521055190315283,0.9654035492889267,554233,14265,13615,317695,7807,3578,16757.140474408865,676.5578161831345,matthew_s068,matthew,high,0,B_N3_s0
single,active,0.003933971369599419,0.02008810963079194,4110456,0.9861856128513149,0.9885128510717112,558899,3397,4432,491023,2668,3038,16170.416219998151,1658.7011411538558,ian_s005,ian,low,0,B_N3_s0
single,land,0.0011220887466340328,0.007477759396204152,3684744,0.9584843923826974,0.9600913953154778,146466,2820,3524,93703,1878,2017,4134.609776627272,206.0394086672989,ian_s005,ian,low,0,B_N3_s0
single,active,0.003947970138691428,0.020113775738121044,4110456,0.9862617178945584,0.9885272048428607,558449,3376,4403,490869,2632,3065,16227.957544405013,1662.9424161348302,ian_s006,ian,low,6,B_N3_s0
single,land,0.0011259567744801148,0.007505449135381387,3684744,0.9586662377479139,0.9602422003284072,146025,2799,3497,93566,1839,2035,4148.862469024956,207.5681394449114,ian_s006,ian,low,6,B_N3_s0
single,active,0.004261865734275842,0.020356477991421647,4110456,0.9825153013864322,0.987863748355648,593790,5069,5498,502387,3009,3163,17518.211578648537,1703.3162265500855,ian_s024,ian,mid,6,B_N3_s0
single,land,0.0014694348394560049,0.008177827572536189,3684744,0.952286428466402,0.9599396488661303,181342,4493,4593,104979,2235,2146,5414.491208076477,246.42412264846618,ian_s024,ian,mid,6,B_N3_s0
single,active,0.004109899401204951,0.019441294705262714,4110456,0.9848089772345622,0.9887841590659915,583520,4151,4850,505948,2716,3023,16893.5606530793,1553.6041442039173,ian_s037,ian,low,-6,B_N3_s0
single,land,0.0012931480772593244,0.007514202294174722,3684744,0.95660033111464,0.9631154993090406,169875,3704,4003,105935,1983,2074,4764.919618792832,208.05257050557557,ian_s037,ian,low,-6,B_N3_s0
single,active,0.004207693946691525,0.02004591588804811,4110456,0.9848214255741271,0.9884345760411112,586731,4248,4795,509711,2890,3074,17295.54082934186,1651.7404754469446,ian_s041,ian,mid,0,B_N3_s0
single,land,0.0013682860614710876,0.008071760451711783,3684744,0.9570628603712135,0.9618761083809036,172791,3748,4004,109020,2154,2167,5041.783855289221,240.0732931213827,ian_s041,ian,mid,0,B_N3_s0
single,active,0.00429819920176899,0.01961891961525061,4110456,0.9824389563592902,0.9881958946426337,605820,5338,5491,513432,3057,3076,17667.558698106557,1582.122763549456,ian_s046,ian,mid,-6,B_N3_s0
single,land,0.0014983481764759589,0.007908797982053763,3684744,0.9527171407181918,0.9622438155047311,192164,4894,4643,113386,2324,2125,5521.02945318073,230.47736757876197,ian_s046,ian,mid,-6,B_N3_s0
single,active,0.004409024566405519,0.020243925618603213,4110456,0.9822606915465484,0.9878875432724052,610310,5488,5534,517659,3210,3137,18123.101483128965,1684.5327918309772,ian_s049,ian,high,-6,B_N3_s0
single,land,0.0015817052299010193,0.00847771962460811,3684744,0.9527781416946882,0.9613051198579461,196359,4998,4734,116937,2467,2240,5828.178855646402,264.8289260104317,ian_s049,ian,high,-6,B_N3_s0
single,active,0.004322159376908683,0.02036493150910285,4110456,0.9868030754513203,0.9887714928107372,583845,3655,4153,517611,2861,3017,17766.045943770558,1704.7312064510788,ian_s059,ian,mid,0,B_N3_s0
single,land,0.0013438305226465114,0.008250273277672407,3684744,0.9621526768876658,0.9631907518341523,168878,3262,3381,114481,2173,2202,4951.671455338597,250.80950358653084,ian_s059,ian,mid,0,B_N3_s0
single,active,0.004435101589700055,0.020910833617305377,4110456,0.9863849655186273,0.9883877998115713,589004,3761,4369,522444,3002,3136,18230.28993999213,1797.3501680762163,ian_s063,ian,high,6,B_N3_s0
single,land,0.00146074693448223,0.009062169705078147,3684744,0.961212141324307,0.9626525690062611,173791,3377,3636,118542,2287,2312,5382.478502351791,302.60193586153974,ian_s063,ian,high,6,B_N3_s0
single,active,0.004456049230844416,0.020441567935466816,4110456,0.9850787068981133,0.9886300861918924,598192,4486,4575,522578,2959,3051,18316.394297219813,1717.5856887148989,ian_s068,ian,high,0,B_N3_s0
single,land,0.0014985288934288611,0.008502137161109155,3684744,0.9586882809720159,0.9637280613274157,183213,4085,3810,119430,2264,2231,5521.695348888636,266.35664398666995,ian_s068,ian,high,0,B_N3_s0
single,active,0.0042264984403182024,0.017995836433169203,4110456,0.9811263370339293,0.9867569474265383,629057,6437,5664,514724,3803,3105,17372.8358729966,1331.1717055585436,milton_s005,milton,low,0,B_N3_s0
single,land,0.00168410362671742,0.008207866977329645,3684744,0.9503312596851349,0.9531892162015457,211577,6116,4942,110630,3230,2203,6205.490733925253,248.23781448556807,milton_s005,milton,low,0,B_N3_s0
single,active,0.004228896071843139,0.018045426869694164,4110456,0.9809683844248662,0.987235512565852,626983,6631,5533,514404,3578,3073,17382.691231884062,1338.518331706458,milton_s006,milton,low,6,B_N3_s0
single,land,0.0016784632507153713,0.008207489390705534,3684744,0.9496355922984879,0.9550660030296473,209520,6309,4803,110334,3019,2172,6184.70739229396,248.21497563531702,milton_s006,milton,low,6,B_N3_s0
single,active,0.005494855121437287,0.019092885745728018,4110456,0.9769335562218787,0.985852044878986,852651,9207,10925,617797,4902,3964,22586.360203042626,1498.4185853270944,milton_s024,milton,mid,6,B_N3_s0
single,land,0.003049405814124883,0.010392116067364166,3684744,0.9580072600155415,0.9667880487639382,435193,8957,10119,213723,4400,2942,11236.279777161777,397.9378943820922,milton_s024,milton,mid,6,B_N3_s0
single,active,0.005193690631175995,0.01885244754174896,4110456,0.9759740113812572,0.9859613799757452,781722,9973,9271,588615,4526,3855,21348.436817061156,1460.9168080110805,milton_s037,milton,low,-6,B_N3_s0
single,land,0.002644104395196664,0.009696175160346238,3684744,0.9519786746627944,0.9630419934026252,363197,9757,8564,181883,4099,2881,9742.847805574536,346.42420189926366,milton_s037,milton,low,-6,B_N3_s0
single,active,0.005234893754836128,0.019024299287536024,4110456,0.9760509448724122,0.9856027672603188,778467,9921,9180,590380,4709,3915,21517.80044392869,1487.6725268262687,milton_s041,milton,mid,0,B_N3_s0
single,land,0.0026882790631661798,0.010008870262596857,3684744,0.9517620515427881,0.9616271843433013,359412,9700,8516,182588,4267,3019,9905.620148327202,369.12838285904456,milton_s041,milton,mid,0,B_N3_s0
single,active,0.005693533261440312,0.01945252635450198,4110456,0.9763703077492193,0.9857529366915513,878910,10191,11080,638692,5286,3945,23403.017955686897,1555.399763019759,milton_s046,milton,mid,-6,B_N3_s0
single,land,0.003180516357086861,0.010526080981696058,3684744,0.9577217201724166,0.9673827799098949,460373,9962,10361,231901,4846,2973,11719.388563677669,408.26366898493507,milton_s046,milton,mid,-6,B_N3_s0
single,active,0.005754561200236264,0.01958391743074665,4110456,0.9765370211459475,0.9853345021670851,884224,10325,10920,644057,5491,4095,23653.870612878352,1576.482457748785,milton_s049,milton,high,-6,B_N3_s0
single,land,0.0032498921295666793,0.010796187004743264,3684744,0.9580883958327325,0.966334332925587,465150,10097,10251,236204,5049,3180,11975.020525068045,429.4851156461289,milton_s049,milton,high,-6,B_N3_s0
single,active,0.004656675181911292,0.0190210937868895,4110456,0.9811340233950678,0.9873331686729394,655737,7006,5603,547651,3833,3193,19141.058441538364,1487.1712380880817,milton_s059,milton,mid,0,B_N3_s0
single,land,0.0019560855313813744,0.009166186663702421,3684744,0.9520219993529602,0.9590906541007517,235416,6791,5073,136774,3413,2421,7207.674425244331,309.5884249015299,milton_s059,milton,mid,0,B_N3_s0
single,active,0.004733717479398876,0.019064424577978703,4110456,0.9807422022410478,0.9877542500637799,660116,7650,5312,553657,3753,3111,19457.737415499985,1493.9546234933193,milton_s063,milton,high,6,B_N3_s0
single,land,0.002051351440584278,0.009658115881258837,3684744,0.951066095539326,0.9610344710707386,239351,7455,4860,141767,3345,2403,7558.704912584275,343.70998127910383,milton_s063,milton,high,6,B_N3_s0
single,active,0.005539712248963969,0.01982190213259876,4110456,0.9759388867710141,0.9858707118855982,791058,10603,8900,605577,4977,3702,22770.74345202744,1615.0302410329632,milton_s068,milton,high,0,B_N3_s0
single,land,0.0028725168337620697,0.010543527552780825,3684744,0.9518464508708512,0.9630131498909533,370748,10417,8339,194728,4604,2875,10584.489168103784,409.6181529601218,milton_s068,milton,high,0,B_N3_s0
single,active,0.0037053083658588107,0.016560111229199575,4110456,0.9847466441723602,0.9870736026053724,551014,3390,5145,471606,2874,3302,15230.507004294544,1127.240289126897,dorian_s005,dorian,low,0,B_N3_s0
single,land,0.001079640078985678,0.0069105031425730256,3684744,0.9565025173376268,0.9545640280583869,144957,2683,3909,84099,1980,2023,3978.1973032020032,175.9651475299975,dorian_s005,dorian,low,0,B_N3_s0
single,active,0.0037271207337820095,0.0166060333417778,4110456,0.9844454600309198,0.9873621795006009,551445,3466,5247,471578,2793,3243,15320.165782898664,1133.5007578778163,dorian_s006,dorian,low,6,B_N3_s0
single,land,0.001102079362092749,0.006967593578183253,3684744,0.9554692326905128,0.9560187028588981,145367,2760,4015,84035,1903,1963,4060.8803169950843,178.88459447344948,dorian_s006,dorian,low,6,B_N3_s0
single,active,0.004795963910588927,0.017900181071311982,4110456,0.9741658272990613,0.9858843104363191,654769,6843,10521,507201,3268,3994,19713.598632063717,1317.057852521424,dorian_s024,dorian,mid,6,B_N3_s0
single,land,0.0022104874979903704,0.0092434430225725,3684744,0.941695115620844,0.9591462679368142,248535,6183,9205,119313,2428,2654,8145.08054529503,314.8290924318791,dorian_s024,dorian,mid,6,B_N3_s0
single,active,0.004240921306177778,0.016911089422677297,4110456,0.9805583028017508,0.9859869533703793,593882,4909,6866,489720,3091,3869,17432.120428506285,1175.5285349830788,dorian_s037,dorian,low,-6,B_N3_s0
single,land,0.001565339401671243,0.007888429911304996,3684744,0.9495595498752483,0.9549097238160814,186484,4282,5624,99853,2321,2394,5767.8749682717025,229.29176783005522,dorian_s037,dorian,low,-6,B_N3_s0
single,active,0.00429177797122847,0.01732884339291593,4110456,0.9807535550810681,0.9858588453464242,594370,4815,6849,491216,3164,3882,17641.164512503892,1234.323954510688,dorian_s041,dorian,mid,0,B_N3_s0
single,land,0.0015744753402757814,0.008039003331442968,3684744,0.9496782936061172,0.9545032409688791,186419,4224,5654,100723,2378,2423,5801.538563229144,238.12869811738682,dorian_s041,dorian,mid,0,B_N3_s0
single,active,0.004733815490483048,0.017605235764024126,4110456,0.976676499034339,0.9854581550203161,648312,6248,9234,510286,3378,4152,19458.14028574899,1274.012515734049,dorian_s046,dorian,mid,-6,B_N3_s0
single,land,0.002075369543135407,0.008912251358624184,3684744,0.9464969955158713,0.9581013817544698,240839,5614,8000,120304,2615,2646,7647.205471850932,292.67267284379983,dorian_s046,dorian,mid,-6,B_N3_s0
single,active,0.004817395836068945,0.018066232539524586,4110456,0.9767260069467888,0.9854980514748999,650983,6381,9131,512594,3412,4131,19801.69361874461,1341.606629361374,dorian_s049,dorian,high,-6,B_N3_s0
single,land,0.002105644416558874,0.00907244188771623,3684744,0.9465645584116609,0.9585640783944072,243003,5783,7935,122030,2643,2632,7758.760630048811,303.2883374994035,dorian_s049,dorian,high,-6,B_N3_s0
single,active,0.004106511306848566,0.017353760816024324,4110456,0.9847750146992702,0.986706008755753,569456,3422,5382,492240,2934,3698,16879.63404030353,1237.8762152042943,dorian_s059,dorian,mid,0,B_N3_s0
single,land,0.0012573336774120846,0.007607380047596215,3684744,0.9579590176680981,0.9572261702456357,160165,2799,4230,99138,2158,2272,4632.952723842114,213.2443566386777,dorian_s059,dorian,mid,0,B_N3_s0
single,active,0.004189069578949802,0.017810329337471727,4110456,0.984831366965362,0.9868598463391867,572708,3561,5260,494776,2953,3635,17218.98618521169,1303.868832629823,dorian_s063,dorian,high,6,B_N3_s0
single,land,0.00131868878865575,0.007858615867153782,3684744,0.9583325980954398,0.957793778637903,162929,2959,4125,100962,2164,2285,4859.030601866543,227.5618427275713,dorian_s063,dorian,high,6,B_N3_s0
single,active,0.004523097053226648,0.017812885537642067,4110456,0.9805838338923993,0.9857521159347297,603365,5047,6900,501044,3191,4051,18591.991421017796,1304.2431310324137,dorian_s068,dorian,high,0,B_N3_s0
single,land,0.0016805881310461316,0.008447089255138344,3684744,0.9500829991332834,0.9556827444448383,194025,4470,5724,107866,2459,2543,6192.537032343447,262.918706269426,dorian_s068,dorian,high,0,B_N3_s0
single,active,0.007229635315643667,0.023460923368303167,4110456,0.9745117564073533,0.9847345504347714,1028565,10888,16014,762155,6002,5813,29717.097860999405,2262.4563321617816,irma_s005,irma,low,0,B_N3_s1
single,land,0.004275369737985992,0.013003094781143842,3684744,0.9595473265227388,0.972072545490684,611840,10639,15155,357016,5561,4696,15753.642989825457,623.0182616737916,irma_s005,irma,low,0,B_N3_s1
single,active,0.00722604568476567,0.023383646627653704,4110456,0.9738857888565923,0.9850344137890464,1014192,10623,16572,753507,5411,6037,29702.342841219157,2247.5764991725905,irma_s006,irma,low,6,B_N3_s1
single,land,0.004266351178145447,0.013081198394783463,3684744,0.9581574259505412,0.9722796647773415,597575,10372,15724,348396,4983,4950,15720.411905564368,630.5251079256113,irma_s006,irma,low,6,B_N3_s1
single,active,0.008357649052412732,0.024920662508458636,4110456,0.9698140060124477,0.9821993473450539,1128462,13206,21918,826507,8388,6591,34353.74869338423,2552.7552096020945,irma_s024,irma,mid,6,B_N3_s1
single,land,0.005465372661893909,0.015084690062476497,3684744,0.9543271648564451,0.9690003707703964,711616,12952,21105,420770,7942,5519,20138.49912367761,838.4556644695851,irma_s024,irma,mid,6,B_N3_s1
single,active,0.008173702760098595,0.024126617127879984,4110456,0.9729268569136739,0.9815981106081481,1115879,11951,19100,817950,9292,6042,33597.64555246383,2392.6703527913714,irma_s037,irma,low,-6,B_N3_s1
single,land,0.0051016904090650005,0.014528619756638255,3684744,0.9587602659635132,0.9671077281992672,697756,11770,18243,410397,8977,4981,18798.423124659806,777.7786819587689,irma_s037,irma,low,-6,B_N3_s1
single,active,0.008135817788142685,0.024826753026785706,4110456,0.972724774806014,0.982608570444649,1108059,13179,17891,818905,8576,5918,33441.921042177826,2533.5521703115132,irma_s041,irma,mid,0,B_N3_s1
single,land,0.005128272183255628,0.014524814265082354,3684744,0.9582367105122387,0.9689576723451604,689665,12969,17089,410153,8248,4892,18896.370157618076,777.371287089755,irma_s041,irma,mid,0,B_N3_s1
single,active,0.008746402157844084,0.02455681079272723,4110456,0.971072709585942,0.9820524625637366,1164960,13538,21165,853217,9193,6400,35951.70122812316,2478.7568752853736,irma_s046,irma,mid,-6,B_N3_s1
single,land,0.005698647193405685,0.015563283264550927,3684744,0.9568596545184274,0.9691037699927981,746695,13349,20316,445403,8865,5335,20998.056054018438,892.5031640680098,irma_s046,irma,mid,-6,B_N3_s1
single,active,0.008802318657654804,0.025739005142754064,4110456,0.9713793982661907,0.9822297847155433,1173403,13532,21041,862992,9282,6331,36181.54354026914,2723.1622437380365,irma_s049,irma,high,-6,B_N3_s1
single,land,0.0057982907764766506,0.01559668448878863,3684744,0.9574310748967518,0.9695240454640589,754831,13339,20222,453968,8959,5311,21365.21714887768,896.3381758716282,irma_s049,irma,high,-6,B_N3_s1
single,active,0.008123477772665125,0.025472886979088352,4110456,0.9745098057195675,0.9834350317714828,1062739,12608,15190,794883,7488,5901,33391.197951518,2667.143244807869,irma_s059,irma,mid,0,B_N3_s1
single,land,0.0049199264780375885,0.01473967489015091,3684744,0.9598287307329537,0.9694029134307846,643139,12435,14482,383711,7165,4946,18128.669570390135,800.5401704191053,irma_s059,irma,mid,0,B_N3_s1
single,active,0.008282076643447853,0.02606173931341861,4110456,0.9733665424860908,0.9834526678226039,1054776,12389,16472,797468,7027,6391,34043.11163152009,2791.880314027576,irma_s063,irma,high,6,B_N3_s1
single,land,0.005036347860400788,0.015108522402335303,3684744,0.9576954397394137,0.9693161408469128,635067,12207,15846,385340,6693,5505,18557.652560524642,841.1071137681921,irma_s063,irma,high,6,B_N3_s1
single,active,0.00864787875713043,0.02586850837923309,4110456,0.9728308766875191,0.9818836208865407,1123715,14064,17319,838345,9201,6267,35546.72512451932,2750.63381885507,irma_s068,irma,high,0,B_N3_s1
single,land,0.0055082527814919475,0.015591300216795051,3684744,0.9584617039264725,0.9677578027069482,704016,13883,16628,426937,8864,5360,20296.501387085766,895.7194167366428,irma_s068,irma,high,0,B_N3_s1
single,active,0.006057090052495504,0.019421306072835813,4110456,0.9751468061933687,0.9852229532721694,868495,8116,14019,645390,4724,4956,24897.40214882046,1550.4110998833876,matthew_s005,matthew,low,0,B_N3_s1
single,land,0.003287498013604716,0.011231251914091757,3684744,0.9555515626816611,0.9675737278816355,452038,7880,13147,241966,4222,3887,12113.588580641896,464.79736496944844,matthew_s005,matthew,low,0,B_N3_s1
single,active,0.006037714036431391,0.019571316300256384,4110456,0.9749064373829036,0.9858623530269581,851300,7579,14333,635478,3932,5181,24817.75788733363,1574.4543578967464,matthew_s006,matthew,low,6,B_N3_s1
single,land,0.003223507382249172,0.011234820690804972,3684744,0.9543412763025365,0.9684519932528349,434900,7362,13445,231952,3443,4113,11877.799485698342,465.09279446631365,matthew_s006,matthew,low,6,B_N3_s1
single,active,0.007345599666576264,0.020914521601962322,4110456,0.967719719164292,0.9835095686907515,990615,11548,21496,718975,6294,5761,30193.764223076403,1797.9842111275896,matthew_s024,matthew,mid,6,B_N3_s1
single,land,0.004663252882361173,0.013447828625442247,3684744,0.9471766698471707,0.9675708781130357,573775,11336,20663,314387,5797,4740,17182.893078763038,666.3641930259342,matthew_s024,matthew,mid,6,B_N3_s1
single,active,0.00714128101088559,0.020777953584942836,4110456,0.9716556233165219,0.9835640517364115,972534,10159,18211,718466,6616,5390,29353.92137888074,1774.579855631701,matthew_s037,matthew,low,-6,B_N3_s1
single,land,0.00427015015649943,0.01283458025320435,3684744,0.9528028217481074,0.9668902423834791,553769,10009,17422,310511,6232,4401,15734.410168260336,606.9747992955794,matthew_s037,matthew,low,-6,B_N3_s1
single,active,0.0069937915190350025,0.020469795964642733,4110456,0.9716836302424146,0.983730738598982,957636,10985,16922,710229,6705,5041,28747.67231216654,1722.3326372095235,matthew_s041,matthew,mid,0,B_N3_s1
single,land,0.004222146703665966,0.012795672984135824,3684744,0.9522346719048368,0.9665620129360972,539061,10816,16224,302011,6285,4163,15557.529733452946,603.3003609386744,matthew_s041,matthew,mid,0,B_N3_s1
single,active,0.007782895702058841,0.02164956225580821,4110456,0.9684498930362595,0.9833085846204612,1038494,12076,21756,756889,7187,5661,31991.250335901976,1926.5853023348704,matthew_s046,matthew,mid,-6,B_N3_s1
single,land,0.0049332402185519805,0.01389949012544693,3684744,0.9495510214090526,0.9680639221469576,619564,11936,20981,348564,6819,4680,18177.7272958681,711.8771597477654,matthew_s046,matthew,mid,-6,B_N3_s1
single,active,0.007701524328439594,0.021579450055466062,4110456,0.9686749209400038,0.9835778745199791,1040229,12020,21619,758910,7332,5339,31656.7768849805,1914.1269986371174,matthew_s049,matthew,high,-6,B_N3_s1
single,land,0.004938213327887852,0.01383295185221765,3684744,0.9498976770630031,0.9686252076130784,621519,11864,20918,350498,6924,4429,18196.051930654794,705.0778166025907,matthew_s049,matthew,high,-6,B_N3_s1
single,active,0.006620039327121206,0.020519237297510602,4110456,0.9757177361715604,0.9847853613006389,899642,9580,12809,680531,5445,5069,27211.380372401327,1730.6626918353393,matthew_s059,matthew,mid,0,B_N3_s1
single,land,0.003632295496914347,0.012109410620115462,3684744,0.956836096006636,0.9670021709098086,479860,9430,12217,269489,5039,4157,13384.07903848216,540.3228479294474,matthew_s059,matthew,mid,0,B_N3_s1
single,active,0.006571742283344175,0.020732392690135933,4110456,0.9753912863881706,0.9857676223298724,883130,8831,13450,672745,4379,5334,27012.857499025762,1766.8059618050236,matthew_s063,matthew,high,6,B_N3_s1
single,land,0.0036059295918117146,0.012305250138619692,3684744,0.9556758739047219,0.9685975135687471,463865,8651,12863,261624,3988,4494,13286.927427850664,557.9409185788605,matthew_s063,matthew,high,6,B_N3_s1
single,active,0.007337581597850177,0.021274661160357942,4110456,0.9716981603604306,0.9836525360444971,972047,12020,16292,728437,6965,5141,30160.806304372847,1860.43845348647,matthew_s068,matthew,high,0,B_N3_s1
single,land,0.004433236666115668,0.0133389655528056,3684744,0.9524005844271217,0.9669299984749123,552119,11865,15729,317008,6577,4265,16335.34220604971,655.6191378712565,matthew_s068,matthew,high,0,B_N3_s1
single,active,0.004268512470333458,0.02063466691951216,4110456,0.9863627047007852,0.9883897387943144,558230,2617,5101,490438,2138,3623,17545.532694756985,1750.18891819592,ian_s005,ian,low,0,B_N3_s1
single,land,0.0011066331738923514,0.007442242979029864,3684744,0.9593301907260212,0.959866220735786,145917,2113,4073,93275,1455,2445,4077.6599477007985,204.08684429259455,ian_s005,ian,low,0,B_N3_s1
single,active,0.0042793344338534645,0.02064862000801567,4110456,0.9864092950871857,0.9883721867868691,557775,2608,5077,490284,2118,3650,17590.015899639577,1752.5566615193525,ian_s006,ian,low,6,B_N3_s1
single,land,0.0011086741964082786,0.007467164021716194,3684744,0.9594201560408107,0.9597596916798912,145474,2105,4048,93137,1441,2464,4085.1805931702256,205.4559402869161,ian_s006,ian,low,6,B_N3_s1
single,active,0.004606051759307989,0.020902281175622015,4110456,0.9828233230021209,0.987676389063878,592669,3739,6619,501708,2418,3842,18932.97309035808,1795.8802516403787,ian_s024,ian,mid,6,B_N3_s1
single,land,0.0014477038149600687,0.00814526173570761,3684744,0.9533632192171873,0.959675937832972,180342,3229,5593,104478,1743,2647,5334.417945951223,244.46540462470944,ian_s024,ian,mid,6,B_N3_s1
single,active,0.004419082349371289,0.01995695559609038,4110456,0.9848653363127132,0.9888002691847966,582668,3252,5702,505448,2202,3523,18164.44355746731,1637.1127308053274,ian_s037,ian,low,-6,B_N3_s1
single,land,0.0012718827149707094,0.007449026199603482,3684744,0.9567591115335438,0.9630457389939976,169111,2876,4767,105571,1613,2438,4686.562202692032,204.45904309718847,ian_s037,ian,low,-6,B_N3_s1
single,active,0.0045344653734499625,0.02059296427439163,4110456,0.9848868446623159,0.9884925826852969,585856,3320,5670,509218,2361,3567,18638.72040108964,1743.121805963169,ian_s041,ian,mid,0,B_N3_s1
single,land,0.0013470725476191821,0.008029656120201331,3684744,0.9573352626892253,0.9622267281758857,172014,2885,4781,108671,1750,2516,4963.6174874044955,237.57526005439385,ian_s041,ian,mid,0,B_N3_s1
single,active,0.004614043594373173,0.020145938794562702,4110456,0.9826670762209838,0.9883011523490192,604638,3992,6673,512869,2432,3639,18965.823176752776,1668.2649447831964,ian_s046,ian,mid,-6,B_N3_s1
single,land,0.0014729108759824305,0.007845227450756598,3684744,0.9533001711329199,0.9625170415814588,191069,3622,5738,112961,1849,2550,5427.299512811005,226.78712679987538,ian_s046,ian,mid,-6,B_N3_s1
single,active,0.004735914039727253,0.02078857393674189,4110456,0.982417628500829,0.9880886416007154,609095,4152,6749,517132,2570,3664,19466.766280081123,1776.394421140793,ian_s049,ian,high,-6,B_N3_s1
single,land,0.0015554406433146133,0.00842851661626421,3684744,0.9531886223159621,0.9621884468367912,195234,3729,5859,116547,1950,2630,5731.400577809662,261.76381709967364,ian_s049,ian,high,-6,B_N3_s1
single,active,0.004624949882300078,0.02087254605353611,4110456,0.9869043368490876,0.9887997919797487,583220,2961,4778,517168,2398,3460,19010.65299339965,1790.7743271007246,ian_s059,ian,mid,0,B_N3_s1
single,land,0.0013204188419568043,0.008181306649458158,3684744,0.9626266553829967,0.9632707820041176,168348,2625,3911,114163,1833,2520,4865.405405387282,246.63383869745152,ian_s059,ian,mid,0,B_N3_s1
single,active,0.004758591987984407,0.02149233714688862,4110456,0.9865032073744463,0.9883957635447458,588388,3065,4985,521955,2503,3625,19559.982988562435,1898.704121079574,ian_s063,ian,high,6,B_N3_s1
single,land,0.0014346024056834828,0.009016075768025971,3684744,0.961607841613614,0.9628787878787879,173250,2740,4177,118203,1906,2651,5286.142606727779,299.5314478655859,ian_s063,ian,high,6,B_N3_s1
single,active,0.004758859117049217,0.020954075623438134,4110456,0.985361862993635,0.9887348107414119,597418,3526,5349,522138,2458,3491,19561.081010829657,1804.7914197247271,ian_s068,ian,high,0,B_N3_s1
single,land,0.0014700035954032008,0.00843511548587662,3684744,0.9596801329099283,0.9641171756744724,182535,3181,4488,119108,1880,2553,5416.586928140372,262.1738587630239,ian_s068,ian,high,0,B_N3_s1
single,active,0.00463983971880649,0.018809612577791828,4110456,0.9816974836972928,0.9871439573334563,627610,4590,7111,513995,2860,3834,19071.857011206448,1454.285602587976,milton_s005,milton,low,0,B_N3_s1
single,land,0.0016731876543169164,0.008176749951951508,3684744,0.9517929351246835,0.9553538106355833,210193,4320,6326,110073,2384,2760,6165.268170118332,246.35918261190028,milton_s005,milton,low,0,B_N3_s1
single,active,0.004641078961288759,0.018864192344971324,4110456,0.9817629990223172,0.9875349162682415,625600,4705,6916,513689,2696,3788,19076.950862903148,1462.7376352586766,milton_s006,milton,low,6,B_N3_s1
single,land,0.0016650375956538727,0.008174315411162826,3684744,0.9517055064407896,0.9567862496949413,208197,4439,6126,109774,2226,2732,6135.2372903600335,246.21250277102152,milton_s006,milton,low,6,B_N3_s1
single,active,0.005977436179997775,0.02003908558158124,4110456,0.9768105379683902,0.9861100231952542,849748,6345,13828,616870,3798,4891,24569.988410688937,1650.6150620054327,milton_s024,milton,mid,6,B_N3_s1
single,land,0.003007191067228996,0.01039824963628683,3684744,0.9577119111487182,0.9675990093385745,432360,6139,12952,212925,3390,3740,11080.72924182564,398.4077697716694,milton_s024,milton,mid,6,B_N3_s1
single,active,0.0056322692245829855,0.01964378597806956,4110456,0.9764190902984551,0.9862667051503212,779159,6983,11834,587740,3454,4730,23151.19482780248,1586.135886756915,milton_s037,milton,low,-6,B_N3_s1
single,land,0.0025970283037803233,0.009654187490062992,3684744,0.9528088819152224,0.964387236896739,360702,6806,11059,181164,3090,3600,9569.384460184723,343.4304334497292,milton_s037,milton,low,-6,B_N3_s1
single,active,0.00568781788150658,0.019884607469098564,4110456,0.9765165232425141,0.9859965811050858,776066,7082,11581,589482,3559,4813,23379.52513794601,1625.264495674611,milton_s041,milton,mid,0,B_N3_s1
single,land,0.0026400373922427505,0.009990850932086003,3684744,0.9526196714138595,0.9631330547124537,357059,6890,10869,181827,3180,3780,9727.861940842122,367.8004689710976,milton_s041,milton,mid,0,B_N3_s1
single,active,0.006125012027756971,0.020230556894445594,4110456,0.9763241069717057,0.9860476189740014,876040,7294,13950,637818,4206,4819,25176.592439565808,1682.3086561832451,milton_s046,milton,mid,-6,B_N3_s1
single,land,0.0031196255257615953,0.01047655907010661,3684744,0.9575741087591164,0.9684127622494805,457572,7111,13162,231164,3830,3710,11495.021438296884,404.4312003414338,milton_s046,milton,mid,-6,B_N3_s1
single,active,0.006205097205874657,0.020416726071573854,4110456,0.976602394714654,0.985661522428775,881453,7427,13691,643154,4358,4998,25505.77904047072,1713.4135915825068,milton_s049,milton,high,-6,B_N3_s1
single,land,0.003183244033566556,0.010758781102391972,3684744,0.9581559181559182,0.9675005547382868,462430,7224,12971,235449,3974,3935,11729.439353220165,426.51416908092557,milton_s049,milton,high,-6,B_N3_s1
single,active,0.005046802716924627,0.019701222053865954,4110456,0.9814733987583938,0.9877891346228498,654365,5377,6975,547088,3007,3756,20744.660508599132,1595.4247892052574,milton_s059,milton,mid,0,B_N3_s1
single,land,0.0019292076644099362,0.00908917511798134,3684744,0.9527815766337794,0.9609658089531194,234087,5199,6402,136313,2655,2882,7108.636366188526,304.4081404841378,milton_s059,milton,mid,0,B_N3_s1
single,active,0.005121096616004656,0.01986309020599791,4110456,0.9813771634543775,0.9880578454809558,658877,5952,6551,553014,2930,3754,21050.042311836034,1621.748980217672,milton_s063,milton,high,6,B_N3_s1
single,land,0.0020051160459000727,0.009583848826755732,3684744,0.952669917476369,0.9622237818464285,238157,5778,6054,141215,2589,2955,7388.339319434017,338.44431982065163,milton_s063,milton,high,6,B_N3_s1
single,active,0.005965888233853195,0.020611626719058074,4110456,0.9763319176221995,0.9865039440975553,788719,7881,11239,604794,3789,4485,24522.52108617127,1746.2826578389302,milton_s068,milton,high,0,B_N3_s1
single,land,0.0028098835252867815,0.010483003525579708,3684744,0.952568199209944,0.9650684556815978,368461,7721,10626,194055,3476,3548,10353.701460499316,404.9289096494047,milton_s068,milton,high,0,B_N3_s1
single,active,0.004044988943931934,0.017265840942207726,4110456,0.9845568414910487,0.9870141302024169,550066,2535,6093,470938,2226,3970,16626.74907451868,1225.3650105691736,dorian_s005,dorian,low,0,B_N3_s1
single,land,0.001062536830864523,0.0067974190966847,3684744,0.9559526572290554,0.9546870898154384,144172,1949,4694,83643,1491,2479,3915.1762123070657,170.25325153943137,dorian_s005,dorian,low,0,B_N3_s1
single,active,0.004059961123293138,0.017291936513406006,4110456,0.9842634148085898,0.9873111985172637,550469,2578,6223,470904,2135,3917,16688.29155900702,1229.0718401040415,dorian_s006,dorian,low,6,B_N3_s1
single,land,0.0010822076833946921,0.006845420928890121,3684744,0.9548694371230587,0.9563729977116705,144551,2001,4831,83587,1402,2411,3987.6582681424916,172.66632154558658,dorian_s006,dorian,low,6,B_N3_s1
single,active,0.005181962753222522,0.018643522544600586,4110456,0.9733354829752836,0.9859233905353785,652017,4589,13273,506388,2423,4807,21300.229890760034,1428.7161310053236,dorian_s024,dorian,mid,6,B_N3_s1
single,land,0.0022091148479007855,0.009185481446585849,3684744,0.9394247297452156,0.9598434809323233,245932,4050,11808,118724,1724,3243,8140.0226811133325,310.8931612537682,dorian_s024,dorian,mid,6,B_N3_s1
single,active,0.004611357954878857,0.01772900168725171,4110456,0.9802317711479175,0.9862093024193711,592357,3555,8391,489075,2325,4514,18954.78397377953,1291.9882571775963,dorian_s037,dorian,low,-6,B_N3_s1
single,land,0.001557634445169663,0.007807146013374291,3684744,0.9485759088253682,0.9559642558267042,185107,3034,7001,99383,1714,2864,5739.484176032245,224.59078030983656,dorian_s037,dorian,low,-6,B_N3_s1
single,active,0.004663283305861016,0.018121600962440112,4110456,0.9803462720926656,0.9859904673261675,592785,3450,8434,490478,2349,4620,19168.22084427625,1349.842599070429,dorian_s041,dorian,mid,0,B_N3_s1
single,land,0.00156940131746417,0.007965458233823258,3684744,0.948515085013434,0.955194706129143,184987,2955,7086,100177,1730,2969,5782.8420881181955,233.79157134120638,dorian_s041,dorian,mid,0,B_N3_s1
single,active,0.005120207865110309,0.018429461089350004,4110456,0.976070359609402,0.9857012426301047,646019,4311,11527,509576,2530,4862,21046.38914038986,1396.0959762767245,dorian_s046,dorian,mid,-6,B_N3_s1
single,land,0.002066285728584409,0.008842896754094044,3684744,0.9448779000953998,0.9590300467678903,238696,3782,10143,119756,1922,3194,7613.733940687031,288.1352743814553,dorian_s046,dorian,mid,-6,B_N3_s1
single,active,0.00519760889042545,0.018859169896008592,4110456,0.9761433984296235,0.9856623990879398,648700,4440,11414,511819,2539,4906,21364.54264930263,1461.9588532142436,dorian_s049,dorian,high,-6,B_N3_s1
single,land,0.0020945993256623816,0.009000124214306736,3684744,0.9450383895608643,0.9592236537565269,240878,3949,10060,121431,1931,3231,7718.062297638506,298.47250261943884,dorian_s049,dorian,high,-6,B_N3_s1
single,active,0.0043844918769008895,0.018020491456954495,4110456,0.9847913025857037,0.9867422189571214,568586,2529,6252,491593,2260,4345,18022.260942358524,1334.82172233843,dorian_s059,dorian,mid,0,B_N3_s1
single,land,0.0012220936993524107,0.007434241517223224,3684744,0.9578937249152828,0.9576167553088241,159428,2041,4967,98669,1626,2741,4503.102426126599,203.64823586623842,dorian_s059,dorian,mid,0,B_N3_s1
single,active,0.004457714095097877,0.01844995876188542,4110456,0.9847361377364633,0.9869735336237424,571725,2619,6243,494151,2262,4260,18323.23764847964,1399.2032437218816,dorian_s063,dorian,high,6,B_N3_s1
single,land,0.001280025551041597,0.007693381837629316,3684744,0.9581144096596316,0.9585617711839358,162112,2145,4942,100533,1632,2714,4716.566469047219,218.09308514712615,dorian_s063,dorian,high,6,B_N3_s1
single,active,0.004865759270545131,0.01859189626949252,4110456,0.9802373408700327,0.9859217925528352,601753,3620,8512,500377,2427,4718,20000.489388167858,1420.8144946655366,dorian_s068,dorian,high,0,B_N3_s1
single,land,0.0016650699917409616,0.008340947105320393,3684744,0.949104511448651,0.9568413268351791,192579,3157,7170,107393,1828,3016,6135.356661647558,256.3527936136333,dorian_s068,dorian,high,0,B_N3_s1
single,active,0.008093815392861485,0.02494234015022197,4110456,0.9729024216288099,0.9838631470742256,1027168,11198,17411,760905,5417,7063,33269.27204447985,2557.1982520876004,irma_s005,irma,low,0,B_N3_s2
single,land,0.004555886913110897,0.01354373603534325,3684744,0.9570919590136825,0.9705663402622688,610595,10974,16400,355929,5011,5783,16787.2769677639,675.9028568616152,irma_s005,irma,low,0,B_N3_s2
single,active,0.008129861689626136,0.024968499008511606,4110456,0.9725212578828916,0.9840099092783073,1012877,10732,17887,752311,4992,7233,33417.43876129389,2562.564906883254,irma_s006,irma,low,6,B_N3_s2
single,land,0.004583431355960937,0.013669745823449403,3684744,0.9560966460511509,0.9704010593599142,596415,10503,16884,347357,4606,5989,16888.771188288927,688.5384523249455,irma_s006,irma,low,6,B_N3_s2
single,active,0.009299615707491474,0.02637074644283235,4110456,0.9685480211226931,0.981019091470004,1126894,13108,23486,825195,8063,7903,38225.661182552576,2858.477971101544,irma_s024,irma,mid,6,B_N3_s2
single,land,0.005818124925697471,0.015683803608500784,3684744,0.9525198633039876,0.9669524138725659,710195,12875,22526,419609,7661,6680,21438.300911214203,906.3795770825507,irma_s024,irma,mid,6,B_N3_s2
single,active,0.00898384671245873,0.02555225443913171,4110456,0.9717474089007777,0.9810792115117175,1114879,12314,20100,816927,8690,7065,36927.70662230626,2683.789505924295,irma_s037,irma,low,-6,B_N3_s2
single,land,0.005341518408888063,0.014986192375204406,3684744,0.9570708353876177,0.9663790987861741,696894,12154,19105,409536,8406,5842,19682.127908039838,827.5417756197007,irma_s037,irma,low,-6,B_N3_s2
single,active,0.008964526989576588,0.026108130354330142,4110456,0.9715178680353631,0.9818768369287512,1106929,13431,19021,817817,8089,7006,36848.29375146702,2801.8284994792293,irma_s041,irma,mid,0,B_N3_s2
single,land,0.005374109060974984,0.014967582142256113,3684744,0.9564866539071593,0.9677031031603942,688657,13232,18097,409171,7782,5874,19802.216117773205,825.4877271575161,irma_s041,irma,mid,0,B_N3_s2
single,active,0.009571099867361616,0.02601753370219101,4110456,0.9700829339445718,0.9810585606071945,1163857,13625,22268,852068,8902,7549,39341.58487639576,2782.4172382718257,irma_s046,irma,mid,-6,B_N3_s2
single,land,0.005949096388052202,0.016007522204978347,3684744,0.9554933136186411,0.9674409491673016,745731,13456,21280,444394,8612,6344,21920.897221297026,944.1816292851051,irma_s046,irma,mid,-6,B_N3_s2
single,active,0.009656516018346691,0.02702741953431292,4110456,0.9702682905632736,0.9811839311432295,1172283,13761,22161,861818,9022,7505,39692.684206709266,3002.6116809917,irma_s049,irma,high,-6,B_N3_s2
single,land,0.006050933157953247,0.01605099138624467,3684744,0.9558690387127043,0.9677648195077757,753827,13577,21226,452912,8719,6367,22296.13964816928,949.3165313265253,irma_s049,irma,high,-6,B_N3_s2
single,active,0.008917924396810155,0.026776620629384313,4110456,0.9731641137053232,0.9827190508847202,1061615,12961,16314,793866,7042,6918,36656.73584441468,2947.145210936197,irma_s059,irma,mid,0,B_N3_s2
single,land,0.005152036069522419,0.015158114821900673,3684744,0.9577580754865578,0.968186887808135,642104,12803,15517,382824,6746,5833,18983.933994956315,846.6378989333049,irma_s059,irma,mid,0,B_N3_s2
single,active,0.009165885866143364,0.02753565382680738,4110456,0.9720771318140592,0.9827867244308822,1053544,12559,17704,796471,6562,7388,37675.97055380419,3116.598016940404,irma_s063,irma,high,6,B_N3_s2
single,land,0.005327863341343389,0.015657431757441193,3684744,0.9557480630731818,0.9681165843622436,633941,12380,16972,384442,6258,6403,19631.812479835004,903.3340389221246,irma_s063,irma,high,6,B_N3_s2
single,active,0.009448110525475997,0.027092542369610183,4110456,0.9718530649836963,0.9810133627027692,1122742,14225,18292,837290,8883,7322,38836.04259810597,3017.09875859043,irma_s068,irma,high,0,B_N3_s2
single,land,0.005738268253561797,0.015983509152790218,3684744,0.9570225571687371,0.9663085981800201,703135,14067,17509,426030,8587,6267,21144.04951770231,941.3510004489578,irma_s068,irma,high,0,B_N3_s2
single,active,0.006729440233820952,0.020881098632301805,4110456,0.9740652537921809,0.9844632552626675,867935,8530,14579,644534,4360,5812,27661.067985750735,1792.242176425498,matthew_s005,matthew,low,0,B_N3_s2
single,land,0.0034606699453399413,0.01156566818701335,3684744,0.9537553088364804,0.96581946012604,451606,8318,13579,241225,3909,4628,12751.682817071676,492.8886042973248,matthew_s005,matthew,low,0,B_N3_s2
single,active,0.0067226875240566685,0.02097337766064679,4110456,0.9737482815735463,0.9849101937678882,850685,7986,14948,634554,3617,6105,27633.311269383878,1808.1179511911903,matthew_s006,matthew,low,6,B_N3_s2
single,land,0.0034222823815463262,0.011627038900152965,3684744,0.952443695150318,0.9661189806435972,434441,7788,13904,231143,3184,4922,12610.234471708536,498.13329562659703,matthew_s006,matthew,low,6,B_N3_s2
single,active,0.008037290162548437,0.022095018558935146,4110456,0.9666648440063116,0.9824660556083169,990004,12033,22107,717941,6018,6795,33036.9275723882,2006.6828780112946,matthew_s024,matthew,mid,6,B_N3_s2
single,land,0.004898771513946029,0.01383561216447144,3684744,0.9456069223054998,0.9653685653131304,573295,11834,21143,313460,5578,5667,18050.718943383545,705.3490396275191,matthew_s024,matthew,mid,6,B_N3_s2
single,active,0.007817475845552186,0.02221948306466726,4110456,0.9708758027925999,0.9830842595116792,972336,10759,18409,717623,6115,6233,32133.390494205058,2029.354437361868,matthew_s037,matthew,low,-6,B_N3_s2
single,land,0.004427964639435253,0.013133233399648649,3684744,0.9516349148510495,0.9661339362282685,553665,10613,17526,309815,5763,5097,16315.916137371212,635.5513496209488,matthew_s037,matthew,low,-6,B_N3_s2
single,active,0.007659580802230587,0.02182199481466254,4110456,0.9707425768683087,0.9831686983811897,957125,11414,17433,709252,6124,6018,31484.369866013527,1957.3969180633696,matthew_s041,matthew,mid,0,B_N3_s2
single,land,0.004398927757844267,0.01308066342882497,3684744,0.9507368294710608,0.9655788214850225,538639,11264,16646,301165,5727,5009,16208.922662150115,630.4735373337944,matthew_s041,matthew,mid,0,B_N3_s2
single,active,0.008459183898126277,0.022993553526774388,4110456,0.9678670917751573,0.9827506427403485,1038503,12731,21747,756091,6812,6459,34771.10320915654,2173.2124893690334,matthew_s046,matthew,mid,-6,B_N3_s2
single,land,0.0050966387802753605,0.014195130823996807,3684744,0.9487462929251328,0.9670857854515836,619667,12598,20878,347883,6479,5361,18779.80916578695,742.4823241765538,matthew_s046,matthew,mid,-6,B_N3_s2
single,active,0.008369957650634327,0.022765352896782824,4110456,0.9680579985295623,0.9829254883248099,1040188,12662,21660,758040,6959,6209,34404.342644795775,2130.290239386276,matthew_s049,matthew,high,-6,B_N3_s2
single,land,0.005102242053699573,0.01411313885419669,3684744,0.9490327505916483,0.9674202587458819,621569,12513,20868,349735,6586,5192,18800.45579391718,733.9298461950171,matthew_s049,matthew,high,-6,B_N3_s2
single,active,0.007275751527980101,0.021977079573832905,4110456,0.9746889644578816,0.9841955208817494,899134,10032,13317,679712,5027,5888,29906.656522694975,1985.3174736678654,matthew_s059,matthew,mid,0,B_N3_s2
single,land,0.0037968794258818133,0.012429337286713674,3684744,0.9550794362269037,0.9656681506074096,479426,9898,12651,268758,4667,4888,13990.528683241457,569.2502985137936,matthew_s059,matthew,mid,0,B_N3_s2
single,active,0.007223119521626488,0.022013864140296605,4110456,0.9741736403983308,0.9851071909819108,882387,9200,14193,671850,3928,6229,29690.314976386726,1991.9689633901262,matthew_s063,matthew,high,6,B_N3_s2
single,land,0.0037873185384419044,0.012680276042771114,3684744,0.9535280130930202,0.967066012584773,463181,9027,13547,260809,3573,5309,13955.299260612577,592.4677788328912,matthew_s063,matthew,high,6,B_N3_s2
single,active,0.00798430177942083,0.022596040562476362,4110456,0.970807849986561,0.9830498397409911,971601,12478,16738,727508,6474,6070,32819.121155031025,2098.720936763817,matthew_s068,matthew,high,0,B_N3_s2
single,land,0.004599718288101622,0.013613088390257403,3684744,0.9509761507927617,0.9657470646450084,551744,12339,16104,316174,6115,5099,16948.78436377272,682.8426658538076,matthew_s068,matthew,high,0,B_N3_s2
single,active,0.004756329206416124,0.022075055021270377,4110456,0.9853031609601629,0.9880135225850151,557587,2573,5744,490113,1998,3948,19550.681924488395,2003.0583152023023,ian_s005,ian,low,0,B_N3_s2
single,land,0.0011532641704679071,0.007636537263764156,3684744,0.9563633733735708,0.9589320478353573,145460,2107,4530,93096,1363,2624,4249.483232546598,214.88211551291025,ian_s005,ian,low,0,B_N3_s2
single,active,0.004768768898158302,0.022090350386401524,4110456,0.9854469817698154,0.9880477043203304,557153,2529,5699,489961,1954,3973,19601.81473004818,2005.8350351098672,ian_s006,ian,low,6,B_N3_s2
single,land,0.0011578464689493814,0.007662393801096722,3684744,0.9568028287945958,0.9591927279480803,145036,2062,4486,92964,1318,2637,4266.36782938242,216.3397168986066,ian_s006,ian,low,6,B_N3_s2
single,active,0.005107427192533193,0.022357068120328987,4110456,0.9816035022635086,0.9872481529906586,592169,3979,7119,501372,2298,4178,20993.85474811122,2054.564140544888,ian_s024,ian,mid,6,B_N3_s2
single,land,0.00150571319363696,0.008337359643820779,3684744,0.9502763305832238,0.9586672794117647,180027,3512,5908,104303,1675,2822,5548.1676559746265,256.1323251242132,ian_s024,ian,mid,6,B_N3_s2
single,active,0.004894862813817472,0.021314626756426803,4110456,0.9839297573241271,0.9884062678553259,582267,3407,6103,505127,2081,3844,20120.118222232908,1867.4348864484552,ian_s037,ian,low,-6,B_N3_s2
single,land,0.0013245813568578742,0.007660423785433351,3684744,0.9544164858021342,0.9621432093354517,168863,3050,5015,105372,1509,2637,4880.743207193911,216.22848851371717,ian_s037,ian,low,-6,B_N3_s2
single,active,0.005010007977524758,0.021937845316294058,4110456,0.983901249342385,0.9880796116504854,585375,3427,6151,508861,2215,3924,20593.417351264507,1978.2352834600092,ian_s041,ian,mid,0,B_N3_s2
single,land,0.0014023226396088532,0.00822117618096162,3684744,0.9548955813242124,0.9610894941634242,171695,3010,5100,108433,1636,2754,5167.199932362884,249.043511326267,ian_s041,ian,mid,0,B_N3_s2
single,active,0.005095270329067844,0.021506102296979406,4110456,0.98163385296038,0.9878808670730791,604390,4387,6921,512561,2341,3947,20943.884495738894,1901.137017664287,ian_s046,ian,mid,-6,B_N3_s2
single,land,0.0015271313928211458,0.008050945312752305,3684744,0.9509616964494655,0.9617001321567122,190994,4036,5813,112793,1774,2718,5627.08823690936,238.83670644417106,ian_s046,ian,mid,-6,B_N3_s2
single,active,0.005217695733744133,0.022128770612660685,4110456,0.9814096013050192,0.9875190863764837,608841,4530,7003,516748,2483,4048,21447.108734942973,2012.818324296979,ian_s049,ian,high,-6,B_N3_s2
single,land,0.001608638952857581,0.008615589174927574,3684744,0.9508761500077967,0.9607232538161633,195135,4123,5958,116309,1887,2868,5927.422729708254,273.5125661582423,ian_s049,ian,high,-6,B_N3_s2
single,active,0.005088648574933002,0.022101063250422503,4110456,0.9859902122705366,0.9885192006471935,582665,2946,5333,516870,2245,3758,20916.666066724807,2007.7809932351543,ian_s059,ian,mid,0,B_N3_s2
single,land,0.0013817045482232475,0.008371450341571359,3684744,0.9601800019441125,0.9627276720846146,167923,2628,4336,113960,1689,2723,5091.227543838322,258.2312105445511,ian_s059,ian,mid,0,B_N3_s2
single,active,0.005236519588295549,0.022807142811730893,4110456,0.9855487985835509,0.9881511425481011,587802,3048,5571,521644,2319,3936,21524.48336082697,2138.1184824826037,ian_s063,ian,high,6,B_N3_s2
single,land,0.001499924996189825,0.009222221416112527,3684744,0.9591224992783711,0.9624143556280588,172784,2721,4643,117992,1746,2862,5526.839630160481,313.38514788099076,ian_s063,ian,high,6,B_N3_s2
single,active,0.00522595042118421,0.022180751695897387,4110456,0.9843398566067106,0.9883363480533748,596947,3677,5820,521807,2336,3822,21481.039264459163,2022.2857607177575,ian_s068,ian,high,0,B_N3_s2
single,land,0.0015355260610645455,0.00862472826777202,3684744,0.9570308190934448,0.9631120977411932,182189,3346,4834,118875,1767,2786,5658.020440351218,274.09313759830826,ian_s068,ian,high,0,B_N3_s2
single,active,0.005148735377031419,0.02020271554671493,4110456,0.9803485122266893,0.986600694551154,627176,5027,7545,513648,2795,4181,21163.650222931057,1677.6814468169214,milton_s005,milton,low,0,B_N3_s2
single,land,0.001726363251260496,0.008420041914025669,3684744,0.9484659527359812,0.9533486696471201,209905,4791,6614,109821,2362,3012,6361.206631902605,261.23768533900875,milton_s005,milton,low,0,B_N3_s2
single,active,0.0051494080721497994,0.020241088770525592,4110456,0.9802126912245269,0.987080709513051,625113,5216,7403,513356,2598,4121,21166.415306616575,1684.0607066366065,milton_s006,milton,low,6,B_N3_s2
single,land,0.0017218404610134608,0.008418316038006132,3684744,0.947745677391114,0.9552216680037672,207852,4989,6471,109541,2170,2965,6344.5413076765835,261.130603295045,milton_s006,milton,low,6,B_N3_s2
single,active,0.006548097877701379,0.02158312993482244,4110456,0.9757306643572703,0.9856570748621365,849516,7070,14060,616288,3495,5473,26915.6682099849,1914.7798750528805,milton_s024,milton,mid,6,B_N3_s2
single,land,0.0030944071109872693,0.010668117127556411,3684744,0.9559582226723602,0.966781625930442,432291,6895,13021,212487,3123,4178,11402.098035767674,419.356009396062,milton_s024,milton,mid,6,B_N3_s2
single,active,0.0061584643788469215,0.02117841750050717,4110456,0.9750810276432531,0.9857260098785074,779197,8117,11796,587334,3369,5136,25314.096856817603,1843.6437893317186,milton_s037,milton,low,-6,B_N3_s2
single,land,0.0026458484738586456,0.009881663766355993,3684744,0.9503459064011777,0.9630714342767379,360872,7966,10889,180860,3031,3904,9749.274288959801,359.80522464261753,milton_s037,milton,low,-6,B_N3_s2
single,active,0.006228261422069618,0.021371480389478708,4110456,0.9752258761733623,0.9853986024281013,776075,8143,11572,589023,3456,5272,25600.99453191459,1877.4103888150194,milton_s041,milton,mid,0,B_N3_s2
single,land,0.002699196314933393,0.010236467468113184,3684744,0.9502068286713752,0.9617406418245793,357197,7987,10731,181492,3105,4115,9945.847426272929,386.10688101369647,milton_s041,milton,mid,0,B_N3_s2
single,active,0.0066711631327421375,0.02181027135660897,4110456,0.9753925698965914,0.9858683479455276,876082,8194,13908,637356,3855,5281,27421.522525958717,1955.2943333261635,milton_s046,milton,mid,-6,B_N3_s2
single,land,0.0031790882457808406,0.010712543359096731,3684744,0.9560972756875531,0.9681869853561137,457744,8029,12990,230809,3519,4065,11714.126339111477,422.85600833982727,milton_s046,milton,mid,-6,B_N3_s2
single,active,0.006760850125610859,0.021926990632930337,4110456,0.9756163701264562,0.9853396670796482,881445,8331,13699,642607,4016,5545,27790.17696391791,1976.2781354409935,milton_s049,milton,high,-6,B_N3_s2
single,land,0.00325247609357765,0.01100978510752122,3684744,0.9565281227188225,0.9668486466694368,462555,8176,12846,235009,3683,4375,11984.541770953685,446.64760036510137,milton_s049,milton,high,-6,B_N3_s2
single,active,0.005568834945090867,0.02104176294163546,4110456,0.9803073326790089,0.9872335661507126,654213,6015,7127,546726,2952,4118,22890.451013058424,1819.928184053239,milton_s059,milton,mid,0,B_N3_s2
single,land,0.0020004827673907057,0.009358934381547493,3684744,0.9499169883621337,0.9592767838884149,234013,5862,6476,136036,2616,3159,7371.266874246299,322.74544746253576,milton_s059,milton,mid,0,B_N3_s2
single,active,0.005651753213689213,0.021116361332930846,4110456,0.9798870843415088,0.9875066558505373,658490,6578,6938,552666,2890,4102,23231.282907728106,1832.8552732517765,milton_s063,milton,high,6,B_N3_s2
single,land,0.002088015702770708,0.009857905524329896,3684744,0.9489901770681222,0.9606446776611695,237853,6427,6358,140965,2570,3205,7693.80333269015,358.0771627434325,milton_s063,milton,high,6,B_N3_s2
single,active,0.006510292466127091,0.022076406452609793,4110456,0.9752285242801253,0.985951220785407,788955,9037,11003,604395,3728,4884,26760.270729146898,2003.3035765291852,milton_s068,milton,high,0,B_N3_s2
single,land,0.002876701840382455,0.010745560702073975,3684744,0.95050954396202,0.9637156741324341,368792,8907,10295,193756,3448,3847,10599.90984613821,425.46661107406055,milton_s068,milton,high,0,B_N3_s2
single,active,0.004520284401508757,0.01858180942470928,4110456,0.9834117369076771,0.9864856083362855,549381,2489,6778,470600,2139,4308,18580.430139888078,1419.2732158899641,dorian_s005,dorian,low,0,B_N3_s2
single,land,0.0011077459559940947,0.006938975149640674,3684744,0.9528442021777477,0.9533159710323715,143687,1932,5179,83459,1424,2663,4081.7602648735046,177.41812478892547,dorian_s005,dorian,low,0,B_N3_s2
single,active,0.004540034592677533,0.01860851934056365,4110456,0.9830964306342101,0.9868222938938821,549778,2539,6914,470582,2045,4239,18661.61243167892,1423.356339626194,dorian_s006,dorian,low,6,B_N3_s2
single,land,0.0011288147406167898,0.006986208800354562,3684744,0.9517256414999603,0.9550102483654144,144057,1982,5325,83402,1333,2596,4159.393342599273,179.8417182658974,dorian_s006,dorian,low,6,B_N3_s2
single,active,0.005675896709993128,0.019911146830911726,4110456,0.9719790312784922,0.9851802517604537,651363,4851,13927,505894,2309,5301,23330.523686971515,1629.6057699002017,dorian_s024,dorian,mid,6,B_N3_s2
single,land,0.0022651248989839566,0.009313662990682375,3684744,0.9367158643426234,0.9579867965438011,245487,4332,12253,118411,1637,3556,8346.40538078174,319.6306064047783,dorian_s024,dorian,mid,6,B_N3_s2
single,active,0.005101248954708982,0.019068804766654433,4110456,0.9790883237074549,0.9855176224780374,591807,3699,8941,488663,2255,4926,20968.459373377264,1494.6411959980414,dorian_s037,dorian,low,-6,B_N3_s2
single,land,0.0016132169191290034,0.008002239564096243,3684744,0.9459556320108948,0.9539995380706752,184765,3213,7343,99132,1665,3115,5944.2913634590805,235.95567000723642,dorian_s037,dorian,low,-6,B_N3_s2
single,active,0.005161610530715565,0.019481295992409237,4110456,0.9790632533806016,0.9854406315158754,592112,3555,9107,490102,2245,4996,21216.57297564298,1560.0039339927214,dorian_s041,dorian,mid,0,B_N3_s2
single,land,0.001627414440492826,0.008136149260006784,3684744,0.9455423983275347,0.9536095261721658,184533,3088,7540,99944,1660,3202,5996.6055951192975,243.9187214056425,dorian_s041,dorian,mid,0,B_N3_s2
single,active,0.005612140655990288,0.01969637065537291,4110456,0.9748044456525022,0.985001712265821,645535,4674,12011,509107,2421,5331,23068.457232259214,1594.6391436844117,dorian_s046,dorian,mid,-6,B_N3_s2
single,land,0.0021248559204398937,0.009018777510487585,3684744,0.9423098204122929,0.9573070081251303,238427,4185,10412,119470,1848,3480,7829.550103705376,299.71098896581583,dorian_s046,dorian,mid,-6,B_N3_s2
single,active,0.005696924548266448,0.02012930160269289,4110456,0.9748362877245121,0.9851768662797306,648155,4772,11959,511426,2396,5299,23416.95769096911,1665.5106642650912,dorian_s049,dorian,high,-6,B_N3_s2
single,land,0.002154301951637431,0.009154765162606876,3684744,0.9424631236654979,0.9580197330972108,240559,4307,10379,121178,1826,3484,7938.051190484315,308.817382007794,dorian_s049,dorian,high,-6,B_N3_s2
single,active,0.004859002501551245,0.01930534427746513,4110456,0.9837113352063104,0.9862570622036083,567930,2496,6908,491229,2136,4709,19972.715986516327,1531.9518151505406,dorian_s059,dorian,mid,0,B_N3_s2
single,land,0.0012841215553369702,0.007637329129115792,3684744,0.95489200636847,0.9565154032234561,158937,2050,5458,98457,1523,2953,4731.659196298569,214.92668192259958,dorian_s059,dorian,mid,0,B_N3_s2
single,active,0.004940814309421804,0.01965492912642071,4110456,0.9837078506524267,0.9864804659014854,571067,2557,6901,493768,2124,4643,20308.99982304871,1587.9359023495608,dorian_s063,dorian,high,6,B_N3_s2
single,land,0.0013427404823732878,0.007866665976891002,3684744,0.9553780951311348,0.9571499465567262,161628,2123,5426,100294,1537,2953,4947.654935982078,228.02829537142637,dorian_s063,dorian,high,6,B_N3_s2
single,active,0.005358787266355748,0.01991623203853233,4110456,0.9790285070290412,0.9853788607375408,601147,3759,9118,499997,2321,5098,22027.05927171558,1630.438262570207,dorian_s068,dorian,high,0,B_N3_s2
single,land,0.001731607377978936,0.008544944456826542,3684744,0.9460775624359884,0.9557017895835005,192137,3339,7612,107181,1740,3228,6380.529896363616,269.0455470979765,dorian_s068,dorian,high,0,B_N3_s2
single,active,0.006935116812107114,0.023411801169063187,4110456,0.9740681402503863,0.9837437782243977,1030530,13386,14049,763093,7735,4875,28506.49251102656,2252.992042926661,irma_s005,irma,low,0,B_N5_s0
single,land,0.004460735427878829,0.013324998703924092,3684744,0.9588185485256853,0.9700235842663124,613734,13099,13261,357832,7178,3880,16436.668103463948,654.24689661239,irma_s005,irma,low,0,B_N5_s0
single,active,0.006923185119424737,0.02335135706034694,4110456,0.9732611199589104,0.9839478255426363,1015670,12810,15094,754503,7268,5041,28457.447813250124,2241.37360302055,irma_s006,irma,low,6,B_N5_s0
single,land,0.0044322030228521134,0.013408679520045107,3684744,0.957118454755943,0.9699727555245742,598981,12518,14318,349261,6727,4085,16331.533495236188,662.4900227189195,irma_s006,irma,low,6,B_N5_s0
single,active,0.008211970180115578,0.025304345566178377,4110456,0.968998587338161,0.9805727013162415,1130426,16212,19954,827672,10972,5426,33754.94209867716,2631.9656889453354,irma_s024,irma,mid,6,B_N5_s0
single,land,0.005783604929346882,0.015912203128910944,3684744,0.9530773299707735,0.9659594444508055,713508,15915,19213,421820,10396,4469,21311.103561781347,932.9705792705859,irma_s024,irma,mid,6,B_N5_s0
single,active,0.007913011414137814,0.0235402421490819,4110456,0.9724833288969845,0.9798768704267654,1117961,14615,17018,818888,11713,5104,32526.08524531126,2277.7804210059626,irma_s037,irma,low,-6,B_N5_s0
single,land,0.005364088874034866,0.015004282851084285,3684744,0.9580240828592748,0.963827832388774,699736,14396,16263,411221,11276,4157,19765.294294066727,829.5409038836431,irma_s037,irma,low,-6,B_N5_s0
single,active,0.007951380659642645,0.024922199419601727,4110456,0.9722596493318312,0.9804240460160483,1109813,15528,16137,819860,11407,4963,32683.80034071207,2553.0700871786335,irma_s041,irma,mid,0,B_N5_s0
single,land,0.005417523490636005,0.015104610337288195,3684744,0.9575101346064089,0.9647817728127399,691352,15277,15402,410998,10956,4047,19962.18717698008,840.6715927223588,irma_s041,irma,mid,0,B_N5_s0
single,active,0.008542395699964511,0.0241305608488435,4110456,0.9704300382387397,0.9804144794676815,1167143,16582,18982,854292,11741,5325,35113.141659293324,2393.4526253646236,irma_s046,irma,mid,-6,B_N5_s0
single,land,0.006018527805114222,0.016212721498915696,3684744,0.9558761391589851,0.966106170365192,748798,16352,18213,446371,11293,4367,22176.734218727797,968.5435768105402,irma_s046,irma,mid,-6,B_N5_s0
single,active,0.008642103757584443,0.02586899138500235,4110456,0.9705610825951102,0.9805365471691689,1175365,16572,19079,864039,11867,5284,35522.98724298552,2750.7365371399756,irma_s049,irma,high,-6,B_N5_s0
single,land,0.006135095223095452,0.016296756974289672,3684744,0.9561995188176663,0.9664586086313633,756721,16331,18332,454914,11423,4365,22606.255312729627,978.6101112566358,irma_s049,irma,high,-6,B_N5_s0
single,active,0.007869600961247053,0.025465225403863402,4110456,0.9742137875131093,0.9819352848638144,1063632,13856,14297,795834,9691,4950,32347.64848876372,2665.539072847353,irma_s059,irma,mid,0,B_N5_s0
single,land,0.0051258065329475855,0.015172075446289712,3684744,0.9593351080866481,0.9664510486874444,643970,13646,13651,384576,9269,4081,18887.28486743942,848.1981241674608,irma_s059,irma,mid,0,B_N5_s0
single,active,0.00805894694233645,0.026210150508618104,4110456,0.9730578873643373,0.9821520372898449,1055183,13151,16065,798578,9231,5281,33125.946812808514,2823.768136830237,irma_s063,irma,high,6,B_N5_s0
single,land,0.005257936767229267,0.015668132584095554,3684744,0.9572016498100429,0.9667146234971788,635423,12921,15490,386362,8820,4483,19374.150955427438,904.5691998723161,irma_s063,irma,high,6,B_N5_s0
single,active,0.008506213716271496,0.02600190350671881,4110456,0.9722226304473927,0.9804642014989086,1124637,15735,16397,839496,11611,5116,34964.417207330465,2779.075133485466,irma_s068,irma,high,0,B_N5_s0
single,land,0.005832472495071457,0.016276118847090067,3684744,0.9575092371223647,0.9651763506763811,704880,15516,15764,428020,11166,4277,21491.16803137958,976.1330673267031,irma_s068,irma,high,0,B_N5_s0
single,active,0.005755352320423449,0.019213323461012663,4110456,0.9752189184014618,0.9844569844569845,871008,10627,11506,646360,6219,3986,23657.12247759849,1517.382224716002,matthew_s005,matthew,low,0,B_N5_s0
single,land,0.003421794799073429,0.011510729511988976,3684744,0.9556180354172493,0.9656375294342264,454426,10346,10759,242769,5555,3084,12608.437855117023,488.21713480993316,matthew_s005,matthew,low,0,B_N5_s0
single,active,0.005707053365982075,0.019163275850874215,4110456,0.9749697915215251,0.9850093411075288,853666,9949,11967,636384,5410,4275,23458.591750521213,1509.487448294282,matthew_s006,matthew,low,6,B_N5_s0
single,land,0.003331930392317485,0.011464677100719049,3684744,0.9544163462777024,0.966302632671705,437158,9692,11187,232705,4755,3360,12277.310521509498,484.3184071343431,matthew_s006,matthew,low,6,B_N5_s0
single,active,0.00714471620367376,0.020915352391378598,4110456,0.9676811025576869,0.9819885669401291,993943,15028,18168,720104,8576,4632,29368.04158768803,1798.127056940635,matthew_s024,matthew,mid,6,B_N5_s0
single,land,0.0048645711357489145,0.013967143877806506,3684744,0.9471197803045599,0.9642385401888361,576992,14769,17446,315360,7929,3767,17924.699305023998,718.823942597162,matthew_s024,matthew,mid,6,B_N5_s0
single,active,0.006821865653332255,0.020019110984286537,4110456,0.9716802293553763,0.9820675609453127,975428,13112,15317,719446,8727,4410,28040.978605933487,1647.3260956617557,matthew_s037,matthew,low,-6,B_N5_s0
single,land,0.004443380949710735,0.013189046489278022,3684744,0.952876202019787,0.9635547220726491,556595,12930,14596,311365,8230,3547,16372.721294160932,640.9647093444937,matthew_s037,matthew,low,-6,B_N5_s0
single,active,0.006795553876669641,0.0205059171856554,4110456,0.9717306657060402,0.9823187541088663,960307,13686,14251,711242,8774,4028,27932.825205679983,1728.4164935022438,matthew_s041,matthew,mid,0,B_N5_s0
single,land,0.004423985085560727,0.013264390695275997,3684744,0.9523378354144176,0.9635042764947057,541665,13489,13620,302919,8219,3255,16301.252500109375,648.3088213253743,matthew_s041,matthew,mid,0,B_N5_s0
single,active,0.00751632412110425,0.020997112524813698,4110456,0.9683538597807104,0.9816939388209208,1041880,15679,18370,757960,9544,4590,30895.519581537694,1812.2126390033961,matthew_s046,matthew,mid,-6,B_N5_s0
single,land,0.005164706359897236,0.014401633927637526,3684744,0.9494068350768302,0.9647135459794861,622865,15512,17680,349508,9048,3736,19030.62077139318,764.2419191029268,matthew_s046,matthew,mid,-6,B_N5_s0
single,active,0.007522915728406364,0.021482698578048416,4110456,0.9686455551812055,0.9819008559201141,1043641,15575,18207,759897,9655,4352,30922.614093322307,1897.0014968728321,matthew_s049,matthew,high,-6,B_N5_s0
single,land,0.005183674438353323,0.014367220443235839,3684744,0.9499032390959659,0.9651724621000903,624853,15370,17584,351372,9124,3555,19100.513284675777,760.5938879718514,matthew_s049,matthew,high,-6,B_N5_s0
single,active,0.006346825119795732,0.020271324628178766,4110456,0.9756670030010264,0.9838091869220273,901208,11233,11243,681401,7015,4199,26088.345394615084,1689.0957174945331,matthew_s059,matthew,mid,0,B_N5_s0
single,land,0.003776772004634738,0.012402319805208681,3684744,0.9567380312594407,0.964615099080578,481377,11067,10700,270262,6530,3384,13916.437983445823,566.7782448998674,matthew_s059,matthew,mid,0,B_N5_s0
single,active,0.006336410846206143,0.02092535379749099,4110456,0.9753449490722516,0.9849692439734418,884514,10293,12066,673651,5852,4428,26045.537981253117,1799.847142587988,matthew_s063,matthew,high,6,B_N5_s0
single,land,0.0037156825486944272,0.012531725373763958,3684744,0.9555747733239116,0.9666321655757691,465191,10090,11537,262430,5371,3688,13691.338977206498,578.6674557080183,matthew_s063,matthew,high,6,B_N5_s0
single,active,0.007157478943864511,0.021278360548976864,4110456,0.9713276126190818,0.9824242636481674,973923,14333,14416,729395,8866,4183,29420.502269681543,1861.0855221449772,matthew_s068,matthew,high,0,B_N5_s0
single,land,0.00465081397701282,0.013853208480072536,3684744,0.9517903780068728,0.9642675128320248,553942,14152,13906,317865,8371,3408,17137.058896914124,707.1443251192138,matthew_s068,matthew,high,0,B_N5_s0
single,active,0.004034980299933617,0.02052083474604368,4110456,0.9864425803923922,0.9880763292084639,558945,3296,4386,490820,2682,3241,16585.608983743936,1730.9321708762777,ian_s005,ian,low,0,B_N5_s0
single,land,0.0011503547619894862,0.007788604578689121,3684744,0.9590960274438945,0.9586637975202378,146500,2758,3490,93556,1870,2164,4238.762807112187,223.52527176401927,ian_s005,ian,low,0,B_N5_s0
single,active,0.00404071966845605,0.020534504486871916,4110456,0.9865327953988229,0.9881145849066103,558492,3264,4360,490673,2641,3261,16609.20040552318,1733.239023921583,ian_s006,ian,low,6,B_N5_s0
single,land,0.001149398695648127,0.007808101899492632,3684744,0.9592972085385878,0.9588541987396597,146053,2728,3469,93425,1833,2176,4235.239947397262,224.6457802679409,ian_s006,ian,low,6,B_N5_s0
single,active,0.004367721599714127,0.020810826551744908,4110456,0.9825612087011923,0.9873819701980895,593747,4997,5541,502141,3008,3409,17953.327455874532,1780.1994515303984,ian_s024,ian,mid,6,B_N5_s0
single,land,0.001500960551325316,0.008480507428578402,3684744,0.9521263465285692,0.9585314992317261,181282,4462,4653,104802,2211,2323,5530.655385732651,265.00312675155016,ian_s024,ian,mid,6,B_N5_s0
single,active,0.004218947881594801,0.020060647178489516,4110456,0.9851373482584544,0.9883684351412767,583487,3920,4883,505844,2826,3127,17341.799633588642,1654.16902093528,ian_s037,ian,low,-6,B_N5_s0
single,land,0.0013190619392143552,0.00775942390895917,3684744,0.9575564513855609,0.9614039867411343,169837,3487,4041,105865,2106,2144,4860.40556614846,221.85349646824062,ian_s037,ian,low,-6,B_N5_s0
single,active,0.004341678698875201,0.0206309593579808,4110456,0.9850927964187786,0.9880524436068359,586673,4025,4853,509592,2969,3193,17846.27925786376,1749.560039602712,ian_s041,ian,mid,0,B_N5_s0
single,land,0.0014023662175449033,0.008381018684624236,3684744,0.9577938819980816,0.9606610287568673,172741,3558,4054,108938,2212,2249,5167.360505901277,258.8218505802027,ian_s041,ian,mid,0,B_N5_s0
single,active,0.004412397625926566,0.02024526301006578,4110456,0.9827038005567488,0.987902302334667,605774,5125,5537,513317,3095,3191,18136.96629587561,1684.7553725925945,ian_s046,ian,mid,-6,B_N5_s0
single,land,0.0015295607525057152,0.008156245177547369,3684744,0.9534214352708812,0.9610908474001187,192123,4702,4684,113303,2379,2208,5636.039805430919,245.12514570537405,ian_s046,ian,mid,-6,B_N5_s0
single,active,0.004533457087123626,0.020834309236858625,4110456,0.9824461423047327,0.9875123559741851,610270,5330,5574,517494,3242,3302,18634.57588450983,1784.2192292689542,ian_s049,ian,high,-6,B_N5_s0
single,land,0.0016169337520932979,0.008776920208081039,3684744,0.9532104969290899,0.960227833119637,196328,4872,4765,116829,2491,2348,5957.986941423267,283.85177914123875,ian_s049,ian,high,-6,B_N5_s0
single,active,0.004435579705546914,0.021048832173211515,4110456,0.9869869057641009,0.9883688284602735,583860,3560,4138,517503,2965,3125,18232.255214143544,1821.1512426894096,ian_s059,ian,mid,0,B_N5_s0
single,land,0.001367140431911507,0.008539548475241318,3684744,0.9626378637179743,0.9619805110182531,168890,3186,3369,114417,2256,2266,5037.562503643334,268.7058593579022,ian_s059,ian,mid,0,B_N5_s0
single,active,0.004550654422500199,0.021428900347332448,4110456,0.9865962475523328,0.9880770649490679,588995,3624,4378,522342,3065,3238,18705.26477489248,1887.512229277332,ian_s063,ian,high,6,B_N5_s0
single,land,0.0014827259168374044,0.009379837776712249,3684744,0.9617630292934268,0.9617048562917508,173780,3262,3647,118483,2347,2371,5463.465425711125,324.18877627643997,ian_s063,ian,high,6,B_N5_s0
single,active,0.004578776912415483,0.02114345876733757,4110456,0.9853651544706875,0.988212886764653,598093,4209,4674,522481,3084,3148,18820.861032299697,1837.5622908424696,ian_s068,ian,high,0,B_N5_s0
single,land,0.0015263743139916238,0.008796160978026317,3684744,0.9594651240778002,0.9624737945492663,183112,3825,3911,119366,2359,2295,5624.298595234752,285.0976633540598,ian_s068,ian,high,0,B_N5_s0
single,active,0.004420452977935589,0.0192305936484443,4110456,0.9816943925029422,0.9861167807950079,628950,5957,5771,514537,3952,3292,18170.07746587321,1520.111294788044,milton_s005,milton,low,0,B_N5_s0
single,land,0.0017284147635902292,0.008488955265783351,3684744,0.9519145066757898,0.9514240451837311,211464,5627,5055,110506,3315,2327,6368.765929650515,265.53135417943,milton_s005,milton,low,0,B_N5_s0
single,active,0.004424968980701272,0.019286299835940685,4110456,0.9817530936117036,0.9865936516037922,626922,6058,5594,514184,3694,3293,18188.64029653743,1528.9308095778024,milton_s006,milton,low,6,B_N5_s0
single,land,0.0017233172215993628,0.008491195639463413,3684744,0.9517614018504718,0.9533451008894888,209437,5729,4886,110180,3066,2326,6349.9827923849225,265.6715287801953,milton_s006,milton,low,6,B_N5_s0
single,active,0.005692287827758368,0.020096502549029168,4110456,0.9773972312238715,0.9851911402056396,852653,8795,10923,617638,5161,4123,23397.89865533635,1660.0874588829931,milton_s024,milton,mid,6,B_N5_s0
single,land,0.0031270272168004345,0.01068726755834716,3684744,0.9589227636902087,0.9652641569123696,435186,8516,10126,213584,4605,3081,11522.2947749421,420.8629400496402,milton_s024,milton,mid,6,B_N5_s0
single,active,0.005337577722551443,0.019663121293789557,4110456,0.9766717865592197,0.9855065425694028,781481,9154,9512,588511,4696,3959,21939.87837512791,1589.259880431283,milton_s037,milton,low,-6,B_N5_s0
single,land,0.002700987762613808,0.009917804238625426,3684744,0.9533330881696253,0.9621258625799077,362932,8937,8829,181811,4204,2953,9952.448452364653,362.441887887067,milton_s037,milton,low,-6,B_N5_s0
single,active,0.0054285480982081726,0.0201095981539667,4110456,0.976555607012735,0.985172759138708,778099,9132,9548,590217,4805,4078,22313.80810156837,1662.2517093743147,milton_s041,milton,mid,0,B_N5_s0
single,land,0.002756472351771693,0.010310828813441107,3684744,0.9527081177188653,0.9608020725825136,359009,8902,8919,182464,4301,3143,10156.894959356636,391.7368919951719,milton_s041,milton,mid,0,B_N5_s0
single,active,0.005838023086710155,0.02011705953964312,4110456,0.9769098837435489,0.9850444885970975,878876,9659,11114,638561,5619,4076,23996.937024906278,1663.4854487980972,milton_s046,milton,mid,-6,B_N5_s0
single,land,0.003258223748264786,0.010766995063149579,3684744,0.9586398207309048,0.9658613620454015,460312,9438,10422,231799,5118,3075,12005.72040707618,427.16567559746653,milton_s046,milton,mid,-6,B_N5_s0
single,active,0.005942015162106144,0.020479694087809783,4110456,0.9769215979633195,0.9846589788250478,884116,9858,11028,643901,5781,4251,24424.39187517017,1723.9986999621017,milton_s049,milton,high,-6,B_N5_s0
single,land,0.003334979930531937,0.011104428345881566,3684744,0.9587418224853047,0.9648582148725201,465008,9618,10393,236068,5282,3316,12288.547289147973,454.3596250230989,milton_s049,milton,high,-6,B_N5_s0
single,active,0.004811439280514517,0.020129312067358535,4110456,0.9818382772496979,0.986979044625251,655596,6383,5744,547574,3954,3270,19777.20945922658,1665.5123959711484,milton_s059,milton,mid,0,B_N5_s0
single,land,0.0019845696142031127,0.00938630907438677,3684744,0.9538611862297129,0.9582501068802871,235267,6158,5222,136726,3488,2469,7312.630978517234,324.6362564607901,milton_s059,milton,mid,0,B_N5_s0
single,active,0.004901253511512903,0.020317571394994714,4110456,0.9815567034689758,0.987331859961935,659931,6903,5497,553517,3851,3251,20146.38690391928,1696.8114758663776,milton_s063,milton,high,6,B_N5_s0
single,land,0.0020739477164283646,0.00994439718713903,3684744,0.9531981714486129,0.9598839888325699,239166,6698,5045,141652,3402,2518,7641.966404423118,364.388149401341,milton_s063,milton,high,6,B_N5_s0
single,active,0.005689907389582443,0.020772653910076037,4110456,0.9764937074874045,0.9855045097984956,790582,9655,9376,605424,5050,3855,23388.11396895349,1773.67471385926,milton_s068,milton,high,0,B_N5_s0
single,land,0.0029267605425241663,0.010787839156795546,3684744,0.9529784194880901,0.9623802130205603,370275,9458,8812,194626,4631,2977,10784.363348502666,428.821197851344,milton_s068,milton,high,0,B_N5_s0
single,active,0.00376062488676397,0.017257769133046268,4110456,0.9849218381269755,0.9865410779696494,550918,3193,5241,471320,2842,3588,15457.883129548281,1224.2195580490707,dorian_s005,dorian,low,0,B_N5_s0
single,land,0.0010913755087152927,0.007097366531386843,3684744,0.956884424101924,0.9525615405577255,144879,2541,3987,83894,1950,2228,4021.439357485622,185.61017865534234,dorian_s005,dorian,low,0,B_N5_s0
single,active,0.003776670143865197,0.01730261474139853,4110456,0.9845478003875103,0.9867998132207074,551332,3293,5360,471265,2748,3556,15523.836452871561,1230.5902775123275,dorian_s006,dorian,low,6,B_N5_s0
single,land,0.0011131777967258916,0.007149778975392695,3684744,0.955610519806865,0.9538610368178455,145270,2636,4112,83811,1867,2187,4101.775207418948,188.3616791269393,dorian_s006,dorian,low,6,B_N5_s0
single,active,0.004869329398738271,0.018650784470136107,4110456,0.9744907756822779,0.9853835955693964,654621,6467,10669,506903,3227,4292,20015.164243020117,1429.829359557719,dorian_s024,dorian,mid,6,B_N5_s0
single,land,0.002239669000547222,0.009436298628525979,3684744,0.9423630686582113,0.9576468128563272,248389,5841,9351,119092,2392,2875,8252.606911752373,328.1033565124254,dorian_s024,dorian,mid,6,B_N5_s0
single,active,0.004273934558923172,0.01738248527450512,4110456,0.9806892610954587,0.98561666727067,593825,4770,6923,489542,3097,4047,17567.819951333106,1241.977545410781,dorian_s037,dorian,low,-6,B_N5_s0
single,land,0.00158499456828388,0.008036567029949227,3684744,0.9497412177031543,0.9532149207502437,186438,4196,5670,99712,2359,2535,5840.299225516617,237.9843853541402,dorian_s037,dorian,low,-6,B_N5_s0
single,active,0.004363436596710815,0.018011134144376724,4110456,0.9808994680175027,0.9853135373142117,594275,4628,6944,490964,3184,4134,17935.71413956955,1333.4358443499168,dorian_s041,dorian,mid,0,B_N5_s0
single,land,0.0016000965031502524,0.008232525485476956,3684744,0.9501618617929698,0.9523137403495476,186379,4082,5694,100531,2419,2615,5895.945989403874,249.73159331154426,dorian_s041,dorian,mid,0,B_N5_s0
single,active,0.004777649792977205,0.018140604825091985,4110456,0.976927957895181,0.9850228924201082,648179,5941,9367,510101,3419,4337,19638.319257441908,1352.6752046406189,dorian_s046,dorian,mid,-6,B_N5_s0
single,land,0.002096883457915273,0.009055241982742226,3684744,0.946996966871629,0.9564206856478792,240720,5354,8119,120158,2683,2792,7726.478740252554,302.1394548074883,dorian_s046,dorian,mid,-6,B_N5_s0
single,active,0.004889828469801138,0.018810950139303582,4110456,0.976673330571715,0.985093824502038,650734,6162,9380,512367,3395,4358,20099.424772664905,1454.4924399806175,dorian_s049,dorian,high,-6,B_N5_s0
single,land,0.002134149638875227,0.009263774796320083,3684744,0.9464449988305917,0.9569523420564858,242801,5602,8137,121843,2662,2819,7863.795076947659,316.21560472649605,dorian_s049,dorian,high,-6,B_N5_s0
single,active,0.004153776692373469,0.01796949549045932,4110456,0.984925544576379,0.9860433050351523,569350,3226,5488,492008,3034,3930,17073.91632782668,1327.2776208888226,dorian_s059,dorian,mid,0,B_N5_s0
single,land,0.0012601149976377499,0.007740265043491708,3684744,0.9581809365889867,0.9544643459976658,160067,2658,4328,98956,2267,2454,4643.201176855713,220.75928795084283,dorian_s059,dorian,mid,0,B_N5_s0
single,active,0.004262987142302545,0.018646417141024944,4110456,0.9849264124070264,0.9861995245616554,572585,3380,5383,494512,3021,3899,17522.82107700035,1429.1598108558392,dorian_s063,dorian,high,6,B_N5_s0
single,land,0.0013236571401166045,0.008038883822873672,3684744,0.9585246403428221,0.9553029728499924,162838,2830,4216,100773,2241,2474,4877.337705101818,238.1216180833791,dorian_s063,dorian,high,6,B_N5_s0
single,active,0.004593487053606442,0.018458366384742093,4110456,0.9806148493765343,0.9851379290672994,603186,4845,7079,500786,3246,4309,18881.326420418918,1400.4787645768333,dorian_s068,dorian,high,0,B_N5_s0
single,land,0.0017015440372852627,0.008616014698689448,3684744,0.9500700753677732,0.9534265981937312,193877,4317,5872,107680,2531,2729,6269.754182122648,273.5395843848225,dorian_s068,dorian,high,0,B_N5_s0
single,active,0.0068956527006599246,0.02307363288267813,4110456,0.9745221665000676,0.9834040080351402,1030488,12850,14091,763211,8123,4757,28344.27701734379,2188.3760873986166,irma_s005,irma,low,0,B_N5_s1
single,land,0.004470019143236018,0.013373670398878098,3684744,0.9595222980727436,0.9693131408329406,613674,12567,13321,357915,7534,3797,16470.87621792406,659.035108975553,irma_s005,irma,low,0,B_N5_s1
single,active,0.006877632452526668,0.02296804117367834,4110456,0.9735878570853478,0.9836495497891021,1015752,12544,15012,754652,7652,4892,28270.205580282956,2168.3926162096727,irma_s006,irma,low,6,B_N5_s1
single,land,0.00445201801567952,0.013486033670440207,3684744,0.9576200334103316,0.9693674847544904,599044,12256,14255,349393,7088,3953,16404.546671167016,670.155829315845,irma_s006,irma,low,6,B_N5_s1
single,active,0.008236899173668263,0.025094793143216693,4110456,0.9694238774176619,0.9800385662995884,1130451,15726,19929,827916,11681,5182,33857.41162979975,2588.5540877035974,irma_s024,irma,mid,6,B_N5_s1
single,land,0.005880754304173394,0.01630237562870612,3684744,0.9537137655734352,0.9648946725865231,713520,15428,19201,422043,11109,4246,21669.07413777709,979.2850209813123,irma_s024,irma,mid,6,B_N5_s1
single,active,0.007928698760306016,0.02366715325523157,4110456,0.9728044157478067,0.9791875890696584,1118084,14362,16895,819016,12432,4976,32590.567391492426,2302.406749748503,irma_s037,irma,low,-6,B_N5_s1
single,land,0.005419559233605005,0.01518071874881973,3684744,0.9585374004316909,0.9624741158440282,699878,14153,16121,411347,12007,4031,19969.688368670642,849.1648107971128,irma_s037,irma,low,-6,B_N5_s1
single,active,0.007938764001001247,0.024717229028968238,4110456,0.9726747503753902,0.9796945884495125,1109640,14863,16310,819974,12146,4849,32631.94012049958,2511.2477879609887,irma_s041,irma,mid,0,B_N5_s1
single,land,0.00546926248567636,0.015284795005761654,3684744,0.9581274778896005,0.9632873810477871,691174,14626,15580,411080,11702,3965,20152.832128521055,860.8481635973142,irma_s041,irma,mid,0,B_N5_s1
single,active,0.0085883133544493,0.024328053612571798,4110456,0.9707801739301103,0.9798683732200626,1167302,16312,18823,854456,12394,5161,35301.88415767625,2432.790616999864,irma_s046,irma,mid,-6,B_N5_s1
single,land,0.006110877144788373,0.016541637564862995,3684744,0.9563854375502803,0.9650165872424115,748955,16099,18056,446518,11967,4220,22517.01789399609,1008.2409265130792,irma_s046,irma,mid,-6,B_N5_s1
single,active,0.008667982056809907,0.025799996181496334,4110456,0.9709254695727433,0.9800094566722265,1175682,16444,18762,864287,12594,5036,35629.35885330662,2736.0831219372285,irma_s049,irma,high,-6,B_N5_s1
single,land,0.006234817455076194,0.01663699431617387,3684744,0.9567368572706799,0.9653909217986709,757041,16221,18012,455121,12158,4158,22973.706208687276,1019.898743712092,irma_s049,irma,high,-6,B_N5_s1
single,active,0.007845066131201511,0.02521646244847066,4110456,0.9743211436840032,0.9811889927438503,1063871,13981,14058,795915,10390,4869,32246.799149394035,2613.7155679963453,irma_s059,irma,mid,0,B_N5_s1
single,land,0.0051828411195925005,0.015319827799036165,3684744,0.959521171066507,0.964909375979931,644211,13767,13410,384637,9968,4020,19097.44271837175,864.798818710276,irma_s059,irma,mid,0,B_N5_s1
single,active,0.008018565101228335,0.02590306665799978,4110456,0.9731687959005143,0.9817767289800032,1055712,13571,15536,798803,9771,5056,32959.959031734616,2757.9879858080885,irma_s063,irma,high,6,B_N5_s1
single,land,0.005312020504126327,0.015840434585695545,3684744,0.9573632090952064,0.9659322042368604,635940,13349,14973,386568,9357,4277,19573.43568045646,924.5736352195601,irma_s063,irma,high,6,B_N5_s1
single,active,0.008509622812027433,0.02588190683831074,4110456,0.9725731519518284,0.9796387692953901,1124811,15497,16223,839619,12458,4993,34978.430145435035,2753.4839096568785,irma_s068,irma,high,0,B_N5_s1
single,land,0.005912317915675742,0.01651929907040595,3684744,0.9580567532201059,0.9635728127370243,705056,15279,15588,428126,12014,4171,21785.377965878695,1005.5196268162473,irma_s068,irma,high,0,B_N5_s1
single,active,0.005683894608642431,0.01887776823220411,4110456,0.9750391884629165,0.9845009998126779,870827,10606,11687,646446,6277,3900,23363.398697461933,1464.8437531732718,matthew_s005,matthew,low,0,B_N5_s1
single,land,0.00340238245702795,0.011507624628687641,3684744,0.9553361878243899,0.9656191222258894,454270,10323,10915,242831,5624,3022,12536.908344238997,487.9537887230621,matthew_s005,matthew,low,0,B_N5_s1
single,active,0.00563310257640723,0.01893168435855094,4110456,0.975313199284116,0.9851150726526215,853401,9369,12232,636539,5498,4120,23154.62028380856,1473.2230789536368,matthew_s006,matthew,low,6,B_N5_s1
single,land,0.0032955296477628552,0.011396447044596634,3684744,0.9551084471142706,0.9664643764424594,436922,9113,11423,232829,4843,3236,12143.183096416295,478.5708852851469,matthew_s006,matthew,low,6,B_N5_s1
single,active,0.007147247076308458,0.020907247431239628,4110456,0.9678740292498906,0.9820719820351689,993423,14286,18688,720284,8697,4452,29378.444628294557,1796.7337335967115,matthew_s024,matthew,mid,6,B_N5_s1
single,land,0.0048708428057321305,0.01405524278714912,3684744,0.947473170411031,0.9644553529400977,576509,14032,17929,315537,8039,3590,17947.808803364635,727.9206237724813,matthew_s024,matthew,mid,6,B_N5_s1
single,active,0.006799689275898915,0.020067456277825316,4110456,0.9717989225501971,0.9818430665649609,975001,12550,15744,719527,8977,4329,27949.82358225435,1655.2921464880571,matthew_s037,matthew,low,-6,B_N5_s1
single,land,0.004454688120121464,0.013268912982804986,3684744,0.9530810884913291,0.9630678743386203,556180,12369,15011,311434,8465,3478,16414.385322488844,648.750958284002,matthew_s037,matthew,low,-6,B_N5_s1
single,active,0.006739923773514469,0.020205463833160926,4110456,0.9715609108282318,0.9821440898635645,959840,13378,14718,711365,9028,3905,27704.160114385188,1678.1379263216793,matthew_s041,matthew,mid,0,B_N5_s1
single,land,0.004417149755082543,0.013338080871265603,3684744,0.9520357453845004,0.9630255839822024,541199,13180,14086,303016,8476,3158,16276.06605714187,655.5321753684927,matthew_s041,matthew,mid,0,B_N5_s1
single,active,0.007536289760642087,0.021187119786511454,4110456,0.9685085647330147,0.9814253349731374,1041476,15090,18774,758102,9900,4448,30977.587464369833,1845.1592200096698,matthew_s046,matthew,mid,-6,B_N5_s1
single,land,0.005207907436514045,0.014610548545937336,3684744,0.9496946405332463,0.9641874265796745,622484,14912,18061,349651,9394,3593,19189.80567925051,786.5754068356349,matthew_s046,matthew,mid,-6,B_N5_s1
single,active,0.00752979230317765,0.02147482469356894,4110456,0.9688506353374662,0.9816549898298518,1043363,15060,18485,760120,10076,4129,30950.87995135039,1895.6111656478224,matthew_s049,matthew,high,-6,B_N5_s1
single,land,0.005233075850674484,0.014607991539643532,3684744,0.9502355860440562,0.9646222144178058,624587,14860,17850,351572,9539,3355,19282.5448423177,786.300112275458,matthew_s049,matthew,high,-6,B_N5_s1
single,active,0.00628979799011656,0.019973317341208736,4110456,0.975485070668892,0.9836307633684745,901237,11435,11214,681483,7224,4117,25853.937887262553,1639.7982107008668,matthew_s059,matthew,mid,0,B_N5_s1
single,land,0.0037729302529086305,0.012434749291283088,3684744,0.9564173933083404,0.9641421616705601,481406,11266,10671,270331,6739,3315,13902.282111823559,569.7461344326616,matthew_s059,matthew,mid,0,B_N5_s1
single,active,0.006268129115275821,0.020577711302648818,4110456,0.9755698601187259,0.9849619773530625,884477,10046,12103,673779,5987,4300,25764.86893066019,1740.5405417350307,matthew_s063,matthew,high,6,B_N5_s1
single,land,0.0036959199350696205,0.012511346400934473,3684744,0.9560122244213027,0.9665940182897198,465164,9839,11564,262554,5510,3564,13618.518805228174,576.786938946065,matthew_s063,matthew,high,6,B_N5_s1
single,active,0.007109492004257584,0.021032988346975937,4110456,0.9714273743351144,0.9819877306559939,973786,14089,14553,729447,9249,4131,29223.254065852612,1818.4106493735999,matthew_s068,matthew,high,0,B_N5_s1
single,land,0.0046576847999036984,0.0139652195185207,3684744,0.9519441832642614,0.9632766221764358,553804,13913,14044,317915,8762,3358,17162.376120336354,718.6258805955501,matthew_s068,matthew,high,0,B_N5_s1
single,active,0.003968410513066874,0.02027355607928554,4110456,0.9864473521569458,0.9883145488296429,558635,2979,4696,490882,2625,3179,16311.976803898811,1689.4676065574374,ian_s005,ian,low,0,B_N5_s1
single,land,0.0011327024793029187,0.00769995650996136,3684744,0.9594325943325045,0.9599639018787431,146230,2423,3760,93608,1792,2112,4173.718664396554,218.46600392222157,ian_s005,ian,low,0,B_N5_s1
single,active,0.0039785749961220515,0.020289305194028714,4110456,0.9864749513554208,0.9882890303558806,558186,2987,4666,490728,2609,3206,16353.757464259863,1692.0934856967676,ian_s006,ian,low,6,B_N5_s1
single,land,0.0011341316448079085,0.0077278515275808314,3684744,0.9595577347066373,0.9598771771278344,145800,2423,3722,93469,1775,2132,4178.984773416072,220.05176658070508,ian_s006,ian,low,6,B_N5_s1
single,active,0.004308994625457704,0.020550060862109667,4110456,0.9827303557589768,0.9876231977535337,593463,4604,5825,502238,2982,3312,17711.93281218037,1735.8661269843062,ian_s024,ian,mid,6,B_N5_s1
single,land,0.0014870955136998194,0.008406915078602363,3684744,0.952998089182033,0.9596826587849895,181042,4036,4893,104877,2158,2248,5479.566271532327,260.4237817839836,ian_s024,ian,mid,6,B_N5_s1
single,active,0.004147691858270501,0.01972621317771793,4110456,0.9851135277206282,0.988585242307106,583201,3644,5169,505865,2735,3106,17048.90488497913,1599.4749691374627,ian_s037,ian,low,-6,B_N5_s1
single,land,0.0012999236106319774,0.007676542810509191,3684744,0.957654300073409,0.9625040904628586,169591,3212,4287,105887,2003,2122,4789.885724734515,217.13941968378603,ian_s037,ian,low,-6,B_N5_s1
single,active,0.004265174533573324,0.020345907761977776,4110456,0.9851594261331184,0.9882681000915282,586426,3734,5100,509638,2903,3147,17531.81225257367,1701.5477704470825,ian_s041,ian,mid,0,B_N5_s1
single,land,0.0013799048178434006,0.008286763702757266,3684744,0.9582444681418288,0.9615676448271603,172530,3253,4265,108986,2155,2201,5084.595998119563,253.03303843587832,ian_s041,ian,mid,0,B_N5_s1
single,active,0.0043398555373880205,0.019896946450487576,4110456,0.9828329245547939,0.9881063747059797,605487,4752,5824,513343,3014,3165,17838.785232789814,1627.2821699461658,ian_s046,ian,mid,-6,B_N5_s1
single,land,0.0015087965404372284,0.00807462131435052,3684744,0.9538964073702109,0.9620131744253166,191861,4327,4946,113329,2293,2182,5559.528999596834,240.24350095465462,ian_s046,ian,mid,-6,B_N5_s1
single,active,0.004457968019758202,0.02052703677546465,4110456,0.9826433913605165,0.987855271018512,610026,4957,5818,517568,3135,3228,18324.28139462322,1731.9786112039376,ian_s049,ian,high,-6,B_N5_s1
single,land,0.0015947891202797984,0.008692083617423525,3684744,0.9539655130481309,0.961581493303498,196121,4492,4972,116886,2379,2291,5876.389642216265,278.39094900795203,ian_s049,ian,high,-6,B_N5_s1
single,active,0.004350171672121092,0.02072793671914294,4110456,0.987023135759786,0.9885711338512585,583534,3208,4464,517516,2871,3112,17881.189250700176,1766.0465713972324,ian_s059,ian,mid,0,B_N5_s1
single,land,0.0013400078121877789,0.008436863447113445,3684744,0.962957040218397,0.9628548351814771,168608,2835,3651,114443,2175,2240,4937.585745912045,262.2825276308103,ian_s059,ian,mid,0,B_N5_s1
single,active,0.00447404731647776,0.02120550886622352,4110456,0.9866465113005238,0.988272174840892,588730,3325,4643,522373,2992,3207,18390.374636299908,1848.3635729567025,ian_s063,ian,high,6,B_N5_s1
single,land,0.0014555445993622272,0.009287309086961614,3684744,0.9620874887049654,0.9623433680637329,173550,2962,3877,118502,2285,2352,5363.309229232371,317.82431458068015,ian_s063,ian,high,6,B_N5_s1
single,active,0.004492195931349419,0.020813349430767302,4110456,0.9853958772198761,0.9884753701710345,597818,3911,4949,522515,2978,3114,18464.973719190806,1780.631101861505,ian_s068,ian,high,0,B_N5_s1
single,land,0.0014983866435541037,0.008691869130511468,3684744,0.9597690894778274,0.9635514169517785,182884,3527,4139,119411,2267,2250,5521.171194516122,278.37720995966276,ian_s068,ian,high,0,B_N5_s1
single,active,0.004313592785265725,0.018599909634311795,4110456,0.981592801462203,0.9865175260657328,628347,5409,6374,514534,3737,3295,17730.83334575221,1422.0395400698733,milton_s005,milton,low,0,B_N5_s1
single,land,0.001709902217277194,0.008425883490037617,3684744,0.9516046062487591,0.953133355182585,210887,5093,5632,110512,3113,2321,6300.551935698837,261.6002890344096,milton_s005,milton,low,0,B_N5_s1
single,active,0.004317771713585576,0.01866678384548782,4110456,0.9815445182078624,0.9870446478789426,626300,5560,6216,514194,3466,3283,17748.010646738112,1432.2835393029436,milton_s006,milton,low,6,B_N5_s1
single,land,0.0017048224295498704,0.00843040843709918,3684744,0.951184408888646,0.9552425122448095,208843,5238,5480,110192,2849,2314,6281.834218349308,261.881338566791,milton_s006,milton,low,6,B_N5_s1
single,active,0.005546645005246138,0.01945750386599668,4110456,0.9772640478366728,0.9853040871960683,852142,8391,11434,617696,5148,4065,22799.24024168402,1556.1958560898368,milton_s024,milton,mid,6,B_N5_s1
single,land,0.003099700898614221,0.010614291224005602,3684744,0.9585879592363318,0.9655763120189114,434665,8131,10647,213627,4578,3038,11421.60428796336,415.13496984917253,milton_s024,milton,mid,6,B_N5_s1
single,active,0.005198874206994346,0.01907784800219898,4110456,0.9764715298507929,0.9857714316345265,780813,8634,10180,588474,4498,3996,21369.74367738515,1496.0591765771653,milton_s037,milton,low,-6,B_N5_s1
single,land,0.00266504111914754,0.009839620536173758,3684744,0.9529306861940534,0.962882917242731,362289,8423,9472,181774,4017,2990,9819.994273532182,356.75003206849567,milton_s037,milton,low,-6,B_N5_s1
single,active,0.005282391650319055,0.01949803456635756,4110456,0.976487162487946,0.9853484256569501,777690,8769,9957,590204,4685,4091,21713.03845340386,1562.6858355665827,milton_s041,milton,mid,0,B_N5_s1
single,land,0.002718465455058994,0.01023531219911166,3684744,0.9525888974773755,0.9612845438499433,358624,8545,9304,182447,4188,3160,10016.849274735898,386.01973529830315,milton_s041,milton,mid,0,B_N5_s1
single,active,0.005695432532923803,0.019567549219178235,4110456,0.9768714261249019,0.9851976069335983,878436,9244,11554,638611,5569,4026,23410.82482755184,1573.8483152247916,milton_s046,milton,mid,-6,B_N5_s1
single,land,0.003225325811292471,0.01069614395758056,3684744,0.9585911917174046,0.9661747360787534,459887,9019,10847,231823,5065,3051,11884.499931205064,421.5623328244793,milton_s046,milton,mid,-6,B_N5_s1
single,active,0.0057890119160356615,0.01989993879655613,4110456,0.9770289661210692,0.9847185945939333,883795,9430,11349,643939,5780,4213,23795.47876434028,1627.7716679276866,milton_s049,milton,high,-6,B_N5_s1
single,land,0.0033003346355611318,0.011034834794398386,3684744,0.9589530986892066,0.9649685693966469,464701,9191,10700,236095,5282,3289,12160.888246376067,448.68235589245796,milton_s049,milton,high,-6,B_N5_s1
single,active,0.0046989823193278,0.019593240215221106,4110456,0.9820002548477285,0.9871404027165065,655058,5725,6282,547550,3839,3294,19314.960068374872,1577.983761508212,milton_s059,milton,mid,0,B_N5_s1
single,land,0.0019540351477656368,0.009319317036419889,3684744,0.9542786292125696,0.9589386043053442,234743,5501,5746,136713,3372,2482,7200.119286518544,320.01880052772606,milton_s059,milton,mid,0,B_N5_s1
single,active,0.004780885816957767,0.019780247618962472,4110456,0.9816121248029392,0.9875641640959397,659395,6319,6033,553507,3709,3261,19651.620791628957,1608.2495987526197,milton_s063,milton,high,6,B_N5_s1
single,land,0.002041114919355896,0.00987827732826588,3684744,0.9532610606036397,0.96066874660879,238647,6137,5564,141641,3270,2529,7520.985952407122,359.55865698675393,milton_s063,milton,high,6,B_N5_s1
single,active,0.005551015774067752,0.02022993096129066,4110456,0.9764995662028786,0.9857133553670568,790119,9176,9839,605435,4931,3844,22817.206094611436,1682.2045565798444,milton_s068,milton,high,0,B_N5_s1
single,land,0.002883634055901637,0.010714446464297823,3684744,0.95293544696509,0.9629605806767635,369819,8997,9268,194623,4506,2980,10625.453285679221,423.0062641518435,milton_s068,milton,high,0,B_N5_s1
single,active,0.0037068081532325966,0.016928156569869512,4110456,0.9848214381535314,0.9869077450296951,550592,2919,5567,471433,2779,3475,15236.671814303845,1177.9024852431007,dorian_s005,dorian,low,0,B_N5_s1
single,land,0.0010833583358305806,0.0070150596572380345,3684744,0.9565988420181969,0.9542292741697165,144566,2259,4300,83955,1860,2167,3991.8981278017163,181.33016541826208,dorian_s005,dorian,low,0,B_N5_s1
single,active,0.003720969216529007,0.016962530426096214,4110456,0.9844456275883755,0.9872182325012514,551008,3022,5684,471374,2656,3447,15294.880241896957,1182.6909757670817,dorian_s006,dorian,low,6,B_N5_s1
single,land,0.001105023492196567,0.007063746219036605,3684744,0.9553123064148357,0.9557102651459043,144961,2360,4421,83876,1765,2122,4071.728682730347,183.8558682272996,dorian_s006,dorian,low,6,B_N5_s1
single,active,0.004795219542893048,0.018239383597495863,4110456,0.9743808596019269,0.9858850702538549,654135,6044,11155,507089,3154,4106,19710.53894140199,1367.4464184602223,dorian_s024,dorian,mid,6,B_N5_s1
single,land,0.0022264398661370932,0.009344879922319211,3684744,0.9420650030210103,0.9592207854907104,247911,5417,9829,119211,2312,2756,8203.860938109457,321.77683145417575,dorian_s024,dorian,mid,6,B_N5_s1
single,active,0.004212895463542306,0.01714432282317315,4110456,0.9805313799718761,0.9859324248947349,593397,4431,7351,489617,3014,3972,17316.92143549025,1208.1773098969823,dorian_s037,dorian,low,-6,B_N5_s1
single,land,0.0015743655364589993,0.00797286269806222,3684744,0.9495544418018312,0.9544119195031626,186050,3826,6058,99737,2254,2510,5801.133964274079,234.22642539979194,dorian_s037,dorian,low,-6,B_N5_s1
single,active,0.004288022119648066,0.017687035601774915,4110456,0.9809374695490032,0.985530198109231,593939,4262,7280,491001,3112,4097,17625.72624984011,1285.8789996755836,dorian_s041,dorian,mid,0,B_N5_s1
single,land,0.00158883737240937,0.008159182457363866,3684744,0.9502908892169232,0.9532374441779101,186047,3706,6026,100537,2323,2609,5854.458974961191,245.30172960471907,dorian_s041,dorian,mid,0,B_N5_s1
single,active,0.004705241287337155,0.017833465570159468,4110456,0.9766590823762502,0.9854976164169764,647733,5667,9813,510200,3270,4238,19340.687280982733,1307.2585741522541,dorian_s046,dorian,mid,-6,B_N5_s1
single,land,0.0020828079494102283,0.008978191716134242,3684744,0.946513111771054,0.957900945276011,240314,5055,8525,120184,2516,2766,7674.6140947416425,297.0195734925909,dorian_s046,dorian,mid,-6,B_N5_s1
single,active,0.004805249535661529,0.018419719756472743,4110456,0.9767566552772876,0.9854826923076923,650349,5711,9765,512451,3275,4274,19751.766785357147,1394.620486428352,dorian_s049,dorian,high,-6,B_N5_s1
single,land,0.0021186152946435985,0.009177174777117927,3684744,0.9466353231518976,0.9584588165913112,242421,5149,8517,121892,2513,2770,7806.554995246232,310.3311179813568,dorian_s049,dorian,high,-6,B_N5_s1
single,active,0.004082619144137918,0.01772731200887974,4110456,0.9847572003925362,0.9862059842216664,568974,2943,5864,492030,2974,3908,16781.42635673657,1291.7420007188296,dorian_s059,dorian,mid,0,B_N5_s1
single,land,0.0012479527292730637,0.007675220129793683,3684744,0.9578578752645875,0.9553805014142701,159741,2374,4654,98965,2177,2445,4598.386331472546,217.06459918527727,dorian_s059,dorian,mid,0,B_N5_s1
single,active,0.004178129250706718,0.018273224693700227,4110456,0.984695580941498,0.9863872173477712,572181,3106,5787,494542,2956,3869,17174.016447342932,1372.5254076012955,dorian_s063,dorian,high,6,B_N5_s1
single,land,0.0013112831691037216,0.007965987062836345,3684744,0.9579931020251746,0.9561034845883101,162490,2561,4564,100780,2160,2467,4831.742789655924,233.82261534807145,dorian_s063,dorian,high,6,B_N5_s1
single,active,0.004507206119946716,0.0181728498594114,4110456,0.9804065406955467,0.9855033398589291,602751,4532,7514,500887,3160,4208,18526.6724389717,1357.4882550994714,dorian_s068,dorian,high,0,B_N5_s1
single,land,0.0016878258820875272,0.008544264669822553,3684744,0.9496221044365921,0.9547742701667937,193495,4011,6254,107731,2425,2678,6219.206292066723,269.00274134485903,dorian_s068,dorian,high,0,B_N5_s1
single,active,0.007417392776481569,0.0239168343606594,4110456,0.9738231849895214,0.9838488828434225,1027847,10897,16732,762354,6901,5614,30488.866642445326,2351.242348407167,irma_s005,irma,low,0,B_N5_s2
single,land,0.004405970772825902,0.013298812078461085,3684744,0.9585034258981907,0.9704673557254812,611183,10648,15812,357263,6423,4449,16234.874369345605,651.677938191859,irma_s005,irma,low,0,B_N5_s2
single,active,0.007423660499255192,0.023864955703454028,4110456,0.9730549388074952,0.9840639426792839,1013246,10540,17518,753730,6392,5814,30514.6298411265,2341.053123557844,irma_s006,irma,low,6,B_N5_s2
single,land,0.004399762800378753,0.013401092066378911,3684744,0.9568497148758475,0.9705010479671108,596680,10289,16619,348669,5921,4677,16211.999580118805,661.7404798334583,irma_s006,irma,low,6,B_N5_s2
single,active,0.008642726863443959,0.025498564071634453,4110456,0.9685453605525034,0.981164092991685,1125995,12183,24385,826826,9601,6272,35525.5484922044,2672.5230041366567,irma_s024,irma,mid,6,B_N5_s2
single,land,0.005688211537494649,0.015686233821804382,3684744,0.952392271247623,0.96719398816742,709197,11927,23524,421124,9119,5165,20959.603333514184,906.660486792431,irma_s024,irma,mid,6,B_N5_s2
single,active,0.008320970446101392,0.02419791750394283,4110456,0.9720475874821198,0.9798963683414504,1114472,11541,20507,818285,11081,5707,34202.98289600015,2406.8331652589864,irma_s037,irma,low,-6,B_N5_s2
single,land,0.005286012994337267,0.014894709495545012,3684744,0.9574189024767482,0.9639565009246135,696393,11366,19606,410765,10746,4613,19477.604664806277,817.4691927683963,irma_s037,irma,low,-6,B_N5_s2
single,active,0.00835524154940902,0.025261287583405647,4110456,0.9722118714077304,0.9806703946730452,1106241,11910,19709,819153,10476,5670,34343.8527582176,2623.016181515534,irma_s041,irma,mid,0,B_N5_s2
single,land,0.00530442365769468,0.014960556942881356,3684744,0.9574574992553496,0.9653778215781786,687893,11704,18861,410441,10116,4604,19545.443246148527,824.7130055162111,irma_s041,irma,mid,0,B_N5_s2
single,active,0.008928883186788132,0.02471730312072441,4110456,0.9699075213263145,0.98098194267117,1162794,12746,23331,853624,10556,5993,36701.7814684324,2511.26284329243,irma_s046,irma,mid,-6,B_N5_s2
single,land,0.005909903395691421,0.016019985504078425,3684744,0.9551076482600799,0.9672005605777596,744579,12565,22432,445834,10215,4904,21776.48107785359,945.6524626815024,irma_s046,irma,mid,-6,B_N5_s2
single,active,0.009077573257736674,0.026209605778627135,4110456,0.9699977800676582,0.9810924083257951,1171024,12800,23420,863326,10641,5997,37312.96546270326,2823.650764348387,irma_s049,irma,high,-6,B_N5_s2
single,land,0.006031600314262963,0.016139970004710513,3684744,0.9553526766557229,0.9675557685140819,752495,12609,22558,454340,10296,4939,22224.903068378568,959.8707703599109,irma_s049,irma,high,-6,B_N5_s2
single,active,0.008288971855162823,0.025882556836656058,4110456,0.9742189507691178,0.9818688964647806,1061470,11631,16459,795195,9095,5589,34071.45409588516,2753.622213412497,irma_s059,irma,mid,0,B_N5_s2
single,land,0.005056202304030253,0.015132485893557795,3684744,0.9593761443208059,0.9664104273869885,641885,11444,15736,384066,8758,4591,18630.811102561653,843.7773745543984,irma_s059,irma,mid,0,B_N5_s2
single,active,0.008534653690492897,0.02672413728444271,4110456,0.9729547222309467,0.9822919628777499,1053241,11270,18007,797958,8484,5901,35081.31847000867,2935.603466744916,irma_s063,irma,high,6,B_N5_s2
single,land,0.005196090120739467,0.015627691735283968,3684744,0.9570682542248191,0.9671153219540316,633561,11068,17352,385850,8125,4995,19146.261895854026,899.9056784299995,irma_s063,irma,high,6,B_N5_s2
single,active,0.008892491499284878,0.02633578745078569,4110456,0.9721573461917915,0.9805652966755506,1121366,12448,19668,838854,10868,5758,36552.19503818452,2850.904179291167,irma_s068,irma,high,0,B_N5_s2
single,land,0.005725862348708953,0.016159050998144707,3684744,0.9574159199784965,0.9654451302272117,701693,12259,18951,427502,10506,4795,21098.33693423122,962.1416685350987,irma_s068,irma,high,0,B_N5_s2
single,active,0.006076470467451783,0.019612389491538894,4110456,0.9750668333666285,0.9846024836671062,868806,8508,13708,645786,5539,4560,24977.064491759986,1581.0697251383965,matthew_s005,matthew,low,0,B_N5_s2
single,land,0.0033453157824731667,0.011394084359735908,3684744,0.9554206179905802,0.966137777069048,452363,8285,12822,242346,4987,3507,12326.632257573307,478.37247345157897,matthew_s005,matthew,low,0,B_N5_s2
single,active,0.006018342900361299,0.019585811894930954,4110456,0.9750636977320745,0.9852824492781473,851489,7632,14144,635787,4625,4872,24738.133684847504,1576.7874768052516,matthew_s006,matthew,low,6,B_N5_s2
single,land,0.0032543685918046943,0.011322146124915363,3684744,0.9547029306512729,0.9671200019987841,435124,7424,13221,232250,4081,3815,11991.515142440796,472.3509918462783,matthew_s006,matthew,low,6,B_N5_s2
single,active,0.007368296595574188,0.02100818753392965,4110456,0.9669058309983548,0.9829802465391483,989690,11453,22421,719515,7237,5221,30287.058951057494,1814.1248604619302,matthew_s024,matthew,mid,6,B_N5_s2
single,land,0.00473784757586706,0.013645117338164684,3684744,0.9458527742280602,0.9665532027219069,572886,11244,21552,314904,6674,4223,17457.75542809069,686.0596376877048,matthew_s024,matthew,mid,6,B_N5_s2
single,active,0.0071130743998139056,0.020439294509373387,4110456,0.9716255163560622,0.9826230157916676,972602,10260,18143,719000,7859,4856,29237.979345161468,1717.2036644986824,matthew_s037,matthew,low,-6,B_N5_s2
single,land,0.004340364857486915,0.012977251132498622,3684744,0.9528255308461023,0.9649453706173958,553867,10098,17324,311054,7442,3858,15993.133366435766,620.5442253166062,matthew_s037,matthew,low,-6,B_N5_s2
single,active,0.0070405820808255234,0.0207000793381141,4110456,0.9712557545821034,0.9827934774792714,957191,10961,17367,710713,7886,4557,28940.00285762176,1761.3027926611167,matthew_s041,matthew,mid,0,B_N5_s2
single,land,0.004311583317230385,0.013043257724756873,3684744,0.9515448619428692,0.9646792077376644,538641,10785,16644,302507,7409,3667,15887.080758664757,626.872865691823,matthew_s041,matthew,mid,0,B_N5_s2
single,active,0.007775499428501392,0.02133084340244855,4110456,0.9678004979160256,0.9824902976091648,1037937,12220,22313,757445,8394,5105,31960.84827888012,1870.277540093106,matthew_s046,matthew,mid,-6,B_N5_s2
single,land,0.005030869110509694,0.014118861303217713,3684744,0.9485446443894188,0.9664264734786304,619043,12079,21502,349109,7993,4135,18537.464769735932,734.5251393660603,matthew_s046,matthew,mid,-6,B_N5_s2
single,active,0.007749262476581225,0.021577527331078962,4110456,0.9681702552413303,0.9826812490618578,1039780,12116,22068,759420,8555,4829,31853.002442438155,1913.7859172201088,matthew_s049,matthew,high,-6,B_N5_s2
single,land,0.005054101822180121,0.014112551296178713,3684744,0.9491187936190664,0.9668812512567936,621091,11950,21346,351004,8100,3923,18623.071364667267,733.8687375509637,matthew_s049,matthew,high,-6,B_N5_s2
single,active,0.006639747478273829,0.02066346613251975,4110456,0.9755780310763913,0.9838119908289619,899281,9342,13170,680974,6579,4626,27292.38986055553,1755.0777043739097,matthew_s059,matthew,mid,0,B_N5_s2
single,land,0.0036954627072234266,0.012300087957413504,3684744,0.9566186225125929,0.9648273175334446,479529,9198,12548,269950,6145,3696,13616.834037665278,557.472892662078,matthew_s059,matthew,mid,0,B_N5_s2
single,active,0.0066009423121125,0.021160642379133395,4110456,0.9754714812170195,0.985158332101528,882511,8122,14069,673138,5200,4941,27132.8829324767,1840.5503344294075,matthew_s063,matthew,high,6,B_N5_s2
single,land,0.0036335116693814564,0.012435632735445538,3684744,0.9558442737444576,0.9672529947027446,463270,7943,13458,262024,4777,4094,13388.560322683305,569.8270941311581,matthew_s063,matthew,high,6,B_N5_s2
single,active,0.0073892530718576875,0.021491647483074278,4110456,0.9711006532078384,0.9827227770827042,971089,11649,17250,728913,8150,4665,30373.199624735862,1898.5822686716333,matthew_s068,matthew,high,0,B_N5_s2
single,land,0.004535464939171147,0.013643391419852784,3684744,0.9513882056460313,0.9650210639578356,551182,11497,16666,317490,7725,3783,16712.02722182125,685.8860945839914,matthew_s068,matthew,high,0,B_N5_s2
single,active,0.004326872790761443,0.020939193141500886,4110456,0.9860306379130042,0.9878756015365494,558188,2765,5143,490418,2376,3643,17785.42022402212,1802.228649817284,ian_s005,ian,low,0,B_N5_s2
single,land,0.0011418401822011427,0.007781296860191344,3684744,0.9583360697726347,0.9583363286264441,145922,2276,4068,93318,1655,2402,4207.388760324568,223.10601990867968,ian_s005,ian,low,0,B_N5_s2
single,active,0.004334691367763899,0.02096330433979172,4110456,0.9860854744375844,0.9879417318042869,557726,2744,5126,490273,2323,3661,17817.558140773326,1806.3815233623743,ian_s006,ian,low,6,B_N5_s2
single,land,0.0011421610371914292,0.00780496132808202,3684744,0.9584129452226278,0.9586346662277409,145466,2256,4056,93186,1606,2415,4208.571028824896,224.46510275171258,ian_s006,ian,low,6,B_N5_s2
single,active,0.004667937469564007,0.021246266012651234,4110456,0.9823458847934361,0.9871938898977518,592887,4254,6401,501764,2723,3786,19187.35157939419,1855.4755382058759,ian_s024,ian,mid,6,B_N5_s2
single,land,0.0014858950888598941,0.008469226350060428,3684744,0.9520824877043347,0.9584199965182015,180611,3766,5324,104601,2014,2524,5475.143013305962,264.2985621436239,ian_s024,ian,mid,6,B_N5_s2
single,active,0.004481972568362809,0.02047181329978202,4110456,0.9846832309680907,0.9882476460099477,582770,3465,5600,505461,2501,3510,18422.95103546232,1722.6721318841926,ian_s037,ian,low,-6,B_N5_s2
single,land,0.001310844709148456,0.007750553199237454,3684744,0.9565504848443751,0.9612776994130227,169275,3086,4603,105630,1876,2379,4830.127176966518,221.3465327899907,ian_s037,ian,low,-6,B_N5_s2
single,active,0.004608099504031807,0.02102829434964149,4110456,0.9847303613052634,0.9879520176005309,585951,3511,5575,509229,2654,3556,18941.390254944563,1817.599099237169,ian_s041,ian,mid,0,B_N5_s2
single,land,0.0013889731748080371,0.008363423700399794,3684744,0.9570428681821467,0.9608574256026012,172150,3082,4645,108746,1989,2441,5118.010572034866,257.736257936893,ian_s041,ian,mid,0,B_N5_s2
single,active,0.004682211166636334,0.020663255281894877,4110456,0.9823719301892062,0.9877336763539172,604980,4525,6331,512938,2800,3570,19246.02298316732,1755.0418868261424,ian_s046,ian,mid,-6,B_N5_s2
single,land,0.0015179772982559677,0.008147581609353166,3684744,0.9527904257172004,0.960828964474165,191468,4148,5339,113079,2178,2432,5593.357741884887,244.60467813870588,ian_s046,ian,mid,-6,B_N5_s2
single,active,0.0048140582002806865,0.02122344703951453,4110456,0.9821230004609053,0.9874611921318838,609425,4674,6419,517167,2938,3629,19787.97441369295,1851.4920326477438,ian_s049,ian,high,-6,B_N5_s2
single,land,0.0016033930438040921,0.008764538351789102,3684744,0.9525268068446323,0.9605490686912271,195609,4265,5484,116651,2265,2526,5908.092897798866,283.0514681502087,ian_s049,ian,high,-6,B_N5_s2
single,active,0.004690950983783334,0.021410599965448245,4110456,0.9866425064376521,0.9883805151941963,583159,3056,4839,517179,2631,3449,19281.947616998106,1884.2897172073008,ian_s059,ian,mid,0,B_N5_s2
single,land,0.0013541043142571234,0.008519397467517304,3684744,0.9619967425779352,0.9623045295227824,168335,2726,3924,114214,2005,2469,4989.52774733305,267.4392103630542,ian_s059,ian,mid,0,B_N5_s2
single,active,0.004830081862065673,0.021933715361608364,4110456,0.9862830664102775,0.9879427536327896,588307,3116,5066,521943,2733,3637,19853.83897041902,1977.4905199767861,ian_s063,ian,high,6,B_N5_s2
single,land,0.0014685742384049866,0.009381713007752606,3684744,0.9611359575625076,0.9615403383214053,173214,2791,4213,118231,2106,2623,5411.320113517344,324.3184138330162,ian_s063,ian,high,6,B_N5_s2
single,active,0.004832615106484551,0.021496781326647226,4110456,0.985057251404902,0.9881979102200874,597386,3681,5381,522145,2752,3484,19864.25176014006,1899.4894293303582,ian_s068,ian,high,0,B_N5_s2
single,land,0.0015102987524733462,0.008770618474669794,3684744,0.9589687288237982,0.962675413438467,182556,3344,4467,119159,2118,2502,5565.064266383648,283.4443204783897,ian_s068,ian,high,0,B_N5_s2
single,active,0.0047590748560683484,0.01959460880972997,4110456,0.9814082878152082,0.9861702352153503,627959,5134,6762,514058,3438,3771,19561.967796575278,1578.2042146147367,milton_s005,milton,low,0,B_N5_s2
single,land,0.0017192490642802649,0.008486857890187934,3684744,0.9512210544382066,0.9519099531798,210607,4888,5912,110195,2929,2638,6334.99267411232,265.40016013603037,milton_s005,milton,low,0,B_N5_s2
single,active,0.004756116063536589,0.019637654889555,4110456,0.98133119682911,0.9867147856349898,625895,5286,6621,513737,3177,3740,19549.805810060352,1585.1459327920327,milton_s006,milton,low,6,B_N5_s2
single,land,0.001709355312978744,0.00848288973101172,3684744,0.9507305176304333,0.954015105477906,208557,5042,5766,109893,2684,2613,6298.536733366549,265.1520344135813,milton_s006,milton,low,6,B_N5_s2
single,active,0.006088460244573242,0.020717144535007226,4110456,0.9769548760865523,0.985206968338506,851254,7758,12322,617110,4615,4651,25026.34794306755,1764.2080345182248,milton_s024,milton,mid,6,B_N5_s2
single,land,0.0030942924703421374,0.010678372667371663,3684744,0.958236172204851,0.9655617443282163,433943,7544,11369,213225,4165,3440,11401.675614338368,420.16267272718795,milton_s024,milton,mid,6,B_N5_s2
single,active,0.005700264034441294,0.020204993324099918,4110456,0.976458430036521,0.9854443446435993,780451,8274,10542,588058,4274,4412,23430.684501953423,1678.059772223034,milton_s037,milton,low,-6,B_N5_s2
single,land,0.0026693614281760097,0.009892360908818414,3684744,0.9531122898924618,0.9622820549521037,362054,8104,9707,181522,3873,3242,9835.913506302983,360.58464217701066,milton_s037,milton,low,-6,B_N5_s2
single,active,0.00580725320128728,0.020648286676357586,4110456,0.976317511925416,0.984962719972207,777138,8342,10509,589709,4417,4586,23870.45876475051,1752.5000787644371,milton_s041,milton,mid,0,B_N5_s2
single,land,0.002725647036589835,0.010296316048789868,3684744,0.952389055811109,0.960498489027651,358184,8162,9744,182123,4006,3484,10043.311564192176,390.6349079748631,milton_s041,milton,mid,0,B_N5_s2
single,active,0.006192935001101503,0.020663142501819883,4110456,0.976600553520934,0.9850929203334913,877584,8621,12406,638156,5176,4481,25455.78683288768,1755.0227288364886,milton_s046,milton,mid,-6,B_N5_s2
single,land,0.0032139883163485785,0.010720842852191444,3684744,0.9581973371175758,0.966108343139464,459149,8446,11585,231524,4772,3350,11842.724164735526,423.5114735985073,milton_s046,milton,mid,-6,B_N5_s2
single,active,0.0063159094473869614,0.021043987852751703,4110456,0.9765688951031624,0.9846170562138553,882830,8868,12314,643399,5299,4753,25961.26788346842,1820.3130750468733,milton_s049,milton,high,-6,B_N5_s2
single,land,0.0032914749835718285,0.01106794328677994,3684744,0.9582099911792715,0.9650752452224606,463857,8686,11544,235737,4884,3647,12128.242696866393,451.3788134503433,milton_s049,milton,high,-6,B_N5_s2
single,active,0.005127029506609632,0.020431856568759975,4110456,0.9816989053831159,0.9868318294215997,654695,5560,6645,547142,3599,3702,21074.4291976206,1715.9540974064803,milton_s059,milton,mid,0,B_N5_s2
single,land,0.0019694090487911227,0.009365634126457004,3684744,0.9535996941622404,0.9580384226491405,234473,5393,6016,136440,3221,2755,7256.768176078796,323.2076979803044,milton_s059,milton,mid,0,B_N5_s2
single,active,0.00522171751256729,0.020591559387304444,4110456,0.9814309071902744,0.9872173163325961,659076,6118,6352,553050,3443,3718,21463.640079837292,1742.8839766006488,milton_s063,milton,high,6,B_N5_s2
single,land,0.002051505284139396,0.009941109585917889,3684744,0.9529683577698543,0.9597239767988373,238406,5961,5805,141304,3064,2866,7559.271786700934,364.1472569912486,milton_s063,milton,high,6,B_N5_s2
single,active,0.006057397545771513,0.02128153998700536,4110456,0.9763874928756965,0.9853817600198059,789752,8893,10206,604984,4680,4295,24898.66608640179,1861.6417349366325,milton_s068,milton,high,0,B_N5_s2
single,land,0.0028929159286143658,0.0107688568416981,3684744,0.9528509620095196,0.9622225743515593,369548,8747,9539,194317,4343,3286,10659.654610466212,427.31341536061547,milton_s068,milton,high,0,B_N5_s2
single,active,0.004076464188461807,0.01761666572570661,4110456,0.9843740213631393,0.986629626836279,550081,2654,6078,470942,2416,3966,16756.126682247967,1275.6673235987344,dorian_s005,dorian,low,0,B_N5_s2
single,land,0.0010868878710845874,0.007024267008335847,3684744,0.9556910030475686,0.9537520224232618,144252,2074,4614,83707,1644,2415,4004.9035616517067,181.80647388748403,dorian_s005,dorian,low,0,B_N5_s2
single,active,0.004096306378004664,0.017652364398713122,4110456,0.9840122696535217,0.9868998470146908,550485,2737,6207,470919,2349,3902,16837.68712930754,1280.8426243567653,dorian_s006,dorian,low,6,B_N5_s2
single,land,0.0011089267199082431,0.0070710049565307805,3684744,0.9543693869066866,0.9548854151204084,144628,2161,4754,83626,1579,2372,4086.111077621579,184.23392461367698,dorian_s006,dorian,low,6,B_N5_s2
single,active,0.005205042537892728,0.018963887505558885,4110456,0.9736812688078769,0.9855322295075588,653271,5639,12019,506534,2775,4661,21395.09833013639,1478.2393013569256,dorian_s024,dorian,mid,6,B_N5_s2
single,land,0.002227960368230366,0.009351389240648085,3684744,0.9407371332691598,0.9587455951488174,247253,5089,10487,118895,2044,3072,8209.463599074632,322.22526467938394,dorian_s024,dorian,mid,6,B_N5_s2
single,active,0.004621897484765053,0.017943070795532215,4110456,0.9798837795614043,0.9854297537644504,592717,4137,8031,489122,2765,4467,18998.10624763742,1323.3768860750527,dorian_s037,dorian,low,-6,B_N5_s2
single,land,0.001582617763546728,0.00800410652983756,3684744,0.947953016190919,0.9531022457269871,185540,3619,6568,99481,2129,2766,5831.541308522224,236.06578231687848,dorian_s037,dorian,low,-6,B_N5_s2
single,active,0.004685769485969652,0.018442870593348745,4110456,0.980139519052513,0.9852998477563137,593202,4003,8017,490567,2788,4531,19260.649298220873,1398.128348822492,dorian_s041,dorian,mid,0,B_N5_s2
single,land,0.001589079125927158,0.008161230295611522,3684744,0.948480278125719,0.9526048344968419,185518,3522,6555,100295,2139,2851,5855.34977478534,245.4248795174929,dorian_s041,dorian,mid,0,B_N5_s2
single,active,0.005119630156207691,0.01861940030560686,4110456,0.9761896139092854,0.9850024834805061,646915,5148,10631,509659,2981,4779,21044.01449336484,1425.0213854360686,dorian_s046,dorian,mid,-6,B_N5_s2
single,land,0.0020853019968878855,0.009001867237947407,3684744,0.9455272107501598,0.9567455408802522,239659,4627,9180,119885,2355,3065,7683.804021220654,298.5881221359648,dorian_s046,dorian,mid,-6,B_N5_s2
single,active,0.005222095400716379,0.01917006126710396,4110456,0.9761541548371776,0.9851312918284644,649491,5243,10623,511955,2957,4770,21465.193372447044,1510.5566093359118,dorian_s049,dorian,high,-6,B_N5_s2
single,land,0.002119199500121477,0.009180712516625725,3684744,0.9454873250893618,0.9576255837211683,241763,4764,9175,121606,2325,3056,7808.707642875612,310.5704252396685,dorian_s049,dorian,high,-6,B_N5_s2
single,active,0.004415680453570633,0.01833986519617156,4110456,0.9844036792563913,0.9860119662474001,568501,2670,6337,491595,2631,4343,18150.46021446213,1382.5545696493598,dorian_s059,dorian,mid,0,B_N5_s2
single,land,0.001245746076477554,0.007653154679002777,3684744,0.957052894457218,0.955190527323911,159423,2182,4972,98739,1961,2671,4590.255380824208,215.8183174338402,dorian_s059,dorian,mid,0,B_N5_s2
single,active,0.004517844025852621,0.018879429824829923,4110456,0.9842481319513791,0.9861240552962284,571671,2852,6297,494130,2672,4281,18570.39908313006,1465.1016311878375,dorian_s063,dorian,high,6,B_N5_s2
single,land,0.001308887422687116,0.007944812626595495,3684744,0.9569623390956897,0.9553646926928449,162141,2379,4913,100555,2006,2692,4822.915077421814,232.58121693805182,dorian_s063,dorian,high,6,B_N5_s2
single,active,0.004884530485519571,0.018893406136557447,4110456,0.9800950736487157,0.9851221999535377,602240,4206,8025,500381,2843,4714,20077.647641386837,1467.2716433848473,dorian_s068,dorian,high,0,B_N5_s2
single,land,0.0016836558045916906,0.008531470820132383,3684744,0.9490520977680809,0.9540256419362858,193134,3753,6615,107450,2219,2959,6203.840624034405,268.19775598277374,dorian_s068,dorian,high,0,B_N5_s2
single,active,0.007154024390750665,0.02388112615267405,4110456,0.9744333747262851,0.9838083243852229,1027959,10351,16620,763208,7801,4760,29406.302481107414,2344.2267063078843,irma_s005,irma,low,0,B_N10_s0
single,land,0.004419204920498703,0.013364538975117414,3684744,0.9592740150509075,0.9700314431313022,611094,10043,15901,357864,7208,3848,16283.638815578073,658.135449543322,irma_s005,irma,low,0,B_N10_s0
single,active,0.00717155727456708,0.023882871247914838,4110456,0.9731473063698026,0.9838975912882709,1012624,9802,18140,754616,7422,4928,29478.3706285879,2344.5693240146056,irma_s006,irma,low,6,B_N10_s0
single,land,0.004420073164878199,0.013520990415168825,3684744,0.9567967346257168,0.9698118969945165,595871,9478,17428,349302,6829,4044,16286.838073845953,673.6345137605738,irma_s006,irma,low,6,B_N10_s0
single,active,0.008526773179754378,0.02593985766504131,4110456,0.9683469339129672,0.9806690709874935,1125774,12193,24606,827720,10938,5378,35048.92597736046,2765.828078009847,irma_s024,irma,mid,6,B_N10_s0
single,land,0.005838457683838751,0.01634442159363452,3684744,0.9519199776521907,0.96603019080534,708792,11871,23929,421791,10334,4498,21513.221919778734,984.3429441242578,irma_s024,irma,mid,6,B_N10_s0
single,active,0.008067975726315929,0.02389656085606604,4110456,0.9726633316640871,0.9802055198608965,1114892,11247,20087,819096,11645,4896,33163.05923208967,2347.257898075976,irma_s037,irma,low,-6,B_N10_s0
single,land,0.005307022539490781,0.015011866310240958,3684744,0.9582490257922617,0.9643538684433859,696648,11002,19351,411349,11176,4029,19555.019460253417,830.3796483101677,irma_s037,irma,low,-6,B_N10_s0
single,active,0.008136225293992579,0.025345455792376057,4110456,0.972719136605642,0.9806141020091405,1106433,11514,19517,820066,11455,4757,33443.59607704356,2640.5245823296896,irma_s041,irma,mid,0,B_N10_s0
single,land,0.005360804303936317,0.015182475908364473,3684744,0.9580894867173811,0.964991103411689,687914,11252,18840,411092,10961,3953,19753.19149410352,849.3614028601039,irma_s041,irma,mid,0,B_N10_s0
single,active,0.008720356653277143,0.02455122159568285,4110456,0.9705973150442626,0.9807398531587398,1163290,12405,22835,854500,11664,5117,35844.64232760295,2477.62866005545,irma_s046,irma,mid,-6,B_N10_s0
single,land,0.005979235720116829,0.016341722866252878,3684744,0.956038836446709,0.9666261833784712,744912,12154,22099,446503,11181,4235,22031.952944286168,984.0179091968672,irma_s046,irma,mid,-6,B_N10_s0
single,active,0.00887824250688575,0.026485437347549375,4110456,0.970550731073979,0.980675007432253,1171380,12479,23064,864263,11971,5060,36493.62518188357,2883.396063174379,irma_s049,irma,high,-6,B_N10_s0
single,land,0.006112804970383759,0.016478605886695814,3684744,0.9560647400136166,0.9665820526164859,752683,12219,22370,455033,11486,4246,22524.121437791735,1000.5717901262302,irma_s049,irma,high,-6,B_N10_s0
single,active,0.008040256843999066,0.02584670273986451,4110456,0.9745116446547756,0.9819958060934995,1060906,10725,17023,796104,9916,4680,33049.12198595703,2745.99852650059,irma_s059,irma,mid,0,B_N10_s0
single,land,0.005079098721015768,0.015236019223058717,3684744,0.9597211162534501,0.9664159796637076,641182,10471,16439,384736,9449,3921,18715.178537670523,855.3627714174214,irma_s059,irma,mid,0,B_N10_s0
single,active,0.008350647784279795,0.026863145172241032,4110456,0.9726700768966168,0.9823106450891046,1051896,10204,19352,798927,9455,4932,34324.97028877959,2966.2224793467813,irma_s063,irma,high,6,B_N10_s0
single,land,0.005284857205430702,0.016020378553259756,3684744,0.956437198688985,0.9669073420583373,632073,9949,18840,386615,9002,4230,19473.345878567547,945.6988662797895,irma_s063,irma,high,6,B_N10_s0
single,active,0.008682394011421644,0.026388619571042635,4110456,0.9725251943464737,0.9805915824848986,1121164,11804,19870,839760,11769,4852,35688.59855861217,2862.354027990778,irma_s068,irma,high,0,B_N10_s0
single,land,0.005784539865993287,0.016383847768508084,3684744,0.9578731866144765,0.9652918831790975,701349,11550,19295,428189,11288,4108,21314.548563979566,989.0975552808386,irma_s068,irma,high,0,B_N10_s0
single,active,0.005879613464940173,0.01945268179515035,4110456,0.9757042861983918,0.9848598404182395,869534,8672,12980,646527,6120,3819,24167.892444644123,1555.4246208001011,matthew_s005,matthew,low,0,B_N10_s0
single,land,0.003344726807595839,0.011458147314570621,3684744,0.9564149668482622,0.9663992295263338,452939,8395,12246,242831,5421,3022,12324.462035927922,483.76687044684127,matthew_s005,matthew,low,0,B_N10_s0
single,active,0.005839677066408013,0.01942784120563613,4110456,0.9753457186757927,0.9851369526961038,851865,7765,13768,636496,5440,4163,24003.735635679215,1551.4546802782515,matthew_s006,matthew,low,6,B_N10_s0
single,land,0.003256119394244707,0.011387696101152875,3684744,0.9549674452887805,0.9664507287903327,435320,7503,13025,232731,4745,3334,11997.966401226819,477.83621090044466,matthew_s006,matthew,low,6,B_N10_s0
single,active,0.007304315567267935,0.02119915216508724,4110456,0.9674811521398684,0.9819458648667075,990305,11480,21806,720110,8614,4626,30024.06774936989,1847.255584099078,matthew_s024,matthew,mid,6,B_N10_s0
single,land,0.004831480772351046,0.014047138367765628,3684744,0.946629065067498,0.9639514582995728,573324,11210,21114,315269,7932,3858,17802.769787035882,727.0814104941608,matthew_s024,matthew,mid,6,B_N10_s0
single,active,0.00694591340866988,0.020228611250647698,4110456,0.9721433410404855,0.9822890607620194,972923,10057,17822,719734,8855,4122,28550.87144614756,1681.985084664791,matthew_s037,matthew,low,-6,B_N10_s0
single,land,0.004365835765533203,0.013133965023799947,3684744,0.9535146670338086,0.9640399514839476,554054,9874,17137,311570,8280,3342,16086.987142033875,635.6221619874502,matthew_s037,matthew,low,-6,B_N10_s0
single,active,0.006912088744603826,0.020667757324471524,4110456,0.9722192334786202,0.9824384045961773,957809,10620,16749,711364,8810,3906,28411.836652789265,1755.8067357274701,matthew_s041,matthew,mid,0,B_N10_s0
single,land,0.0043471478137305725,0.013232638365838562,3684744,0.9530303726670745,0.9636427253642089,539135,10421,16150,302950,8206,3224,16018.126823756844,645.2086899802769,matthew_s041,matthew,mid,0,B_N10_s0
single,active,0.007659564822434729,0.021263585374122346,4110456,0.9686059676826686,0.9818397955034588,1038580,11992,21670,758214,9688,4336,31484.304181765765,1858.5018346449551,matthew_s046,matthew,mid,-6,B_N10_s0
single,land,0.005107208162803471,0.014463081466074413,3684744,0.9497135709281773,0.9649253525402213,619539,11798,21006,349660,9126,3584,18818.75463464111,770.7774231807881,matthew_s046,matthew,mid,-6,B_N10_s0
single,active,0.007660548915947598,0.021670362954268774,4110456,0.9688086362904105,0.9819241312137817,1040391,12039,21457,760133,9877,4116,31488.349254850298,1930.2891713531894,matthew_s049,matthew,high,-6,B_N10_s0
single,land,0.005140121872303994,0.014473721495279968,3684744,0.9500278175170879,0.9651165664048236,621569,11827,20868,351508,9286,3419,18940.033228240907,771.9119132208306,matthew_s049,matthew,high,-6,B_N10_s0
single,active,0.0064596001613522695,0.020499206557402807,4110456,0.9761829579401172,0.984126869550153,899618,9116,12833,681685,7080,3915,26551.902240831405,1727.2854187414864,matthew_s059,matthew,mid,0,B_N10_s0
single,land,0.0036874507600405887,0.012341349508545894,3684744,0.9575954028586426,0.9653674554734626,479762,8930,12315,270467,6524,3179,13587.312063354999,561.2193337649677,matthew_s059,matthew,mid,0,B_N10_s0
single,active,0.006506536207330623,0.021408034384973004,4110456,0.9755525490872273,0.9850257390663778,882598,8136,13982,673929,6095,4150,26744.830792639405,1883.8381644927663,matthew_s063,matthew,high,6,B_N10_s0
single,land,0.003653285263671528,0.012531294189142672,3684744,0.9558823529411765,0.9667139044814577,463255,7908,13473,262632,5557,3486,13461.42095560208,578.6276354585707,matthew_s063,matthew,high,6,B_N10_s0
single,active,0.007260625071044987,0.021445505104781815,4110456,0.9718571818763012,0.9824927378529902,971380,11170,16959,729549,8971,4029,29844.479887027293,1890.438541427081,matthew_s068,matthew,high,0,B_N10_s0
single,land,0.004562435789592415,0.013811352853147106,3684744,0.9525697572167255,0.9643824481266132,551375,10981,16473,317954,8424,3319,16811.407901085913,702.877695344072,matthew_s068,matthew,high,0,B_N10_s0
single,active,0.004262605699851326,0.021035386638646805,4110456,0.9862857970001394,0.9881316150746202,558724,3162,4607,490886,2721,3175,17521.253174588084,1818.8253624594652,ian_s005,ian,low,0,B_N10_s0
single,land,0.001165280256888946,0.007946548521669837,3684744,0.9585987678594835,0.9590168133523223,146263,2590,3727,93601,1881,2119,4293.759434890002,232.68286331157535,ian_s005,ian,low,0,B_N10_s0
single,active,0.004272946740175289,0.021055762104558912,4110456,0.9864020580668872,0.9882103253789106,558272,3116,4580,490766,2687,3168,17563.759565833956,1822.3505995472506,ian_s006,ian,low,6,B_N10_s0
single,land,0.001167225467860885,0.007973247760692932,3684744,0.9589583401834741,0.9592837719973321,145824,2543,3698,93487,1854,2114,4300.927039347589,234.24905065371755,ian_s006,ian,low,6,B_N10_s0
single,active,0.004599505393923604,0.021317159969235416,4110456,0.9828563571788279,0.9874053583260097,593315,4376,5973,502223,3079,3327,18906.06454348564,1867.8787967398027,ian_s024,ian,mid,6,B_N10_s0
single,land,0.0015149311239879234,0.00862254897283043,3684744,0.9531092711566942,0.9588263262805625,180842,3804,5093,104863,2241,2262,5582.133369527757,273.9546394791438,ian_s024,ian,mid,6,B_N10_s0
single,active,0.004449830111061068,0.020654703315785165,4110456,0.9849850255654897,0.9885840555811718,583120,3639,5250,505985,2857,2986,18290.830878991634,1753.5894580960612,ian_s037,ian,low,-6,B_N10_s0
single,land,0.001339062935103006,0.007931663065154857,3684744,0.9570859805167302,0.9624428923060155,169476,3197,4402,105964,2090,2045,4934.10411574319,231.81195775071868,ian_s037,ian,low,-6,B_N10_s0
single,active,0.004561819034488027,0.02119209061981994,4110456,0.9850304984066242,0.9881276184087829,586366,3751,5160,509695,3034,3090,18751.156421225518,1846.0251286323,ian_s041,ian,mid,0,B_N10_s0
single,land,0.0014159696694708746,0.008531018137982987,3684744,0.9577591521836936,0.961095634388885,172434,3244,4361,109019,2245,2168,5217.485743764788,268.169295446901,ian_s041,ian,mid,0,B_N10_s0
single,active,0.00464111636865179,0.02082104333996536,4110456,0.9828359141974317,0.9880833931537246,605308,4568,6003,513419,3103,3089,19077.104624222964,1781.9478093186508,ian_s046,ian,mid,-6,B_N10_s0
single,land,0.0015460645201104933,0.008313112248330298,3684744,0.9537957737366498,0.9619610871170017,191650,4127,5157,113370,2342,2141,5696.8519640900195,254.64468130273016,ian_s046,ian,mid,-6,B_N10_s0
single,active,0.0047581146134932075,0.021376159277900413,4110456,0.9825058042770393,0.9876776184106837,609805,4819,6039,517629,3291,3167,19558.020761720836,1878.2325270234062,ian_s049,ian,high,-6,B_N10_s0
single,land,0.0016321108765216842,0.008919751425246454,3684744,0.9534811266563464,0.9610013889916249,195866,4329,5227,116926,2494,2251,6013.910759598017,293.165474960801,ian_s049,ian,high,-6,B_N10_s0
single,active,0.004644412159923748,0.021657378149223777,4110456,0.9867941820001827,0.9883090176939953,583596,3408,4402,517614,3109,3014,19090.65182923153,1927.9766194716387,ian_s059,ian,mid,0,B_N10_s0
single,land,0.0013780267312899358,0.008703727136898107,3684744,0.9621327095338621,0.9620037299013761,168633,3011,3626,114515,2355,2168,5077.675729960203,279.13728823541464,ian_s059,ian,mid,0,B_N10_s0
single,active,0.004763350618241754,0.022032735808836648,4110456,0.986516353131802,0.988065589146891,588750,3424,4623,522496,3227,3084,19579.543128855526,1995.3857093823235,ian_s063,ian,high,6,B_N10_s0
single,land,0.0014912741240437212,0.009533755869315647,3684744,0.9615851327315946,0.9616925347475632,173544,3050,3883,118594,2464,2260,5494.963380925357,334.91559761524354,ian_s063,ian,high,6,B_N10_s0
single,active,0.0047875591009951856,0.021746644837518907,4110456,0.985287306304569,0.9881702903346582,597761,3920,5006,522582,3209,3047,19679.05103204027,1943.9027184946922,ian_s068,ian,high,0,B_N10_s0
single,land,0.0015359935290945568,0.008951528994310691,3684744,0.9593361954045913,0.9625857192357591,182790,3515,4233,119454,2436,2207,5659.742940369993,295.2580626260426,ian_s068,ian,high,0,B_N10_s0
single,active,0.004640123752057473,0.01958935513953428,4110456,0.9816425573816613,0.9861610658776954,628050,5074,6671,514639,4032,3190,19073.02451738715,1577.3580376899608,milton_s005,milton,low,0,B_N10_s0
single,land,0.001762840072063895,0.008670241632309776,3684744,0.9517094248883585,0.9519480743074565,210560,4725,5959,110584,3333,2249,6495.6143784970045,276.99359220128946,milton_s005,milton,low,0,B_N10_s0
single,active,0.004642780004408182,0.019646841148993205,4110456,0.9817953704284549,0.9867314108332006,626032,5124,6484,514315,3754,3162,19083.942925799638,1586.6293041752185,milton_s006,milton,low,6,B_N10_s0
single,land,0.0017557010793504732,0.008671136629351385,3684744,0.9518123978786136,0.9541486038643581,208544,4779,5779,110270,3063,2236,6469.30901793018,277.0507812051063,milton_s006,milton,low,6,B_N10_s0
single,active,0.005874131673077103,0.020507799515719523,4110456,0.9774102696875097,0.9854310551080628,851296,7395,12280,617816,5189,3945,24145.359780389816,1728.733826262733,milton_s024,milton,mid,6,B_N10_s0
single,land,0.003112411090911117,0.010744053670662326,3684744,0.9588555412616101,0.9660200977312076,433792,7094,11520,213702,4554,2963,11468.438092768192,425.34727870924235,milton_s024,milton,mid,6,B_N10_s0
single,active,0.005530639323012072,0.02007843089630307,4110456,0.977333221435738,0.9859007526854713,780253,7356,10740,588775,4725,3695,22733.44958911091,1657.1031550133987,milton_s037,milton,low,-6,B_N10_s0
single,land,0.0026944499415390466,0.010001140278277918,3684744,0.9546523505237903,0.9631387614496849,361692,7112,10069,182013,4215,2751,9928.358255386353,368.5584374618893,milton_s037,milton,low,-6,B_N10_s0
single,active,0.00563183383071473,0.02058979179375403,4110456,0.977395344975716,0.9855074398925117,776999,7322,10648,590452,4840,3843,23149.405160464346,1742.584768736585,milton_s041,milton,mid,0,B_N10_s0
single,land,0.0027568058582263287,0.010430722417818908,3684744,0.9544121176564708,0.9617033152196807,357895,7062,10033,182639,4305,2968,10158.123845264316,400.9000372383585,milton_s041,milton,mid,0,B_N10_s0
single,active,0.006005373470955854,0.02048218502457476,4110456,0.9773571919398687,0.9855162338814303,877570,7911,12420,638854,5606,3783,24684.823415931314,1724.4181039715002,milton_s046,milton,mid,-6,B_N10_s0
single,land,0.0032348230967665054,0.010803263457509156,3684744,0.9594240646171405,0.9668969943487755,458976,7653,11758,232005,5074,2869,11919.4949968718,430.0483195213786,milton_s046,milton,mid,-6,B_N10_s0
single,active,0.006116650229980768,0.02093318048533647,4110456,0.9774786793662322,0.9849494952583953,882891,8089,12253,644155,5846,3997,25142.22163772583,1801.1937842107964,milton_s049,milton,high,-6,B_N10_s0
single,land,0.003314847098440604,0.011174238680199585,3684744,0.9597300574900561,0.9655357026090368,463755,7813,11646,236255,5304,3129,12214.362956896424,460.0904380682417,milton_s049,milton,high,-6,B_N10_s0
single,active,0.0050343258511861355,0.020649965065593683,4110456,0.9821575113831567,0.9868494542676665,654662,5215,6678,547735,4190,3109,20693.374900963157,1752.7849931361723,milton_s059,milton,mid,0,B_N10_s0
single,land,0.0020148975868853163,0.009586525881034891,3684744,0.9546158233520736,0.9579177253732597,234320,4971,6169,136851,3668,2344,7424.381793890148,338.6334213751776,milton_s059,milton,mid,0,B_N10_s0
single,active,0.00513258243726354,0.02080270263582434,4110456,0.9822792959406756,0.987173909942805,659132,5595,6296,553694,4120,3074,21097.25427474454,1778.8098509943816,milton_s063,milton,high,6,B_N10_s0
single,land,0.00210275379063397,0.01017641262527083,3684744,0.954998377345337,0.9592434700230071,238359,5380,5852,141757,3610,2413,7748.109413515776,381.5897816946346,milton_s063,milton,high,6,B_N10_s0
single,active,0.005878942440871412,0.02129850584772561,4110456,0.9773704054530934,0.9856596293831135,789339,7657,10619,605677,5210,3602,24165.13422973454,1864.6111576466378,milton_s068,milton,high,0,B_N10_s0
single,land,0.002913868769372606,0.010882922382679865,3684744,0.9546429412236471,0.962943191423106,369001,7446,10086,194814,4708,2789,10736.860464733094,436.41370835180135,milton_s068,milton,high,0,B_N10_s0
single,active,0.004014213849629242,0.017767733546961467,4110456,0.9845248910858508,0.9865564161607704,550503,2997,5656,471278,2792,3630,16500.249403491616,1297.6395363908805,dorian_s005,dorian,low,0,B_N10_s0
single,land,0.0011086057482380045,0.007243581421007308,3684744,0.9556025929355735,0.9525800368089796,144468,2314,4398,83848,1900,2274,4084.9283791854978,193.33657140839736,dorian_s005,dorian,low,0,B_N10_s0
single,active,0.004029888981506057,0.01781294366097484,4110456,0.984305521562266,0.9868589414694112,550966,3059,5726,471236,2690,3585,16564.68134336546,1304.251642520464,dorian_s006,dorian,low,6,B_N10_s0
single,land,0.0011283240589500683,0.007287835890806764,3684744,0.9547964158650679,0.9539383035175422,144919,2398,4463,83772,1819,2226,4157.585306271911,195.70615720105087,dorian_s006,dorian,low,6,B_N10_s0
single,active,0.005111657864206481,0.019038332631738642,4110456,0.9741539314737044,0.9856339605473443,653442,5489,11848,506949,3143,4246,21011.244737874717,1489.8681105184223,dorian_s024,dorian,mid,6,B_N10_s0
single,land,0.0022479041699783224,0.009498215611970322,3684744,0.9413901837126405,0.958505021890291,247194,4844,10546,119100,2289,2867,8282.951402902603,332.42323248374015,dorian_s024,dorian,mid,6,B_N10_s0
single,active,0.004520766844209022,0.017935531021837755,4110456,0.9806571382284776,0.9857370116794201,593225,4178,7523,489517,3011,4072,18582.41319938004,1322.2649397476055,dorian_s037,dorian,low,-6,B_N10_s0
single,land,0.0015945094948143033,0.00813339242877519,3684744,0.949601688289789,0.9535081760163807,185838,3593,6270,99654,2266,2593,5875.359293960035,243.75345186515176,dorian_s037,dorian,low,-6,B_N10_s0
single,active,0.004614865700461968,0.01853855392872387,4110456,0.9807089410482153,0.985396068419299,593731,4191,7488,490946,3124,4152,18969.2024076581,1412.673222227002,dorian_s041,dorian,mid,0,B_N10_s0
single,land,0.0016137513774021157,0.008342541957724376,3684744,0.9495523486366052,0.9526477447244184,185816,3615,6257,100491,2340,2655,5946.260705374181,256.45083618628627,dorian_s041,dorian,mid,0,B_N10_s0
single,active,0.005013010888680934,0.018591674652114188,4110456,0.976759520946157,0.9852232542059938,647321,5177,10225,510122,3335,4316,20605.760685443878,1420.780622348033,dorian_s046,dorian,mid,-6,B_N10_s0
single,land,0.0021006344340045286,0.009110487973500211,3684744,0.9465085535013121,0.9570540906556202,239850,4566,8989,120139,2580,2811,7740.300126891583,305.83740400612544,dorian_s046,dorian,mid,-6,B_N10_s0
single,active,0.005134991458208112,0.01924568877739304,4110456,0.9765974136039742,0.9852707036988608,649908,5368,10206,512392,3327,4333,21107.156449340284,1522.498665902531,dorian_s049,dorian,high,-6,B_N10_s0
single,land,0.0021443911111561826,0.00934052567141084,3684744,0.9461249706733401,0.9575948123403419,241962,4802,8976,121830,2563,2832,7901.532280486077,321.47703720290644,dorian_s049,dorian,high,-6,B_N10_s0
single,active,0.004377711215606827,0.018549841467502177,4110456,0.9845445736434109,0.9861497177235916,568988,3082,5850,492068,3041,3870,17994.389332458377,1414.3940099675162,dorian_s059,dorian,mid,0,B_N10_s0
single,land,0.0012729101579934453,0.007890904957744865,3684744,0.9570291904328236,0.9548331082384719,159732,2509,4663,98978,2250,2432,4690.348067205399,229.43567398366946,dorian_s059,dorian,mid,0,B_N10_s0
single,active,0.004481931256251067,0.019185698578142084,4110456,0.9846609669354797,0.9861685538002577,572282,3229,5686,494530,3055,3881,18422.781223844737,1513.0219825273866,dorian_s063,dorian,high,6,B_N10_s0
single,land,0.001335416293832608,0.008195191572895028,3684744,0.957867320361575,0.9552576948233532,162552,2648,4502,100773,2246,2474,4920.66717620194,247.47169945889846,dorian_s063,dorian,high,6,B_N10_s0
single,active,0.004824507485513847,0.019024201545148813,4110456,0.9805286611664907,0.9853224112085551,602679,4382,7586,500865,3231,4230,19830.925740875304,1487.6572402405789,dorian_s068,dorian,high,0,B_N10_s0
single,land,0.0017111621565773197,0.008722650473684975,3684744,0.9498590276345131,0.9540196286848073,193378,3837,6371,107705,2487,2704,6305.19448947534,280.3523886235835,dorian_s068,dorian,high,0,B_N10_s0
single,active,0.007055519759150387,0.023581578487261657,4110456,0.9745014917481778,0.982124124525624,1032153,14581,12426,763959,9896,4009,29001.403527118266,2285.7869460629654,irma_s005,irma,low,0,B_N10_s1
single,land,0.00464083919063837,0.013736563476286627,3684744,0.9594676572458717,0.9666548947401055,615250,14246,11745,358570,9227,3142,17100.304362669587,695.2860486156293,irma_s005,irma,low,0,B_N10_s1
single,active,0.007060543437142674,0.023620926953921033,4110456,0.9738076869327503,0.9823682855404077,1017370,13970,13394,755453,9468,4091,29022.053134463727,2293.4214859424787,irma_s006,irma,low,6,B_N10_s1
single,land,0.004629412623139073,0.013926739074975228,3684744,0.957980954811542,0.9666943707356673,600587,13631,12712,350099,8815,3247,17058.20038663596,714.671063512415,irma_s006,irma,low,6,B_N10_s1
single,active,0.008525916828911656,0.026047772704648958,4110456,0.9695502619438245,0.9786511877838074,1131693,16855,18687,828668,13647,4430,35045.40598490089,2788.888752235327,irma_s024,irma,mid,6,B_N10_s1
single,land,0.00617033155945159,0.017217021238738167,3684744,0.9538727657120892,0.9622733853564371,714672,16511,18049,422719,13003,3570,22736.092191699892,1092.253262925063,irma_s024,irma,mid,6,B_N10_s1
single,active,0.00804840866574268,0.023808004819960624,4110456,0.9729611138432772,0.9781096794900094,1119779,15919,15200,819786,14141,4206,33082.62969055399,2329.893164733512,irma_s037,irma,low,-6,B_N10_s1
single,land,0.005625821072856252,0.015572432654930631,3684744,0.9587459219501928,0.9603365692775647,701477,15662,14522,412018,13657,3360,20729.710443280637,893.5528474811583,irma_s037,irma,low,-6,B_N10_s1
single,active,0.0081624609897528,0.025342150244313803,4110456,0.9729941987213723,0.9783886163279123,1111317,16212,14633,820825,14133,3998,33551.43675009534,2639.8358741201146,irma_s041,irma,mid,0,B_N10_s1
single,land,0.005708886950301277,0.01583699943211629,3684744,0.9585673545125095,0.9606895827744276,692748,15937,14006,411814,13620,3231,21035.786936800927,924.1726729812993,irma_s041,irma,mid,0,B_N10_s1
single,active,0.008751645878094455,0.02455915919515665,4110456,0.9710398616253866,0.9784938609457301,1168830,17564,17295,855278,14459,4339,35973.255309488624,2479.230991982195,irma_s046,irma,mid,-6,B_N10_s1
single,land,0.0063618698435535664,0.01708909205876761,3684744,0.9567533452758139,0.9624517411907498,750396,17304,16615,447234,13944,3504,23441.861734814942,1076.081831854078,irma_s046,irma,mid,-6,B_N10_s1
single,active,0.008901252860848715,0.026401706695704023,4110456,0.9711571223617483,0.9785277669692062,1177158,17675,17286,865089,14749,4234,36588.20822939277,2865.1938334460883,irma_s049,irma,high,-6,B_N10_s1
single,land,0.006512197236385652,0.017242097747404223,3684744,0.9570546495736634,0.9626037172428794,758417,17396,16636,455815,14244,3464,23995.779693588614,1095.437303260598,irma_s049,irma,high,-6,B_N10_s1
single,active,0.008020424293186362,0.0257366637226126,4110456,0.9745351461269877,0.9798188604069185,1065355,15264,12574,796774,12401,4010,32967.60115847364,2722.6668262281314,irma_s059,irma,mid,0,B_N10_s1
single,land,0.005377661089883367,0.015712683339458144,3684744,0.9598335479151862,0.9620620358235037,645609,15005,12012,385378,11918,3279,19815.304434981197,909.7206158856875,irma_s059,irma,mid,0,B_N10_s1
single,active,0.008313774531684493,0.02680893785814073,4110456,0.973453894478609,0.9802007866246839,1057095,14674,14153,799737,12032,4122,34173.40440640971,2954.2634386575683,irma_s063,irma,high,6,B_N10_s1
single,land,0.005568269035373238,0.016550016190587526,3684744,0.957799444780956,0.962754853524459,637246,14410,13667,387401,11543,3444,20517.645918477327,1009.2625681464008,irma_s063,irma,high,6,B_N10_s1
single,active,0.008744302623654483,0.026476194715954693,4110456,0.9727527519746416,0.9783652279182381,1126258,16771,14776,840494,14468,4118,35943.07118521631,2881.3839750109814,irma_s068,irma,high,0,B_N10_s1
single,land,0.006171300695332658,0.01710539897625577,3684744,0.9582992496849382,0.9610571202570647,706417,16513,14227,428890,13972,3407,22739.66320932284,1078.1364699578678,irma_s068,irma,high,0,B_N10_s1
single,active,0.005830441637116636,0.01937883075388513,4110456,0.9753323822854664,0.9835576417368675,872388,11938,10126,647057,7528,3289,23965.773809935898,1543.636870324659,matthew_s005,matthew,low,0,B_N10_s1
single,land,0.003493952073139857,0.011714198750858058,3684744,0.9557840606183898,0.9631369786017939,455736,11634,9449,243325,6785,2528,12874.318937789649,505.6296080526096,matthew_s005,matthew,low,0,B_N10_s1
single,active,0.005790407654885987,0.019445867967014724,4110456,0.9754233787691037,0.9839307691951332,854863,10769,10770,637167,6914,3492,23801.215887472034,1554.3351525233718,matthew_s006,matthew,low,6,B_N10_s1
single,land,0.003395012168656759,0.011643214160458482,3684744,0.9552146423644332,0.9633176740614757,438284,10488,10061,233356,6177,2709,12509.750718384981,499.5202421139063,matthew_s006,matthew,low,6,B_N10_s1
single,active,0.007382144034809521,0.02171647119404809,4110456,0.9681802918891036,0.9805037527827982,994752,15334,17359,720985,10585,3751,30343.978240747005,1938.5120997463248,matthew_s024,matthew,mid,6,B_N10_s1
single,land,0.005041031192471324,0.014564721141938665,3684744,0.947895696230777,0.9609091213063528,577732,15051,16706,316117,9850,3010,18574.909440271556,781.6488050957761,matthew_s024,matthew,mid,6,B_N10_s1
single,active,0.0069444349684177065,0.020270958208064457,4110456,0.9722249042195172,0.98065853034239,976737,13896,14008,720278,10628,3578,28544.79438254237,1689.0346545829068,matthew_s037,matthew,low,-6,B_N10_s1
single,land,0.004577536073953583,0.01355397203129164,3684744,0.9537327059724663,0.9604358945162352,557823,13693,13368,312085,10029,2827,16867.04858328402,676.9249017848545,matthew_s037,matthew,low,-6,B_N10_s1
single,active,0.006959185966724412,0.020826078347274454,4110456,0.9720672085405799,0.9808304288528565,961530,14602,13028,711975,10620,3295,28605.42771203816,1782.8097454791377,matthew_s041,matthew,mid,0,B_N10_s1
single,land,0.0045564041264429655,0.013657027011255773,3684744,0.952862183369319,0.9600809703793906,542817,14385,12468,303544,9991,2630,16789.18276648596,687.2577676240185,matthew_s041,matthew,mid,0,B_N10_s1
single,active,0.0077311006089478395,0.0214869790710942,4110456,0.9688237217233654,0.9798697928099394,1043117,16434,17133,758868,11908,3682,31778.3488846533,1897.7575388256794,matthew_s046,matthew,mid,-6,B_N10_s1
single,land,0.005387571276441272,0.0150843520911269,3684744,0.9501516508011912,0.9609060835312899,624033,16227,16512,350306,11314,2938,19851.82093543932,838.418093817906,matthew_s046,matthew,mid,-6,B_N10_s1
single,active,0.007792916920329362,0.022090775488394585,4110456,0.9691414473989297,0.979999871182991,1044938,16362,16910,760769,12046,3480,32032.44211266935,2005.9122355761974,matthew_s049,matthew,high,-6,B_N10_s1
single,land,0.005425645981393195,0.015106224025708584,3684744,0.9506649923547517,0.9611797300432641,626088,16142,16349,352133,11428,2794,19992.116476062685,840.8512272112845,matthew_s049,matthew,high,-6,B_N10_s1
single,active,0.006464712977613047,0.020489383307110046,4110456,0.9758767637730822,0.9827288901053784,902484,12342,9967,682176,8565,3424,26572.918247107416,1725.6303798980514,matthew_s059,matthew,mid,0,B_N10_s1
single,land,0.0038733460261610414,0.012651579610266767,3684744,0.957073161057454,0.9619574480172708,482585,12153,9492,270918,7986,2728,14272.28852982074,589.7892135582136,matthew_s059,matthew,mid,0,B_N10_s1
single,active,0.006537353493617201,0.02153639980979152,4110456,0.9756639726997646,0.9837825461110925,885738,11251,10842,674561,7602,3518,26871.503891959786,1906.4973842447894,matthew_s063,matthew,high,6,B_N10_s1
single,land,0.0038260041185886147,0.012816473023695199,3684744,0.9561684783722942,0.963621786658271,466375,11026,10353,263221,7040,2897,14097.845719944686,605.263348059712,matthew_s063,matthew,high,6,B_N10_s1
single,active,0.007331191754669631,0.021612604130029862,4110456,0.9718146621954926,0.9808609740401938,975182,15126,13157,730097,10765,3481,30134.541135132313,1920.0131411502077,matthew_s068,matthew,high,0,B_N10_s1
single,land,0.0047961754042378365,0.014279427268925336,3684744,0.9525900529884963,0.9608173214711304,555139,14920,12709,318485,10200,2788,17672.678543712944,751.3268300055867,matthew_s068,matthew,high,0,B_N10_s1
single,active,0.004129945466310934,0.020707770919353594,4110456,0.9864922548303683,0.9881640733453242,559276,3603,4055,491163,2985,2898,16975.959121670574,1762.6119393730928,ian_s005,ian,low,0,B_N10_s1
single,land,0.0011663066470371274,0.007868887346391622,3684744,0.9589468112219891,0.9591089847783196,146739,3031,3251,93821,2101,1899,4297.541419830173,228.15709367534907,ian_s005,ian,low,0,B_N10_s1
single,active,0.0041404672335844965,0.020730841719542207,4110456,0.9865699652376253,0.9881764813611034,558810,3565,4042,491016,2957,2918,17019.208383090794,1766.5416255429957,ian_s006,ian,low,6,B_N10_s1
single,land,0.0011684160543697845,0.007899836157324112,3684744,0.9591906316797146,0.9592329821759472,146290,2992,3232,93695,2076,1906,4305.314045842737,229.9553343895075,ian_s006,ian,low,6,B_N10_s1
single,active,0.004464868838496121,0.020993172943018522,4110456,0.9825395014639969,0.9872230080150872,594290,5563,4998,502536,3490,3014,18352.646906409413,1811.5326702551015,ian_s024,ian,mid,6,B_N10_s1
single,land,0.0015256207573255546,0.008572112337579336,3684744,0.9519526912359362,0.9580306772508954,181743,4981,4192,105118,2598,2007,5621.521931830794,270.7590789208327,ian_s024,ian,mid,6,B_N10_s1
single,active,0.004339135996998988,0.020281048725893924,4110456,0.9851029078772867,0.9884262920589172,583837,4296,4533,506182,3138,2789,17835.82759368047,1690.7166151522279,ian_s037,ian,low,-6,B_N10_s1
single,land,0.001345428164972018,0.007872961895253243,3684744,0.9573523453677861,0.9617088750962715,170133,3834,3745,106139,2356,1870,4957.558358311653,228.39343659671857,ian_s037,ian,low,-6,B_N10_s1
single,active,0.004454583324022212,0.020900566651991397,4110456,0.9850162757139501,0.9880221653878943,587050,4454,4476,509938,3335,2847,18310.368751727045,1795.5856471595032,ian_s041,ian,mid,0,B_N10_s1
single,land,0.0014265364261996161,0.008477451501153043,3684744,0.9575282739083284,0.960389421935325,173056,3937,3739,109203,2520,1984,5256.421537220478,264.8121748728789,ian_s041,ian,mid,0,B_N10_s1
single,active,0.004527661985248301,0.0204372267353769,4110456,0.9824639588249021,0.987836000438481,606251,5761,5060,513652,3469,2856,18610.755373235792,1716.8562347503746,ian_s046,ian,mid,-6,B_N10_s1
single,land,0.0015583441252986897,0.008266101440888126,3684744,0.952608557970154,0.9608486735246345,192526,5297,4281,113580,2697,1931,5742.0991656295955,251.77278364057346,ian_s046,ian,mid,-6,B_N10_s1
single,active,0.004646438631351023,0.021068290493885984,4110456,0.9822710832426035,0.9874657997845505,610785,5965,5059,517911,3689,2885,19098.9815508686,1824.5198784420272,ian_s049,ian,high,-6,B_N10_s1
single,land,0.0016476120710285833,0.008880402962491783,3684744,0.9526578233927189,0.9599383793439694,196781,5467,4312,117148,2860,2029,6071.028693050146,290.58464816188325,ian_s049,ian,high,-6,B_N10_s1
single,active,0.004542602562196339,0.02138926439232966,4110456,0.9870470217105163,0.9883138596136302,584167,3835,3831,517831,3326,2797,18672.167957395315,1880.5362147047213,ian_s059,ian,mid,0,B_N10_s1
single,land,0.0013886992765791523,0.00865288676535841,3684744,0.9627915713261159,0.9618601061911273,169149,3427,3110,114672,2536,2011,5117.001327179372,275.88580859657304,ian_s059,ian,mid,0,B_N10_s1
single,active,0.004659397646595736,0.021744515735976137,4110456,0.9867099956302706,0.9879817098182134,589353,3918,4020,522669,3447,2911,19152.249012835324,1943.5221022014418,ian_s063,ian,high,6,B_N10_s1
single,land,0.0015083689621709633,0.009492150384022138,3684744,0.9620521775650838,0.9613519137806784,174092,3532,3335,118726,2645,2128,5557.953483145684,331.9988203587639,ian_s063,ian,high,6,B_N10_s1
single,active,0.004688611920533628,0.021482200094050094,4110456,0.9853745517529793,0.9880689141634632,598483,4599,4284,522809,3493,2820,19272.333000428975,1896.913461944034,ian_s068,ian,high,0,B_N10_s1
single,land,0.0015504965731024264,0.008907337305190147,3684744,0.9595031380753138,0.9620092323034114,183457,4177,3566,119622,2685,2039,5713.1829447597265,292.35001303675784,ian_s068,ian,high,0,B_N10_s1
single,active,0.004529985221877068,0.019473519940541,4110456,0.9808631306291212,0.985315869538179,629362,6920,5359,514931,4776,2898,18620.304935175925,1558.7588165731702,milton_s005,milton,low,0,B_N10_s1
single,land,0.0017702774587362983,0.008664510978394862,3684744,0.9495936198541245,0.9484408160471007,211823,6548,4696,110831,4023,2002,6523.019244413823,276.6275516929353,milton_s005,milton,low,0,B_N10_s1
single,active,0.00453562369481406,0.019520917239811524,4110456,0.9808999762324715,0.986009001603734,627313,7012,5203,514605,4430,2872,18643.481630090624,1566.3558888131827,milton_s006,milton,low,6,B_N10_s1
single,land,0.0017657943706936006,0.0086680399118643,3684744,0.9493849621201835,0.9510994448986617,209778,6639,4545,110513,3689,1993,6506.500212647021,276.8529306034091,milton_s006,milton,low,6,B_N10_s1
single,active,0.005753287400699491,0.020211768784346846,4110456,0.9769735713158058,0.9842167345593819,853998,10550,9578,618282,6436,3479,23648.634715929627,1679.1853883931099,milton_s024,milton,mid,6,B_N10_s1
single,land,0.0032194847177306318,0.010860343428368457,3684744,0.9580821629120988,0.9627970971484069,436439,10222,8873,214128,5737,2537,11862.97699674964,434.6047193758585,milton_s024,milton,mid,6,B_N10_s1
single,active,0.0054102179240137485,0.019726724168027517,4110456,0.9761017304353032,0.9847881032937935,782490,10655,8503,589116,5746,3354,22238.462727069855,1599.5578362126812,milton_s037,milton,low,-6,B_N10_s1
single,land,0.0027685615108633643,0.010080505733454304,3684744,0.952191547821536,0.9598146831977677,363880,10389,7881,182312,5181,2452,10201.440415784717,374.43114182999017,milton_s037,milton,low,-6,B_N10_s1
single,active,0.00553401366270085,0.02042584478427218,4110456,0.9759408553332773,0.9844055879976342,779239,10802,8408,590855,5920,3440,22747.319663930684,1714.9444555729747,milton_s041,milton,mid,0,B_N10_s1
single,land,0.0028354039132385323,0.010512664342406657,3684744,0.9514758845927214,0.9583846149817481,360087,10523,7841,182993,5332,2614,10447.737556882203,407.2235790333959,milton_s041,milton,mid,0,B_N10_s1
single,active,0.005909512321124905,0.02009985060646153,4110456,0.9767015305952611,0.9841950970157757,880221,11228,9769,639217,6845,3420,24290.790377441794,1660.6406428139628,milton_s046,milton,mid,-6,B_N10_s1
single,land,0.0033520734213065067,0.010934145196239286,3684744,0.9582178542586607,0.9635458786936236,461563,10955,9171,232335,6251,2539,12351.532426718622,440.5315261544711,milton_s046,milton,mid,-6,B_N10_s1
single,active,0.006039609891155876,0.020725323568471503,4110456,0.9766857836108966,0.9836013288630957,885561,11556,9583,644551,7145,3601,24825.55071476102,1765.6013119442036,milton_s049,milton,high,-6,B_N10_s1
single,land,0.00344267473370572,0.011320552063629233,3684744,0.9583079050595587,0.9621111698450778,466373,11262,9028,236612,6546,2772,12685.37506897375,472.2179952542277,milton_s049,milton,high,-6,B_N10_s1
single,active,0.0049721665351216355,0.020581709707787405,4110456,0.981233845491097,0.9860026486824964,655998,7204,5342,547969,4904,2875,20437.871767289937,1741.2170078662105,milton_s059,milton,mid,0,B_N10_s1
single,land,0.002038367474464541,0.009626728459654017,3684744,0.952284337816865,0.9547522345220596,235618,6935,4871,137048,4348,2147,7510.862321328372,341.479600061724,milton_s059,milton,mid,0,B_N10_s1
single,active,0.005083211611094912,0.020840292183564098,4110456,0.9808445792401995,0.9865105511530585,660385,7854,5043,553975,4782,2793,20894.31766609475,1785.2441177047901,milton_s063,milton,high,6,B_N10_s1
single,land,0.002140833844870853,0.010243532932031488,3684744,0.9513700262091971,0.9570385945049835,239574,7609,4637,142014,4219,2156,7888.424664884806,386.6400660640922,milton_s063,milton,high,6,B_N10_s1
single,active,0.005799687709747575,0.021099021380832975,4110456,0.9759956900484007,0.9844839714275039,791675,11188,8283,606006,6278,3273,23839.361144658178,1829.8463671992336,milton_s068,milton,high,0,B_N10_s1
single,land,0.003006506866922997,0.010992914345259378,3684744,0.9519316803786191,0.9594352705134888,371300,10962,7787,195105,5751,2498,11078.208138853312,445.2798148746963,milton_s068,milton,high,0,B_N10_s1
single,active,0.00381004998700827,0.01744205650287304,4110456,0.9851206855884896,0.9866950060249029,551309,3477,4850,471656,3108,3252,15661.042829398066,1250.5048538058809,dorian_s005,dorian,low,0,B_N10_s1
single,land,0.0010984322384067085,0.007167675886628668,3684744,0.9576292426820742,0.9529808977816048,145190,2748,3676,84112,2140,2010,4047.4415998756886,189.30585136619882,dorian_s005,dorian,low,0,B_N10_s1
single,active,0.003824696445512862,0.017481127708161827,4110456,0.9848474300962988,0.9870325024591364,551746,3543,4946,471614,2989,3207,15721.246452637017,1256.1135336112825,dorian_s006,dorian,low,6,B_N10_s1
single,land,0.0011186681599765357,0.0072135267164772365,3684744,0.9565937206414695,0.9543528877278664,145606,2831,3776,84026,2047,1972,4122.00579046458,191.73553498345575,dorian_s006,dorian,low,6,B_N10_s1
single,active,0.004885379248301107,0.018732690712722502,4110456,0.974645161578011,0.9855002942278897,655713,7481,9577,507441,3712,3754,20081.136443454772,1442.415329149127,dorian_s024,dorian,mid,6,B_N10_s1
single,land,0.0022408935216777187,0.009465067362682392,3684744,0.9427088452552869,0.9577264966856098,249371,6786,8369,119485,2792,2482,8257.118958640844,330.10700376367913,dorian_s024,dorian,mid,6,B_N10_s1
single,active,0.004272425270983171,0.01740153807528824,4110456,0.9807442626250295,0.9856027104567457,594485,5409,6263,489882,3449,3707,17561.6160896644,1244.7016805237406,dorian_s037,dorian,low,-6,B_N10_s1
single,land,0.0015798184506901137,0.008038581472101156,3684744,0.9498387383497982,0.9528040189508403,187009,4777,5099,99952,2656,2295,5821.226557269692,238.10370641732206,dorian_s037,dorian,low,-6,B_N10_s1
single,active,0.004375778347539703,0.01811772502256752,4110456,0.9811182942492577,0.9853244346758862,595061,5294,6158,491334,3554,3764,17986.44436331466,1349.2652384665046,dorian_s041,dorian,mid,0,B_N10_s1
single,land,0.0015964579367108327,0.008259639722173058,3684744,0.9508704160207375,0.9520615878713455,187079,4672,4994,100790,2719,2356,5882.538803547621,251.37930939128984,dorian_s041,dorian,mid,0,B_N10_s1
single,active,0.004767323292788661,0.018114217762155903,4110456,0.9768899216219795,0.9850445037441802,649116,6926,8430,510520,3833,3918,19595.872632782906,1348.7429028516674,dorian_s046,dorian,mid,-6,B_N10_s1
single,land,0.0020931320337592295,0.009048246864472092,3684744,0.9469333197445837,0.9562076821107944,241575,6274,7264,120464,3031,2486,7712.655702602118,301.67283339832295,dorian_s046,dorian,mid,-6,B_N10_s1
single,active,0.0048940389176279995,0.01886503412123815,4110456,0.9767860809407265,0.9851026676886371,651740,7115,8374,512808,3838,3917,20116.731633197516,1462.8681815630741,dorian_s049,dorian,high,-6,B_N10_s1
single,land,0.0021355075185597763,0.009283055328448203,3684744,0.9467965675706123,0.9566657790448144,243731,6489,7207,122149,3020,2513,7868.798515968025,317.53324248159254,dorian_s049,dorian,high,-6,B_N10_s1
single,active,0.004191138386541799,0.018181523428240143,4110456,0.9850493628646022,0.9861562865520501,569723,3532,5115,492376,3350,3562,17227.48992779106,1358.784372959604,dorian_s059,dorian,mid,0,B_N10_s1
single,land,0.0012626779009466895,0.007790590155585494,3684744,0.9586912212120668,0.9548188423230525,160390,2906,4005,99220,2505,2190,4652.644819445908,223.63925448943326,dorian_s059,dorian,mid,0,B_N10_s1
single,active,0.004309275058276085,0.01890957336146828,4110456,0.9850200271613003,0.9862225242695227,572996,3742,4972,494848,3350,3563,17713.085518941283,1469.7838277853148,dorian_s063,dorian,high,6,B_N10_s1
single,land,0.0013262875883144455,0.008097301608487952,3684744,0.958995393004889,0.955451536643026,163198,3122,3856,101039,2503,2208,4887.0302333161235,241.59500598246277,dorian_s063,dorian,high,6,B_N10_s1
single,active,0.004594479383976132,0.018582329270972628,4110456,0.9806936513813913,0.9852434138881354,603868,5491,6397,501215,3627,3880,18885.405350741,1419.352628414495,dorian_s068,dorian,high,0,B_N10_s1
single,land,0.001694938330677002,0.008628640904621954,3684744,0.9503415454074603,0.9535243107680896,194495,4909,5254,107979,2833,2430,6245.413844332099,274.341880545844,dorian_s068,dorian,high,0,B_N10_s1
single,active,0.007158473367575215,0.023752481530042606,4110456,0.9737201232850413,0.9820864582368857,1029599,12808,14980,763694,9656,4274,29424.58980458975,2319.038623264661,irma_s005,irma,low,0,B_N10_s2
single,land,0.0046656195019110945,0.013876544205934267,3684744,0.9582350154103082,0.9666649584222294,612798,12512,14197,358392,9039,3320,17191.613465949893,709.528700510079,irma_s005,irma,low,0,B_N10_s2
single,active,0.007155099733128009,0.02376515458185159,4110456,0.9729978468069278,0.9822405082391138,1014936,12338,15828,755119,9228,4425,29410.722628634423,2321.5139130030984,irma_s006,irma,low,6,B_N10_s2
single,land,0.004646331354489869,0.014011009631097027,3684744,0.956674006802819,0.9665835976438605,598236,12030,15063,349853,8602,3493,17120.541580468416,723.3461654546601,irma_s006,irma,low,6,B_N10_s2
single,active,0.008526415113696085,0.02582185884899903,4110456,0.9681825206043956,0.979371973594613,1127739,14420,22641,828439,12790,4659,35047.454162582755,2740.7221474443118,irma_s024,irma,mid,6,B_N10_s2
single,land,0.0061088107302914975,0.016893463746592344,3684744,0.9517829334882992,0.9636876158851286,710821,14110,21900,422551,12184,3738,22509.403685577214,1051.5858378480852,irma_s024,irma,mid,6,B_N10_s2
single,active,0.008133033242609472,0.023819012251397268,4110456,0.9717848814977218,0.9778746912622749,1115645,13058,19334,819547,14098,4445,33430.47529028356,2332.048075915548,irma_s037,irma,low,-6,B_N10_s2
single,land,0.005660721625651586,0.015642205689458146,3684744,0.9569639010468833,0.9599271827121876,697464,12831,18535,411827,13641,3551,20858.310045789927,901.5779989721017,irma_s037,irma,low,-6,B_N10_s2
single,active,0.008223073959510776,0.025268363460716082,4110456,0.9720061812626308,0.9783220609958047,1107672,13623,18278,820596,13956,4227,33800.583695314825,2624.485840577064,irma_s041,irma,mid,0,B_N10_s2
single,land,0.005709017752355218,0.015872271986090706,3684744,0.9570520199909183,0.9606725709151586,689199,13373,17555,411653,13460,3392,21036.268908884376,928.2939375030124,irma_s041,irma,mid,0,B_N10_s2
single,active,0.008786218962258861,0.024437753082529476,4110456,0.9694140086538983,0.9792103768312459,1163893,14490,22232,855023,13559,4594,36115.36645073071,2454.77984314194,irma_s046,irma,mid,-6,B_N10_s2
single,land,0.006345873419442908,0.01694958178813824,3684744,0.9543169818565805,0.9638030804788023,745584,14264,21427,447035,13086,3703,23382.919007051736,1058.5839236807872,irma_s046,irma,mid,-6,B_N10_s2
single,active,0.00895973056973851,0.026192558896352674,4110456,0.9694192131360109,0.9791872603070109,1172276,14812,22168,864780,13838,4543,36828.57827876508,2819.978920589436,irma_s049,irma,high,-6,B_N10_s2
single,land,0.00650410005792209,0.017154708090568706,3684744,0.9544100047490898,0.9638984510376841,753626,14572,21427,455576,13360,3703,23965.943663828075,1084.3612389371413,irma_s049,irma,high,-6,B_N10_s2
single,active,0.00813194046371843,0.025846122543539705,4110456,0.9740182243663132,0.9796928094688179,1062612,13028,15317,796599,12327,4185,33425.98347073421,2745.8752457566534,irma_s059,irma,mid,0,B_N10_s2
single,land,0.005430676667696471,0.01600072071254311,3684744,0.9590131412120941,0.9619318933683546,642932,12789,14689,385272,11862,3385,20010.653267234564,943.3794464329605,irma_s059,irma,mid,0,B_N10_s2
single,active,0.00842044919157929,0.026925782044002162,4110456,0.9728423867933229,0.9801521776705563,1054853,13052,16395,799566,11898,4293,34611.885902222246,2980.0713049481974,irma_s063,irma,high,6,B_N10_s2
single,land,0.005613721313367175,0.016773016030370156,3684744,0.9568600153979898,0.9626670710093737,635090,12810,15823,387280,11454,3565,20685.12592710182,1036.6440144712853,irma_s063,irma,high,6,B_N10_s2
single,active,0.008825292809503501,0.026431436858128904,4110456,0.9717770770890365,0.9786529585974539,1122455,14020,18579,840337,14055,4275,36275.97778058052,2871.6502826329984,irma_s068,irma,high,0,B_N10_s2
single,land,0.006200386150206368,0.01724767604745164,3684744,0.9567651692262445,0.9616650892829108,702678,13787,17966,428793,13589,3504,22846.835664656013,1096.1462270281959,irma_s068,irma,high,0,B_N10_s2
single,active,0.005865507903717136,0.01946285045687782,4110456,0.9754210373499338,0.9836555143822046,870098,9509,12416,646904,7307,3442,24109.912155881524,1557.0512058587492,matthew_s005,matthew,low,0,B_N10_s2
single,land,0.00348796955965147,0.011724609669414767,3684744,0.956029803871974,0.9634563206781138,453574,9250,11611,243239,6612,2614,12852.274907108396,506.5287575351884,matthew_s005,matthew,low,0,B_N10_s2
single,active,0.0057909820879976145,0.0194712723902812,4110456,0.9753663314703692,0.9842491459403,852873,8780,12760,637009,6544,3650,23803.577069502324,1558.3990268052405,matthew_s006,matthew,low,6,B_N10_s2
single,land,0.0033712089952300005,0.011593068102445193,3684744,0.9552095394225655,0.9642600262903346,436419,8538,11926,233268,5849,2797,12422.042117919773,495.22674908055495,matthew_s006,matthew,low,6,B_N10_s2
single,active,0.00728379391043587,0.021378338203470924,4110456,0.9671950381738981,0.9813690475379993,991166,12673,20945,720740,9687,3996,29939.714381914586,1878.6154524505757,matthew_s024,matthew,mid,6,B_N10_s2
single,land,0.004951076610415636,0.014253481611650397,3684744,0.9462877123831903,0.962851892148885,574267,12425,20171,315930,8992,3197,18243.44983376935,748.5989953227806,matthew_s024,matthew,mid,6,B_N10_s2
single,active,0.0069522679731522045,0.020119542360814292,4110456,0.9714612487350375,0.9809518231631823,973410,11261,17335,720206,10335,3650,28576.99160385132,1663.8960845324218,matthew_s037,matthew,low,-6,B_N10_s2
single,land,0.004571239493670061,0.013474820536347167,3684744,0.952428548366599,0.9612179151549497,554582,11091,16609,312094,9774,2818,16843.847296863794,669.0418734518703,matthew_s037,matthew,low,-6,B_N10_s2
single,active,0.006977357052520332,0.02083891988006247,4110456,0.9714691719279113,0.9813152910232339,958468,12059,16090,711852,10136,3418,28680.119160674512,1785.0090138903804,matthew_s041,matthew,mid,0,B_N10_s2
single,land,0.004545363020576798,0.013618882302709839,3684744,0.9518514992189181,0.9612994368177988,539854,11877,15431,303488,9532,2686,16748.499117892236,683.4240434875833,matthew_s041,matthew,mid,0,B_N10_s2
single,active,0.007697786069210503,0.02122715284293147,4110456,0.9676808793051254,0.9807610272161078,1038878,13325,21372,758703,11036,3847,31641.410934902728,1852.1386631887085,matthew_s046,matthew,mid,-6,B_N10_s2
single,land,0.0053380588230752595,0.014835646964064999,3684744,0.9482733828357091,0.9628137912832624,619892,13161,20653,350211,10493,3033,19669.380219973624,810.9989661204016,matthew_s046,matthew,mid,-6,B_N10_s2
single,active,0.007756957762470565,0.02178459925505211,4110456,0.9680193083948734,0.9807289598151424,1040795,13332,21053,760571,11267,3678,31884.63357649371,1950.6940262869264,matthew_s049,matthew,high,-6,B_N10_s2
single,land,0.005378424069045487,0.014868956847918616,3684744,0.9488366913925993,0.9627988523195672,622045,13150,20392,352006,10680,2921,19818.115817870945,814.6448615066021,matthew_s049,matthew,high,-6,B_N10_s2
single,active,0.006524645091395093,0.020610386462329558,4110456,0.9757235822947145,0.9826725755004307,900065,10008,12386,682075,8502,3525,26819.266563795507,1746.072507161971,matthew_s059,matthew,mid,0,B_N10_s2
single,land,0.0038963133963699883,0.01276458144872882,3684744,0.9568140929983284,0.9618999932528649,480247,9846,11830,270872,7955,2774,14356.917409393936,600.3720670410121,matthew_s059,matthew,mid,0,B_N10_s2
single,active,0.006561972822193596,0.021522118293520843,4110456,0.975691320173952,0.9838351332387064,883749,9187,12831,674418,7420,3661,26972.700558822602,1903.9696966222348,matthew_s063,matthew,high,6,B_N10_s2
single,land,0.0038205540125237614,0.012865671496375328,3684744,0.9562186412028602,0.9639585187790074,464444,8981,12284,263152,6873,2966,14077.763474322855,609.9191042202137,matthew_s063,matthew,high,6,B_N10_s2
single,active,0.007360720552394067,0.02166136022030414,4110456,0.9712432002494075,0.9813684384573712,971993,12433,16346,730039,10321,3539,30255.91795891151,1928.6856661245406,matthew_s068,matthew,high,0,B_N10_s2
single,land,0.004797571518772951,0.014286563714356987,3684744,0.9515874356596417,0.9619586722688568,552033,12270,15815,318467,9788,2806,17677.82286836952,752.078000575639,matthew_s068,matthew,high,0,B_N10_s2
single,active,0.004178447509605998,0.02101671128329906,4110456,0.9861211880488989,0.9878809714545652,558613,3144,4718,490801,2761,3260,17175.324636545032,1815.5972656922543,ian_s005,ian,low,0,B_N10_s2
single,land,0.0011887655899234968,0.00800105212787214,3684744,0.9581138454280997,0.957905943533362,146235,2638,3755,93574,1966,2146,4380.296874877065,235.88564922873795,ian_s005,ian,low,0,B_N10_s2
single,active,0.0041872432513570266,0.02104932207635996,4110456,0.9861707428256422,0.9878916977394078,558147,3122,4705,490670,2750,3264,17211.479145999998,1821.2360168092184,ian_s006,ian,low,6,B_N10_s2
single,land,0.001188617746930886,0.008027835504003576,3684744,0.9582481579103045,0.9579425361583485,145785,2615,3737,93454,1956,2147,4379.752111297101,237.467538297792,ian_s006,ian,low,6,B_N10_s2
single,active,0.004512994529301046,0.021316055026159842,4110456,0.9822340823536033,0.9869929756565422,593346,4790,5942,502184,3252,3366,18550.46544093266,1867.6851643557638,ian_s024,ian,mid,6,B_N10_s2
single,land,0.0015437679232661896,0.008690356290082241,3684744,0.9513059387617766,0.9571268217450424,180946,4273,4989,104881,2454,2244,5688.3895926475525,278.2803139661209,ian_s024,ian,mid,6,B_N10_s2
single,active,0.004406804603696175,0.02056973792094865,4110456,0.9846657052829947,0.9880993769409558,583121,3832,5249,505897,3019,3074,18113.976424090564,1739.191965578938,ian_s037,ian,low,-6,B_N10_s2
single,land,0.0013787043160094676,0.008048666049788005,3684744,0.956215700983074,0.960475849374813,169538,3423,4340,105928,2278,2081,5080.17245618999,238.70149384957568,ian_s037,ian,low,-6,B_N10_s2
single,active,0.004528094015993061,0.021237336393775442,4110456,0.9846516861480585,0.9876793729795103,586301,3914,5225,509607,3179,3178,18612.531216602772,1853.9161858432162,ian_s041,ian,mid,0,B_N10_s2
single,land,0.0014589943946695418,0.008654647269904291,3684744,0.9566136450641086,0.9593936779838561,172421,3446,4374,108990,2416,2197,5376.020841792226,275.9980827180539,ian_s041,ian,mid,0,B_N10_s2
single,active,0.004601476536534132,0.020742777714470712,4110456,0.982332608483983,0.9875194287560979,605333,4909,5978,513360,3340,3148,18914.166838455945,1768.5764201013394,ian_s046,ian,mid,-6,B_N10_s2
single,land,0.001593483089985335,0.008438798529269336,3684744,0.9524422168464034,0.9598289874703692,191739,4506,5068,113375,2609,2136,5871.577254924923,262.4028558657717,ian_s046,ian,mid,-6,B_N10_s2
single,active,0.0047209118317433334,0.02140048738888342,4110456,0.9820686878447478,0.9871113425144515,609791,5081,6053,517579,3541,3217,19405.100364260375,1882.5101758524065,ian_s049,ian,high,-6,B_N10_s2
single,land,0.0016798032220604051,0.009045780101852334,3684744,0.9522936850138783,0.9589230945859507,195903,4624,5190,116933,2765,2244,6189.644843667746,301.50836975294555,ian_s049,ian,high,-6,B_N10_s2
single,active,0.004635472154620745,0.02170566643478391,4110456,0.9865567218081724,0.9879908829211304,583497,3450,4501,517561,3224,3067,19053.904330793768,1936.5836145996632,ian_s059,ian,mid,0,B_N10_s2
single,land,0.00143216011291237,0.008884094934678084,3684744,0.9614382253143623,0.9607303483922938,168593,3096,3666,114496,2493,2187,5277.143383093178,290.8263159002948,ian_s059,ian,mid,0,B_N10_s2
single,active,0.004750726106743009,0.02215420304133432,4110456,0.9863041238408765,0.9876280395811986,588720,3522,4653,522394,3358,3186,19527.65062981844,2017.4476167231535,ian_s063,ian,high,6,B_N10_s2
single,land,0.0015482133655914854,0.009712801280766403,3684744,0.9609517323100605,0.9601717224899761,173545,3170,3882,118538,2601,2316,5704.769909583032,347.6132539737055,ian_s063,ian,high,6,B_N10_s2
single,active,0.004782506018205551,0.02179496141446614,4110456,0.9849197378090778,0.9877362074864329,597734,4119,5033,522549,3408,3080,19658.280557569116,1952.5502192450936,ian_s068,ian,high,0,B_N10_s2
single,land,0.0015943332403989456,0.009133961825064447,3684744,0.9582966410869291,0.960835887164885,182820,3753,4203,119454,2662,2207,5874.709841560572,307.41546013088504,ian_s068,ian,high,0,B_N10_s2
single,active,0.004588834622480606,0.01972213019996554,4110456,0.9813413263394529,0.9852375355566361,628608,5839,6113,514694,4577,3135,18862.202806983143,1598.8129115196034,milton_s005,milton,low,0,B_N10_s2
single,land,0.0017899107990298794,0.008743214182503525,3684744,0.9509306336775455,0.9479739569947743,211157,5534,5362,110657,3897,2176,6595.363077260554,281.6758121672412,milton_s005,milton,low,0,B_N10_s2
single,active,0.004591365251768453,0.019776794744466485,4110456,0.9812400546290612,0.9858509461772446,626510,5972,6006,514349,4254,3128,18872.60484732315,1607.6881700534784,milton_s006,milton,low,6,B_N10_s2
single,land,0.0017817847776097286,0.008743898190613122,3684744,0.9503797882640653,0.9504018330131877,209075,5668,5248,110335,3587,2171,6565.420768588781,281.71988659394503,milton_s006,milton,low,6,B_N10_s2
single,active,0.00582630140319002,0.020470721042292042,4110456,0.977051548046172,0.9843000554171896,852370,8814,11206,618105,6203,3656,23948.75556055084,1722.488313155916,milton_s024,milton,mid,6,B_N10_s2
single,land,0.0032266091105569465,0.01091703335394543,3684744,0.9583064343771964,0.9629934617582605,434936,8547,10376,214007,5566,2658,11889.228560470045,439.15374907649726,milton_s024,milton,mid,6,B_N10_s2
single,active,0.0054792518472707025,0.019921130274200168,4110456,0.9765291669635681,0.9848384771925014,781154,8936,9839,588960,5557,3510,22522.223631124943,1631.2403473135187,milton_s037,milton,low,-6,B_N10_s2
single,land,0.0027913751928063707,0.010177104072988193,3684744,0.9531815911898441,0.9600710176385054,362657,8709,9104,182233,5048,2531,10285.502993442118,381.64163854380314,milton_s037,milton,low,-6,B_N10_s2
single,active,0.00560271258639989,0.020598044798641524,4110456,0.9763025977905351,0.9843940095929177,777873,9107,9774,590662,5731,3633,23029.703567042947,1743.9820089843097,milton_s041,milton,mid,0,B_N10_s2
single,land,0.002855762232085168,0.01060608186310919,3684744,0.9523277477295768,0.9584016855257572,358839,8874,9089,182864,5194,2743,10522.75275010243,414.4930664375415,milton_s041,milton,mid,0,B_N10_s2
single,active,0.005985756882693872,0.020328440393612115,4110456,0.9766296541695756,0.9840906151259262,878494,9526,11496,639096,6791,3541,24604.190293010324,1698.627399061503,milton_s046,milton,mid,-6,B_N10_s2
single,land,0.003375120662583277,0.011026571673067474,3684744,0.9582077301428907,0.9632520352176636,459956,9283,10778,232268,6255,2606,12436.455610729754,448.0106415114561,milton_s046,milton,mid,-6,B_N10_s2
single,active,0.006113272445694287,0.020898953373878103,4110456,0.9765783922768472,0.9836006270348486,883822,9875,11322,644403,6995,3749,25128.337404038757,1795.3084616386807,milton_s049,milton,high,-6,B_N10_s2
single,land,0.00346229973658232,0.01140701870099872,3684744,0.9581963140348309,0.9621326759738358,464753,9628,10648,236523,6448,2861,12757.688180573285,479.45916801221875,milton_s049,milton,high,-6,B_N10_s2
single,active,0.005024569521333667,0.020653973619036287,4110456,0.9818112893172228,0.9858314422126921,655253,6052,6087,547794,4823,3050,20653.2719363831,1753.4655574131036,milton_s059,milton,mid,0,B_N10_s2
single,land,0.002072868217664606,0.00975337861868341,3684744,0.9538167365613442,0.9543116785370817,234947,5834,5542,136938,4299,2257,7637.98872783035,350.52378078756806,milton_s059,milton,mid,0,B_N10_s2
single,active,0.005150386599060524,0.02101507400432447,4110456,0.981265936524655,0.9864118479993588,659605,6770,5823,553816,4677,2952,21170.437498427927,1815.3143933246777,milton_s063,milton,high,6,B_N10_s2
single,land,0.002173842495763576,0.01039511832851719,3684744,0.9525190011723703,0.9566709364255377,238867,6563,5344,141903,4160,2267,8010.053093209863,398.1678544881994,milton_s063,milton,high,6,B_N10_s2
single,active,0.005848192760019858,0.021162687044769337,4110456,0.9763316021722694,0.9844837419709174,790317,9518,9641,605870,6140,3409,24038.739019580185,1840.9060411956925,milton_s068,milton,high,0,B_N10_s2
single,land,0.003028095633181152,0.011093339810366146,3684744,0.9526656316698721,0.9595469574116351,370022,9320,9065,195026,5645,2577,11157.75721579045,453.45265940615144,milton_s068,milton,high,0,B_N10_s2
single,active,0.0038740909796636937,0.017607488774720112,4110456,0.9844290409920204,0.986215630658447,550475,3023,5684,471130,2807,3778,15924.280511904508,1274.3386173016813,dorian_s005,dorian,low,0,B_N10_s2
single,land,0.0011177584927713495,0.007235060954503766,3684744,0.9556459077085813,0.951460168952675,144551,2394,4315,83797,1950,2325,4118.653899688274,192.88200374829756,dorian_s005,dorian,low,0,B_N10_s2
single,active,0.0038955351161216816,0.01764095138717004,4110456,0.9841557662006353,0.9864869675565765,550893,3070,5799,471086,2718,3735,16012.425691273063,1279.186920264506,dorian_s006,dorian,low,6,B_N10_s2
single,land,0.0011412447672162714,0.007285007267064999,3684744,0.9546819636718081,0.9527597587344941,144957,2456,4425,83719,1872,2279,4205.194808531553,195.554268036479,dorian_s006,dorian,low,6,B_N10_s2
single,active,0.004968209825519112,0.018876595904103885,4110456,0.9737690035197905,0.9850868089968867,654290,6625,11000,506904,3383,4291,20421.607886563987,1464.6618223273322,dorian_s024,dorian,mid,6,B_N10_s2
single,land,0.002270976850169872,0.009509533471068662,3684744,0.9407868797767803,0.9568562571277125,248157,6036,9583,119142,2547,2825,8367.968322802335,333.2159205016572,dorian_s024,dorian,mid,6,B_N10_s2
single,active,0.0043679650950731366,0.017643602690065825,4110456,0.9802571378548282,0.984971954491206,593481,4686,7267,489404,3282,4185,17954.328332833946,1279.5714535893744,dorian_s037,dorian,low,-6,B_N10_s2
single,land,0.0016124272899918461,0.00814331613054542,3684744,0.9486344644858861,0.9510396091565759,186179,4152,5929,99668,2552,2579,5941.381782233715,244.3486308823884,dorian_s037,dorian,low,-6,B_N10_s2
single,active,0.004460808560020105,0.018328137357726485,4110456,0.980465171554913,0.9847564706755664,594006,4622,7213,490843,3343,4255,18335.957310386002,1380.786923907428,dorian_s041,dorian,mid,0,B_N10_s2
single,land,0.0016239043370013687,0.008346673237441317,3684744,0.9492009277903806,0.9502203393036143,186200,4092,5873,100482,2600,2664,5983.671762339771,256.70489123844345,dorian_s041,dorian,mid,0,B_N10_s2
single,active,0.004851527582590605,0.018308368838220436,4110456,0.9764142768225434,0.9846149391450385,647887,5991,9659,510065,3597,4373,19941.990661025047,1377.809928256579,dorian_s046,dorian,mid,-6,B_N10_s2
single,land,0.002125023661603473,0.009126002149302332,3684744,0.9458661223783512,0.9551035979113517,240512,5438,8327,120174,2873,2776,7830.168186951429,306.87990693682724,dorian_s046,dorian,mid,-6,B_N10_s2
single,active,0.004980030764717215,0.0190456025407296,4110456,0.9762745951462576,0.9846173064911353,650482,6176,9632,512321,3600,4404,20470.197337016463,1491.0061590822415,dorian_s049,dorian,high,-6,B_N10_s2
single,land,0.0021680885093090787,0.009355015601125163,3684744,0.9455861319074473,0.9554229526707022,242627,5651,8311,121847,2870,2815,7988.8511261455715,322.4752235894071,dorian_s049,dorian,high,-6,B_N10_s2
single,active,0.004241117863468664,0.01829542484823135,4110456,0.9845111611005364,0.9856485405108663,568949,3062,5889,491950,3175,3988,17432.928368601948,1375.8623977427178,dorian_s059,dorian,mid,0,B_N10_s2
single,land,0.0012814204552322448,0.007862428264884988,3684744,0.9570676362939312,0.9531496821421691,159770,2542,4625,98956,2410,2454,4721.706333894283,227.78268739117937,dorian_s059,dorian,mid,0,B_N10_s2
single,active,0.0043707555544458794,0.01902050929102993,4110456,0.9844321761405767,0.98582172579764,572214,3295,5754,494431,3131,3980,17965.79839330539,1487.0798414433436,dorian_s063,dorian,high,6,B_N10_s2
single,land,0.0013502963531876896,0.008192537595567994,3684744,0.9573471995665821,0.954203678099964,162570,2759,4484,100762,2351,2485,4975.49638563022,247.31144013482242,dorian_s063,dorian,high,6,B_N10_s2
single,active,0.004676922293323317,0.01876593281533543,4110456,0.9802004022352182,0.9847374475239153,602885,4798,7380,500803,3470,4292,19224.28330212459,1447.5391485728974,dorian_s068,dorian,high,0,B_N10_s2
single,land,0.001722242139483685,0.008717771974598876,3684744,0.9491269596240266,0.9519597012946843,193676,4308,6073,107719,2746,2690,6346.021390009671,280.0388792367199,dorian_s068,dorian,high,0,B_N10_s2
single,active,0.006973914278816214,0.022636018458184914,4110456,0.973587356162589,0.9835188632063068,1032983,16428,11596,763010,7828,4958,28665.96779084578,2106.153802572702,irma_s005,irma,low,0,Bp_N1_s0
single,land,0.004505867501288541,0.013199191683731343,3684744,0.9581079946385199,0.9697780089901888,616165,16111,10830,357915,7357,3797,16602.968240167946,641.951166190565,irma_s005,irma,low,0,Bp_N1_s0
single,active,0.006937621436921846,0.02273112456935412,4110456,0.973750935418604,0.9835516538299082,1018858,15559,11906,754451,7524,5093,28516.78766112402,2123.889156445632,irma_s006,irma,low,6,Bp_N1_s0
single,land,0.00446745165907681,0.013291710067252228,3684744,0.9580399887355674,0.9693472132821344,602154,15228,11145,349376,7078,3970,16461.415696073323,650.9820883398633,irma_s006,irma,low,6,Bp_N1_s0
single,active,0.0080755411584443,0.024444068903616403,4110456,0.97042392122638,0.9810857603642918,1133066,17219,17314,827330,10182,5768,33194.15660797432,2456.0488594631893,irma_s024,irma,mid,6,Bp_N1_s0
single,land,0.005676742457607801,0.015427848622913598,3684744,0.9553701257987487,0.9670983974660377,716155,16889,16566,421652,9708,4637,20917.3427102156,877.0372881503523,irma_s024,irma,mid,6,Bp_N1_s0
single,active,0.008081299876531955,0.02402982960369831,4110456,0.9723917960620264,0.9809756097560975,1119468,16273,15511,818477,10358,5515,33217.827565290034,2373.511750633325,irma_s037,irma,low,-6,Bp_N1_s0
single,land,0.005316776404239087,0.014890809679582109,3684744,0.9579905519383827,0.9662109581633732,701251,16003,14748,410973,9967,4405,19590.95995486155,817.0411801158751,irma_s037,irma,low,-6,Bp_N1_s0
single,active,0.007980292669440064,0.02425623584000067,4110456,0.9723153496782949,0.9812210731978288,1111934,17644,14016,819612,10475,5211,32802.641884855926,2418.4483504163322,irma_s041,irma,mid,0,Bp_N1_s0
single,land,0.005415409865585436,0.014880722465287297,3684744,0.9575919274274959,0.9664212630836175,693422,17377,13332,410874,10105,4171,19954.399009756744,815.93460792194,irma_s041,irma,mid,0,Bp_N1_s0
single,active,0.008632714804071455,0.02451692118326074,4110456,0.9707921355643765,0.981114597340505,1168293,17318,17832,853658,10473,5959,35484.39436268434,2470.7105261160445,irma_s046,irma,mid,-6,Bp_N1_s0
single,land,0.005902760618974665,0.015898941816310717,3684744,0.9564769879279889,0.9675408939599762,749921,17034,17090,445868,10088,4870,21750.16177420318,931.4161422412025,irma_s046,irma,mid,-6,Bp_N1_s0
single,active,0.008605584084988611,0.025311023947726205,4110456,0.970853253356297,0.9812499076755954,1177012,17904,17432,863548,10726,5775,35372.87473564595,2633.3551412481156,irma_s049,irma,high,-6,Bp_N1_s0
single,land,0.006051139779923014,0.015892076814024263,3684744,0.9566402672405745,0.9678473708305386,758323,17641,16730,454535,10356,4744,22296.900997232646,930.6119637555947,irma_s049,irma,high,-6,Bp_N1_s0
single,active,0.008003564233582052,0.025025258620368224,4110456,0.9738073597719996,0.9817167816205412,1066061,16806,11868,795652,9686,5132,32898.298625312746,2574.2288448445224,irma_s059,irma,mid,0,Bp_N1_s0
single,land,0.005223416684911,0.01512697099160388,3684744,0.9587564948212005,0.9660664750341722,646385,16570,11236,384479,9327,4178,19246.953289225698,843.1624720739876,irma_s059,irma,mid,0,Bp_N1_s0
single,active,0.008077649107769138,0.025566482108394507,4110456,0.9735759423829562,0.9816527070371039,1058721,16208,12527,798493,9558,5366,33202.8212409243,2686.7790425326734,irma_s063,irma,high,6,Bp_N1_s0
single,land,0.005380256022694462,0.015628569237671187,3684744,0.9581285921856233,0.96586401097871,638975,15986,11938,386391,9202,4454,19824.86609808728,900.0067415383112,irma_s063,irma,high,6,Bp_N1_s0
single,active,0.008565674571619192,0.025485248559748798,4110456,0.9725400062660157,0.9806956170073998,1126815,17597,14219,839041,10945,5571,35208.828436959535,2669.732516005186,irma_s068,irma,high,0,Bp_N1_s0
single,land,0.005844869289871907,0.016036440856673287,3684744,0.9580460136124845,0.9657021695539859,707037,17355,13607,427667,10559,4630,21536.84704663977,947.5961643997535,irma_s068,irma,high,0,Bp_N1_s0
single,active,0.005747635970514932,0.01894116500121616,4110456,0.9753404947341215,0.9846685219778125,871733,11259,10781,645721,5429,4625,23625.40476081893,1474.6989749751574,matthew_s005,matthew,low,0,Bp_N1_s0
single,land,0.0033498081462000054,0.011252689016411554,3684744,0.9561183171477536,0.96641985941157,455250,10959,9935,242381,4950,3472,12343.185467861593,466.57337672816953,matthew_s005,matthew,low,0,Bp_N1_s0
single,active,0.00575240484355876,0.019017092385020227,4110456,0.9748745093835737,0.9849932611423525,854924,11325,10709,635823,4851,4836,23645.007003635168,1486.5456017374884,matthew_s006,matthew,low,6,Bp_N1_s0
single,land,0.0033220183082236774,0.011382335485114754,3684744,0.9545189377448846,0.9665531252989299,438506,11055,9839,232399,4376,3666,12240.787029117346,477.38644590202335,matthew_s006,matthew,low,6,Bp_N1_s0
single,active,0.0071007240917117355,0.020740114286104436,4110456,0.9678656323005564,0.9822944676527503,994721,15636,17390,719292,7521,5444,29187.213947121054,1768.122269336081,matthew_s024,matthew,mid,6,Bp_N1_s0
single,land,0.004765570303705342,0.013719138563141895,3684744,0.9476529855886231,0.9650681529716904,577875,15358,16563,314784,7051,4343,17559.906583156437,693.5232183613157,matthew_s024,matthew,mid,6,Bp_N1_s0
single,active,0.006859540527957811,0.0205526949132041,4110456,0.971790207715429,0.9833402891332161,976069,13658,14676,718630,6949,5226,28195.83952038735,1736.311152732757,matthew_s037,matthew,low,-6,Bp_N1_s0
single,land,0.004309038810113782,0.012848228404904103,3684744,0.9531568576472037,0.9666818051736366,557246,13441,13945,310765,6564,4147,15877.704901333898,608.2663863326694,matthew_s037,matthew,low,-6,Bp_N1_s0
single,active,0.006752348348559204,0.020370520978966005,4110456,0.9716218607637818,0.9833811998698953,960832,14337,13726,710488,7225,4782,27755.23078342527,1705.66711446795,matthew_s041,matthew,mid,0,Bp_N1_s0
single,land,0.004300003340493106,0.012857804045029937,3684744,0.9523163059933474,0.9660356863308893,542247,14113,13038,302374,6831,3800,15844.41150886193,609.1733923905662,matthew_s041,matthew,mid,0,Bp_N1_s0
single,active,0.007489193480133256,0.02144534217023918,4110456,0.9684380364460331,0.98274394169072,1041988,15697,18262,757216,7962,5334,30784.000275574625,1890.4098159139703,matthew_s046,matthew,mid,-6,Bp_N1_s0
single,land,0.004985646302987079,0.013954067099229377,3684744,0.9496339383296979,0.9671475091803506,622995,15492,17550,348971,7581,4273,18370.830301053822,717.4785707340133,matthew_s046,matthew,mid,-6,Bp_N1_s0
single,active,0.0074367984079490275,0.021388597321056173,4110456,0.9687250306476325,0.9828576607134766,1043870,15723,17978,759174,8166,5075,30568.63263674453,1880.4189192145025,matthew_s049,matthew,high,-6,Bp_N1_s0
single,land,0.005003591105422347,0.013872606987236,3684744,0.9501191583529397,0.9673845610881188,625129,15511,17308,350852,7754,4075,18436.95230415836,709.1261257317057,matthew_s049,matthew,high,-6,Bp_N1_s0
single,active,0.006442779406489032,0.02040516645728484,4110456,0.9753380179778732,0.9840349086366489,901779,12130,10672,680592,6034,5008,26482.76126807928,1711.4739276875312,matthew_s059,matthew,mid,0,Bp_N1_s0
single,land,0.0037576936552245156,0.012230423495434404,3684744,0.9562759783740886,0.9654106965120692,481987,11948,10090,269645,5660,4001,13846.139149926603,551.1760156499557,matthew_s059,matthew,mid,0,Bp_N1_s0
single,active,0.006379210078960182,0.020296979993463374,4110456,0.975123080039456,0.9848403687019035,885755,11772,10825,672904,5183,5175,26221.462344322354,1693.3738582072315,matthew_s063,matthew,high,6,Bp_N1_s0
single,land,0.003751401030678494,0.012529037295703064,3684744,0.955309619429318,0.9666804467706572,466471,11565,10257,261895,4804,4223,13822.952439386398,578.4192318734384,matthew_s063,matthew,high,6,Bp_N1_s0
single,active,0.00716085869367072,0.02127289961939622,4110456,0.9710274478383445,0.983151238049997,974394,15128,13945,728519,7426,5059,29434.394582550973,1860.130377805238,matthew_s068,matthew,high,0,Bp_N1_s0
single,land,0.004548171193751685,0.01345213783367999,3684744,0.9513987195920265,0.9660533777589625,554459,14935,13389,317193,7066,4080,16758.84651714936,666.7913195488084,matthew_s068,matthew,high,0,Bp_N1_s0
single,active,0.0038472250797769118,0.020022818568456457,4110456,0.9859559279950342,0.9882922093746916,559108,3741,4223,490694,2446,3367,15813.849412519485,1647.9363291262061,ian_s005,ian,low,0,Bp_N1_s0
single,land,0.0011370872944248458,0.007129804102383569,3684744,0.9581868555522158,0.9598648815146412,146639,3048,3351,93487,1676,2233,4189.875585608184,187.3106690626033,ian_s005,ian,low,0,Bp_N1_s0
single,active,0.003857333898236258,0.02003550782870998,4110456,0.9860765682835946,0.9883390147394209,558639,3675,4213,490568,2422,3366,15855.401266008615,1650.025717189892,ian_s006,ian,low,6,Bp_N1_s0
single,land,0.0011396772446926194,0.007144498739076786,3684744,0.9585508196721312,0.9600551105810259,146179,2978,3343,93374,1658,2227,4199.4188893176615,188.08356509865658,ian_s006,ian,low,6,Bp_N1_s0
single,active,0.004151423251924073,0.020269734717100942,4110456,0.9818906630394002,0.9874519861460487,594090,5759,5198,502067,2897,3483,17064.242614410818,1688.8307711501186,ian_s024,ian,mid,6,Bp_N1_s0
single,land,0.0014739596911216525,0.007845849194907406,3684744,0.9507952962858249,0.9590086668436033,181600,5063,4335,104788,2142,2337,5431.164128102362,226.82307455481475,ian_s024,ian,mid,6,Bp_N1_s0
single,active,0.004053310533986181,0.019701552875068022,4110456,0.9844803112704027,0.9883758210822646,583976,4812,4394,505574,2549,3397,16660.9546042867,1595.4783701228796,ian_s037,ian,low,-6,Bp_N1_s0
single,land,0.0013090796261863247,0.007210748578614366,3684744,0.9556706933716544,0.9617131673569705,170247,4266,3631,105649,1846,2360,4823.623298112303,191.58787761766345,ian_s037,ian,low,-6,Bp_N1_s0
single,active,0.004133254485115147,0.020021725974268594,4110456,0.9845093567643706,0.9882303415470689,587122,4834,4404,509411,2693,3374,16989.560697868466,1647.7564866605749,ian_s041,ian,mid,0,Bp_N1_s0
single,land,0.0013948093833055222,0.0077853729517019165,3684744,0.9561271720999083,0.9614667385482859,173103,4251,3692,108789,1962,2398,5139.5155062787235,223.33982122909208,ian_s041,ian,mid,0,Bp_N1_s0
single,active,0.004232789264345941,0.01986708200546211,4110456,0.9819783480989385,0.9876906846551312,606188,6002,5123,513050,2936,3458,17398.694028366357,1622.4008774943384,ian_s046,ian,mid,-6,Bp_N1_s0
single,land,0.0015105953530823923,0.007619535678300566,3684744,0.9514505507544446,0.9604514496322842,192448,5461,4359,113097,2243,2414,5566.157163698226,213.92637609148713,ian_s046,ian,mid,-6,Bp_N1_s0
single,active,0.004325297024908507,0.02021023382299741,4110456,0.9816924845454472,0.9874654282883925,610598,6141,5246,517344,3115,3452,17778.943107817322,1678.9303501700774,ian_s049,ian,high,-6,Bp_N1_s0
single,land,0.0016017117930662655,0.00818741905557139,3684744,0.9510763588153037,0.9601563142739613,196558,5576,4535,116707,2373,2470,5901.897919230163,247.00250580611842,ian_s049,ian,high,-6,Bp_N1_s0
single,active,0.004311036005729751,0.020471880547343994,4110456,0.9865936208204312,0.9885473718005068,584021,3959,3977,517293,2658,3335,17720.323815967888,1722.6834494640793,ian_s059,ian,mid,0,Bp_N1_s0
single,land,0.0014110083777719212,0.008073431324845264,3684744,0.9615605670029761,0.9624592360391334,168976,3472,3283,114216,1988,2467,5199.20465394482,240.17269486541886,ian_s059,ian,mid,0,Bp_N1_s0
single,active,0.00443478665033324,0.020792272538072313,4110456,0.9862006397519999,0.9880125060562015,589175,4046,4198,522050,2804,3530,18228.99539558217,1777.026572172994,ian_s063,ian,high,6,Bp_N1_s0
single,land,0.0015502735562537462,0.008919227064839823,3684744,0.96066655248051,0.9609140645958492,173872,3564,3555,118203,2157,2651,5712.361184764653,293.13100766639377,ian_s063,ian,high,6,Bp_N1_s0
single,active,0.0044360252395998665,0.020543836109216205,4110456,0.9846013628451944,0.9883382034550107,598486,5079,4281,522230,2763,3399,18234.08656226471,1734.814674994549,ian_s068,ian,high,0,Bp_N1_s0
single,land,0.0015590333729786307,0.008326750642641633,3684744,0.9573243288380443,0.9627863752070791,183431,4585,3592,119140,2084,2521,5744.638866882771,255.48090083281681,ian_s068,ian,high,0,Bp_N1_s0
single,active,0.00427623161521478,0.01820329368971616,4110456,0.9791174636837285,0.9858644241899257,629738,8448,4983,514428,3975,3401,17577.261900149286,1362.0402938581137,milton_s005,milton,low,0,Bp_N1_s0
single,land,0.001762164080433649,0.008078713510245533,3684744,0.9448749120510148,0.9495901674593823,212183,8043,4336,110406,3434,2427,6493.123522393405,240.48707215193127,milton_s005,milton,low,0,Bp_N1_s0
single,active,0.0042666338899844825,0.018229839524682455,4110456,0.9789141077407995,0.9864048686149313,627667,8671,4849,514130,3739,3347,17537.810872890055,1366.0157129176102,milton_s006,milton,low,6,Bp_N1_s0
single,land,0.0017526308935898037,0.008071646411690895,3684744,0.9439141079490577,0.9517344487270339,210120,8282,4203,110129,3208,2377,6457.996169369668,240.06650952810728,milton_s006,milton,low,6,Bp_N1_s0
single,active,0.005505314108528655,0.01937827924284219,4110456,0.9757656762283378,0.9851214356929212,854156,11794,9420,617548,5114,4213,22629.35140928626,1543.5490094338911,milton_s024,milton,mid,6,Bp_N1_s0
single,land,0.0031150646612316236,0.01038084969133246,3684744,0.9558770731536455,0.9650227984472654,436637,11480,8675,213547,4622,3118,11478.215820085257,397.0755314749067,milton_s024,milton,mid,6,Bp_N1_s0
single,active,0.005289886227781325,0.01953754406558251,4110456,0.9737179431390516,0.984817596925693,783174,13320,7819,588397,4998,4073,21743.844584301114,1569.0252938773372,milton_s037,milton,low,-6,Bp_N1_s0
single,land,0.002733588053762899,0.009777066379026188,3684744,0.9474952180963866,0.9595371754181211,364581,13023,7180,181697,4595,3067,10072.57217957452,352.2284631179666,milton_s037,milton,low,-6,Bp_N1_s0
single,active,0.005322348249312482,0.019394870312357402,4110456,0.9738121965015502,0.9845901037669748,779896,13222,7751,590183,5125,4112,21877.27829547599,1546.1932165337594,milton_s041,milton,mid,0,Bp_N1_s0
single,land,0.0027950111927670714,0.01003945363970037,3684744,0.9471731601845264,0.9585945588026633,360747,12939,7181,182410,4682,3197,10298.90072248131,371.3876668777865,milton_s041,milton,mid,0,Bp_N1_s0
single,active,0.005763172844260525,0.020101699451197948,4110456,0.9752977967526778,0.9851071216411175,880414,12723,9576,638443,5458,4194,23689.26839672774,1660.9461583103564,milton_s046,milton,mid,-6,Bp_N1_s0
single,land,0.003249166743993593,0.010589850381259947,3684744,0.9558346562790418,0.965783001959068,461801,12405,8933,231701,5036,3173,11972.347664929926,413.2253619918213,milton_s046,milton,mid,-6,Bp_N1_s0
single,active,0.005826566379611238,0.019998095683052258,4110456,0.9750746988376267,0.984681495301377,885674,13170,9470,643898,5763,4254,23949.84473447129,1643.8693104653023,milton_s049,milton,high,-6,Bp_N1_s0
single,land,0.0033411153391780237,0.010836077289870646,3684744,0.9553959074004292,0.9647368442560982,466516,12895,8885,236074,5319,3310,12311.154699344188,432.6647445869214,milton_s049,milton,high,-6,Bp_N1_s0
single,active,0.0047986560769033995,0.019429880017216506,4110456,0.9789478550433733,0.9864440379538103,656456,9233,4884,547363,4041,3481,19724.66466324404,1551.780325285187,milton_s059,milton,mid,0,Bp_N1_s0
single,land,0.0020938120600883974,0.009208583821376945,3684744,0.9462846193623904,0.9559493883610035,236063,8974,4426,136522,3618,2673,7715.161425538361,312.4589806506786,milton_s059,milton,mid,0,Bp_N1_s0
single,active,0.004875861170080745,0.01922644640952036,4110456,0.9778757328746746,0.9868904673670544,660646,10165,4782,553386,3969,3382,20042.012801725417,1519.455715967972,milton_s063,milton,high,6,Bp_N1_s0
single,land,0.002216381807512129,0.009664743957849036,3684744,0.9437228755906875,0.9579393389693988,239850,9942,4361,141525,3569,2645,8166.799566939473,344.18189895272496,milton_s063,milton,high,6,Bp_N1_s0
single,active,0.005677260208270036,0.020296469687452964,4110456,0.9736117544288587,0.9848288383852353,792445,13965,7513,605328,5374,3951,23336.128286644816,1693.2887097767834,milton_s068,milton,high,0,Bp_N1_s0
single,land,0.0030082317644765646,0.010668449317639436,3684744,0.9471375731548681,0.960040670069001,372065,13744,7022,194510,5003,3093,11084.563944764435,419.38212610903156,milton_s068,milton,high,0,Bp_N1_s0
single,active,0.003690158863119497,0.016732454608893027,4110456,0.9844557180751367,0.9868357154220357,551498,4047,4661,471443,2824,3465,15168.235639862716,1150.8250716678958,dorian_s005,dorian,low,0,Bp_N1_s0
single,land,0.0010760346904375546,0.006616966887178968,3684744,0.9561848380200625,0.9550931867482879,145364,3159,3502,84095,1927,2027,3964.9123693816364,161.33375537829323,dorian_s005,dorian,low,0,Bp_N1_s0
single,active,0.0037054331899998975,0.01679082700877242,4110456,0.9843102501373009,0.987078144663636,552013,4120,4679,471392,2742,3429,15231.02008843422,1158.8685533677901,dorian_s006,dorian,low,6,Bp_N1_s0
single,land,0.0010927925344037406,0.006677489878687265,3684744,0.9558542147200672,0.9562762530308377,145871,3226,3511,84006,1849,1992,4026.6607343889773,164.29857517869618,dorian_s006,dorian,low,6,Bp_N1_s0
single,active,0.004752179763463346,0.018099852139944504,4110456,0.973668600443701,0.9856190735271257,656572,9038,8718,507239,3445,3956,19533.62582180649,1346.6044888943327,dorian_s024,dorian,mid,6,Bp_N1_s0
single,land,0.002201328036451709,0.009133260684608941,3684744,0.941099491206101,0.9590373825023881,250260,8183,7480,119474,2610,2493,8111.330274347216,307.36826633980354,dorian_s024,dorian,mid,6,Bp_N1_s0
single,active,0.004214301931659834,0.0171860478474452,4110456,0.9799167206318291,0.9854989624864902,594685,6125,6063,489656,3272,3933,17322.70266080275,1214.0652731960377,dorian_s037,dorian,low,-6,Bp_N1_s0
single,land,0.001562088862895797,0.007710450327384071,3684744,0.9480349809346816,0.9532595208552066,187217,5371,4891,99873,2523,2374,5755.897565022111,219.06187859781727,dorian_s037,dorian,low,-6,Bp_N1_s0
single,active,0.004255495962989396,0.017475284039589856,4110456,0.9802117813678507,0.9855543872604103,595214,6011,6005,491153,3254,3945,17492.028914045542,1255.2738756182862,dorian_s041,dorian,mid,0,Bp_N1_s0
single,land,0.001573754937651428,0.007812654611461084,3684744,0.9485773645139223,0.9534553576498647,187197,5272,4876,100744,2516,2402,5798.884063981473,224.90782748891954,dorian_s041,dorian,mid,0,Bp_N1_s0
single,active,0.004706743184112426,0.01787047843692923,4110456,0.9761518014247913,0.9850843661917449,649630,7955,7916,510254,3542,4184,19346.860761594027,1312.690563634935,dorian_s046,dorian,mid,-6,Bp_N1_s0
single,land,0.002076396844221293,0.008807419722326773,3684744,0.9455136967576139,0.9569417938931297,242095,7207,6744,120345,2810,2605,7650.9908133633435,285.82795829448054,dorian_s046,dorian,mid,-6,Bp_N1_s0
single,active,0.004764993096969425,0.018217432463927055,4110456,0.9761081068139853,0.9853385568849383,652335,8188,7779,512581,3483,4144,19586.294465396553,1364.156950254109,dorian_s049,dorian,high,-6,Bp_N1_s0
single,land,0.0021010498070898214,0.008917745206200318,3684744,0.9452842017275007,0.9580220366649924,244269,7470,6669,122075,2762,2587,7741.830670375377,293.0336129866138,dorian_s049,dorian,high,-6,Bp_N1_s0
single,active,0.004094806241778472,0.017488360767380945,4110456,0.9845357886281386,0.9863798564612486,569933,4047,4905,492026,2882,3912,16831.52088535577,1257.1532174762062,dorian_s059,dorian,mid,0,Bp_N1_s0
single,land,0.0012635642634904463,0.007308373877588923,3684744,0.9575028923796234,0.9566838977728392,160556,3287,3839,99012,2085,2398,4655.910838510841,196.81075783093397,dorian_s059,dorian,mid,0,Bp_N1_s0
single,active,0.004138677150304043,0.01774327029414001,4110456,0.9844970560551827,0.9866328348324267,573186,4244,4782,494602,2892,3809,17011.850324530154,1294.068722984219,dorian_s063,dorian,high,6,Bp_N1_s0
single,land,0.0013149641128231743,0.007535788057028284,3684744,0.9575580952157571,0.9575233502923532,163301,3485,3753,100877,2105,2370,4845.306124940515,209.24961679103873,dorian_s063,dorian,high,6,Bp_N1_s0
single,active,0.004502373410659146,0.017949229572775553,4110456,0.9800146645643132,0.9854523636220566,604132,6187,6133,500935,3235,4160,18506.807800084352,1324.2855134010526,dorian_s068,dorian,high,0,Bp_N1_s0
single,land,0.0016858143905243836,0.00822708368173483,3684744,0.9488181494817984,0.9549559919953247,194725,5480,5024,107847,2525,2562,6211.794460598379,249.40155092868386,dorian_s068,dorian,high,0,Bp_N1_s0
single,active,0.006410317762081282,0.021630083988401452,4110456,0.9760901607101388,0.9849211673934921,1029780,10426,14799,763373,7092,4595,26349.329107053578,1923.1201364523918,irma_s005,irma,low,0,Bp_N1_s1
single,land,0.00416782369454973,0.012611806403188859,3684744,0.9620391647203597,0.9720629438978302,612919,10109,14076,358038,6616,3674,15357.363351549953,586.0867611081823,irma_s005,irma,low,0,Bp_N1_s1
single,active,0.0063599935534217845,0.02166000102417187,4110456,0.975804289737433,0.9850921771450795,1015581,9999,15183,754819,6698,4725,26142.473661623895,1928.443633322721,irma_s006,irma,low,6,Bp_N1_s1
single,land,0.004113392331677266,0.012648470736914502,3684744,0.9612402603031305,0.9720365874346802,598820,9667,14479,349522,6231,3824,15156.797713793814,589.4993912999489,irma_s006,irma,low,6,Bp_N1_s1
single,active,0.007479554172831886,0.023346697806569255,4110456,0.9714115262968505,0.982847196744921,1128413,11242,21967,827806,9155,5292,30744.378327041864,2240.479257861005,irma_s024,irma,mid,6,Bp_N1_s1
single,land,0.005302314006339062,0.014724742574933418,3684744,0.9567014690140769,0.9700452459559128,711430,10907,21291,421927,8667,4362,19537.66972097382,798.9189863451014,irma_s024,irma,mid,6,Bp_N1_s1
single,active,0.007467529642751862,0.02296705098914721,4110456,0.9739640723582077,0.9823364072271494,1115483,10323,19496,818855,9587,5137,30694.95202522725,2168.2056553341404,irma_s037,irma,low,-6,Bp_N1_s1
single,land,0.0049695410626809725,0.014295050183248973,3684744,0.9602527604353892,0.9684014913667014,697204,10064,18795,411161,9199,4217,18311.486613467336,752.9717609421261,irma_s037,irma,low,-6,Bp_N1_s1
single,active,0.007359938536464309,0.023126802540303325,4110456,0.9744181833850093,0.9826250245663146,1108122,11264,17828,819977,9653,4846,30252.703516840935,2198.473263625978,irma_s041,irma,mid,0,Bp_N1_s1
single,land,0.00502487505523173,0.014215503554976054,3684744,0.9607207990425756,0.9687704008163862,689566,11005,17188,411058,9264,3987,18515.378210514784,744.615062151285,irma_s041,irma,mid,0,Bp_N1_s1
single,active,0.008011655097438503,0.023467916017527533,4110456,0.9719352664533604,0.9828338724358111,1163736,11214,22389,854119,9420,5498,32931.55576519668,2263.805206711017,irma_s046,irma,mid,-6,Bp_N1_s1
single,land,0.005543141984871513,0.015285431282736767,3684744,0.9580405827504029,0.9704147417325711,745323,10955,21688,446154,9018,4584,20425.059169903398,860.9198360359699,irma_s046,irma,mid,-6,Bp_N1_s1
single,active,0.007979508721102105,0.02417794538218726,4110456,0.9723865370579258,0.9828851551132363,1172387,11236,22057,863959,9680,5364,32799.41949970648,2402.8617716431286,irma_s049,irma,high,-6,Bp_N1_s1
single,land,0.005667624735379469,0.015246784089393587,3684744,0.958793498049084,0.9705315545842768,753651,10988,21402,454761,9290,4518,20883.746237941086,856.5718954849198,irma_s049,irma,high,-6,Bp_N1_s1
single,active,0.007354689174371995,0.023840958909360062,4110456,0.9764392830529515,0.9831298422800221,1062695,10408,15234,795879,8752,4905,30231.126244932413,2336.3475187028403,irma_s059,irma,mid,0,Bp_N1_s1
single,land,0.00480192054599306,0.014424018647898287,3684744,0.9627995220225991,0.9685335643659113,642971,10193,14650,384564,8401,4093,17693.847920324653,766.6195155314987,irma_s059,irma,mid,0,Bp_N1_s1
single,active,0.00741475274620142,0.024440334714177156,4110456,0.9758432433232445,0.9832485997414907,1054949,9816,16299,798742,8491,5117,30478.014914140105,2455.2985219297525,irma_s063,irma,high,6,Bp_N1_s1
single,land,0.0049198634056395645,0.014861204008846622,3684744,0.9615866748621553,0.9687073909207571,635153,9613,15760,386491,8131,4354,18128.43716474995,813.7955532451239,irma_s063,irma,high,6,Bp_N1_s1
single,active,0.00790411391940625,0.02430282006010455,4110456,0.9746153418874632,0.9825364107642193,1122944,11158,18090,839429,9737,5183,32489.51248470694,2427.746554352071,irma_s068,irma,high,0,Bp_N1_s1
single,land,0.005410625527499958,0.015322593584430246,3684744,0.9610995304715105,0.9688166492331518,703126,10941,17518,427905,9381,4392,19936.769948702306,865.1111020963173,irma_s068,irma,high,0,Bp_N1_s1
single,active,0.0052814464385398914,0.01806486328127991,4110456,0.9766375310240639,0.9860055239345062,868848,7118,13666,646159,4984,4187,21709.15320197493,1341.4032735903165,matthew_s005,matthew,low,0,Bp_N1_s1
single,land,0.003144647923829521,0.01085695572901666,3684744,0.9582094864423405,0.969212393339938,452295,6836,12890,242621,4475,3232,11587.222569443285,434.3336265683832,matthew_s005,matthew,low,0,Bp_N1_s1
single,active,0.005253620470620631,0.018084147037636788,4110456,0.9765043150662958,0.9864428273332444,852250,7123,13383,636301,4387,4358,21594.775785185397,1344.2686260507248,matthew_s006,matthew,low,6,Bp_N1_s1
single,land,0.003083186453219695,0.010895440684930877,3684744,0.9573093441416505,0.9696109687233023,435772,6860,12573,232663,3890,3402,11360.752784382552,437.41827322325526,matthew_s006,matthew,low,6,Bp_N1_s1
single,active,0.0066304741262296655,0.01996622228774453,4110456,0.9687256073822943,0.9838257102049464,990365,10227,21746,719821,6919,4915,27254.272155005485,1638.6334177580986,matthew_s024,matthew,mid,6,Bp_N1_s1
single,land,0.004515965553742909,0.013269225007292452,3684744,0.9488045346776769,0.9680114512492551,573466,9971,20972,315140,6427,3987,16640.17697836086,648.7814699868953,matthew_s024,matthew,mid,6,Bp_N1_s1
single,active,0.0063396368957100956,0.019467109870227005,4110456,0.972781342181415,0.9845321297898911,972186,8643,18559,718992,6432,4864,26058.798515792936,1557.7327967101176,matthew_s037,matthew,low,-6,Bp_N1_s1
single,land,0.004085355482012887,0.012406949917863185,3684744,0.9546288133517126,0.9688481479635076,553342,8450,17849,310946,6032,3966,15053.489100214094,567.2015103881826,matthew_s037,matthew,low,-6,Bp_N1_s1
single,active,0.006248624073315079,0.019419075684039354,4110456,0.9728067776692307,0.9844634059205224,956951,9143,17607,710946,6896,4324,25684.694313902408,1550.055014564456,matthew_s041,matthew,mid,0,Bp_N1_s1
single,land,0.004054518568566778,0.012406097355088769,3684744,0.9540790917195262,0.9680095696228442,538321,8946,16964,302654,6482,3520,14939.862968415022,567.1235608064154,matthew_s041,matthew,mid,0,Bp_N1_s1
single,active,0.006979067381602301,0.020435857281952668,4110456,0.968896130772472,0.9839667697535137,1037026,10067,23224,757557,7351,4993,28687.149393111467,1716.6261569705273,matthew_s046,matthew,mid,-6,Bp_N1_s1
single,land,0.004748162067954268,0.013521997693436205,3684744,0.9501511317198267,0.9692414045842217,618003,9881,22542,349113,6948,4131,17495.76169092208,673.7348855025335,matthew_s046,matthew,mid,-6,Bp_N1_s1
single,active,0.006962701509548195,0.020514798764075817,4110456,0.9692776181897399,0.9840656137032094,1038927,10009,22921,759492,7541,4757,28619.878196131438,1729.9140506160234,matthew_s049,matthew,high,-6,Bp_N1_s1
single,land,0.004775378800496304,0.013469844906875373,3684744,0.9507586733450158,0.9694107248898648,620139,9820,22298,350980,7128,3947,17596.04838285595,668.547872088509,matthew_s049,matthew,high,-6,Bp_N1_s1
single,active,0.005882982393306146,0.019270429541884466,4110456,0.9771868573341623,0.9853349307912915,899008,7545,13443,680963,5498,4637,24181.740276459605,1526.4155942864513,matthew_s059,matthew,mid,0,Bp_N1_s1
single,land,0.003480890290522369,0.011710970638598004,3684744,0.9593794799099813,0.968113311114061,479164,7375,12913,269849,5091,3797,12826.189612660557,505.3509711141908,matthew_s059,matthew,mid,0,Bp_N1_s1
single,active,0.0058435105604797985,0.01924775148235183,4110456,0.9768098021085416,0.9858888267387478,883165,7552,13415,673297,4855,4782,24019.49304438755,1522.825038616739,matthew_s063,matthew,high,6,Bp_N1_s1
single,land,0.0034713225297294454,0.011987936452756958,3684744,0.9582006056925181,0.9688069393472372,463840,7346,12888,262133,4455,3985,12790.934863485396,529.5368462380032,matthew_s063,matthew,high,6,Bp_N1_s1
single,active,0.006612345865392963,0.020228264736956995,4110456,0.9726208741157477,0.9843404163374994,970556,9538,17783,728909,6927,4669,27179.7567364797,1681.9274607517839,matthew_s068,matthew,high,0,Bp_N1_s1
single,land,0.004265195167714801,0.012937918990441668,3684744,0.953833493585579,0.968335316189256,550567,9367,17281,317430,6537,3843,15716.152303066105,616.7883688794691,matthew_s068,matthew,high,0,Bp_N1_s1
single,active,0.0035605038623342192,0.019515060031514223,4110456,0.9870614585136486,0.9892460770744816,558813,2807,4518,491039,2316,3022,14635.294463954866,1565.4160665491354,ian_s005,ian,low,0,Bp_N1_s1
single,land,0.001008425717443622,0.006907867057247197,3684744,0.9618446570029254,0.963030757998005,146311,2125,3679,93648,1523,2072,3715.790611796081,175.83092556043104,ian_s005,ian,low,0,Bp_N1_s1
single,active,0.003570166326727514,0.01952212001565767,4110456,0.9871545100645988,0.9892089592842245,558380,2794,4472,490890,2311,3044,14675.01159869507,1566.5489159180759,ian_s006,ian,low,6,Bp_N1_s1
single,land,0.0010101767877046155,0.006922345663312694,3684744,0.9620673054729386,0.9628504648840107,145885,2115,3637,93513,1520,2088,3722.2428574338555,176.56876681199776,ian_s006,ian,low,6,Bp_N1_s1
single,active,0.0038476131246379143,0.019735071920720864,4110456,0.9835661912231423,0.9886352007682802,593175,3798,6113,502373,2598,3177,15815.444453846663,1600.9118915899176,ian_s024,ian,mid,6,Bp_N1_s1
single,land,0.0013283525461994644,0.007589033839941171,3684744,0.9555673102353874,0.9629724817799644,180650,3115,5285,104912,1821,2213,4894.6390744932,212.21706266933697,ian_s024,ian,mid,6,Bp_N1_s1
single,active,0.0037386540366573934,0.018847729162449523,4110456,0.985713440755731,0.9894193760365491,583291,3375,5079,505902,2341,3069,15367.572916902602,1460.1856247520454,ian_s037,ian,low,-6,Bp_N1_s1
single,land,0.001168884087830985,0.006920854027129372,3684744,0.9593153204130711,0.965006201663505,169535,2847,4343,105811,1639,2198,4307.038629330695,176.49268046847007,ian_s037,ian,low,-6,Bp_N1_s1
single,active,0.003814273780117004,0.019378215452508507,4110456,0.9858352607374338,0.989198567053883,586501,3402,5025,509736,2517,3049,15678.40454512462,1543.5388471957408,ian_s041,ian,mid,0,Bp_N1_s1
single,land,0.0012326449189186798,0.007510365631239332,3684744,0.9601610038803494,0.9644175363127008,172467,2828,4328,108957,1790,2230,4541.980969116092,207.84016637487986,ian_s041,ian,mid,0,Bp_N1_s1
single,active,0.003908737723391854,0.019007097443299807,4110456,0.9834224060023276,0.9890034311298455,605029,3917,6282,513363,2563,3145,16066.694427542388,1484.9834247379447,ian_s046,ian,mid,-6,Bp_N1_s1
single,land,0.001362006857179981,0.0073190499394599345,3684744,0.9553732879107266,0.9647055816806379,191260,3387,5547,113241,1873,2270,5018.646594952792,197.38617954614054,ian_s046,ian,mid,-6,Bp_N1_s1
single,active,0.004000466680072221,0.019555954428518933,4110456,0.9833199159139199,0.988692363525232,609502,3997,6342,517620,2744,3176,16443.74226790294,1571.9836938596172,ian_s049,ian,high,-6,Bp_N1_s1
single,land,0.0014390939039718334,0.007905192380863754,3684744,0.9555919524775711,0.9638360368982987,195452,3442,5641,116815,2021,2362,5302.692628096789,230.26726737260444,ian_s049,ian,high,-6,Bp_N1_s1
single,active,0.003953235001835021,0.019675258714371435,4110456,0.9877265321108368,0.9893127144481931,583777,3033,4221,517554,2517,3074,16249.598532702774,1591.2224853196133,ian_s059,ian,mid,0,Bp_N1_s1
single,land,0.0012183574213440094,0.00773916003742679,3684744,0.9650720467689069,0.9647247416156929,168711,2558,3548,114344,1842,2339,4489.33519815281,220.6962609257609,ian_s059,ian,mid,0,Bp_N1_s1
single,active,0.004061785208634106,0.020185390515907987,4110456,0.9873974587026608,0.9888628059746701,588950,3094,4423,522347,2650,3233,16695.78938154131,1674.805257245168,ian_s063,ian,high,6,Bp_N1_s1
single,land,0.0013306567710272292,0.00861140271061732,3684744,0.9643051528985749,0.963546966453115,173627,2627,3800,118365,1989,2489,4903.129553101957,273.2468217330138,ian_s063,ian,high,6,Bp_N1_s1
single,active,0.0040700182501820885,0.01974389408732189,4110456,0.9863540395209975,0.989216348893521,597987,3493,4780,522511,2578,3118,16729.630936570466,1602.343522373291,ian_s068,ian,high,0,Bp_N1_s1
single,land,0.001356834527088634,0.007980048761479062,3684744,0.9625074985002999,0.9653204920686306,182913,3015,4110,119275,1899,2386,4999.587882682681,234.64883941649694,ian_s068,ian,high,0,Bp_N1_s1
single,active,0.003972200015866067,0.017553610711168764,4110456,0.9827722078718094,0.987938232386729,628530,4827,6191,514701,3156,3128,16327.553388416767,1266.5517203244974,milton_s005,milton,low,0,Bp_N1_s1
single,land,0.0015823641267980935,0.007696622783776559,3684744,0.9546818496576133,0.9575600034659042,210936,4430,5583,110512,2577,2321,5830.606722034514,218.27687345755035,milton_s005,milton,low,0,Bp_N1_s1
single,active,0.003955061281277191,0.017568773655557427,4110456,0.9827961880858073,0.9884504016708585,626508,4959,6008,514440,2974,3037,16257.105373993516,1268.7407796787963,milton_s006,milton,low,6,Bp_N1_s1
single,land,0.0015641886063289523,0.007672721423297885,3684744,0.9544856508510813,0.9597162997128187,208935,4575,5388,110281,2404,2225,5763.634582038969,216.9232892482499,milton_s006,milton,low,6,Bp_N1_s1
single,active,0.00510317345479183,0.01858460360886307,4110456,0.9778372857912555,0.9866828280505411,851179,6895,12397,617845,4423,3916,20976.369946289808,1419.7000859331392,milton_s024,milton,mid,6,Bp_N1_s1
single,land,0.00290571131256569,0.009973713428587586,3684744,0.9595373292203108,0.9685479849494537,433613,6586,11699,213652,3925,3013,10706.802324708551,366.5397603726967,milton_s024,milton,mid,6,Bp_N1_s1
single,active,0.004864212148808026,0.018600766931066347,4110456,0.9773610521424716,0.9868748930975386,780371,7454,10622,588511,3868,3959,19994.130012340844,1422.1706308119024,milton_s037,milton,low,-6,Bp_N1_s1
single,land,0.0025143360244127273,0.009319407306615887,3684744,0.9546417761170004,0.965172252566255,361751,7178,10010,181657,3448,3107,9264.68457993865,320.02500018798963,milton_s037,milton,low,-6,Bp_N1_s1
single,active,0.004903321893052378,0.01858400340479601,4110456,0.9775846565005503,0.9865411870094795,777302,7478,10345,590291,4049,4004,20154.888895228505,1419.6083868015633,milton_s041,milton,mid,0,Bp_N1_s1
single,land,0.0025567692831211923,0.009581543394594605,3684744,0.9546646903891063,0.9637953087176668,358110,7188,9818,182352,3595,3255,9421.040275365114,338.28151120661215,milton_s041,milton,mid,0,Bp_N1_s1
single,active,0.0053342135367233715,0.01917288428666399,4110456,0.9773414503165312,0.9866810243607015,877205,7552,12785,638651,4635,3986,21926.050037305802,1511.0015369531993,milton_s046,milton,mid,-6,Bp_N1_s1
single,land,0.00303221713274668,0.010143870394184499,3684744,0.959349117253874,0.9693647493840742,458566,7263,12168,231747,4197,3127,11172.943886585534,379.1531808099541,milton_s046,milton,mid,-6,Bp_N1_s1
single,active,0.005384247139394236,0.019140243665045072,4110456,0.9775086141110825,0.9862547165188416,882572,7735,12572,644048,4872,4104,22131.710959605873,1505.861147371461,milton_s049,milton,high,-6,Bp_N1_s1
single,land,0.0030959673266768707,0.010372981443861345,3684744,0.9596435309735796,0.9683014967370395,463361,7446,12040,236069,4413,3315,11407.84703116864,396.4738264893664,milton_s049,milton,high,-6,Bp_N1_s1
single,active,0.004394121073617193,0.018575446171760924,4110456,0.9828787831047454,0.9883974888902527,655072,5143,6268,547590,3174,3254,18061.84133177623,1418.3013354961674,milton_s059,milton,mid,0,Bp_N1_s1
single,land,0.0018371820071034274,0.008703035458618455,3684744,0.9563314328099083,0.9624992954968157,234656,4882,5833,136621,2749,2574,6769.545377582312,279.0929243612743,milton_s059,milton,mid,0,Bp_N1_s1
single,active,0.004445091298245219,0.018532488424186585,4110456,0.9826272228140621,0.9886435477706779,659505,5737,5923,553587,3178,3181,18271.352197419852,1411.7489673876262,milton_s063,milton,high,6,Bp_N1_s1
single,land,0.0019101553763703428,0.00914543762861863,3684744,0.9557697544410451,0.9636326516723944,238671,5505,5540,141601,2775,2569,7038.433562148362,308.1884118173126,milton_s063,milton,high,6,Bp_N1_s1
single,active,0.00520566026144632,0.01938227646298881,4110456,0.9774644191325919,0.9869162992004042,789672,7920,10286,605409,4156,3870,21397.637455623597,1544.1858607728157,milton_s068,milton,high,0,Bp_N1_s1
single,land,0.002725783398441977,0.010138109290555638,3684744,0.9546757809773236,0.9656953300359533,369260,7704,9827,194464,3769,3139,10043.814022708684,378.72263105046153,milton_s068,milton,high,0,Bp_N1_s1
single,active,0.0034429188727318322,0.015883417708489535,4110456,0.9852330369451214,0.9876644805722374,551030,3130,5129,471673,2656,3235,14151.966537933797,1036.9979988295897,dorian_s005,dorian,low,0,Bp_N1_s1
single,land,0.000988455923553524,0.006403462697673101,3684744,0.9588798157731044,0.9573269287681836,144904,2252,3962,84105,1732,2017,3642.2070335783064,151.09047559837163,dorian_s005,dorian,low,0,Bp_N1_s1
single,active,0.0034574789123012657,0.015935299775691792,4110456,0.9848656410402952,0.9879610194274414,551444,3226,5248,471619,2545,3202,14211.814939942211,1043.7836252513764,dorian_s006,dorian,low,6,Bp_N1_s1
single,land,0.0010066713482993713,0.0064695016373307514,3684744,0.9577464788732394,0.9588501785897685,145316,2345,4066,84025,1633,1973,3709.326210618019,154.22293879997468,dorian_s006,dorian,low,6,Bp_N1_s1
single,active,0.0044686778418385935,0.01724102579065789,4110456,0.9751379075013933,0.9866902920628005,654417,5812,10873,507293,2941,3902,18368.303647052497,1221.8452553455397,dorian_s024,dorian,mid,6,Bp_N1_s1
single,land,0.0021040019090680312,0.008904197760586992,3684744,0.9444404267547682,0.9620518442094403,248130,4987,9610,119356,2097,2611,7752.708410426974,292.1439617514158,dorian_s024,dorian,mid,6,Bp_N1_s1
single,active,0.003913126640520351,0.01610415051902895,4110456,0.9812145417035851,0.9867742559260035,593572,4188,7176,489890,2867,3699,16084.73487828672,1066.0207195022676,dorian_s037,dorian,low,-6,Bp_N1_s1
single,land,0.001464889761112903,0.007454408928196155,3684744,0.9514985094164992,0.9572645477803436,186076,3453,6032,99903,2116,2344,5397.743757922202,204.75463748502747,dorian_s037,dorian,low,-6,Bp_N1_s1
single,active,0.003946158943603712,0.016488039010299965,4110456,0.9815563445084527,0.9868565059793359,594139,4084,7080,491420,2867,3678,16220.512706689537,1117.4497850415278,dorian_s041,dorian,mid,0,Bp_N1_s1
single,land,0.0014680132117468685,0.007559256708093057,3684744,0.952215042540891,0.9574724763234638,186119,3386,5954,100796,2127,2350,5409.252873905003,210.5549754473952,dorian_s041,dorian,mid,0,Bp_N1_s1
single,active,0.004390850977809441,0.01682175165776897,4110456,0.977438662826225,0.9862405175312153,647818,5225,9728,510413,3096,4025,18048.399746842682,1163.1411964404833,dorian_s046,dorian,mid,-6,Bp_N1_s1
single,land,0.0019658225649439765,0.008537213104904795,3684744,0.9484147034674414,0.960059691011236,240260,4489,8579,120307,2362,2643,7243.552901241928,268.55890969474166,dorian_s046,dorian,mid,-6,Bp_N1_s1
single,active,0.004446003230387908,0.017259636214905477,4110456,0.9773986085440803,0.9864460844671551,650449,5376,9665,512731,3051,3994,18275.100654367357,1224.4844638725788,dorian_s049,dorian,high,-6,Bp_N1_s1
single,land,0.0019867954989170556,0.008662226427663445,3684744,0.9482915111538853,0.961156178624872,242389,4668,8549,122038,2308,2624,7320.832793861628,276.48169548427796,dorian_s049,dorian,high,-6,Bp_N1_s1
single,active,0.0037965506497371466,0.016522815897662885,4110456,0.9854881860059459,0.987402929756442,569488,3036,5350,492327,2670,3611,15605.554397515953,1122.168649293938,dorian_s059,dorian,mid,0,Bp_N1_s1
single,land,0.0011407712199282259,0.007034404682145352,3684744,0.96052647365832,0.9600151069104431,160114,2299,4281,99135,1854,2275,4203.449908003211,182.33163181121097,dorian_s059,dorian,mid,0,Bp_N1_s1
single,active,0.0038527026255864984,0.01690774361755076,4110456,0.9853473803022403,0.9875530348083962,572677,3225,5291,494849,2675,3562,15836.364623557776,1175.063431851537,dorian_s063,dorian,high,6,Bp_N1_s1
single,land,0.0011870636383201222,0.007277875971310411,3684744,0.9601547571303876,0.9605673731877165,162800,2502,4254,100971,1869,2276,4374.02561891824,195.17159916463456,dorian_s063,dorian,high,6,Bp_N1_s1
single,active,0.004168503339775132,0.01689613547429633,4110456,0.9813192553740299,0.9867031539158169,603004,4218,7261,501186,2845,3909,17134.44956399873,1173.4504878029832,dorian_s068,dorian,high,0,Bp_N1_s1
single,land,0.0015610602907213012,0.00793104439764415,3684744,0.9523701765087861,0.959063236012976,193594,3527,6155,107909,2106,2500,5752.10753987357,231.775796624728,dorian_s068,dorian,high,0,Bp_N1_s1
single,active,0.006718581382357968,0.02221852800115143,4110456,0.974694688282114,0.9849674579188316,1028530,10654,16049,762287,5953,5681,27616.433154601604,2029.1799849928366,irma_s005,irma,low,0,Bp_N1_s2
single,land,0.004219485723011914,0.0128604053595313,3684744,0.9598095282922658,0.9725335773340741,611749,10370,15246,357126,5500,4586,15547.724700953811,609.4199060055763,irma_s005,irma,low,0,Bp_N1_s2
single,active,0.006692136443576549,0.022296900092160975,4110456,0.9743537512359031,0.9848876308316377,1014046,9973,16718,753637,5657,5907,27507.732397317886,2043.5204089881074,irma_s006,irma,low,6,Bp_N1_s2
single,land,0.00419123626486316,0.012935416576346647,3684744,0.958902240528558,0.9719307150207627,597375,9679,15924,348512,5231,4834,15443.632679536939,616.5497971828402,irma_s006,irma,low,6,Bp_N1_s2
single,active,0.007820231307763064,0.023958231440191022,4110456,0.9698405429322058,0.982517661239419,1126656,11312,23724,826542,8151,6556,32144.71670038253,2359.38881144393,irma_s024,irma,mid,6,Bp_N1_s2
single,land,0.005402536279954012,0.015034467706774681,3684744,0.9543322204907353,0.9696463464090842,709776,11020,22945,420811,7695,5478,19906.963142342865,832.8819178318751,irma_s024,irma,mid,6,Bp_N1_s2
single,active,0.007747703349545522,0.02349704565860348,4110456,0.9727493726132024,0.982530563404648,1114406,10646,20573,817827,8376,6165,31846.593719359487,2269.428608431596,irma_s037,irma,low,-6,Bp_N1_s2
single,land,0.005013491144495376,0.01454156563012845,3684744,0.9584365238771102,0.9691049651722257,696215,10408,19784,410289,7991,5089,18473.43141373247,779.1653946185726,irma_s037,irma,low,-6,Bp_N1_s2
single,active,0.007661841883376193,0.023691662796125546,4110456,0.9731992534052615,0.9828055982331477,1106947,11481,19003,818795,8297,6028,31493.663940574974,2307.1779321142994,irma_s041,irma,mid,0,Bp_N1_s2
single,land,0.0050788547699800535,0.01446574890149961,3684744,0.9588632805753793,0.9693867660235421,688460,11242,18294,410038,7942,5007,18714.27964055538,771.061759351191,irma_s041,irma,mid,0,Bp_N1_s2
single,active,0.008297566426884794,0.023960477399618426,4110456,0.9707739834683142,0.9825726456541622,1162696,11575,23429,852989,8501,6628,34106.781704787165,2359.8311930060513,irma_s046,irma,mid,-6,Bp_N1_s2
single,land,0.00560366193669854,0.015555310039237753,3684744,0.956350190343183,0.97016890051215,744357,11320,22654,445162,8112,5576,20648.059699278325,891.5889217623213,irma_s046,irma,mid,-6,Bp_N1_s2
single,active,0.008280295309469422,0.024718446249236508,4110456,0.971094599267166,0.9827068722584378,1171143,11559,23301,862739,8598,6584,34035.78953658044,2511.4951309757303,irma_s049,irma,high,-6,Bp_N1_s2
single,land,0.005727845041983679,0.015518483046244643,3684744,0.9568875296451483,0.9704349202478658,752482,11332,22571,453689,8232,5590,21105.64265137911,887.3722688995957,irma_s049,irma,high,-6,Bp_N1_s2
single,active,0.007643396857383872,0.024430510332926824,4110456,0.9751226506690329,0.9835282995988488,1061578,10732,16351,794862,7390,5922,31417.84647281468,2453.3249858977924,irma_s059,irma,mid,0,Bp_N1_s2
single,land,0.004851026355784333,0.014666647357103723,3684744,0.9607574911734288,0.9695753590481654,641933,10532,15688,383660,7042,4997,17874.790258318186,792.627288911352,irma_s059,irma,mid,0,Bp_N1_s2
single,active,0.007734415180108128,0.024999420775328275,4110456,0.9742147219174864,0.9831979288664242,1053206,9834,18042,797521,7291,6338,31791.973283566535,2568.9159575027015,irma_s063,irma,high,6,Bp_N1_s2
single,land,0.005007229207251923,0.015139262550651282,3684744,0.9590219030259723,0.9687477218165136,633480,9635,17433,385363,6950,5482,18450.35777804628,844.5332675770126,irma_s063,irma,high,6,Bp_N1_s2
single,active,0.00819112650436376,0.02484977775973018,4110456,0.9733219820931582,0.9821993406642345,1121556,11263,19478,838094,8671,6518,33669.265086621046,2538.253664073148,irma_s068,irma,high,0,Bp_N1_s2
single,land,0.005462402804122508,0.015563571163366288,3684744,0.959156367492924,0.9684122610720495,701808,11049,18836,426696,8317,5601,20127.555958073586,892.5361844758356,irma_s068,irma,high,0,Bp_N1_s2
single,active,0.005443789931047695,0.01832679582543751,4110456,0.9757118589225044,0.9856289583361969,868446,7550,14068,645379,4443,4967,22376.458984814584,1380.5847972631188,matthew_s005,matthew,low,0,Bp_N1_s2
single,land,0.003186031553128191,0.010983560830290413,3684744,0.9566172595450707,0.9686301665959508,451972,7284,13213,241989,3973,3864,11739.710649199784,444.52238888548277,matthew_s005,matthew,low,0,Bp_N1_s2
single,active,0.005441532328131535,0.01836903922141048,4110456,0.9753740444902517,0.9859785388014498,851721,7592,13912,635475,3853,5184,22367.179207362235,1386.9566481322897,matthew_s006,matthew,low,6,Bp_N1_s2
single,land,0.00315634715112856,0.011096241920543176,3684744,0.9553009488865286,0.9687180279537473,435323,7347,13022,231976,3402,4089,11630.331227038056,453.6899444320263,matthew_s006,matthew,low,6,Bp_N1_s2
single,active,0.006824310023740462,0.020248014537949038,4110456,0.9676793168936096,0.9831467129182545,990024,10980,22087,718753,6338,5983,28051.026082944125,1685.2133529504563,matthew_s024,matthew,mid,6,Bp_N1_s2
single,land,0.004583797554120182,0.01342897736677012,3684744,0.9471283892640738,0.9667045129369629,573186,10745,21252,314178,5872,4949,16890.120534759015,664.4972746540928,matthew_s024,matthew,mid,6,Bp_N1_s2
single,active,0.0064682827872177264,0.019732240154994734,4110456,0.9718983653212508,0.9845222201814239,971911,9268,18834,718270,5706,5586,26587.591792415828,1600.452498059829,matthew_s037,matthew,low,-6,Bp_N1_s2
single,land,0.004104714751394086,0.012527194540497694,3684744,0.9531516844541487,0.9691531319969896,553092,9086,18099,310349,5315,4563,15124.823051910847,578.2490980250441,matthew_s037,matthew,low,-6,Bp_N1_s2
single,active,0.006407699512006312,0.019719198256884295,4110456,0.971834004798794,0.9843768194697823,956687,9856,17871,710094,6094,5176,26338.566905323416,1598.3375794972405,matthew_s041,matthew,mid,0,Bp_N1_s2
single,land,0.0040923951721800285,0.01253689643892197,3684744,0.952484122432507,0.9680281401105596,538104,9663,17181,301897,5694,4277,15079.428556319326,579.1451145144234,matthew_s041,matthew,mid,0,Bp_N1_s2
single,active,0.007108754894066791,0.020666782898824662,4110456,0.9683114569503034,0.9839165302761048,1037079,10768,23171,756865,6687,5685,29220.224206846207,1755.641177098609,matthew_s046,matthew,mid,-6,Bp_N1_s2
single,land,0.004774173772053469,0.013633322521421807,3684744,0.9492499996160538,0.969419513104135,618088,10588,22457,348548,6299,4696,17591.60816153139,684.8740926802584,matthew_s046,matthew,mid,-6,Bp_N1_s2
single,active,0.0071113381232140935,0.020789977302849497,4110456,0.968550750174573,0.9840152922013923,1038884,10769,22964,758786,6863,5463,29230.84245659411,1776.6342659590698,matthew_s049,matthew,high,-6,Bp_N1_s2
single,land,0.004799376085094498,0.01357101716407811,3684744,0.949669152046112,0.9696108517650445,620152,10582,22285,350397,6452,4530,17684.47223329544,678.6285396457262,matthew_s049,matthew,high,-6,Bp_N1_s2
single,active,0.006033175008632003,0.01954893514738101,4110456,0.97600416242133,0.985294714034112,898527,8167,13924,680279,4832,5321,24799.10041328147,1570.8554221342713,matthew_s059,matthew,mid,0,Bp_N1_s2
single,land,0.003531652431337706,0.011871310694756419,3684744,0.9573470803846561,0.9682727472140215,478753,8006,13324,269266,4443,4380,13013.235106457025,519.283667325641,matthew_s059,matthew,mid,0,Bp_N1_s2
single,active,0.006001615496026973,0.01958632471091507,4110456,0.9755194502240983,0.9858162058203982,882371,7934,14209,672511,4108,5568,24669.376425337046,1576.8700480473142,matthew_s063,matthew,high,6,Bp_N1_s2
single,land,0.003532513849214104,0.012198557257150409,3684744,0.9558557628797887,0.9687969019251793,463093,7752,13635,261425,3727,4693,13016.409210808575,548.3075908611911,matthew_s063,matthew,high,6,Bp_N1_s2
single,active,0.006755944606631465,0.020488997594070472,4110456,0.9716348416425518,0.9843857085503487,970362,10351,17977,728220,6193,5358,27770.013043995947,1725.565410458602,matthew_s068,matthew,high,0,Bp_N1_s2
single,land,0.004306538886086381,0.013077091800185193,3684744,0.9522433762661431,0.9686265637802208,550430,10187,17418,316830,5819,4443,15868.493321273476,630.1292872230176,matthew_s068,matthew,high,0,Bp_N1_s2
single,active,0.0037766249215017136,0.0198602094453855,4110456,0.9864481179216799,0.9887874264464441,558667,3011,4664,490841,2346,3220,15523.650568336248,1621.2786071030832,ian_s005,ian,low,0,Bp_N1_s2
single,land,0.001063042077078713,0.007065688486859693,3684744,0.959824651205523,0.9616226380197898,146260,2392,3730,93588,1603,2132,3917.037915263325,183.95698919629274,ian_s005,ian,low,0,Bp_N1_s2
single,active,0.003785460285143077,0.019869371061800447,4110456,0.9865348011501708,0.9887839016949084,558210,2977,4642,490685,2317,3249,15559.967941828072,1622.7747603784333,ian_s006,ian,low,6,Bp_N1_s2
single,land,0.0010639486542244943,0.007078956304688097,3684744,0.9601179933233689,0.9616065364588693,145816,2351,3706,93447,1577,2154,3920.3784199617803,184.64849983484805,ian_s006,ian,low,6,Bp_N1_s2
single,active,0.004062990486954445,0.02009330920374238,4110456,0.9829565321141357,0.9881416935771115,593172,4169,6116,502141,2617,3409,16700.743625044823,1659.559923182174,ian_s024,ian,mid,6,Bp_N1_s2
single,land,0.0013838035153793536,0.007752060767674695,3684744,0.9538651524107068,0.9615726853253341,180746,3553,5189,104822,1886,2303,5098.961700472981,221.43264986876926,ian_s024,ian,mid,6,Bp_N1_s2
single,active,0.003952062325722,0.019128184393173,4110456,0.9851584795420388,0.989055712992136,583401,3820,4969,505721,2346,3250,16244.77829913795,1503.9642155884333,ian_s037,ian,low,-6,Bp_N1_s2
single,land,0.0012197706963002475,0.0070668297609417195,3684744,0.9577963117621832,0.9641014421411511,169733,3334,4145,105760,1689,2249,4494.54275456816,184.0164207152202,ian_s037,ian,low,-6,Bp_N1_s2
single,active,0.004041951481667463,0.019734771684033772,4110456,0.9852595617171872,0.9887693436266461,586593,3843,4933,509499,2501,3286,16614.263719528913,1600.863181473388,ian_s041,ian,mid,0,Bp_N1_s2
single,land,0.0012993051881490217,0.007679775504537091,3684744,0.9584971239478535,0.9630891488646218,172633,3313,4162,108831,1815,2356,4787.606996200979,217.3223387716632,ian_s041,ian,mid,0,Bp_N1_s2
single,active,0.004118175209908586,0.019295855265068874,4110456,0.9829292891561765,0.9884942114691888,605222,4422,6089,513157,2622,3351,16927.578000620008,1530.4462074809653,ian_s046,ian,mid,-6,Bp_N1_s2
single,land,0.001411099648566097,0.007461626965384307,3684744,0.9542139505225717,0.9633630412761647,191547,3931,5260,113173,1966,2338,5199.540963456035,205.1513536119731,ian_s046,ian,mid,-6,Bp_N1_s2
single,active,0.004216943382158558,0.01991593277580804,4110456,0.982686334277383,0.9882209352963198,609636,4533,6208,517389,2760,3407,17333.560226853937,1630.3892647748942,ian_s049,ian,high,-6,Bp_N1_s2
single,land,0.001496048471800825,0.008066073790808193,3684744,0.9539231841805045,0.9625719611368623,195663,4021,5430,116708,2069,2469,5512.555630177259,239.73514272356311,ian_s049,ian,high,-6,Bp_N1_s2
single,active,0.0041897691921249395,0.020036074899973243,4110456,0.9869882786273936,0.9888739590242113,583619,3315,4379,517366,2559,3262,17221.86191438511,1650.1191209026715,ian_s059,ian,mid,0,Bp_N1_s2
single,land,0.001300794463504478,0.007950504007143021,3684744,0.9628787922046035,0.9635310386697472,168628,2870,3631,114269,1911,2414,4793.094594631344,232.9145620790201,ian_s059,ian,mid,0,Bp_N1_s2
single,active,0.004291223646890851,0.02059430015418077,4110456,0.9867521367521368,0.9883869722082357,588795,3327,4578,522151,2706,3429,17638.88598670438,1743.3479683250857,ian_s063,ian,high,6,Bp_N1_s2
single,land,0.0014179723896486978,0.008825523720288785,3684744,0.9624371225271892,0.9624256527505431,173538,2884,3889,118285,2049,2569,5224.865254923701,287.0042272277973,ian_s063,ian,high,6,Bp_N1_s2
single,active,0.004305154302441076,0.020104587141859746,4110456,0.9855360289015721,0.9887702346854359,597973,3982,4794,522307,2610,3322,17696.147333394736,1661.4233958918483,ian_s068,ian,high,0,Bp_N1_s2
single,land,0.001439831927226254,0.008185383866940517,3684744,0.9601899713993335,0.9641649544579444,182969,3532,4054,119192,1961,2469,5305.4120548553765,246.8797237158752,ian_s068,ian,high,0,Bp_N1_s2
single,active,0.004130407478454942,0.017758143247260817,4110456,0.9815777028239823,0.9872404284022805,628888,5970,5833,514450,3270,3379,16977.858202259988,1296.2390883889907,milton_s005,milton,low,0,Bp_N1_s2
single,land,0.0016127879132383834,0.007831674851047526,3684744,0.9515583708125678,0.9552397684099386,211363,5604,5156,110377,2716,2456,5942.710586577654,226.00425584024512,milton_s005,milton,low,0,Bp_N1_s2
single,active,0.0041217417630798545,0.01778846090087739,4110456,0.9815323426710302,0.9876599414884524,626836,6114,5680,514157,3104,3320,16942.238160502166,1300.6688842021963,milton_s006,milton,low,6,Bp_N1_s2
single,land,0.0016027206427792254,0.00782194422253997,3684744,0.9511045882898193,0.9569702763775422,209321,5759,5002,110109,2554,2397,5905.615272156894,225.44299728491612,milton_s006,milton,low,6,Bp_N1_s2
single,active,0.005215561706432875,0.018752876391503904,4110456,0.9770825299766797,0.9865822436866548,851375,7768,12201,617342,3977,4419,21438.33690957725,1445.525594535218,milton_s024,milton,mid,6,Bp_N1_s2
single,land,0.002900052314338145,0.01007662995428054,3684744,0.9582284295797666,0.9688540450678379,433882,7484,11430,213300,3492,3365,10685.950364943594,374.1432726541953,milton_s024,milton,mid,6,Bp_N1_s2
single,active,0.004966975548018781,0.018796289534337162,4110456,0.9763474326283685,0.9865672768130404,781117,9047,9876,588295,3835,4175,20416.534443207085,1452.2261610910987,milton_s037,milton,low,-6,Bp_N1_s2
single,land,0.0025068565977190366,0.009399801995982473,3684744,0.9527148120312606,0.9646438078842077,362548,8781,9213,181545,3435,3219,9237.124807305634,325.57026361509,milton_s037,milton,low,-6,Bp_N1_s2
single,active,0.005015283006588233,0.018707104315366943,4110456,0.9764523774850732,0.9862050175425107,777799,8909,9848,590008,3966,4287,20615.100126128644,1438.4777199921955,milton_s041,milton,mid,0,Bp_N1_s2
single,land,0.002564961672156724,0.00969908874908277,3684744,0.9524374764325053,0.9632122407330059,358667,8650,9261,182181,3532,3426,9451.227131709456,346.6324261285459,milton_s041,milton,mid,0,Bp_N1_s2
single,active,0.005428451801252592,0.019378700997708696,4110456,0.9765704988381514,0.9867889902583298,877515,8578,12475,638264,4172,4373,22313.412277169526,1543.6161987217054,milton_s046,milton,mid,-6,Bp_N1_s2
single,land,0.0030109443043575485,0.010217227600942623,3684744,0.9580137692625638,0.9699495457440745,458925,8304,11809,231461,3758,3413,11094.558959815651,384.6568370598724,milton_s046,milton,mid,-6,Bp_N1_s2
single,active,0.0054842267979252615,0.019274657012188334,4110456,0.9766796844748807,0.9863611147719854,882811,8746,12333,643646,4394,4506,22542.67294689268,1527.0853857288685,milton_s049,milton,high,-6,Bp_N1_s2
single,land,0.003085492173092627,0.010471583608081972,3684744,0.9581897950200557,0.9688788069318933,463669,8500,11732,235766,3955,3618,11369.24877185002,404.0471516767783,milton_s049,milton,high,-6,Bp_N1_s2
single,active,0.004582058257194163,0.018820376120013332,4110456,0.9814272218088284,0.9879248892377936,655508,6573,5832,547424,3271,3420,18834.34885563329,1455.9504686880653,milton_s059,milton,mid,0,Bp_N1_s2
single,land,0.0019022913929687872,0.008900014512980656,3684744,0.952585263874371,0.9611520617286559,235119,6333,5370,136523,2846,2672,7009.456796493381,291.86952412458345,milton_s059,milton,mid,0,Bp_N1_s2
single,active,0.004663068123440924,0.018886137425289197,4110456,0.9809779416684633,0.9880568073876743,659742,7107,5686,553379,3300,3389,19167.33634640649,1466.1428768419994,milton_s063,milton,high,6,Bp_N1_s2
single,land,0.002000588623261794,0.009389197850187603,3684744,0.9515459729833057,0.9619299521999578,238937,6893,5274,141472,2901,2698,7371.656926032156,324.8361104535452,milton_s063,milton,high,6,Bp_N1_s2
single,active,0.00532507586586528,0.0195308672681304,4110456,0.9763073106610924,0.9866382128202077,790270,9490,9688,605195,4112,4084,21888.490043301135,1567.9530737462637,milton_s068,milton,high,0,Bp_N1_s2
single,land,0.0027489448743599062,0.01028174861200438,3684744,0.9524296293244621,0.9651065774051928,369897,9285,9190,194330,3753,3273,10129.158132128417,389.5303335331157,milton_s068,milton,high,0,Bp_N1_s2
single,active,0.003657211248045411,0.016449511639656415,4110456,0.9847254422829074,0.9873209349082684,550882,3268,5277,471426,2572,3482,15032.805917795748,1112.2336277964503,dorian_s005,dorian,low,0,Bp_N1_s2
single,land,0.001029975883656408,0.006539960667316781,3684744,0.9572131743252618,0.9566553250566132,144879,2489,3987,84068,1755,2054,3795.197457447648,157.60050078034058,dorian_s005,dorian,low,0,Bp_N1_s2
single,active,0.003672959733252149,0.01650656098519185,4110456,0.9845027266201695,0.9876451128323637,551355,3342,5337,471404,2480,3417,15097.539373304695,1119.96178809213,dorian_s006,dorian,low,6,Bp_N1_s2
single,land,0.0010473009560006297,0.006599954044018163,3684744,0.9565237421435387,0.9583628025826469,145339,2563,4043,84012,1664,1986,3859.0359138175845,160.50521341220795,dorian_s006,dorian,low,6,Bp_N1_s2
single,active,0.004696834804912017,0.017841300459665543,4110456,0.9741363139669562,0.9862169038412163,654341,6424,10949,507022,2913,4173,19306.13280485943,1308.4074788713285,dorian_s024,dorian,mid,6,Bp_N1_s2
single,land,0.0021370779941063188,0.009028501995450529,3684744,0.9420571532691548,0.960921133206562,248168,5692,9572,119258,2141,2709,7874.585316315293,300.35766337347246,dorian_s024,dorian,mid,6,Bp_N1_s2
single,active,0.004114648746158629,0.0166907082407564,4110456,0.9806321159297707,0.9863395628901866,593608,4584,7140,489616,2808,3973,16913.082626540214,1145.0897702479597,dorian_s037,dorian,low,-6,Bp_N1_s2
single,land,0.0014924931765362111,0.0075733405790450944,3684744,0.9499609787448928,0.9566071548361748,186237,3939,5871,99821,2102,2426,5499.455277282745,211.34028852928114,dorian_s037,dorian,low,-6,Bp_N1_s2
single,active,0.004164446732456348,0.01706724036801909,4110456,0.980757419661608,0.9865458511687514,594033,4469,7186,491141,2741,3957,17117.775058105588,1197.3375799910966,dorian_s041,dorian,mid,0,Bp_N1_s2
single,land,0.0015068568175529875,0.007693208834466928,3684744,0.9501176614718659,0.9572668257121404,186129,3828,5944,100715,2065,2431,5552.381617337465,218.08327662078744,dorian_s041,dorian,mid,0,Bp_N1_s2
single,active,0.004592577608553269,0.017400611493266563,4110456,0.9764125630837318,0.9858873227460877,647756,5858,9790,510175,3040,4263,18877.588186543435,1244.5691304595925,dorian_s046,dorian,mid,-6,Bp_N1_s2
single,land,0.001992547813247043,0.008646849231954848,3684744,0.9459598822288351,0.959646658899759,240323,5213,8516,120261,2368,2689,7342.028599575162,275.50094543556287,dorian_s046,dorian,mid,-6,Bp_N1_s2
single,active,0.004657566491219753,0.01782445787574642,4110456,0.9763528828977588,0.9860901590135923,650417,6056,9697,512475,2979,4250,19144.72212923318,1305.9383134512486,dorian_s049,dorian,high,-6,Bp_N1_s2
single,land,0.002017761247590035,0.008777882602163514,3684744,0.9458331382920626,0.9606203088942971,242470,5418,8468,121969,2307,2693,7434.9336504898965,283.9140315585075,dorian_s049,dorian,high,-6,Bp_N1_s2
single,active,0.004010996546712048,0.017054493528880558,4110456,0.9850415224913495,0.9870937458627371,569354,3162,5484,492084,2580,3854,16487.02482141182,1195.5497607762284,dorian_s059,dorian,mid,0,Bp_N1_s2
single,land,0.0011918279514678946,0.007179960304418431,3684744,0.9590281314599,0.959554087690922,160057,2500,4338,99073,1839,2337,4391.580893203616,189.95529618212188,dorian_s059,dorian,mid,0,Bp_N1_s2
single,active,0.00408576371029928,0.0174922945638687,4110456,0.9849018110257892,0.9872547649935136,572551,3360,5417,494664,2639,3747,16794.351957581937,1257.7188440869222,dorian_s063,dorian,high,6,Bp_N1_s2
single,land,0.00124479614954188,0.007447495135681534,3684744,0.9587825021501196,0.9600882699844006,162761,2704,4293,100936,1885,2311,4586.755143247545,204.3750032012086,dorian_s063,dorian,high,6,Bp_N1_s2
single,active,0.00438249196079079,0.017463976272460914,4110456,0.9808173681377038,0.9862750193933523,603033,4562,7232,500935,2811,4160,18014.040375184268,1253.6498960303338,dorian_s068,dorian,high,0,Bp_N1_s2
single,land,0.0016047422461337548,0.008078833984370393,3684744,0.9509724990427193,0.9582030139323287,193715,3953,6034,107840,2135,2569,5913.064362987876,240.4942447507733,dorian_s068,dorian,high,0,Bp_N1_s2
single,active,0.006643645621101948,0.022330578045613458,4110456,0.9754741583801202,0.9849012850821752,1030129,11450,14450,762809,6535,5159,27308.413005132228,2049.6982686989986,irma_s005,irma,low,0,Bp_N2_s0
single,land,0.004217363226625153,0.012805322393594713,3684744,0.9611031456888784,0.9723951734375934,613352,11180,13643,357645,6086,4067,15539.903845127672,604.2106197822744,irma_s005,irma,low,0,Bp_N2_s0
single,active,0.006615926507141236,0.02238361646808096,4110456,0.975268314549795,0.9848279878508993,1016016,11017,14748,754199,6274,5345,27194.474806837738,2059.4465042279994,irma_s006,irma,low,6,Bp_N2_s0
single,land,0.004184179079141279,0.01288161913893898,3684744,0.960441067831566,0.971842043720837,599345,10732,13954,349074,5842,4272,15417.628756791353,611.4320917513222,irma_s006,irma,low,6,Bp_N2_s0
single,active,0.007757416990325186,0.024115935332767506,4110456,0.971058317563193,0.9823169855507564,1129402,12683,20978,827161,8953,5937,31886.521212384105,2390.552164685722,irma_s024,irma,mid,6,Bp_N2_s0
single,land,0.0053899151911826005,0.01502466458838019,3684744,0.9562445142916961,0.9692604569646398,712515,12397,20206,421417,8493,4872,19860.45766121894,831.7961224056309,irma_s024,irma,mid,6,Bp_N2_s0
single,active,0.0077228350688700945,0.02362381381844531,4110456,0.973667683708662,0.982258060643603,1116273,11483,18706,818219,9006,5773,31744.373745847493,2293.982107608586,irma_s037,irma,low,-6,Bp_N2_s0
single,land,0.005013418563274716,0.01449364792448357,3684744,0.9599083131433411,0.9685286154949108,698101,11259,17898,410691,8658,4687,18473.163970515132,774.0388072829775,irma_s037,irma,low,-6,Bp_N2_s0
single,active,0.007613471310023645,0.023899202712124153,4110456,0.9739898253515981,0.9824273220610488,1108903,12566,17047,819366,9199,5457,31294.838827114552,2347.776923413048,irma_s041,irma,mid,0,Bp_N2_s0
single,land,0.0050819519603202985,0.014445757080269437,3684744,0.9601441264040296,0.9686010110899058,690431,12337,16323,410589,8854,4456,18725.691994078457,768.9320006838484,irma_s041,irma,mid,0,Bp_N2_s0
single,active,0.008281403386280875,0.024111018628334827,4110456,0.9717560786374843,0.9824032506849,1164810,12540,21315,853453,9123,6164,34040.344237558544,2389.577502902185,irma_s046,irma,mid,-6,Bp_N2_s0
single,land,0.005598813845106812,0.015515112458834178,3684744,0.9578938453720955,0.9698581483109682,746502,12305,20509,445644,8756,5094,20630.195722874254,886.9868393479104,irma_s046,irma,mid,-6,Bp_N2_s0
single,active,0.008241541035687545,0.024940451312567228,4110456,0.9720695473820327,0.982518473333872,1173460,12733,20984,863338,9376,5985,33876.49179938808,2556.8109628892676,irma_s049,irma,high,-6,Bp_N2_s0
single,land,0.005718993001275042,0.015480354499072754,3684744,0.9584038030808611,0.9700601743304591,754812,12519,20241,454285,9027,4994,21073.025147490203,883.0171202193984,irma_s049,irma,high,-6,Bp_N2_s0
single,active,0.007624182411984471,0.024650123011856883,4110456,0.9758337019505202,0.9831431717979999,1063325,11729,14604,795411,8265,5373,31338.86634043604,2497.6304787190816,irma_s059,irma,mid,0,Bp_N2_s0
single,land,0.004876010239094162,0.014680299016071333,3684744,0.9619371267686458,0.968865443340251,643686,11535,13935,384222,7912,4435,17966.84947244078,794.1035244947857,irma_s059,irma,mid,0,Bp_N2_s0
single,active,0.007722060452976798,0.02523909499181033,4110456,0.9752442136109248,0.9829370195380177,1055657,11206,15591,798252,8250,5607,31741.189721301198,2618.4094522168184,irma_s063,irma,high,6,Bp_N2_s0
single,land,0.005014053741641789,0.015133040794595124,3684744,0.9607309633626974,0.9683109717868339,635928,11008,14985,386114,7905,4731,18475.504440192133,843.8392575164287,irma_s063,irma,high,6,Bp_N2_s0
single,active,0.00817263106188717,0.02510353571212333,4110456,0.9741889177739849,0.9819778156077525,1123837,12579,17197,838721,9502,5891,33593.240384120494,2590.358012079283,irma_s068,irma,high,0,Bp_N2_s0
single,land,0.0054817291795932754,0.015579989822848085,3684744,0.9605308930478876,0.9680527900291541,704097,12385,16547,427344,9150,4953,20198.768704131246,894.4203249757667,irma_s068,irma,high,0,Bp_N2_s0
single,active,0.005595632751355347,0.018732366139734977,4110456,0.9758457307205515,0.9854332253125758,868935,7929,13579,645578,4775,4768,23000.602216605097,1442.3653454063817,matthew_s005,matthew,low,0,Bp_N2_s0
single,land,0.0032117204174566282,0.01104421420384935,3684744,0.9569205977951704,0.9681617773442965,452500,7686,12685,242206,4318,3647,11834.367537900805,449.44542378232165,matthew_s005,matthew,low,0,Bp_N2_s0
single,active,0.005591864251722079,0.01876761284164185,4110456,0.9757148367616272,0.9858905048587655,852444,8028,13189,635716,4155,4943,22985.11196467653,1447.7983430112029,matthew_s006,matthew,low,6,Bp_N2_s0
single,land,0.0031732211845340538,0.011120667436332693,3684744,0.956019046282818,0.9685992050748422,436090,7807,12255,232242,3706,3823,11692.507720384747,455.68950565922285,matthew_s006,matthew,low,6,Bp_N2_s0
single,active,0.00694857470449774,0.02050295601110729,4110456,0.9681109862732646,0.9832672993894253,990910,11439,21201,719203,6706,5533,28561.810585550964,1727.9173426144448,matthew_s024,matthew,mid,6,Bp_N2_s0
single,land,0.004627858571947261,0.013480001775984502,3684744,0.9479345884202218,0.9669796388782175,574109,11204,20329,314631,6248,4496,17052.474105831236,669.5564825651522,matthew_s024,matthew,mid,6,Bp_N2_s0
single,active,0.006697017857434782,0.02032379477637312,4110456,0.9720968211024349,0.9841375087162191,972648,9822,18097,718382,6105,5474,27527.79723419994,1697.8511200260152,matthew_s037,matthew,low,-6,Bp_N2_s0
single,land,0.004165296713329104,0.01263889766024902,3684744,0.9535677270739576,0.9683913423153693,553876,9655,17315,310505,5728,4407,15348.052072659135,588.6073961502034,matthew_s037,matthew,low,-6,Bp_N2_s0
single,active,0.006577941174315499,0.02013120052750337,4110456,0.9723004094165814,0.9841079181940854,957537,10258,17021,710335,6536,4935,27038.33776761219,1665.8249154758619,matthew_s041,matthew,mid,0,Bp_N2_s0
single,land,0.004137625962667747,0.012632073249102031,3684744,0.953365254505608,0.967531240895076,538986,10066,16299,302190,6157,3984,15246.092440184206,587.9719270586625,matthew_s041,matthew,mid,0,Bp_N2_s0
single,active,0.007323035651314913,0.021220060180013316,4110456,0.9684007775456174,0.9836450905386582,1037716,11327,22534,757029,7066,5521,30101.01583116129,1850.9011537933634,matthew_s046,matthew,mid,-6,Bp_N2_s0
single,land,0.004832551143078674,0.013741468117896226,3684744,0.9494406245732374,0.9689042736134995,618759,11164,21786,348760,6709,4484,17806.713829152286,695.7826411853739,matthew_s046,matthew,mid,-6,Bp_N2_s0
single,active,0.007274044573610436,0.021146871760429394,4110456,0.9688233600205769,0.9836785425909294,1039593,11199,22255,758968,7312,5281,29899.64016186446,1838.1555801103848,matthew_s049,matthew,high,-6,Bp_N2_s0
single,land,0.00484999439492922,0.013662867927772432,3684744,0.9501490509099145,0.968926350697803,620892,11031,21545,350606,6923,4321,17870.987746749073,687.8457541095452,matthew_s049,matthew,high,-6,Bp_N2_s0
single,active,0.006248669697553823,0.020147470553774968,4110456,0.9764089235716433,0.9849635378820996,899381,8660,13070,680466,5254,5134,25684.881850328296,1668.5186413093832,matthew_s059,matthew,mid,0,Bp_N2_s0
single,land,0.003570632162787054,0.011976517177066421,3684744,0.9581142523812568,0.9675646176437852,479609,8499,12468,269489,4877,4157,13156.86543803662,528.5284913444043,matthew_s059,matthew,mid,0,Bp_N2_s0
single,active,0.006192849070389873,0.020054395133532625,4110456,0.976009908494479,0.9856774705850466,883369,8502,13211,672785,4482,5294,25455.433618478477,1653.1381142627945,matthew_s063,matthew,high,6,Bp_N2_s0
single,land,0.0035650893605966272,0.012240626770194237,3684744,0.9568273982430786,0.9685574620983648,464112,8325,12616,261742,4121,4376,13136.441630922258,552.0960404011224,matthew_s063,matthew,high,6,Bp_N2_s0
single,active,0.006964667213361552,0.021045490111115266,4110456,0.9720813020986062,0.9839805680967705,971291,10848,17048,728368,6648,5210,28627.958135165274,1820.5729761803093,matthew_s068,matthew,high,0,Bp_N2_s0
single,land,0.004356566783514615,0.01320560631866677,3684744,0.9530589386276347,0.9678008273419731,551377,10686,16471,317008,6282,4265,16052.833316154778,642.5752775899188,matthew_s068,matthew,high,0,Bp_N2_s0
single,active,0.003747764305185743,0.019612955429132568,4110456,0.9866178802637574,0.9886169492618142,558700,2947,4631,490702,2291,3359,15405.02027483657,1581.1609735511515,ian_s005,ian,low,0,Bp_N2_s0
single,land,0.0010554570688750989,0.007093485436042037,3684744,0.9602155619445211,0.9610520471323696,146285,2356,3705,93470,1538,2250,3889.089101795107,185.40723751236806,ian_s005,ian,low,0,Bp_N2_s0
single,active,0.0037589132668516966,0.019627031513030895,4110456,0.9866404624849553,0.9886258751264575,558254,2961,4598,490570,2280,3364,15450.847591210157,1583.4313648024195,ian_s006,ian,low,6,Bp_N2_s0
single,land,0.0010586991190440068,0.007109775446545985,3684744,0.9602199032162492,0.9611555528101224,145843,2363,3679,93358,1530,2243,3901.03522670269,186.2597814074691,ian_s006,ian,low,6,Bp_N2_s0
single,active,0.004049021851024595,0.019860798115451387,4110456,0.982795873528213,0.9879560039910497,593135,4230,6153,502017,2587,3533,16643.326161675155,1621.3747201205813,ian_s024,ian,mid,6,Bp_N2_s0
single,land,0.001384068715383199,0.007781281243630493,3684744,0.9531945645981474,0.9609660310877025,180699,3637,5236,104728,1857,2397,5099.938894595951,223.1051243907981,ian_s024,ian,mid,6,Bp_N2_s0
single,active,0.003950893595271522,0.019312839773183633,4110456,0.9851618013927808,0.9888393817651224,583268,3683,5102,505556,2291,3415,16239.974284045398,1533.1416377458952,ian_s037,ian,low,-6,Bp_N2_s0
single,land,0.001226322402200338,0.007159230499792248,3684744,0.9576981276960951,0.9630960305663715,169616,3230,4262,105616,1654,2393,4518.684113573283,188.86001109881286,ian_s037,ian,low,-6,Bp_N2_s0
single,active,0.0040223823689742675,0.019638469665585287,4110456,0.9853370561889114,0.9886479866625003,586514,3716,5012,509390,2454,3395,16533.825742844492,1585.277472500934,ian_s041,ian,mid,0,Bp_N2_s0
single,land,0.0012926591767639863,0.007725493562762714,3684744,0.9586083150012221,0.9627232972752864,172561,3217,4234,108755,1779,2432,4763.118145626038,219.91750024263996,ian_s041,ian,mid,0,Bp_N2_s0
single,active,0.004127579413293791,0.019481256673478428,4110456,0.9827330534282953,0.9883540821398434,605054,4374,6257,513021,2558,3487,16966.233564849943,1559.997636914245,ian_s046,ian,mid,-6,Bp_N2_s0
single,land,0.0014217039736653925,0.00755217585767569,3684744,0.9534358902826626,0.9626857410482395,191387,3927,5420,113053,1924,2458,5238.615186739713,210.16070123047402,ian_s046,ian,mid,-6,Bp_N2_s0
single,active,0.004218252071571674,0.019831362857500378,4110456,0.9824861452755309,0.9881317824866905,609501,4522,6343,517286,2703,3510,17338.93953710422,1616.5722729762956,ian_s049,ian,high,-6,Bp_N2_s0
single,land,0.0015003915038986388,0.008119606255999452,3684744,0.953214350134307,0.9622543438443641,195530,4034,5563,116631,2029,2546,5528.558591641486,242.9278236283625,ian_s049,ian,high,-6,Bp_N2_s0
single,active,0.004182358369414427,0.02010473894085675,4110456,0.9871742612472578,0.9887328790036608,583650,3235,4348,517221,2487,3407,17191.400053709745,1661.4484850275207,ian_s059,ian,mid,0,Bp_N2_s0
single,land,0.001287210521393585,0.007979590788650218,3684744,0.9633145422456778,0.962988897512908,168660,2824,3599,114145,1849,2538,4743.041245441884,234.62190732313405,ian_s059,ian,mid,0,Bp_N2_s0
single,active,0.004291456560938217,0.020467682258595726,4110456,0.9868754483230205,0.988411016066675,588837,3295,4536,522053,2594,3527,17639.84336964786,1721.9769602933782,ian_s063,ian,high,6,Bp_N2_s0
single,land,0.0014000996756212832,0.008808605028357376,3684744,0.9627185198331707,0.9623176133402814,173582,2877,3845,118188,1962,2666,5159.00887914747,285.90489715077484,ian_s063,ian,high,6,Bp_N2_s0
single,active,0.004303515734541551,0.020174385923012548,4110456,0.9857080923188002,0.9886236274138583,597967,3870,4800,522191,2571,3438,17689.412072140723,1672.9796273597594,ian_s068,ian,high,0,Bp_N2_s0
single,land,0.0014299901116393815,0.00822284091620852,3684744,0.9605823397541908,0.9636993340292445,182965,3450,4058,119093,1918,2568,5269.147483922541,249.14438095325124,ian_s068,ian,high,0,Bp_N2_s0
single,active,0.004142599840001081,0.017891494630981167,4110456,0.9819966346221449,0.9868982643606691,628524,5326,6197,514249,3247,3580,17027.974367931485,1315.7799024805981,milton_s005,milton,low,0,Bp_N2_s0
single,land,0.001644335019181162,0.007942779441068902,3684744,0.9526591158400333,0.9539924546587291,211034,5002,5485,110251,2735,2582,6058.953595917672,232.46219078150142,milton_s005,milton,low,0,Bp_N2_s0
single,active,0.0041267682257240465,0.017912937645147852,4110456,0.9820217181406663,0.9874475781740779,626522,5476,5994,514003,3060,3474,16962.899214036763,1318.9357254153012,milton_s006,milton,low,6,Bp_N2_s0
single,land,0.0016283799310044588,0.007920946915541915,3684744,0.9524694733005286,0.9562050773950755,209048,5157,5275,110020,2553,2486,6000.163180489093,231.18599734468953,milton_s006,milton,low,6,Bp_N2_s0
single,active,0.005358554277239874,0.019100579880361544,4110456,0.9771463937507678,0.986251298026999,850988,7315,12588,617344,4189,4417,22026.101580206305,1499.6265072197618,milton_s024,milton,mid,6,Bp_N2_s0
single,land,0.0029646777982839864,0.010184210743944287,3684744,0.9583500970453128,0.9679144870265096,433525,7054,11787,213339,3746,3326,10924.07872916013,382.1748252919937,milton_s024,milton,mid,6,Bp_N2_s0
single,active,0.005150870857788786,0.01923661921276892,4110456,0.9765542874305452,0.9862252024299983,780345,8087,10648,588164,3909,4306,21172.428022623062,1521.064043677903,milton_s037,milton,low,-6,Bp_N2_s0
single,land,0.002583980773969295,0.009571062277878628,3684744,0.9531159036607949,0.9637402553263802,361819,7856,9942,181480,3544,3284,9521.307652998716,337.5418331334296,milton_s037,milton,low,-6,Bp_N2_s0
single,active,0.005165849783185957,0.019115554409439826,4110456,0.9766549970972679,0.9857752513100203,777224,8155,10423,589951,4169,4344,21233.99823639542,1501.978792178539,milton_s041,milton,mid,0,Bp_N2_s0
single,land,0.002629279744266431,0.00983406094827263,3684744,0.9528829243503409,0.9620730445068757,358142,7923,9786,182182,3757,3425,9688.222762007266,356.3470037548337,milton_s041,milton,mid,0,Bp_N2_s0
single,active,0.005616620189742028,0.019808175587034925,4110456,0.9764083299560433,0.9862280834597923,876967,8166,13023,638202,4477,4435,23086.870158646256,1612.7942184587337,milton_s046,milton,mid,-6,Bp_N2_s0
single,land,0.0030921636177075676,0.010371250083353314,3684744,0.9577448899436766,0.9686472099699529,458438,7930,12296,231466,4084,3408,11393.831337366253,396.3414861699732,milton_s046,milton,mid,-6,Bp_N2_s0
single,active,0.00565509463328459,0.019713504857413824,4110456,0.9766059280478707,0.9858068469020449,882299,8290,12845,643584,4698,4568,23245.017665952444,1597.4147569239105,milton_s049,milton,high,-6,Bp_N2_s0
single,land,0.0031600628836990986,0.010605795891936722,3684744,0.9581327811987416,0.9675299892067583,463216,8056,12185,235759,4287,3625,11644.022750332952,414.4707148336752,milton_s049,milton,high,-6,Bp_N2_s0
single,active,0.0046215104853637445,0.019144976660509974,4110456,0.9820429817462458,0.9875399695401428,655278,5920,6062,547267,3328,3577,18996.515503626317,1506.6059775122353,milton_s059,milton,mid,0,Bp_N2_s0
single,land,0.0019181018164425888,0.009007780823428183,3684744,0.9542585341283897,0.9598466192921973,234927,5699,5562,136423,2935,2772,7067.714159525931,298.98055324282916,milton_s059,milton,mid,0,Bp_N2_s0
single,active,0.004659728715441369,0.01895178759387597,4110456,0.9816332179518851,0.9878242579207497,659632,6546,5796,553229,3280,3539,19153.609856758267,1476.3535214793071,milton_s063,milton,high,6,Bp_N2_s0
single,land,0.001997883727881041,0.009421875252171448,3684744,0.9533715152361757,0.9610874309138743,238872,6344,5339,141375,2929,2795,7361.690079007298,327.10111152695026,milton_s063,milton,high,6,Bp_N2_s0
single,active,0.005493593531158334,0.02001848591986933,4110456,0.9766373283411193,0.9861393819191049,789832,8768,10126,605104,4330,4175,22581.17449171096,1647.2232270726738,milton_s068,milton,high,0,Bp_N2_s0
single,land,0.0028107307669402604,0.010425958729604681,3684744,0.9531193169360144,0.9638966605155068,369491,8578,9596,194310,3985,3293,10356.823329098523,400.53394050723244,milton_s068,milton,high,0,Bp_N2_s0
single,active,0.003597803598033665,0.01631741015981142,4110456,0.9851174565940717,0.9872031700952117,550989,3154,5170,471352,2554,3556,14788.613386359066,1094.4412770603458,dorian_s005,dorian,low,0,Bp_N2_s0
single,land,0.0010254474826313046,0.006574936251905898,3684744,0.9579882478138158,0.9559985427719211,144935,2425,3931,83973,1716,2149,3778.511458940804,159.29069722536875,dorian_s005,dorian,low,0,Bp_N2_s0
single,active,0.0036145507727201555,0.016377602366230416,4110456,0.9848523001037587,0.9874899433475244,551471,3261,5221,471325,2475,3496,14857.4519110322,1102.530592576549,dorian_s006,dorian,low,6,Bp_N2_s0
single,land,0.0010425596004447594,0.006636547901933336,3684744,0.9570145873927011,0.9574276292518171,145382,2530,4000,83908,1641,2090,3841.5652323812246,162.29001007678448,dorian_s006,dorian,low,6,Bp_N2_s0
single,active,0.00466894371705398,0.017723536873782902,4110456,0.9745325125735943,0.9861025474448721,654153,5958,11137,506978,2928,4217,19191.487715426832,1291.1918912244146,dorian_s024,dorian,mid,6,Bp_N2_s0
single,land,0.002150431542218154,0.009045797648535485,3684744,0.9426698554769337,0.960556956721433,247925,5263,9815,119208,2136,2759,7923.789722599089,301.50953946454655,dorian_s024,dorian,mid,6,Bp_N2_s0
single,active,0.004142029003802907,0.016854345404239857,4110456,0.9806721050300454,0.9862143168007221,593389,4336,7359,489470,2723,4119,17025.627970855683,1167.6529569575875,dorian_s037,dorian,low,-6,Bp_N2_s0
single,land,0.001509981270640724,0.007649538013240243,3684744,0.9498659448969691,0.9560013809505543,185998,3707,6110,99688,2029,2559,5563.894427105784,215.61438629144268,dorian_s037,dorian,low,-6,Bp_N2_s0
single,active,0.004179196669266448,0.017132296721284416,4110456,0.9809636118598383,0.9863085242292519,593946,4253,7273,491012,2730,4086,17178.40402436629,1206.482921898077,dorian_s041,dorian,mid,0,Bp_N2_s0
single,land,0.0015187941230251274,0.007755092138931116,3684744,0.9504066785196085,0.956145187663992,186025,3659,6048,100575,2042,2571,5596.3675320521,221.60586208475638,dorian_s041,dorian,mid,0,Bp_N2_s0
single,active,0.004632319016603797,0.017555504754307918,4110456,0.9768020671335718,0.9858183715671686,647568,5401,9978,510092,2992,4346,19040.943495713174,1266.8250581644634,dorian_s046,dorian,mid,-6,Bp_N2_s0
single,land,0.0020168554717355596,0.008715642033447414,3684744,0.9467715989023121,0.9593610805115188,240124,4785,8715,120183,2324,2767,7431.596098344773,279.9020567848848,dorian_s046,dorian,mid,-6,Bp_N2_s0
single,active,0.004688397626345356,0.017895658335046912,4110456,0.9768418585996963,0.9859593423192003,650310,5613,9804,512408,2980,4317,19271.452153597027,1316.3923896676401,dorian_s049,dorian,high,-6,Bp_N2_s0
single,land,0.002039534862027627,0.008838261257909808,3684744,0.946749284065026,0.9601212980466288,242329,5021,8609,121897,2298,2765,7515.163845647126,287.8332692977228,dorian_s049,dorian,high,-6,Bp_N2_s0
single,active,0.0040014321551370986,0.017166488420177196,4110456,0.9852099211876357,0.9869785711133312,569407,3117,5431,491995,2548,3943,16447.710810676217,1211.3033923111739,dorian_s059,dorian,mid,0,Bp_N2_s0
single,land,0.001197152428374939,0.007277656955541913,3684744,0.9595119378655672,0.9589250770154806,160108,2469,4287,98986,1816,2424,4411.200227539986,195.15985260155267,dorian_s059,dorian,mid,0,Bp_N2_s0
single,active,0.004044202453609198,0.017494430994533867,4110456,0.985144648288581,0.9871174301927994,572637,3304,5331,494533,2576,3878,16623.51624065265,1258.0260871633197,dorian_s063,dorian,high,6,Bp_N2_s0
single,land,0.0012425547646105774,0.007498403475575337,3684744,0.9595085879268185,0.9595542401431304,162843,2661,4211,100829,1832,2418,4578.496213570237,207.17861763508853,dorian_s063,dorian,high,6,Bp_N2_s0
single,active,0.004417923900435138,0.017631299220890927,4110456,0.9809541784150609,0.9861673660105108,602917,4358,7348,500832,2762,4263,18159.681804087013,1277.7875006069517,dorian_s068,dorian,high,0,Bp_N2_s0
single,land,0.0016207712771045702,0.00816754915274442,3684744,0.9512498341580388,0.9576947694058244,193586,3758,6163,107733,2083,2676,5972.1272386834025,245.8050685458525,dorian_s068,dorian,high,0,Bp_N2_s0
single,active,0.006664764313922991,0.022202452679955492,4110456,0.9753614650931238,0.9844362443201384,1031514,12992,13065,763260,7359,4708,27395.220462750643,2026.2447842739566,irma_s005,irma,low,0,Bp_N2_s1
single,land,0.004314915047912752,0.012883011162612245,3684744,0.9608937412164897,0.9713333803604083,614677,12698,12318,358016,6870,3696,15899.357333306223,611.5642450039157,irma_s005,irma,low,0,Bp_N2_s1
single,active,0.0066281934799843996,0.022241198814807208,4110456,0.9751322563669494,0.9844712475442812,1017296,12475,13468,754674,7034,4870,27244.897658962756,2033.3230705399744,irma_s006,irma,low,6,Bp_N2_s1
single,land,0.00427243488699564,0.012955386931347365,3684744,0.9602148182374864,0.9709819568007912,600575,12160,12724,349470,6568,3876,15742.828815247864,618.4549886783741,irma_s006,irma,low,6,Bp_N2_s1
single,active,0.007788464833615857,0.024027337249915397,4110456,0.9710516779756784,0.9818199720508021,1130846,14178,19534,827633,9860,5465,32014.1420061253,2373.019418868523,irma_s024,irma,mid,6,Bp_N2_s1
single,land,0.0055064760735295685,0.015161522778302553,3684744,0.9562514064057092,0.9682686878239353,713922,13863,18799,421834,9369,4455,20289.954673081636,847.0186361726206,irma_s024,irma,mid,6,Bp_N2_s1
single,active,0.007746869065655539,0.023497167273862855,4110456,0.9735912793817378,0.9816105679886244,1117675,13013,17304,818728,10074,5264,31843.164432138205,2269.452100564787,irma_s037,irma,low,-6,Bp_N2_s1
single,land,0.005129454938059751,0.014568502589067944,3684744,0.9597851696235117,0.9672464375030878,699454,12762,16545,411131,9675,4247,18900.728306286037,782.0547376645706,irma_s037,irma,low,-6,Bp_N2_s1
single,active,0.0076586760842883425,0.02381167694551645,4110456,0.973858198377726,0.9819484683385572,1110323,14178,15627,819871,10120,4952,31480.651062719524,2330.6119414731834,irma_s041,irma,mid,0,Bp_N2_s1
single,land,0.005215068241691726,0.014561590900654536,3684744,0.9599313433829896,0.9675788928516779,691811,13934,14943,411013,9740,4032,19216.19141316414,781.3128581993552,irma_s041,irma,mid,0,Bp_N2_s1
single,active,0.008313465180811403,0.023995204048026637,4110456,0.971744441037673,0.9819139125695375,1166311,14099,19814,853945,10057,5672,34172.13283325732,2366.676500166135,irma_s046,irma,mid,-6,Bp_N2_s1
single,land,0.005724300548798591,0.015606576510519643,3684744,0.9578543227173012,0.9689145394199524,747953,13852,19058,446065,9638,4673,21092.582101382315,897.4755212465452,irma_s046,irma,mid,-6,Bp_N2_s1
single,active,0.008289095277873759,0.024835829211112527,4110456,0.9719340445912031,0.9820346551649656,1175008,14494,19436,863835,10315,5488,34071.96141950786,2535.404944996739,irma_s049,irma,high,-6,Bp_N2_s1
single,land,0.005865004371794549,0.015611332313450452,3684744,0.9581978251973552,0.9691051885636343,756318,14260,18735,454709,9926,4570,21611.039668943733,898.0225812682897,irma_s049,irma,high,-6,Bp_N2_s1
single,active,0.007668010347063269,0.024567369129305766,4110456,0.9755239981196273,0.9824951697829025,1064563,13344,13366,795826,9221,4958,31519.019139148295,2480.8888439606026,irma_s059,irma,mid,0,Bp_N2_s1
single,land,0.005005696245148097,0.01478319633544013,3684744,0.9614358212871523,0.9674566856435581,644885,13131,12736,384565,8844,4092,18444.709205131978,805.274617011812,irma_s059,irma,mid,0,Bp_N2_s1
single,active,0.007761778839713966,0.025152286742036248,4110456,0.9749665867577487,0.9825050220255647,1057011,12903,14237,798697,9060,5162,31904.45040237531,2600.428724246276,irma_s063,irma,high,6,Bp_N2_s1
single,land,0.0051505083336664086,0.015283344010558725,3684744,0.9602782331951007,0.9673764226197479,637256,12703,13657,386493,8682,4352,18978.304679427296,860.6847296399632,irma_s063,irma,high,6,Bp_N2_s1
single,active,0.00822961707845004,0.025033040315003748,4110456,0.9739108380818666,0.9815258808421653,1125129,14235,15905,839238,10422,5374,33827.47889781743,2575.8300252827785,irma_s068,irma,high,0,Bp_N2_s1
single,land,0.005630337965139471,0.015712962567495478,3684744,0.9600881485403631,0.9670907023378104,705347,14025,15297,427780,10040,4517,20746.354035019875,909.7529492247718,irma_s068,irma,high,0,Bp_N2_s1
single,active,0.005491242360123347,0.01846615045486804,4110456,0.9761601110897995,0.9854404026538549,870277,9017,12237,646104,5304,4242,22571.510106623173,1401.6602042886484,matthew_s005,matthew,low,0,Bp_N2_s1
single,land,0.0032323221590965534,0.011041772907487573,3684744,0.9574675948101055,0.9680216088542041,453764,8736,11421,242623,4785,3230,11910.27968179807,449.24674813411167,matthew_s005,matthew,low,0,Bp_N2_s1
single,active,0.005474495876416046,0.018464052816666847,4110456,0.9759333680136739,0.9859643413375485,853605,9022,12028,636228,4626,4431,22502.674422189593,1401.3417828608506,matthew_s006,matthew,low,6,Bp_N2_s1
single,land,0.0031822025891952445,0.011096346492041886,3684744,0.9563482514361719,0.9687133066295812,437164,8773,11181,232652,4101,3413,11725.601897321641,453.69849566249354,matthew_s006,matthew,low,6,Bp_N2_s1
single,active,0.006858712956743942,0.020327865519843624,4110456,0.9684270611251238,0.9831243571232452,992507,12754,19604,719707,7325,5029,28192.437825325876,1698.531328481769,matthew_s024,matthew,mid,6,Bp_N2_s1
single,land,0.004644358320973573,0.013507650100784222,3684744,0.9484268729899299,0.966655826026128,575642,12506,18796,315066,6807,4061,17113.271457057446,672.3059035461423,matthew_s024,matthew,mid,6,Bp_N2_s1
single,active,0.0065839587670643435,0.019969863320899554,4110456,0.9723798381203755,0.9839892696079438,974064,10987,16681,718937,6779,4919,27063.07281783223,1639.2311134588535,matthew_s037,matthew,low,-6,Bp_N2_s1
single,land,0.004195290686933934,0.012619099911623508,3684744,0.9540110792662392,0.9678742735838192,555223,10797,15968,310948,6357,3964,15458.572186935693,586.7648344348513,matthew_s037,matthew,low,-6,Bp_N2_s1
single,active,0.006486831391187285,0.019877866012738346,4110456,0.9723803236931151,0.9838285975280618,958943,11623,15615,710826,7240,4444,26663.835012894124,1624.1626592538469,matthew_s041,matthew,mid,0,Bp_N2_s1
single,land,0.004173090207923968,0.012640985805295612,3684744,0.953459194963182,0.9667946907292259,540332,11422,14953,302570,6788,3604,15376.769105106592,588.8019066502245,matthew_s041,matthew,mid,0,Bp_N2_s1
single,active,0.007225801660754168,0.02090862910315195,4110456,0.9687037805042847,0.9834102303795693,1039424,12755,20826,757515,7744,5035,29701.339791256934,1796.9712185713038,matthew_s046,matthew,mid,-6,Bp_N2_s1
single,land,0.004872220431959316,0.01374638242508176,3684744,0.9499076730861687,0.9682459565593593,620398,12569,20147,349134,7340,4110,17952.8850033395,696.280390191136,matthew_s046,matthew,mid,-6,Bp_N2_s1
single,active,0.00719552703088984,0.020925173017793907,4110456,0.9690862291341352,0.983448931387073,1041382,12754,20466,759435,7967,4814,29576.89725728333,1799.8160440059635,matthew_s049,matthew,high,-6,Bp_N2_s1
single,land,0.004900204383861055,0.013689675487066582,3684744,0.9505691637811529,0.9683172031737974,622619,12559,19818,350984,7541,3943,18055.998702205718,690.5476108112663,matthew_s049,matthew,high,-6,Bp_N2_s1
single,active,0.0061393511107841105,0.019811481587984417,4110456,0.9763644978472275,0.9848114520089899,900500,9848,11951,680940,5842,4660,25235.53260942921,1613.3326167724333,matthew_s059,matthew,mid,0,Bp_N2_s1
single,land,0.003606345567199506,0.011951199857066608,3684744,0.9580014987364376,0.9670858133943001,480683,9679,11394,269874,5413,3772,13288.460190664977,526.2963262352038,matthew_s059,matthew,mid,0,Bp_N2_s1
single,active,0.0060851665283613975,0.019799752024808093,4110456,0.9761660661373179,0.9856515437656462,884548,9565,12032,673269,4991,4810,25012.809267502278,1611.4228065645882,matthew_s063,matthew,high,6,Bp_N2_s1
single,land,0.0035962181163339464,0.012230726717882907,3684744,0.9570912217831273,0.9683242708117852,465243,9373,11485,262137,4594,3981,13251.14312685281,551.2033460220974,matthew_s063,matthew,high,6,Bp_N2_s1
single,active,0.006872369784808375,0.020760564076047393,4110456,0.9720649173341436,0.9838452338850538,972584,12195,15755,728866,7256,4712,28248.573616184294,1771.6107317712663,matthew_s068,matthew,high,0,Bp_N2_s1
single,land,0.0044024928254041695,0.013201653431502812,3684744,0.9530138495843056,0.9673596020980065,552627,12025,15221,317411,6848,3862,16222.05902345106,642.1906458892528,matthew_s068,matthew,high,0,Bp_N2_s1
single,active,0.0037297011185126144,0.019801568214710998,4110456,0.9868309328324616,0.9886926577792098,559019,3148,4312,490965,2519,3096,15330.772340796888,1611.7184450205307,ian_s005,ian,low,0,Bp_N2_s1
single,land,0.001066438503247906,0.007148506407237238,3684744,0.9607836709001856,0.9612621120052554,146532,2523,3458,93650,1704,2070,3929.552876211703,188.2946332103124,ian_s005,ian,low,0,Bp_N2_s1
single,active,0.0037414638935257347,0.019814678599609784,4110456,0.9869005509048054,0.9887295742417894,558564,3126,4288,490837,2498,3097,15379.122709926218,1613.8533511025082,ian_s006,ian,low,6,Bp_N2_s1
single,land,0.0010703391373485536,0.007166579207581831,3684744,0.9609398639670574,0.9614325068870524,146084,2500,3438,93532,1683,2069,3943.9257143102586,189.24792690600563,ian_s006,ian,low,6,Bp_N2_s1
single,active,0.004026397261949875,0.020043952731008997,4110456,0.9830223018592334,0.9881420514565723,593599,4563,5689,502323,2801,3227,16550.328783765435,1651.4169714295474,ian_s024,ian,mid,6,Bp_N2_s1
single,land,0.0013942047499381851,0.007834341692306157,3684744,0.9537992384142584,0.9614863007422341,181095,3932,4840,104927,2005,2198,5137.287587106228,226.15819994651048,ian_s024,ian,mid,6,Bp_N2_s1
single,active,0.003912963920683042,0.01934670525267017,4110456,0.985243421918946,0.9890121277173967,583605,3976,4765,505853,2502,3118,16084.066025555134,1538.523145511373,ian_s037,ian,low,-6,Bp_N2_s1
single,land,0.0012305753581121682,0.0071415127997061,3684744,0.957893549842129,0.9636540808334699,169892,3482,3986,105815,1797,2194,4534.355167351663,187.92638436843146,ian_s037,ian,low,-6,Bp_N2_s1
single,active,0.004003163088154302,0.019804226265899588,4110456,0.9853730125280626,0.9887617126117911,586832,4017,4694,509677,2685,3108,16454.82573468238,1612.1511701071565,ian_s041,ian,mid,0,Bp_N2_s1
single,land,0.0013051739513257228,0.007765428672937416,3684744,0.9587845034170587,0.9628369421122404,172842,3477,3953,108945,1963,2242,4809.231886103749,222.19699963654003,ian_s041,ian,mid,0,Bp_N2_s1
single,active,0.004086485951413574,0.019517142782761877,4110456,0.9829488921243522,0.9885108825013385,605584,4778,5727,513308,2766,3200,16797.320697903633,1565.7502234764102,ian_s046,ian,mid,-6,Bp_N2_s1
single,land,0.0014251219824198272,0.007535719185890382,3684744,0.9540814043113951,0.9631226664625486,191861,4288,4946,113243,2068,2268,5251.209673989564,209.24579205678367,ian_s046,ian,mid,-6,Bp_N2_s1
single,active,0.004192231262352146,0.019992832967946603,4110456,0.982640784893601,0.9882272301150737,610046,4979,5798,517585,2955,3211,17231.982145722955,1643.0042203428723,ian_s049,ian,high,-6,Bp_N2_s1
single,land,0.0015103884260846817,0.008155154088109622,3684744,0.9537230290204092,0.9623561585159924,196033,4452,5060,116831,2224,2346,5565.394690684974,245.0595675962094,ian_s049,ian,high,-6,Bp_N2_s1
single,active,0.0041602914825915735,0.020232569439917664,4110456,0.9872500866507173,0.9888054354492634,583914,3457,4084,517520,2751,3108,17100.69508636743,1682.643386570841,ian_s059,ian,mid,0,Bp_N2_s1
single,land,0.001303698806888082,0.008019379980776344,3684744,0.9634259047966774,0.9631797471765806,168877,3029,3382,114367,2056,2316,4803.796356488019,236.96756421579084,ian_s059,ian,mid,0,Bp_N2_s1
single,active,0.004273178647533402,0.020631333404623625,4110456,0.9869364041774022,0.9884390110046081,589128,3553,4245,522306,2835,3274,17564.712810825557,1749.6234804713877,ian_s063,ian,high,6,Bp_N2_s1
single,land,0.0014261519785355914,0.00889043475758273,3684744,0.9628343386340096,0.962334864436405,173833,3116,3594,118372,2151,2482,5255.004945997149,291.24154001248155,ian_s063,ian,high,6,Bp_N2_s1
single,active,0.004280594176352338,0.020300601230117604,4110456,0.9856766049566789,0.9886858862154771,598285,4212,4482,522476,2826,3153,17595.194015752524,1693.9781505215758,ian_s068,ian,high,0,Bp_N2_s1
single,land,0.001446007911916608,0.008261278529311515,3684744,0.9603977001734828,0.9638782962771458,183241,3774,3782,119305,2115,2356,5328.1689773872495,251.4790723566394,ian_s068,ian,high,0,Bp_N2_s1
single,active,0.004103490320739302,0.017935290402083925,4110456,0.9817497175458637,0.9871250891959703,629117,6091,5604,514612,3495,3217,16867.21640982479,1322.2294614637783,milton_s005,milton,low,0,Bp_N2_s1
single,land,0.001638537550765208,0.00793145974902552,3684744,0.9519183611027371,0.9546801434063323,211561,5728,4958,110509,2922,2324,6037.591408956796,231.800073608508,milton_s005,milton,low,0,Bp_N2_s1
single,active,0.004089068671980124,0.01796047670416923,4110456,0.981683548068945,0.9875863816942813,627070,6254,5446,514334,3322,3143,16807.93685715273,1325.945649240422,milton_s006,milton,low,6,Bp_N2_s1
single,land,0.0016245555618099395,0.007914452279437404,3684744,0.9514189710756936,0.9565074049331517,209531,5907,4792,110248,2755,2258,5986.071359045804,230.80703927561757,milton_s006,milton,low,6,Bp_N2_s1
single,active,0.005285884032757434,0.01901145754829527,4110456,0.9772388992475272,0.9861850097618056,852209,8482,11367,617767,4660,3994,21727.39373775199,1485.6647940309606,milton_s024,milton,mid,6,Bp_N2_s1
single,land,0.002969683881566406,0.010164181410627988,3684744,0.9584849326788651,0.9675885461717169,434671,8186,10641,213660,4152,3005,10942.524864498526,380.6730536025137,milton_s024,milton,mid,6,Bp_N2_s1
single,active,0.005053360611496728,0.019145059807671703,4110456,0.9763502876248832,0.9864248084572153,781420,9355,9573,588504,4133,3966,20771.616445690393,1506.6190640032896,milton_s037,milton,low,-6,Bp_N2_s1
single,land,0.002574032205506274,0.009505284949227099,3684744,0.9526905323299742,0.9640600378818024,362836,9093,8925,181707,3717,3057,9484.649725046009,332.9182489315786,milton_s037,milton,low,-6,Bp_N2_s1
single,active,0.005085176086780968,0.019048854208892317,4110456,0.9763887703943109,0.9858678786117416,778217,9389,9430,590246,4412,4049,20902.39255696535,1491.5153234545,milton_s041,milton,mid,0,Bp_N2_s1
single,land,0.0026265046216529743,0.009803147438725726,3684744,0.9522886338742743,0.9622774899494572,359069,9131,8859,182392,3935,3215,9677.997145608068,354.1101613792551,milton_s041,milton,mid,0,Bp_N2_s1
single,active,0.005527899263785798,0.019694197866712303,4110456,0.9765572880994102,0.9861620710103032,878300,9394,11690,638607,4931,4030,22722.186696223915,1594.2873405222192,milton_s046,milton,mid,-6,Bp_N2_s1
single,land,0.0030942287109174712,0.010321563641873617,3684744,0.9580006001700482,0.9682481324888451,459710,9130,11024,231756,4482,3118,11401.440677180886,392.55300823175713,milton_s046,milton,mid,-6,Bp_N2_s1
single,active,0.005577865023564806,0.019592675644250088,4110456,0.9766878692257105,0.985576717050206,883673,9621,11471,643964,5236,4188,22927.568753302097,1577.892824942388,milton_s049,milton,high,-6,Bp_N2_s1
single,land,0.0031701199793641452,0.010580486713703997,3684744,0.9582291589309437,0.9668397857037535,464515,9363,10886,236052,4764,3332,11681.080573242158,412.4949278243548,milton_s049,milton,high,-6,Bp_N2_s1
single,active,0.004570297783817903,0.01915490991581691,4110456,0.9816462811302933,0.9876842048303602,655778,6699,5562,547582,3566,3262,18786.007947281003,1508.1697698810713,milton_s059,milton,mid,0,Bp_N2_s1
single,land,0.001918670969396835,0.00897729718998641,3684744,0.9532063093526637,0.9603535992354612,235380,6446,5109,136666,3113,2529,7069.811342459172,296.9603904081918,milton_s059,milton,mid,0,Bp_N2_s1
single,active,0.004630373303929025,0.01908048270083119,4110456,0.9811473862712548,0.9878783984922955,660166,7423,5262,553530,3554,3238,19032.945729374886,1496.4724241554763,milton_s063,milton,high,6,Bp_N2_s1
single,land,0.0020142123713737547,0.009459161743802978,3684744,0.952050816985665,0.9611784271798527,239357,7201,4854,141596,3145,2574,7421.856950145215,329.69519940997486,milton_s063,milton,high,6,Bp_N2_s1
single,active,0.005407430150306344,0.019942209606107413,4110456,0.9762094066055625,0.9862562939722845,790714,10026,9244,605444,4602,3835,22227.003705907613,1634.694332958955,milton_s068,milton,high,0,Bp_N2_s1
single,land,0.002811683528649795,0.010384032087737614,3684744,0.9522594845896311,0.9640788293533793,370328,9807,8759,194554,4200,3049,10360.33401209116,397.31902704158654,milton_s068,milton,high,0,Bp_N2_s1
single,active,0.0035783091859158175,0.016512815350365424,4110456,0.9854061435399173,0.9872231829201402,551317,3323,4842,471559,2754,3349,14708.482463102788,1120.8106598888176,dorian_s005,dorian,low,0,Bp_N2_s1
single,land,0.0010297376328382273,0.006604461831584082,3684744,0.9589467218798914,0.9560615706425356,145197,2547,3669,84099,1842,2023,3794.3195641748607,160.72453933015808,dorian_s005,dorian,low,0,Bp_N2_s1
single,active,0.003595297148527653,0.016579057194402336,4110456,0.9850750798465375,0.9875328798565852,551777,3445,4915,471543,2675,3278,14778.310735948384,1129.8210534438138,dorian_s006,dorian,low,6,Bp_N2_s1
single,land,0.0010471841108606343,0.006668021075404857,3684744,0.957833821063361,0.9575452349482704,145653,2683,3729,84038,1766,1960,3858.605369389057,163.83294875233386,dorian_s006,dorian,low,6,Bp_N2_s1
single,active,0.004639574368904269,0.01795374439261384,4110456,0.9750462423530847,0.9862057568363647,655234,6713,10056,507250,3150,3945,19070.766302108765,1324.9517996535342,dorian_s024,dorian,mid,6,Bp_N2_s1
single,land,0.0021428255808074908,0.009087471694177352,3684744,0.9438318975976705,0.9606247887595963,248930,6004,8810,119373,2299,2594,7895.763701926917,304.29405147696997,dorian_s024,dorian,mid,6,Bp_N2_s1
single,active,0.004089849163434627,0.01690156513795277,4110456,0.9811639848122757,0.9863846806008382,594084,4741,6664,489812,2984,3777,16811.145032934844,1174.204798186488,dorian_s037,dorian,low,-6,Bp_N2_s1
single,land,0.0015010653326075099,0.007629007186373189,3684744,0.9512165282684162,0.9563523589827037,186603,4065,5505,99913,2226,2334,5531.041477933526,214.45855149610256,dorian_s037,dorian,low,-6,Bp_N2_s1
single,active,0.004137993478724382,0.017255371644018913,4110456,0.9814277154868623,0.9863677886304546,594597,4630,6622,491295,2987,3803,17009.04012258351,1223.8794388757624,dorian_s041,dorian,mid,0,Bp_N2_s1
single,land,0.0015143985619101225,0.0077681481409209874,3684744,0.9516435875857496,0.9562894424673785,186584,3992,5489,100769,2229,2377,5580.171014606953,222.35265451616104,dorian_s041,dorian,mid,0,Bp_N2_s1
single,active,0.004578055350290081,0.01763192359613181,4110456,0.977303994177575,0.9858793076804203,648579,6095,8967,510370,3242,4068,18817.895082931966,1277.8780025030433,dorian_s046,dorian,mid,-6,Bp_N2_s1
single,land,0.0020038617758686306,0.008702311364639182,3684744,0.94793620828663,0.9594027994770908,241027,5426,7812,120359,2502,2591,7383.7176554612815,279.04648513895734,dorian_s046,dorian,mid,-6,Bp_N2_s1
single,active,0.00464548421706831,0.018050493883443253,4110456,0.9772072461419337,0.9859243774243861,651207,6282,8907,512658,3252,4067,19095.058472953737,1339.2701280530966,dorian_s049,dorian,high,-6,Bp_N2_s1
single,land,0.002030395300439301,0.00885032857154251,3684744,0.9476348783824338,0.9596150217022079,243147,5645,7791,122040,2514,2622,7481.486900921911,288.6197917635534,dorian_s049,dorian,high,-6,Bp_N2_s1
single,active,0.003983179552381346,0.017275746391198284,4110456,0.9854837342760633,0.9869720554800371,569786,3341,5052,492276,2836,3662,16372.684290163219,1226.7714028075302,dorian_s059,dorian,mid,0,Bp_N2_s1
single,land,0.0012021182436801124,0.007277050344300735,3684744,0.9602392112493939,0.95881920674518,160407,2654,3988,99163,2012,2247,4429.497985690832,195.12731981600257,dorian_s059,dorian,mid,0,Bp_N2_s1
single,active,0.004039325109126553,0.017729800214202965,4110456,0.9853483884947017,0.9871025016957268,572986,3538,4982,494795,2849,3616,16603.468130759895,1292.1046439540462,dorian_s063,dorian,high,6,Bp_N2_s1
single,land,0.0012533119901308582,0.007554645424965904,3684744,0.9600988700564972,0.9593620275289491,163140,2866,3914,100993,2024,2254,4618.133835762739,210.298169123412,dorian_s063,dorian,high,6,Bp_N2_s1
single,active,0.004380101734549771,0.017731592942979837,4110456,0.9811986682186774,0.9862065572480025,603551,4851,6714,501131,3045,3964,18004.215455390513,1292.365956575701,dorian_s068,dorian,high,0,Bp_N2_s1
single,land,0.0016178311887109856,0.008167184779997557,3684744,0.9518670693679029,0.9576929902395741,194139,4207,5610,107932,2291,2477,5961.293765615672,245.78313720059745,dorian_s068,dorian,high,0,Bp_N2_s1
single,active,0.006778430565054634,0.02257869247495763,4110456,0.9744368936269374,0.9849497095319799,1028676,11083,15903,761767,5439,6201,27862.44058671221,2095.49959203486,irma_s005,irma,low,0,Bp_N2_s2
single,land,0.004220501522956642,0.01286991670073838,3684744,0.9594754129202694,0.9726400174510552,611987,10840,15008,356706,5028,5006,15551.467663705349,610.3216729348298,irma_s005,irma,low,0,Bp_N2_s2
single,active,0.0067834036293580565,0.02266944929970544,4110456,0.9741783767070541,0.9847578476098574,1014523,10650,16241,753130,5243,6414,27882.8821487166,2112.37949887116,irma_s006,irma,low,6,Bp_N2_s2
single,land,0.004219617872504464,0.012988855255442364,3684744,0.9587121910549227,0.971797799547179,597944,10396,15355,348097,4853,5249,15548.211638003588,621.6544898682018,irma_s006,irma,low,6,Bp_N2_s2
single,active,0.00792013857723876,0.0243629294611564,4110456,0.9700618890126573,0.9821602061529571,1127760,12185,22620,825927,7831,7171,32555.38113564253,2439.7707440927106,irma_s024,irma,mid,6,Bp_N2_s2
single,land,0.005422887055205676,0.015110393190664543,3684744,0.954787669779572,0.9690908252438377,710975,11921,21746,420285,7401,6004,19981.950539346784,841.3154241178456,irma_s024,irma,mid,6,Bp_N2_s2
single,active,0.007837081755646659,0.023795254628714162,4110456,0.9727119004907059,0.982781882196762,1114829,11125,20150,817305,7632,6687,32213.97972498834,2327.3983207434962,irma_s037,irma,low,-6,Bp_N2_s2
single,land,0.0050121939002387116,0.014533482692712884,3684744,0.9584355340828896,0.9696746734550479,696705,10920,19294,409865,7305,5513,18468.65140074119,778.2994363135235,irma_s037,irma,low,-6,Bp_N2_s2
single,active,0.007725489978669086,0.024094906789965394,4110456,0.9729535034292396,0.9827936328755937,1107512,12349,18438,818387,7892,6436,31755.286635760218,2386.384968949512,irma_s041,irma,mid,0,Bp_N2_s2
single,land,0.0050665175332312564,0.014462782557257945,3684744,0.9585874294744104,0.9694443524228241,689117,12134,17637,409693,7561,5352,18668.82008146867,770.7455641627629,irma_s041,irma,mid,0,Bp_N2_s2
single,active,0.008393345244493616,0.02425689720081886,4110456,0.9708569974002562,0.9825245919023655,1163276,12070,22849,852401,7945,7216,34500.47632030025,2418.580233103782,irma_s046,irma,mid,-6,Bp_N2_s2
single,land,0.005598718319139054,0.015545211095858488,3684744,0.9565393790459463,0.9701880699917093,745016,11855,21995,444676,7602,6062,20629.843734137714,890.431608516013,irma_s046,irma,mid,-6,Bp_N2_s2
single,active,0.008353601320082928,0.025117066785521527,4110456,0.9709792874896438,0.9827469098517777,1171972,12556,22472,862327,8143,6996,34337.11066774279,2593.1512258353355,irma_s049,irma,high,-6,Bp_N2_s2
single,land,0.00570332169959375,0.01550060859170627,3684744,0.9567962774111041,0.9705602144345082,753390,12356,21663,453338,7810,5941,21015.280412647873,885.3292650085517,irma_s049,irma,high,-6,Bp_N2_s2
single,active,0.007739711184517861,0.024877063555599863,4110456,0.9746127082346983,0.9835060837099675,1062207,11947,15722,794489,7029,6295,31813.74227666855,2543.830880564613,irma_s059,irma,mid,0,Bp_N2_s2
single,land,0.00487472802203144,0.014718955186007899,3684744,0.9600070511642638,0.9696607160020437,642622,11772,14999,383367,6705,5290,17962.124830812216,798.2910981177146,irma_s059,irma,mid,0,Bp_N2_s2
single,active,0.007865879091668112,0.025493557677742106,4110456,0.9741340937928844,0.9829443524513255,1054845,11606,16403,797218,7192,6641,32332.34990762174,2671.473659607253,irma_s063,irma,high,6,Bp_N2_s2
single,land,0.005037327141183617,0.015216775736978362,3684744,0.9589756287575226,0.9683917005270145,635166,11425,15747,385141,6867,5704,18561.260959513485,853.2034453441428,irma_s063,irma,high,6,Bp_N2_s2
single,active,0.008269930632208714,0.025280249855539554,4110456,0.9731106175741909,0.9819706818434919,1122559,12544,18475,837675,8443,6937,33993.1859867461,2626.955570148404,irma_s068,irma,high,0,Bp_N2_s2
single,land,0.005461137422328934,0.015578988290249528,3684744,0.9588942048618643,0.9680859035288294,702880,12367,17764,426346,8104,5951,20122.893350102007,894.3053361560983,irma_s068,irma,high,0,Bp_N2_s2
single,active,0.005734760239348872,0.018893777615556346,4110456,0.9749448643207274,0.9852390630013905,867776,7563,14738,644770,4084,5576,23572.479634393007,1467.329342452522,matthew_s005,matthew,low,0,Bp_N2_s2
single,land,0.0032453800521275323,0.011114673181275958,3684744,0.9553157042633568,0.9678122682912166,451401,7330,13784,241474,3652,4379,11958.394674796611,455.1983871236877,matthew_s005,matthew,low,0,Bp_N2_s2
single,active,0.005744870153358899,0.018932265800643666,4110456,0.9747365262809524,0.9855526282697153,851176,7604,14457,634825,3472,5834,23614.035991095006,1473.313573496857,matthew_s006,matthew,low,6,Bp_N2_s2
single,land,0.003227483514945374,0.011227881188855643,3684744,0.9542034480715682,0.9678769781524976,434862,7388,13483,231431,3047,4634,11892.450516793877,464.5184167061565,matthew_s006,matthew,low,6,Bp_N2_s2
single,active,0.007074433788753111,0.02059472418865428,4110456,0.9671062727186538,0.9829749435075804,989459,11002,22652,718190,5893,6546,29079.148813582957,1743.4197597666782,matthew_s024,matthew,mid,6,Bp_N2_s2
single,land,0.004660559964009168,0.013524211180904027,3684744,0.9462806913188593,0.9664642506138721,572708,10782,21730,313694,5452,5433,17172.970364023,673.9554780243211,matthew_s024,matthew,mid,6,Bp_N2_s2
single,active,0.006803136234817764,0.020393387348852432,4110456,0.9712677239365638,0.9842484260770571,971326,9315,19419,717586,5214,6270,27963.992155224085,1709.4985634258621,matthew_s037,matthew,low,-6,Bp_N2_s2
single,land,0.004181063106944099,0.012686400630903457,3684744,0.9521836973116038,0.9686618507051944,552596,9155,18595,309749,4858,5163,15406.147196933627,593.0402423074897,matthew_s037,matthew,low,-6,Bp_N2_s2
single,active,0.006687559968451003,0.020244894313583194,4110456,0.9714618887465679,0.9841344259930201,956378,9915,18180,709494,5662,5776,27488.920997679234,1684.6940093271794,matthew_s041,matthew,mid,0,Bp_N2_s2
single,land,0.004156589567323708,0.012678295333503668,3684744,0.9518998991204007,0.9676496556595444,537852,9745,17433,301389,5291,4785,15315.968468658626,592.2827016684719,matthew_s041,matthew,mid,0,Bp_N2_s2
single,active,0.007417369995381995,0.021250563729803447,4110456,0.967656217175136,0.9838514326600969,1036384,10775,23866,756262,6125,6288,30488.773001737893,1856.2262692347679,matthew_s046,matthew,mid,-6,Bp_N2_s2
single,land,0.004841494021689867,0.013765566546111692,3684744,0.9482470015510542,0.9693971628242516,617470,10625,23075,348032,5775,5212,17839.666047457606,698.2251706555394,matthew_s046,matthew,mid,-6,Bp_N2_s2
single,active,0.007362856489518655,0.021229601294147592,4110456,0.9680243425180224,0.983957351107166,1038391,10843,23457,758209,6322,6040,30264.697634480894,1852.5659586186498,matthew_s049,matthew,high,-6,Bp_N2_s2
single,land,0.004849265217452814,0.013672882199448805,3684744,0.9488696477649419,0.9695907469858152,619721,10678,22716,349903,5950,5024,17868.300914417952,688.854444040259,matthew_s049,matthew,high,-6,Bp_N2_s2
single,active,0.006353525664220607,0.020264055363997918,4110456,0.9755671144219179,0.9849659905347325,898390,8439,14061,679727,4502,5873,26115.887687649578,1687.884520722707,matthew_s059,matthew,mid,0,Bp_N2_s2
single,land,0.0035954264014554467,0.012042944876252154,3684744,0.9565960321282894,0.9676256920894802,478651,8292,13426,268789,4136,4857,13248.225860204548,534.40771263722,matthew_s059,matthew,mid,0,Bp_N2_s2
single,active,0.006304334580403295,0.020187443813442618,4110456,0.975061442981797,0.9856876960828171,882337,8324,14243,672033,3712,6046,25913.689902026206,1675.146003529711,matthew_s063,matthew,high,6,Bp_N2_s2
single,land,0.0036031069501347235,0.012337953441091704,3684744,0.9550697588087897,0.9686328788879571,463099,8157,13629,261033,3368,5085,13276.526715867221,560.9105058727549,matthew_s063,matthew,high,6,Bp_N2_s2
single,active,0.007052311579152163,0.021114798423873322,4110456,0.9713806348535796,0.9840377478929773,970350,10600,17989,727629,5854,5949,28988.216444395483,1832.583968924993,matthew_s068,matthew,high,0,Bp_N2_s2
single,land,0.004365226308196473,0.013236380789087206,3684744,0.9518673763353842,0.9679591149738348,550463,10450,17385,316300,5497,4973,16084.741447769105,645.5736943560897,matthew_s068,matthew,high,0,Bp_N2_s2
single,active,0.003879608011543361,0.019861056657364345,4110456,0.9861471035575552,0.9884363242101615,558249,2760,5082,490471,2148,3590,15946.958028696477,1621.4169335349459,ian_s005,ian,low,0,Bp_N2_s2
single,land,0.0010975716689384388,0.0072291347097537505,3684744,0.9587171031021299,0.9603515162740921,145934,2228,4056,93326,1459,2394,4044.270621690899,192.56615352226447,ian_s005,ian,low,0,Bp_N2_s2
single,active,0.0038913495509256047,0.01987293492019331,4110456,0.9861881188118812,0.988441007611921,557788,2748,5064,490330,2130,3604,15995.221109699458,1623.3569487219086,ian_s006,ian,low,6,Bp_N2_s2
single,land,0.0011013430339904728,0.007247155347848106,3684744,0.9588094955646065,0.9603557369278015,145484,2212,4038,93191,1437,2410,4058.167136438191,193.5274000003602,ian_s006,ian,low,6,Bp_N2_s2
single,active,0.004183792702540362,0.020119697325263322,4110456,0.9821074909551345,0.9877494212324992,592585,4093,6703,501753,2426,3797,17197.295816913247,1663.921715903985,ian_s024,ian,mid,6,Bp_N2_s2
single,land,0.0014242513661596303,0.007916001988188797,3684744,0.9512124330457268,0.9602377103387464,180250,3560,5685,104543,1747,2582,5248.001675948501,230.897435602384,ian_s024,ian,mid,6,Bp_N2_s2
single,active,0.004060492002091062,0.019352323843043466,4110456,0.9846850088433685,0.9888042106498919,582903,3599,5467,505363,2114,3608,16690.47371294722,1539.4168983697632,ian_s037,ian,low,-6,Bp_N2_s2
single,land,0.0012610258401571312,0.007257689171135164,3684744,0.9562997684531541,0.9630968684378709,169332,3192,4546,105488,1521,2521,4646.557398363948,194.0903974488957,ian_s037,ian,low,-6,Bp_N2_s2
single,active,0.004149180045471833,0.019823517489518726,4110456,0.9847159334335805,0.9884231575677564,586098,3669,5428,509117,2295,3668,17055.022012989968,1615.2934808129373,ian_s041,ian,mid,0,Bp_N2_s2
single,land,0.0013401091584055106,0.007853645281144114,3684744,0.9567734229604733,0.9621686768341855,172224,3210,4571,108574,1656,2613,4937.959180779755,227.27406736999146,ian_s041,ian,mid,0,Bp_N2_s2
single,active,0.004235970270345761,0.019534735395607104,4110456,0.9821942308723218,0.9882751297463659,604626,4276,6685,512813,2389,3695,17411.769413564354,1568.5742077574037,ian_s046,ian,mid,-6,Bp_N2_s2
single,land,0.0014520712776570906,0.007646564025238584,3684744,0.9520288215743237,0.9624758121574277,191056,3876,5751,112909,1800,2602,5350.510927919298,215.44676572479224,ian_s046,ian,mid,-6,Bp_N2_s2
single,active,0.004339556889860254,0.02002621499743919,4110456,0.9818397819355317,0.9878461209235496,609101,4523,6743,517011,2576,3785,17837.557655267417,1648.4954485531644,ian_s049,ian,high,-6,Bp_N2_s2
single,land,0.0015386807559024298,0.008238721927121377,3684744,0.9514982843328395,0.961514008042342,195217,4075,5876,116448,1932,2729,5669.644683226943,250.10766979312464,ian_s049,ian,high,-6,Bp_N2_s2
single,active,0.004308684571824482,0.020222033875639013,4110456,0.986666283222219,0.9886610475432908,583251,3135,4747,517046,2348,3582,17710.658350363374,1680.891460595646,ian_s059,ian,mid,0,Bp_N2_s2
single,land,0.00134854949742355,0.008119328181479627,3684744,0.9619147209746174,0.9629035390682396,168337,2743,3922,114028,1738,2655,4969.059669334441,242.91118467345734,ian_s059,ian,mid,0,Bp_N2_s2
single,active,0.00443548733628565,0.02068537813736454,4110456,0.9863726964425512,0.9882881227853207,588394,3150,4979,521827,2431,3753,18231.875534359366,1758.8019257985898,ian_s063,ian,high,6,Bp_N2_s2
single,land,0.001476532426222445,0.008975524171090632,3684744,0.961262896181232,0.9620569919467902,173209,2762,4218,118029,1830,2825,5440.643998328596,296.8431024586502,ian_s063,ian,high,6,Bp_N2_s2
single,active,0.004428049131018057,0.020293221888368577,4110456,0.9849826190009181,0.9885444067578342,597586,3930,5181,521990,2410,3639,18201.30111888796,1692.7468400231103,ian_s068,ian,high,0,Bp_N2_s2
single,land,0.0014885475334579657,0.008356826186037083,3684744,0.9585314399067981,0.9635245802046123,182652,3531,4371,118950,1792,2711,5484.9165926240385,257.32978612965604,ian_s068,ian,high,0,Bp_N2_s2
single,active,0.004240792906575266,0.018038693777474205,4110456,0.9808511668063993,0.9868855103130196,628244,5788,6477,513968,2969,3861,17431.592647589743,1337.519664721448,milton_s005,milton,low,0,Bp_N2_s2
single,land,0.0016596675788486568,0.00802381013893019,3684744,0.94965337993973,0.954205291409048,210824,5482,5695,110038,2486,2795,6115.450153157115,237.2294532300707,milton_s005,milton,low,0,Bp_N2_s2
single,active,0.004228229984623072,0.01806530959269025,4110456,0.9807903463031911,0.9873779260742793,626165,5913,6351,513712,2802,3765,17379.953309673816,1341.4695559610275,milton_s006,milton,low,6,Bp_N2_s2
single,land,0.0016469045326414123,0.008009686817840369,3684744,0.9491906883695553,0.956059840819241,208765,5617,5558,109792,2332,2714,6068.421595223248,236.39505685855158,milton_s006,milton,low,6,Bp_N2_s2
single,active,0.005455261018129537,0.019286983625828407,4110456,0.9760438889182319,0.9864738641852491,850062,7350,13514,616777,3473,4984,22423.610383536667,1529.0392270522661,milton_s024,milton,mid,6,Bp_N2_s2
single,land,0.0029423786924392265,0.010229423603269283,3684744,0.956346259261224,0.9687241150180683,432674,7112,12638,212850,3057,3815,10841.912232693285,385.57569211167,milton_s024,milton,mid,6,Bp_N2_s2
single,active,0.005223130265126048,0.019369347862459762,4110456,0.9755765942570099,0.986276497200929,779953,8486,11040,587734,3442,4736,21469.447137068957,1542.1265047620627,milton_s037,milton,low,-6,Bp_N2_s2
single,land,0.002550448060281509,0.009579545332464311,3684744,0.9512403696375195,0.9641516766304492,361517,8287,10244,181113,3083,3651,9397.748187433928,338.1404406139556,milton_s037,milton,low,-6,Bp_N2_s2
single,active,0.005246412342406273,0.019259149040008836,4110456,0.9755485869795911,0.9858861661348265,776803,8626,10844,589485,3629,4810,21565.147091317922,1524.629054531789,milton_s041,milton,mid,0,Bp_N2_s2
single,land,0.002605079464466445,0.009879665871278595,3684744,0.9506644240197055,0.9625152237225311,357774,8413,10154,181771,3243,3836,9599.050926215947,359.65974703185606,milton_s041,milton,mid,0,Bp_N2_s2
single,active,0.0056844320904800155,0.019947954762413164,4110456,0.9756302595861142,0.9867120121058707,876235,8132,13755,637710,3661,4927,23365.607992906123,1635.6363476555262,milton_s046,milton,mid,-6,Bp_N2_s2
single,land,0.003050021693738081,0.010374176659892686,3684744,0.956363780705383,0.9700243533758818,457775,7928,12959,231021,3286,3853,11238.549135871232,396.5651983242992,milton_s046,milton,mid,-6,Bp_N2_s2
single,active,0.005727931014084206,0.019851816773720526,4110456,0.9757148691228112,0.9862375472346273,881614,8413,13530,643090,3912,5062,23544.408404428512,1619.9086332343206,milton_s049,milton,high,-6,Bp_N2_s2
single,land,0.0031216433928028513,0.010630492029915966,3684744,0.9565203006585954,0.968786407966835,462578,8204,12823,235325,3523,4059,11502.45676176995,416.4031946566595,milton_s049,milton,high,-6,Bp_N2_s2
single,active,0.004734682518854339,0.019257498847726744,4110456,0.9807186455293876,0.9875378891137513,655072,6611,6268,547016,3075,3828,19461.70416771993,1524.367794461922,milton_s059,milton,mid,0,Bp_N2_s2
single,land,0.00195888262910231,0.009116049582928169,3684744,0.9508682109629102,0.9599210683956446,234757,6398,5732,136208,2700,2987,7217.981014288962,306.21092238996226,milton_s059,milton,mid,0,Bp_N2_s2
single,active,0.004797491201228464,0.01916385566123244,4110456,0.9800744995213718,0.9876809147952267,659351,7328,6077,552966,3095,3802,19719.876493036747,1509.5787927705978,milton_s063,milton,high,6,Bp_N2_s2
single,land,0.0020582688685821296,0.00957922393263795,3684744,0.949369405211856,0.9606868904119845,238624,7139,5587,141147,2753,3023,7584.19386389479,338.11775134175844,milton_s063,milton,high,6,Bp_N2_s2
single,active,0.005571997767721927,0.020149916609527464,4110456,0.9754566964644249,0.9862166711246518,789481,9387,10477,604681,3853,4598,22903.4516563192,1668.9238075419962,milton_s068,milton,high,0,Bp_N2_s2
single,land,0.002791412740134902,0.010475199580245613,3684744,0.950779563938665,0.9642280060655778,369182,9207,9905,193940,3532,3663,10285.64134573564,404.3262451860295,milton_s068,milton,high,0,Bp_N2_s2
single,active,0.0037158694267731317,0.016586892167094587,4110456,0.9845009077656445,0.9869767110485267,550400,2906,5759,471007,2314,3901,15273.91778049618,1130.8891731414496,dorian_s005,dorian,low,0,Bp_N2_s2
single,land,0.0010493462307784478,0.00667673177301222,3684744,0.9562521506657138,0.9555953508001506,144505,2250,4361,83778,1549,2344,3866.572227783501,164.26127115757188,dorian_s005,dorian,low,0,Bp_N2_s2
single,active,0.0037349671697116263,0.01664491623589835,4110456,0.9843047284149813,0.9873119217208665,550875,2967,5817,471009,2241,3812,15352.418212544173,1138.815138291142,dorian_s006,dorian,low,6,Bp_N2_s2
single,land,0.0010672097565513107,0.006735480496687941,3684744,0.9555684470051551,0.9571817205038521,144954,2312,4428,83740,1488,2258,3932.3947471939027,167.16466649129106,dorian_s006,dorian,low,6,Bp_N2_s2
single,active,0.004809586614391502,0.018031484553308854,4110456,0.973206475983281,0.9858680695444345,653114,5805,12176,506540,2606,4655,19769.59415664524,1336.4507899588962,dorian_s024,dorian,mid,6,Bp_N2_s2
single,land,0.002173457124838721,0.0091476305562523,3684744,0.9395164510841247,0.9601330781591931,247028,5191,10712,118900,1870,3067,8008.633100006729,308.33622670364645,dorian_s024,dorian,mid,6,Bp_N2_s2
single,active,0.004270162113696239,0.017111772422836444,4110456,0.9799669670712291,0.9859979156125458,592734,4103,8014,489123,2480,4466,17552.313481215388,1203.593947519873,dorian_s037,dorian,low,-6,Bp_N2_s2
single,land,0.0015320206695020248,0.0077452443255528695,3684744,0.9480013697299894,0.9556988172900474,185485,3551,6623,99472,1836,2775,5645.103969823569,221.0434064710718,dorian_s037,dorian,low,-6,Bp_N2_s2
single,active,0.004308092948066417,0.017414648408601095,4110456,0.9800923998175798,0.9861755875224579,593148,3977,8071,490719,2500,4379,17708.226506937295,1246.5779056027548,dorian_s041,dorian,mid,0,Bp_N2_s2
single,land,0.001545380493717373,0.007869766831863554,3684744,0.9480222579094341,0.9559764598331619,185363,3453,6710,100389,1866,2757,5694.331501942128,228.2080975985336,dorian_s041,dorian,mid,0,Bp_N2_s2
single,active,0.0047619596134110525,0.01781562808107938,4110456,0.9754921261327312,0.9855882091324307,646643,5343,10903,509693,2708,4745,19573.825464703143,1304.644774976333,dorian_s046,dorian,mid,-6,Bp_N2_s2
single,land,0.0020366299482265627,0.008802920802111749,3684744,0.9436342058676256,0.9590261615119451,239333,4790,9506,119908,2081,3042,7504.459981948137,285.53602517665774,dorian_s046,dorian,mid,-6,Bp_N2_s2
single,active,0.0048171009628521265,0.018171287620293696,4110456,0.9755912514910865,0.9857028715549523,649375,5508,10739,511979,2680,4746,19800.4815553613,1357.2548706698576,dorian_s049,dorian,high,-6,Bp_N2_s2
single,land,0.0020602684695128675,0.008931446824520213,3684744,0.9438772121084241,0.9596072798446799,241558,4983,9380,121588,2044,3074,7591.561881426722,293.9347643574216,dorian_s049,dorian,high,-6,Bp_N2_s2
single,active,0.004103114699835856,0.017351083626530258,4110456,0.9847530154685574,0.9867410255586951,568880,2850,5958,491697,2366,4241,16865.67243662849,1237.4943067979934,dorian_s059,dorian,mid,0,Bp_N2_s2
single,land,0.0012277789636576293,0.00737886518133474,3684744,0.9580583619303592,0.95825572370974,159693,2289,4702,98777,1670,2633,4524.051169663668,200.62565667874844,dorian_s059,dorian,mid,0,Bp_N2_s2
single,active,0.0041573074640207435,0.017732573527506488,4110456,0.9846755759353355,0.9869270474535997,572065,3000,5903,494258,2394,4153,17088.429409328848,1292.5089002023644,dorian_s063,dorian,high,6,Bp_N2_s2
single,land,0.001276814538215114,0.007619918282268941,3684744,0.9581678830824784,0.9591282471554632,162397,2433,4657,100649,1691,2598,4704.734708800912,213.9478606382771,dorian_s063,dorian,high,6,Bp_N2_s2
single,active,0.004539306979364331,0.017883127071227748,4110456,0.9802543768840623,0.9859525329172872,602233,4099,8032,500505,2541,4590,18658.62160916999,1314.5494527483731,dorian_s068,dorian,high,0,Bp_N2_s2
single,land,0.0016500821572170321,0.008283246962635795,3684744,0.9492620697455972,0.9573405278341703,193022,3590,6727,107517,1899,2892,6080.130328312516,252.81831948105324,dorian_s068,dorian,high,0,Bp_N2_s2
single,active,0.0068308725424193134,0.02271084370109194,4110456,0.97468278935206,0.984523485236763,1029574,11738,15005,762605,6625,5363,28078.001027222723,2120.1009496236634,irma_s005,irma,low,0,Bp_N3_s0
single,land,0.004316738856244571,0.0129997240492305,3684744,0.9598588505055821,0.9717166006648202,612843,11477,14152,357513,6207,4199,15906.077600114048,622.6952992740914,irma_s005,irma,low,0,Bp_N3_s0
single,active,0.006815359879290469,0.022752142363085565,4110456,0.9743188675044718,0.984419840451228,1015326,11324,15438,753977,6366,5567,28014.236907988787,2127.8185794244055,irma_s006,irma,low,6,Bp_N3_s0
single,land,0.004293348488276897,0.01309884180680254,3684744,0.9589016522624912,0.9710914125881911,598696,11057,14603,348918,5959,4428,15819.890082087368,632.2271104723562,irma_s006,irma,low,6,Bp_N3_s0
single,active,0.007998255092442777,0.024578380815210858,4110456,0.9701225575936459,0.981524986912098,1128692,13073,21688,826818,9283,6280,32876.475634261966,2483.113330517223,irma_s024,irma,mid,6,Bp_N3_s0
single,land,0.00554077383273583,0.015380422432025902,3684744,0.9548661598141421,0.9678655883954856,711868,12795,20853,421158,8852,5131,20416.333135530353,871.6534388882671,irma_s024,irma,mid,6,Bp_N3_s0
single,active,0.00789801726928191,0.023938279318582036,4110456,0.9728269304886322,0.981981668337365,1115671,11855,19308,817976,8993,6016,32464.452472623438,2355.46070757343,irma_s037,irma,low,-6,Bp_N3_s0
single,land,0.005120616904144956,0.014685261489849794,3684744,0.9586480424816122,0.9680827480815217,697566,11657,18433,410500,8656,4878,18868.1624138467,794.6404868504166,irma_s037,irma,low,-6,Bp_N3_s0
single,active,0.007820976854777666,0.024346895655422023,4110456,0.9730992847898884,0.9819806751702311,1108327,13016,17623,819129,9337,5694,32147.781238581985,2436.5604620357853,irma_s041,irma,mid,0,Bp_N3_s0
single,land,0.005205898633540685,0.014689291182332606,3684744,0.9588476050837682,0.9678498827946288,689934,12791,16820,410409,8997,4636,19182.40375454724,795.0766515235086,irma_s041,irma,mid,0,Bp_N3_s0
single,active,0.008474139437538284,0.024436704274688335,4110456,0.9709624687239367,0.9817829466285217,1164184,12875,21941,853136,9349,6481,34832.57729586586,2454.5691415204365,irma_s046,irma,mid,-6,Bp_N3_s0
single,land,0.0057204930681490785,0.015749151549372196,3684744,0.9567184183356099,0.968761011515054,745939,12674,21072,445384,9008,5354,21078.552509903908,913.948331966688,irma_s046,irma,mid,-6,Bp_N3_s0
single,active,0.008460235757939917,0.025359965576056066,4110456,0.9711339335470212,0.9819212960329469,1172820,13237,21624,863099,9667,6224,34775.42683263868,2643.548746318489,irma_s049,irma,high,-6,Bp_N3_s0
single,land,0.005852974366162929,0.015749956617246322,3684744,0.9570653815212122,0.9690544327001667,754246,13029,20807,454096,9318,5183,21566.712177872658,914.0417730951837,irma_s049,irma,high,-6,Bp_N3_s0
single,active,0.007823246123173977,0.025121401261071256,4110456,0.9749522086747218,0.9827293871064215,1062850,12227,15079,795203,8394,5581,32157.108966477215,2594.0463080935847,irma_s059,irma,mid,0,Bp_N3_s0
single,land,0.004997495793561239,0.01493943040991099,3684744,0.9605608774536522,0.9681676216212128,643254,12044,14367,384075,8046,4582,18414.492640350014,822.3854151192035,irma_s059,irma,mid,0,Bp_N3_s0
single,active,0.007975121397996216,0.025735994177797514,4110456,0.9744123407292635,0.982462511556449,1055272,11735,15976,798071,8458,5788,32781.38560112193,2722.5251665503906,irma_s063,irma,high,6,Bp_N3_s0
single,land,0.005165101848809919,0.015462461483398662,3684744,0.9594193753877599,0.9674584614767637,635576,11546,15337,385984,8122,4861,19032.078046791255,880.9770237827165,irma_s063,irma,high,6,Bp_N3_s0
single,active,0.008384989068437768,0.0255828507113859,4110456,0.973228443338434,0.9812650097607333,1123201,13064,17833,838436,9832,6176,34466.128626294434,2690.220493547786,irma_s068,irma,high,0,Bp_N3_s0
single,land,0.005618216188026161,0.015866856397331593,3684744,0.9590837642446113,0.9667313268311012,703510,12879,17134,427099,9500,5198,20701.688389532268,927.6605813493294,irma_s068,irma,high,0,Bp_N3_s0
single,active,0.0057742507831098225,0.01908788207320531,4110456,0.9750344062701358,0.9850060363524253,868586,8312,13928,645373,4851,4973,23734.80377693847,1497.6333071292063,matthew_s005,matthew,low,0,Bp_N3_s0
single,land,0.0032796360400625993,0.011178325969408516,3684744,0.9554878461070354,0.9672909332832534,452198,8079,12987,242081,4414,3772,12084.619220804423,460.4270814250318,matthew_s005,matthew,low,0,Bp_N3_s0
single,active,0.005761258812239464,0.01908008843436971,4110456,0.9749408393714555,0.9854829279791324,851993,8259,13640,635466,4168,5193,23681.40085232258,1496.4105805636918,matthew_s006,matthew,low,6,Bp_N3_s0
single,land,0.0032346282168459546,0.011238417129160351,3684744,0.9545703530690318,0.9678507681785578,435664,8053,12681,232079,3723,3986,11918.776914253831,465.390608794773,matthew_s006,matthew,low,6,Bp_N3_s0
single,active,0.00713372307539216,0.020817430666986624,4110456,0.9672170050860567,0.9827155835882798,990407,11865,21704,718882,6790,5854,29322.854817584157,1781.329489083734,matthew_s024,matthew,mid,6,Bp_N3_s0
single,land,0.004711186466899634,0.013634335520818339,3684744,0.9464450706828051,0.9659284340414549,573629,11650,20809,314373,6335,4754,17359.516066789627,684.9758731254022,matthew_s024,matthew,mid,6,Bp_N3_s0
single,active,0.0068645004881628825,0.020602184969174302,4110456,0.9711333758914986,0.9838440103788499,972088,10238,18657,718153,6090,5703,28216.22721857205,1744.6831540333637,matthew_s037,matthew,low,-6,Bp_N3_s0
single,land,0.004239593789464447,0.012770669628978699,3684744,0.9519684687164525,0.9677652753174821,553345,10073,17846,310312,5736,4600,15621.817778166384,600.9449091760225,matthew_s037,matthew,low,-6,Bp_N3_s0
single,active,0.006766301406145216,0.020494990913377517,4110456,0.9713307919960054,0.9836740065525625,957060,10750,17498,710070,6585,5200,27812.584212698042,1726.575062298603,matthew_s041,matthew,mid,0,Bp_N3_s0
single,land,0.004222449061775011,0.012794969439813043,3684744,0.9516986413696578,0.9666679471911696,538532,10579,16753,301960,6198,4214,15558.643845681101,603.2340202505884,matthew_s041,matthew,mid,0,Bp_N3_s0
single,active,0.007497990331889482,0.02149983787404996,4110456,0.9674843541133593,0.9832491438133695,1037150,11757,23100,756799,7142,5751,30820.159347657114,1900.0296304099265,matthew_s046,matthew,mid,-6,Bp_N3_s0
single,land,0.004916811918446301,0.013886705314894146,3684744,0.9479963873175833,0.9681536269480421,618233,11602,22312,348575,6797,4669,18117.193215623498,710.5681867028512,matthew_s046,matthew,mid,-6,Bp_N3_s0
single,active,0.007455218576526442,0.021474359930878165,4110456,0.967844658892036,0.9833838345874406,1039139,11815,22709,758777,7349,5472,30644.34792919457,1895.529116101427,matthew_s049,matthew,high,-6,Bp_N3_s0
single,land,0.004936902670478574,0.013816603390608171,3684744,0.9486397027909217,0.9684248047792472,620491,11648,21946,350471,6971,4456,18191.222493629903,703.4122102751619,matthew_s049,matthew,high,-6,Bp_N3_s0
single,active,0.006425752112559896,0.020524246532757424,4110456,0.9755518707501448,0.9846521698856004,898973,9051,13478,680308,5312,5292,26412.7713255845,1731.5077870619912,matthew_s059,matthew,mid,0,Bp_N3_s0
single,land,0.0036466212651938227,0.012129988846924374,3684744,0.9565751127789532,0.9669096665123241,479225,8903,12852,269382,4955,4264,13436.865827195346,542.160812459555,matthew_s059,matthew,mid,0,Bp_N3_s0
single,active,0.006368302113486421,0.02052533050985295,4110456,0.9752794318908583,0.9854748439651888,882939,8739,13641,672626,4461,5453,26176.62563219294,1731.690689205856,matthew_s063,matthew,high,6,Bp_N3_s0
single,land,0.0036361475088087848,0.012385092916785204,3684744,0.9555238680057861,0.968150061427789,463710,8566,13018,261629,4118,4489,13398.272716198117,565.2048223892315,matthew_s063,matthew,high,6,Bp_N3_s0
single,active,0.0071534778620532,0.021428787610527977,4110456,0.9711353406021807,0.9834724919705782,970844,11361,17495,728165,6824,5413,29404.055998943746,1887.4923690386886,matthew_s068,matthew,high,0,Bp_N3_s0
single,land,0.004445767948136649,0.013381355208757365,3684744,0.9514681476799588,0.9667847477123704,550960,11215,16888,316855,6468,4418,16381.516772288829,659.792719185717,matthew_s068,matthew,high,0,Bp_N3_s0
single,active,0.003874575086127864,0.01974202160695011,4110456,0.9861816897678114,0.9884873822596081,558524,3019,4807,490611,2264,3450,15926.270410224795,1602.0396092235721,ian_s005,ian,low,0,Bp_N3_s0
single,land,0.0010870056536172244,0.007259220989124873,3684744,0.9587181236226257,0.9606402006537694,146170,2474,3820,93453,1562,2267,4005.337560132146,194.17233607450638,ian_s005,ian,low,0,Bp_N3_s0
single,active,0.003886778794082638,0.01975941300385213,4110456,0.9862461763027078,0.9884922650285779,558096,3027,4756,490478,2254,3456,15976.433214809746,1604.8634313628797,ian_s006,ian,low,6,Bp_N3_s0
single,land,0.0010911907410077167,0.007278269514523512,3684744,0.9588284056369163,0.9607502033001534,145740,2476,3782,93334,1546,2267,4020.758535783738,195.1927071184417,ian_s006,ian,low,6,Bp_N3_s0
single,active,0.004186144864445204,0.020001010912653567,4110456,0.9824294252446939,0.9878005821241825,592905,4221,6383,501940,2589,3610,17206.964274927974,1644.3486166799503,ian_s024,ian,mid,6,Bp_N3_s0
single,land,0.0014254403394734106,0.00795131884708833,3684744,0.9520758179862034,0.9604281900987919,180525,3677,5410,104703,1892,2422,5252.382738232613,232.9623069300284,ian_s024,ian,mid,6,Bp_N3_s0
single,active,0.004074613078286087,0.019539870978479517,4110456,0.984667845543491,0.988657523314765,583011,3719,5359,505465,2293,3506,16748.517775319517,1569.3990565770055,ian_s037,ian,low,-6,Bp_N3_s0
single,land,0.0012623470310505253,0.007319143160283916,3684744,0.9562741290948908,0.9625094592500069,169425,3294,4453,105569,1672,2440,4651.425648581237,197.3912076904033,ian_s037,ian,low,-6,Bp_N3_s0
single,active,0.004148142055342028,0.019837187157310095,4110456,0.9848378713889995,0.9884402711761772,586273,3773,5253,509281,2452,3504,17050.75540023297,1617.521959012558,ian_s041,ian,mid,0,Bp_N3_s0
single,land,0.0013292092287603852,0.007894386541882988,3684744,0.957150630774698,0.9620602681534581,172379,3301,4416,108708,1808,2479,4897.795730419457,229.6381794830127,ian_s041,ian,mid,0,Bp_N3_s0
single,active,0.004256026111180334,0.019712507771017844,4110456,0.9822303861857941,0.9881539276597794,604773,4403,6538,512926,2567,3582,17494.20806485787,1597.2531702091799,ian_s046,ian,mid,-6,Bp_N3_s0
single,land,0.0014613737715743313,0.0077134481384799015,3684744,0.9520885316280436,0.9620296271071003,191167,3980,5640,113000,1949,2511,5384.788236565888,219.23225354755587,ian_s046,ian,mid,-6,Bp_N3_s0
single,active,0.004350241194207451,0.02004098712577105,4110456,0.9819263127357122,0.9878458526335896,609246,4616,6598,517162,2729,3634,17881.47501817718,1650.928336419798,ian_s049,ian,high,-6,Bp_N3_s0
single,land,0.00154187714863285,0.008293559855938682,3684744,0.9517851574680387,0.9613877961684686,195352,4155,5741,116575,2080,2602,5681.422572162002,253.44824430209718,ian_s049,ian,high,-6,Bp_N3_s0
single,active,0.00430052903509697,0.020381277581131535,4110456,0.9867735023583111,0.9885363541133022,583492,3315,4506,517135,2504,3493,17677.13537548855,1707.4689364918272,ian_s059,ian,mid,0,Bp_N3_s0
single,land,0.0013209566048991482,0.008156248690480187,3684744,0.9621321095052172,0.962311091620564,168554,2929,3705,114107,1893,2576,4867.386924162507,245.12535685850523,ian_s059,ian,mid,0,Bp_N3_s0
single,active,0.004413238761096152,0.02067713410745355,4110456,0.9864846748110536,0.9881765359616954,588665,3357,4708,521942,2607,3638,18140.423744980246,1757.4002858361669,ian_s063,ian,high,6,Bp_N3_s0
single,land,0.0014371344449239218,0.008978860533993141,3684744,0.9615617013963956,0.961673097901301,173459,2966,3968,118130,1984,2724,5295.472523126751,297.06382725785386,ian_s063,ian,high,6,Bp_N3_s0
single,active,0.004424681053539973,0.020448217770546843,4110456,0.9851768591554403,0.9884158335242257,597760,3987,5007,522102,2592,3527,18187.456784609705,1718.7033641680746,ian_s068,ian,high,0,Bp_N3_s0
single,land,0.0014670079581300495,0.008398521770926077,3684744,0.9590745744039032,0.9630489472023814,182814,3592,4209,119055,1962,2606,5405.548771671951,259.9040368438188,ian_s068,ian,high,0,Bp_N3_s0
single,active,0.004267767787719619,0.01811989590034902,4110456,0.9813079148468205,0.9865592945212576,628198,5443,6523,514173,3349,3656,17542.471709638834,1349.5885975423969,milton_s005,milton,low,0,Bp_N3_s0
single,land,0.0016878184073186636,0.008124465374608286,3684744,0.9508294346670757,0.9528604395889334,210758,5138,5761,110245,2866,2588,6219.178749457002,243.21866736549345,milton_s005,milton,low,0,Bp_N3_s0
single,active,0.004252454345953587,0.018140344703113206,4110456,0.9813682701122856,0.9871000209365354,626216,5589,6300,513905,3144,3572,17479.526481050998,1352.636412325636,milton_s006,milton,low,6,Bp_N3_s0
single,land,0.001672327794867538,0.008102734321107558,3684744,0.950744501616502,0.955006425172785,208793,5287,5530,109990,2666,2516,6162.0998081713915,241.91930081641377,milton_s006,milton,low,6,Bp_N3_s0
single,active,0.005513514778681188,0.01936799535098965,4110456,0.9761795157611247,0.9861246021906673,850349,7523,13227,617243,4167,4518,22663.05990311876,1541.9111468698075,milton_s024,milton,mid,6,Bp_N3_s0
single,land,0.0030228743471775164,0.01032223479042296,3684744,0.9566109859030447,0.9677785238553255,432943,7268,12369,213310,3747,3355,11138.518113516271,392.6040605639042,milton_s024,milton,mid,6,Bp_N3_s0
single,active,0.005299991316467832,0.019570067385697984,4110456,0.9758488318552181,0.9859820214394586,779914,8223,11079,588017,3907,4453,21785.3811067231,1574.2534213630147,milton_s037,milton,low,-6,Bp_N3_s0
single,land,0.0026365005059020446,0.009708984773097337,3684744,0.9517336900423417,0.9632213938273965,361438,8007,10323,181390,3552,3374,9714.829420119524,347.34012823716637,milton_s037,milton,low,-6,Bp_N3_s0
single,active,0.005309632428070633,0.019412601862390876,4110456,0.9758971053659848,0.9854331215193131,776737,8274,10910,589763,4186,4532,21825.0104717575,1549.0216896829006,milton_s041,milton,mid,0,Bp_N3_s0
single,land,0.002684008485759874,0.009995570856510434,3684744,0.9513805218880741,0.9613002687334682,357701,8053,10227,182077,3800,3530,9889.884163852781,368.1480670868065,milton_s041,milton,mid,0,Bp_N3_s0
single,active,0.0057705509581379814,0.020138255549236424,4110456,0.9756907725565542,0.98606213084505,876504,8352,13486,638067,4449,4570,23719.595809184015,1666.9927037851794,milton_s046,milton,mid,-6,Bp_N3_s0
single,land,0.0031481470657778402,0.010500044471850363,3684744,0.9564617241566534,0.9683528146409036,458017,8132,12717,231385,4073,3489,11600.116011742502,406.2464672223471,milton_s046,milton,mid,-6,Bp_N3_s0
single,active,0.005807526860473884,0.020020084914438265,4110456,0.9758788820425652,0.9855116195004197,881851,8504,13293,643409,4716,4743,23871.58362879604,1647.4863844560111,milton_s049,milton,high,-6,Bp_N3_s0
single,land,0.0032188581275084793,0.010751936618220137,3684744,0.9568236746187132,0.9669727706927963,462807,8290,12594,235659,4324,3725,11860.668172188103,425.9716650804852,milton_s049,milton,high,-6,Bp_N3_s0
single,active,0.004757029643405366,0.0195315470467188,4110456,0.9813119955894272,0.9871797647398427,655013,6147,6327,547174,3436,3670,19553.561039913446,1568.0622219434576,milton_s059,milton,mid,0,Bp_N3_s0
single,land,0.0019668654680057686,0.009210372479716922,3684744,0.9523709039261439,0.9587670895863354,234688,5936,5801,136399,3070,2796,7247.395732041448,312.5803753516713,milton_s059,milton,mid,0,Bp_N3_s0
single,active,0.004799445553839786,0.019327991484385937,4110456,0.9810552126062511,0.9874753648853217,659378,6683,6050,553160,3408,3608,19727.90977345407,1535.548205804434,milton_s063,milton,high,6,Bp_N3_s0
single,land,0.00205078107173111,0.009643179755335247,3684744,0.9519155980136016,0.9600342330838303,238650,6494,5561,141342,3056,2828,7556.603249374777,342.6477190253692,milton_s063,milton,high,6,Bp_N3_s0
single,active,0.005640525045673525,0.020392723360763334,4110456,0.9758898074077371,0.9858961447832846,789408,8953,10550,605007,4383,4272,23185.130017139018,1709.387246145766,milton_s068,milton,high,0,Bp_N3_s0
single,land,0.0028667845428280076,0.010595198799886506,3684744,0.9516666322889379,0.9633341432814801,369102,8761,9985,194265,4056,3338,10563.367143478245,413.64286748076626,milton_s068,milton,high,0,Bp_N3_s0
single,active,0.0036999097620749773,0.016496018040996874,4110456,0.9845534443673706,0.9869493094507023,550708,3189,5451,471215,2538,3693,15208.316280979663,1118.5315781552672,dorian_s005,dorian,low,0,Bp_N3_s0
single,land,0.001053226039596383,0.006708878963286858,3684744,0.9562491328448635,0.9551041311027655,144735,2491,4131,83925,1748,2197,3880.8683300465345,165.84685252018375,dorian_s005,dorian,low,0,Bp_N3_s0
single,active,0.0037229931774507936,0.01657216705118129,4110456,0.9843212824437296,0.9872442779439988,551152,3239,5540,471188,2455,3633,15303.19964421168,1128.8821567186556,dorian_s006,dorian,low,6,Bp_N3_s0
single,land,0.001072562306819619,0.006773947207531796,3684744,0.9553891112047178,0.9566397827996487,145158,2554,4224,83860,1663,2138,3952.11752467975,169.07949253066928,dorian_s006,dorian,low,6,Bp_N3_s0
single,active,0.0047929714978355185,0.017923091131571447,4110456,0.9736328867049974,0.9857626327459447,653480,5887,11810,506820,2945,4375,19701.298451106995,1320.431358531872,dorian_s024,dorian,mid,6,Bp_N3_s0
single,land,0.0021912436689330594,0.00915856425443043,3684744,0.9404423284608248,0.959603689234363,247310,5232,10430,119130,2178,2837,8074.1719616390765,309.0737444607302,dorian_s024,dorian,mid,6,Bp_N3_s0
single,active,0.004270168340808803,0.017109822345328072,4110456,0.9801260797270807,0.9859242901699724,592990,4266,7758,489330,2727,4259,17552.339077487588,1203.3196372159407,dorian_s037,dorian,low,-6,Bp_N3_s0
single,land,0.0015455008123258218,0.007772872808957134,3684744,0.9483416510443538,0.955106815479615,185654,3659,6454,99610,2045,2637,5694.774845212698,222.62321113683348,dorian_s037,dorian,low,-6,Bp_N3_s0
single,active,0.004301035469581536,0.01735717477963321,4110456,0.98030619391841,0.9859932105337164,593446,4149,7773,490857,2732,4241,17679.217052154243,1238.3633119307688,dorian_s041,dorian,mid,0,Bp_N3_s0
single,land,0.0015530759696255666,0.007885218689486105,3684744,0.9484608268551598,0.9550435782650433,185573,3584,6500,100483,2067,2663,5722.687360621989,229.10512565457435,dorian_s041,dorian,mid,0,Bp_N3_s0
single,active,0.004763745516237548,0.017803891226516454,4110456,0.9760223967949414,0.9854537794663873,647056,5406,10490,509927,3016,4511,19581.16633969173,1302.9263531466568,dorian_s046,dorian,mid,-6,Bp_N3_s0
single,land,0.0020569059428652407,0.008829089477674293,3684744,0.9448400119853022,0.95843442727621,239653,4805,9186,120088,2346,2862,7579.171831537038,287.2361894804331,dorian_s046,dorian,mid,-6,Bp_N3_s0
single,active,0.004820933853360608,0.01813451928778934,4110456,0.9760083882762423,0.9856646962839815,649720,5577,10394,512246,2971,4479,19816.23648314923,1351.767806594875,dorian_s049,dorian,high,-6,Bp_N3_s0
single,land,0.0020821774137193406,0.008964687757771239,3684744,0.9447283496253233,0.9591960495538422,241807,5016,9131,121792,2311,2870,7672.290732137859,296.12676039971086,dorian_s049,dorian,high,-6,Bp_N3_s0
single,active,0.004111286941034504,0.01742099309806848,4110456,0.9848468070675682,0.9866388518358791,569206,3126,5632,491874,2597,4064,16899.264074496925,1247.4864040455614,dorian_s059,dorian,mid,0,Bp_N3_s0
single,land,0.0012293162900597584,0.007431592238719153,3684744,0.9583962422412347,0.9577387061169955,159964,2513,4431,98921,1876,2489,4529.715823899955,203.50311688936705,dorian_s059,dorian,mid,0,Bp_N3_s0
single,active,0.0041646380260482825,0.017835009901573703,4110456,0.98472242294114,0.9868070982202556,572364,3276,5604,494417,2616,3994,17118.56136199832,1307.484994293398,dorian_s063,dorian,high,6,Bp_N3_s0
single,land,0.0012795893577518644,0.0076734617917455445,3684744,0.9583605842598648,0.9582608199480757,162652,2665,4402,100764,1906,2483,4714.959208440036,216.9651546825981,dorian_s063,dorian,high,6,Bp_N3_s0
single,active,0.0045410450188904375,0.01791303627698046,4110456,0.9804659594445719,0.9858939446744915,602513,4252,7752,500703,2772,4392,18665.76574416831,1318.9502500464268,dorian_s068,dorian,high,0,Bp_N3_s0
single,land,0.001656315156951785,0.008308868846097826,3684744,0.9498493317012983,0.9568602356956221,193225,3678,6524,107664,2109,2745,6103.097336687148,254.38478248441433,dorian_s068,dorian,high,0,Bp_N3_s0
single,active,0.006922791718777848,0.022865619314850982,4110456,0.9751288190386571,0.9849215198115804,1027973,9613,16606,762346,6049,5622,28455.830757200718,2149.096620203704,irma_s005,irma,low,0,Bp_N3_s1
single,land,0.004189997577545979,0.012783599585389396,3684744,0.9605444079696902,0.9724524655315558,611253,9366,15742,357245,5653,4467,15439.06843387708,602.1624060279078,irma_s005,irma,low,0,Bp_N3_s1
single,active,0.00691306810094588,0.022918518389334456,4110456,0.9747181828321327,0.9849377753850818,1013742,9272,17022,753765,5748,5779,28415.862253941596,2159.0518918861294,irma_s006,irma,low,6,Bp_N3_s1
single,land,0.004169563259930875,0.012873167078321236,3684744,0.9595424116110081,0.972060840572276,597129,9007,16170,348686,5362,4660,15363.77320465073,610.6299929399468,irma_s006,irma,low,6,Bp_N3_s1
single,active,0.0080643807654117,0.024609855044027372,4110456,0.9702784948773544,0.982251944906881,1126798,10934,23582,826621,8459,6477,33148.28230347112,2489.4769814380134,irma_s024,irma,mid,6,Bp_N3_s1
single,land,0.005383003537580645,0.015034772561919608,3684744,0.9550489247847014,0.9691984647582823,709970,10665,22751,420951,8040,5338,19834.989987079054,832.9156950053647,irma_s024,irma,mid,6,Bp_N3_s1
single,active,0.007978432998931405,0.024144531007478515,4110456,0.9728569394570165,0.9824850177096199,1113749,9844,21230,817738,8324,6254,32794.99779105559,2396.2247608373586,irma_s037,irma,low,-6,Bp_N3_s1
single,land,0.004988499441171007,0.014443371271386356,3684744,0.9586460466513606,0.9690439917330972,695630,9639,20369,410269,7997,5109,18381.34338485822,768.6780336129929,irma_s037,irma,low,-6,Bp_N3_s1
single,active,0.007877840744238801,0.024430271150892968,4110456,0.97353819626197,0.9826691563304021,1106616,10745,19334,818870,8489,5953,32381.517754200846,2453.276948556009,irma_s041,irma,mid,0,Bp_N3_s1
single,land,0.005039473945342731,0.014379824312441133,3684744,0.9594553900547064,0.9691405428523495,688202,10530,18552,410149,8164,4896,18569.171383257955,761.9289591279427,irma_s041,irma,mid,0,Bp_N3_s1
single,active,0.008544763830303882,0.02461324303116118,4110456,0.9709254914542769,0.9824371455293505,1162058,10731,24067,852948,8579,6669,35122.87575485557,2490.1624707702535,irma_s046,irma,mid,-6,Bp_N3_s1
single,land,0.005571894147870084,0.015462657370965771,3684744,0.9566088598282771,0.9699872105209262,743794,10521,23217,445196,8233,5542,20531.003529999405,880.9993453955049,irma_s046,irma,mid,-6,Bp_N3_s1
single,active,0.008526961911592497,0.02542046618609083,4110456,0.9713113156128595,0.9825304586765237,1170841,10979,23603,862816,8834,6507,35049.70175127685,2656.1770828418594,irma_s049,irma,high,-6,Bp_N3_s1
single,land,0.005687616567602192,0.015437486325646751,3684744,0.9572745284927675,0.9701249088782999,752256,10778,22797,453806,8502,5473,20957.411021772772,878.1333923490266,irma_s049,irma,high,-6,Bp_N3_s1
single,active,0.007879583042879024,0.02520966267933676,4110456,0.9754947555725488,0.9833305295241112,1061350,10083,16579,794948,7640,5836,32388.679396100342,2612.30615014257,irma_s059,irma,mid,0,Bp_N3_s1
single,land,0.004838459328441982,0.014642704094896384,3684744,0.9613544300763414,0.9692534200045962,641731,9907,15890,383804,7322,4853,17828.483979720622,790.0414774829103,irma_s059,irma,mid,0,Bp_N3_s1
single,active,0.008025863334557846,0.02579326554343476,4110456,0.9747526510918872,0.9830160942315347,1053770,9816,17478,797750,7674,6109,32989.95809871331,2734.655743191523,irma_s063,irma,high,6,Bp_N3_s1
single,land,0.004989361305273154,0.015141736763195376,3684744,0.9599104984202487,0.9684410369481199,634066,9634,16847,385640,7362,5205,18384.519133437425,844.8093345975457,irma_s063,irma,high,6,Bp_N3_s1
single,active,0.008418440789485162,0.02562117504298319,4110456,0.9736021703743896,0.9820038733850643,1121468,10841,19566,838157,8905,6455,34603.63045378402,2698.286688239315,irma_s068,irma,high,0,Bp_N3_s1
single,land,0.005429691300208554,0.015506308821354788,3684744,0.9596012082443947,0.9680232624074868,701765,10665,18879,426785,8586,5512,20007.022440295666,885.9805307979899,irma_s068,irma,high,0,Bp_N3_s1
single,active,0.00592387980473886,0.01930816789185429,4110456,0.9750018552959141,0.985495072112264,867114,6832,15400,645246,4397,5100,24349.847286667675,1532.399976805922,matthew_s005,matthew,low,0,Bp_N3_s1
single,land,0.0032187914243247506,0.011050943632747421,3684744,0.9553318213611989,0.9682998386974115,450716,6605,14469,241921,3988,3932,11860.422388032079,449.99330023785774,matthew_s005,matthew,low,0,Bp_N3_s1
single,active,0.005905122454525255,0.01931744000945157,4110456,0.9750122943913503,0.9858554101698281,850551,6716,15082,635301,3757,5358,24272.74602393806,1533.8721003628689,matthew_s006,matthew,low,6,Bp_N3_s1
single,land,0.003169040750997405,0.011101900097938591,3684744,0.9546750679895966,0.968672977466601,434233,6504,14112,231879,3313,4186,11677.103892993182,454.1527520567229,matthew_s006,matthew,low,6,Bp_N3_s1
single,active,0.007246641253458015,0.020902812499834788,4110456,0.9669382187928682,0.9831676179114932,988236,9915,23875,718668,6236,6068,29787.00002012402,1795.9715533294593,matthew_s024,matthew,mid,6,Bp_N3_s1
single,land,0.0046310066809252225,0.01344911595189274,3684744,0.945920177970815,0.9668257822670742,571472,9706,22966,314142,5794,4985,17064.07408149913,666.4917778329833,matthew_s024,matthew,mid,6,Bp_N3_s1
single,active,0.007025618493197699,0.02092740438723086,4110456,0.9709591991560793,0.98413318582433,970130,8401,20615,717873,5591,5983,28878.49568907544,1800.1999135812937,matthew_s037,matthew,low,-6,Bp_N3_s1
single,land,0.004173856713618088,0.012634483407051434,3684744,0.9516021862978425,0.9683005219216462,551384,8236,19807,310014,5251,4898,15379.593482363969,588.1963146751024,matthew_s037,matthew,low,-6,Bp_N3_s1
single,active,0.00688010151732977,0.020600696303821428,4110456,0.9715419087238194,0.9841165543818792,955425,8853,19133,709922,6110,5348,28280.354562517256,1744.4310297531988,matthew_s041,matthew,mid,0,Bp_N3_s1
single,land,0.004137987581589275,0.012612653408340963,3684744,0.9519901838402178,0.9675330296200592,536892,8683,18393,301790,5743,4384,15247.424913335592,586.1654865754194,matthew_s041,matthew,mid,0,Bp_N3_s1
single,active,0.007650942157496269,0.021779124913121863,4110456,0.9672774856875803,0.9837506517552859,1034866,9625,25384,756580,6527,5970,31448.861096933484,1949.713753551995,matthew_s046,matthew,mid,-6,Bp_N3_s1
single,land,0.004842237980782329,0.013728335648938463,3684744,0.9475751366120219,0.9690604629941326,615939,9471,24606,348322,6199,4922,17842.407346259803,694.4533832542149,matthew_s046,matthew,mid,-6,Bp_N3_s1
single,active,0.007573170906788339,0.021583077001785942,4110456,0.9676619770887287,0.9838278743168123,1036874,9677,24974,758549,6769,5700,31129.185792833567,1914.7704829963038,matthew_s049,matthew,high,-6,Bp_N3_s1
single,land,0.004853360091093065,0.013643760451398911,3684744,0.9482490194785175,0.9692085438956755,618210,9512,24227,350208,6407,4719,17883.389475494623,685.9231992922444,matthew_s049,matthew,high,-6,Bp_N3_s1
single,active,0.006547372258871315,0.020703163676410456,4110456,0.9758085470234141,0.9850515829737805,897577,7378,14874,680120,4841,5480,26912.68558571115,1761.8277045020243,matthew_s059,matthew,mid,0,Bp_N3_s1
single,land,0.0035576995623052133,0.011960716677638055,3684744,0.9569905609552402,0.9677949403863025,477834,7232,14243,269167,4478,4479,13109.212116006762,527.1348465481354,matthew_s059,matthew,mid,0,Bp_N3_s1
single,active,0.006474522807198164,0.02054083891080391,4110456,0.9755525460934527,0.9857238557756158,881720,7236,14860,672448,4108,5631,26613.241119984537,1734.3085178707404,matthew_s063,matthew,high,6,Bp_N3_s1
single,land,0.0035503369181198313,0.012219422181061942,3684744,0.9559627528188592,0.9686239055604753,462490,7067,14238,261419,3769,4699,13082.082657020539,550.18489159254,matthew_s063,matthew,high,6,Bp_N3_s1
single,active,0.007252855199628246,0.021525920162173015,4110456,0.9714750249845382,0.9840105001635582,969160,9278,19179,727969,6220,5609,29812.54217244312,1904.6424261329998,matthew_s068,matthew,high,0,Bp_N3_s1
single,land,0.004342880237041263,0.013164356970135063,3684744,0.9519743216004631,0.9678642061728358,549273,9135,18575,316630,5870,4643,16002.40189615637,638.5672201254984,matthew_s068,matthew,high,0,Bp_N3_s1
single,active,0.004042399159745132,0.020070917132779538,4110456,0.9864610795795902,0.9885940831932536,558262,2593,5069,490487,2085,3574,16616.10388056934,1655.8631426260474,ian_s005,ian,low,0,Bp_N3_s1
single,land,0.0010615364868905718,0.007177170952698036,3684744,0.9596443228454172,0.9610382924393283,145912,2058,4078,93337,1401,2383,3911.4902008511126,189.80773291205185,ian_s005,ian,low,0,Bp_N3_s1
single,active,0.004053342534588701,0.020079986143330782,4110456,0.9865218575465925,0.9885646775146318,557813,2582,5039,490335,2073,3599,16661.086141355336,1657.3598787168673,ian_s006,ian,low,6,Bp_N3_s1
single,land,0.0010644275523210831,0.0071938124779577575,3684744,0.9597674986309865,0.960946440538172,145471,2047,4051,93207,1394,2394,3922.1430368497968,190.6889581720366,ian_s006,ian,low,6,Bp_N3_s1
single,active,0.004357891632552005,0.020315260280729417,4110456,0.9826853616977503,0.9880239992596225,592291,3439,6997,501767,2299,3783,17912.921808373183,1696.4254747941698,ian_s024,ian,mid,6,Bp_N3_s1
single,land,0.001396550138549206,0.007869039368136054,3684744,0.9527322216279476,0.9612364612640444,179913,2904,6022,104546,1637,2579,5145.929743718356,228.16590945143088,ian_s024,ian,mid,6,Bp_N3_s1
single,active,0.004231694084952008,0.019769053941299783,4110456,0.9849945304006588,0.9888973029877878,582576,3081,5794,505373,2076,3598,17394.192341655493,1606.429891111967,ian_s037,ian,low,-6,Bp_N3_s1
single,land,0.0012306726209410338,0.007200360689980292,3684744,0.9570556317047476,0.9634659822627344,168972,2676,4906,105487,1478,2522,4534.7135559767485,191.03626776284176,ian_s037,ian,low,-6,Bp_N3_s1
single,active,0.004303620547202235,0.020108487737513087,4110456,0.9850935248895256,0.9886219778342148,585843,3182,5683,509168,2243,3617,17689.84289997071,1662.0681412419901,ian_s041,ian,mid,0,Bp_N3_s1
single,land,0.001296297797336595,0.007790418484611882,3684744,0.9579463982307294,0.9627787823990356,171960,2714,4835,108613,1625,2574,4776.525530949235,223.62939851067216,ian_s041,ian,mid,0,Bp_N3_s1
single,active,0.004417485922246295,0.019944042211418593,4110456,0.9825332695754572,0.9885154515173945,604087,3515,7224,512826,2276,3682,18157.881514012814,1634.9947898515768,ian_s046,ian,mid,-6,Bp_N3_s1
single,land,0.0014287780468798248,0.007596907170169923,3684744,0.952834011134955,0.9634186925617155,190482,3104,6325,112904,1680,2607,5264.681335572153,212.65762513715097,ian_s046,ian,mid,-6,Bp_N3_s1
single,active,0.00450898888112311,0.020306635201564546,4110456,0.9822971140809607,0.9882285259950995,608592,3716,7252,517055,2418,3741,18534.000400345773,1694.9853063922615,ian_s049,ian,high,-6,Bp_N3_s1
single,land,0.0015086593878981998,0.008190850073766442,3684744,0.9527808363307152,0.9626724415827017,194696,3252,6397,116467,1806,2710,5559.023627601564,247.2095668240569,ian_s049,ian,high,-6,Bp_N3_s1
single,active,0.004439145160230196,0.02056848849563307,4110456,0.987106732492625,0.9887636581979784,583233,2853,4765,517070,2318,3558,18246.910858739167,1738.98069166927,ian_s059,ian,mid,0,Bp_N3_s1
single,land,0.0012801675752350246,0.00802603915534408,3684744,0.9631859359173186,0.9631212261960056,168310,2484,3949,114048,1732,2635,4717.089791841805,237.36127633772568,ian_s059,ian,mid,0,Bp_N3_s1
single,active,0.0045633745096687935,0.020973180143384722,4110456,0.9867985248961507,0.9883349621582309,588425,2924,4948,521829,2408,3751,18757.55013351515,1808.083895367533,ian_s063,ian,high,6,Bp_N3_s1
single,land,0.0013945750027737872,0.008874717886036422,3684744,0.96253243614178,0.9622144685568943,173226,2542,4201,118031,1812,2823,5138.651874020696,290.2127129784732,ian_s063,ian,high,6,Bp_N3_s1
single,active,0.004564054662145053,0.02063672971219977,4110456,0.9856347300942999,0.9886969911041835,597339,3278,5428,522033,2372,3596,18760.345870342106,1750.5388591347642,ian_s068,ian,high,0,Bp_N3_s1
single,land,0.001424817738452985,0.008270875451709328,3684744,0.9604210105094669,0.9640056385495317,182407,2901,4616,118993,1775,2668,5250.088612858206,252.06368572891137,ian_s068,ian,high,0,Bp_N3_s1
single,active,0.004416531548540271,0.01835964939072312,4110456,0.9818332616094831,0.9872292285293925,627416,4304,7305,513993,2813,3836,18153.958602886647,1385.5390498205923,milton_s005,milton,low,0,Bp_N3_s1
single,land,0.0016595547928091715,0.008005655099357899,3684744,0.9521835744410684,0.955489949203317,209966,3991,6553,110039,2332,2794,6115.034565474838,236.15713533351595,milton_s005,milton,low,0,Bp_N3_s1
single,active,0.004398828717650845,0.018377210549994683,4110456,0.9819698461219626,0.9876911836805322,625449,4417,7067,513713,2638,3764,18081.19189544022,1388.1908770028406,milton_s006,milton,low,6,Bp_N3_s1
single,land,0.0016421156291821124,0.007980934354053363,3684744,0.9523327732785182,0.9573744473415713,208019,4108,6304,109785,2167,2721,6050.7757119350135,234.7009230080984,milton_s006,milton,low,6,Bp_N3_s1
single,active,0.005688774218435776,0.019634207275632462,4110456,0.9762292263083012,0.9863666814293001,848762,5853,14814,616926,3692,4835,23383.456118814647,1584.5894008131459,milton_s024,milton,mid,6,Bp_N3_s1
single,land,0.0029744532185489183,0.010216453765704183,3684744,0.9566079412390888,0.9683633800895719,431346,5600,13966,212977,3270,3688,10960.098650328815,384.5985727723998,milton_s024,milton,mid,6,Bp_N3_s1
single,active,0.005466317085859468,0.019793732927625252,4110456,0.9762728106252454,0.9865557193168579,778354,6278,12639,587709,3248,4761,22469.055863473564,1610.4432148833657,milton_s037,milton,low,-6,Bp_N3_s1
single,land,0.002585735786230269,0.009562833218665934,3684744,0.9525202210553062,0.9649435975041163,359885,6063,11876,181090,2905,3674,9527.774423897266,336.9616556026892,milton_s037,milton,low,-6,Bp_N3_s1
single,active,0.005472434330753672,0.0196538491070378,4110456,0.9763807393581717,0.9861585328111695,775259,6366,12388,589495,3474,4800,22494.200529452413,1587.7613960541182,milton_s041,milton,mid,0,Bp_N3_s1
single,land,0.002630168255192317,0.009861264895998168,3684744,0.9522603997636813,0.9634187055849669,356213,6143,11715,181800,3096,3807,9691.496697310358,358.3212550076242,milton_s041,milton,mid,0,Bp_N3_s1
single,active,0.00593627275392908,0.020347431214136482,4110456,0.9758083046850774,0.9864901653848771,874818,6516,15172,637758,3855,4879,24400.78795902431,1701.8025955160024,milton_s046,milton,mid,-6,Bp_N3_s1
single,land,0.003092729974883382,0.010359301396693697,3684744,0.9566024920760033,0.9693970869550625,456330,6298,14404,231081,3502,3793,11395.918218571693,395.4287645283754,milton_s046,milton,mid,-6,Bp_N3_s1
single,active,0.005969990944302121,0.020228311716079396,4110456,0.9759831549441326,0.9860135464544041,880207,6723,14937,643151,4122,5001,24539.38509695232,1681.9352731438828,milton_s049,milton,high,-6,Bp_N3_s1
single,land,0.0031550779818072926,0.010611335660665916,3684744,0.9569224192671478,0.9682709432751593,461139,6497,14262,235407,3737,3977,11625.65466299653,414.9038122809419,milton_s049,milton,high,-6,Bp_N3_s1
single,active,0.004897151437513142,0.01969187720284489,4110456,0.981990975222392,0.9878716956871924,654169,4826,7171,547030,2902,3814,20129.525509234518,1593.9116372752649,milton_s059,milton,mid,0,Bp_N3_s1
single,land,0.0019231028759913694,0.00903696079258441,3684744,0.9540515950567318,0.9612014224028448,233839,4612,6650,136233,2537,2962,7086.141783691943,300.9207367862645,milton_s059,milton,mid,0,Bp_N3_s1
single,active,0.004928493150342093,0.019548839311096813,4110456,0.9818620640306259,0.9880697767081017,658637,5376,6791,552994,2903,3774,20258.35424078256,1570.840020315551,milton_s063,milton,high,6,Bp_N3_s1
single,land,0.0019921162061032165,0.009481836168001818,3684744,0.953953488372093,0.962076297174633,237916,5189,6295,141177,2572,2993,7340.43823774159,331.27770933992707,milton_s063,milton,high,6,Bp_N3_s1
single,active,0.005792546800651366,0.020616001425817293,4110456,0.9764745250164215,0.9865926855252232,787888,6912,12070,604731,3670,4548,23810.008752018213,1747.0240146827693,milton_s068,milton,high,0,Bp_N3_s1
single,land,0.0028021836463922017,0.010430835443349938,3684744,0.9527598648060215,0.9652063138199407,367590,6729,11497,193964,3353,3639,10325.329377941787,400.90872545443403,milton_s068,milton,high,0,Bp_N3_s1
single,active,0.0038830587810594424,0.01691304738992992,4110456,0.9847108865144794,0.9871372259745049,550285,2670,5874,471053,2283,3855,15961.142264958471,1175.800756312041,dorian_s005,dorian,low,0,Bp_N3_s1
single,land,0.0010320608550274926,0.006601184983402895,3684744,0.9566934874534392,0.9559597019863771,144344,2012,4522,83787,1525,2335,3802.880043197423,160.5650897724524,dorian_s005,dorian,low,0,Bp_N3_s1
single,active,0.0039016498894512224,0.016970464254538603,4110456,0.9846030086075135,0.9873745155130165,550782,2703,5910,471028,2230,3793,16037.560197994113,1183.7975868054916,dorian_s006,dorian,low,6,Bp_N3_s1
single,land,0.001050461467403379,0.006663763155588588,3684744,0.9563181806175546,0.9571067643730066,144821,2054,4561,83721,1475,2277,3870.681589245796,163.6237817967944,dorian_s006,dorian,low,6,Bp_N3_s1
single,active,0.004997791984901077,0.018303655197667978,4110456,0.9734163630420278,0.9860572852290533,652151,4671,13139,506582,2550,4613,20543.20405108854,1377.1005625258142,dorian_s024,dorian,mid,6,Bp_N3_s1
single,land,0.0021783883610154435,0.00908063112436822,3684744,0.9397068035629708,0.9605441737219673,246019,4064,11721,118900,1817,3067,8026.8034429214895,303.83611084549926,dorian_s024,dorian,mid,6,Bp_N3_s1
single,active,0.0044695473903493,0.017595715433122973,4110456,0.9800776239459115,0.9863340988227324,592158,3447,8590,489201,2390,4388,18371.877887945622,1272.6350003860775,dorian_s037,dorian,low,-6,Bp_N3_s1
single,land,0.0015306188650818363,0.007688057062303945,3684744,0.9479852089669356,0.9568135704051313,184841,2875,7267,99500,1744,2747,5639.938679397106,217.79129464141852,dorian_s037,dorian,low,-6,Bp_N3_s1
single,active,0.00449733375654694,0.017808860959804742,4110456,0.9804289034264305,0.9862576731509063,592733,3346,8486,490677,2416,4421,18486.092523600906,1303.6538458191328,dorian_s041,dorian,mid,0,Bp_N3_s1
single,land,0.0015363212049708033,0.007799639029696364,3684744,0.948716896125288,0.9563642602512534,184885,2806,7188,100336,1768,2810,5660.950342088938,224.1590761428167,dorian_s041,dorian,mid,0,Bp_N3_s1
single,active,0.004972179756989541,0.018261177056777197,4110456,0.9757092911168257,0.985807839147774,645781,4312,11765,509708,2608,4730,20437.9261151962,1370.7161772086492,dorian_s046,dorian,mid,-6,Bp_N3_s1
single,land,0.002042202626086694,0.008746572150229035,3684744,0.9438413543002835,0.9596321022045051,238403,3749,10436,119883,1976,3067,7524.99387325719,281.8922176909715,dorian_s046,dorian,mid,-6,Bp_N3_s1
single,active,0.005019663717961271,0.018541610223223697,4110456,0.9759005508402533,0.9859201577435281,648604,4507,11510,512012,2599,4713,20633.106847476214,1413.1390515807184,dorian_s049,dorian,high,-6,Bp_N3_s1
single,land,0.002064255100005762,0.008878398062926219,3684744,0.9443160731729324,0.9600985493970956,240709,3965,10229,121584,1975,3078,7606.2515942156315,290.45345427974604,dorian_s049,dorian,high,-6,Bp_N3_s1
single,active,0.0042600811675790485,0.017821928959546388,4110456,0.9849861290534854,0.9867707559854703,568796,2628,6042,491698,2352,4240,17510.876195762306,1305.567769304014,dorian_s059,dorian,mid,0,Bp_N3_s1
single,land,0.001200696865078276,0.007309881859475855,3684744,0.9587546487386072,0.9582411611751465,159578,2048,4817,98764,1658,2646,4424.2605694159865,196.8919845666994,dorian_s059,dorian,mid,0,Bp_N3_s1
single,active,0.004305586753972777,0.018191463888859043,4110456,0.9850134057952297,0.9870332685629155,572016,2751,5952,494250,2332,4161,17697.924906387925,1360.2705668922524,dorian_s063,dorian,high,6,Bp_N3_s1
single,land,0.0012490321316891684,0.007561541952880309,3684744,0.9591415893124088,0.9592770533058796,162328,2189,4726,100632,1657,2615,4602.363653048873,210.68230076787108,dorian_s063,dorian,high,6,Bp_N3_s1
single,active,0.004719688664536124,0.018350811667046656,4110456,0.9804390898840522,0.9860378889965877,601719,3459,8546,500501,2493,4594,19400.072589274496,1384.2054661737088,dorian_s068,dorian,high,0,Bp_N3_s1
single,land,0.0016361010658107443,0.008212905460152593,3684744,0.9496089798939188,0.9575906576521205,192462,2926,7287,107502,1854,2907,6028.613585639745,248.5426746540138,dorian_s068,dorian,high,0,Bp_N3_s1
single,active,0.00736262276869102,0.023811306641455848,4110456,0.974094718615047,0.9848492686522768,1027216,9955,17363,761515,5262,6453,30263.736935302615,2330.539453646568,irma_s005,irma,low,0,Bp_N3_s2
single,land,0.004249953742735091,0.012939331593136438,3684744,0.9589580895691164,0.972531669048892,610583,9720,16412,356534,4892,5178,15659.99155382067,616.9230620209245,irma_s005,irma,low,0,Bp_N3_s2
single,active,0.007383862339181285,0.02390198038442303,4110456,0.9737405639613005,0.9846340953078412,1013105,9662,17659,752930,5136,6614,30351.04125526175,2348.322693409913,irma_s006,irma,low,6,Bp_N3_s2
single,land,0.004260832543727606,0.013074837378590033,3684744,0.9580316938276046,0.9716632088037284,596574,9409,16725,347973,4775,5373,15700.077150505036,629.9120440248251,irma_s006,irma,low,6,Bp_N3_s2
single,active,0.0085333363982769,0.025543595887820934,4110456,0.9695201953242031,0.9818021171999306,1126152,11176,24228,825619,7824,7479,35075.903798315674,2681.970974250685,irma_s024,irma,mid,6,Bp_N3_s2
single,land,0.005469079906495853,0.015204406372356599,3684744,0.9539685037040623,0.9684754891336927,709412,10922,23309,420053,7437,6236,20152.159370981157,851.8169104681452,irma_s024,irma,mid,6,Bp_N3_s2
single,active,0.008382254291405229,0.02498834844461316,4110456,0.9720040137739868,0.982762374582141,1113000,10078,21979,816991,7329,7001,34454.88744563237,2566.6408977428805,irma_s037,irma,low,-6,Bp_N3_s2
single,land,0.005036829467349699,0.014566802124677843,3684744,0.9573698088150612,0.969660814726436,694949,9895,21050,409608,7046,5770,18559.42715884,781.8721823727476,irma_s037,irma,low,-6,Bp_N3_s2
single,active,0.008287383731184773,0.025281243671143757,4110456,0.9725916915789131,0.9827066142755722,1105828,11041,20122,818061,7634,6762,34064.92618215084,2627.1621156349483,irma_s041,irma,mid,0,Bp_N3_s2
single,land,0.005071581482723211,0.014491934407432426,3684744,0.9580626370900537,0.9693264896397591,687500,10840,19254,409428,7339,5617,18687.479438975453,773.8557960357638,irma_s041,irma,mid,0,Bp_N3_s2
single,active,0.008948296392143212,0.025452568057312993,4110456,0.9701487799641979,0.9822900298701553,1161401,11012,24724,852059,7804,7558,36781.578594863415,2662.8899490755803,irma_s046,irma,mid,-6,Bp_N3_s2
single,land,0.005620454742204365,0.015578123177338352,3684744,0.9554855323158965,0.9697738769132737,743212,10826,23799,444395,7508,6343,20709.93688860908,894.2060160209202,irma_s046,irma,mid,-6,Bp_N3_s2
single,active,0.008939050143609366,0.026269868767477788,4110456,0.9704873550407346,0.9823829012254927,1170268,11412,24176,861985,8120,7338,36743.57229709998,2836.6503691369826,irma_s049,irma,high,-6,Bp_N3_s2
single,land,0.0057144477024967085,0.015537092868001949,3684744,0.9561056882134114,0.9699802822992424,751762,11222,23291,453071,7814,6208,21056.276885088533,889.5018251759334,irma_s049,irma,high,-6,Bp_N3_s2
single,active,0.00826827321258239,0.026033850529372998,4110456,0.9744154874130776,0.9834058961633332,1060623,10542,17306,794175,6792,6609,33986.37323629856,2785.9083038016333,irma_s059,irma,mid,0,Bp_N3_s2
single,land,0.004869469985955663,0.01475280363784216,3684744,0.9596900594162566,0.9695807867997823,641072,10378,16549,383125,6488,5532,17942.750313930213,801.9669007511607,irma_s059,irma,mid,0,Bp_N3_s2
single,active,0.008445684746873338,0.026650609831123048,4110456,0.9739737083698136,0.982821106941723,1053486,10389,17762,797006,7078,6853,34715.61554189399,2919.471944245786,irma_s063,irma,high,6,Bp_N3_s2
single,land,0.005037446504421754,0.015267953340330159,3684744,0.9587042244147547,0.9682106147372974,633831,10220,17082,384977,6772,5868,18561.70078248903,858.9521447990124,irma_s063,irma,high,6,Bp_N3_s2
single,active,0.008805935189997996,0.026428888516438355,4110456,0.9727024599376012,0.9818164763267124,1120811,11231,20223,837352,8248,7260,36196.4091373384,2871.09657884447,irma_s068,irma,high,0,Bp_N3_s2
single,land,0.005451120209367794,0.015594646150758213,3684744,0.9582472909460403,0.9678172616505692,701162,11069,19482,426068,7939,6229,20085.982484746724,896.1039054656408,irma_s068,irma,high,0,Bp_N3_s2
single,active,0.006360311662503067,0.02028084355176823,4110456,0.9741052295473812,0.9849066812581485,866414,6932,16100,644388,3917,5958,26143.781235005707,1690.6824069065574,matthew_s005,matthew,low,0,Bp_N3_s2
single,land,0.003295838511969686,0.01120560902714078,3684744,0.9537557188174789,0.9670832882227222,450084,6722,15101,241178,3534,4675,12144.321181949228,462.6773626583177,matthew_s005,matthew,low,0,Bp_N3_s2
single,active,0.006357239336873226,0.020308394476493255,4110456,0.9741703084044776,0.9853231408975368,849986,6890,15647,634555,3348,6104,26131.152575686574,1695.279010818975,matthew_s006,matthew,low,6,Bp_N3_s2
single,land,0.0032657765463574876,0.011293255422214175,3684744,0.9531593023230261,0.9674712052179952,433738,6708,14607,231244,2954,4821,12033.550534531474,469.94347281538194,matthew_s006,matthew,low,6,Bp_N3_s2
single,active,0.0076773118424937545,0.021755048385637743,4110456,0.9663142180159697,0.9826480155079511,987749,10071,24362,717789,5728,6947,31557.25252684951,1945.4053720259149,matthew_s024,matthew,mid,6,Bp_N3_s2
single,land,0.004726348416313186,0.013588982565722258,3684744,0.9449340737896981,0.9658729791791885,571035,9874,23403,313363,5308,5764,17415.383968919516,680.4264747525144,matthew_s024,matthew,mid,6,Bp_N3_s2
single,active,0.007441496330096234,0.021825427282509864,4110456,0.9702179990834152,0.9840998442506536,969599,8617,21146,717148,4879,6708,30587.943239022046,1958.0127398934426,matthew_s037,matthew,low,-6,Bp_N3_s2
single,land,0.0042415779023654765,0.012778664598346909,3684744,0.9503816859737952,0.968361482891162,550903,8474,20288,309376,4572,5536,15629.128726273775,601.6975776264665,matthew_s037,matthew,low,-6,Bp_N3_s2
single,active,0.007299446475800466,0.02150839777194586,4110456,0.9705895210935395,0.9838952937405737,954667,9037,19891,709114,5451,6156,30004.053563132882,1901.54287877944,matthew_s041,matthew,mid,0,Bp_N3_s2
single,land,0.004209601321065372,0.012752030975296785,3684744,0.9503798527383784,0.9672071111225332,536172,8881,19113,301079,5113,5095,15511.303210187703,599.1920441120494,matthew_s041,matthew,mid,0,Bp_N3_s2
single,active,0.008053162034841424,0.02260523163715765,4110456,0.9666415579609239,0.983702180547512,1034320,9764,25930,755862,5835,6688,33102.16820508614,2100.4286185916635,matthew_s046,matthew,mid,-6,Bp_N3_s2
single,land,0.004903720169081818,0.01384765541768666,3684744,0.9465921010941821,0.9691121628175327,615442,9621,25103,347700,5538,5544,18068.953470703214,706.5775207538408,matthew_s046,matthew,mid,-6,Bp_N3_s2
single,active,0.007970661876823309,0.022423555088743784,4110456,0.9670056824013511,0.9838107502537886,1036369,9882,25479,757855,6077,6394,32763.05493555963,2066.802315796886,matthew_s049,matthew,high,-6,Bp_N3_s2
single,land,0.004905566172810763,0.013750347629964226,3684744,0.9472098404243084,0.9693068675537269,617739,9730,24698,349597,5740,5330,18075.755521867424,696.6821384494735,matthew_s049,matthew,high,-6,Bp_N3_s2
single,active,0.006959605169943393,0.02162770516820201,4110456,0.9749276644587388,0.9847458806340519,896951,7567,15500,679388,4312,6212,28607.15082842484,1922.6971602430456,matthew_s059,matthew,mid,0,Bp_N3_s2
single,land,0.0036219867088136937,0.012115374220595108,3684744,0.9554181314413382,0.9671827049144899,477239,7431,14838,268517,3982,5129,13346.093793381006,540.8551716142669,matthew_s059,matthew,mid,0,Bp_N3_s2
single,active,0.0068876866638410816,0.021426795699092605,4110456,0.9746628217338258,0.9853847665934169,881141,7467,15439,671723,3607,6356,28311.532973505557,1887.1414819086979,matthew_s063,matthew,high,6,Bp_N3_s2
single,land,0.0036224317511955122,0.012383520728672118,3684744,0.9543479653162711,0.9679147163956393,461934,7303,14794,260763,3289,5355,13347.733660627156,565.0613350680875,matthew_s063,matthew,high,6,Bp_N3_s2
single,active,0.007653848400207901,0.022404196527563303,4110456,0.9705843443889669,0.9838509820897138,968451,9463,19888,727302,5662,6276,31460.807079724967,2063.235258905796,matthew_s068,matthew,high,0,Bp_N3_s2
single,land,0.004402908803556045,0.013301374633956687,3684744,0.950481480583113,0.9676191700881471,548597,9330,19251,316037,5340,5236,16223.591796450317,651.9291067571215,matthew_s068,matthew,high,0,Bp_N3_s2
single,active,0.004374316309162707,0.020800851542451027,4110456,0.985909319854728,0.9883106252746943,557862,2504,5469,490208,1945,3853,17980.434718895704,1778.493296296119,ian_s005,ian,low,0,Bp_N3_s2
single,land,0.001083356004888457,0.007237692279194777,3684744,0.9580830443907863,0.9601084111379048,145620,2001,4370,93167,1318,2553,3991.8895388767123,193.02232805932405,ian_s005,ian,low,0,Bp_N3_s2
single,active,0.004386856651443263,0.020811335926119254,4110456,0.9860402589592104,0.9882811082026193,557448,2488,5404,490055,1932,3879,18031.981244064867,1780.2865983889853,ian_s006,ian,low,6,Bp_N3_s2
single,land,0.0010872937634339422,0.0072559515479342996,3684744,0.9584309635858409,0.9601457127230323,145209,1985,4313,93041,1302,2560,4006.399171050638,193.99747100988637,ian_s006,ian,low,6,Bp_N3_s2
single,active,0.004698834464799517,0.021057940967303502,4110456,0.9818818221027836,0.9876634144612197,591898,3532,7390,501494,2208,4056,19314.352318841964,1822.7277749020939,ian_s024,ian,mid,6,Bp_N3_s2
single,land,0.0014221989409995935,0.007933988686381758,3684744,0.9506300241848847,0.9603252720565915,179632,3026,6303,104396,1584,2729,5240.439014654607,231.94791557953258,ian_s024,ian,mid,6,Bp_N3_s2
single,active,0.004558429171954267,0.02045242790732907,4110456,0.9844282526372735,0.9885807791455353,582309,3150,6061,505059,1922,3912,18737.22254043445,1719.411173645597,ian_s037,ian,low,-6,Bp_N3_s2
single,land,0.001255197573510257,0.00729731228598273,3684744,0.9555852433867525,0.9626355341829551,168807,2775,5071,105295,1373,2714,4625.081727806479,196.2154427216349,ian_s037,ian,low,-6,Bp_N3_s2
single,active,0.0046257571292589745,0.020784029899155423,4110456,0.9846206879156543,0.9883098974518334,585549,3169,5977,508861,2095,3924,19013.971146505326,1775.61792527921,ian_s041,ian,mid,0,Bp_N3_s2
single,land,0.0013217626707657222,0.007857041155222396,3684744,0.9566045617846103,0.9619186201267014,171744,2740,5051,108414,1519,2773,4870.357070527971,227.47065403675057,ian_s041,ian,mid,0,Bp_N3_s2
single,active,0.0047469630005395405,0.02063673564238828,4110456,0.9819817622060998,0.9881675628881403,603798,3566,7513,512522,2151,3986,19512.182547345757,1750.5398652076315,ian_s046,ian,mid,-6,Bp_N3_s2
single,land,0.0014525697506066338,0.00769141510245452,3684744,0.9514842722640839,0.9624212305958297,190294,3190,6513,112713,1603,2798,5352.34767312929,217.98159282164104,ian_s046,ian,mid,-6,Bp_N3_s2
single,active,0.004834023011119484,0.02099158833325067,4110456,0.9816411898368106,0.9878079785291964,608272,3804,7572,516751,2333,4045,19870.038890194148,1811.259203825479,ian_s049,ian,high,-6,Bp_N3_s2
single,land,0.001531119411048228,0.008256048022948433,3684744,0.950972001467172,0.9615632700990688,194450,3382,6643,116278,1749,2899,5641.783063143492,251.16073265118214,ian_s049,ian,high,-6,Bp_N3_s2
single,active,0.0047460135919822136,0.021185266851804663,4110456,0.9865674572277777,0.9886333638127011,582868,2806,5130,516816,2130,3812,19508.280045244843,1844.836494685134,ian_s059,ian,mid,0,Bp_N3_s2
single,land,0.0013073346768225692,0.008089072931055872,3684744,0.9616690038061987,0.9629216238383941,168018,2456,4241,113878,1580,2805,4817.193606413901,241.10422588349573,ian_s059,ian,mid,0,Bp_N3_s2
single,active,0.0048730864496919195,0.021631145323449844,4110456,0.9862602666434093,0.9883119269879103,588035,2854,5338,521634,2223,3946,20030.60743565485,1923.308866637577,ian_s063,ian,high,6,Bp_N3_s2
single,land,0.001424785147068264,0.008928907309063136,3684744,0.9609961596389727,0.9624708206141138,172913,2504,4514,117920,1664,2934,5249.968521948904,293.7676367304565,ian_s063,ian,high,6,Bp_N3_s2
single,active,0.004872044322761722,0.021253413908314433,4110456,0.9850178924079765,0.9885227763589655,597042,3356,5725,521770,2199,3859,20026.323818761855,1856.724226002786,ian_s068,ian,high,0,Bp_N3_s2
single,land,0.0014532393905820615,0.008334661435093507,3684744,0.9587514932717255,0.9636340043146097,182181,2996,4842,118818,1641,2843,5354.815125010908,255.966568415888,ian_s068,ian,high,0,Bp_N3_s2
single,active,0.004755803652392445,0.019264959434070125,4110456,0.9811078474613915,0.9868647552006885,627287,4645,7434,513671,2679,4158,19548.52165779844,1525.5491400349406,milton_s005,milton,low,0,Bp_N3_s2
single,land,0.0016716052723339567,0.008082086754298605,3684744,0.9503203169213356,0.9542950489199381,209902,4356,6617,109826,2253,3007,6159.437497600913,240.68794347793917,milton_s005,milton,low,0,Bp_N3_s2
single,active,0.004741465366977483,0.019285920266188437,4110456,0.9811198478540931,0.9874602121378223,625251,4767,7265,513425,2468,4052,19489.584766484797,1528.8706290161815,milton_s006,milton,low,6,Bp_N3_s2
single,land,0.0016569702469472983,0.008061628071487846,3684744,0.9501117412903491,0.9567646365628192,207893,4486,6430,109606,2053,2900,6105.511175617576,239.47094939478447,milton_s006,milton,low,6,Bp_N3_s2
single,active,0.006073048198619297,0.02064136460699158,4110456,0.9754503528199727,0.9862603163631359,848356,6131,15220,616391,3217,5370,24962.997406303883,1751.3252700326973,milton_s024,milton,mid,6,Bp_N3_s2
single,land,0.00299258413403557,0.010306414763313034,3684744,0.9552272213530009,0.9683128265632901,431031,5922,14281,212565,2856,4100,11026.906432382762,391.4015598531849,milton_s024,milton,mid,6,Bp_N3_s2
single,active,0.005815574974968902,0.020731740985248055,4110456,0.9754351398200407,0.98635439284101,778248,6854,12745,587377,3033,5093,23904.665049310774,1766.694887506823,milton_s037,milton,low,-6,Bp_N3_s2
single,land,0.0025846411437109034,0.009646645153960702,3684744,0.9508562761434411,0.9646223018704898,359843,6680,11918,180858,2727,3906,9523.740946441889,342.8940328596495,milton_s037,milton,low,-6,Bp_N3_s2
single,active,0.005825077504447777,0.02060158980330714,4110456,0.9755169428393098,0.9858144516215402,775216,7025,12431,589103,3285,5192,23943.72477862239,1744.5823529906302,milton_s041,milton,mid,0,Bp_N3_s2
single,land,0.0026338460356243464,0.00993967825558595,3684744,0.9505786416264406,0.9626553375658344,356236,6829,11692,181500,2934,4107,9705.048376690596,364.0424040093546,milton_s041,milton,mid,0,Bp_N3_s2
single,active,0.006296512724261086,0.0213101346259062,4110456,0.975082404471028,0.986560413125656,874450,6806,15540,637320,3365,5317,25881.538506515324,1866.6478328101775,milton_s046,milton,mid,-6,Bp_N3_s2
single,land,0.00309594171455186,0.010447079376393114,3684744,0.9553448539532039,0.9698671363061288,456031,6613,14703,230744,3039,4130,11407.752657044679,402.15836750950683,milton_s046,milton,mid,-6,Bp_N3_s2
single,active,0.006332242069638047,0.021199380762004196,4110456,0.9753047692311103,0.9860396823448547,879879,7014,15265,642677,3624,5475,26028.40240859613,1847.295423353482,milton_s049,milton,high,-6,Bp_N3_s2
single,land,0.003159853978216431,0.010691704783016693,3684744,0.9557752805260681,0.9685814249626018,460893,6818,14508,235035,3275,4349,11643.252987109125,421.21248703796704,milton_s049,milton,high,-6,Bp_N3_s2
single,active,0.005230800535145481,0.020507856753336856,4110456,0.9811126028486353,0.9876013128446715,654044,5295,7296,546743,2763,4101,21500.975444491953,1728.7434761272373,milton_s059,milton,mid,0,Bp_N3_s2
single,land,0.0019423924623076208,0.009133606699840499,3684744,0.9518785603472496,0.9604400104495421,233769,5098,6720,136030,2438,3165,7157.218971133232,307.3915561855982,milton_s059,milton,mid,0,Bp_N3_s2
single,active,0.005269968398441269,0.020303319927532013,4110456,0.9808331409249011,0.9876818548163715,658448,5887,6980,552688,2813,4080,21661.973223183304,1694.4319028364794,milton_s063,milton,high,6,Bp_N3_s2
single,land,0.0020217889694965096,0.009569896120077285,3684744,0.951333400020006,0.9610153197930089,237762,5714,6449,140955,2503,3215,7449.774774618447,337.4595845699161,milton_s063,milton,high,6,Bp_N3_s2
single,active,0.006138579093443876,0.02149762802644716,4110456,0.9755472703656146,0.9863933476412361,787851,7641,12107,604378,3436,4901,25232.35926612094,1899.6390637308375,milton_s068,milton,high,0,Bp_N3_s2
single,land,0.0028067166979722433,0.0105159377887427,3684744,0.9509541930426819,0.9648453454201324,367598,7470,11489,193712,3167,3891,10342.032512553036,407.47722207358447,milton_s068,milton,high,0,Bp_N3_s2
single,active,0.004224796771479255,0.017753158472813745,4110456,0.9839566067820693,0.9868603376314647,549832,2638,6327,470761,2121,4147,17365.841238107532,1295.5114726109532,dorian_s005,dorian,low,0,Bp_N3_s2
single,land,0.001054050316912542,0.006669716341669788,3684744,0.9545325018721131,0.9554344597527817,144038,2033,4828,83633,1412,2489,3883.9055809415877,163.91626455895587,dorian_s005,dorian,low,0,Bp_N3_s2
single,active,0.004245322063394341,0.017805382674233972,4110456,0.9837258564750677,0.9871499148639921,550311,2723,6381,470756,2063,4065,17450.20954741165,1303.1446568763874,dorian_s006,dorian,low,6,Bp_N3_s2
single,land,0.0010731921947825943,0.0067302638753471014,3684744,0.9538202580943266,0.9568571788326599,144499,2113,4883,83592,1363,2406,3954.438500571996,166.9058291085221,dorian_s006,dorian,low,6,Bp_N3_s2
single,active,0.0053496256001797065,0.019106009402124053,4110456,0.9723374476263236,0.9856747305128045,651645,4894,13645,506211,2373,4984,21989.400646012276,1500.4791946318019,dorian_s024,dorian,mid,6,Bp_N3_s2
single,land,0.002203442661744984,0.009137618405398378,3684744,0.9372810732846448,0.9598020426481648,245637,4334,12103,118692,1696,3275,8119.122127208859,307.66164340810667,dorian_s024,dorian,mid,6,Bp_N3_s2
single,active,0.0048167318639845,0.018436400126397648,4110456,0.9792907585444447,0.9858643347222278,591710,3475,9038,488829,2249,4760,19798.96439070627,1397.1474867282375,dorian_s037,dorian,low,-6,Bp_N3_s2
single,land,0.0015540933592413768,0.007771355387392996,3684744,0.9460735561001118,0.9554103346390383,184543,2954,7565,99270,1656,2977,5726.436180904508,222.53629853821587,dorian_s037,dorian,low,-6,Bp_N3_s2
single,active,0.004842498952424077,0.018657734728454285,4110456,0.9794468207576194,0.9860116659930873,592152,3359,9067,490386,2245,4712,19904.87887398526,1430.8952166069168,dorian_s041,dorian,mid,0,Bp_N3_s2
single,land,0.0015608458029708733,0.007869915445085118,3684744,0.9462099177708356,0.9556443918635271,184457,2870,7616,100163,1666,2983,5751.3172074221075,228.2167166749357,dorian_s041,dorian,mid,0,Bp_N3_s2
single,active,0.005315262251591218,0.019066323985764633,4110456,0.9747549437983296,0.9854720284793902,645279,4445,12267,509356,2427,5082,21848.15161362663,1494.2523267248012,dorian_s046,dorian,mid,-6,Bp_N3_s2
single,land,0.002064975579930457,0.00882032100029932,3684744,0.9418756008878303,0.9589092686522913,238060,3912,10779,119669,1847,3281,7608.906378295273,286.66594418655126,dorian_s046,dorian,mid,-6,Bp_N3_s2
single,active,0.005362474330671057,0.019347645031034706,4110456,0.9749341838039505,0.9856357209589028,648068,4616,12046,511678,2410,5047,22042.21478735283,1538.67261859877,dorian_s049,dorian,high,-6,Bp_N3_s2
single,land,0.0020868126624325324,0.008939216397139314,3684744,0.9422191032160178,0.9595481280040475,240329,4129,10609,121379,1834,3283,7689.370437022299,294.44638153916145,dorian_s049,dorian,high,-6,Bp_N3_s2
single,active,0.004566938830418848,0.0185776822436317,4110456,0.9844219007913757,0.9865945229681978,568355,2511,6483,491403,2142,4535,18772.201117128134,1418.642820117943,dorian_s059,dorian,mid,0,Bp_N3_s2
single,land,0.001223685352185902,0.007378722431855719,3684744,0.9572207297357398,0.9579871940614646,159271,1994,5124,98597,1511,2813,4508.967259354889,200.61789425722634,dorian_s059,dorian,mid,0,Bp_N3_s2
single,active,0.004616295582944417,0.018867985661536846,4110456,0.9843175481228763,0.9868827700009789,571543,2681,6425,493997,2152,4414,18975.079876687378,1463.3259652200888,dorian_s063,dorian,high,6,Bp_N3_s2
single,land,0.001271635954502957,0.007604562195745363,3684744,0.957157377204179,0.9591589355934792,161974,2170,5080,100493,1525,2754,4685.652953539044,213.0864100885715,dorian_s063,dorian,high,6,Bp_N3_s2
single,active,0.005044949212251133,0.019145931246906726,4110456,0.9796417176954437,0.9858087122406508,601212,3441,9053,500223,2329,4872,20737.041759192944,1506.756222816948,dorian_s068,dorian,high,0,Bp_N3_s2
single,land,0.0016599807294488678,0.008282900005174735,3684744,0.9476168865122979,0.957129992064412,192099,2969,7650,107345,1744,3064,6116.6040329523385,252.79714050002264,dorian_s068,dorian,high,0,Bp_N3_s2
single,active,0.007038514305459485,0.023011486214826803,4110456,0.97459845083029,0.983392549110476,1032244,14569,12335,763919,8852,4049,28931.503357961774,2176.6035910153278,irma_s005,irma,low,0,Bp_N5_s0
single,land,0.004561318466394085,0.013318649882221232,3684744,0.9596618368788685,0.9691996226649692,615363,14234,11632,358568,8251,3144,16807.290851134807,653.6236008876517,irma_s005,irma,low,0,Bp_N5_s0
single,active,0.0069784465004033855,0.022986009422201924,4110456,0.9744862939934809,0.9835629887937164,1017963,13851,12801,755339,8418,4205,28684.5972882621,2171.786676460449,irma_s006,irma,low,6,Bp_N5_s0
single,land,0.004497419934156244,0.013341555027340966,3684744,0.9591403373303298,0.9691472365969206,601193,13505,12106,350024,7821,3322,16571.841117862612,655.8737114126043,irma_s006,irma,low,6,Bp_N5_s0
single,active,0.008227785069527095,0.02487876850606288,4110456,0.9704722620817111,0.9804642145740794,1132151,16218,18229,828405,11813,4693,33819.94850574806,2544.179575598479,irma_s024,irma,mid,6,Bp_N5_s0
single,land,0.005838697545457994,0.015792614631066314,3684744,0.9553192029377544,0.9656396425224566,715151,15878,17570,422477,11221,3812,21514.10574844107,918.9997562133051,irma_s024,irma,mid,6,Bp_N5_s0
single,active,0.008018480530913393,0.023596695879343876,4110456,0.9730786392153213,0.9803868315514419,1118767,14740,16212,819423,11824,4569,32959.61140917614,2288.718574545152,irma_s037,irma,low,-6,Bp_N5_s0
single,land,0.005397439798186686,0.014963989002030418,3684744,0.9589521742999322,0.9648493342020033,700481,14466,15518,411707,11328,3671,19888.183911729604,825.0914390853753,irma_s037,irma,low,-6,Bp_N5_s0
single,active,0.008073026341174242,0.02457618382639722,4110456,0.973212299749024,0.9804549517468177,1111352,15992,14598,820480,12013,4343,33183.81956223771,2482.669434035078,irma_s041,irma,mid,0,Bp_N5_s0
single,land,0.005525405455349992,0.015097577823071098,3684744,0.9589620930882796,0.9647420118620625,692806,15700,13948,411530,11525,3515,20359.70459916815,839.8889629806235,irma_s041,irma,mid,0,Bp_N5_s0
single,active,0.00861907732955451,0.024106423432514564,4110456,0.9712215315744689,0.9805438543358754,1167654,16128,18471,854744,12087,4873,35428.338123731315,2388.6667549693175,irma_s046,irma,mid,-6,Bp_N5_s0
single,land,0.00603777343974956,0.016112865729913113,3684744,0.9570298479055883,0.96634523871325,749229,15858,17782,446753,11574,3985,22247.649455476552,956.6496050241584,irma_s046,irma,mid,-6,Bp_N5_s0
single,active,0.008694556326263555,0.025448350579633097,4110456,0.9713476702331377,0.9806532546472682,1176303,16557,18141,864590,12324,4733,35738.59121862799,2662.007543147813,irma_s049,irma,high,-6,Bp_N5_s0
single,land,0.006207696935931949,0.016207642762550493,3684744,0.9573353889313628,0.9665857950360526,757573,16282,17480,455375,11838,3904,22873.774038493633,967.9368671924249,irma_s049,irma,high,-6,Bp_N5_s0
single,active,0.008011287033644418,0.025187560579438335,4110456,0.975004964961557,0.9813706536351191,1065346,14728,12583,796450,10785,4334,32930.0428551659,2607.727577068042,irma_s059,irma,mid,0,Bp_N5_s0
single,land,0.005260383802320091,0.015222052245420637,3684744,0.9606081887355042,0.9653390149141496,645619,14473,12002,385122,10293,3535,19383.167653296143,853.7952547782444,irma_s059,irma,mid,0,Bp_N5_s0
single,active,0.008144671549180072,0.025938075651327767,4110456,0.974574693919671,0.981537214742232,1057741,14088,13507,799359,10536,4500,33478.314037356526,2765.448077908783,irma_s063,irma,high,6,Bp_N5_s0
single,land,0.005403479996365947,0.01571936338999419,3684744,0.9596559951140115,0.9654617652487542,637939,13845,12974,387071,10073,3774,19910.440495729446,910.4942929632921,irma_s063,irma,high,6,Bp_N5_s0
single,active,0.008631484429825352,0.025690439981925692,4110456,0.9732157981159796,0.9800950090493143,1126108,16066,14926,839913,12359,4699,35479.3369634822,2712.8956429809946,irma_s068,irma,high,0,Bp_N5_s0
single,land,0.0059506301000115044,0.01627109686113646,3684744,0.9590538457882695,0.9644549709682576,706300,15811,14344,428381,11872,3916,21926.54855723679,975.5307898028016,irma_s068,irma,high,0,Bp_N5_s0
single,active,0.005696658049343888,0.01886277553713801,4110456,0.9755736044018786,0.984558247144151,871436,10741,11078,646840,6639,3506,23415.86225887388,1462.5179237251377,matthew_s005,matthew,low,0,Bp_N5_s0
single,land,0.0033810238899686347,0.011299672936515525,3684744,0.9563218052448317,0.9658220810166799,454819,10407,10366,243194,5947,2659,12458.207492418587,470.47772547236696,matthew_s005,matthew,low,0,Bp_N5_s0
single,active,0.0056401591263264906,0.018788830995682928,4110456,0.9755547794805776,0.9852702339005807,854785,10571,10848,636991,5855,3668,23183.62592176348,1451.073876655223,matthew_s006,matthew,low,6,Bp_N5_s0
single,land,0.003297333475688655,0.01128297274330378,3684744,0.9555549256341431,0.9668805544501924,438228,10266,10117,233258,5183,2807,12149.829740542918,469.0880812164863,matthew_s006,matthew,low,6,Bp_N5_s0
single,active,0.00715248645026084,0.02084562355521452,4110456,0.9680522909927928,0.982078359643121,994211,14911,17900,720545,8958,4191,29399.980844393373,1786.1576382272474,matthew_s024,matthew,mid,6,Bp_N5_s0
single,land,0.004842467074076431,0.013873013807513723,3684744,0.9477687052267417,0.9643548692513026,577230,14603,17208,315751,8295,3376,17843.251496400684,709.1677172101753,matthew_s024,matthew,mid,6,Bp_N5_s0
single,active,0.00673988094579286,0.019951845222941432,4110456,0.9718191980965704,0.9829358527362042,975378,12917,15367,719742,8381,4114,27703.984072919935,1636.2744079731435,matthew_s037,matthew,low,-6,Bp_N5_s0
single,land,0.004370966750931257,0.012902105681104541,3684744,0.9530474218470355,0.9654923467806903,556472,12696,14719,311603,7828,3309,16105.893509693444,613.3784448898098,matthew_s037,matthew,low,-6,Bp_N5_s0
single,active,0.006750959933682628,0.020331698922063674,4110456,0.9717000607164542,0.9828591870475675,960234,13642,14324,711593,8733,3677,27749.52376516536,1699.1720025054617,matthew_s041,matthew,mid,0,Bp_N5_s0
single,land,0.0043732614422042,0.012994572198679525,3684744,0.9523199094051902,0.9645904518296524,541571,13401,13714,303192,8148,2982,16114.348859593272,622.2018430392741,matthew_s041,matthew,mid,0,Bp_N5_s0
single,active,0.0074413921586753955,0.02097859686811229,4110456,0.9681912283606048,0.9821711440646683,1041036,14988,19214,758298,9513,4252,30587.515046980232,1809.017960436217,matthew_s046,matthew,mid,-6,Bp_N5_s0
single,land,0.005092984647676867,0.014122475609799552,3684744,0.949093184193861,0.9656596554094532,621955,14770,18590,349788,8983,3456,18766.34462261945,734.9012516872358,matthew_s046,matthew,mid,-6,Bp_N5_s0
single,active,0.007490059279058585,0.021304652395142853,4110456,0.968541585800487,0.9823021541832916,1043005,15034,18843,760239,9687,4010,30787.559103962034,1865.6875312414666,matthew_s049,matthew,high,-6,Bp_N5_s0
single,land,0.005137736904884686,0.014110807369749992,3684744,0.9497239174658529,0.9659192357030822,624188,14794,18249,351640,9120,3287,18931.245233852416,733.6873764370484,matthew_s049,matthew,high,-6,Bp_N5_s0
single,active,0.006301404730321922,0.020079444678954006,4110456,0.976014800092663,0.9840916767467977,901621,11327,10830,681761,7182,3839,25901.646882180125,1657.270497257335,matthew_s059,matthew,mid,0,Bp_N5_s0
single,land,0.0037562915753442017,0.012195185381769126,3684744,0.9573556064291505,0.9652924701642971,481749,11131,10328,270557,6639,3089,13840.972844500095,548.0045108648081,matthew_s059,matthew,mid,0,Bp_N5_s0
single,active,0.006288695197697515,0.02051077886016377,4110456,0.9757888566152002,0.9850522054901617,885544,10936,11036,674086,6236,3993,25849.404907546937,1729.2361588162732,matthew_s063,matthew,high,6,Bp_N5_s0
single,land,0.0037193562627123446,0.012406519096776406,3684744,0.9564102406289301,0.9669630670635023,466184,10703,10544,262837,5699,3281,13704.875672891736,567.1621198643059,matthew_s063,matthew,high,6,Bp_N5_s0
single,active,0.007106093994384588,0.021143675345937148,4110456,0.9715645058630811,0.9828825066681036,973871,14035,14468,729633,8762,3945,29209.286695782095,1837.5999364055976,matthew_s068,matthew,high,0,Bp_N5_s0
single,land,0.004605982966878095,0.01356160449311638,3684744,0.9521764544079219,0.965243993116781,553862,13832,13986,318045,8224,3228,16971.86810130626,677.687491254322,matthew_s068,matthew,high,0,Bp_N5_s0
single,active,0.003991190702137479,0.02001354972456301,4110456,0.9866473866121183,0.988407318898303,559508,3749,3823,491361,3063,2700,16405.613768745214,1646.4109765244511,ian_s005,ian,low,0,Bp_N5_s0
single,land,0.001107520345566738,0.0074014833315878955,3684744,0.9600318804222849,0.9601929543062128,146954,3082,3036,93952,2127,1768,4080.9289482049644,201.8574818655352,ian_s005,ian,low,0,Bp_N5_s0
single,active,0.003999483254421646,0.020029284519053937,4110456,0.9867362535343516,0.988405808766271,559067,3730,3785,491211,3039,2723,16439.699940036982,1649.0008341395137,ian_s006,ian,low,6,Bp_N5_s0
single,land,0.001109874716708196,0.007419672278997086,3684744,0.9603158998558133,0.9601465591353829,146525,3058,2997,93814,2107,1787,4089.6042031422257,202.85081964823786,ian_s006,ian,low,6,Bp_N5_s0
single,active,0.004293814436212608,0.02027248000750179,4110456,0.9827769839379746,0.9877590156912521,594242,5368,5046,502716,3396,2834,17649.53531221673,1689.288265531459,ian_s024,ian,mid,6,Bp_N5_s0
single,land,0.001451426379456729,0.008093543120739607,3684744,0.9530141843971631,0.9600197073099522,181675,4697,4260,105222,2479,1903,5348.134643144906,241.3707779184919,ian_s024,ian,mid,6,Bp_N5_s0
single,active,0.004189243986663652,0.01970644575514722,4110456,0.9852453734706855,0.9886670506799965,584084,4461,4286,506331,3164,2640,17219.703080445528,1596.2709425412618,ian_s037,ian,low,-6,Bp_N5_s0
single,land,0.001282039678906417,0.007407741451132133,3684744,0.957777052941772,0.9624986402697705,170310,3940,3568,106179,2307,1830,4723.988014612347,202.198976197984,ian_s037,ian,low,-6,Bp_N5_s0
single,active,0.0042829458068060445,0.020171421679712483,4110456,0.9852864692559349,0.9884727174081538,587280,4524,4246,510131,3295,2654,17604.860289260745,1672.488038238161,ian_s041,ian,mid,0,Bp_N5_s0
single,land,0.0013558554780582132,0.008021301804194384,3684744,0.9583766736748921,0.9622897282642183,173217,3945,3578,109319,2416,1868,4995.980337642133,237.0811551378328,ian_s041,ian,mid,0,Bp_N5_s0
single,active,0.004364649271322802,0.019871863962365288,4110456,0.9827559656286422,0.9881625281993388,606271,5598,5040,513804,3451,2704,17940.69878520444,1623.1819871479386,ian_s046,ian,mid,-6,Bp_N5_s0
single,land,0.0014853727975497875,0.007804457544824983,3684744,0.9534242097025054,0.9618842812875696,192483,5079,4324,113612,2603,1899,5473.218503534794,224.4361267949374,ian_s046,ian,mid,-6,Bp_N5_s0
single,active,0.004468615486890534,0.020359175742868874,4110456,0.982397606254625,0.9878332274938546,610678,5776,5166,517999,3583,2797,18368.04733978212,1703.7677219711131,ian_s049,ian,high,-6,Bp_N5_s0
single,land,0.0015705727389426494,0.008418826282724012,3684744,0.9530667545675325,0.9613459581870097,196611,5200,4482,117165,2699,2012,5787.158476382494,261.1622591626422,ian_s049,ian,high,-6,Bp_N5_s0
single,active,0.004408994766204771,0.020709097215412114,4110456,0.9870901812408155,0.9884362725825722,584387,4032,3611,517907,3338,2721,18122.978990714997,1762.837730950682,ian_s059,ian,mid,0,Bp_N5_s0
single,land,0.0013391455939471655,0.008255362366762702,3684744,0.9629484269861043,0.9624125140564945,169295,3550,2964,114683,2479,2000,4934.408692423254,251.11901710918204,ian_s059,ian,mid,0,Bp_N5_s0
single,active,0.004493131888928089,0.020985421742353426,4110456,0.9868322607101909,0.9881070984987835,589578,4072,3795,522680,3391,2900,18468.820931635797,1810.1951915393695,ian_s063,ian,high,6,Bp_N5_s0
single,land,0.0014557883241534822,0.009091040473513392,3684744,0.9624265323257767,0.9614583755316994,174230,3605,3197,118668,2571,2186,5364.207292694598,304.53309960722675,ian_s063,ian,high,6,Bp_N5_s0
single,active,0.004538361268607529,0.020786600313961057,4110456,0.9853658376004648,0.988277676553085,598660,4784,4107,522874,3447,2755,18654.73430671543,1776.0571429720153,ian_s068,ian,high,0,Bp_N5_s0
single,land,0.0014908496516449169,0.008500695821963533,3684744,0.9594285923362795,0.9628404481359861,183555,4294,3468,119631,2587,2030,5493.399308800697,266.2663425227242,ian_s068,ian,high,0,Bp_N5_s0
single,active,0.004389802894546207,0.018512212302342877,4110456,0.9815729222553558,0.9863343666648158,629361,6455,5360,515122,4430,2707,18044.091646704823,1408.6615098980044,milton_s005,milton,low,0,Bp_N5_s0
single,land,0.0016967095917500888,0.008169726550555681,3684744,0.9515810853925415,0.9520621432556543,211762,6018,4757,110920,3672,1913,6251.94048794359,245.93614501692934,milton_s005,milton,low,0,Bp_N5_s0
single,active,0.004379791277116316,0.01853789441208203,4110456,0.9816493377457538,0.9869273151822584,627377,6589,5139,514803,4145,2674,18002.939333770424,1412.5727111590243,milton_s006,milton,low,6,Bp_N5_s0
single,land,0.00168613389336074,0.00815572550022629,3684744,0.9515196320771404,0.9544364301490889,209792,6158,4531,110623,3398,1883,6212.9717467576265,245.09391027336812,milton_s006,milton,low,6,Bp_N5_s0
single,active,0.005533598377575789,0.019401075462695618,4110456,0.976812673249181,0.9854247941048981,852777,9444,10799,618358,5743,3403,22745.61265269667,1547.1827458273267,milton_s024,milton,mid,6,Bp_N5_s0
single,land,0.0031050755113579266,0.010413445177331396,3684744,0.9577271376855448,0.9657122498771089,435196,9093,10116,214138,5076,2527,11441.408360023052,399.57305150068277,milton_s024,milton,mid,6,Bp_N5_s0
single,active,0.005244103585067829,0.019378204508886707,4110456,0.9760749119978822,0.9857743372457671,781673,9840,9320,589081,5112,3389,21555.65704586357,1543.5371038050089,milton_s037,milton,low,-6,Bp_N5_s0
single,land,0.0026753041535550635,0.009677034763723277,3684744,0.9521366714398862,0.9624736539060891,363044,9533,8717,182203,4543,2561,9857.810927987099,345.0578585800025,milton_s037,milton,low,-6,Bp_N5_s0
single,active,0.005295487944422101,0.019444831704704152,4110456,0.9761979408334482,0.9852781034301619,778430,9763,9217,590823,5356,3472,21766.87019407749,1554.169497174632,milton_s041,milton,mid,0,Bp_N5_s0
single,land,0.002726281704314038,0.010002930673366424,3684744,0.951887202425116,0.9607339468818289,359227,9456,8701,182893,4761,2714,10045.650152280927,368.69040726975794,milton_s041,milton,mid,0,Bp_N5_s0
single,active,0.005746777698675188,0.019908985039129072,4110456,0.9764168602397084,0.9851644853964588,878948,10187,11042,639156,6144,3481,23621.876872185618,1629.2519301992618,milton_s046,milton,mid,-6,Bp_N5_s0
single,land,0.0032321347364110274,0.01052938226064055,3684744,0.9577229175119378,0.9658118236189557,460296,9881,10438,232214,5560,2660,11909.589077182114,408.51979538365714,milton_s046,milton,mid,-6,Bp_N5_s0
single,active,0.005808645561702237,0.019968774437844207,4110456,0.9764705622528542,0.9847480673450056,884281,10445,10863,644557,6388,3595,23876.18200097233,1639.0523558688085,milton_s049,milton,high,-6,Bp_N5_s0
single,land,0.0033099123729772623,0.010820548813589587,3684744,0.9578105563198696,0.9648491671153313,465063,10147,10338,236554,5788,2830,12196.17975685373,431.42558579669185,milton_s049,milton,high,-6,Bp_N5_s0
single,active,0.004807033855864811,0.019726707305026642,4110456,0.9815855820808427,0.9870044033029274,656028,6995,5312,548049,4421,2795,19759.10115504265,1599.5551015129479,milton_s059,milton,mid,0,Bp_N5_s0
single,land,0.001966668347171975,0.009148260452231395,3684744,0.9531047093519533,0.9582293436239453,235597,6700,4892,137068,3848,2127,7246.669392231852,308.37869156601636,milton_s059,milton,mid,0,Bp_N5_s0
single,active,0.0048880017934547415,0.0198117809918244,4110456,0.9812415407906603,0.9873000597036206,660457,7655,4971,553979,4337,2789,20091.916299916804,1613.3813805792672,milton_s063,milton,high,6,Bp_N5_s0
single,land,0.002062039395475592,0.009672353993622436,3684744,0.9523415857521572,0.9594196434605144,239612,7392,4599,141973,3808,2197,7598.087290242314,344.7241311671881,milton_s063,milton,high,6,Bp_N5_s0
single,active,0.005591025828923658,0.020311302478879644,4110456,0.9760836516914937,0.9854705719722227,791026,10450,8932,605956,5611,3323,22981.665664654225,1695.764546824734,milton_s068,milton,high,0,Bp_N5_s0
single,land,0.0029068131274232445,0.010542558272530632,3684744,0.9519984381381991,0.9621096255365337,370593,10192,8494,195010,5087,2593,10710.862230394036,409.54284295901755,milton_s068,milton,high,0,Bp_N5_s0
single,active,0.0037908905445460032,0.016877874899723408,4110456,0.9853096912106379,0.9869456938354317,551735,3802,4424,471990,3325,2918,15582.288784172386,1170.915434620708,dorian_s005,dorian,low,0,Bp_N5_s0
single,land,0.0010670330562499008,0.0068326824366559845,3684744,0.958569358450797,0.9547846159068536,145530,2954,3336,84381,2255,1741,3931.743651818484,172.02429759687396,dorian_s005,dorian,low,0,Bp_N5_s0
single,active,0.003809060641037242,0.016957186055747437,4110456,0.9849768641567458,0.9872488092822644,552180,3910,4512,471977,3252,2844,15656.976166315377,1181.945834247629,dorian_s006,dorian,low,6,Bp_N5_s0
single,land,0.0010855572054535411,0.006895389725334812,3684744,0.9573704682754685,0.9560741093498424,145954,3071,3428,84320,2196,1678,4000.000399451703,175.19631014750908,dorian_s006,dorian,low,6,Bp_N5_s0
single,active,0.004843319123110271,0.01827420740486655,4110456,0.9747269556840936,0.9859804191893498,655692,7403,9598,507774,3799,3421,19908.25014950335,1372.6730369699483,dorian_s024,dorian,mid,6,Bp_N5_s0
single,land,0.002203740734097581,0.009253505441619424,3684744,0.9430113750278986,0.9596226747773957,249286,6611,8454,119735,2806,2232,8120.220447521657,315.5149118956086,dorian_s024,dorian,mid,6,Bp_N5_s0
single,active,0.0042440239997077215,0.017029355619737462,4110456,0.9811305499959575,0.9859016413224703,594623,5311,6125,490211,3632,3378,17444.873913742602,1192.0279356270064,dorian_s037,dorian,low,-6,Bp_N5_s0
single,land,0.0015453627876038988,0.007798735478011864,3684744,0.9510163821067938,0.9544683850564859,187044,4570,5064,100202,2735,2045,5694.26625944674,224.10714359094908,dorian_s037,dorian,low,-6,Bp_N5_s0
single,active,0.004317800709139476,0.017530893430547062,4110456,0.9813233152640874,0.9857637475766695,595046,5152,6173,491696,3699,3402,17748.129831686616,1263.275586079204,dorian_s041,dorian,mid,0,Bp_N5_s0
single,land,0.0015602029132913817,0.007956469306814526,3684744,0.9511826567420847,0.9537937284071816,186954,4476,5119,101043,2792,2103,5748.948323532939,233.2642069312072,dorian_s041,dorian,mid,0,Bp_N5_s0
single,active,0.004731663954927476,0.017767876107185786,4110456,0.9770414154857904,0.9853608382651369,648947,6650,8599,510815,3966,3623,19449.296493515372,1297.660359814988,dorian_s046,dorian,mid,-6,Bp_N5_s0
single,land,0.0020552467257801024,0.008849548960234379,3684744,0.9471886825040431,0.9575904723366102,241302,5917,7537,120688,3083,2262,7573.0580413378775,288.5689458901714,dorian_s046,dorian,mid,-6,Bp_N5_s0
single,active,0.004823669789828642,0.018337022712633492,4110456,0.9769588777367612,0.9854321755898192,651571,6824,8543,513083,3943,3642,19827.48242961988,1382.1260404298416,dorian_s049,dorian,high,-6,Bp_N5_s0
single,land,0.002086991772364516,0.009024147556452642,3684744,0.9469118802561051,0.958110509955605,243434,6144,7504,122367,3055,2295,7690.030411269516,300.0680087383074,dorian_s049,dorian,high,-6,Bp_N5_s0
single,active,0.004192113346499408,0.017648279395292475,4110456,0.9853096956699805,0.9861951615001951,570180,3843,4658,492639,3597,3299,17231.49745779857,1280.2498832399135,dorian_s059,dorian,mid,0,Bp_N5_s0
single,land,0.0012395938038730632,0.007483684309643406,3684744,0.9596093460845063,0.955254002729352,160748,3119,3647,99398,2644,2012,4567.585831258446,206.366043753098,dorian_s059,dorian,mid,0,Bp_N5_s0
single,active,0.004287176732917435,0.01833612963183353,4110456,0.9853333081328318,0.9863214800768084,573463,4031,4505,495161,3617,3250,17622.25132488087,1381.9914144122522,dorian_s063,dorian,high,6,Bp_N5_s0
single,land,0.0012964199047828695,0.0077785068660201654,3684744,0.959998356498873,0.9562281612994618,163553,3314,3501,101255,2643,1992,4776.97546562925,222.94605868022316,dorian_s063,dorian,high,6,Bp_N5_s0
single,active,0.004552106641909217,0.018001403818820545,4110456,0.9811408716783324,0.9854762896646047,604007,5352,6258,501501,3797,3594,18711.23405887559,1331.9954841782835,dorian_s068,dorian,high,0,Bp_N5_s0
single,land,0.0016648801432285806,0.008349471944706094,3684744,0.9515269808191837,0.9545374324944407,194514,4674,5235,108172,2915,2237,6134.657118480653,256.8770705662455,dorian_s068,dorian,high,0,Bp_N5_s0
single,active,0.007018031245739738,0.023090560929849038,4110456,0.9748035875423519,0.983975661060405,1030576,12635,14003,762958,7415,5010,28847.30864223838,2191.5882840121903,irma_s005,irma,low,0,Bp_N5_s1
single,land,0.004364289982789712,0.01308140328004534,3684744,0.9600340335549581,0.9705822516987427,613816,12374,13179,357810,6943,3902,16081.291328344494,630.5448593749275,irma_s005,irma,low,0,Bp_N5_s1
single,active,0.006988024571265671,0.023104074708568095,4110456,0.9746006996386735,0.9840630849807914,1016337,12060,14427,754368,7041,5176,28723.967527106404,2194.1542940619556,irma_s006,irma,low,6,Bp_N5_s1
single,land,0.00432316877874028,0.01313677985317672,3684744,0.9593628468083949,0.9703332027527498,599691,11794,13608,349253,6585,4093,15929.770218450576,635.8946402002705,irma_s006,irma,low,6,Bp_N5_s1
single,active,0.008194788539144935,0.02490954867858092,4110456,0.970556388937308,0.9809045500191477,1130309,14219,20071,827341,10349,5757,33684.317719459534,2550.478820613744,irma_s024,irma,mid,6,Bp_N5_s1
single,land,0.005599157346970116,0.015473383888860336,3684744,0.9555111503377044,0.9666289891025479,713441,13938,19280,421602,9868,4687,20631.461439304054,882.2220761060802,irma_s024,irma,mid,6,Bp_N5_s1
single,active,0.008059105223084641,0.024124326145584133,4110456,0.9730180164482854,0.9811329123863665,1116869,12861,18110,818413,10159,5579,33126.5974188596,2392.215974530756,irma_s037,irma,low,-6,Bp_N5_s1
single,land,0.005185132204653198,0.0147394337611549,3684744,0.9589303923331243,0.9664415007714597,698716,12642,17283,410900,9790,4478,19105.884780302644,800.5139782717121,irma_s037,irma,low,-6,Bp_N5_s1
single,active,0.008018345453896937,0.024714357373225908,4110456,0.9732605729877217,0.9812221412074867,1109337,13865,16613,819555,10416,5268,32959.05618104339,2510.6643066809,irma_s041,irma,mid,0,Bp_N5_s1
single,land,0.0052725038901754095,0.014790419066449772,3684744,0.9590722260550173,0.9663732303247875,690907,13637,15847,410784,10033,4261,19427.827074300498,806.0616866910082,irma_s041,irma,mid,0,Bp_N5_s1
single,active,0.00865338450546488,0.024637896005224386,4110456,0.9711231488023034,0.9812444758096495,1165643,14179,20482,853719,10420,5898,35569.356260795146,2495.153333228396,irma_s046,irma,mid,-6,Bp_N5_s1
single,land,0.005799291634917088,0.015842784950992922,3684744,0.9569485756869955,0.9677839414537595,747351,13962,19660,445920,10026,4818,21368.90505601093,924.848027565797,irma_s046,irma,mid,-6,Bp_N5_s1
single,active,0.008679646505954118,0.025651442078925557,4110456,0.9713651468960851,0.9813321031239667,1174464,14642,19980,863638,10744,5685,35677.30505827814,2704.665582189235,irma_s049,irma,high,-6,Bp_N5_s1
single,land,0.005943025280631779,0.015881572018743923,3684744,0.9574099407204743,0.9679394091669825,755856,14427,19197,454585,10363,4694,21898.526744656265,929.382085835011,irma_s049,irma,high,-6,Bp_N5_s1
single,active,0.008002805282664532,0.0254497021720642,4110456,0.9749961959899317,0.9820409987125411,1063676,13025,14253,795574,9339,5210,32895.17899096012,2662.2903154855567,irma_s059,irma,mid,0,Bp_N5_s1
single,land,0.005054383028714066,0.015010335909683753,3684744,0.9605907656327373,0.9667499949701225,644030,12831,13591,384403,8967,4254,18624.107538755983,830.2103490807456,irma_s059,irma,mid,0,Bp_N5_s1
single,active,0.008159279947095114,0.026102653847573577,4110456,0.9746865688164802,0.9819379559934431,1056531,12722,14717,798509,9338,5350,33538.3612142168,2800.653185645754,irma_s063,irma,high,6,Bp_N5_s1
single,land,0.005200644968304405,0.015504396540139773,3684744,0.9598458345328837,0.9663797868535512,636803,12530,14110,386377,8974,4468,19163.04534308985,885.7620210964237,irma_s063,irma,high,6,Bp_N5_s1
single,active,0.008583653743958324,0.02592026632027128,4110456,0.9733605404249536,0.9807363644227689,1124320,14057,16714,838967,10834,5645,35282.731033775955,2761.6518153816633,irma_s068,irma,high,0,Bp_N5_s1
single,land,0.005694001797392632,0.015973506356004447,3684744,0.9592850617497417,0.9657082843978679,704592,13853,16052,427577,10463,4720,20980.938958931714,940.1731369063257,irma_s068,irma,high,0,Bp_N5_s1
single,active,0.0058925136597943895,0.01926915236079164,4110456,0.9752278692917747,0.9848439567946036,869756,9335,12758,645904,5498,4442,24220.91812798381,1526.2132693170954,matthew_s005,matthew,low,0,Bp_N5_s1
single,land,0.003300248317757624,0.011240518154986688,3684744,0.9557532386478645,0.9667618189501885,453287,9087,11898,242489,4973,3364,12160.570187367499,465.5646349190885,matthew_s005,matthew,low,0,Bp_N5_s1
single,active,0.005849695391478636,0.019235281144475373,4110456,0.975322813363913,0.9855690039622095,853070,9021,12563,636034,4688,4625,24044.91552007571,1520.8524455003724,matthew_s006,matthew,low,6,Bp_N5_s1
single,land,0.003224128031975588,0.011219018265549177,3684744,0.9552235867506093,0.9678649328160642,436669,8793,11676,232516,4171,3549,11880.086421053857,463.78535476450986,matthew_s006,matthew,low,6,Bp_N5_s1
single,active,0.007250224566966325,0.020964300491906764,4110456,0.9676659182196454,0.9824411678760354,992084,13123,20027,719479,7602,5257,29801.72907263413,1806.5532017866667,matthew_s024,matthew,mid,6,Bp_N5_s1
single,land,0.004738539318120094,0.01372136210603669,3684744,0.9471769877990549,0.9653021311033181,575249,12892,19189,314897,7089,4230,17460.304321207106,693.7480434965704,matthew_s024,matthew,mid,6,Bp_N5_s1
single,active,0.006994539147103961,0.020716049433245433,4110456,0.9714858387451613,0.983363594197029,973252,11073,17493,718708,7011,5148,28750.74540444836,1764.0215284810263,matthew_s037,matthew,low,-6,Bp_N5_s1
single,land,0.004277067046220644,0.012846761149588944,3684744,0.9525519293441381,0.9665584294405255,554470,10898,16721,310764,6604,4148,15759.897136159241,608.1274673938153,matthew_s037,matthew,low,-6,Bp_N5_s1
single,active,0.006890986967016705,0.020631598682085226,4110456,0.9715407630157666,0.9832117868918009,958253,11765,16305,710635,7499,4635,28325.09872449562,1749.668474040197,matthew_s041,matthew,mid,0,Bp_N5_s1
single,land,0.004260265341772157,0.012898555484823373,3684744,0.952083575896779,0.9655392591930427,539700,11577,15585,302432,7052,3742,15697.987156502903,613.040931878022,matthew_s041,matthew,mid,0,Bp_N5_s1
single,active,0.007649943195100849,0.021629441068257867,4110456,0.9678545272938357,0.9827638562659781,1038746,12996,21504,757308,8040,5242,31444.754905961454,1923.0058147234781,matthew_s046,matthew,mid,-6,Bp_N5_s1
single,land,0.004972149074027687,0.014011896744727992,3684744,0.9485897773397085,0.9670631137910395,619782,12827,20763,348986,7628,4258,18321.096467629075,723.4377663563276,matthew_s046,matthew,mid,-6,Bp_N5_s1
single,active,0.007602557955705035,0.0215791849046668,4110456,0.9683197258153347,0.9828075630154204,1040843,13048,21005,759267,8300,4982,31249.979964375496,1914.0799604425204,matthew_s049,matthew,high,-6,Bp_N5_s1
single,land,0.004997759861373236,0.013958985595480325,3684744,0.9493866177527579,0.9671398643806164,622134,12864,20303,350859,7853,4068,18415.465662635863,717.9844501406513,matthew_s049,matthew,high,-6,Bp_N5_s1
single,active,0.006535898466090459,0.020645403288243144,4110456,0.9757375868992944,0.9843849401422705,899954,9881,12497,680840,6040,4760,26865.523065332323,1752.010664300247,matthew_s059,matthew,mid,0,Bp_N5_s1
single,land,0.0036643997466792077,0.012167665776549264,3684744,0.9568962081416945,0.96615425381445,480182,9735,11895,269815,5621,3831,13502.37498017773,545.5340519723879,matthew_s059,matthew,mid,0,Bp_N5_s1
single,active,0.006457497942746206,0.020700148908785614,4110456,0.9756749567614879,0.985367910111307,883982,9441,12598,673160,5077,4919,26543.2611637488,1761.3146317678118,matthew_s063,matthew,high,6,Bp_N5_s1
single,land,0.0036284735752236163,0.012342894879175443,3684744,0.9562635422518257,0.967810073153889,464724,9251,12004,262082,4681,4036,13369.996235463768,561.3598931381897,matthew_s063,matthew,high,6,Bp_N5_s1
single,active,0.0072781894524886126,0.02155613010324755,4110456,0.9715409773143446,0.9832644282406533,971984,12117,16355,728713,7538,4865,29916.677504118532,1909.9922101013688,matthew_s068,matthew,high,0,Bp_N5_s1
single,land,0.004484565133035638,0.013478059758581818,3684744,0.9521124768677014,0.9662659260883335,552051,11969,15797,317314,7119,3959,16524.47446656227,669.3635750717178,matthew_s068,matthew,high,0,Bp_N5_s1
single,active,0.004035929037249071,0.02004326286611385,4110456,0.9864739349548131,0.9883752784816756,558654,2983,4677,490671,2381,3390,16589.508726734668,1651.3032977439304,ian_s005,ian,low,0,Bp_N5_s1
single,land,0.0010906301084641667,0.007376548597593131,3684744,0.9596669422463683,0.960244491242488,146259,2416,3731,93475,1625,2245,4018.6927483826876,200.4997042005086,ian_s005,ian,low,0,Bp_N5_s1
single,active,0.0040477832092797985,0.020055884012574077,4110456,0.9865819733265465,0.9884019657821721,558214,2954,4638,490535,2357,3399,16638.234779283404,1653.3835880396261,ian_s006,ian,low,6,Bp_N5_s1
single,land,0.0010940913743661693,0.007395469358466139,3684744,0.9599368046869857,0.9603407302243758,145824,2388,3698,93348,1602,2253,4031.4466271474957,201.52958211340243,ian_s006,ian,low,6,Bp_N5_s1
single,active,0.004355626976445248,0.02029743560234377,4110456,0.982719775759644,0.9878352584663217,593207,4350,6081,502008,2640,3542,17903.61303909123,1693.4498818153784,ian_s024,ian,mid,6,Bp_N5_s1
single,land,0.0014328874390446274,0.008066487357356763,3684744,0.952951470332439,0.9605436935945411,180793,3784,5142,104730,1907,2395,5279.823393695056,239.75972692148972,ian_s024,ian,mid,6,Bp_N5_s1
single,active,0.004228495365888577,0.01980213565100216,4110456,0.9849289013064322,0.9886390301134141,583072,3624,5298,505590,2429,3381,17381.044147688895,1611.8108175670504,ian_s037,ian,low,-6,Bp_N5_s1
single,land,0.0012666790107604404,0.007398563671487668,3684744,0.956872356405898,0.9627993002660447,169442,3201,4436,105673,1747,2336,4667.387884825468,201.69825999932868,ian_s037,ian,low,-6,Bp_N5_s1
single,active,0.004304423428730324,0.02014606868753136,4110456,0.9850223446792783,0.9883676934271162,586305,3694,5221,509380,2590,3405,17693.143109165132,1668.2864574649316,ian_s041,ian,mid,0,Bp_N5_s1
single,land,0.0013322062357415262,0.007986449502858154,3684744,0.9576446797517791,0.962128984328015,172377,3206,4418,108786,1881,2401,4908.8389339111745,235.02541076920707,ian_s041,ian,mid,0,Bp_N5_s1
single,active,0.004414410180763743,0.019972154245052002,4110456,0.9824882727445431,0.9882025728984689,605088,4562,6223,513056,2673,3452,18145.238813981414,1639.6072371702967,ian_s046,ian,mid,-6,Bp_N5_s1
single,land,0.001467756684131859,0.007792850224051223,3684744,0.9527285937515552,0.9625197868972443,191447,4139,5360,113098,1991,2413,5408.307635314763,223.7690298546735,ian_s046,ian,mid,-6,Bp_N5_s1
single,active,0.004510294090331054,0.02034418529548161,4110456,0.9821733554179207,0.9878292388547683,609580,4800,6264,517259,2836,3537,18539.365405365825,1701.259679593772,ian_s049,ian,high,-6,Bp_N5_s1
single,land,0.0015486724917995718,0.008387563241964007,3684744,0.9524708998057553,0.9615809520668788,195648,4318,5445,116634,2117,2543,5706.461672123522,259.22622524174284,ian_s049,ian,high,-6,Bp_N5_s1
single,active,0.00443630846138503,0.020657785406366615,4110456,0.9870238381159533,0.9884226036337507,583566,3240,4432,517203,2633,3425,18235.250732950866,1754.1128376591187,ian_s059,ian,mid,0,Bp_N5_s1
single,land,0.0013124810943094681,0.008206379165110545,3684744,0.9629136803632107,0.962109592273593,168611,2846,3648,114162,1975,2521,4836.156837370247,248.14782818804585,ian_s059,ian,mid,0,Bp_N5_s1
single,active,0.004561276228854997,0.02102697480052554,4110456,0.9866085717876744,0.988013377774497,588734,3352,4639,522006,2759,3574,18748.925242554396,1817.3709936197406,ian_s063,ian,high,6,Bp_N5_s1
single,land,0.001427775540357559,0.009044739060735227,3684744,0.9619655300489498,0.9612697534830382,173528,2962,3899,118191,2099,2663,5260.987355679274,301.43897506397224,ian_s063,ian,high,6,Bp_N5_s1
single,active,0.0045674228163465405,0.020731500071347976,4110456,0.9852725201874436,0.9883483237939493,597754,3922,5013,522180,2707,3449,18774.190519988537,1766.6538278695327,ian_s068,ian,high,0,Bp_N5_s1
single,land,0.0014639304630634253,0.008456687574048095,3684744,0.9593265526760504,0.9629420039127553,182792,3519,4231,119114,2037,2547,5394.208990190178,263.5165480272744,ian_s068,ian,high,0,Bp_N5_s1
single,active,0.004409498098504806,0.018482791905405,4110456,0.9813421000410939,0.9865537867713358,628056,5276,6665,514253,3433,3576,18125.04791598767,1404.1876579021118,milton_s005,milton,low,0,Bp_N5_s1
single,land,0.0016964825905808078,0.008197887240349548,3684744,0.950962550182214,0.9532678778240653,210584,4924,5935,110295,2869,2538,6251.104046747088,247.63452936128306,milton_s005,milton,low,0,Bp_N5_s1
single,active,0.00439530772322755,0.018504306411572708,4110456,0.9814970998589121,0.9870826491516147,626097,5384,6419,513969,3218,3508,18066.719002787024,1407.458590894787,milton_s006,milton,low,6,Bp_N5_s1
single,land,0.0016827733311056878,0.008177112486785085,3684744,0.951090425046954,0.9552985307908721,208635,5041,5688,110016,2658,2490,6200.588935151696,246.38102888719507,milton_s006,milton,low,6,Bp_N5_s1
single,active,0.005685873384444973,0.0197076435397419,4110456,0.976422997475327,0.9856320921589538,850855,7824,12721,617396,4635,4365,23371.532368332148,1596.4649954795045,milton_s024,milton,mid,6,Bp_N5_s1
single,land,0.003051216271391857,0.010407476847964496,3684744,0.9570156029872234,0.9665540479339142,433396,7550,11916,213419,4139,3246,11242.950848713517,399.1151626592479,milton_s024,milton,mid,6,Bp_N5_s1
single,active,0.005436626778574616,0.019761446085656238,4110456,0.9759392925220813,0.9860065181092118,779755,7986,11238,588145,4022,4325,22347.0151617527,1605.1937029654223,milton_s037,milton,low,-6,Bp_N5_s1
single,land,0.0026466399398280024,0.0097124302950208,3684744,0.9518284987049397,0.9634169648450357,361237,7758,10524,181475,3602,3289,9752.190638441592,347.5866999249531,milton_s037,milton,low,-6,Bp_N5_s1
single,active,0.005459049920615404,0.019732921531805364,4110456,0.9760328760925708,0.9855066894772718,776644,8068,11003,589877,4257,4418,22439.18450049311,1600.5630308770283,milton_s041,milton,mid,0,Bp_N5_s1
single,land,0.002695991540804292,0.01003455174772117,3684744,0.9515913125167993,0.9617124846232228,357569,7831,10359,182157,3802,3450,9934.03865402937,371.02508583523525,milton_s041,milton,mid,0,Bp_N5_s1
single,active,0.005921060942049538,0.020312737350703797,4110456,0.9761042996678865,0.9856993717607379,877018,8498,12972,638264,4887,4373,24338.260475613177,1696.0041464975604,milton_s046,milton,mid,-6,Bp_N5_s1
single,land,0.0031723322074272246,0.0105286543449762,3684744,0.9571809132511607,0.9674986314993335,458482,8258,12252,231535,4439,3339,11689.232067324221,408.4633138784564,milton_s046,milton,mid,-6,Bp_N5_s1
single,active,0.005969739765989098,0.02030037383226359,4110456,0.976245004713161,0.9851341857094095,882381,8708,12763,643599,5159,4553,24538.35263954848,1693.9402004299159,milton_s049,milton,high,-6,Bp_N5_s1
single,land,0.0032443560484650136,0.01080839159463494,3684744,0.9574640453176764,0.966131483749913,463291,8472,12110,235824,4707,3560,11954.621483445168,430.45669059987483,milton_s049,milton,high,-6,Bp_N5_s1
single,active,0.0048742258782486295,0.019810798915065306,4110456,0.9814594395258126,0.9871772440724741,654710,5738,6630,547296,3561,3548,20035.291006602347,1613.2214328101236,milton_s059,milton,mid,0,Bp_N5_s1
single,land,0.0019602641910915824,0.009186747537835032,3684744,0.9526738348340413,0.959136355013455,234353,5506,6136,136511,3132,2684,7223.071716539562,310.97887178307496,milton_s059,milton,mid,0,Bp_N5_s1
single,active,0.004922056258270628,0.019752114541948865,4110456,0.9812873906099051,0.9874858544282333,659222,6365,6206,553235,3478,3533,20231.89567914605,1603.6780852788495,milton_s063,milton,high,6,Bp_N5_s1
single,land,0.00203922516384677,0.009662758319591649,3684744,0.9524111928554881,0.9602431321946416,238459,6163,5752,141391,3075,2779,7514.022687133402,344.0404879553809,milton_s063,milton,high,6,Bp_N5_s1
single,active,0.005778191677551521,0.02068646267292722,4110456,0.9759784122304311,0.9858564497261225,789182,8648,10776,605097,4499,4182,23751.002650141716,1758.9863588051608,milton_s068,milton,high,0,Bp_N5_s1
single,land,0.002874095593413339,0.010586653386647311,3684744,0.9517799636678915,0.9634425660601854,368849,8449,10238,194336,4107,3267,10590.306493256241,412.9759005175436,milton_s068,milton,high,0,Bp_N5_s1
single,active,0.0038737593450056157,0.01701291292058772,4110456,0.9848193305412394,0.9868425461338068,550709,3039,5450,471241,2616,3667,15922.917342234403,1189.7271211167429,dorian_s005,dorian,low,0,Bp_N5_s1
single,land,0.0010554641234889685,0.00679029628329577,3684744,0.9571324647840751,0.9547714679076541,144728,2344,4138,83912,1765,2210,3889.1150962412357,169.89663184140974,dorian_s005,dorian,low,0,Bp_N5_s1
single,active,0.003893962650373847,0.01707859343165739,4110456,0.9845407141568401,0.9870463933505936,551139,3101,5553,471212,2575,3609,16005.962140005082,1198.931038641071,dorian_s006,dorian,low,6,Bp_N5_s1
single,land,0.0010745405234158895,0.006852375146612304,3684744,0.9562017827613696,0.9558035612503135,145139,2405,4243,83845,1724,2153,3959.4067464135587,173.01732088585996,dorian_s006,dorian,low,6,Bp_N5_s1
single,active,0.004976498972458166,0.018396261415485077,4110456,0.974095255688124,0.9857280928461555,653878,5977,11412,506888,3032,4307,20455.680060334504,1391.07052464475,dorian_s024,dorian,mid,6,Bp_N5_s1
single,land,0.002197919489514297,0.009226066478724494,3684744,0.9415076194422165,0.9593220338983051,247689,5337,10051,119143,2228,2824,8098.77065147087,313.6465245408908,dorian_s024,dorian,mid,6,Bp_N5_s1
single,active,0.004443540206299448,0.017562319955701018,4110456,0.9804211267396143,0.985768787617536,593244,4343,7504,489379,2855,4210,18264.976502224803,1267.8088343480574,dorian_s037,dorian,low,-6,Bp_N5_s1
single,land,0.0015510757201166621,0.007842228622616987,3684744,0.9491577351014343,0.954645180451632,185884,3733,6224,99643,2130,2604,5715.31695324555,226.6137817594727,dorian_s037,dorian,low,-6,Bp_N5_s1
single,active,0.004485924584795194,0.01788166373752129,4110456,0.980911573143396,0.9855951006475578,593837,4174,7382,490851,2927,4247,18439.19562511891,1314.3343286470295,dorian_s041,dorian,mid,0,Bp_N5_s1
single,land,0.0015594348156049143,0.007973488247069723,3684744,0.9503222080835646,0.9540423027265132,185960,3608,6113,100495,2190,2651,5746.118080191314,234.2631815466004,dorian_s041,dorian,mid,0,Bp_N5_s1
single,active,0.004938907771822508,0.01823705426095082,4110456,0.9763640449912742,0.9853709811741473,647303,5427,10243,509962,3095,4476,20301.16308413446,1367.097169867854,dorian_s046,dorian,mid,-6,Bp_N5_s1
single,land,0.0020563486488029345,0.008875701691216122,3684744,0.9456244924348148,0.9582103365192832,239869,4823,8970,120104,2392,2846,7577.11834558472,290.2770594961071,dorian_s046,dorian,mid,-6,Bp_N5_s1
single,active,0.005002349601973878,0.01862153143974822,4110456,0.9763868589565455,0.9854029763462041,650011,5617,10103,512244,3107,4481,20561.93793553114,1425.347613507416,dorian_s049,dorian,high,-6,Bp_N5_s1
single,land,0.00208347037787208,0.00902869376923659,3684744,0.9456654218166477,0.9586767101938652,242079,5050,8859,121797,2385,2865,7677.054974041879,300.37042326166954,dorian_s049,dorian,high,-6,Bp_N5_s1
single,active,0.004270292413808045,0.01792691810798122,4110456,0.9848102360910451,0.9861145917076486,569176,3117,5662,491871,2859,4067,17552.849074091762,1320.995301337729,dorian_s059,dorian,mid,0,Bp_N5_s1
single,land,0.0012309109849148075,0.007497154067606657,3684744,0.958259442101227,0.9557885581754928,159945,2517,4450,98905,2070,2505,4535.591866198927,207.10958185930036,dorian_s059,dorian,mid,0,Bp_N5_s1
single,active,0.004331454807047589,0.018417708862847076,4110456,0.984815170377711,0.9863767664919126,572412,3270,5556,494447,2865,3964,17804.254400357604,1394.3159996714976,dorian_s063,dorian,high,6,Bp_N5_s1
single,land,0.001283149257534346,0.0077617368694769,3684744,0.9587327586714823,0.9567499833872851,162719,2669,4335,100785,2094,2462,4728.076527804136,221.98577815906108,dorian_s063,dorian,high,6,Bp_N5_s1
single,active,0.004715217783072844,0.01842638234895146,4110456,0.9805157621091195,0.9853674569092763,602725,4437,7540,500679,3019,4416,19381.69522773847,1395.629564584982,dorian_s068,dorian,high,0,Bp_N5_s1
single,land,0.0016636686249883756,0.008385215462273062,3684744,0.9500260281103592,0.9552585809108011,193450,3877,6299,107650,2283,2759,6130.192983914167,259.0811244845015,dorian_s068,dorian,high,0,Bp_N5_s1
single,active,0.00677644926747953,0.0227503833710698,4110456,0.9744771307371822,0.9838385765366758,1030073,12473,14506,763260,7830,4708,27854.29655020684,2127.4895843652184,irma_s005,irma,low,0,Bp_N5_s2
single,land,0.004400599707367073,0.013110882599870468,3684744,0.9595132009587044,0.9703136643858817,613317,12201,13678,358070,7313,3642,16215.083368122578,633.389963605763,irma_s005,irma,low,0,Bp_N5_s2
single,active,0.006740008470449853,0.022749937438804598,4110456,0.9742341008309229,0.9838119226226328,1015830,11932,14934,754629,7502,4915,27704.50825741142,2127.406182961722,irma_s006,irma,low,6,Bp_N5_s2
single,land,0.00435897248439929,0.013173412280943078,3684744,0.9587775681613439,0.9698157922487332,599189,11652,14110,349477,7008,3869,16061.697708055377,639.4460193603139,irma_s006,irma,low,6,Bp_N5_s2
single,active,0.007949634158960491,0.02462219872688643,4110456,0.9700302017227694,0.9807225374961339,1129282,13792,21098,827619,10789,5479,32676.621426504105,2491.9749255188294,irma_s024,irma,mid,6,Bp_N5_s2
single,land,0.005648576381057713,0.01553799305212777,3684744,0.9547052895645275,0.9663023783726827,712424,13503,20297,421848,10270,4441,20813.55792864412,889.6048996217821,irma_s024,irma,mid,6,Bp_N5_s2
single,active,0.00781073962838604,0.023502553428729277,4110456,0.9727214341050482,0.9806575637800934,1116228,12552,18751,818751,10908,5241,32105.70156993717,2270.4926533528846,irma_s037,irma,low,-6,Bp_N5_s2
single,land,0.00524460332831523,0.014795581766314514,3684744,0.9584500960417613,0.965542262037548,698067,12330,17932,411181,10477,4197,19325.020646389574,806.6245079112393,irma_s037,irma,low,-6,Bp_N5_s2
single,active,0.007792660697160711,0.02433797059092274,4110456,0.9728593027306542,0.9808726759350099,1108687,13667,17263,819833,10997,4990,32031.388918608427,2434.7744048982827,irma_s041,irma,mid,0,Bp_N5_s2
single,land,0.005338108283779738,0.014871756319338148,3684744,0.9584263640806896,0.9656758744322974,690251,13438,16503,411010,10574,4035,19669.562470007688,814.9516469414161,irma_s041,irma,mid,0,Bp_N5_s2
single,active,0.008402594032563427,0.024014753510316483,4110456,0.970779261368135,0.9810666452250224,1164806,13742,21319,854097,10963,5520,34538.493056714535,2370.534446146859,irma_s046,irma,mid,-6,Bp_N5_s2
single,land,0.005868387141978119,0.01591831731012577,3684744,0.956417795714423,0.9674077285783969,746508,13514,20503,446241,10537,4497,21623.504311081022,933.687695194404,irma_s046,irma,mid,-6,Bp_N5_s2
single,active,0.008443377105570584,0.02526814101818745,4110456,0.9709728477023929,0.9810277299253578,1173544,14183,20900,863894,11278,5429,34706.13008385524,2624.4396330181144,irma_s049,irma,high,-6,Bp_N5_s2
single,land,0.006023142367997514,0.015987596137548084,3684744,0.9568019994474144,0.9673900789776511,754934,13965,20119,454802,10854,4477,22193.737701624632,941.8324690713611,irma_s049,irma,high,-6,Bp_N5_s2
single,active,0.007759936567811357,0.0250261918346271,4110456,0.9747063019254711,0.9818283874390116,1063157,12817,14772,795875,9821,4909,31896.8778247796,2574.4208390126664,irma_s059,irma,mid,0,Bp_N5_s2
single,land,0.005093554209072617,0.015053729710884,3684744,0.9601345211860424,0.9663320471080027,643510,12608,14111,384662,9407,3995,18768.44331055507,835.0174443145545,irma_s059,irma,mid,0,Bp_N5_s2
single,active,0.007911655778030446,0.02578079087011078,4110456,0.9742367732898795,0.9818272550612662,1055833,12506,15415,798796,9722,5063,32520.512962739915,2732.0112011463893,irma_s063,irma,high,6,Bp_N5_s2
single,land,0.005248930989995433,0.015567960269245902,3684744,0.9591337926126298,0.9661238892054258,636110,12300,14803,386608,9319,4237,19340.96697179973,893.0396663765999,irma_s063,irma,high,6,Bp_N5_s2
single,active,0.008363177701008383,0.025510610175052892,4110456,0.9728569325493388,0.9804770460434243,1123426,13736,17608,839306,11406,5306,34376.47396017611,2675.048722281,irma_s068,irma,high,0,Bp_N5_s2
single,land,0.0057642660737425395,0.016067247761561234,3684744,0.9584854878319533,0.9652472285764561,703698,13533,16946,427869,10977,4428,21239.84482962638,951.240432525327,irma_s068,irma,high,0,Bp_N5_s2
single,active,0.005535797334602426,0.01866231210975621,4110456,0.9751302867486012,0.9847588803674204,869511,9173,13003,646249,5905,4097,22754.65136880055,1431.5973979321645,matthew_s005,matthew,low,0,Bp_N5_s2
single,land,0.003296499682193797,0.011192242209446606,3684744,0.9555673208349504,0.9664601614881113,453023,8903,12162,242740,5311,3113,12146.7574249655,461.574194542941,matthew_s005,matthew,low,0,Bp_N5_s2
single,active,0.005495939786556487,0.018586826377095196,4110456,0.9753977637865145,0.9854986503709737,852999,8881,12634,636369,5074,4290,22590.81867128983,1420.0397060864138,matthew_s006,matthew,low,6,Bp_N5_s2
single,land,0.0032201147978561163,0.011185035607687906,3684744,0.9553380934770859,0.967621114242719,436579,8644,11766,232769,4493,3296,11865.298680711538,460.9799775087173,matthew_s006,matthew,low,6,Bp_N5_s2
single,active,0.006923553684664305,0.02051513568481841,4110456,0.9674935241691179,0.982498041538491,991647,12854,20464,719894,7982,4842,28458.9627844505,1729.9708728855833,matthew_s024,matthew,mid,6,Bp_N5_s2
single,land,0.004715621706417925,0.013672895443113493,3684744,0.9468313977431843,0.9654146989826231,574774,12612,19664,315233,7399,3894,17375.85878899321,688.8557785009177,matthew_s024,matthew,mid,6,Bp_N5_s2
single,active,0.006602266600975278,0.01977992508657288,4110456,0.9712876387399745,0.983327043715578,972933,10949,17812,719170,7508,4686,27138.32636357844,1608.197151648101,matthew_s037,matthew,low,-6,Bp_N5_s2
single,land,0.004269684283609021,0.012788013038300093,3684744,0.9521750785282737,0.9664600054667892,554124,10765,17067,311146,7032,3766,15732.693545922637,602.578262949565,matthew_s037,matthew,low,-6,Bp_N5_s2
single,active,0.006554324920632587,0.02008190884211414,4110456,0.9712964850210566,0.9830374895263273,957845,11593,16713,710974,7972,4296,26941.26419596374,1657.6772849502677,matthew_s041,matthew,mid,0,Bp_N5_s2
single,land,0.00425685203625708,0.012857378837320885,3684744,0.9516211289403236,0.9651226557667659,539258,11388,16027,302703,7468,3471,15685.409999486059,609.1331023163509,matthew_s041,matthew,mid,0,Bp_N5_s2
single,active,0.007270005429657996,0.020748538337316966,4110456,0.9675850468509019,0.9826128118171148,1038301,12835,21949,757678,8535,4872,29883.037438370287,1769.5588841257797,matthew_s046,matthew,mid,-6,Bp_N5_s2
single,land,0.0049664611927784826,0.013959278332348654,3684744,0.9481129259178178,0.9667513589513655,619314,12662,21231,349295,8064,3949,18300.138081323355,718.0145644669219,matthew_s046,matthew,mid,-6,Bp_N5_s2
single,active,0.007275826607597485,0.021032363621148988,4110456,0.9680397714056025,0.9826810930522568,1040393,12894,21455,759640,8779,4609,29906.96513415873,1818.3026294187596,matthew_s049,matthew,high,-6,Bp_N5_s2
single,land,0.004999658070265527,0.013929313143357063,3684744,0.9488958730517315,0.966844896228545,621653,12696,20784,351160,8275,3767,18422.460076462477,714.9352721236545,matthew_s049,matthew,high,-6,Bp_N5_s2
single,active,0.006173318873214384,0.019941111291979136,4110456,0.9756440885484163,0.9841969364857581,899658,9666,12793,681144,6481,4456,25375.155602317303,1634.5142768392109,matthew_s059,matthew,mid,0,Bp_N5_s2
single,land,0.003665532467708517,0.012123640637234737,3684744,0.9566873012550215,0.9657213149340781,479860,9508,12217,270063,6003,3583,13506.548767194152,541.593483016934,matthew_s059,matthew,mid,0,Bp_N5_s2
single,active,0.006139282291914658,0.020262952036112798,4110456,0.9755853898698741,0.9852264598361291,883775,9312,12805,673488,5508,4591,25235.249732494354,1687.700723419889,matthew_s063,matthew,high,6,Bp_N5_s2
single,land,0.003634350476395782,0.012342982029921698,3684744,0.9560878818691158,0.9674776060508837,464500,9106,12228,262348,5049,3770,13391.651111796498,561.3678204691441,matthew_s063,matthew,high,6,Bp_N5_s2
single,active,0.0069364373236554784,0.020938765736260946,4110456,0.9710862185472037,0.9832207479052907,971463,12049,16876,729069,7933,4509,28511.920415643603,1802.155077344658,matthew_s068,matthew,high,0,Bp_N5_s2
single,land,0.004488633094012737,0.013444624299360487,3684744,0.9513530483261116,0.9661216481360366,551526,11880,16322,317598,7462,3675,16539.46386136487,666.0466705720942,matthew_s068,matthew,high,0,Bp_N5_s2
single,active,0.0038063337606261817,0.01979844233985224,4110456,0.986466733515048,0.9883693072117543,558790,3125,4541,490926,2642,3135,15645.767444368452,1611.2096335506078,ian_s005,ian,low,0,Bp_N5_s2
single,land,0.001091326310667587,0.007385723015156888,3684744,0.9596764148655116,0.9603169721572969,146390,2551,3600,93677,1828,2043,4021.258075274527,200.998748403097,ian_s005,ian,low,0,Bp_N5_s2
single,active,0.0038159243888618737,0.01981211674349476,4110456,0.9865678841325402,0.9883759100200381,558355,3105,4497,490783,2621,3151,15685.189299743623,1613.4360652220819,ian_s006,ian,low,6,Bp_N5_s2
single,land,0.0010935982372067073,0.007403160146511008,3684744,0.9599794800292015,0.960381910579539,145962,2525,3560,93546,1804,2055,4029.6295429579914,201.9489543350459,ian_s006,ian,low,6,Bp_N5_s2
single,active,0.004117096296261436,0.020068695748427668,4110456,0.982591517483826,0.9877330533055665,593388,4613,5900,502283,2971,3267,16923.1431735456,1655.4966317289243,ian_s024,ian,mid,6,Bp_N5_s2
single,land,0.0014337374632303658,0.008078555792924939,3684744,0.9526195827828166,0.960208609725971,180972,4038,4963,104946,2170,2179,5282.955515213311,240.47768238798596,ian_s024,ian,mid,6,Bp_N5_s2
single,active,0.003996878702245708,0.01945936943930964,4110456,0.9849288489693359,0.9884881148726287,583266,3821,5104,505841,2761,3130,16428.994042918086,1556.4942845683543,ian_s037,ian,low,-6,Bp_N5_s2
single,land,0.0012670807118963594,0.0073920621475526945,3684744,0.9567863629697319,0.9620439548453945,169621,3404,4257,105846,2013,2163,4668.868050675839,201.3439290920467,ian_s037,ian,low,-6,Bp_N5_s2
single,active,0.004096816045730524,0.019934230506221312,4110456,0.9849583903663831,0.9883373669676379,586459,3889,5067,509650,2879,3135,16839.782096069306,1633.3864758838447,ian_s041,ian,mid,0,Bp_N5_s2
single,land,0.001338833735408839,0.00800452920700595,3684744,0.9573864739929301,0.9620273276136002,172522,3406,4273,108990,2105,2197,4933.259573545307,236.0907150812313,ian_s041,ian,mid,0,Bp_N5_s2
single,active,0.004176401092876063,0.01963678160578104,4110456,0.982460838348232,0.9880909071660516,605357,4853,5954,513332,3011,3176,17166.91293061897,1585.0049534896834,ian_s046,ian,mid,-6,Bp_N5_s2
single,land,0.0014689798644286355,0.007790779552490791,3684744,0.9526329651107898,0.9620390731794293,191705,4430,5102,113308,2268,2203,5412.814741574228,223.65012840186418,ian_s046,ian,mid,-6,Bp_N5_s2
single,active,0.004290411380296736,0.020137903984370986,4110456,0.9821659518337357,0.9877778795651643,609818,5047,6026,517564,3172,3232,17635.547200609,1666.9345010328502,ian_s049,ian,high,-6,Bp_N5_s2
single,land,0.0015528003097225072,0.008406242142038696,3684744,0.9523895190816312,0.9614780326897925,195877,4576,5216,116884,2390,2293,5721.67162444815,260.38209189673495,ian_s049,ian,high,-6,Bp_N5_s2
single,active,0.004235547925729534,0.02045926692850374,4110456,0.9870624203132345,0.9883584564019895,583727,3380,4271,517461,2928,3167,17410.033384602517,1720.5612625758445,ian_s059,ian,mid,0,Bp_N5_s2
single,land,0.0013212326899879564,0.008240140238430883,3684744,0.962976911927506,0.9621360611745308,168754,2983,3505,114372,2190,2311,4868.404227036983,250.19379020683945,ian_s059,ian,mid,0,Bp_N5_s2
single,active,0.004342021058346942,0.020798273465930772,4110456,0.9866577528458881,0.9879908739722814,588863,3453,4510,522250,3018,3330,17847.686511408538,1778.0524674522592,ian_s063,ian,high,6,Bp_N5_s2
single,land,0.0014378765483522165,0.009086987353722509,3684744,0.9620692903089973,0.9611433675748102,173641,3060,3786,118360,2291,2494,5298.20698428154,304.26161605451006,ian_s063,ian,high,6,Bp_N5_s2
single,active,0.004366089525874873,0.020537008277431962,4110456,0.9851639723777025,0.9881929233202059,597897,4134,4870,522424,3037,3205,17946.618888169527,1733.661720469138,ian_s068,ian,high,0,Bp_N5_s2
single,land,0.0014729479432519688,0.008485758177021456,3684744,0.9589466951853716,0.9625664566408235,182921,3729,4102,119313,2292,2348,5427.436096210033,265.33138435478594,ian_s068,ian,high,0,Bp_N5_s2
single,active,0.004187365071690212,0.018233468173916106,4110456,0.9815207356715409,0.9864065015717243,628347,5456,6374,514628,3891,3201,17211.979883119464,1366.5595778471713,milton_s005,milton,low,0,Bp_N5_s2
single,land,0.0016831463330244877,0.008152713586794147,3684744,0.9513846903509326,0.9524777549033964,210863,5119,5656,110576,3260,2257,6201.963351733983,244.91291709713772,milton_s005,milton,low,0,Bp_N5_s2
single,active,0.004174408780255028,0.01825746197712909,4110456,0.9814300913687767,0.9869743843631207,626332,5667,6184,514339,3650,3138,17158.723617251962,1370.15851307089,milton_s006,milton,low,6,Bp_N5_s2
single,land,0.0016711684874482556,0.00813387214865634,3684744,0.9508834067039665,0.9548586465384415,208872,5338,5451,110311,3020,2195,6157.828057114035,243.78220661329323,milton_s006,milton,low,6,Bp_N5_s2
single,active,0.005395706829706381,0.01929341187412653,4110456,0.9764139742699987,0.9855795922274337,851184,8169,12392,617781,5059,3980,22178.81551240757,1530.0586380688978,milton_s024,milton,mid,6,Bp_N5_s2
single,land,0.003053633377971851,0.01037795377593727,3684744,0.9570087024059593,0.9663858706710617,433724,7896,11588,213723,4492,2942,11251.85726768151,396.8540203679916,milton_s024,milton,mid,6,Bp_N5_s2
single,active,0.005130433569913511,0.019246259695100295,4110456,0.9759705546401839,0.9857681052114934,780104,8318,10889,588473,4499,3997,21088.42145005241,1522.5889961941914,milton_s037,milton,low,-6,Bp_N5_s2
single,land,0.002646384390121613,0.009672054395262548,3684744,0.9518714888195062,0.962728312921134,361576,8097,10185,181740,4012,3024,9751.249003194273,344.7027760379477,milton_s037,milton,low,-6,Bp_N5_s2
single,active,0.005175158775450769,0.019326044983553,4110456,0.9760603985955568,0.9852917855348358,776988,8398,10659,590242,4758,4053,21272.262439504266,1535.2389346256568,milton_s041,milton,mid,0,Bp_N5_s2
single,land,0.0026962426979699867,0.010001334345021482,3684744,0.9516473406702102,0.9610380717611613,357906,8163,10022,182455,4245,3152,9934.96410388872,368.57274095683727,milton_s041,milton,mid,0,Bp_N5_s2
single,active,0.005615959829625521,0.019768843633970093,4110456,0.9761105820152913,0.9854524747922113,877336,8818,12654,638587,5377,4050,23084.1557774432,1606.3957122195716,milton_s046,milton,mid,-6,Bp_N5_s2
single,land,0.0031796880945553626,0.010498440495657084,3684744,0.9571912592475141,0.9668613138686132,458799,8584,11935,231805,4876,3069,11716.336628284305,406.12236110181436,milton_s046,milton,mid,-6,Bp_N5_s2
single,active,0.005677491493449522,0.01984940433313855,4110456,0.9761494796280261,0.984936174898825,882690,9113,12454,643969,5666,4183,23337.07897419855,1619.5149467602089,milton_s049,milton,high,-6,Bp_N5_s2
single,land,0.003253350565123018,0.010782867737991345,3684744,0.9573075795307654,0.9655627893281861,463603,8877,11798,236111,5148,3273,11987.76397473365,428.426056893145,milton_s049,milton,high,-6,Bp_N5_s2
single,active,0.004636625157431414,0.019469646470208508,4110456,0.9814747107249782,0.9870188390855149,654995,6018,6345,547602,3960,3242,19058.6436981149,1558.1387740168052,milton_s059,milton,mid,0,Bp_N5_s2
single,land,0.0019561899709159654,0.009157806347948827,3684744,0.952760509507587,0.9584755682973161,234643,5788,5846,136739,3468,2456,7208.059258192778,309.0225924907906,milton_s059,milton,mid,0,Bp_N5_s2
single,active,0.004705201232422162,0.0195093585483105,4110456,0.9811612423284359,0.9872669289737562,659463,6697,5965,553527,3898,3241,19340.52263701707,1564.5015021448235,milton_s063,milton,high,6,Bp_N5_s2
single,land,0.0020431607685921565,0.009670277520371999,3684744,0.9520874965597291,0.9594762120893935,238695,6496,5516,141635,3447,2535,7528.524383105338,344.5761354254951,milton_s063,milton,high,6,Bp_N5_s2
single,active,0.005486244087726424,0.020197714363200527,4110456,0.9758658662741332,0.9855815641976092,789576,9145,10382,605426,5004,3853,22550.964927859604,1676.8509293299323,milton_s068,milton,high,0,Bp_N5_s2
single,land,0.0028778846142187248,0.010557666846409457,3684744,0.9515377518464877,0.9626331879025317,369229,8947,9858,194604,4555,2999,10604.26806493476,410.7175183802796,milton_s068,milton,high,0,Bp_N5_s2
single,active,0.0036342027451750384,0.016693203749719793,4110456,0.9848259191252062,0.9868331275246447,550822,3150,5337,471499,2882,3409,14938.230479121208,1145.4322117273505,dorian_s005,dorian,low,0,Bp_N5_s2
single,land,0.0010516477591225111,0.006788376590224427,3684744,0.957192425894716,0.9550342352981253,144828,2439,4038,84107,1945,2015,3875.052770540118,169.8005820461323,dorian_s005,dorian,low,0,Bp_N5_s2
single,active,0.003652672535552785,0.016767759754387084,4110456,0.9845190787887447,0.9870360716282166,551247,3223,5445,471441,2812,3380,15014.149739798158,1155.6866310551,dorian_s006,dorian,low,6,Bp_N5_s2
single,land,0.0010702078834497028,0.006844454495114749,3684744,0.956158540197879,0.9560612093975767,145251,2529,4131,84033,1897,1965,3943.442077293992,172.61757106336364,dorian_s006,dorian,low,6,Bp_N5_s2
single,active,0.004723822616518354,0.01814936686880618,4110456,0.9740790273194095,0.9858750308564587,654059,6174,11231,507212,3284,3983,19417.065017003566,1353.9822240854035,dorian_s024,dorian,mid,6,Bp_N5_s2
single,land,0.0021885570038308265,0.009215923686569974,3684744,0.9415547418639278,0.9600028942629277,247885,5532,9855,119409,2417,2558,8064.272288523614,312.9572811149257,dorian_s024,dorian,mid,6,Bp_N5_s2
single,active,0.004149966141238555,0.016963508027142242,4110456,0.9804193701352023,0.985738010165568,593390,4493,7358,489690,3186,3899,17058.253225050867,1182.8273036879298,dorian_s037,dorian,low,-6,Bp_N5_s2
single,land,0.0015426184202193252,0.0078097571625111275,3684744,0.9492563206367834,0.9545241712773175,186040,3877,6068,99890,2402,2357,5684.153968192637,224.7410370337204,dorian_s037,dorian,low,-6,Bp_N5_s2
single,active,0.00421738992975055,0.01745520965581301,4110456,0.9808405265304707,0.9856007705273296,593947,4330,7272,491184,3262,3914,17335.395741082728,1252.3915904285961,dorian_s041,dorian,mid,0,Bp_N5_s2
single,land,0.0015523671646022466,0.007951177431530116,3684744,0.9502277462314637,0.9540371376897365,186085,3759,5988,100753,2461,2393,5720.07559556514,232.95402045520595,dorian_s041,dorian,mid,0,Bp_N5_s2
single,active,0.004643661727426596,0.017712289523344225,4110456,0.9763965488379248,0.9852675683764397,647430,5535,10116,510275,3467,4163,19087.567209471017,1289.5536313438151,dorian_s046,dorian,mid,-6,Bp_N5_s2
single,land,0.002045872770191448,0.008849132760259242,3684744,0.94580727534964,0.9579114931550462,240009,4922,8830,120352,2690,2598,7538.517414726317,288.54180336247913,dorian_s046,dorian,mid,-6,Bp_N5_s2
single,active,0.004732121654192257,0.0182672919711064,4110456,0.976440038267854,0.9853669133068431,650146,5719,9968,512579,3466,4146,19451.17784620449,1371.6343234298515,dorian_s049,dorian,high,-6,Bp_N5_s2
single,land,0.0020748640487662827,0.009010631117338568,3684744,0.9458738631793101,0.9583673597587788,242226,5149,8712,122050,2690,2612,7645.3428545072675,299.16979347706206,dorian_s049,dorian,high,-6,Bp_N5_s2
single,active,0.004048814027571252,0.017468949434931633,4110456,0.9848041878440422,0.9860010258300809,569270,3216,5568,492121,3170,3817,16642.47191251442,1254.3639936930429,dorian_s059,dorian,mid,0,Bp_N5_s2
single,land,0.0012261777007949643,0.0074678932243874355,3684744,0.9582659720974792,0.9551869059782923,160040,2615,4355,99093,2332,2317,4518.15092593804,205.49606966811078,dorian_s059,dorian,mid,0,Bp_N5_s2
single,active,0.004129378325609479,0.018095638428705166,4110456,0.9848414997488492,0.9862158611298847,572512,3356,5456,494677,3180,3734,16973.627914771438,1345.9775730567374,dorian_s063,dorian,high,6,Bp_N5_s2
single,land,0.0012801053611337574,0.007744355479789887,3684744,0.9588314273263688,0.9561972591322795,162823,2760,4231,100962,2340,2285,4716.860548805445,220.99267541254073,dorian_s063,dorian,high,6,Bp_N5_s2
single,active,0.0044605929335683895,0.017934311541234194,4110456,0.9805213075135353,0.9852754051869436,602900,4612,7365,500982,3374,4113,18335.070987343788,1322.085137808458,dorian_s068,dorian,high,0,Bp_N5_s2
single,land,0.0016570539354806612,0.008354945967489529,3684744,0.9500394993155088,0.9547735580199492,193619,4052,6130,107877,2578,2532,6105.819546438754,257.21400489971955,dorian_s068,dorian,high,0,Bp_N5_s2
single,active,0.007279236780355848,0.024057498998087044,4110456,0.9736003973542576,0.9839034023439517,1027127,10399,17452,762289,6792,5679,29920.98249923438,2378.9809066022294,irma_s005,irma,low,0,Bp_N10_s0
single,land,0.004430396684768596,0.013326881131749962,3684744,0.958067366564073,0.9705372428598603,610424,10146,16571,357148,6278,4564,16324.877601820976,654.4317611039986,irma_s005,irma,low,0,Bp_N10_s0
single,active,0.007244982588659678,0.02403083700884314,4110456,0.9731594767774844,0.9839631817736724,1012697,9864,18067,753642,6381,5902,29780.182151451707,2373.7107647844246,irma_s006,irma,low,6,Bp_N10_s0
single,land,0.0043821876888631576,0.013339620604934445,3684744,0.9569784410584735,0.9702660494016185,596099,9598,17200,348538,5873,4808,16147.239793412387,655.6835319586969,irma_s006,irma,low,6,Bp_N10_s0
single,active,0.008497707088230014,0.025843149932946077,4110456,0.9685998314500456,0.9805931780139059,1126346,12480,24034,826592,9853,6506,34929.45108705759,2745.24366564686,irma_s024,irma,mid,6,Bp_N10_s0
single,land,0.005707624296866333,0.015791435423876725,3684744,0.9524705105332468,0.9661534435381864,709521,12206,23200,420869,9324,5420,21031.13438213244,918.8625210959539,irma_s024,irma,mid,6,Bp_N10_s0
single,active,0.00825653436940299,0.024582807511794216,4110456,0.9717726874461111,0.9812170470563537,1113531,10897,21448,817918,9583,6074,33938.121237918735,2484.00785479339,irma_s037,irma,low,-6,Bp_N10_s0
single,land,0.005264517327775172,0.014960084059691323,3684744,0.9569880635546223,0.9666077821744865,695426,10683,20573,410383,9182,4995,19398.3986364156,824.6608701906584,irma_s037,irma,low,-6,Bp_N10_s0
single,active,0.008281550642810514,0.025650018769905233,4110456,0.9720990039313642,0.98129533126196,1106028,11823,19922,818941,9728,5882,34040.94952904433,2704.3654456036575,irma_s041,irma,mid,0,Bp_N10_s0
single,land,0.005345212466643524,0.0150708456264256,3684744,0.9572562716554999,0.9665537889445815,687646,11597,19108,410160,9308,4885,19695.739565189928,836.9173340158065,irma_s041,irma,mid,0,Bp_N10_s0
single,active,0.008876778247911986,0.02510688010545134,4110456,0.9698680271155213,0.9810453735785181,1162317,12303,23808,853120,9986,6497,36487.60640979931,2591.0482537427347,irma_s046,irma,mid,-6,Bp_N10_s0
single,land,0.00590291212116522,0.01613461238252988,3684744,0.9550544347437678,0.9673729807700663,744081,12087,22930,445305,9586,5433,21750.72002099082,959.2336227830988,irma_s046,irma,mid,-6,Bp_N10_s0
single,active,0.008965662017613422,0.026507000176794224,4110456,0.969871418357989,0.9811292869510253,1170725,12649,23719,863018,10294,6305,36852.9592342712,2888.092945113877,irma_s049,irma,high,-6,Bp_N10_s0
single,land,0.006044970076803682,0.01621861999330464,3684744,0.9551520477267446,0.9675765081016101,752166,12430,22887,453954,9887,5325,22274.167220681906,969.2484539149808,irma_s049,irma,high,-6,Bp_N10_s0
single,active,0.008215655556655573,0.026301290848010236,4110456,0.9740243517110126,0.9824225363251929,1060432,10783,17497,794994,8434,5790,33770.09067678824,2843.4404117189106,irma_s059,irma,mid,0,Bp_N10_s0
single,land,0.005083638109325178,0.015203288397503779,3684744,0.9589990481948627,0.9675835242928197,640807,10583,16814,383822,8024,4835,18731.905021507293,851.6916474555321,irma_s059,irma,mid,0,Bp_N10_s0
single,active,0.008425282574598328,0.027115284823064405,4110456,0.9731072345209654,0.9821645778445326,1052505,10344,18743,797773,8401,6086,34631.75331045315,3022.1662067915695,irma_s063,irma,high,6,Bp_N10_s0
single,land,0.00523932310265661,0.015684678932698037,3684744,0.957237056074837,0.966892647434901,632794,10150,18119,385649,8009,5196,19305.56436657533,906.480751279188,irma_s063,irma,high,6,Bp_N10_s0
single,active,0.008822166318842629,0.026786229802189632,4110456,0.9720678676402352,0.9808159172780762,1120803,11975,20231,838322,10107,6290,36263.1264782846,2949.2608407953753,irma_s068,irma,high,0,Bp_N10_s0
single,land,0.005745543947747811,0.0162159546451786,3684744,0.9572427032289159,0.9659247997140227,701097,11769,19547,426932,9696,5365,21170.858588200063,968.9299098864195,irma_s068,irma,high,0,Bp_N10_s0
single,active,0.006102411157421284,0.020085425158430148,4110456,0.9740431069229983,0.9845632220022512,867550,8155,14964,645521,5296,4825,25083.69255648926,1658.2578500795646,matthew_s005,matthew,low,0,Bp_N10_s0
single,land,0.0033737073856798454,0.011487978607974132,3684744,0.9535534084015211,0.9660580664471715,451108,7896,14077,242070,4722,3783,12431.248047139496,486.28912419740533,matthew_s005,matthew,low,0,Bp_N10_s0
single,active,0.00605399071371488,0.019989373438271407,4110456,0.9738299012267663,0.985154277406385,850656,7883,14977,635591,4510,5068,24884.662453133613,1642.4356635917031,matthew_s006,matthew,low,6,Bp_N10_s0
single,land,0.003294285841858645,0.011436173749510387,3684744,0.9523892023711098,0.9668076242058119,434279,7644,14066,232058,3960,4007,12138.599990073591,481.91318682290245,matthew_s006,matthew,low,6,Bp_N10_s0
single,active,0.0075147446256488585,0.021781565719530174,4110456,0.9658797803320412,0.981693329473644,988973,11798,23138,718949,7620,5787,30889.027134966105,1950.1507904401801,matthew_s024,matthew,mid,6,Bp_N10_s0
single,land,0.004871560335150324,0.014081857863927495,3684744,0.9441544704311766,0.9636673002636581,572151,11555,22287,314329,7053,4798,17950.452715583146,730.6800220434213,matthew_s024,matthew,mid,6,Bp_N10_s0
single,active,0.0072003484232116164,0.02108724466869184,4110456,0.9698279825224166,0.9831481892000624,970406,9851,20339,718467,6926,5389,29596.71537828073,1827.8042288987886,matthew_s037,matthew,low,-6,Bp_N10_s0
single,land,0.004384349893291792,0.013139427818049268,3684744,0.9496680806522697,0.9661887158806617,551628,9673,19563,310506,6460,4406,16155.206963207573,636.151019068177,matthew_s037,matthew,low,-6,Bp_N10_s0
single,active,0.007135692628711855,0.021424525888213437,4110456,0.9702480966599288,0.9827468584420419,955674,10421,18884,710183,7381,5087,29330.950579844415,1886.741680888879,matthew_s041,matthew,mid,0,Bp_N10_s0
single,land,0.0043657739553370645,0.013216288542399776,3684744,0.9498088478173993,0.964622038792773,537134,10233,18151,301973,6874,4201,16086.759387284517,643.6152766581346,matthew_s041,matthew,mid,0,Bp_N10_s0
single,active,0.0078837604802312,0.022045873316143907,4110456,0.9662838751807453,0.9824148613239857,1035808,11700,24442,756987,7987,5563,32405.85056852922,1997.7660047775287,matthew_s046,matthew,mid,-6,Bp_N10_s0
single,land,0.005104947447564864,0.01436294857224835,3684744,0.9460079101087755,0.9663421827273282,616870,11532,23675,348635,7534,4609,18810.424477729946,760.1416535354803,matthew_s046,matthew,mid,-6,Bp_N10_s0
single,active,0.007870569275811066,0.022301525386384528,4110456,0.9665959357348317,0.9825251642554294,1037691,11704,24157,758927,8176,5322,32351.62870317325,2044.3683173035242,matthew_s049,matthew,high,-6,Bp_N10_s0
single,land,0.005137015403362862,0.014343987729030611,3684744,0.9465574848422292,0.9665718036114145,619006,11518,23431,350506,7701,4421,18928.586685448885,758.1360189356935,matthew_s049,matthew,high,-6,Bp_N10_s0
single,active,0.006750628249637756,0.021373151130816316,4110456,0.9746522693003701,0.9841806978193687,897837,8736,14614,680558,5897,5042,27748.16039249301,1877.7039379462406,matthew_s059,matthew,mid,0,Bp_N10_s0
single,land,0.003731622883548016,0.012413529693545982,3684744,0.9548972649937981,0.9657583086983785,478076,8580,14001,269519,5429,4127,13750.07503041625,567.8032776784588,matthew_s059,matthew,mid,0,Bp_N10_s0
single,active,0.00671291090379123,0.02189469882425725,4110456,0.9743408095735957,0.9850993425965241,881605,8242,14975,672813,4911,5266,27593.124901954085,1970.4615047397615,matthew_s063,matthew,high,6,Bp_N10_s0
single,land,0.0036950067715644814,0.012577695797284023,3684744,0.9537963599007359,0.9671281171931588,462369,8039,14359,261701,4478,4417,13615.154031481594,582.920721533343,matthew_s063,matthew,high,6,Bp_N10_s0
single,active,0.0075248134173183,0.022298439439296165,4110456,0.9701680293826246,0.9828273941252038,969421,10891,18918,728338,7486,5240,30930.41446009651,2043.8025823719613,matthew_s068,matthew,high,0,Bp_N10_s0
single,land,0.004586129042350569,0.0137951167877345,3684744,0.9497651154028297,0.9653850019951447,549517,10734,18331,316933,7024,4340,16898.711472027004,701.2261177416783,matthew_s068,matthew,high,0,Bp_N10_s0
single,active,0.004264596330332397,0.020754018042487356,4110456,0.9858462071085142,0.9878449878449879,558125,2807,5206,490468,2442,3593,17529.435573592782,1770.493691316229,ian_s005,ian,low,0,Bp_N10_s0
single,land,0.001144646878898958,0.007776728317328771,3684744,0.9576005148884189,0.958221674623954,145810,2276,4180,93326,1675,2394,4217.730719141662,222.8441174990363,ian_s005,ian,low,0,Bp_N10_s0
single,active,0.004274447868099689,0.02076996601420845,4110456,0.9859399446649401,0.9879134296121982,557692,2793,5160,490337,2402,3597,17569.929886117578,1773.215731149581,ian_s006,ian,low,6,Bp_N10_s0
single,land,0.0011468047670600602,0.007794338964548411,3684744,0.957885582136951,0.9586135966265555,145385,2255,4137,93206,1629,2395,4225.681984595954,223.85453537012003,ian_s006,ian,low,6,Bp_N10_s0
single,active,0.004603095075236073,0.021038283730226086,4110456,0.9818612183466409,0.9872616728646479,592350,4005,6938,501756,2680,3794,18920.81977057457,1819.326391186802,ian_s024,ian,mid,6,Bp_N10_s0
single,land,0.0015038331418416773,0.0084755253661984,3684744,0.9504210776419652,0.958668060599391,180005,3460,5930,104537,1919,2588,5541.24014640227,264.6918542691326,ian_s024,ian,mid,6,Bp_N10_s0
single,active,0.004469882507780993,0.020732791454183355,4110456,0.9841858421288354,0.9881097841110588,582328,3315,6042,505431,2542,3540,18373.25537340343,1766.873927474242,ian_s037,ian,low,-6,Bp_N10_s0
single,land,0.0013276836948130906,0.007782006892745563,3684744,0.9546994767359638,0.9609151659717038,168767,2897,5111,105545,1829,2464,4892.174528360367,223.14673799654756,ian_s037,ian,low,-6,Bp_N10_s0
single,active,0.004550387609354807,0.02101027732520386,4110456,0.9842370924175674,0.9877708113476938,585563,3415,5963,509184,2703,3601,18704.168051198125,1814.4857988684157,ian_s041,ian,mid,0,Bp_N10_s0
single,land,0.0013941865942383844,0.008380218904740479,3684744,0.9554713537754483,0.9602411342502564,171724,2932,5071,108634,1945,2553,5137.220688000321,258.7724554790612,ian_s041,ian,mid,0,Bp_N10_s0
single,active,0.004667261669999887,0.020903747759016374,4110456,0.9813462110100237,0.9878121593356008,604155,4328,7156,512878,2698,3630,19184.573735021055,1796.1322720330027,ian_s046,ian,mid,-6,Bp_N10_s0
single,land,0.0015416757728155428,0.008186539971767576,3684744,0.9495207158373025,0.961286424291939,190584,3909,6223,112955,1993,2556,5680.680553827435,246.94946729815078,ian_s046,ian,mid,-6,Bp_N10_s0
single,active,0.004766615577553747,0.021216631610444268,4110456,0.9810064547746632,0.9874208912127659,608534,4472,7310,517059,2850,3737,19592.963600449264,1850.3030941598186,ian_s049,ian,high,-6,Bp_N10_s0
single,land,0.0016236297001684704,0.00879472937813103,3684744,0.949285432178225,0.9604607823735075,194688,3996,6405,116477,2095,2700,5982.659795917571,285.0048700155596,ian_s049,ian,high,-6,Bp_N10_s0
single,active,0.004672357559808609,0.02163458208933583,4110456,0.9863596762051378,0.9879274961879321,583052,3117,4946,517020,2710,3608,19205.520165860653,1923.9200675055001,ian_s059,ian,mid,0,Bp_N10_s0
single,land,0.0013648533958422924,0.008582091017631351,3684744,0.9609570996702612,0.9606105532717838,168155,2728,4104,114036,2029,2647,5029.135361209512,271.3898197903625,ian_s059,ian,mid,0,Bp_N10_s0
single,active,0.004791137473510309,0.021822592103459198,4110456,0.9860140211826476,0.987590441024787,588183,3153,5190,521826,2803,3754,19693.75977481529,1957.5040711682825,ian_s063,ian,high,6,Bp_N10_s0
single,land,0.0014778380553283463,0.009408692372065113,3684744,0.9601731361504953,0.9598490885141399,173028,2778,4399,118048,2132,2806,5445.454907342792,326.1864065667048,ian_s063,ian,high,6,Bp_N10_s0
single,active,0.004811740567228226,0.021714131510286387,4110456,0.9846241119781531,0.9877056470383421,597080,3637,5687,521957,2825,3672,19778.447885006666,1938.0944203804145,ian_s068,ian,high,0,Bp_N10_s0
single,land,0.0015236519767839077,0.008837411269911456,3684744,0.9574551952488569,0.9608307215095803,182175,3247,4848,118947,2135,2714,5614.267479542643,287.77790930034513,ian_s068,ian,high,0,Bp_N10_s0
single,active,0.004695308464360821,0.01952531042323929,4110456,0.9803376983872406,0.9862345988064615,626525,4370,8196,514131,3478,3698,19299.858849182725,1567.0609850917401,milton_s005,milton,low,0,Bp_N10_s0
single,land,0.0018064556288969532,0.008648959448788147,3684744,0.9480690236758825,0.9523274408955353,209108,4043,7411,110170,2852,2663,6656.3265398442745,275.63543087800684,milton_s005,milton,low,0,Bp_N10_s0
single,active,0.004677837270882867,0.01954660636045085,4110456,0.9806307678298358,0.9867624578465036,624601,4422,7915,513823,3239,3654,19228.044277124107,1570.4811849028329,milton_s006,milton,low,6,Bp_N10_s0
single,land,0.001788737958184924,0.008618875819786731,3684744,0.9485693357139587,0.9544258279698777,207196,4107,7127,109884,2625,2622,6591.04145899415,273.7212831973711,milton_s006,milton,low,6,Bp_N10_s0
single,active,0.005994354987947479,0.020734884853666685,4110456,0.9749908908360087,0.9853162163586452,848245,6427,15331,617006,4440,4755,24639.532426338643,1767.2307496328463,milton_s024,milton,mid,6,Bp_N10_s0
single,land,0.0031712849288308333,0.0107918768537176,3684744,0.954313191741955,0.9659045054112996,430860,6175,14452,213037,3892,3628,11685.37311379984,429.14225826595145,milton_s024,milton,mid,6,Bp_N10_s0
single,active,0.005727081927712364,0.020677908217530846,4110456,0.9749586071948222,0.9857125612773863,777276,6247,13717,587946,3998,4524,23540.91827225685,1757.5318753233514,milton_s037,milton,low,-6,Bp_N10_s0
single,land,0.0027706604964723124,0.010080519084999077,3684744,0.9497813588573486,0.9628038385758819,358816,6027,12945,181295,3535,3469,10209.174640413374,374.4321336924219,milton_s037,milton,low,-6,Bp_N10_s0
single,active,0.005770325261236522,0.02079042383726804,4110456,0.9750464156067282,0.9851846529913901,774103,6267,13544,589634,4206,4661,23718.66809200123,1776.710585125469,milton_s041,milton,mid,0,Bp_N10_s0
single,land,0.002819486165628956,0.010442824395055653,3684744,0.9495044845087899,0.961003771272831,355071,6026,12857,181943,3719,3664,10389.0847318843,401.83084479907296,milton_s041,milton,mid,0,Bp_N10_s0
single,active,0.006211187238155898,0.02119276829525342,4110456,0.974789766049921,0.9855519099346259,874248,6868,15742,637999,4715,4638,25530.81185020134,1846.1431939901622,milton_s046,milton,mid,-6,Bp_N10_s0
single,land,0.00329446944327018,0.01087449916863088,3684744,0.9547586478497946,0.9671827428150824,455776,6639,14958,231265,4238,3609,12139.276514273137,435.7384148296852,milton_s046,milton,mid,-6,Bp_N10_s0
single,active,0.006281720415407811,0.021331141584096283,4110456,0.9750472208427923,0.9850082606918157,879633,7000,15511,643302,4941,4850,25820.73537183553,1870.3298292901143,milton_s049,milton,high,-6,Bp_N10_s0
single,land,0.003365708164296424,0.011197530230615503,3684744,0.9552502229504117,0.9659375179416517,460593,6769,14808,235540,4462,3844,12401.772964142263,462.0104593546286,milton_s049,milton,high,-6,Bp_N10_s0
single,active,0.0051633676264488115,0.020911671156882843,4110456,0.9806169199637318,0.9867333725296407,653236,4808,8104,547118,3630,3726,21223.795440342277,1797.494149141222,milton_s059,milton,mid,0,Bp_N10_s0
single,land,0.0020660945757901405,0.00959823244168818,3684744,0.9504676176797023,0.9578243430249302,232933,4583,7556,136353,3162,2842,7613.029591575265,339.4609689543318,milton_s059,milton,mid,0,Bp_N10_s0
single,active,0.005216892422900856,0.020915364902615634,4110456,0.9809560870297728,0.9870133114895698,657940,5285,7488,553066,3575,3702,21443.80676106736,1798.1292081643041,milton_s063,milton,high,6,Bp_N10_s0
single,land,0.002134823935036884,0.01010141282043607,3684744,0.9514327888842538,0.9588888587177886,237196,5093,7015,141252,3138,2918,7866.279685683548,375.9859016037987,milton_s063,milton,high,6,Bp_N10_s0
single,active,0.006083981353546768,0.02175099424672372,4110456,0.9753925416467286,0.9854570693534538,786816,6708,13142,604843,4490,4436,25007.937658574432,1944.680371685673,milton_s068,milton,high,0,Bp_N10_s0
single,land,0.002989830174849211,0.010963790767149848,3684744,0.9505342323651452,0.9625598175101039,366526,6513,12561,194105,4052,3498,11016.75879779458,442.9235765225769,milton_s068,milton,high,0,Bp_N10_s0
single,active,0.004087711363205398,0.017752786335207656,4110456,0.9840120231875761,0.9863161134830778,549984,2761,6175,471034,2661,3874,16802.357699155807,1295.4571607558662,dorian_s005,dorian,low,0,Bp_N10_s0
single,land,0.0011069719968592473,0.007146529967395876,3684744,0.9545370235429722,0.9526712694928171,144095,2092,4771,83756,1795,2366,4078.9084235951304,188.1905271084725,dorian_s005,dorian,low,0,Bp_N10_s0
single,active,0.004109345504722478,0.017832748687028825,4110456,0.9836839377312291,0.9866006438896464,550381,2818,6311,471014,2590,3807,16891.283885959536,1307.1534759278684,dorian_s006,dorian,low,6,Bp_N10_s0
single,land,0.0011274277348773919,0.00720386229936262,3684744,0.9533114243480098,0.9539148970123904,144461,2154,4921,83686,1731,2312,4154.282581523061,191.22211874203705,dorian_s006,dorian,low,6,Bp_N10_s0
single,active,0.005246620681649048,0.019179340619058856,4110456,0.9722067176675313,0.9854339285019644,651431,4764,13859,506651,2945,4544,21566.003460608423,1512.0193463321323,dorian_s024,dorian,mid,6,Bp_N10_s0
single,land,0.0023017131531805515,0.009559009062719453,3684744,0.9368821002386635,0.9586738229937302,245346,4135,12394,118958,2119,3009,8481.223730903119,336.69220904085665,dorian_s024,dorian,mid,6,Bp_N10_s0
single,active,0.004679828807031988,0.018174061694435223,4110456,0.9791609460447482,0.985372860118532,591940,3790,8808,489145,2817,4444,19236.230398837477,1357.6693061370195,dorian_s037,dorian,low,-6,Bp_N10_s0
single,land,0.001637500551331887,0.008193176406259649,3684744,0.9454714865688146,0.9534718760783712,184678,3221,7430,99470,2077,2777,6033.770331516862,247.35000971102707,dorian_s037,dorian,low,-6,Bp_N10_s0
single,active,0.004745091913700596,0.018659061663430464,4110456,0.9796057025345333,0.9850474758203609,592587,3705,8632,490596,2945,4502,19504.491527222097,1431.0987539018336,dorian_s041,dorian,mid,0,Bp_N10_s0
single,land,0.001646302261213576,0.008350152522599649,3684744,0.9464880202411317,0.9522597797189518,184798,3173,7275,100292,2174,2854,6066.202379193157,256.9189491381752,dorian_s041,dorian,mid,0,Bp_N10_s0
single,active,0.005199467219889561,0.018880491197645892,4110456,0.9747892559424463,0.9848753038659087,645368,4513,12178,509671,3060,4767,21372.181230798364,1465.2663673868444,dorian_s046,dorian,mid,-6,Bp_N10_s0
single,land,0.0021634668301113635,0.009216703117676731,3684744,0.9416875019780359,0.9568264357265435,238036,3937,10803,119876,2335,3074,7971.821421451867,313.0102196945714,dorian_s046,dorian,mid,-6,Bp_N10_s0
single,active,0.005287184419485816,0.019430669113065274,4110456,0.9746839632007412,0.9848034255771813,647966,4682,12148,511954,3129,4771,21732.73892018199,1551.9063711770675,dorian_s049,dorian,high,-6,Bp_N10_s0
single,land,0.0021953771559467417,0.009402654397061375,3684744,0.9414771836286655,0.9569735039909318,240152,4142,10786,121572,2376,3090,8089.402803111821,325.7678843465926,dorian_s049,dorian,high,-6,Bp_N10_s0
single,active,0.0044968124846273905,0.018662109004293086,4110456,0.9840165062374399,0.9856074151879856,568487,2883,6351,491688,2930,4250,18483.949858311564,1431.5662374126557,dorian_s059,dorian,mid,0,Bp_N10_s0
single,land,0.001287995495988405,0.007860615854193726,3684744,0.9557841696409826,0.953823716896212,159334,2310,5061,98757,2128,2653,4745.933675870299,227.677684666447,dorian_s059,dorian,mid,0,Bp_N10_s0
single,active,0.004579739601244249,0.019339562785205877,4110456,0.9840150778419409,0.9857344883504305,571698,3017,6270,494197,2938,4214,18824.81812237203,1537.3873631732595,dorian_s063,dorian,high,6,Bp_N10_s0
single,land,0.001345075942090593,0.008149875862836923,3684744,0.9561749697666874,0.9545044745807749,162086,2461,4968,100579,2126,2668,4956.26050716266,244.7424525540128,dorian_s063,dorian,high,6,Bp_N10_s0
single,active,0.004978034110831758,0.019199896945891196,4110456,0.9794258248557398,0.9849130423658932,601532,3903,8733,500455,3026,4640,20461.990179073066,1515.2622336674672,dorian_s068,dorian,high,0,Bp_N10_s0
single,land,0.001751509731724173,0.008764983044802988,3684744,0.9468789539240158,0.9535680372023677,192331,3372,7418,107449,2272,2960,6453.864974912256,283.0801916718845,dorian_s068,dorian,high,0,Bp_N10_s0
single,active,0.007123600733868271,0.02328749989611049,4110456,0.9736481351930805,0.9824794289896569,1032696,16067,11883,763808,9461,4160,29281.247378133237,2229.131739589676,irma_s005,irma,low,0,Bp_N10_s1
single,land,0.0046748056728323885,0.013614683006856079,3684744,0.9581956997645902,0.9674801136900408,615841,15714,11154,358433,8769,3279,17225.462154135108,683.0026495389878,irma_s005,irma,low,0,Bp_N10_s1
single,active,0.007047442899253698,0.023214786894804208,4110456,0.9735784850237298,0.982698183029464,1018514,15391,12250,755235,8988,4309,28968.203949894756,2215.2329690542624,irma_s006,irma,low,6,Bp_N10_s1
single,land,0.004596480938983249,0.013581212809003592,3684744,0.9577443269172616,0.9675025369201374,601768,15019,11531,349906,8313,3440,16936.85556103289,679.6486038928994,irma_s006,irma,low,6,Bp_N10_s1
single,active,0.008352227982883214,0.025190212241552202,4110456,0.9696359946752628,0.9791161050460153,1133392,18504,16988,828249,12817,4849,34331.4656256102,2608.27667164048,irma_s024,irma,mid,6,Bp_N10_s1
single,land,0.005997105656559838,0.01616927799492757,3684744,0.9541051156794537,0.9631914714059909,716407,18147,16314,422293,12142,3996,22097.79908537492,963.3599249216379,irma_s024,irma,mid,6,Bp_N10_s1
single,active,0.008121569652796071,0.02378289645344895,4110456,0.9721300458942609,0.9792866559022454,1119678,16799,15301,819376,12715,4616,33383.354708753526,2324.9814584012547,irma_s037,irma,low,-6,Bp_N10_s1
single,land,0.005547763585073432,0.01526864083513508,3684744,0.9575393520730658,0.962833452231981,701388,16491,14611,411645,12157,3733,20442.08858351782,859.0295013928304,irma_s037,irma,low,-6,Bp_N10_s1
single,active,0.008179550748589996,0.024915760025808645,4110456,0.9720307779456193,0.9795173027215148,1111941,17986,14009,820429,12762,4394,33621.68345184624,2551.750933962276,irma_s041,irma,mid,0,Bp_N10_s1
single,land,0.005664472986029464,0.015444415786802676,3684744,0.9571286196624731,0.9630799045985109,693388,17692,13366,411473,12202,3572,20872.13284843415,878.9219089243095,irma_s041,irma,mid,0,Bp_N10_s1
single,active,0.008762780453269371,0.02436304765869357,4110456,0.9702153479399841,0.9793385636222596,1168865,18623,17260,854705,13120,4912,36019.023490823805,2439.7944174028685,irma_s046,irma,mid,-6,Bp_N10_s1
single,land,0.006227055748221128,0.016524777240979824,3684744,0.9555841635596846,0.9641803351226977,750447,18317,16564,446698,12555,4040,22945.106305923313,1006.1866431785642,irma_s046,irma,mid,-6,Bp_N10_s1
single,active,0.008843901748075913,0.02575978794528269,4110456,0.9703362528529171,0.9793445534640209,1177668,19226,16776,864583,13495,4740,36352.46900378913,2727.561620595972,irma_s049,irma,high,-6,Bp_N10_s1
single,land,0.006396957110557316,0.01664591780557532,3684744,0.9558422355836442,0.9642900252212417,758933,18941,16120,455358,12942,3921,23571.149331383407,1020.9931116246628,irma_s049,irma,high,-6,Bp_N10_s1
single,active,0.008083662007081391,0.025500299752536915,4110456,0.9739162934526644,0.9807657019139469,1065779,16394,12150,796369,11203,4415,33227.53699897975,2672.8868524696386,irma_s059,irma,mid,0,Bp_N10_s1
single,land,0.005366596100681442,0.015489972021184696,3684744,0.958872473499387,0.9642159514364708,646048,16137,11573,385023,10655,3634,19774.53278240934,884.1146499612535,irma_s059,irma,mid,0,Bp_N10_s1
single,active,0.008228834918424636,0.026270036283350246,4110456,0.9735357035778073,0.9808454319993816,1058539,16066,12709,799288,11038,4571,33824.26386344805,2836.6865463619783,irma_s063,irma,high,6,Bp_N10_s1
single,land,0.00549736282712135,0.015947516720684816,3684744,0.9579828025563687,0.9641828528148451,638713,15814,12200,386996,10527,3849,20256.37469305843,937.1162152536563,irma_s063,irma,high,6,Bp_N10_s1
single,active,0.008729617740357997,0.026025026507349346,4110456,0.9721585653740492,0.9792230960723385,1126724,17958,14310,839816,13023,4796,35882.70961856097,2784.0200890649976,irma_s068,irma,high,0,Bp_N10_s1
single,land,0.006080822310654644,0.016583865173430194,3684744,0.9574195191123909,0.9629306526426553,706904,17699,13740,428274,12464,4023,22406.273524250835,1013.3951860800054,irma_s068,irma,high,0,Bp_N10_s1
single,active,0.005890399229024015,0.019312470297331262,4110456,0.9743743609514072,0.9835258234807571,871953,12371,10561,646861,7350,3485,24212.22685333714,1533.0829769376894,matthew_s005,matthew,low,0,Bp_N10_s1
single,land,0.0035176323733850288,0.011673625337778309,3684744,0.9541500501899675,0.9633521128992639,455308,12002,9877,243152,6549,2701,12961.574782036245,502.1330665980279,matthew_s005,matthew,low,0,Bp_N10_s1
single,active,0.005806752519344194,0.019163535624962844,4110456,0.9744812497863466,0.9843710643716207,855195,11957,10438,637019,6474,3640,23868.400733653456,1509.5283732788225,matthew_s006,matthew,low,6,Bp_N10_s1
single,land,0.0034095462592395407,0.011562142456730947,3684744,0.9535495484527386,0.9647188260013566,438608,11629,9737,233242,5707,2823,12563.305121455342,492.5881413458166,matthew_s006,matthew,low,6,Bp_N10_s1
single,active,0.007425421553591984,0.021394854302961175,4110456,0.9666152462255518,0.9806344928956394,995055,17311,17056,720531,10024,4205,30521.868577491492,1881.5192688952225,matthew_s024,matthew,mid,6,Bp_N10_s1
single,land,0.005060368820428879,0.014439712189744887,3684744,0.9454006633564265,0.9614380776903046,578052,16998,16386,315693,9228,3434,18646.16364886239,768.2886093782688,matthew_s024,matthew,mid,6,Bp_N10_s1
single,active,0.006957509982374424,0.020248131438746406,4110456,0.9705218982457536,0.9817584653869131,975918,14815,14827,719788,9306,4068,28598.538652110845,1685.2328119796882,matthew_s037,matthew,low,-6,Bp_N10_s1
single,land,0.0045446578591324255,0.013323792893682183,3684744,0.9508536758165873,0.9629978737607239,556973,14570,14218,311603,8664,3309,16745.90077849105,654.1284933117058,matthew_s037,matthew,low,-6,Bp_N10_s1
single,active,0.006994790896359973,0.020834584219984402,4110456,0.9704994666752861,0.9815785044846699,960810,15458,13748,711560,9644,3710,28751.78020868823,1784.2663278708774,matthew_s041,matthew,mid,0,Bp_N10_s1
single,land,0.004553040766882866,0.013472500092624603,3684744,0.9502566224004712,0.9618466185835907,542110,15203,13175,303125,8975,3049,16776.78964752704,668.8114673639233,matthew_s041,matthew,mid,0,Bp_N10_s1
single,active,0.007712639467884996,0.02137093740140524,4110456,0.9667915270608692,0.9809341737473661,1041947,17487,18303,758371,10561,4179,31702.465176604688,1877.3149907909801,matthew_s046,matthew,mid,-6,Bp_N10_s1
single,land,0.005316168441603784,0.014666446465164525,3684744,0.9468820169630926,0.9632287341256291,622841,17236,17704,349810,9920,3434,19588.719768188894,792.6055755178634,matthew_s046,matthew,mid,-6,Bp_N10_s1
single,active,0.007772323906266438,0.021795780923882683,4110456,0.967270210471309,0.9810572823652073,1043967,17444,17881,760288,10719,3961,31947.79543445632,1952.6970571626941,matthew_s049,matthew,high,-6,Bp_N10_s1
single,land,0.005364338460221928,0.014681373239349935,3684744,0.9476997945771397,0.963486670867695,625117,17178,17320,351663,10063,3264,19766.21395527199,794.2197449752056,matthew_s049,matthew,high,-6,Bp_N10_s1
single,active,0.006496357585998975,0.020520271571611452,4110456,0.9747878816697989,0.9830543664599587,901980,12858,10471,681818,7971,3782,26702.992017515004,1730.837164666426,matthew_s059,matthew,mid,0,Bp_N10_s1
single,land,0.0038836359223266624,0.012551842751652106,3684744,0.9551636141732908,0.9630228055690003,482094,12647,9983,270594,7338,3052,14310.204162977636,580.5268350815583,matthew_s059,matthew,mid,0,Bp_N10_s1
single,active,0.006481192748127636,0.02111320261843541,4110456,0.9748206782044384,0.9842267010241549,885957,12261,10623,674151,6876,3928,26640.657618697733,1832.306974857326,matthew_s063,matthew,high,6,Bp_N10_s1
single,land,0.0038310682718322147,0.012682838048123153,3684744,0.9547070053137833,0.9650101140631367,466593,12001,10135,262862,6275,3256,14116.505828224123,592.7072150973569,matthew_s063,matthew,high,6,Bp_N10_s1
single,active,0.007349974435661136,0.021647844414148004,4110456,0.9703309068820267,0.9817168581896071,974416,15871,13923,729664,9675,3914,30211.74651890993,1926.2795744728508,matthew_s068,matthew,high,0,Bp_N10_s1
single,land,0.004780890893269464,0.014030686340200884,3684744,0.9501392495094133,0.9628055517716327,554392,15637,13456,318058,9072,3215,17616.3590336293,725.3792903668628,matthew_s068,matthew,high,0,Bp_N10_s1
single,active,0.004092828663691559,0.02029192557356169,4110456,0.9862999689677546,0.9878837239701166,559382,3821,3949,491240,3204,2821,16823.39213764295,1692.5305842980224,ian_s005,ian,low,0,Bp_N10_s1
single,land,0.0011598226034813305,0.007699079596796521,3684744,0.9588402390047996,0.9585137674646621,146832,3145,3158,93850,2192,1870,4273.649379242212,218.416246548705,ian_s005,ian,low,0,Bp_N10_s1
single,active,0.004099919912053859,0.02030325274269303,4110456,0.9864091925461453,0.9879277394435615,558932,3781,3920,491089,3156,2845,16852.54040202126,1694.4206889121938,ian_s006,ian,low,6,Bp_N10_s1
single,land,0.0011621644401689898,0.0077183227058780085,3684744,0.9591545235349618,0.9588819659719877,146390,3102,3132,93724,2142,1877,4282.2784479260445,219.50943180840505,ian_s006,ian,low,6,Bp_N10_s1
single,active,0.004412776088061985,0.02056835742415724,4110456,0.9819786619425036,0.9872055498922666,594211,5828,5077,502613,3577,2937,18138.521947830915,1738.9585286367746,ian_s024,ian,mid,6,Bp_N10_s1
single,land,0.0015188532031611154,0.008399448554012931,3684744,0.9506316924332981,0.9584218346901009,181641,5139,4294,105136,2572,1989,5596.585227228701,259.9614012139951,ian_s024,ian,mid,6,Bp_N10_s1
single,active,0.0043077524929348845,0.020056037744370134,4110456,0.9847867189068026,0.9880778802517933,583883,4533,4487,506217,3354,2754,17706.827081099153,1653.4089350751956,ian_s037,ian,low,-6,Bp_N10_s1
single,land,0.0013405866231392866,0.007698790929350415,3684744,0.9563709341938095,0.9606298499624227,170125,4008,3753,106091,2430,1918,4939.718516092747,218.39986836289663,ian_s037,ian,low,-6,Bp_N10_s1
single,active,0.004407064025094088,0.020527466226457472,4110456,0.9846958972122514,0.9877620752173306,587056,4654,4470,509946,3479,2839,18115.042764332145,1732.0510822306005,ian_s041,ian,mid,0,Bp_N10_s1
single,land,0.001419475453984298,0.00832879920219343,3684744,0.9567270475305775,0.9598498105044714,173026,4057,3769,109157,2536,2030,5230.403662215918,255.60662387702294,ian_s041,ian,mid,0,Bp_N10_s1
single,active,0.004490913715615229,0.020226740094737673,4110456,0.9818340263345876,0.9876107896102897,606148,6052,5163,513686,3622,2822,18459.703227832913,1681.6739302576582,ian_s046,ian,mid,-6,Bp_N10_s1
single,land,0.001551699249755227,0.008100883442556482,3684744,0.9508666663371671,0.9602855716932135,192386,5520,4421,113524,2708,1987,5717.614500340074,241.80879192231623,ian_s046,ian,mid,-6,Bp_N10_s1
single,active,0.004599339544880545,0.020721012351423568,4110456,0.981502228637469,0.987278595517292,610621,6285,5223,517876,3753,2920,18905.382828291506,1764.8668386077634,ian_s049,ian,high,-6,Bp_N10_s1
single,land,0.0016422347575428286,0.008731599253279564,3684744,0.950649225040501,0.9597389714623009,196580,5692,4513,117068,2802,2109,6051.214669447392,280.92792438939614,ian_s049,ian,high,-6,Bp_N10_s1
single,active,0.004523820386810216,0.021101296669269385,4110456,0.9867061883529252,0.9877580687623764,584209,4082,3789,517765,3554,2863,18594.964651886374,1830.241044534607,ian_s059,ian,mid,0,Bp_N10_s1
single,land,0.0013950514311214704,0.008544818708502896,3684744,0.9617980722754542,0.960317859477946,169137,3596,3122,114564,2615,2119,5140.407390516251,269.03762854970154,ian_s059,ian,mid,0,Bp_N10_s1
single,active,0.004616290437586895,0.021347715090762966,4110456,0.9862951570308237,0.9875916781471046,589337,4153,4036,522595,3581,2985,18975.058726921678,1873.237312313614,ian_s063,ian,high,6,Bp_N10_s1
single,land,0.0015155700803499354,0.009376105909834587,3684744,0.9608294549248886,0.9600058279303563,174036,3704,3391,118602,2689,2252,5584.4877601489425,323.93086378084297,ian_s063,ian,high,6,Bp_N10_s1
single,active,0.004663925713776806,0.0211904789113114,4110456,0.9847247224845898,0.9876080680753303,598431,4947,4336,522737,3667,2892,19170.861433748156,1845.744350173713,ian_s068,ian,high,0,Bp_N10_s1
single,land,0.0015552362556077066,0.008800582974425535,3684744,0.9576230467117908,0.9608647066862825,183358,4449,3665,119521,2728,2140,5730.647461432964,285.384383374987,ian_s068,ian,high,0,Bp_N10_s1
single,active,0.00457419024422286,0.019053146105285017,4110456,0.9801863548596729,0.9852227115673797,628965,6958,5756,514970,4865,2859,18802.007734507322,1492.187505657066,milton_s005,milton,low,0,Bp_N10_s1
single,land,0.0017946981425436318,0.008579742846783669,3684744,0.9477589855800272,0.9483902447375855,211373,6505,5146,110790,3986,2043,6613.003212548792,271.2413285941543,milton_s005,milton,low,0,Bp_N10_s1
single,active,0.004563822769430873,0.019075591508041057,4110456,0.9803666169942286,0.9859877541324056,626967,7007,5549,514658,4495,2819,18759.392685543746,1495.7052950338436,milton_s006,milton,low,6,Bp_N10_s1
single,land,0.0017835966621401295,0.008558974037745696,3684744,0.9479505265159404,0.9513707122193139,209389,6563,4934,110496,3638,2010,6572.097099240869,269.92974124753175,milton_s006,milton,low,6,Bp_N10_s1
single,active,0.005749475660669929,0.01987732008297527,4110456,0.9757620960730661,0.984328579207306,852980,10592,10596,618243,6325,3518,23632.96672625467,1624.0734478104023,milton_s024,milton,mid,6,Bp_N10_s1
single,land,0.0032369492568532113,0.010795205082752888,3684744,0.9558249858955192,0.9631984663777625,435406,10217,9906,214041,5554,2624,11927.32935249433,429.40699515757524,milton_s024,milton,mid,6,Bp_N10_s1
single,active,0.005442000814032969,0.019831252699752014,4110456,0.9749989083854709,0.9846905341428839,781525,10572,9468,589034,5722,3436,22369.104898046702,1616.5543138003827,milton_s037,milton,low,-6,Bp_N10_s1
single,land,0.002792595843201536,0.010026522936684814,3684744,0.9498616575441793,0.9595073668462945,362869,10262,8892,182150,5073,2614,10290.0007776618,370.43159672898554,milton_s037,milton,low,-6,Bp_N10_s1
single,active,0.005509315492968552,0.019995177277475133,4110456,0.9749006963469032,0.9841474792576056,778272,10662,9375,590705,5925,3590,22645.798923965544,1643.3895520541207,milton_s041,milton,mid,0,Bp_N10_s1
single,land,0.0028483898512959654,0.010389447786127177,3684744,0.9492576613159064,0.9577990977159954,359070,10336,8858,182795,5242,2812,10495.5874142237,397.73357143286586,milton_s041,milton,mid,0,Bp_N10_s1
single,active,0.005953198673642391,0.02032174969672683,4110456,0.9754398733439915,0.9840841127539597,879202,11349,10788,639078,6777,3559,24470.361207265407,1697.5094450475697,milton_s046,milton,mid,-6,Bp_N10_s1
single,land,0.0033640391223650292,0.010888314487803207,3684744,0.9559383672681455,0.9632475901589685,460530,11023,10204,232134,6117,2740,12395.622971899807,436.84627075939915,milton_s046,milton,mid,-6,Bp_N10_s1
single,active,0.006033859352114227,0.02048048389853398,4110456,0.9752981730285735,0.9835355775291462,884455,11712,10689,644443,7079,3709,24801.913377054036,1724.1316764520777,milton_s049,milton,high,-6,Bp_N10_s1
single,land,0.0034500803069103,0.011224818651359231,3684744,0.955754412130251,0.9620589479851572,465245,11382,10156,236451,6392,2933,12712.662710405886,464.2650454727376,milton_s049,milton,high,-6,Bp_N10_s1
single,active,0.004988896666091322,0.02031522657607229,4110456,0.9804867763478614,0.9858983863305935,655677,7386,5663,547915,4908,2929,20506.64023451507,1696.4198457851637,milton_s059,milton,mid,0,Bp_N10_s1
single,land,0.0020620295451318185,0.009521046582487971,3684744,0.9502476107381466,0.954607872522846,235249,7077,5240,136949,4266,2246,7598.050994247198,334.02325229148846,milton_s059,milton,mid,0,Bp_N10_s1
single,active,0.005073029687140472,0.02046504366250144,4110456,0.9802250281025263,0.9864934176782356,660110,7999,5318,553920,4736,2848,20852.465315684676,1721.5330107777727,milton_s063,milton,high,6,Bp_N10_s1
single,land,0.002159420976712564,0.010072592762284322,3684744,0.9497594550824044,0.9568855653628046,239271,7717,4940,141909,4133,2261,7956.913487415761,373.8435324345325,milton_s063,milton,high,6,Bp_N10_s1
single,active,0.005799619921646757,0.0208763775512688,4110456,0.9749493031885058,0.984360934996734,790874,11237,9084,605821,6167,3458,23839.08250465244,1791.431839367109,milton_s068,milton,high,0,Bp_N10_s1
single,land,0.0030256242737122367,0.010898858633121306,3684744,0.9497596431181018,0.9592170219468138,370449,10958,8638,194887,5570,2716,11148.650888815522,437.69275638445777,milton_s068,milton,high,0,Bp_N10_s1
single,active,0.003846564264993396,0.017106446483818545,4110456,0.9849471928452288,0.9864888595284584,551533,3803,4626,471883,3438,3025,15811.133162427694,1202.8448409715584,dorian_s005,dorian,low,0,Bp_N10_s1
single,land,0.001105168040798822,0.007037977074986955,3684744,0.9576577704282976,0.9531235863566453,145360,2921,3506,84279,2302,1843,4072.261307325214,182.51687154107967,dorian_s005,dorian,low,0,Bp_N10_s1
single,active,0.003863875190948975,0.017187213571917295,4110456,0.9844761711099458,0.9866917051095989,551919,3930,4773,471834,3377,2987,15882.28896188736,1214.2299781486563,dorian_s006,dorian,low,6,Bp_N10_s1
single,land,0.0011252929936115823,0.00709788233158099,3684744,0.9560704866623805,0.9540565962896225,145730,3044,3652,84185,2241,1813,4146.416606452316,185.63715802709316,dorian_s006,dorian,low,6,Bp_N10_s1
single,active,0.0049412042125360454,0.01857151630851027,4110456,0.9736668919772115,0.9851990568692328,655419,7855,9871,507678,4110,3517,20310.602502644062,1417.7012809241571,dorian_s024,dorian,mid,6,Bp_N10_s1
single,land,0.0022784170734693058,0.009480936572951381,3684744,0.9405597310873588,0.957398457254425,249032,7030,8708,119648,3005,2319,8395.383640963584,331.2148519681804,dorian_s024,dorian,mid,6,Bp_N10_s1
single,active,0.0043316534658388705,0.01719182220367046,4110456,0.980210444386913,0.9853030763013614,594430,5683,6318,490073,3794,3516,17805.07097857818,1214.881240095866,dorian_s037,dorian,low,-6,Bp_N10_s1
single,land,0.0016114291471208404,0.008036273836747782,3684744,0.9483879480530026,0.9524829378337474,186877,4939,5231,100065,2810,2182,5937.703881278634,237.9670211908628,dorian_s037,dorian,low,-6,Bp_N10_s1
single,active,0.004418922503690784,0.01782935304643443,4110456,0.980525163031924,0.98499201404406,594966,5564,6253,491512,3903,3586,18163.786518830806,1306.6557174620916,dorian_s041,dorian,mid,0,Bp_N10_s1
single,land,0.0016271188838220714,0.008216597911226798,3684744,0.9491217290182358,0.951596477000547,186902,4848,5171,100913,2900,2233,5995.516544450074,248.76621015495562,dorian_s041,dorian,mid,0,Bp_N10_s1
single,active,0.004837979199569115,0.017971583470364733,4110456,0.9761829529587366,0.984818391478399,648779,7062,8767,510715,4150,3723,19886.300628744066,1327.5860869791684,dorian_s046,dorian,mid,-6,Bp_N10_s1
single,land,0.0021339567460756286,0.009084802226654257,3684744,0.9451588250279243,0.9561287355592734,241162,6316,7677,120586,3169,2364,7863.0843163616955,304.11530345833734,dorian_s046,dorian,mid,-6,Bp_N10_s1
single,active,0.0049421310993829955,0.018670625553140422,4110456,0.9759217558195458,0.9847651518205606,651378,7335,8736,512975,4186,3750,20314.41243024543,1432.873140692231,dorian_s049,dorian,high,-6,Bp_N10_s1
single,land,0.002168853800885666,0.009285664586351211,3684744,0.944507858119021,0.9564251578033461,243275,6630,7663,122278,3187,2384,7991.671029690653,317.71177046254627,dorian_s049,dorian,high,-6,Bp_N10_s1
single,active,0.0042772471912759045,0.017940926105887867,4110456,0.9847372031106112,0.9855581436301348,569959,3955,4879,492511,3790,3427,17581.43638086319,1323.060545231046,dorian_s059,dorian,mid,0,Bp_N10_s1
single,land,0.0012872748024365785,0.007718656886596618,3684744,0.9579887588157376,0.9530081503739188,160557,3203,3838,99272,2757,2138,4743.278104629368,219.52844044810683,dorian_s059,dorian,mid,0,Bp_N10_s1
single,active,0.004377011581161826,0.01871367453766413,4110456,0.9846495823985543,0.9855829631679651,573198,4166,4770,495012,3842,3399,17991.513515856117,1439.4883283599574,dorian_s063,dorian,high,6,Bp_N10_s1
single,land,0.0013482488357496134,0.008037033690552666,3684744,0.9580202596092371,0.9537458853267687,163330,3433,3724,101119,2776,2128,4967.951808035374,238.01202431014565,dorian_s063,dorian,high,6,Bp_N10_s1
single,active,0.004664063217877819,0.01833163518674276,4110456,0.9801619380622624,0.9847074859861177,603817,5773,6448,501352,4043,3743,19171.426638305187,1381.3140061024524,dorian_s068,dorian,high,0,Bp_N10_s1
single,land,0.0017348215470471564,0.008618767936865066,3684744,0.9489976271153339,0.9517361080519114,194368,5065,5381,108023,3092,2386,6392.373286552727,273.7144308728783,dorian_s068,dorian,high,0,Bp_N10_s1
single,active,0.007014032284117554,0.02337722827850603,4110456,0.9737003584337833,0.9831661715793243,1029841,13078,14738,763226,8326,4742,28830.871086444706,2246.3428377896257,irma_s005,irma,low,0,Bp_N10_s2
single,land,0.0045675841500325415,0.013493262473073659,3684744,0.958265863067141,0.9689527578450453,613087,12793,13908,357967,7725,3745,16830.378291327506,670.8744575945104,irma_s005,irma,low,0,Bp_N10_s2
single,active,0.00696968731048817,0.023345804269684862,4110456,0.9735524532627426,0.9832567181604019,1015791,12622,14973,754622,7928,4922,28648.593023519963,2240.307763582683,irma_s006,irma,low,6,Bp_N10_s2
single,land,0.0045195971847708655,0.013520788134928857,3684744,0.9576584093372078,0.9687039937895948,599136,12327,14163,349397,7339,3949,16653.55860900134,673.6143581465792,irma_s006,irma,low,6,Bp_N10_s2
single,active,0.00827280735146074,0.02533489752455482,4110456,0.9694886314886315,0.9797180291156067,1129939,15120,20441,827704,11741,5394,34005.01061465591,2638.325090709398,irma_s024,irma,mid,6,Bp_N10_s2
single,land,0.005913664630234345,0.01612148365942462,3684744,0.9538823132818938,0.9643825469908053,713069,14823,19652,421846,11137,4443,21790.34026426822,957.673202407078,irma_s024,irma,mid,6,Bp_N10_s2
single,active,0.007984864680599571,0.02373404469044041,4110456,0.9721031369711156,0.9799158483259417,1116302,13358,18677,818851,11642,5141,32821.43493555859,2315.439913005831,irma_s037,irma,low,-6,Bp_N10_s2
single,land,0.005445022745920687,0.015177426776152384,3684744,0.9575193832472236,0.9640218114983918,698136,13110,17863,411217,11186,4161,20063.514892894775,848.7965641684597,irma_s037,irma,low,-6,Bp_N10_s2
single,active,0.008069826606498166,0.024976886546864096,4110456,0.9722285056963346,0.9799751871125975,1108883,14608,17067,819908,11839,4915,33170.66719364002,2564.2868543298023,irma_s041,irma,mid,0,Bp_N10_s2
single,land,0.005560498025139604,0.015350926780003033,3684744,0.9574572534010067,0.9639437452071564,690432,14356,16322,411042,11372,4003,20489.011735145003,868.3134351795085,irma_s041,irma,mid,0,Bp_N10_s2
single,active,0.008619267000017233,0.024295712362095698,4110456,0.9702276970012873,0.9801841705155053,1165226,14857,20899,854206,11858,5411,35429.11775582284,2426.3267054642115,irma_s046,irma,mid,-6,Bp_N10_s2
single,land,0.00611798923097847,0.016419639785387866,3684744,0.95559385179101,0.9657603462266703,746917,14615,20094,446302,11387,4436,22543.22411091253,993.4238241926776,irma_s046,irma,mid,-6,Bp_N10_s2
single,active,0.008730933074360825,0.02582191270867983,4110456,0.9702272235160719,0.9801149769501615,1173973,15554,20471,864038,12245,5285,35888.1162411049,2740.733580747765,irma_s049,irma,high,-6,Bp_N10_s2
single,land,0.006288739997995667,0.016547253136889352,3684744,0.9557036739000885,0.9656999590276171,755349,15306,19704,454892,11770,4387,23172.396975174546,1008.925600030533,irma_s049,irma,high,-6,Bp_N10_s2
single,active,0.007984648489856173,0.025571422745968908,4110456,0.9740319344820952,0.9813145529486758,1063263,13681,14666,795904,10275,4880,32820.54629302025,2687.817565083592,irma_s059,irma,mid,0,Bp_N10_s2
single,land,0.00527676728772469,0.0154440106776695,3684744,0.9590259327087708,0.9653209655317804,643586,13462,14035,384636,9797,4021,19443.536602839828,878.8758010458597,irma_s059,irma,mid,0,Bp_N10_s2
single,active,0.008200185990046701,0.026461806719296467,4110456,0.9735473631237338,0.9812323581218355,1056258,13710,14990,798835,10255,5024,33706.50370390341,2878.2531566410203,irma_s063,irma,high,6,Bp_N10_s2
single,land,0.005450563779167822,0.015981585518090233,3684744,0.9580042143287176,0.9649524779361847,636498,13487,14415,386614,9811,4231,20083.932181905955,941.124428616064,irma_s063,irma,high,6,Bp_N10_s2
single,active,0.008634165156790524,0.026104811333635534,4110456,0.9721999946365436,0.979702523091575,1123835,14937,17199,839415,12194,5197,35490.35597372055,2801.1161745786353,irma_s068,irma,high,0,Bp_N10_s2
single,land,0.005995364142303006,0.01655208461273195,3684744,0.9574520744289524,0.9638292361572505,704071,14715,16573,427945,11708,4352,22091.382051166147,1009.5148593193475,irma_s068,irma,high,0,Bp_N10_s2
single,active,0.005770486653744264,0.019305322387793426,4110456,0.9744335854965606,0.9842289737413479,869338,9633,13176,646416,6428,3930,23719.33148880303,1531.9483410966411,matthew_s005,matthew,low,0,Bp_N10_s2
single,land,0.003416389159357165,0.011491405108646142,3684744,0.9542607625454147,0.9651007031532588,452812,9331,12373,242801,5728,3052,12588.519456606358,486.5792567900127,matthew_s005,matthew,low,0,Bp_N10_s2
single,active,0.005704210615649125,0.019182678692686483,4110456,0.9744620507376627,0.9848613086055662,852780,9496,12853,636507,5632,4152,23446.90675035864,1512.5457117821384,matthew_s006,matthew,low,6,Bp_N10_s2
single,land,0.0033233992543801865,0.01142647550875312,3684744,0.9535557163119948,0.9659706173997104,436308,9214,12037,232825,4962,3240,12245.875462181866,481.09617783292373,matthew_s006,matthew,low,6,Bp_N10_s2
single,active,0.007264558693247944,0.021303258353600224,4110456,0.9666271227249642,0.9814256254949236,991627,13752,20484,720071,8963,4665,29860.648868013173,1865.4433816740918,matthew_s024,matthew,mid,6,Bp_N10_s2
single,land,0.004915645473387492,0.014139673885903483,3684744,0.9453957757599685,0.9630803814131345,574725,13482,19713,315326,8287,3801,18112.895164191723,736.6922592782322,matthew_s024,matthew,mid,6,Bp_N10_s2
single,active,0.006823776580628437,0.02015169135899609,4110456,0.9703070160561397,0.9825529462219903,972595,11613,18150,719384,8302,4472,28048.83338850364,1669.2178089651275,matthew_s037,matthew,low,-6,Bp_N10_s2
single,land,0.004436617827523217,0.013132879517621618,3684744,0.9504639499078279,0.9647646586644104,553746,11415,17445,311290,7747,3622,16347.800920259207,635.5170995375339,matthew_s037,matthew,low,-6,Bp_N10_s2
single,active,0.006861739321166894,0.020829272178097987,4110456,0.9707044788461773,0.9822607312009746,957864,12214,16694,711144,8717,4126,28204.877563126385,1783.356601131007,matthew_s041,matthew,mid,0,Bp_N10_s2
single,land,0.004432769845771106,0.013277991911910142,3684744,0.9505590684014856,0.9634356257656024,539236,11998,16049,302803,8121,3371,16333.62209258601,649.6390459512695,matthew_s041,matthew,mid,0,Bp_N10_s2
single,active,0.007556092807796851,0.021223483214861148,4110456,0.9667243344308211,0.9818768767601711,1038231,13718,22019,757952,9392,4598,31058.987018365413,1851.4983443861715,matthew_s046,matthew,mid,-6,Bp_N10_s2
single,land,0.005186161504960741,0.014425012772357582,3684744,0.9467099449287683,0.9651815354702578,619207,13517,21338,349471,8834,3773,19109.67748843506,766.7251922493418,matthew_s046,matthew,mid,-6,Bp_N10_s2
single,active,0.007624606624108126,0.021718207682679343,4110456,0.9670872448780379,0.9819673126850406,1040259,13814,21589,759863,9568,4386,31340.61004570499,1938.8221260647433,matthew_s049,matthew,high,-6,Bp_N10_s2
single,land,0.005232627433988523,0.014440174650168962,3684744,0.9473154715359042,0.9653656338275866,621474,13600,20963,351312,8989,3615,19280.892541624606,768.3378220995584,matthew_s049,matthew,high,-6,Bp_N10_s2
single,active,0.00639771808553399,0.020548643484246343,4110456,0.974858394929417,0.9836452982939371,899612,10362,12839,681377,7106,4223,26297.5386909917,1735.6266830828947,matthew_s059,matthew,mid,0,Bp_N10_s2
single,land,0.003792604235168984,0.012429659027078347,3684744,0.9552803118691042,0.9643373339186108,479801,10185,12276,270216,6563,3430,13974.775699913502,569.2797696215268,matthew_s059,matthew,mid,0,Bp_N10_s2
single,active,0.006404725217689173,0.021185006315856514,4110456,0.9748681523905756,0.9847168465487202,883756,9959,12824,673696,6073,4383,26326.341199401766,1844.791119446465,matthew_s063,matthew,high,6,Bp_N10_s2
single,land,0.003748727752811791,0.012584393775956389,3684744,0.9547481267537593,0.9661710735070548,464442,9727,12286,262471,5543,3647,13813.10209480673,583.5417303767183,matthew_s063,matthew,high,6,Bp_N10_s2
single,active,0.007229721970114311,0.021659162415972367,4110456,0.9704248468846992,0.9823742494843889,971437,12704,16902,729239,8745,4339,29717.454050388187,1928.2943094759933,matthew_s068,matthew,high,0,Bp_N10_s2
single,land,0.004668265838880342,0.013870699888547895,3684744,0.9502334717507797,0.9642940610497498,551487,12522,16361,317705,8196,3568,17201.364540219307,708.9311687854872,matthew_s068,matthew,high,0,Bp_N10_s2
single,active,0.004016001156493303,0.020260011741936437,4110456,0.9860239951713159,0.9881676931127481,558695,3283,4636,490981,2799,3080,16507.596049714833,1687.2109649123408,ian_s005,ian,low,0,Bp_N10_s2
single,land,0.0011486036221380659,0.007675762381964895,3684744,0.95795953113745,0.9593491772560183,146290,2720,3700,93691,1941,2029,4232.310305051506,217.09527137606258,ian_s005,ian,low,0,Bp_N10_s2
single,active,0.004023848118173451,0.02027842136468614,4110456,0.9861197467710482,0.9881940333965509,558270,3276,4582,490834,2764,3100,16539.85064043477,1690.2785869639586,ian_s006,ian,low,6,Bp_N10_s2
single,land,0.0011500912479063092,0.007695892510606431,3684744,0.958241094126689,0.9595007589120893,145874,2709,3648,93559,1907,2042,4237.791825175285,218.2354542048151,ian_s006,ian,low,6,Bp_N10_s2
single,active,0.00433732494135671,0.020554092511957365,4110456,0.9817020699150719,0.9875464673052993,593219,4988,6069,502356,3141,3194,17828.383329149336,1736.5473016971782,ian_s024,ian,mid,6,Bp_N10_s2
single,land,0.0015039412807080323,0.008379756458829329,3684744,0.9498035218962764,0.9593884507479873,180797,4417,5138,104983,2302,2142,5541.638610441238,258.7438965682533,ian_s024,ian,mid,6,Bp_N10_s2
single,active,0.0042328750887445045,0.020044795074688752,4110456,0.984222751919402,0.9882862399943746,583026,4002,5344,505965,2991,3006,17399.04680578038,1651.5557753767266,ian_s037,ian,low,-6,Bp_N10_s2
single,land,0.0013285916731363779,0.007682797234801588,3684744,0.9546899303442212,0.9614309568752722,169404,3566,4474,105942,2183,2067,4895.52019603923,217.49339030313322,ian_s037,ian,low,-6,Bp_N10_s2
single,active,0.0043416620695994525,0.020523810039531416,4110456,0.9842293642053238,0.9879227802221232,586270,4138,5256,509699,3145,3086,17846.210903957486,1731.4341392053607,ian_s041,ian,mid,0,Bp_N10_s2
single,land,0.0014073970519086793,0.00831288128825309,3684744,0.9552357094560892,0.9605191280903628,172357,3639,4438,109017,2311,2170,5185.897842638195,254.63053210408802,ian_s041,ian,mid,0,Bp_N10_s2
single,active,0.00441654886386677,0.020221002097897765,4110456,0.9814042582869859,0.9878802221927196,605074,5228,6237,513430,3221,3078,18154.029776774347,1680.719938565678,ian_s046,ian,mid,-6,Bp_N10_s2
single,land,0.001538445910899359,0.008085750033639968,3684744,0.9496515290557802,0.9613346334845466,191445,4788,5362,113375,2424,2136,5668.7793395109475,240.9061809254615,ian_s046,ian,mid,-6,Bp_N10_s2
single,active,0.004533325517571916,0.02072526022960102,4110456,0.9811086914183531,0.9875139978671733,609554,5447,6290,517642,3391,3154,18634.03507365659,1765.5905202167246,ian_s049,ian,high,-6,Bp_N10_s2
single,land,0.0016280730617184746,0.008718666917099403,3684744,0.9494450456921277,0.960576362247287,195636,4960,5457,116930,2552,2247,5999.032445728779,280.09637823060785,ian_s049,ian,high,-6,Bp_N10_s2
single,active,0.0044644438762837385,0.021122245673823033,4110456,0.986407205769754,0.9881115570099239,583595,3639,4403,517559,3158,3069,18350.90011793375,1833.8769121385417,ian_s059,ian,mid,0,Bp_N10_s2
single,land,0.0013837911650465393,0.008534956070068088,3684744,0.9610120234771212,0.9614515519341426,168648,3231,3611,114456,2362,2227,5098.916192658246,268.4169273681707,ian_s059,ian,mid,0,Bp_N10_s2
single,active,0.004570827340214698,0.021378010499859813,4110456,0.9861677590530158,0.9877918256666655,588753,3638,4620,522370,3246,3210,18788.184665549546,1878.5578591668154,ian_s063,ian,high,6,Bp_N10_s2
single,land,0.0015099516564904133,0.009375962929079603,3684744,0.9604990065253848,0.9607106944759805,173542,3252,3885,118471,2462,2383,5563.785306543112,323.92098430064834,ian_s063,ian,high,6,Bp_N10_s2
single,active,0.004602664230950746,0.021210877554473675,4110456,0.9843889472626721,0.9878789597572388,597719,4431,5048,522504,3286,3125,18919.048804096878,1849.2996074578407,ian_s068,ian,high,0,Bp_N10_s2
single,land,0.001541388716621522,0.008786056087328199,3684744,0.9567099567099567,0.9617423388006315,182767,4014,4256,119383,2471,2278,5679.622825238854,284.44300822017755,ian_s068,ian,high,0,Bp_N10_s2
single,active,0.0044736824325033436,0.019020482541506036,4110456,0.980340205622214,0.9859750876796451,627903,5774,6818,514749,4242,3080,18388.874796777964,1487.0756587320216,milton_s005,milton,low,0,Bp_N10_s2
single,land,0.001771791307251602,0.008504801441380137,3684744,0.948125684365157,0.951189319762394,210409,5402,6110,110649,3494,2184,6528.597388647497,266.52360434688194,milton_s005,milton,low,0,Bp_N10_s2
single,active,0.004464235556450201,0.019048271932454383,4110456,0.9804565363142493,0.9865682232237032,625896,5856,6620,514446,3973,3031,18350.043828424066,1491.4241409669257,milton_s006,milton,low,6,Bp_N10_s2
single,land,0.0017610707909103795,0.00848870999191601,3684744,0.948102048986425,0.9535856229479869,208408,5493,5915,110368,3234,2138,6489.095030382276,265.51601025094396,milton_s006,milton,low,6,Bp_N10_s2
single,active,0.0056359958291902585,0.019884742504927343,4110456,0.975542780061665,0.9852302609022904,850486,8232,13090,617831,5332,3930,23166.512872070074,1625.2865700035818,milton_s024,milton,mid,6,Bp_N10_s2
single,land,0.0031596498533593993,0.010655864754409014,3684744,0.9553575762389519,0.9656191267890704,433012,7934,12300,213734,4679,2931,11642.500839266926,418.39329860464625,milton_s024,milton,mid,6,Bp_N10_s2
single,active,0.0053441371389460705,0.01982499509626711,4110456,0.9750148259545538,0.9855445892664306,779304,8281,11689,588651,4815,3819,21966.840567603707,1615.53429150677,milton_s037,milton,low,-6,Bp_N10_s2
single,land,0.002735747049404894,0.009908780233084972,3684744,0.9498857269242111,0.962174315566724,360759,8031,11002,181875,4261,2889,10080.527525812387,361.7826311474344,milton_s037,milton,low,-6,Bp_N10_s2
single,active,0.005414805436716653,0.019999299550222328,4110456,0.9748946406476695,0.9849810218978102,776099,8438,11548,590373,5080,3922,22257.319496184587,1644.0672352970591,milton_s041,milton,mid,0,Bp_N10_s2
single,land,0.002792427958147847,0.0102845965514715,3684744,0.9492552473025647,0.9602104155707523,357013,8170,10915,182536,4493,3071,10289.382164217532,389.746155275684,milton_s041,milton,mid,0,Bp_N10_s2
single,active,0.005837920577621274,0.02031341732099625,4110456,0.975186788834055,0.9851750400236903,876572,8886,13418,638754,5729,3883,23996.51566580683,1696.1176961110718,milton_s046,milton,mid,-6,Bp_N10_s2
single,land,0.003282641921503934,0.010736329381693123,3684744,0.9554453173566753,0.9661181469755041,458008,8632,12726,231907,5166,2967,12095.695124410093,424.73590345752325,milton_s046,milton,mid,-6,Bp_N10_s2
single,active,0.005919732661758077,0.02047433542048509,4110456,0.9751459595736212,0.9845789556553256,881883,9216,13261,644083,6019,4069,24332.800637919456,1723.0966233176548,milton_s049,milton,high,-6,Bp_N10_s2
single,land,0.003364060665454395,0.011068303964884675,3684744,0.9554357632903003,0.9647490360107183,462772,8956,12629,236186,5432,3198,12395.70235266909,451.4082326664358,milton_s049,milton,high,-6,Bp_N10_s2
single,active,0.004913636394493938,0.02030512352894602,4110456,0.9803793534666737,0.9864421920137163,654614,6375,6726,547724,4408,3120,20197.286199565977,1694.7329585777982,milton_s059,milton,mid,0,Bp_N10_s2
single,land,0.0020428822788964526,0.00947749369955772,3684744,0.949976480511265,0.9566737280729353,234268,6115,6221,136834,3836,2361,7527.498219870031,330.97434329167373,milton_s059,milton,mid,0,Bp_N10_s2
single,active,0.005006670270498,0.020450185635303632,4110456,0.9801316624955203,0.9868076559083059,659116,7049,6312,553681,4315,3087,20579.697853390127,1719.034184052726,milton_s063,milton,high,6,Bp_N10_s2
single,land,0.0021374949891197815,0.010043148679564294,3684744,0.9494126223454473,0.9581868815227383,238332,6820,5879,141758,3774,2412,7876.121836189181,371.661097050526,milton_s063,milton,high,6,Bp_N10_s2
single,active,0.005703977712237144,0.020854785812382315,4110456,0.9748412748438703,0.985163697182583,788747,9145,11211,605522,5362,3757,23445.94941113144,1787.728119635832,milton_s068,milton,high,0,Bp_N10_s2
single,land,0.00296658623587408,0.010802809304602848,3684744,0.9495003904608985,0.96159849832049,368409,8916,10678,194666,4837,2937,10931.110833119601,430.01216311554595,milton_s068,milton,high,0,Bp_N10_s2
single,active,0.003758862120850716,0.016976293392810458,4110456,0.9843320097898123,0.9867183674494328,550593,3198,5566,471531,2970,3377,15450.63735782355,1184.6109652536213,dorian_s005,dorian,low,0,Bp_N10_s2
single,land,0.0010883521874406944,0.006972158034152912,3684744,0.9555079846451673,0.954207653993215,144619,2487,4247,84101,2015,2021,4010.299192558974,179.11904508921387,dorian_s005,dorian,low,0,Bp_N10_s2
single,active,0.0037796548329093603,0.017061188403815472,4110456,0.983963655715046,0.9869263261008804,550998,3286,5694,471508,2933,3313,15536.104885861278,1196.48858984679,dorian_s006,dorian,low,6,Bp_N10_s2
single,land,0.001109117181483237,0.007031476098556211,3684744,0.9542558932308461,0.9550213128729753,145003,2572,4379,84018,1977,1980,4086.812879767269,182.1798457550625,dorian_s006,dorian,low,6,Bp_N10_s2
single,active,0.0048629963039106055,0.01845127143780962,4110456,0.973015674466672,0.9857425734878326,653417,6248,11873,507272,3414,3923,19989.13233538717,1399.402351565265,dorian_s024,dorian,mid,6,Bp_N10_s2
single,land,0.002253570865511839,0.009381561429633697,3684744,0.9388778125890059,0.9590761197027515,247230,5585,10510,119381,2508,2586,8303.831725269556,324.30793404581186,dorian_s024,dorian,mid,6,Bp_N10_s2
single,active,0.00426050237145667,0.017092587181745025,4110456,0.9795642622355099,0.9856176211311883,593038,4662,7710,489712,3269,3877,17512.6075357683,1200.8965886651022,dorian_s037,dorian,low,-6,Bp_N10_s2
single,land,0.001595826848317294,0.007975750252476202,3684744,0.9466176568052164,0.9540023495477599,185680,4043,6428,99885,2454,2362,5880.21340437606,234.39611702761144,dorian_s037,dorian,low,-6,Bp_N10_s2
single,active,0.004349642100497616,0.017740394412429153,4110456,0.9799458862488671,0.9853196359398101,593613,4542,7606,491171,3391,3927,17879.01246984303,1293.6492640109523,dorian_s041,dorian,mid,0,Bp_N10_s2
single,land,0.0016090387714437074,0.008148940550640986,3684744,0.9475319190177665,0.9531748209402882,185757,3970,6316,100742,2545,2404,5928.895958844572,244.6862805412745,dorian_s041,dorian,mid,0,Bp_N10_s2
single,active,0.004758533726213084,0.017857919329386032,4110456,0.9753525745899007,0.9850855755160978,646847,5647,10699,510296,3584,4142,19559.74350611493,1310.8461330136167,dorian_s046,dorian,mid,-6,Bp_N10_s2
single,land,0.002108978558883712,0.008997149509860318,3684744,0.9431644048767998,0.9573344362959546,239427,5016,9412,120358,2772,2592,7771.046090975404,298.27523406372194,dorian_s046,dorian,mid,-6,Bp_N10_s2
single,active,0.004867539065748768,0.0185711747247841,4110456,0.9752552181009281,0.9850681733014327,649519,5885,10595,512595,3640,4130,20007.805158041418,1417.6491301762499,dorian_s049,dorian,high,-6,Bp_N10_s2
single,land,0.002142669164375011,0.00919348887734979,3684744,0.942908208262115,0.957481192095581,241624,5316,9314,122053,2811,2609,7895.187347415835,311.43543888350064,dorian_s049,dorian,high,-6,Bp_N10_s2
single,active,0.004184972675578724,0.01779210006812586,4110456,0.9843824593691406,0.9858195517936865,569103,3294,5735,492199,3341,3739,17202.14604416862,1301.2011208927038,dorian_s059,dorian,mid,0,Bp_N10_s2
single,land,0.0012662707963475976,0.007654295367383943,3684744,0.9567273162556859,0.954231691232394,159850,2685,4545,99117,2461,2293,4665.883719217032,215.88265686088906,dorian_s059,dorian,mid,0,Bp_N10_s2
single,active,0.004293213352668027,0.018576161764906732,4110456,0.9843455468567262,0.9859101317512291,572330,3464,5638,494709,3368,3702,17647.064584754407,1418.410613761067,dorian_s063,dorian,high,6,Bp_N10_s2
single,land,0.0013287016561879632,0.007974842542778143,3684744,0.9570751802265706,0.9548945427031117,162631,2871,4423,100961,2483,2286,4895.92545542866,234.34276743297679,dorian_s063,dorian,high,6,Bp_N10_s2
single,active,0.004592528409946094,0.018228298397443075,4110456,0.9797202160488809,0.9849914084955627,602573,4781,7692,501008,3547,4087,18877.38595783338,1365.7847602494726,dorian_s068,dorian,high,0,Bp_N10_s2
single,land,0.0017147916444621694,0.0085550641675319,3684744,0.9477433747640411,0.9533527181454214,193297,4206,6452,107869,2738,2540,6318.568223182112,269.68318151005263,dorian_s068,dorian,high,0,Bp_N10_s2
