mode,mask,mae,rmse,n,csi_0.1,csi_0.3,tp_0.1,fp_0.1,fn_0.1,tp_0.3,fp_0.3,fn_0.3,sa,ss,sid,event,level,tau_h,config
single,active,0.006793251100626799,0.022168514703104308,4110456,0.9717610365592538,0.9852706244862297,1025686,10913,18893,762296,5724,5672,27923.35974607803,2020.0550094507291,irma_s005,irma,low,0,zero
single,land,0.004165367589234502,0.013043836552100526,3684744,0.9548698431026179,0.9728558611869357,608656,10428,18339,356755,4997,4957,15348.313232226297,626.9285050442808,irma_s005,irma,low,0,zero
single,active,0.006741274583347612,0.022191902995215593,4110456,0.97103483255188,0.9852508801493476,1010856,10245,19908,753645,5383,5899,27709.71255876869,2024.3196667713303,irma_s006,irma,low,6,zero
single,land,0.004140022291713223,0.0130510248295372,3684744,0.9532780031040997,0.9724234053309722,593937,9748,19362,348148,4675,5198,15254.922299256548,627.6196786501392,irma_s006,irma,low,6,zero
single,active,0.007771333646151678,0.023888514473164865,4110456,0.9649927315636047,0.983495168765563,1121199,11493,29181,825477,6232,7621,31943.725013826042,2345.677440021659,irma_s024,irma,mid,6,zero
single,land,0.005291753189951373,0.015034595516729204,3684744,0.9467283210257679,0.9710681891335509,704097,10995,28624,419349,5554,6940,19498.755816154182,832.8960787658825,irma_s024,irma,mid,6,zero
single,active,0.00774134262174527,0.022463098546238812,4110456,0.9690709687438113,0.9843650271802616,1110785,11258,24194,817399,6390,6593,31820.448227608576,2074.0982661880407,irma_s037,irma,low,-6,zero
single,land,0.004989213099024846,0.014861011855358083,3684744,0.9525524600109784,0.9720159529009591,692398,10888,23601,409452,5862,5926,18383.973031353205,813.7745088339881,irma_s037,irma,low,-6,zero
single,active,0.007557696166902134,0.023302796020333555,4110456,0.9696439725171767,0.9841947762110317,1102204,10760,23746,817608,5915,7215,31065.577555419877,2232.0610599791517,irma_s041,irma,mid,0,zero
single,land,0.0048599726374809245,0.014354954119273506,3684744,0.95309502030253,0.9716397248413461,683514,10398,23240,408489,5367,6556,17907.755016122013,759.2956955541704,irma_s041,irma,mid,0,zero
single,active,0.008335167496291668,0.023096006690177848,4110456,0.966087336813096,0.983160234563356,1157533,12041,28592,851870,6844,7747,34261.33924613707,2192.622149923976,irma_s046,irma,mid,-6,zero
single,land,0.0056240568205808686,0.016021206748244202,3684744,0.9490252331131798,0.9706503309084942,739005,11688,28006,443660,6337,7078,20723.209625294432,945.7966471530854,irma_s046,irma,mid,-6,zero
single,active,0.008310845677679644,0.02441499377800639,4110456,0.9664113668531458,0.9834556284086874,1165524,11589,28920,861396,6564,7927,34161.36548089236,2450.2096139662317,irma_s049,irma,high,-6,zero
single,land,0.005647940019399625,0.015876394146294635,3684744,0.9495936076021004,0.9713696245513743,746674,11256,28379,451988,6031,7291,20811.21309884265,928.7761713289985,irma_s049,irma,high,-6,zero
single,active,0.0074614661345767715,0.023880094501455815,4110456,0.9726051824406242,0.9851065967308434,1058139,10014,19790,794255,5479,6529,30670.028241667897,2344.0241721321813,irma_s059,irma,mid,0,zero
single,land,0.004541768472583469,0.014356940635004051,3684744,0.9565754276594309,0.9723858662378474,638318,9674,19303,382769,4982,5888,16735.2541287411,759.5058609364919,irma_s059,irma,mid,0,zero
single,active,0.007467619358914632,0.02463728890625491,4110456,0.9709012486231824,0.984651641852684,1048952,9142,22296,796338,4892,7521,30695.320799566805,2495.0303692907355,irma_s063,irma,high,6,zero
single,land,0.0046476425758936995,0.014726052079299409,3684744,0.9535834853011844,0.9713126263405699,629059,8766,21854,383922,4416,6923,17125.373095668852,799.0610919765289,irma_s063,irma,high,6,zero
single,active,0.007939010990032082,0.02429381633737309,4110456,0.9699704732957013,0.984804329725229,1116921,10466,24113,837387,5696,7225,32632.955358043313,2425.9480216993834,irma_s068,irma,high,0,zero
single,land,0.005078901263855879,0.015162294165251894,3684744,0.9537953117944087,0.9730078149107309,697005,10126,23639,425688,5200,6609,18714.450958585367,847.104827481058,irma_s068,irma,high,0,zero
single,active,0.0038923464170476916,0.0203357014631397,4110456,0.9852839158376617,0.9890026141162276,559592,4619,3739,491831,3239,2230,15999.318684032187,1699.8410735153652,ian_s005,ian,low,0,zero
single,land,0.001106783594552966,0.007397549731908525,3684744,0.9551986475063398,0.9621959807713898,146900,3800,3090,94275,2259,1445,4078.2142093274742,201.64298012491946,ian_s005,ian,low,0,zero
single,active,0.003893056625070458,0.020339245184272114,4110456,0.9853050018326895,0.9890730828108247,559133,4620,3719,491689,3187,2245,16002.237962860614,1700.433557388966,ian_s006,ian,low,6,zero
single,land,0.0011060078046650852,0.00739947942982344,3684744,0.9552305976428231,0.962411318517307,146455,3797,3067,94145,2221,1456,4075.3556221928447,201.74819355458806,ian_s006,ian,low,6,zero
single,active,0.00416689117597093,0.020541735456557856,4110456,0.9812298729216132,0.9884685803191866,593857,5929,5431,503174,3494,2376,17127.822835616767,1734.4599158615963,ian_s024,ian,mid,6,zero
single,land,0.0014146812011546078,0.008004995885737887,3684744,0.9483696363417455,0.9624948707427164,181168,5096,4767,105552,2540,1573,5212.738067867234,236.11824492702016,ian_s024,ian,mid,6,zero
single,active,0.004066254420122633,0.0181998506413278,4110456,0.9841895767821693,0.9893743105114663,584024,5036,4346,506713,3184,2258,16714.159878719598,1361.525098397785,ian_s037,ian,low,-6,zero
single,land,0.001253044545620156,0.00742897384241831,3684744,0.9546135418828928,0.9646537426248675,170157,4369,3721,106437,2328,1572,4617.1483712065965,203.35974036366926,ian_s037,ian,low,-6,zero
single,active,0.0041097869588279,0.019968064827556073,4110456,0.9843630796986632,0.9892710683194182,587083,4883,4443,510452,3203,2333,16893.09846363589,1638.9358672227597,ian_s041,ian,mid,0,zero
single,land,0.0013020723318975004,0.007838988895672453,3684744,0.9555438897024287,0.964606914776481,172920,4170,3875,109507,2338,1680,4797.803212525323,226.42658621515605,ian_s041,ian,mid,0,zero
single,active,0.004218168076452515,0.018249324725447373,4110456,0.9816284919641873,0.9888944666593579,605653,5677,5658,514147,3413,2361,17338.5942788627,1368.9374408230685,ian_s046,ian,mid,-6,zero
single,land,0.0014390777333826033,0.007780175152349446,3684744,0.950266333027773,0.9640782454060463,191778,5008,5029,113848,2579,1663,5302.6330436151475,223.04170113545095,ian_s046,ian,mid,-6,zero
single,active,0.00427457349400243,0.020030609361764297,4110456,0.9813044716421656,0.98863948484756,609919,5695,5925,518316,3476,2480,17570.446265863255,1649.2189886107942,ian_s049,ian,high,-6,zero
single,land,0.0015003022687733133,0.008205966898757374,3684744,0.9498071184220104,0.9636578616765337,195741,4992,5352,117361,2610,1816,5528.229783048853,248.12289625926155,ian_s049,ian,high,-6,zero
single,active,0.0042017561597946056,0.01993430840591014,4110456,0.9864503220686686,0.9894325458495775,584240,4267,3758,518243,3150,2385,17271.133817564696,1633.3992419193114,ian_s059,ian,mid,0,zero
single,land,0.0012747236585280396,0.0080126129224554,3684744,0.9610170358622807,0.9655383943127006,169065,3664,3194,114901,2319,1782,4697.030352419242,236.5678084359345,ian_s059,ian,mid,0,zero
single,active,0.004322343001804908,0.0216583607542933,4110456,0.9859934886117626,0.989099353979757,589350,4349,4023,523012,3196,2568,17766.800725826994,1928.1515697876882,ian_s063,ian,high,6,zero
single,land,0.0013817850394751946,0.008862717106166816,3684744,0.9599509941888379,0.9645632879557365,173946,3776,3481,118894,2408,1960,5091.5241334959865,289.42836712187284,ian_s063,ian,high,6,zero
single,active,0.0043237907975096366,0.020031095455219545,4110456,0.9848788132189396,0.989254041788787,598306,4725,4461,523167,3221,2462,17772.751826368272,1649.2990345314633,ian_s068,ian,high,0,zero
single,land,0.0014088713230503102,0.00825378433593995,3684744,0.9580373117930796,0.9657643568825977,183125,4123,3898,119805,2391,1856,5191.330154381692,251.02302237090402,ian_s068,ian,high,0,zero
single,active,0.00410317614590395,0.015361564199602837,4110456,0.978972304454883,0.9881757307256551,628976,7765,5745,515471,3810,2358,16865.925007987767,969.9757664570396,milton_s005,milton,low,0,zero
single,land,0.0016603989640050934,0.008005042643419152,3684744,0.94437144108629,0.9586021319902025,211288,7215,5231,111148,3115,1685,6118.145120223984,236.1210032979271,milton_s005,milton,low,0,zero
single,active,0.004099108808181921,0.015323863953570908,4110456,0.9788596652910506,0.9886300397228992,626664,7682,5852,515185,3633,2292,16849.206395244226,965.220592869379,milton_s006,milton,low,6,zero
single,land,0.0016518130736009353,0.00801089389425669,3684744,0.943741984429472,0.9607471129939098,208986,7121,5337,110900,2925,1606,6086.508312072605,236.46631267809693,milton_s006,milton,low,6,zero
single,active,0.005287235106322746,0.016827526796432322,4110456,0.9740985766245668,0.9870165953172878,850315,9349,13261,618130,4500,3631,21732.94726619497,1163.939978267989,milton_s024,milton,mid,6,zero
single,land,0.002951170515630038,0.01027582126617454,3684744,0.9524866452638578,0.9694442176685625,432568,8834,12744,213745,3817,2920,10874.30785044469,389.08134074804497,milton_s024,milton,mid,6,zero
single,active,0.0048776407047165455,0.01608700012290404,4110456,0.9742654721033525,0.9871975142496577,780676,10304,10317,589042,4211,3428,20049.32750054635,1063.7513737995002,milton_s037,milton,low,-6,zero
single,land,0.0025001682773396947,0.009464787934403847,3684744,0.9483140355979678,0.966067059092043,361925,9890,9836,182008,3637,2756,9212.480058917776,330.0875131744023,milton_s037,milton,low,-6,zero
single,active,0.004887714582002281,0.016282664145892918,4110456,0.9748756823989347,0.9874101681318314,777516,9907,10131,590807,4045,3488,20090.73572987877,1089.785270506631,milton_s041,milton,mid,0,zero
single,land,0.00252319397889172,0.009609898190839686,3684744,0.9491489497000657,0.9666079542148664,358224,9488,9704,182744,3450,2863,9297.32387455739,340.2866361964808,milton_s041,milton,mid,0,zero
single,active,0.00540351355685271,0.016751030742577593,4110456,0.9743408220761396,0.9871150545292746,876707,9805,13283,638927,4630,3710,22210.904720846564,1153.3817494044922,milton_s046,milton,mid,-6,zero
single,land,0.0030361736681562583,0.010411768659937646,3684744,0.9537804011905332,0.970429061138387,457930,9387,12804,231852,4043,3022,11187.522706696764,399.44440296318345,milton_s046,milton,mid,-6,zero
single,active,0.00542342565306551,0.01693074510234215,4110456,0.9745411944142043,0.9871024967752412,881760,9651,13384,644343,4610,3809,22292.75251619704,1178.2627456103367,milton_s049,milton,high,-6,zero
single,land,0.003072387199085283,0.010543209638968636,3684744,0.9542482176573156,0.9704773095157885,462443,9214,12958,236220,4022,3164,11320.960297506303,409.593451302234,milton_s049,milton,high,-6,zero
single,active,0.004358495036147117,0.015602704896927859,4110456,0.9801875832619392,0.9893216284381325,655572,7483,5768,548379,3454,2465,17915.402072301134,1000.66749505998,milton_s059,milton,mid,0,zero
single,land,0.0018340040004608663,0.008569592773842232,3684744,0.9493822722848454,0.9658895860885225,235068,7112,5421,137307,2961,1888,6757.835236674175,270.5999362328677,milton_s059,milton,mid,0,zero
single,active,0.0044496646761182975,0.016093976772374206,4110456,0.980516410988227,0.9898699503765064,659613,7292,5815,554344,3249,2424,18290.150865938514,1064.6742344536385,milton_s063,milton,high,6,zero
single,land,0.0019008078427637351,0.008960957838236576,3684744,0.9503947635599193,0.968352922760714,238704,6952,5507,142283,2763,1887,7003.990293776616,295.8803939364013,milton_s063,milton,high,6,zero
single,active,0.0050748666347315,0.01665640541530248,4110456,0.9751008340887143,0.988007723065483,789584,9788,10374,605874,3949,3405,20860.016007931903,1140.3878187288117,milton_s068,milton,high,0,zero
single,land,0.0026395460616743414,0.009983118832620395,3684744,0.9499737462549805,0.9688488392910426,369080,9429,10007,194820,3481,2783,9726.05151347816,367.2313944512444,milton_s068,milton,high,0,zero
single,active,0.0038260445853246974,0.015803436577140166,4110456,0.9829718357760608,0.9871418097965373,552036,5440,4123,472605,3853,2303,15726.787922015414,1026.5806627971,dorian_s005,dorian,low,0,zero
single,land,0.0011357605663296928,0.00720588736285541,3684744,0.951211230819458,0.954103233942888,145678,4284,3188,84732,2686,1390,4184.986932219937,191.32964199644937,dorian_s005,dorian,low,0,zero
single,active,0.003838760188797185,0.015837528231053687,4110456,0.9831445681529478,0.9871351870808699,552600,5382,4092,472512,3849,2309,15779.054850602522,1031.0145821783403,dorian_s006,dorian,low,6,zero
single,land,0.0011535316871147435,0.007240970917875757,3684744,0.9518874618374029,0.9540201373307325,146228,4237,3154,84613,2693,1385,4250.4689629059285,193.19724398161296,dorian_s006,dorian,low,6,zero
single,active,0.004801889034049057,0.016764589133586475,4110456,0.9704319837822699,0.9862620781736074,654864,9527,10426,508210,4094,2985,19737.953591341153,1155.2496141025001,dorian_s024,dorian,mid,6,zero
single,land,0.0022861933387517287,0.009474788230097753,3684744,0.9328174014313354,0.9599334357398873,248302,8445,9438,119984,3025,1983,8424.0371878054,330.78540870648465,dorian_s024,dorian,mid,6,zero
single,active,0.004307678963587302,0.016321890464905862,4110456,0.9779827804349149,0.9860834590650382,594415,7049,6333,490826,4164,2763,17706.524841951206,1095.0423655852687,dorian_s037,dorian,low,-6,zero
single,land,0.0016100463824095645,0.00809413953047822,3684744,0.942125074425035,0.953298500810757,186716,6078,5392,100532,3210,1715,5932.6087473053485,241.40635224840986,dorian_s037,dorian,low,-6,zero
single,active,0.0042722734107497745,0.01625163464792657,4110456,0.978263657348038,0.9861244335328526,595023,7025,6196,492438,4269,2660,17560.991874856874,1085.6356708057158,dorian_s041,dorian,mid,0,zero
single,land,0.0016153884933657302,0.008201679744982468,3684744,0.9427722092682878,0.953677782996712,186799,6065,5274,101519,3304,1627,5952.293058598414,247.86370361269357,dorian_s041,dorian,mid,0,zero
single,active,0.004722600015079634,0.016646010543641537,4110456,0.9742058781990991,0.9861077100762967,648410,8032,9136,511428,4195,3010,19412.039567584172,1138.9648843363545,dorian_s046,dorian,mid,-6,zero
single,land,0.0021066552654257532,0.009038495011520455,3684744,0.940335014789258,0.95873503758922,240659,7090,8180,121024,3283,1926,7762.485349345952,301.0229210256666,dorian_s046,dorian,mid,-6,zero
single,active,0.004698205571643426,0.01666764861191556,4110456,0.9743552138113097,0.9861834919794,651070,8092,9044,513773,4246,2952,19311.76728119515,1141.9278787213689,dorian_s049,dorian,high,-6,zero
single,land,0.0021242184349074857,0.009136000802695282,3684744,0.9407108652192105,0.9591543353594699,242805,7170,8133,122766,3332,1896,7827.201132714748,307.55272438060723,dorian_s049,dorian,high,-6,zero
single,active,0.00406487707403852,0.01632512995303579,4110456,0.9838714962498469,0.9873690277032923,570491,5005,4347,493412,3786,2526,16708.498358244076,1095.4770859120117,dorian_s059,dorian,mid,0,zero
single,land,0.0012495051658715387,0.007622588998857193,3684744,0.9549817469504052,0.9587124265806749,160881,4070,3514,99894,2786,1516,4604.106662914157,214.09786073372305,dorian_s059,dorian,mid,0,zero
single,active,0.004074271143348368,0.016436609114177898,4110456,0.9837247789811265,0.9874547474819886,573605,5127,4363,495882,3771,2529,16747.11226680316,1110.4895037243964,dorian_s063,dorian,high,6,zero
single,land,0.0012934107881697173,0.007785506932362081,3684744,0.9549831529895414,0.9591093842831411,163538,4193,3516,101703,2792,1544,4765.887641243637,223.34750833010918,dorian_s063,dorian,high,6,zero
single,active,0.004419370320959223,0.01662235288551412,4110456,0.9785364604686814,0.9865450596153431,603848,6828,6417,502330,4086,2765,18165.627252008766,1135.7297434944455,dorian_s068,dorian,high,0,zero
single,land,0.001681737367727861,0.008475938178837166,3684744,0.944022323012829,0.9573126705996302,194192,5958,5557,108722,3161,1687,6196.771675311029,264.71763929109414,dorian_s068,dorian,high,0,zero
single,active,0.004885089458357354,0.017989726133813774,4110456,0.9683888059643172,0.9818971295849576,619580,9775,10450,459954,4889,3591,20079.945274641737,1330.267887971492,beryl_s005,beryl,low,0,zero
single,land,0.0023205542127903724,0.009854257688861284,3684744,0.9285193077886218,0.9410574645170758,223957,7978,9263,89775,3146,2477,8550.648212254047,357.81220485838793,beryl_s005,beryl,low,0,zero
single,active,0.004773474659746953,0.01784068122288158,4110456,0.9692808936467303,0.9821011252942828,608090,9353,9919,454703,4721,3566,19621.157556004822,1308.3166558978926,beryl_s006,beryl,low,6,zero
single,land,0.002196335458514836,0.009603284293541495,3684744,0.92866628806081,0.9393410938819035,212581,7573,8756,84567,2986,2475,8092.933902749792,339.8184009794891,beryl_s006,beryl,low,6,zero
single,active,0.0058994006468666895,0.01927747421907519,4110456,0.9624822879840906,0.9801284550811856,742429,11899,17041,532888,5446,5358,24249.226785317063,1527.5318195994103,beryl_s024,beryl,mid,6,zero
single,land,0.0034145593350167216,0.01209407875817458,3684744,0.930029507086538,0.9527924552753577,346077,10212,15825,161747,3822,4192,12581.777022346854,538.9554963322072,beryl_s024,beryl,mid,6,zero
single,active,0.005667369155491455,0.01851324667797206,4110456,0.966036546357268,0.9811834317286598,726331,10554,14982,518370,5128,4813,23295.471549404785,1408.8189330972798,beryl_s037,beryl,low,-6,zero
single,land,0.0031532689126748635,0.011328541421866848,3684744,0.9347399858650799,0.9518316785870097,328004,9090,13810,143995,3666,3621,11618.988706365228,472.8847560247303,beryl_s037,beryl,low,-6,zero
single,active,0.005595520334553972,0.018925742547576865,4110456,0.9663680055672749,0.9812102308172177,710984,10333,14411,511186,5187,4602,23000.14013228938,1472.2984660974582,beryl_s041,beryl,mid,0,zero
single,land,0.0030935490930838958,0.011373335591810772,3684744,0.9340127921573316,0.9502629089695082,312502,8821,13257,136625,3715,3436,11398.936459446326,476.6318154461587,beryl_s041,beryl,mid,0,zero
single,active,0.006138191534701529,0.019101262793946902,4110456,0.9625016640550671,0.980509505439127,788080,11749,18954,564244,5431,5785,25230.76622296311,1499.7337430868447,beryl_s046,beryl,mid,-6,zero
single,land,0.003687130043341472,0.012404152220303452,3684744,0.9326682574821034,0.956418019074382,389292,10330,17774,189234,4024,4599,13586.13030442223,566.9457377159018,beryl_s046,beryl,mid,-6,zero
single,active,0.0061242600677493785,0.01970092419208356,4110456,0.9625530752219675,0.9805517229410182,789127,11958,18742,564989,5521,5685,25173.501541040838,1595.3765472761315,beryl_s049,beryl,high,-6,zero
single,land,0.0036820601063694003,0.012440449884517797,3684744,0.9328186804650996,0.9565410132538071,390296,10520,17589,189882,4075,4552,13567.44888458401,570.2686436310055,beryl_s049,beryl,high,-6,zero
single,active,0.004967916887375003,0.017903540714883343,4110456,0.971058499714428,0.983467058655397,639275,9102,9951,481712,4579,3519,20420.403777211905,1317.5522899993648,beryl_s059,beryl,mid,0,zero
single,land,0.0023752517215927024,0.009903818085425294,3684744,0.9352423717344452,0.9487298849000977,239105,7651,8905,103940,3166,2451,8752.194529628381,361.42037276914806,beryl_s059,beryl,mid,0,zero
single,active,0.004868864421795612,0.018213897312876225,4110456,0.9717723819243198,0.9835057742139309,629416,8866,9417,477853,4517,3497,20013.252975756302,1363.6275635828665,beryl_s063,beryl,high,6,zero
single,land,0.002277966755694775,0.009736712667838304,3684744,0.9352159943169059,0.9480731765264908,229069,7437,8431,99761,3047,2417,8393.724335245788,349.32689891288265,beryl_s063,beryl,high,6,zero
single,active,0.005651937041578547,0.018723561992731872,4110456,0.9673880487762292,0.9819506462984724,720262,10069,14212,522275,5010,4590,23232.038524178788,1441.0098506180234,beryl_s068,beryl,high,0,zero
single,land,0.0031292314465129535,0.011402417143754295,3684744,0.9361683441358838,0.9530033186571999,319782,8675,13129,144157,3658,3451,11530.416797149926,479.0724212439898,beryl_s068,beryl,high,0,zero
single,active,0.006823506455611047,0.022464387123208245,4110456,0.9728986723963744,0.9851028210901379,1025586,9576,18993,760855,4393,7113,28047.723051505163,2074.3362308579103,irma_s005,irma,low,0,B_N1_s0
single,land,0.004222553184631356,0.013320636265687415,3684744,0.9566454542024575,0.9723157828493566,608526,9109,18469,355361,3767,6351,15559.02751175128,653.818582202588,irma_s005,irma,low,0,B_N1_s0
single,active,0.006789554834227102,0.022426538227060058,4110456,0.9721085758866258,0.9849972954530869,1010537,8767,20227,752074,3985,7470,27908.166405677795,2067.352270277904,irma_s006,irma,low,6,B_N1_s0
single,land,0.004210918850799979,0.013300035446495809,3684744,0.9549436936936937,0.9716880641363458,593593,8301,19706,346640,3394,6706,15516.157969972119,651.797840424219,irma_s006,irma,low,6,B_N1_s0
single,active,0.007886331439520286,0.02400381379044827,4110456,0.9668377720800078,0.9836953798206909,1122197,10308,28183,824441,5008,8657,32416.4183835648,2368.3751838424528,irma_s024,irma,mid,6,B_N1_s0
single,land,0.005339020546598247,0.01495070041565774,3684744,0.9495209724380712,0.9713526188707281,705063,9825,27658,418381,4431,7908,19672.923924954608,823.6266651542011,irma_s024,irma,mid,6,B_N1_s0
single,active,0.007811815551967458,0.023624985266365844,4110456,0.970515880429298,0.9843245674214811,1111724,10519,23255,816386,5395,7606,32110.124106477946,2294.209619323522,irma_s037,irma,low,-6,B_N1_s0
single,land,0.004973485520752023,0.014958727103845708,3684744,0.954701001824629,0.9718077981771422,693280,10176,22719,408479,4951,6899,18326.020931677893,824.5112750903631,irma_s037,irma,low,-6,B_N1_s0
single,active,0.007607630793326061,0.023595774438741387,4110456,0.9707440345161574,0.9840775617658971,1102474,9750,23476,816375,4761,8448,31270.831640211865,2288.539831126423,irma_s041,irma,mid,0,B_N1_s0
single,land,0.004907157126570492,0.01447404506285865,3684744,0.9548014394054702,0.9712585017790539,683761,9375,22993,407272,4279,7773,18081.617779187858,771.9464265919243,irma_s041,irma,mid,0,B_N1_s0
single,active,0.008372835898160803,0.0239562462170889,4110456,0.9679990646908261,0.9831159874825425,1159145,11340,26980,851055,6054,8562,34416.17355461046,2358.9978210548247,irma_s046,irma,mid,-6,B_N1_s0
single,land,0.0055547894881479735,0.01584893434258841,3684744,0.9518782012969068,0.9704938149864686,740566,10994,26445,442880,5607,7858,20467.977237716317,925.5661281348071,irma_s046,irma,mid,-6,B_N1_s0
single,active,0.008321205178441137,0.024566982984879047,4110456,0.9681757133980885,0.9833562084519468,1167100,11019,27344,860477,5718,8846,34203.94775295444,2480.810856458832,irma_s049,irma,high,-6,B_N1_s0
single,land,0.005613420847640441,0.01565458569801482,3684744,0.952281133146495,0.9710560193576998,748213,10653,26840,451073,5239,8206,20684.01878781803,903.0056697827022,irma_s049,irma,high,-6,B_N1_s0
single,active,0.007526991178014231,0.024491164802167096,4110456,0.9731957909072922,0.984734237575369,1057567,8766,20362,792586,4089,8198,30939.366049615666,2465.5220169599293,irma_s059,irma,mid,0,B_N1_s0
single,land,0.004588284490107152,0.014511035314177826,3684744,0.9574287601717563,0.9714424809663269,637705,8439,19916,381127,3674,7530,16906.653745215386,775.8970816447817,irma_s059,irma,mid,0,B_N1_s0
single,active,0.0076655518982929206,0.024729824146931208,4110456,0.9714847080630213,0.9838227863151324,1048232,7752,23016,794370,3573,9489,31508.913793649524,2513.8077448860295,irma_s063,irma,high,6,B_N1_s0
single,land,0.004756345618579981,0.014942598543909993,3684744,0.9543598654810692,0.9694500914949075,628299,7433,22614,381974,3166,8871,17525.915979988873,822.7342508355204,irma_s063,irma,high,6,B_N1_s0
single,active,0.007976980134695423,0.02478075350695186,4110456,0.9706664789432563,0.9844201106793831,1116877,9595,24157,836068,4688,8544,32789.02585653961,2524.1724324696156,irma_s068,irma,high,0,B_N1_s0
single,land,0.005104383911309124,0.01518119870586479,3684744,0.9548318593770336,0.9721134155224783,696927,9251,23717,424380,4257,7917,18808.347990892828,849.2185064202121,irma_s068,irma,high,0,B_N1_s0
single,active,0.0038911204380798993,0.02002789241134703,4110456,0.9860187240409487,0.9884485057999218,558834,3427,4497,490652,2325,3409,15994.279351428151,1648.7716190627668,ian_s005,ian,low,0,B_N1_s0
single,land,0.0011170173589993562,0.007941903845384438,3684744,0.9577620710210338,0.9592311094198352,146211,2669,3779,93267,1511,2453,4115.923011468723,232.41094129799637,ian_s005,ian,low,0,B_N1_s0
single,active,0.003901725682030461,0.020069456871193613,4110456,0.9860668157111222,0.9884554156171285,558384,3422,4468,490521,2316,3413,16037.871740056202,1655.622206413511,ian_s006,ian,low,6,B_N1_s0
single,land,0.0011187726506320297,0.007950011062543201,3684744,0.9578878894006794,0.9592816097872429,145780,2667,3742,93152,1505,2449,4122.390811780468,232.8856807864219,ian_s006,ian,low,6,B_N1_s0
single,active,0.004213388344693398,0.020282378974702336,4110456,0.9823085188993366,0.9877341299359648,593278,4675,6010,501925,2608,3625,17318.947401775047,1690.9384131028435,ian_s024,ian,mid,6,B_N1_s0
single,land,0.0014409346743830128,0.008499546591072632,3684744,0.9515499486423135,0.9591602562925701,180647,3910,5288,104489,1813,2636,5309.47539582476,266.1943529284891,ian_s024,ian,mid,6,B_N1_s0
single,active,0.004155693604768072,0.01934409666910986,4110456,0.984776681326659,0.988767758146993,583298,3945,5072,505641,2414,3330,17081.79571188055,1538.1082846279246,ian_s037,ian,low,-6,B_N1_s0
single,land,0.0012731119934803255,0.007924289067040001,3684744,0.9563615227475367,0.9620114685799199,169473,3328,4405,105524,1682,2485,4691.091779304668,231.3811309929179,ian_s037,ian,low,-6,B_N1_s0
single,active,0.004168171603317342,0.019785247994206754,4110456,0.9849783569416519,0.988457447634427,586398,3815,5128,509277,2439,3508,17133.08597588539,1609.062820923614,ian_s041,ian,mid,0,B_N1_s0
single,land,0.0013301725692288098,0.008354499069819932,3684744,0.9573258495651449,0.9612611176074555,172266,3150,4529,108511,1697,2676,4901.345393430442,257.18648939798237,ian_s041,ian,mid,0,B_N1_s0
single,active,0.004324930825529567,0.019400091896425085,4110456,0.982620357756948,0.9884577896436015,605189,4582,6122,513146,2630,3362,17777.43786138296,1547.025876359733,ian_s046,ian,mid,-6,B_N1_s0
single,land,0.001461493691978196,0.008231035785789377,3684744,0.9531641471372002,0.9624412345847244,191362,3958,5445,113006,1905,2505,5385.2301125545055,249.64122215686618,ian_s046,ian,mid,-6,B_N1_s0
single,active,0.004352240125120656,0.01988280034166659,4110456,0.9823155478763185,0.9880127303848152,609460,4588,6384,517197,2676,3599,17889.691535742953,1624.9690986849703,ian_s049,ian,high,-6,B_N1_s0
single,land,0.0015315560512102473,0.00866936248116378,3684744,0.9526303980958513,0.9612332692037752,195314,3933,5779,116414,1932,2763,5643.391970360652,276.9374214743183,ian_s049,ian,high,-6,B_N1_s0
single,active,0.004325875112684137,0.02007719487477576,4110456,0.9868324922544072,0.9886695354452183,583518,3306,4480,517176,2475,3452,17781.319312183186,1656.8991398550993,ian_s059,ian,mid,0,B_N1_s0
single,land,0.001307658932310591,0.008521264970909645,3684744,0.9622547702998474,0.9623125759827097,168384,2730,3875,113984,1765,2699,4818.388404877856,267.5564717949884,ian_s059,ian,mid,0,B_N1_s0
single,active,0.0044649988597542075,0.02104577952558981,4110456,0.9863948086424305,0.9882732541956301,588566,3311,4807,521916,2529,3664,18353.181353069842,1820.6230490264547,ian_s063,ian,high,6,B_N1_s0
single,land,0.0014156899376290728,0.009316454944116866,3684744,0.9610595012153298,0.9615412826092271,173181,2771,4246,117984,1849,2870,5216.4550035391,319.8222662332463,ian_s063,ian,high,6,B_N1_s0
single,active,0.004455072640062688,0.020158113500762766,4110456,0.9851020125553914,0.9883980044870642,597555,3825,5212,522057,2556,3572,18312.380063781515,1670.281904418795,ian_s068,ian,high,0,B_N1_s0
single,land,0.001449066922905343,0.008751751268897276,3684744,0.9587264212921841,0.9622759145600881,182414,3244,4609,118843,1841,2818,5339.4406497739255,282.2261509082274,ian_s068,ian,high,0,B_N1_s0
single,active,0.004182627061354711,0.0164845135883952,4110456,0.9803670780840315,0.9877151811708313,628530,6396,6191,514327,2895,3502,17192.50450010784,1116.9719767608426,milton_s005,milton,low,0,B_N1_s0
single,land,0.0016715677339720185,0.008398377436125638,3684744,0.9479744615799649,0.9564352479238334,210839,5891,5680,110101,2283,2732,6159.2991783469915,259.8951036348641,milton_s005,milton,low,0,B_N1_s0
single,active,0.004176653135462969,0.016491719847799964,4110456,0.9807981338259699,0.9882145754747815,626475,6224,6041,514004,2657,3473,17167.948940582573,1117.9487661740259,milton_s006,milton,low,6,B_N1_s0
single,land,0.0016637990468472497,0.008399406564059126,3684744,0.94891406601497,0.9585341155108597,208800,5718,5523,109802,2046,2704,6130.673555076122,259.958802057664,milton_s006,milton,low,6,B_N1_s0
single,active,0.0053696496637244805,0.017544918725315255,4110456,0.9758738819771737,0.9866709961003106,850599,8052,12977,616845,3417,4916,22071.708678154275,1265.297719173166,milton_s024,milton,mid,6,B_N1_s0
single,land,0.002960574602982239,0.010484856803721994,3684744,0.9558163670891666,0.9684417247239904,432851,7548,12461,212541,2802,4124,10908.959504891187,405.07209613805475,milton_s024,milton,mid,6,B_N1_s0
single,active,0.005141330701719742,0.018042395199193026,4110456,0.9754750643567018,0.9865725638650611,780223,8846,10770,587942,3474,4528,21133.213630868122,1338.068621572262,milton_s037,milton,low,-6,B_N1_s0
single,land,0.0025272210521462245,0.009768948683327965,3684744,0.9506736836014654,0.9642931362466497,361468,8462,10293,180966,2903,3798,9312.162608569488,351.64380993732505,milton_s037,milton,low,-6,B_N1_s0
single,active,0.005117568393783757,0.017464516581919158,4110456,0.9760294365202797,0.9864681255500932,776937,8371,10710,589539,3331,4756,21035.539709638804,1253.7274693577158,milton_s041,milton,mid,0,B_N1_s0
single,land,0.0025628420589031697,0.009938249293045927,3684744,0.9513708943669091,0.9635877238611875,357607,7958,10321,181538,2791,4069,9443.416899491102,363.93773954198554,milton_s041,milton,mid,0,B_N1_s0
single,active,0.005585795498157938,0.01832024983469727,4110456,0.9759419267160925,0.9867550386085752,876836,8461,13154,637798,3722,4839,22960.166620176286,1379.5987349521577,milton_s046,milton,mid,-6,B_N1_s0
single,land,0.003043491052610323,0.010583935472757764,3684744,0.9566318858498605,0.9694774830792241,458043,8074,12691,230756,3147,4118,11214.485395159572,412.76388094651446,milton_s046,milton,mid,-6,B_N1_s0
single,active,0.005573588660487169,0.017836292517561764,4110456,0.9760166205660689,0.9864839571782308,881791,8315,13353,643008,3666,5144,22909.990951031446,1307.6730582718742,milton_s049,milton,high,-6,B_N1_s0
single,land,0.003093332063837159,0.010744948968331282,3684744,0.9568007878854339,0.9686743609726328,462440,7918,12961,234920,3133,4464,11398.136762231588,425.4181696979272,milton_s049,milton,high,-6,B_N1_s0
single,active,0.004533475972643941,0.01709258336559025,4110456,0.9810099654236354,0.9884565436099175,654832,6168,6508,547256,2803,3588,18634.653512610123,1200.896052431858,milton_s059,milton,mid,0,B_N1_s0
single,land,0.0018614259886510366,0.008907262089309602,3684744,0.9513017989306289,0.962769076432896,234318,5824,6171,136279,2354,2916,6858.878243125975,292.3450756980084,milton_s059,milton,mid,0,B_N1_s0
single,active,0.004579870447983572,0.016927857587424246,4110456,0.981522020783259,0.989132611463146,659094,6074,6334,553210,2520,3558,18825.35596213676,1177.8608777527793,milton_s063,milton,high,6,B_N1_s0
single,land,0.0019360170612891662,0.009326217044168708,3684744,0.9527602208176654,0.965329814581852,238171,5769,6040,141193,2094,2977,7133.727250482887,320.49285879692974,milton_s063,milton,high,6,B_N1_s0
single,active,0.005383562596089579,0.01813439283646283,4110456,0.9762323388175437,0.9870179906618344,788990,8241,10968,604588,3261,4691,22128.89717447199,1351.748955007622,milton_s068,milton,high,0,B_N1_s0
single,land,0.0026914509555391384,0.010288011670527892,3684744,0.9521349719885059,0.9659337534238374,368461,7897,10626,193605,2830,3998,9917.307759717107,390.0050376746652,milton_s068,milton,high,0,B_N1_s0
single,active,0.0038023053692889447,0.01606719518595712,4110456,0.9837202867114765,0.9868959971857175,551026,3986,5133,471306,2656,3602,15629.208919025958,1061.133786871457,dorian_s005,dorian,low,0,B_N1_s0
single,land,0.0011195049403447145,0.007314607259587208,3684744,0.9536256323777403,0.9532171734426603,144768,2942,4098,83702,1688,2420,4125.089111905545,197.14662455827505,dorian_s005,dorian,low,0,B_N1_s0
single,active,0.003820504870192809,0.01610880569452933,4110456,0.9837336310744721,0.9868245790399598,551546,3974,5146,471189,2659,3632,15704.017166713253,1066.6371110069858,dorian_s006,dorian,low,6,B_N1_s0
single,land,0.0011359644595253069,0.007343209175379861,3684744,0.9537609065304595,0.9529222630150731,145274,2935,4108,83577,1708,2421,4185.738226449117,198.69142264404195,dorian_s006,dorian,low,6,B_N1_s0
single,active,0.004833129179621112,0.017110157527789653,4110456,0.9728872862612666,0.9857081459095426,654543,7494,10747,506860,3014,4335,19866.364835148677,1203.3667838876688,dorian_s024,dorian,mid,6,B_N1_s0
single,land,0.0022530998696845563,0.009504161830024307,3684744,0.9388751390749529,0.9579078857234959,248094,6506,9646,118862,2118,3105,8302.09622622095,332.8395801088319,dorian_s024,dorian,mid,6,B_N1_s0
single,active,0.004400146294900141,0.017261853945037427,4110456,0.9792892429753157,0.9855094637414492,593699,5507,7049,489540,3149,4049,18086.607738750055,1224.7991577077337,dorian_s037,dorian,low,-6,B_N1_s0
single,land,0.0016190160646415847,0.008406113099847873,3684744,0.9459110546378653,0.951573108922253,186108,4642,6000,99506,2323,2741,5965.659730091691,260.3740978330078,dorian_s037,dorian,low,-6,B_N1_s0
single,active,0.004324320392240491,0.016757637264446165,4110456,0.9793573974133697,0.9856311630548882,594135,5439,7084,491072,3133,4026,17774.928702207282,1154.2917046760112,dorian_s041,dorian,mid,0,B_N1_s0
single,land,0.001609671779257843,0.008323233212575824,3684744,0.9458623828484544,0.9518384060512421,186001,4574,6072,100418,2353,2728,5931.228430589661,255.26510323371528,dorian_s041,dorian,mid,0,B_N1_s0
single,active,0.004849218564151422,0.01762716012424409,4110456,0.9758336283452468,0.9853773885627184,647773,6269,9773,510054,3185,4384,19932.499542327598,1277.18762817696,dorian_s046,dorian,mid,-6,B_N1_s0
single,land,0.0021103891326606414,0.00930560769825,3684744,0.9443782374249271,0.9565019666664007,240111,5414,8728,119887,2389,3063,7776.243694236502,319.07795497562756,dorian_s046,dorian,mid,-6,B_N1_s0
single,active,0.0047906428118131665,0.017208778791551874,4110456,0.9759088392277023,0.9855971748304475,650372,6313,9742,512410,3173,4315,19691.7264896743,1217.278938193663,dorian_s049,dorian,high,-6,B_N1_s0
single,land,0.0021144974586642775,0.009241859077821924,3684744,0.9446457193443595,0.9572676477532069,242227,5483,8711,121640,2408,3022,7791.381823828444,314.7212042432085,dorian_s049,dorian,high,-6,B_N1_s0
single,active,0.004082834026160725,0.016874148588946477,4110456,0.9842907414064876,0.9866685917797671,569487,3738,5351,492024,2734,3914,16782.30961983651,1170.3984603956949,dorian_s059,dorian,mid,0,B_N1_s0
single,land,0.0012380675551243237,0.007735817419931403,3684744,0.956561242849372,0.9563533557956702,160026,2898,4369,98776,1874,2634,4561.961995339021,220.50566042936904,dorian_s059,dorian,mid,0,B_N1_s0
single,active,0.00408129296652685,0.016637333067574412,4110456,0.9841012022928645,0.9866004972682175,572555,3837,5413,494423,2727,3988,16775.97516201809,1137.7777212701046,dorian_s063,dorian,high,6,B_N1_s0
single,land,0.001273491644898705,0.007847103785224135,3684744,0.956222363345564,0.9566835098537403,162619,3010,4435,100535,1840,2712,4692.490697590634,226.89562063057002,dorian_s063,dorian,high,6,B_N1_s0
single,active,0.004495960876480266,0.017243324081550535,4110456,0.9795549419312921,0.9857433528013475,603063,5385,7202,500939,3089,4156,18480.44936049357,1222.1710298122482,dorian_s068,dorian,high,0,B_N1_s0
single,land,0.0016816362547032175,0.008598566832083694,3684744,0.9470650126012381,0.9545781240294945,193528,4596,6221,107580,2290,2829,6196.399099700153,272.43284307000835,dorian_s068,dorian,high,0,B_N1_s0
single,active,0.0048029268528444885,0.01811367575513679,4110456,0.9698853978176235,0.98198930655193,619073,8265,10957,458971,3844,4574,19742.219499835745,1348.6621908724758,beryl_s005,beryl,low,0,B_N1_s0
single,land,0.002261007967422376,0.009822433947363197,3684744,0.9318715217708485,0.9412211886686869,223542,6665,9678,89144,2459,3108,8331.235541911796,355.5048699429888,beryl_s005,beryl,low,0,B_N1_s0
single,active,0.004675579762579489,0.017908202769205073,4110456,0.97087783484978,0.9821619538721982,607687,7906,10322,453694,3665,4575,19218.764888573438,1318.2385564976319,beryl_s006,beryl,low,6,B_N1_s0
single,land,0.0021299740995863853,0.009557928734683833,3684744,0.9323699929725932,0.9392009847806625,212282,6343,9055,83927,2318,3115,7848.4092836063355,336.6161096300972,beryl_s006,beryl,low,6,B_N1_s0
single,active,0.0057392992871697,0.01908298282328994,4110456,0.9643736142770356,0.980068599386216,742911,10886,16559,532042,4616,6204,23591.137190742418,1496.8646164800991,beryl_s024,beryl,mid,6,B_N1_s0
single,land,0.0033259763200810073,0.01193856188925828,3684744,0.9336520462717319,0.9526710430687599,346651,9383,15251,161231,3302,4708,12255.371289560571,525.1838355491954,beryl_s024,beryl,mid,6,B_N1_s0
single,active,0.005670381464448931,0.019102335325547833,4110456,0.9676898050756796,0.9814482538863641,726347,9286,14966,517447,4045,5736,23307.853512832895,1499.902167238544,beryl_s037,beryl,low,-6,B_N1_s0
single,land,0.0030920036357148005,0.011303901944366358,3684744,0.9378842575522419,0.95237778826156,328131,8049,13683,143330,2881,4286,11393.241844678298,470.82995271453854,beryl_s037,beryl,low,-6,B_N1_s0
single,active,0.0054982806223133965,0.019098712345080832,4110456,0.9676673170054283,0.9818250028858363,710741,9094,14654,510333,3992,5455,22600.440573671833,1499.3332733478248,beryl_s041,beryl,mid,0,B_N1_s0
single,land,0.00300691908146298,0.011238004984680973,3684744,0.9365346383239027,0.9519668997962741,312324,7730,13435,135978,2778,4083,11079.727043906227,465.3564750460624,beryl_s041,beryl,mid,0,B_N1_s0
single,active,0.006123689567623022,0.01946804519735883,4110456,0.964577739958823,0.9805754268706595,788959,10898,18075,563370,4501,6659,25171.15652537346,1557.8824876257452,beryl_s046,beryl,mid,-6,B_N1_s0
single,land,0.003618772503255312,0.012346880827214211,3684744,0.9364822644660623,0.9564794110041224,390264,9668,16802,188634,3384,5199,13334.250268734992,561.7225167655317,beryl_s046,beryl,mid,-6,B_N1_s0
single,active,0.0060371215613912,0.01980904337246662,4110456,0.964579450438589,0.9808041030990569,789761,10893,18108,564134,4501,6540,24815.322544749826,1612.9355328344989,beryl_s049,beryl,high,-6,B_N1_s0
single,land,0.003607708656951261,0.012338706474775002,3684744,0.9364842144591817,0.9569312913028309,391014,9649,16871,189259,3343,5175,13293.482827449217,560.9789770979296,beryl_s049,beryl,high,-6,B_N1_s0
single,active,0.004911339833841627,0.018286379490722926,4110456,0.9726185691318328,0.9831296813702429,638847,7606,10379,480658,3675,4573,20187.84628805332,1374.5022663553334,beryl_s059,beryl,mid,0,B_N1_s0
single,land,0.002301557868834776,0.009815891989540037,3684744,0.938612732668986,0.9476120074564505,238769,6375,9241,103194,2508,3197,8480.651547841728,355.0314794586145,beryl_s059,beryl,mid,0,B_N1_s0
single,active,0.004762770829319317,0.018151920911761557,4110456,0.9735336404902336,0.9832519305656392,629040,7308,9793,476712,3482,4638,19577.159932000563,1354.3633252120899,beryl_s063,beryl,high,6,B_N1_s0
single,land,0.002187462482306377,0.009579309087342055,3684744,0.9391860827873832,0.9465698514287901,228797,6112,8703,98944,2351,3234,8060.239256903529,338.1237627776003,beryl_s063,beryl,high,6,B_N1_s0
single,active,0.0055650458759992265,0.019025952239430637,4110456,0.9687276739164071,0.9822663699756756,720002,8771,14472,521331,3878,5534,22874.876211276278,1487.9310549237928,beryl_s068,beryl,high,0,B_N1_s0
single,land,0.0030351091732150662,0.011254450899354954,3684744,0.938609604309046,0.9540803095888771,319590,7582,13321,143487,2785,4121,11183.600315349177,466.71949505222705,beryl_s068,beryl,high,0,B_N1_s0
single,active,0.0069161270801754784,0.022423029937968263,4110456,0.9713627589585733,0.9850356273007544,1023048,8630,21531,760744,4333,7224,28428.436053469777,2066.7055095478254,irma_s005,irma,low,0,B_N1_s1
single,land,0.004287154302512385,0.01349321546651246,3684744,0.9542169319582565,0.9723547825706249,606131,8218,20864,355349,3740,6363,15797.066093256697,670.8697833437309,irma_s005,irma,low,0,B_N1_s1
single,active,0.0068687511911141585,0.022389295682165,4110456,0.970489603646857,0.9850373280943026,1008263,8158,22501,752076,3956,7468,28233.69954602234,2060.491690235306,irma_s006,irma,low,6,B_N1_s1
single,land,0.004274689978996568,0.01338983288609384,3684744,0.9523844028365506,0.9719841238696947,591465,7737,21834,346767,3416,6579,15751.138251967728,660.6289994521338,irma_s006,irma,low,6,B_N1_s1
single,active,0.00814080694205152,0.02408787812873957,4110456,0.9644905005061453,0.9835233203891603,1118564,9366,31816,824404,5117,8694,33462.428739797324,2384.992919979964,irma_s024,irma,mid,6,B_N1_s1
single,land,0.005526660593920166,0.015353252579056688,3684744,0.945911035545602,0.9711624603701418,701551,8946,31170,418437,4573,7852,20364.329463483766,868.5765692016279,irma_s024,irma,mid,6,B_N1_s1
single,active,0.007872284309282667,0.02324998783010337,4110456,0.968497441203613,0.9841858109940984,1108240,9309,26739,816328,5453,7664,32358.678272796795,2221.9560453927643,irma_s037,irma,low,-6,B_N1_s1
single,land,0.005061517488577154,0.015081803450588276,3684744,0.95163041154426,0.9717859912367921,689933,9002,26066,408533,5016,6845,18650.396196929738,838.1348007986177,irma_s037,irma,low,-6,B_N1_s1
single,active,0.007739215425255794,0.02347502415004269,4110456,0.9687443273641784,0.9840888737824993,1099364,8884,26586,816470,4848,8353,31811.70448003523,2265.1767698553435,irma_s041,irma,mid,0,B_N1_s1
single,land,0.005026528142000612,0.014744616131852132,3684744,0.951687471428112,0.9714827945478517,680743,8547,26011,407470,4386,7575,18521.469412067905,801.0769971184111,irma_s041,irma,mid,0,B_N1_s1
single,active,0.008483405017029733,0.0237731336610914,4110456,0.9654348563909737,0.98313801368874,1154886,10109,31239,851078,6058,8539,34870.66305267997,2323.073057339096,irma_s046,irma,mid,-6,B_N1_s1
single,land,0.005680318289673777,0.016048011995967452,3684744,0.9480262353327369,0.9707428451224562,736441,9804,30570,443015,5629,7723,20930.518735965714,948.9641391443158,irma_s046,irma,mid,-6,B_N1_s1
single,active,0.00843634685927149,0.024190222382749482,4110456,0.9658515803163457,0.9833247625904213,1163007,9682,31437,860478,5747,8845,34677.23256577365,2405.3026262771227,irma_s049,irma,high,-6,B_N1_s1
single,land,0.005735998202546499,0.01583587255316996,3684744,0.9487454392938459,0.9712120885980584,744213,9365,30840,451196,5291,8083,21135.684960843995,924.0411589680531,irma_s049,irma,high,-6,B_N1_s1
single,active,0.007489732361276181,0.02376539041609489,4110456,0.9719071270101038,0.9849654606897923,1055323,7898,22606,792779,4096,8005,30786.215322801843,2321.559988461318,irma_s059,irma,mid,0,B_N1_s1
single,land,0.004605243121353974,0.014432582341780149,3684744,0.9553442309484653,0.9721138994662875,635516,7601,22105,381405,3689,7252,16969.141959950328,767.5300861427321,irma_s059,irma,mid,0,B_N1_s1
single,active,0.007574732590740501,0.024147790949544237,4110456,0.969674638487208,0.9841255294379907,1046085,7552,25163,794642,3601,9217,31135.605026004836,2396.8718706316113,irma_s063,irma,high,6,B_N1_s1
single,land,0.0047522298911633915,0.01470902545545417,3684744,0.9514590987410089,0.9702745159743071,626199,7233,24714,382326,3194,8519,17510.75057808496,797.214372004256,irma_s063,irma,high,6,B_N1_s1
single,active,0.008045503158040368,0.024344145507918684,4110456,0.9687074652438044,0.984397627384448,1113815,8761,27219,836106,4746,8506,33070.68672898598,2436.0100409628017,irma_s068,irma,high,0,B_N1_s1
single,land,0.005201100141158939,0.015298612155002498,3684744,0.9517383546218741,0.9722330372806516,693921,8465,26723,424510,4337,7787,19164.722538534552,862.4052461392953,irma_s068,irma,high,0,B_N1_s1
single,active,0.0039023624499604052,0.020966337610395777,4110456,0.9851082052323477,0.9880619095704263,557852,2954,5479,490220,2082,3841,16040.489146614447,1806.90430739426,ian_s005,ian,low,0,B_N1_s1
single,land,0.0011165092913595891,0.007910650915304887,3684744,0.9548081216674109,0.9582530573556836,145402,2294,4588,93009,1341,2711,4114.050912281498,230.58537620569146,ian_s005,ian,low,0,B_N1_s1
single,active,0.003920843148596118,0.021005941336450545,4110456,0.9852210828446499,0.9881448744727696,557444,2954,5408,490108,2054,3826,16116.453245205805,1813.7369483835232,ian_s006,ian,low,6,B_N1_s1
single,land,0.0011214725038945447,0.00792832334369147,3684744,0.9552152290616869,0.9585254882540468,145016,2293,4506,92907,1326,2694,4132.3390798904,231.6167844625968,ian_s006,ian,low,6,B_N1_s1
single,active,0.004247213619005331,0.021219944327082726,4110456,0.9811585049474258,0.9873955039632694,591877,3955,7411,501512,2364,4038,17457.984703522176,1850.8809435078388,ian_s024,ian,mid,6,B_N1_s1
single,land,0.001449812606238047,0.00849221990094769,3684744,0.9483099395425527,0.9584413673893455,179443,3289,6492,104242,1637,2883,5342.188301960006,265.735626591197,ian_s024,ian,mid,6,B_N1_s1
single,active,0.004114680264019353,0.019382564659536392,4110456,0.9839254970272138,0.988358672603072,582355,3499,6015,505245,2225,3726,16913.212179319933,1544.2317823489864,ian_s037,ian,low,-6,B_N1_s1
single,land,0.0012701350250025397,0.007880994163774264,3684744,0.9540262384076,0.9611213554123382,168710,2962,5168,105287,1537,2722,4680.122412567958,228.85970412213473,ian_s037,ian,low,-6,B_N1_s1
single,active,0.00415522501196312,0.02051669596740843,4110456,0.9841219941901125,0.9881749868934584,585403,3322,6123,508920,2225,3865,17079.869581773877,1730.2340294273104,ian_s041,ian,mid,0,B_N1_s1
single,land,0.001325590860619037,0.008303689485438897,3684744,0.9548930387466513,0.9609505983376061,171452,2756,5343,108327,1542,2860,4884.462970120832,254.06773815279652,ian_s041,ian,mid,0,B_N1_s1
single,active,0.004288955232711706,0.01944153643048797,4110456,0.9813669240146282,0.9880351795397524,603786,3939,7525,512729,2430,3779,17629.56177003123,1553.6427782200255,ian_s046,ian,mid,-6,B_N1_s1
single,land,0.0014614044281413725,0.008186362169960864,3684744,0.9497013046692374,0.9615158311233147,190134,3397,6673,112756,1758,2755,5384.901198167354,246.93874052352106,ian_s046,ian,mid,-6,B_N1_s1
single,active,0.004343856575587004,0.02060068027586595,4110456,0.9811340848288481,0.9877931077979241,608050,3898,7794,516842,2433,3954,17855.231324261054,1744.4283153156296,ian_s049,ian,high,-6,B_N1_s1
single,land,0.001530812943254107,0.008623936305182843,3684744,0.9493675220364519,0.9610273627109674,194083,3341,7010,116218,1754,2959,5640.653807777911,274.04280290069653,ian_s049,ian,high,-6,B_N1_s1
single,active,0.004242151365359553,0.020436491979834534,4110456,0.986132216916157,0.9886041084885812,582743,2940,5255,516862,2192,3766,17437.176532650366,1716.7327887491929,ian_s059,ian,mid,0,B_N1_s1
single,land,0.0012794380545369723,0.008372282539132352,3684744,0.9603185052464065,0.9625369006030975,167759,2432,4500,113794,1540,2889,4714.401694826782,258.2825541125795,ian_s059,ian,mid,0,B_N1_s1
single,active,0.004369733624219899,0.021703820297001925,4110456,0.9858518570695433,0.988252970388012,587826,2889,5547,521593,2213,3987,17961.597794076428,1936.2542030933726,ian_s063,ian,high,6,B_N1_s1
single,land,0.0013881991827382233,0.009166294944644859,3684744,0.9596388121278169,0.9622660001960208,172592,2424,4835,117816,1582,3038,5115.158609399572,309.59573933350663,ian_s063,ian,high,6,B_N1_s1
single,active,0.00437751100957957,0.020524842324083165,4110456,0.9844082784106375,0.9883691855399047,596704,3388,6063,521768,2279,3861,17993.5663943924,1731.6083152145422,ian_s068,ian,high,0,B_N1_s1
single,land,0.0014250248185768302,0.00861853950067742,3684744,0.9569700512399218,0.9627250087204822,181720,2868,5303,118678,1612,2983,5250.851650102064,273.6999217335358,ian_s068,ian,high,0,B_N1_s1
single,active,0.0041829005309033844,0.016361128710040324,4110456,0.9798902679579626,0.9876892920285956,627411,5566,7310,513954,2531,3875,17193.628584655,1100.3137143182346,milton_s005,milton,low,0,B_N1_s1
single,land,0.0016552165547297616,0.008317823578342756,3684744,0.9466910272025985,0.956888292776394,209853,5151,6666,109868,1985,2965,6099.049268741161,254.93339509699723,milton_s005,milton,low,0,B_N1_s1
single,active,0.004179859552291559,0.016360502096243054,4110456,0.9801879635609001,0.9881488549985474,625356,5480,7160,513621,2304,3856,17181.128775874153,1100.2294342463742,milton_s006,milton,low,6,B_N1_s1
single,land,0.001648208680878442,0.00832599638243684,3684744,0.9472743765412683,0.9587996954607906,207814,5058,6509,109563,1765,2943,6073.227047614753,255.43461858966006,milton_s006,milton,low,6,B_N1_s1
single,active,0.005365385556444328,0.017403622570256256,4110456,0.9748104985742876,0.9867155092948225,848516,6866,15060,616563,3103,5198,22054.18125279993,1244.9998989660314,milton_s024,milton,mid,6,B_N1_s1
single,land,0.0029532829389605085,0.01040701645424805,3684744,0.9538280710453153,0.9688767248260919,430909,6456,14403,212402,2560,4263,10882.0915896371,399.07985226625823,milton_s024,milton,mid,6,B_N1_s1
single,active,0.005070815532067707,0.0173268557139369,4110456,0.9750430702044333,0.9865147300511846,778763,7703,12230,587654,3217,4816,20843.3641286809,1234.040808196419,milton_s037,milton,low,-6,B_N1_s1
single,land,0.00250537588876383,0.009660522794577263,3684744,0.9497780485681957,0.9644213535888025,360096,7376,11665,180802,2708,3962,9231.66877386719,343.8813155694852,milton_s037,milton,low,-6,B_N1_s1
single,active,0.00507758776693952,0.01715961531681511,4110456,0.9750305609634626,0.9864844958385505,775278,7485,12369,589314,3093,4981,20871.201102143154,1210.333625338027,milton_s041,milton,mid,0,B_N1_s1
single,land,0.0025395626703803896,0.009817794846223086,3684744,0.9493840985442329,0.9639065704600278,356076,7132,11852,181413,2599,4194,9357.638312308118,355.16914183421864,milton_s041,milton,mid,0,B_N1_s1
single,active,0.005506601399459,0.01767917411219616,4110456,0.9749833385713744,0.9867569349641063,874835,7292,15155,637518,3437,5119,22634.642762014642,1284.7361651171796,milton_s046,milton,mid,-6,B_N1_s1
single,land,0.0030234281324084773,0.010484179539282984,3684744,0.9548619397517218,0.9696527538328273,456128,6956,14606,230597,2940,4277,11140.558670323342,405.01976694164847,milton_s046,milton,mid,-6,B_N1_s1
single,active,0.005522369501261595,0.017530045723153115,4110456,0.9749117923441074,0.986408318305644,879776,7272,15368,642719,3423,5433,22699.45685067773,1263.1534175008908,milton_s049,milton,high,-6,B_N1_s1
single,land,0.003068726679902295,0.010617724548204126,3684744,0.9548430703394856,0.9686962262983061,460538,6917,14863,234749,2951,4635,11307.472221409902,415.40357439786925,milton_s049,milton,high,-6,B_N1_s1
single,active,0.0044464992137525335,0.016528137444707346,4110456,0.9809983515304966,0.9885414162737192,654011,5339,7329,546957,2453,3887,18277.139372164384,1122.891605350864,milton_s059,milton,mid,0,B_N1_s1
single,land,0.001817763460940941,0.008754611770070784,3684744,0.9514003160690139,0.9634606534744593,233584,5027,6905,136084,2050,3111,6697.993006121367,282.41067173040443,milton_s059,milton,mid,0,B_N1_s1
single,active,0.004510360586464167,0.016670568323104745,4110456,0.9812376082646352,0.9890822312105432,658224,5382,7204,552894,2229,3874,18539.638734795153,1142.3279821436831,milton_s063,milton,high,6,B_N1_s1
single,land,0.0018949028895195188,0.009179290724491501,3684744,0.9520650416939077,0.9654952776883616,237366,5106,6845,140971,1839,3199,6982.23205273971,310.47423828363065,milton_s063,milton,high,6,B_N1_s1
single,active,0.005289565515472759,0.017556784817147685,4110456,0.9754305202664451,0.9870536049675482,787388,7263,12570,604367,3015,4912,21742.526310468093,1267.0098064612896,milton_s068,milton,high,0,B_N1_s1
single,land,0.0026508972393125565,0.010128336433391488,3684744,0.9505393167618199,0.9663327073677481,366950,6957,12137,193483,2621,4120,9767.877697173506,377.99282667693205,milton_s068,milton,high,0,B_N1_s1
single,active,0.0037947305367314692,0.01610479037222086,4110456,0.9828665279833008,0.9867939985291745,549961,3389,6198,470980,2375,3928,15598.072903091088,1066.1054318638178,dorian_s005,dorian,low,0,B_N1_s1
single,land,0.0011308293107098503,0.007338582944703626,3684744,0.9509599952446056,0.9536839462783984,143982,2541,4884,83578,1515,2544,4166.816517662257,198.44114983103995,dorian_s005,dorian,low,0,B_N1_s1
single,active,0.003817604017216915,0.01618351586255294,4110456,0.9829385358746077,0.9867440037886249,550479,3342,6213,470892,2397,3929,15692.093338193372,1076.5538523387631,dorian_s006,dorian,low,6,B_N1_s1
single,land,0.0011482535526457665,0.007374452978045012,3684744,0.9514901294562311,0.9535096236221372,144499,2484,4883,83475,1547,2523,4231.020388590172,200.38579959856605,dorian_s006,dorian,low,6,B_N1_s1
single,active,0.0048527016913176135,0.017211882566758697,4110456,0.9713853785846394,0.9854956292328735,652838,6779,12452,506528,2788,4667,19946.81678328663,1217.7180746307563,dorian_s024,dorian,mid,6,B_N1_s1
single,land,0.002275044975649932,0.009519744856647647,3684744,0.9353891893121782,0.957979328540653,246664,5962,11076,118731,1972,3236,8382.958323756233,333.93192263115475,dorian_s024,dorian,mid,6,B_N1_s1
single,active,0.004327386033910211,0.016769709663616357,4110456,0.9779988900340918,0.9853882271894998,592104,4676,8644,489195,2860,4394,17787.52988740243,1155.9554344121339,dorian_s037,dorian,low,-6,B_N1_s1
single,land,0.0016218954154160281,0.008364551372852627,3684744,0.9424654180438242,0.9520282119344916,184776,3948,7332,99347,2106,2900,5976.2694005817175,257.8057657563642,dorian_s037,dorian,low,-6,B_N1_s1
single,active,0.004272960156447788,0.016492254960050624,4110456,0.9783178464737824,0.985409843636736,592753,4671,8466,490741,2909,4357,17563.81471283175,1118.0213162526543,dorian_s041,dorian,mid,0,B_N1_s1
single,land,0.001612866638306573,0.008299962080822135,3684744,0.943233178595113,0.9519473614249635,184902,3957,7171,100261,2176,2885,5943.000668300316,253.83969477241033,dorian_s041,dorian,mid,0,B_N1_s1
single,active,0.004780784547081548,0.017150188891794708,4110456,0.9744158751614188,0.9851623215352175,645913,5326,11633,509722,2961,4716,19651.204526258633,1209.0042266040557,dorian_s046,dorian,mid,-6,B_N1_s1
single,land,0.0021191507577989132,0.00926994243001702,3684744,0.9409956757780443,0.9566513010202043,238501,4617,10338,119745,2221,3205,7808.528039894998,316.63680478757306,dorian_s046,dorian,mid,-6,B_N1_s1
single,active,0.00474538068193505,0.016959183162385844,4110456,0.974629732036594,0.9853180856938888,648581,5350,11533,512057,2962,4668,19505.678496344015,1182.224254365747,dorian_s049,dorian,high,-6,B_N1_s1
single,land,0.0021251474192652995,0.00922013147529025,3684744,0.941783809795813,0.9572506814994564,240719,4661,10219,121500,2264,3162,7830.624202253297,313.2431252226839,dorian_s049,dorian,high,-6,B_N1_s1
single,active,0.003971456677108105,0.016359245359161424,4110456,0.9835995522746971,0.9865083648138154,568553,3195,6285,491732,2519,4206,16324.497927159071,1100.060411802692,dorian_s059,dorian,mid,0,B_N1_s1
single,land,0.0012287300058604425,0.007670899591364756,3684744,0.9544779159776643,0.9562258883740767,159310,2513,5085,98650,1756,2760,4527.55551671423,216.8202877615095,dorian_s059,dorian,mid,0,B_N1_s1
single,active,0.0040009445219076996,0.01641174468046062,4110456,0.9834863868923304,0.9866125712049485,571679,3310,6289,494138,2432,4273,16445.706415742636,1107.132265292475,dorian_s063,dorian,high,6,B_N1_s1
single,land,0.0012700112938204204,0.007792231703557143,3684744,0.9545682242770342,0.957131417894797,161974,2629,5080,100405,1655,2842,4679.666494837031,223.7335100552991,dorian_s063,dorian,high,6,B_N1_s1
single,active,0.0043942890634494905,0.016755480781099324,4110456,0.9785254570029326,0.9857407225120582,601618,4556,8647,500707,2855,4388,18062.53184659034,1153.9946400439019,dorian_s068,dorian,high,0,B_N1_s1
single,land,0.0016730479982205088,0.008536463745108198,3684744,0.9442445071805573,0.9552951003216691,192319,3926,7430,107507,2129,2902,6164.753573155031,268.51176587505205,dorian_s068,dorian,high,0,B_N1_s1
single,active,0.004845886149592172,0.018080482902739534,4110456,0.9688590220637509,0.9813716862478079,617356,7169,12674,458331,3486,5214,19918.80179890804,1343.723940965685,beryl_s005,beryl,low,0,B_N1_s1
single,land,0.0022959647483604202,0.009896128162910665,3684744,0.9296072836210576,0.9395812604526113,222178,5782,11042,88766,2222,3486,8460.04233073257,360.85933345446716,beryl_s005,beryl,low,0,B_N1_s1
single,active,0.00472051933747186,0.017875745912721237,4110456,0.9695610986295934,0.9814319355111255,605902,6915,12107,453028,3330,5241,19403.48703382723,1313.4645311427814,beryl_s006,beryl,low,6,B_N1_s1
single,land,0.002174835486257277,0.009670099465416816,3684744,0.9294386736533148,0.9370070789907671,210898,5572,10439,83522,2095,3520,8013.712008973584,344.5634464569764,beryl_s006,beryl,low,6,B_N1_s1
single,active,0.005862415096106438,0.019196183830374365,4110456,0.9625624727849377,0.9792414330820998,740533,9865,18937,531261,4277,6985,24097.199306281283,1514.676209723537,beryl_s024,beryl,mid,6,B_N1_s1
single,land,0.003421054741378022,0.012098575436981826,3684744,0.9303245833052163,0.9508187992521949,344662,8573,17240,160715,3089,5224,12605.710931964219,539.3563470869261,beryl_s024,beryl,mid,6,B_N1_s1
single,active,0.005718485119637666,0.018985948744518987,4110456,0.9661102431123072,0.9807950350639122,724089,8176,17224,516776,3712,6407,23505.58147092536,1481.6806589981302,beryl_s037,beryl,low,-6,B_N1_s1
single,land,0.0031505080897278937,0.011421082830402432,3684744,0.9349811574890026,0.9513123569184901,326257,7131,15557,142948,2648,4668,11608.815780576319,480.64218224464236,beryl_s037,beryl,low,-6,B_N1_s1
single,active,0.0055731740973742365,0.019126566044506407,4110456,0.966315114907658,0.9809654880372645,708710,8020,16685,509641,3742,6147,22908.286907596514,1503.7097392125636,beryl_s041,beryl,mid,0,B_N1_s1
single,land,0.0030590069721514387,0.011335729888853114,3684744,0.9339195791055994,0.9504111375155097,310645,6866,15114,135579,2592,4482,11271.65758659318,473.4850795508835,beryl_s041,beryl,mid,0,B_N1_s1
single,active,0.006218069379993804,0.019389888403459482,4110456,0.9626194887040549,0.9797091152254775,786180,9675,20854,562596,4219,7433,25559.100591411814,1545.3989854514657,beryl_s046,beryl,mid,-6,B_N1_s1
single,land,0.00371355865615586,0.012503247038269952,3684744,0.9330401816642291,0.9548444065525851,387876,8646,19190,188154,3219,5679,13683.51297691837,576.0404014687792,beryl_s046,beryl,mid,-6,B_N1_s1
single,active,0.006161021897852553,0.019944125367004174,4110456,0.9626853806433623,0.9797302937759567,787132,9773,20737,563341,4322,7333,25324.60942615941,1635.0084239214577,beryl_s049,beryl,high,-6,B_N1_s1
single,land,0.0037031620121766922,0.012500196259016607,3684744,0.9332269175838024,0.9550639666938148,388787,8720,19098,188798,3247,5636,13645.204005395994,575.7593292477746,beryl_s049,beryl,high,-6,B_N1_s1
single,active,0.004943009017621239,0.018092634866294456,4110456,0.9715261906903633,0.9825812856280255,637225,6675,12001,480045,3324,5186,20318.021074535325,1345.5307922317718,beryl_s059,beryl,mid,0,B_N1_s1
single,land,0.0023371138998182365,0.00990336554971966,3684744,0.9364186237244294,0.9463279955825511,237487,5602,10523,102828,2269,3563,8611.666419671848,361.38734472171575,beryl_s059,beryl,mid,0,B_N1_s1
single,active,0.00482689217585169,0.01839553748537588,4110456,0.9723941496796829,0.9827258130425272,627484,6465,11349,476168,3188,5182,19840.727905582637,1390.9610439193375,beryl_s063,beryl,high,6,B_N1_s1
single,land,0.002237160006072996,0.009719754450673055,3684744,0.9368115584094838,0.9452980475227406,227589,5440,9911,98622,2151,3556,8243.361909417436,348.1111287039755,beryl_s063,beryl,high,6,B_N1_s1
single,active,0.005629564894934077,0.018961413976381954,4110456,0.967344535958595,0.9814309007455161,718085,7852,16389,520654,3640,6211,23140.078799771145,1477.8537021934549,beryl_s068,beryl,high,0,B_N1_s1
single,land,0.003086310505202783,0.011354504336787355,3684744,0.9360974403654603,0.9521105949068835,318026,6825,14885,143047,2634,4561,11372.264116182923,475.0547680444467,beryl_s068,beryl,high,0,B_N1_s1
single,active,0.006966731842133191,0.022977461557799717,4110456,0.9706921612225827,0.9848434985631254,1021107,7358,23472,760116,3846,7852,28636.444700887427,2170.171721386349,irma_s005,irma,low,0,B_N1_s2
single,land,0.004354539357058071,0.013385604449373582,3684744,0.9530235962606916,0.9720205181040483,604135,6919,22860,354735,3234,6977,16045.362768683583,660.2118192126484,irma_s005,irma,low,0,B_N1_s2
single,active,0.006969962743691414,0.02300672292551851,4110456,0.9695657747248564,0.9846221792366656,1005972,6785,24792,751313,3503,8231,28649.725179582834,2175.7025871018855,irma_s006,irma,low,6,B_N1_s2
single,land,0.004384453509611965,0.013466407198256425,3684744,0.9507253299852013,0.9710903160979224,589116,6350,24183,345982,2936,7364,16155.58876282163,668.2066685303511,irma_s006,irma,low,6,B_N1_s2
single,active,0.008239425455566485,0.024995090476570336,4110456,0.9635580796612833,0.9830779279865588,1116045,7874,34335,823256,4329,9842,33867.795800386,2568.0260800741185,irma_s024,irma,mid,6,B_N1_s2
single,land,0.005639064952226471,0.015428500555806168,3684744,0.9443790675711643,0.9703706804140012,698985,7432,33736,417305,3758,8984,20778.51074832678,877.1114114517574,irma_s024,irma,mid,6,B_N1_s2
single,active,0.007602769384071255,0.022136455769809278,4110456,0.9683356558692802,0.9845041210133675,1106950,8168,28029,815958,4809,8034,31250.849031371996,2014.2166406796155,irma_s037,irma,low,-6,B_N1_s2
single,land,0.005017956968708445,0.014623774588310384,3684744,0.9512972794500602,0.9723097081596188,688607,7862,27392,408127,4372,7251,18489.88683270663,788.000129303289,irma_s037,irma,low,-6,B_N1_s2
single,active,0.007731458154782646,0.023911436983150187,4110456,0.9685192324147988,0.9840386777385876,1097895,7631,28055,815772,4181,9051,31779.818561075255,2350.1812455518393,irma_s041,irma,mid,0,B_N1_s2
single,land,0.005054211612094084,0.014548059643689444,3684744,0.9513239013705383,0.9713158598555763,679270,7272,27484,406756,3723,8289,18623.475912394002,779.8614737894475,irma_s041,irma,mid,0,B_N1_s2
single,active,0.008193524771913261,0.022609686657341567,4110456,0.965329577398781,0.9832033621023545,1153481,8784,32644,850407,5318,9210,33679.1230598595,2101.256601610845,irma_s046,irma,mid,-6,B_N1_s2
single,land,0.005620533249878423,0.015627596589507856,3684744,0.9477632149046794,0.9707489009988126,734979,8477,32032,442313,4903,8425,20710.22616929002,899.8947207063632,irma_s046,irma,mid,-6,B_N1_s2
single,active,0.00843928018666831,0.024737173660792745,4110456,0.9651754445029107,0.9831063848281131,1161080,8529,33364,859583,5031,9740,34689.289878971875,2515.302135635428,irma_s049,irma,high,-6,B_N1_s2
single,land,0.0057709835439024625,0.015733915384842652,3684744,0.9476797407734154,0.9707749720275348,742273,8200,32780,450293,4570,8986,21264.596987493336,912.1808295883817,irma_s049,irma,high,-6,B_N1_s2
single,active,0.007484260214706659,0.024058413111086637,4110456,0.971287345026609,0.9846357899081006,1053636,6854,24293,792107,3683,8677,30763.722305102274,2379.161698353518,irma_s059,irma,mid,0,B_N1_s2
single,land,0.004649312798671502,0.014318580281719244,3684744,0.9543293263150288,0.9713814807538735,633835,6547,23786,380732,3292,7925,17131.527439028025,755.4526310659155,irma_s059,irma,mid,0,B_N1_s2
single,active,0.007918139728407434,0.02560844607045293,4110456,0.9684533686738759,0.9835127793309936,1043524,6268,27724,793624,3069,10235,32547.16495547071,2695.6062580735725,irma_s063,irma,high,6,B_N1_s2
single,land,0.004963616829998615,0.01519695776235663,3684744,0.9494026233421428,0.9689024638152545,623636,5959,27277,381298,2691,9547,18289.657332636416,850.9825079092285,irma_s063,irma,high,6,B_N1_s2
single,active,0.007992447552462614,0.024449206742535874,4110456,0.9685878460734808,0.9844381863599944,1112520,7566,28514,835473,4068,9139,32852.603996705264,2457.0814297462803,irma_s068,irma,high,0,B_N1_s2
single,land,0.005211640468931224,0.015108856165130836,3684744,0.9515480233439942,0.9722492384482695,692628,7252,28016,423854,3655,8443,19203.560948051512,841.1442760207232,irma_s068,irma,high,0,B_N1_s2
single,active,0.003803156628365244,0.020610989022780576,4110456,0.9857347403210742,0.9884881476676108,558331,3080,5000,490644,2297,3417,15632.707982003689,1746.1746041914505,ian_s005,ian,low,0,B_N1_s2
single,land,0.0010852494605229854,0.0075812317619409495,3684744,0.9568236259228876,0.9604656903077177,145796,2385,4194,93388,1512,2332,3998.866438165307,211.78093785993926,ian_s005,ian,low,0,B_N1_s2
single,active,0.003810696505650314,0.020614114714519422,4110456,0.9857934215060034,0.9885230506315849,557895,3083,4957,490517,2278,3417,15663.700315829366,1746.7042650812461,ian_s006,ian,low,6,B_N1_s2
single,land,0.0010889271107003143,0.007594028766019161,3684744,0.9570063065316708,0.9604432498120513,145375,2384,4147,93260,1500,2341,4012.417637590319,212.496507299419,ian_s006,ian,low,6,B_N1_s2
single,active,0.004128836396810236,0.020833439459435107,4110456,0.9817910620913679,0.9879109004627397,592398,4097,6890,501919,2511,3631,16971.400340287015,1784.0702594909528,ian_s024,ian,mid,6,B_N1_s2
single,land,0.0014161383958662802,0.008191211263618742,3684744,0.9499387306684696,0.9608109721928769,179850,3393,6085,104591,1732,2534,5218.107457337901,247.2313695807462,ian_s024,ian,mid,6,B_N1_s2
single,active,0.003946003770434779,0.018731694894985104,4110456,0.9847068402808279,0.988775645889227,582911,3594,5459,505648,2417,3323,16219.87487420626,1442.2619774910127,ian_s037,ian,low,-6,B_N1_s2
single,land,0.0012347187559751704,0.0075207813130516825,3684744,0.956239613832397,0.9629187366118226,169176,3040,4702,105637,1696,2372,4549.622527766973,208.4170485831851,ian_s037,ian,low,-6,B_N1_s2
single,active,0.004047978736804413,0.02022992050811941,4110456,0.9846393008697114,0.9884261011507907,585885,3499,5641,509248,2426,3537,16639.03848657012,1682.202818129249,ian_s041,ian,mid,0,B_N1_s2
single,land,0.0012902194002348123,0.008010991005920608,3684744,0.9564702019555575,0.9620246436765318,171871,2898,4924,108602,1702,2585,4754.128193698823,236.4720458151415,ian_s041,ian,mid,0,B_N1_s2
single,active,0.004119589319174955,0.018827953848142714,4110456,0.9825302673275371,0.9885149582940032,604600,4039,6711,513148,2602,3360,16933.390634538606,1457.1231357848503,ian_s046,ian,mid,-6,B_N1_s2
single,land,0.0014257477509511444,0.007860550990273413,3684744,0.9529634381974228,0.9633828489659637,190870,3484,5937,113105,1893,2406,5253.515470830724,227.6739271984476,ian_s046,ian,mid,-6,B_N1_s2
single,active,0.004243431886327713,0.02038223132027244,4110456,0.982028992988065,0.9881679527864442,608802,4099,7042,517216,2613,3580,17442.440057747066,1707.6287417888582,ian_s049,ian,high,-6,B_N1_s2
single,land,0.0014963400844076348,0.008359609449897252,3684744,0.9519352489503858,0.9625410932879587,194765,3506,6328,116531,1889,2646,5513.630147980526,257.50122345452047,ian_s049,ian,high,-6,B_N1_s2
single,active,0.004129443277264022,0.02015709433619152,4110456,0.9868659060105147,0.9889791150022849,583219,2983,4779,517243,2379,3385,16973.894895689562,1670.1130146952382,ian_s059,ian,mid,0,B_N1_s2
single,land,0.001246139757262964,0.008089347719838444,3684744,0.9625818414907742,0.9640144955693903,168190,2469,4069,114121,1698,2562,4591.705993736163,241.12060696018594,ian_s059,ian,mid,0,B_N1_s2
single,active,0.004281194947526102,0.021431505868202923,4110456,0.9862106893984615,0.9884089152865952,588180,3031,5193,521872,2412,3708,17597.66345922835,1887.971259037298,ian_s063,ian,high,6,B_N1_s2
single,land,0.0013540733568082651,0.008952115908360736,3684744,0.9608515414879193,0.9628789794370264,172911,2529,4516,118048,1745,2806,4989.413677059114,295.29678155024834,ian_s063,ian,high,6,B_N1_s2
single,active,0.004261497238797963,0.020243437547434583,4110456,0.9850742329264269,0.9887461938161821,597152,3433,5615,522145,2459,3484,17516.69689420052,1684.4515662828585,ian_s068,ian,high,0,B_N1_s2
single,land,0.0013889831288823198,0.008339845123099035,3684744,0.958828453645156,0.9640944626726617,182117,2914,4906,119003,1774,2658,5118.047250250354,256.2850608835028,ian_s068,ian,high,0,B_N1_s2
single,active,0.004121839213491186,0.01709553035586033,4110456,0.9807696513884159,0.9880774905480589,627773,5361,6948,514322,2699,3507,16942.638726130128,1201.310189252979,milton_s005,milton,low,0,B_N1_s2
single,land,0.0016212571705231924,0.007995762444205018,3684744,0.9489523121387283,0.9585526945534604,210136,4921,6383,110154,2084,2679,5973.91763154231,235.57385323385898,milton_s005,milton,low,0,B_N1_s2
single,active,0.004112082741729512,0.017037298206013622,4110456,0.9812407775911735,0.9885991449358702,625750,5197,6766,514033,2484,3444,16902.535178238526,1193.140131865963,milton_s006,milton,low,6,B_N1_s2
single,land,0.0016130114412713258,0.008002628027495217,3684744,0.9500267029400622,0.9607039199916075,208129,4754,6194,109893,1882,2613,5943.53423015587,235.9785791855069,milton_s006,milton,low,6,B_N1_s2
single,active,0.005355575724221437,0.018304907675773734,4110456,0.9753928284452742,0.9869955099545875,848503,6333,15073,616811,3177,4950,22013.85836908035,1377.2890327845753,milton_s024,milton,mid,6,B_N1_s2
single,land,0.0029466776783444557,0.010268933937964951,3684744,0.9548296304504404,0.9695474302081101,430843,5913,14469,212582,2594,4083,10857.752895213664,388.55995510205173,milton_s024,milton,mid,6,B_N1_s2
single,active,0.004966633111771523,0.017703940528336775,4110456,0.9758121608295838,0.9869025978276742,778783,7094,12210,587964,3297,4506,20415.126874079928,1288.3382109056045,milton_s037,milton,low,-6,B_N1_s2
single,land,0.0024690384265639064,0.009423026895178807,3684744,0.951347166959931,0.9654865321750631,360083,6737,11678,181049,2757,3715,9097.774528050795,327.18108005128266,milton_s037,milton,low,-6,B_N1_s2
single,active,0.005018995283935452,0.01793347010877608,4110456,0.97595678087521,0.9866982235843325,775181,6631,12466,589492,3144,4803,20630.35927882418,1321.9610829487854,milton_s041,milton,mid,0,B_N1_s2
single,land,0.0025140037923092108,0.009647994130846906,3684744,0.951222119480686,0.9646456864443252,355934,6258,11994,181555,2602,4052,9263.460389688611,342.989939459104,milton_s041,milton,mid,0,B_N1_s2
single,active,0.005422907329751818,0.018057050874396435,4110456,0.9758977967555198,0.9870198208125496,875110,6733,14880,637752,3502,4885,22290.621971022338,1340.243306644368,milton_s046,milton,mid,-6,B_N1_s2
single,land,0.002994062821602861,0.010274950999084678,3684744,0.9565488953304367,0.9703449870708685,456380,6377,14354,230782,2961,4092,11032.355017524213,389.01544035156695,milton_s046,milton,mid,-6,B_N1_s2
single,active,0.00549106841267651,0.01831954607434682,4110456,0.9756375866462482,0.9866361165549173,879829,6655,15315,642899,3455,5253,22570.795103296638,1379.4927442315534,milton_s049,milton,high,-6,B_N1_s2
single,land,0.0030545496101288937,0.010473019680271808,3684744,0.9560970647645106,0.9692760369595451,460551,6298,14850,234874,2935,4510,11255.23334862478,404.15798126793067,milton_s049,milton,high,-6,B_N1_s2
single,active,0.004373060362667433,0.01702922198557703,4110456,0.9817032097394852,0.9889325563536161,654369,5225,6971,547300,2581,3544,17975.272206088528,1192.0092273410407,milton_s059,milton,mid,0,B_N1_s2
single,land,0.0017926799214296252,0.00849453436396382,3684744,0.9531383071926586,0.9647370134005009,233903,4914,6586,136354,2143,2841,6605.566584408283,265.88049309197237,milton_s059,milton,mid,0,B_N1_s2
single,active,0.004474987334308335,0.01744415651411702,4110456,0.9820716953217281,0.9893059892898919,658483,5076,6945,553119,2330,3649,18394.2385382317,1250.8059917298351,milton_s063,milton,high,6,B_N1_s2
single,land,0.0018672398794093174,0.009048848340329832,3684744,0.9541553721663354,0.966395125958379,237599,4804,6612,141171,1910,2999,6880.300942214206,301.71294171096923,milton_s063,milton,high,6,B_N1_s2
single,active,0.005215287261219731,0.018194632509560358,4110456,0.976315792736529,0.9872450770831054,787427,6571,12531,604580,3112,4699,21437.208814604208,1360.744476730561,milton_s068,milton,high,0,B_N1_s2
single,land,0.002625698541491817,0.009960427387295431,3684744,0.9522418115103358,0.9667342333346647,366954,6271,12133,193633,2693,3970,9675.026946570724,365.56387133388347,milton_s068,milton,high,0,B_N1_s2
single,active,0.0037425621156838,0.016032236317294304,4110456,0.9832651231088857,0.9870500765270336,550421,3630,5738,471424,2701,3484,15383.63690378517,1056.5211983471822,dorian_s005,dorian,low,0,B_N1_s2
single,land,0.0011139476721261094,0.007079800150754993,3684744,0.9523938328374357,0.9552074089243862,144361,2711,4505,83957,1772,2165,4104.612001180649,184.69252445954842,dorian_s005,dorian,low,0,B_N1_s2
single,active,0.0037632040930943816,0.016108376470266205,4110456,0.9834747623314544,0.9870244913772342,550976,3542,5716,471319,2694,3502,15468.48484368436,1066.580269992548,dorian_s006,dorian,low,6,B_N1_s2
single,land,0.0011297236075735206,0.007116892646587925,3684744,0.9531302420124065,0.9550213614354884,144892,2635,4490,83827,1777,2171,4162.742284664884,186.63287663396466,dorian_s006,dorian,low,6,B_N1_s2
single,active,0.004821579157965536,0.017247758143972256,4110456,0.9718371322697106,0.9859106716354046,652507,6126,12783,506904,2953,4291,19818.888979334384,1222.7996649144839,dorian_s024,dorian,mid,6,B_N1_s2
single,land,0.002274034222599424,0.009398794538030955,3684744,0.9362886574417357,0.9597887437510079,246228,5243,11512,119033,2053,2934,8379.233957517892,325.5004790017995,dorian_s024,dorian,mid,6,B_N1_s2
single,active,0.004201198643377397,0.01622376460310377,4110456,0.9790550405983047,0.9860321922028342,592763,4696,7985,489705,3053,3884,17268.84217086248,1081.9153347616339,dorian_s037,dorian,low,-6,B_N1_s2
single,land,0.0016024657934836522,0.008090559295361694,3684744,0.9453686557189718,0.9545297967619704,185314,3915,6794,99756,2261,2491,5904.676217744127,241.19283965752234,dorian_s037,dorian,low,-6,B_N1_s2
single,active,0.00418218811925651,0.016364399090567104,4110456,0.9790522595862611,0.9859457983918557,593150,4622,8069,491212,3116,3886,17190.700247926638,1100.7536355791665,dorian_s041,dorian,mid,0,B_N1_s2
single,land,0.0015955105749461441,0.008085917720753661,3684744,0.9451413698070839,0.9542244509114349,185191,3867,6882,100664,2347,2482,5879.048017969355,240.91617314161186,dorian_s041,dorian,mid,0,B_N1_s2
single,active,0.004678141049612265,0.016767225462570905,4110456,0.975063141790662,0.9856124698368048,646266,5248,11280,510154,3163,4284,19229.292946225032,1155.612982090609,dorian_s046,dorian,mid,-6,B_N1_s2
single,land,0.002109254584568968,0.009067839794644523,3684744,0.9424769153635707,0.9581833994239346,238736,4468,10103,120092,2383,2858,7772.063174962997,302.980723040887,dorian_s046,dorian,mid,-6,B_N1_s2
single,active,0.004681325690644807,0.016988360062914286,4110456,0.9751099702888608,0.9857765021814237,648845,5293,11269,512450,3119,4275,19242.38327306509,1186.2955956440767,dorian_s049,dorian,high,-6,B_N1_s2
single,land,0.0021160670520614495,0.009073489938149638,3684744,0.9426896190006497,0.9587380551313739,240844,4548,10094,121800,2380,2862,7797.165373681113,303.3584134144022,dorian_s049,dorian,high,-6,B_N1_s2
single,active,0.0038654799529358416,0.01616391618581876,4110456,0.984199348326888,0.986836644056038,569068,3366,5770,492168,2795,3770,15888.885265424848,1073.9478264765605,dorian_s059,dorian,mid,0,B_N1_s2
single,land,0.0012071260537469646,0.00739537533813313,3684744,0.9562221636894784,0.9576414610794658,159735,2653,4660,99023,1993,2387,4447.950483787805,201.52445796047618,dorian_s059,dorian,mid,0,B_N1_s2
single,active,0.0039426609232780145,0.01668207660189284,4110456,0.9839924735214495,0.9868234392738925,572107,3446,5861,494589,2782,3822,16206.134248053655,1143.9057047843055,dorian_s063,dorian,high,6,B_N1_s2
single,land,0.0012438732056802135,0.007557896459221429,3684744,0.9560943141724538,0.9579626672749392,162319,2719,4735,100793,1969,2454,4583.354331390932,210.4792057229136,dorian_s063,dorian,high,6,B_N1_s2
single,active,0.004281085204789474,0.01656426253187089,4110456,0.9793290437588643,0.9860501086237838,602115,4559,8150,501087,3081,4008,17597.212366538122,1127.8055150593993,dorian_s068,dorian,high,0,B_N1_s2
single,land,0.001652861675183796,0.008303499777635111,3684744,0.9463147557083231,0.9565857639628131,192717,3901,7032,107834,2319,2575,6090.372140463442,254.05612931744102,dorian_s068,dorian,high,0,B_N1_s2
single,active,0.004819384417089142,0.018612646692476382,4110456,0.9678207285025157,0.9815749264923026,616135,6591,13895,458688,3753,4857,19809.867593530566,1423.9878078159986,beryl_s005,beryl,low,0,B_N1_s2
single,land,0.002323910272381138,0.009913600821400475,3684744,0.9267164486083302,0.9408671547674468,220780,5019,12440,88927,2264,3325,8563.014432694763,362.13472884457695,beryl_s005,beryl,low,0,B_N1_s2
single,active,0.0047059464967752415,0.018425522418508894,4110456,0.9687255255255255,0.981781100408545,604848,6366,13161,453468,3614,4801,19343.586013348773,1395.4993039269784,beryl_s006,beryl,low,6,B_N1_s2
single,land,0.002193382685993896,0.009660170476508453,3684744,0.9269255594754945,0.9388910056704843,209665,4857,11672,83781,2192,3261,8082.053691919893,343.8562334089618,beryl_s006,beryl,low,6,B_N1_s2
single,active,0.005864943283919559,0.019998380826221573,4110456,0.9617735768461411,0.9794122092658883,738519,8402,20951,531337,4260,6909,24107.591311046854,1643.916189073577,beryl_s024,beryl,mid,6,B_N1_s2
single,land,0.003438633978354396,0.012232212664116846,3684744,0.928435875052188,0.9513037400338819,342461,6956,19441,160601,2883,5338,12670.485919937491,551.3372887239403,beryl_s024,beryl,mid,6,B_N1_s2
single,active,0.0055886960384041225,0.018651640792353145,4110456,0.9655669483317191,0.9809748785670916,722751,7212,18562,517013,3857,6170,22972.089163234457,1429.9606594241911,beryl_s037,beryl,low,-6,B_N1_s2
single,land,0.0031633243781978393,0.011421139738399002,3684744,0.9335723547829687,0.951838342962115,324703,5993,17111,143008,2628,4608,11656.04052261822,480.64697206224713,beryl_s037,beryl,low,-6,B_N1_s2
single,active,0.005526174334936392,0.01968525757125212,4110456,0.9653167591298271,0.9811705255703685,707137,7149,18258,509879,3876,5909,22715.0964520853,1592.8401970780099,beryl_s041,beryl,mid,0,B_N1_s2
single,land,0.0030791334247469303,0.011372810776191851,3684744,0.9316160437194069,0.9511083372486869,308895,5810,16864,135629,2540,4432,11345.818412035704,476.58782869348875,beryl_s041,beryl,mid,0,B_N1_s2
single,active,0.006081428508411248,0.019040682095207755,4110456,0.9620401721277199,0.9799957504467256,784487,8407,22547,562692,4149,7337,24997.444300970063,1490.2358535086858,beryl_s046,beryl,mid,-6,B_N1_s2
single,land,0.0037244995840834206,0.012572299731161453,3684744,0.9316255201645216,0.9555757671221043,385965,7226,21101,188064,2974,5769,13723.82749545388,582.4206610971926,beryl_s046,beryl,mid,-6,B_N1_s2
single,active,0.006097295925092885,0.02020112434427856,4110456,0.9620527784515348,0.980013082219663,785341,8449,22528,563337,4152,7337,25062.6666190736,1677.4171827707426,beryl_s049,beryl,high,-6,B_N1_s2
single,land,0.0037208204439776143,0.012583052758852385,3684744,0.9317744379376715,0.9557619424008431,386801,7238,21084,188633,2930,5801,13710.270806023851,583.4173703541672,beryl_s049,beryl,high,-6,B_N1_s2
single,active,0.004849344489266919,0.018179976825034652,4110456,0.9707310969124207,0.9830227938122605,636123,6077,13103,480475,3542,4756,19933.01715197414,1358.5532140148114,beryl_s059,beryl,mid,0,B_N1_s2
single,land,0.0023494949587464444,0.009853350896293297,3684744,0.9340435544272162,0.9480674773266616,236200,4869,11810,103072,2327,3319,8657.287452271208,357.7463558558935,beryl_s059,beryl,mid,0,B_N1_s2
single,active,0.004740330835088376,0.018344913426176383,4110456,0.9716322726130692,0.9831775199683147,626491,5949,12342,476613,3418,4737,19484.921323074028,1383.3157981501236,beryl_s063,beryl,high,6,B_N1_s2
single,land,0.002244555351847572,0.009683465988067179,3684744,0.9345397058641427,0.9469948757243427,226410,4769,11090,98871,2227,3307,8270.61186538823,345.51665240700174,beryl_s063,beryl,high,6,B_N1_s2
single,active,0.005555011211800838,0.019316572421816513,4110456,0.966415434333407,0.9817935801687406,716512,6938,17962,520976,3772,5889,22833.629165614024,1533.734324489508,beryl_s068,beryl,high,0,B_N1_s2
single,land,0.003096384680115961,0.011345362772859057,3684744,0.9338313672803508,0.953299154404421,316256,5754,16655,143176,2582,4432,11409.384871749207,474.2901383924046,beryl_s068,beryl,high,0,B_N1_s2
single,active,0.006467610940002802,0.02145616648877773,4110456,0.9725289853146136,0.9855905019302019,1024357,8713,20222,761072,4231,6896,26584.830194000155,1892.31862780861,irma_s005,irma,low,0,B_N2_s0
single,land,0.004081280805832586,0.012867771793462027,3684744,0.9559822184722621,0.9733293188629926,607303,8271,19692,355601,3633,6111,15038.474961606786,610.1182568069158,irma_s005,irma,low,0,B_N2_s0
single,active,0.006464573745363494,0.021416922979268865,4110456,0.9713878743256964,0.9853681218646443,1009306,8271,21458,752299,3926,7245,26572.34593907185,1885.402824661726,irma_s006,irma,low,6,B_N2_s0
single,land,0.004101035917897433,0.012965002992437254,3684744,0.9536951618278505,0.972423749719668,592362,7824,20937,346883,3374,6463,15111.267492257059,619.3734186850829,irma_s006,irma,low,6,B_N2_s0
single,active,0.007562787120955607,0.02292044198974768,4110456,0.9662710337186192,0.9840918068628399,1120628,9365,29752,824603,4835,8495,31086.5036980547,2159.4143348095654,irma_s024,irma,mid,6,B_N2_s0
single,land,0.005216128047888321,0.014679627147600575,3684744,0.9485740174669545,0.9720927423943665,703490,8908,29231,418553,4280,7736,19220.096527688205,794.0308392026097,irma_s024,irma,mid,6,B_N2_s0
single,active,0.007326657243170805,0.021877822080275156,4110456,0.9702112674825634,0.9848369922400226,1110335,9447,24644,816681,5263,7311,30115.902225134894,1967.4249562212128,irma_s037,irma,low,-6,B_N2_s0
single,land,0.004814337129161881,0.014428047098974535,3684744,0.9541891459526253,0.9727705630796251,691894,9113,24105,408765,4829,6613,17739.599850656465,767.0477901404571,irma_s037,irma,low,-6,B_N2_s0
single,active,0.007228128806689408,0.022500300159020718,4110456,0.9700802096394311,0.9847641205224488,1100945,8951,25005,816916,4732,7907,29710.90542222932,2080.9738709404783,irma_s041,irma,mid,0,B_N2_s0
single,land,0.0047500408465009315,0.014050848829151185,3684744,0.953707845691887,0.9726461238341215,682233,8594,24521,407849,4274,7196,17502.684508899227,727.4655689941223,irma_s041,irma,mid,0,B_N2_s0
single,active,0.007857721205965174,0.02225394644379166,4110456,0.9676212146035971,0.9838924778403115,1157573,10183,28552,851372,5693,8245,32298.817277386785,2035.6545524364758,irma_s046,irma,mid,-6,B_N2_s0
single,land,0.0053788406628713994,0.015359154722182597,3684744,0.9512424938695913,0.9718629527781798,738987,9854,28024,443187,5280,7551,19819.65085947141,869.2444991488459,irma_s046,irma,mid,-6,B_N2_s0
single,active,0.007893346613455227,0.023534625683332585,4110456,0.9678278438377391,0.9840408627079775,1165467,9765,28977,860774,5411,8549,32445.253947356716,2276.6936395286752,irma_s049,irma,high,-6,B_N2_s0
single,land,0.0054322619051834185,0.015214420473163643,3684744,0.9516914432272161,0.9723974219786659,746581,9425,28472,451418,4953,7861,20016.49446155317,852.9393468624788,irma_s049,irma,high,-6,B_N2_s0
single,active,0.0071363750741055,0.02339453806085133,4110456,0.9726495994077441,0.9852651771160498,1056314,8088,21615,793036,4112,7748,29333.755741607398,2249.6707003528068,irma_s059,irma,mid,0,B_N2_s0
single,land,0.004441429667906467,0.014062580513685568,3684744,0.9565048158495477,0.9725640215308078,636465,7786,21156,381603,3711,7054,16365.531320240349,728.6808634641309,irma_s059,irma,mid,0,B_N2_s0
single,active,0.0073852137903349345,0.024028448638282223,4110456,0.9703260353625253,0.984243455516834,1046648,7408,24600,794751,3615,9108,30356.596335764974,2373.2389527389964,irma_s063,irma,high,6,B_N2_s0
single,land,0.0046542878518518,0.014667914059905165,3684744,0.9524591833167934,0.970327983251919,626721,7090,24192,382382,3230,8463,17149.85923638381,792.7642072594595,irma_s063,irma,high,6,B_N2_s0
single,active,0.007589672412471987,0.02366436739497504,4110456,0.9699657860086169,0.9850289847051661,1115288,8788,25746,836527,4629,8085,31197.014505879954,2301.864749121508,irma_s068,irma,high,0,B_N2_s0
single,land,0.0049485157680678295,0.014775958232529366,3684744,0.9536822672935445,0.9732819880784932,695345,8472,25299,424859,4225,7438,18234.013785293326,804.4862579165593,irma_s068,irma,high,0,B_N2_s0
single,active,0.0036628913794687383,0.019905856931970358,4110456,0.98615747242433,0.9887775777130589,558958,3473,4373,490934,2445,3127,15056.153848085552,1628.7399930777867,ian_s005,ian,low,0,B_N2_s0
single,land,0.0010826594816149898,0.007619214621407505,3684744,0.9580152171920221,0.9606757728253056,146310,2732,3680,93541,1650,2179,3989.3230289239436,213.90834846000217,ian_s005,ian,low,0,B_N2_s0
single,active,0.0036746021620057455,0.019940469705360637,4110456,0.986217722895885,0.988838521204795,558502,3455,4350,490810,2416,3124,15104.29050442949,1634.40910059279,ian_s006,ian,low,6,B_N2_s0
single,land,0.0010836032527849148,0.007628644098114875,3684744,0.9582008566098221,0.9608280713301385,145865,2706,3657,93429,1637,2172,3992.8005840796977,214.43813847850666,ian_s006,ian,low,6,B_N2_s0
single,active,0.0039843481751362046,0.020185598444508953,4110456,0.9825455364432307,0.9881122430910529,593317,4569,5971,502212,2704,3338,16377.487862577662,1674.8397615771357,ian_s024,ian,mid,6,B_N2_s0
single,land,0.0014024302403300012,0.008214508351076066,3684744,0.952060497470489,0.9605622696180014,180663,3825,5272,104757,1933,2368,5167.59641347453,248.6396989471286,ian_s024,ian,mid,6,B_N2_s0
single,active,0.0038851771002996367,0.0186490467673475,4110456,0.984993593282316,0.9890480696294095,583458,3977,4912,505906,2537,3065,15969.849522989243,1429.5629361563067,ian_s037,ian,low,-6,B_N2_s0
single,land,0.0012352674799329087,0.0075796442780136225,3684744,0.9570229188530417,0.9632307412128939,169617,3356,4261,105782,1811,2227,4551.644435077906,211.69225474192325,ian_s037,ian,low,-6,B_N2_s0
single,active,0.003927429922874819,0.01951778542338792,4110456,0.9851311292313635,0.9887798526361137,586552,3879,4974,509541,2538,3244,16143.527891060337,1565.8533360355436,ian_s041,ian,mid,0,B_N2_s0
single,land,0.0012896778679021828,0.008046502788769172,3684744,0.9579226897478917,0.9624287686263405,172428,3207,4367,108766,1825,2421,4752.13278568536,238.57319824380903,ian_s041,ian,mid,0,B_N2_s0
single,active,0.004053109140705124,0.01874055725590116,4110456,0.9826880669288653,0.9886957559977969,605157,4507,6154,513404,2766,3104,16660.12678606622,1443.627029605362,ian_s046,ian,mid,-6,B_N2_s0
single,land,0.0014219314972976945,0.007912472619871444,3684744,0.9532185013378243,0.9631683707320393,191310,3892,5497,113232,2051,2279,5239.453553078696,230.6915891593155,ian_s046,ian,mid,-6,B_N2_s0
single,active,0.004116096566939212,0.019665443742824012,4110456,0.9822958640920667,0.9883409544983974,609436,4576,6408,517438,2746,3358,16919.033830154687,1589.6353236779303,ian_s049,ian,high,-6,B_N2_s0
single,land,0.001490988589485785,0.008389718911352317,3684744,0.9526508592305704,0.9622809622809623,195302,3916,5791,116640,2035,2537,5493.91125917621,259.35948870123417,ian_s049,ian,high,-6,B_N2_s0
single,active,0.004064125010479345,0.01964612535940295,4110456,0.9869015715747026,0.9889545107033639,583698,3447,4300,517421,2572,3207,16705.407034074888,1586.5136955598005,ian_s059,ian,mid,0,B_N2_s0
single,land,0.001260684184484383,0.0081776944379922,3684744,0.9625558835452578,0.9632868902233318,168583,2882,3676,114215,1885,2468,4645.298484673724,246.416099173808,ian_s059,ian,mid,0,B_N2_s0
single,active,0.004207773456458775,0.020797069773993426,4110456,0.9865018625921451,0.9885942573676288,588694,3376,4679,522131,2575,3449,17295.86765074171,1777.8466652263826,ian_s063,ian,high,6,B_N2_s0
single,land,0.001366052904891189,0.009005946296746024,3684744,0.9613598921671409,0.9627122785583384,173313,2852,4114,118197,1921,2657,5033.55524498038,298.85878474944644,ian_s063,ian,high,6,B_N2_s0
single,active,0.0041879180182066945,0.01972473128745385,4110456,0.9852809299933403,0.9887084683647818,597699,3861,5068,522307,2643,3322,17214.252745445818,1599.2346637800015,ian_s068,ian,high,0,B_N2_s0
single,land,0.0013984089705756644,0.008413595726888812,3684744,0.959309993326923,0.963329099690162,182573,3294,4450,119080,1952,2581,5152.779063874856,260.8378435297752,ian_s068,ian,high,0,B_N2_s0
single,active,0.003971040915083685,0.01655851438165471,4110456,0.9807774195510676,0.9880188932836681,628797,6400,5924,514580,2991,3249,16322.788955651224,1127.0229060336135,milton_s005,milton,low,0,B_N2_s0
single,land,0.0016178817775653197,0.008043088662090189,3684744,0.9490100523296588,0.9576600656056372,211094,5917,5425,110355,2401,2478,5961.480172593147,238.37078824225026,milton_s005,milton,low,0,B_N2_s0
single,active,0.0039639347711692575,0.016556357768176273,4110456,0.9810478991767647,0.9885706596955252,626714,6305,5802,514294,2763,3183,16293.5794637613,1126.7293537917085,milton_s006,milton,low,6,B_N2_s0
single,land,0.0016097762777951227,0.008043279568967054,3684744,0.9494973812952254,0.95999127970351,209029,5824,5294,110087,2169,2419,5931.613480947912,238.38210408488064,milton_s006,milton,low,6,B_N2_s0
single,active,0.005150279471337562,0.017717623733901202,4110456,0.9759898532509197,0.9870766652326952,850297,7639,13279,617222,3542,4539,21169.99715463631,1290.3304689607612,milton_s024,milton,mid,6,B_N2_s0
single,land,0.0028870441927831016,0.010205168028403239,3684744,0.9560273436723002,0.9695258565729795,432567,7151,12745,212904,2931,3761,10638.018767092377,383.7493385517234,milton_s024,milton,mid,6,B_N2_s0
single,active,0.004894904778764212,0.017926223659532076,4110456,0.9759203875553021,0.9868914611642342,780222,8480,10771,588286,3630,4184,20120.290717300028,1320.8929585519222,milton_s037,milton,low,-6,B_N2_s0
single,land,0.0024639484450128517,0.009474094034618893,3684744,0.9515426736165956,0.9651570726617441,361453,8099,10308,181298,3079,3466,9079.019249070436,330.73693874232197,milton_s037,milton,low,-6,B_N2_s0
single,active,0.004898265485659098,0.0176050581716896,4110456,0.9764384449976938,0.9867854454203262,776955,8056,10692,589851,3455,4444,20134.104755120352,1273.9868127308343,milton_s041,milton,mid,0,B_N2_s0
single,land,0.002499633934127412,0.009673526132445459,3684744,0.9522568242573993,0.9645552567794767,357641,7644,10287,181864,2940,3743,9210.511140972376,344.8076866327568,milton_s041,milton,mid,0,B_N2_s0
single,active,0.0053304852331475736,0.01819559822275157,4110456,0.9762932738512182,0.9872468592838503,876685,7983,13305,638185,3792,4452,21910.725009502843,1360.888928536794,milton_s046,milton,mid,-6,B_N2_s0
single,land,0.0029669211801460114,0.010297708882555077,3684744,0.9572269875548512,0.9706665434815475,457879,7605,12855,231139,3250,3735,10932.345017015934,390.74060136810414,milton_s046,milton,mid,-6,B_N2_s0
single,active,0.005343822214604738,0.017933637527931933,4110456,0.9762441321832652,0.9867782488388787,881567,7875,13577,643336,3804,4816,21965.546084955335,1321.9857655830242,milton_s049,milton,high,-6,B_N2_s0
single,land,0.003016902247365754,0.0104692254458502,3684744,0.9572551334223851,0.9694930480578243,462225,7464,13176,235263,3282,4121,11116.512454567477,403.8651922933498,milton_s049,milton,high,-6,B_N2_s0
single,active,0.004315759798472011,0.01704293318650414,4110456,0.981441396366774,0.9889577399668769,655172,6221,6168,547577,2847,3267,17739.74075818807,1193.929509751187,milton_s059,milton,mid,0,B_N2_s0
single,land,0.0018070458414542695,0.008600694264778943,3684744,0.9525232066825504,0.9644670409208064,234676,5884,5813,136583,2420,2612,6658.5013220235705,272.56766884929203,milton_s059,milton,mid,0,B_N2_s0
single,active,0.004396404070244456,0.017045628455846767,4110456,0.9818372695595199,0.9894344102130459,659343,6112,6085,553453,2595,3315,18071.225488960743,1194.3071696320687,milton_s063,milton,high,6,B_N2_s0
single,land,0.0018826892570723657,0.009081304900332631,3684744,0.9535901261033544,0.9663250666120107,238429,5822,5782,141441,2200,2729,6937.227943861857,303.8812013377228,milton_s063,milton,high,6,B_N2_s0
single,active,0.005153762574014272,0.018178750180090422,4110456,0.9765204346114713,0.9874033459403254,788925,7936,11033,604906,3344,4373,21184.31429493241,1358.3698907655635,milton_s068,milton,high,0,B_N2_s0
single,land,0.002624584648264512,0.010034971185168804,3684744,0.9527326516573829,0.9669831549762135,368416,7607,10671,193913,2931,3690,9670.92253518477,371.0561036766628,milton_s068,milton,high,0,B_N2_s0
single,active,0.0035726238588232985,0.015345306588610797,4110456,0.9838671669981184,0.987256360831884,551125,4003,5034,471718,2899,3190,14685.11317624338,967.9237431327186,dorian_s005,dorian,low,0,B_N2_s0
single,land,0.0010928529571164196,0.006976134558991225,3684744,0.954026925204837,0.9548770510431344,144848,2962,4018,84033,1882,2089,4026.8833766169846,179.3234221122174,dorian_s005,dorian,low,0,B_N2_s0
single,active,0.0035967155800837743,0.015420817450816856,4110456,0.9839389161577535,0.9872655334114888,551667,3980,5025,471597,2859,3224,14784.14113644883,977.4730581338748,dorian_s006,dorian,low,6,B_N2_s0
single,land,0.0011115736390974098,0.007020783888065597,3684744,0.9544553285361627,0.9549086108392325,145375,2930,4007,83904,1868,2094,4095.864297222346,181.6262139947265,dorian_s006,dorian,low,6,B_N2_s0
single,active,0.004607354117798666,0.016531059557701896,4110456,0.9731635750371427,0.9861397880820453,654362,7117,10928,507221,3155,3974,18938.326377630234,1123.288686536306,dorian_s024,dorian,mid,6,B_N2_s0
single,land,0.002221256870574574,0.009268493302287788,3684744,0.9394456193009982,0.9596218270841387,247884,6122,9856,119162,2209,2805,8184.762926308438,316.53781575659775,dorian_s024,dorian,mid,6,B_N2_s0
single,active,0.004100623223763622,0.015999424979157267,4110456,0.9795958436038819,0.9861870057622909,593735,5354,7013,489988,3262,3601,16855.43133385852,1052.2011022271777,dorian_s037,dorian,low,-6,B_N2_s0
single,land,0.0015740423614484637,0.00802448091539986,3684744,0.9468765896835893,0.9539193397397933,186137,4472,5971,99862,2439,2385,5799.943147093058,237.26911882130295,dorian_s037,dorian,low,-6,B_N2_s0
single,active,0.00403178961757559,0.015873186346380935,4110456,0.9794452797341141,0.9861303410828447,594108,5357,7111,491442,3256,3656,16572.493824301288,1035.6624569427224,dorian_s041,dorian,mid,0,B_N2_s0
single,land,0.0015640393679589647,0.007998546928347608,3684744,0.946043147169389,0.9536290895317456,185976,4510,6097,100708,2459,2438,5763.084676850587,235.73795662718837,dorian_s041,dorian,mid,0,B_N2_s0
single,active,0.004554001258993916,0.016475533185994748,4110456,0.9761817570795414,0.9859814076922632,647762,6021,9784,510483,3303,3955,18719.021799039096,1115.7553044615224,dorian_s046,dorian,mid,-6,B_N2_s0
single,land,0.002064987196085938,0.008974152654638136,3684744,0.945238432706542,0.9585047354826366,240083,5153,8756,120231,2486,2719,7608.949180854484,296.75239040987657,dorian_s046,dorian,mid,-6,B_N2_s0
single,active,0.004514018648907332,0.016440301028812405,4110456,0.9761935854771865,0.9860414315080215,650347,6093,9767,512780,3314,3945,18554.675039513037,1110.9884257179083,dorian_s049,dorian,high,-6,B_N2_s0
single,land,0.002072752590805963,0.008975101426905307,3684744,0.9453439083223394,0.9586071889053115,242199,5264,8739,121931,2534,2731,7637.562672456726,296.8151406955513,dorian_s049,dorian,high,-6,B_N2_s0
single,active,0.0037881953755800634,0.015907396289541676,4110456,0.9845582668754602,0.9870124923826935,569628,3724,5210,492385,2926,3553,15571.210410725325,1040.1313937255356,dorian_s059,dorian,mid,0,B_N2_s0
single,land,0.0011938027792308865,0.007375184379696756,3684744,0.9573112418113136,0.957614012024668,160162,2909,4233,99069,2044,2341,4398.857627954334,200.4255502819909,dorian_s059,dorian,mid,0,B_N2_s0
single,active,0.003831424640123152,0.01608233658048107,4110456,0.9844357776009268,0.9869938160781967,572728,3815,5240,494780,2889,3631,15748.90240054205,1063.1347105859338,dorian_s063,dorian,high,6,B_N2_s0
single,land,0.001232748547510922,0.00753560659506438,3684744,0.9572922975603159,0.9581820946010148,162800,3009,4254,100841,1995,2406,4542.362813949585,209.2395394404147,dorian_s063,dorian,high,6,B_N2_s0
single,active,0.004178470036535734,0.01627042341218556,4110456,0.9796902363028497,0.9861529412459009,603064,5301,7201,501300,3244,3795,17175.417232498527,1088.147361993655,dorian_s068,dorian,high,0,B_N2_s0
single,land,0.0016265386394769153,0.008259532475254157,3684744,0.9474055218327785,0.9559565059418839,193536,4531,6213,107873,2434,2536,5993.378492580727,251.37278138709448,dorian_s068,dorian,high,0,B_N2_s0
single,active,0.004590027038498321,0.01773843045188657,4110456,0.9702918737137981,0.9823520602456035,618596,7506,11434,459171,3875,4374,18867.104180557653,1293.3628514974655,beryl_s005,beryl,low,0,B_N2_s0
single,land,0.0022283632946624877,0.009651368546052511,3684744,0.9329560095711393,0.9433182548406189,223025,5832,10195,89253,2364,2999,8210.948279827833,343.2299049590397,beryl_s005,beryl,low,0,B_N2_s0
single,active,0.004476742329198703,0.017538300702723383,4110456,0.9709243745861761,0.9825292820143169,607086,7257,10923,453902,3704,4367,18401.452367508784,1264.343347174038,beryl_s006,beryl,low,6,B_N2_s0
single,land,0.0021015735988944065,0.009403888344870642,3684744,0.9326121441790781,0.9414829255176123,211647,5603,9690,84033,2214,3009,7743.76070908457,325.85339359259876,beryl_s006,beryl,low,6,B_N2_s0
single,active,0.005542679768088688,0.01883515965979971,4110456,0.9646929285759784,0.9803786784218906,742091,9781,17379,531977,4378,6269,22782.941308818758,1458.238686012872,beryl_s024,beryl,mid,6,B_N2_s0
single,land,0.003276135555566403,0.011791232526795856,3684744,0.9343633307934656,0.9536494816060442,345806,8196,16096,161059,2948,4880,12071.720831559971,512.3016186959569,beryl_s024,beryl,mid,6,B_N2_s0
single,active,0.00538581165529382,0.01825711977786855,4110456,0.9677793280812726,0.9818284602090894,725519,8361,15794,517564,3960,5619,22138.141833372414,1370.1071518426322,beryl_s037,beryl,low,-6,B_N2_s0
single,land,0.0030466896496318895,0.011122783924381112,3684744,0.9382215252833066,0.95368670338735,327277,7013,14537,143362,2708,4254,11226.271406343207,455.86297603342484,beryl_s037,beryl,low,-6,B_N2_s0
single,active,0.005260652827964326,0.018704014823723435,4110456,0.9679821153505364,0.9821680070804633,710102,8195,15293,510472,3952,5316,21623.681980622932,1438.002627979891,beryl_s041,beryl,mid,0,B_N2_s0
single,land,0.0029617503192484636,0.011075705936098662,3684744,0.9372515291669423,0.9530945675171998,311668,6775,14091,136039,2673,4022,10913.29171834886,452.01219656403356,beryl_s041,beryl,mid,0,B_N2_s0
single,active,0.005811017044713244,0.01846145356400053,4110456,0.9646680575144961,0.9807505458800422,787910,9734,19124,563247,4273,6782,23885.929877543822,1400.9472665515932,beryl_s046,beryl,mid,-6,B_N2_s0
single,land,0.0035602927343869164,0.012154640757480104,3684744,0.9366770239404654,0.9568953695662111,389179,8423,17887,188406,3060,5427,13118.767291275784,544.3667305766786,beryl_s046,beryl,mid,-6,B_N2_s0
single,active,0.005767549758250581,0.019149149550104286,4110456,0.9646522834568626,0.9809721591729325,788719,9751,19150,564007,4273,6667,23707.259509099647,1507.2628167105777,beryl_s049,beryl,high,-6,B_N2_s0
single,land,0.0035521805892349584,0.012157196117855552,3684744,0.9366945392614443,0.9574568288854003,389945,8414,17940,189069,3036,5365,13088.876113099977,544.5956471570211,beryl_s049,beryl,high,-6,B_N2_s0
single,active,0.004649923636949589,0.01751530910800095,4110456,0.9730198065070685,0.9836403244116715,638445,6922,10781,480887,3654,4344,19113.306513041258,1261.0305728818907,beryl_s059,beryl,mid,0,B_N2_s0
single,land,0.0022660339639513478,0.009642363650134666,3684744,0.9397105380396857,0.9497481895379186,238351,5633,9659,103344,2421,3047,8349.755052465945,342.58972472064926,beryl_s059,beryl,mid,0,B_N2_s0
single,active,0.004519648582825206,0.017489637206052948,4110456,0.9736832729463922,0.9838139511861107,628570,6726,10263,477014,3512,4336,18577.816635165364,1257.336738112112,beryl_s063,beryl,high,6,B_N2_s0
single,land,0.0021583805771783265,0.00944621549170849,3684744,0.9396286677395324,0.9488605365671571,228295,5463,9205,99136,2301,3042,7953.079881474376,328.79334438899735,beryl_s063,beryl,high,6,B_N2_s0
single,active,0.00530949765275109,0.01844835500193534,4110456,0.9689660513573396,0.9826173306626519,719404,7971,15070,521476,3836,5389,21824.456483736634,1398.960003222087,beryl_s068,beryl,high,0,B_N2_s0
single,land,0.002987768533745755,0.011088614819797582,3684744,0.9392252179571359,0.9552417583880113,318990,6720,13921,143548,2666,4060,11009.162178108469,453.0664631325333,beryl_s068,beryl,high,0,B_N2_s0
single,active,0.006954529746214564,0.022278580192802256,4110456,0.9719692552546964,0.9848299847341686,1023540,8479,21039,760597,4345,7371,28586.288522506133,2040.1637353450133,irma_s005,irma,low,0,B_N2_s1
single,land,0.004230923209959688,0.01323908449513265,3684744,0.9552975075183826,0.9722219942271652,606719,8115,20276,355352,3793,6360,15589.8689123597,645.8374552425125,irma_s005,irma,low,0,B_N2_s1
single,active,0.006942398653684777,0.02228305771945183,4110456,0.971051091180061,0.9848088566762317,1008623,7928,22141,751938,3993,7606,28536.424200430512,2040.9838778653793,irma_s006,irma,low,6,B_N2_s1
single,land,0.00423262836842374,0.013235853388749712,3684744,0.9533775730438424,0.9718045797590456,591914,7561,21385,346770,3485,6576,15596.151984779164,645.5222499308169,irma_s006,irma,low,6,B_N2_s1
single,active,0.008108382288503016,0.02377538233186839,4110456,0.9663406987932693,0.9837492142968747,1120789,9448,29591,824796,5323,8302,33329.14862807095,2323.512551234088,irma_s024,irma,mid,6,B_N2_s1
single,land,0.005400359605850508,0.015026608465415457,3684744,0.9488915401155306,0.9719107378969589,703883,9074,28838,418981,4801,7308,19898.942655500025,832.0113703358546,irma_s024,irma,mid,6,B_N2_s1
single,active,0.007788308960182278,0.022591021799621386,4110456,0.9699619522721614,0.9841715140275212,1110233,9636,24746,816698,5841,7294,32013.501295235008,2097.788754603755,irma_s037,irma,low,-6,B_N2_s1
single,land,0.004974897823749904,0.014804458663263123,3684744,0.9540350475696795,0.9719206191912206,692016,9358,23983,408991,5429,6387,18331.224906675518,807.5926983796462,irma_s037,irma,low,-6,B_N2_s1
single,active,0.007706274509334977,0.02308120993110002,4110456,0.9700779701334743,0.9843504195465572,1101087,9100,24863,817190,5359,7633,31676.302294543013,2189.813585708085,irma_s041,irma,mid,0,B_N2_s1
single,land,0.0049169467585759175,0.014399598461632232,3684744,0.9539233429998952,0.972241337025599,682556,8771,24198,408319,4932,6726,18117.69006698206,764.0259049306701,irma_s041,irma,mid,0,B_N2_s1
single,active,0.008329678717870706,0.022983850679046555,4110456,0.9675546813374868,0.9835040021618949,1157923,10627,28202,851623,6290,7994,34238.77786394395,2171.378766641642,irma_s046,irma,mid,-6,B_N2_s1
single,land,0.0055429609794044035,0.015656333504016063,3684744,0.951345955444411,0.9715744222358973,739544,10355,27467,443651,5893,7087,20424.3922110945,903.2073189180062,irma_s046,irma,mid,-6,B_N2_s1
single,active,0.008336338842711954,0.023727327693383513,4110456,0.9676199093520164,0.9835250460430406,1165653,10216,28791,860848,5945,8475,34266.15401405841,2314.1295082706674,irma_s049,irma,high,-6,B_N2_s1
single,land,0.005597534080652941,0.015440727418182684,3684744,0.9515583497353385,0.9718025013285484,746940,9912,28113,451687,5514,7592,20625.480118481442,878.5021583894694,irma_s049,irma,high,-6,B_N2_s1
single,active,0.007473386127136735,0.023375065761209627,4110456,0.9725745098743367,0.984946687998092,1056213,8068,21716,792953,4288,7831,30719.024846605957,2245.9272598178936,irma_s059,irma,mid,0,B_N2_s1
single,land,0.0045307338824120405,0.014161509007872863,3684744,0.9565127875277647,0.9722268922547087,636477,7793,21144,381671,3917,6986,16694.594488814473,738.9692828711674,irma_s059,irma,mid,0,B_N2_s1
single,active,0.007677217127285,0.0240800822203677,4110456,0.9701430681351447,0.9842893814942362,1046374,7329,24874,794856,3684,9003,31556.863204151392,2383.4493902940794,irma_s063,irma,high,6,B_N2_s1
single,land,0.004703243843828372,0.014550591513806959,3684744,0.9523067686999871,0.970788956936925,626575,7042,24338,382652,3321,8193,17330.24953408353,780.1329436385271,irma_s063,irma,high,6,B_N2_s1
single,active,0.007979553291604859,0.023861212755827116,4110456,0.9700845336908756,0.9846979603556786,1115669,9040,25365,836753,5144,7859,32799.60270479694,2340.318845883285,irma_s068,irma,high,0,B_N2_s1
single,land,0.005078055512403343,0.014940949931636012,3684744,0.9539806144692285,0.9729350661236443,695843,8766,24801,425231,4763,7066,18711.334580995142,822.5527168197015,irma_s068,irma,high,0,B_N2_s1
single,active,0.0040694622700981125,0.021235869809321434,4110456,0.9850252023072386,0.9877301726483839,557739,2887,5592,490008,2034,4053,16727.345604898408,1853.6601433031785,ian_s005,ian,low,0,B_N2_s1
single,land,0.0011158878609324764,0.007775841938268322,3684744,0.9550881294491581,0.957573946818046,145437,2286,4553,92945,1343,2775,4111.761100243777,222.79332156154675,ian_s005,ian,low,0,B_N2_s1
single,active,0.004085593642819393,0.02127663831984714,4110456,0.9851110879352616,0.98780298462922,557300,2871,5552,489892,2007,4042,16793.65290268883,1860.7842690498615,ian_s006,ian,low,6,B_N2_s1
single,land,0.0011196384858637059,0.007793006170979154,3684744,0.9554252585809342,0.9578144827657358,145024,2268,4498,92840,1328,2761,4125.581192955375,223.77798586972088,ian_s006,ian,low,6,B_N2_s1
single,active,0.004402990639007825,0.021486538081539042,4110456,0.9812509531166085,0.986995830002717,591973,3996,7315,501309,2364,4241,18098.299290053546,1897.6796420992873,ian_s024,ian,mid,6,B_N2_s1
single,land,0.0014477176009713999,0.008377191086779055,3684744,0.9490127930193004,0.9573672263424406,179669,3387,6266,104174,1688,2951,5334.46874387376,258.5854975121434,ian_s024,ian,mid,6,B_N2_s1
single,active,0.0042465712944035295,0.019579557290523197,4110456,0.983952828276002,0.987949686026722,582382,3510,5988,505030,2219,3941,17455.344456508756,1575.7805635107811,ian_s037,ian,low,-6,B_N2_s1
single,land,0.0012750312249117802,0.007766481217297527,3684744,0.9545919607477376,0.9602029548918152,168874,3029,5004,105220,1572,2789,4698.163655806333,222.25723792046333,ian_s037,ian,low,-6,B_N2_s1
single,active,0.004309251083467163,0.020815659579381217,4110456,0.9841139639450351,0.9878809886285963,585474,3399,6052,508735,2191,4050,17712.986971544102,1781.0264011162337,ian_s041,ian,mid,0,B_N2_s1
single,land,0.0013272502481750915,0.008212291960077346,3684744,0.9553945142042924,0.9603792663024197,171650,2869,5145,108277,1557,2910,4890.577388461679,248.5055440051307,ian_s041,ian,mid,0,B_N2_s1
single,active,0.004422677960656719,0.019662160169880684,4110456,0.9817868042081452,0.9875833604698437,604170,4067,7141,512537,2473,3971,18179.223159449175,1589.1045197116352,ian_s046,ian,mid,-6,B_N2_s1
single,land,0.0014660157273051323,0.008090423257050016,3684744,0.951452240742589,0.96045197740113,190652,3573,6155,112710,1840,2801,5401.892655093223,241.18472867541476,ian_s046,ian,mid,-6,B_N2_s1
single,active,0.0045046691470075,0.02097209352889376,4110456,0.9814706072142996,0.9873849288025334,608394,4036,7450,516662,2467,4134,18516.244323331863,1807.8965475973685,ian_s049,ian,high,-6,B_N2_s1
single,land,0.0015350020036358912,0.008552149401202129,3684744,0.9509435437754459,0.960052227951871,194564,3508,6529,116174,1831,3003,5656.0894228853285,269.4994471666745,ian_s049,ian,high,-6,B_N2_s1
single,active,0.004384612043990003,0.020704795717152925,4110456,0.9861258001905396,0.9882863755475221,582754,2955,5244,516686,2182,3942,18022.75488389097,1762.1054869678842,ian_s059,ian,mid,0,B_N2_s1
single,land,0.001292143333741455,0.008309356280390137,3684744,0.9606667315163965,0.9621818181818181,167889,2504,4370,113778,1567,2905,4761.217396143824,254.4146299897221,ian_s059,ian,mid,0,B_N2_s1
single,active,0.00452801569210068,0.02202299055107073,4110456,0.985631345401125,0.9878327428430685,587730,2925,5643,521388,2230,4192,18612.209269689396,1993.6209491830257,ian_s063,ian,high,6,B_N2_s1
single,land,0.0014024509315065938,0.009162820744689895,3684744,0.9593101455074977,0.9612813165821762,172601,2495,4826,117756,1645,3098,5167.672655163333,309.36109847278846,ian_s063,ian,high,6,B_N2_s1
single,active,0.004511391686879709,0.02077650525535887,4110456,0.9845423156172103,0.9880266402991351,596801,3404,5966,521601,2293,4028,18543.877027684823,1774.3324696784798,ian_s068,ian,high,0,B_N2_s1
single,land,0.0014325735396146049,0.008552906520689572,3684744,0.9576672228919151,0.9623187700690863,181929,2948,5094,118677,1663,2984,5278.666754653677,269.54716670609815,ian_s068,ian,high,0,B_N2_s1
single,active,0.004378786141706053,0.017265911472540512,4110456,0.9798123964503047,0.9873849530395076,627465,5672,7256,513767,2502,4062,17998.807768892497,1225.3750217326947,milton_s005,milton,low,0,B_N2_s1
single,land,0.0016665952580047722,0.008282495560471706,3684744,0.9467828533046022,0.9561029981626131,210022,5308,6497,109796,2004,3037,6140.976877361536,252.77245350195196,milton_s005,milton,low,0,B_N2_s1
single,active,0.00437652648981706,0.017279994483187972,4110456,0.9801807957772526,0.9877719848400316,625422,5552,7094,513434,2313,4043,17989.519569227472,1227.3748011667765,milton_s006,milton,low,6,B_N2_s1
single,land,0.0016588847112009846,0.008290797532080589,3684744,0.947501013625865,0.9577228233771006,207985,5186,6338,109484,1811,3022,6112.565486289561,253.27944114578713,milton_s006,milton,low,6,B_N2_s1
single,active,0.005520528332702,0.01822683238546602,4110456,0.975176143915869,0.9863036496397087,848845,6877,14731,616352,3150,5409,22691.888808324933,1365.5650824433337,milton_s024,milton,mid,6,B_N2_s1
single,land,0.002963604946879007,0.010404181209471144,3684744,0.9546688916873787,0.9679643257735343,431349,6519,13963,212292,2653,4373,10920.12554638274,398.86243453802354,milton_s024,milton,mid,6,B_N2_s1
single,active,0.005208900918244952,0.018029178582797598,4110456,0.9754557291666667,0.9863216042782544,779116,7727,11877,587608,3287,4862,21410.958032805473,1336.108985706224,milton_s037,milton,low,-6,B_N2_s1
single,land,0.0025072949341316563,0.009634461692677773,3684744,0.9508114579872045,0.9641950824216834,360542,7433,11219,180856,2808,3908,9238.739964772016,342.02844736664446,milton_s037,milton,low,-6,B_N2_s1
single,active,0.00522466086003965,0.017949311449487113,4110456,0.975750035537765,0.9861433996622464,775652,7282,11995,589198,3182,5097,21475.73858011514,1324.2975950773016,milton_s041,milton,mid,0,B_N2_s1
single,land,0.0025427556547606076,0.009826005607502327,3684744,0.9510085302292333,0.9632262757445272,356535,6974,11393,181415,2734,4192,9369.40364234522,355.76345624322164,milton_s041,milton,mid,0,B_N2_s1
single,active,0.005625621843331353,0.018262718606779985,4110456,0.9757600813011754,0.9865434139335636,875651,7414,14339,637457,3515,5180,23123.871059652418,1370.9476099041137,milton_s046,milton,mid,-6,B_N2_s1
single,land,0.0030224761041999144,0.010450963630149641,3684744,0.9564592310155258,0.9692664637939441,457045,7117,13689,230604,3042,4270,11137.050690094009,402.45747034720404,milton_s046,milton,mid,-6,B_N2_s1
single,active,0.005649743211819309,0.018226345910908087,4110456,0.9755756232686981,0.986186586209913,880457,7356,14687,642612,3461,5540,23223.02088348195,1365.4921894918327,milton_s049,milton,high,-6,B_N2_s1
single,land,0.0030724692747627186,0.010610059515103942,3684744,0.9561700054927402,0.9683662061312134,461309,7054,14092,234731,3015,4653,11321.26272536628,414.80402355735976,milton_s049,milton,high,-6,B_N2_s1
single,active,0.004587426360078486,0.01718704986937107,4110456,0.9809547658820248,0.9881569555750309,654185,5546,7155,546851,2561,3993,18856.41420634277,1214.2068479778845,milton_s059,milton,mid,0,B_N2_s1
single,land,0.001831354186649951,0.008758450891644122,3684744,0.9513599283927009,0.9626962285908329,233830,5296,6659,136080,2158,3115,6748.071351133287,282.65841467036677,milton_s059,milton,mid,0,B_N2_s1
single,active,0.0046847052065686155,0.01737340984024188,4110456,0.981143462575272,0.9887050213021689,658413,5639,7015,552783,2330,3985,19256.274624571204,1240.6810054790062,milton_s063,milton,high,6,B_N2_s1
single,land,0.0019058758282931804,0.009199960194510661,3684744,0.9519662201140953,0.9645618644879638,237626,5405,6585,140963,1972,3207,7022.664523048326,311.87403338193906,milton_s063,milton,high,6,B_N2_s1
single,active,0.005401334579782324,0.01818194678778397,4110456,0.9761026064140158,0.9867677481822799,787911,7243,12047,604339,3164,4940,22201.948131473735,1358.8476526987315,milton_s068,milton,high,0,B_N2_s1
single,land,0.0026472711229753474,0.01012865173439064,3684744,0.9520175922544349,0.965944195192063,367554,6992,11533,193553,2774,4050,9754.516386756673,378.0163613159721,milton_s068,milton,high,0,B_N2_s1
single,active,0.003973702915856305,0.016333703036349536,4110456,0.9825782166042268,0.9863107259882508,549725,3313,6434,470774,2400,4134,16333.730992699042,1096.6279597292034,dorian_s005,dorian,low,0,B_N2_s1
single,land,0.0011393264873542593,0.007221839876103798,3684744,0.9506638483387277,0.9526068512521096,143921,2524,4945,83536,1570,2586,4198.126438319683,192.17771718493935,dorian_s005,dorian,low,0,B_N2_s1
single,active,0.004001336236238864,0.016436752264739948,4110456,0.9826956804389214,0.9861990926521589,550229,3226,6463,470629,2394,4192,16447.316540265456,1110.5088468733084,dorian_s006,dorian,low,6,B_N2_s1
single,land,0.0011575067901940291,0.007264403959786175,3684744,0.9512633714496496,0.9522939551028797,144417,2434,4965,83400,1580,2598,4265.116200126708,194.44970710256467,dorian_s006,dorian,low,6,B_N2_s1
single,active,0.0050667812293501745,0.01755807881273146,4110456,0.9712346072598017,0.9849751758700118,651949,5968,13341,506293,2821,4902,20826.7813048698,1267.1965793277145,dorian_s024,dorian,mid,6,B_N2_s1
single,land,0.0023000203521996387,0.009484807511918228,3684744,0.9352125102680338,0.9569695600974335,245916,5212,11824,118647,2015,3320,8474.986192645505,331.48536832522177,dorian_s024,dorian,mid,6,B_N2_s1
single,active,0.004489416717893386,0.016833763012671178,4110456,0.9782824520163935,0.9849777324795604,592216,4615,8532,489005,2874,4584,18453.549884565175,1164.8028414186383,dorian_s037,dorian,low,-6,B_N2_s1
single,land,0.00164051374369931,0.00827534299032095,3684744,0.9437422856035336,0.9514596582637346,185032,3954,7076,99340,2161,2907,6044.87317401357,252.33606521025678,dorian_s037,dorian,low,-6,B_N2_s1
single,active,0.004434316264977893,0.016658850754595715,4110456,0.9781119967252999,0.9850486731349997,592596,4638,8623,490570,2918,4528,18227.06189727597,1140.7226856792647,dorian_s041,dorian,mid,0,B_N2_s1
single,land,0.0016301951507960565,0.008229355610684821,3684744,0.9430703548602645,0.9512350189309471,184888,3976,7185,100244,2237,2902,6006.851800724864,249.5393156245951,dorian_s041,dorian,mid,0,B_N2_s1
single,active,0.004960136434596319,0.01730167126659388,4110456,0.9745600944018326,0.984740953772531,645840,5153,11706,509503,2960,4935,20388.422568405047,1230.4560782268716,dorian_s046,dorian,mid,-6,B_N2_s1
single,land,0.0021467870878036357,0.009219875568351198,3684744,0.9417695335167633,0.9558221065156802,238570,4482,10269,119689,2271,3261,7910.36084106192,313.2257371893084,dorian_s046,dorian,mid,-6,B_N2_s1
single,active,0.004935953152091942,0.017243267856590194,4110456,0.9745632162314485,0.9848772612429548,648450,5261,11664,511822,2956,4903,20289.018249735236,1222.1630596082055,dorian_s049,dorian,high,-6,B_N2_s1
single,land,0.00214992036729451,0.009191393643687552,3684744,0.9419116524951185,0.9563361087698016,240714,4621,10224,121404,2285,3258,7921.906173866242,311.2935002426345,dorian_s049,dorian,high,-6,B_N2_s1
single,active,0.0041037515957180444,0.01643692548621796,4110456,0.9834154257647398,0.9859744563396782,568421,3169,6417,491527,2581,4411,16868.29036912881,1110.5322535651333,dorian_s059,dorian,mid,0,B_N2_s1
single,land,0.0012405940666158897,0.007576203230633242,3684744,0.9542642205571428,0.955037678464191,159323,2564,5072,98600,1832,2810,4571.2715433984995,211.50008801201483,dorian_s059,dorian,mid,0,B_N2_s1
single,active,0.004134342848394218,0.016523186228103066,4110456,0.9834003262463091,0.9859906457917041,571509,3188,6459,493933,2540,4478,16994.034367239103,1122.218952809949,dorian_s063,dorian,high,6,B_N2_s1
single,land,0.001281630080869117,0.007745873428786851,3684744,0.954518122008159,0.9551438879739546,161913,2574,5141,100335,1800,2912,4722.478750701994,221.07931618896228,dorian_s063,dorian,high,6,B_N2_s1
single,active,0.004535373351914825,0.01686773446719878,4110456,0.9784505541866914,0.98501208480621,601615,4600,8650,500461,2981,4634,18642.452606618404,1169.508856822376,dorian_s068,dorian,high,0,B_N2_s1
single,land,0.00169188564320331,0.008479550947719551,3684744,0.9444349025169424,0.9535410010649628,192456,4030,7293,107445,2271,2964,6234.165472479537,264.94335294049574,dorian_s068,dorian,high,0,B_N2_s1
single,active,0.005082926956125702,0.01847902072569369,4110456,0.967154202639737,0.9804600729587717,615230,6094,14800,457717,3294,5828,20893.147604368627,1403.6147029287192,beryl_s005,beryl,low,0,B_N2_s1
single,land,0.0023553783074019316,0.010014820195465004,3684744,0.9255433115854658,0.9376650090655583,220308,4811,12912,88434,2061,3818,8678.966085929424,369.56738183688617,beryl_s005,beryl,low,0,B_N2_s1
single,active,0.004965847061243478,0.01836347370986038,4110456,0.9678223972017524,0.9804075387959337,603746,5810,14263,452412,3184,5857,20411.89584797062,1386.1163261351462,beryl_s006,beryl,low,6,B_N2_s1
single,land,0.002225371558210625,0.009802497113197226,3684744,0.9250618655735238,0.9347054329753292,208965,4556,12372,83200,1970,3842,8199.924496887252,354.0631807047628,beryl_s006,beryl,low,6,B_N2_s1
single,active,0.0060995355003682404,0.019662396269617285,4110456,0.9618207579849924,0.9780610409614551,738561,8408,20909,530202,3849,8044,25071.872294701636,1589.1426833119604,beryl_s024,beryl,mid,6,B_N2_s1
single,land,0.003466248700722719,0.012228567752110684,3684744,0.9290509786071917,0.9484875977680133,342909,7194,18993,159952,2700,5987,12772.239102495834,551.0087665579049,beryl_s024,beryl,mid,6,B_N2_s1
single,active,0.005919463539360218,0.019180591371991976,4110456,0.9652071413966057,0.979824774607129,722223,6944,19090,516011,3453,7172,24331.694422144443,1512.2165610679917,beryl_s037,beryl,low,-6,B_N2_s1
single,land,0.003203898351620037,0.011511036889048828,3684744,0.9333749356553948,0.9492735270594508,324569,5923,17245,142429,2424,5187,11805.545227741823,488.2432093955563,beryl_s037,beryl,low,-6,B_N2_s1
single,active,0.0057957747115493265,0.01944991431466529,4110456,0.965167275180028,0.9799365240769414,706875,6991,18520,508834,3464,6954,23823.2769377362,1554.9820801646301,beryl_s041,beryl,mid,0,B_N2_s1
single,land,0.0031133690690870056,0.011419735552992838,3684744,0.9317772705480795,0.9482785250919711,309023,5890,16736,135069,2375,4992,11471.96799710393,480.5287919173779,beryl_s041,beryl,mid,0,B_N2_s1
single,active,0.006401196368244297,0.01949299023259111,4110456,0.9622319628341419,0.9785435619359931,784577,8338,22457,561593,3878,8436,26311.83601902798,1561.877375695141,beryl_s046,beryl,mid,-6,B_N2_s1
single,land,0.0037529827166934942,0.01257791833579126,3684744,0.9325215846954977,0.952572665995669,386450,7348,20616,187392,2889,6441,13828.780547440052,582.9413490722648,beryl_s046,beryl,mid,-6,B_N2_s1
single,active,0.0063563661611679,0.020089876608959643,4110456,0.9623475249332032,0.9787121466600992,785546,8412,22323,562322,3879,8352,26127.56342536956,1658.9929573236764,beryl_s049,beryl,high,-6,B_N2_s1
single,land,0.003743606015255843,0.01257296451451997,3684744,0.9327915432589275,0.9531794104975037,387379,7405,20506,188048,2851,6386,13794.229803077877,582.4822558424584,beryl_s049,beryl,high,-6,B_N2_s1
single,active,0.005152553157977727,0.018299897770590084,4110456,0.9701542445498325,0.9817847169332318,635387,5708,13839,479539,3205,5692,21179.343043528497,1376.5352302155736,beryl_s059,beryl,mid,0,B_N2_s1
single,land,0.0023856476344331096,0.009978573955494162,3684744,0.9333668405347433,0.9444050437041199,235845,4672,12165,102535,2180,3856,8790.500807091594,366.8971017965313,beryl_s059,beryl,mid,0,B_N2_s1
single,active,0.005054220704948612,0.018728577880729545,4110456,0.9711737552656168,0.9819179858134945,625702,5441,13131,475645,3054,5705,20775.151821980253,1441.7820233670304,beryl_s063,beryl,high,6,B_N2_s1
single,land,0.0022792946530633754,0.009836107190825692,3684744,0.9338342260133571,0.9433078724139254,225958,4468,11542,98304,2034,3874,8398.617297107354,356.49531446159114,beryl_s063,beryl,high,6,B_N2_s1
single,active,0.005838028329928173,0.019201175540363928,4110456,0.9665421942579007,0.9804878140769852,716461,6788,18013,519937,3419,6928,23996.958576923236,1515.4640545867978,beryl_s068,beryl,high,0,B_N2_s1
single,land,0.0031337726108209463,0.011416027203913447,3684744,0.9346148395706138,0.9501722908349274,316569,5805,16342,142561,2429,5047,11547.149825086817,480.21675681566984,beryl_s068,beryl,high,0,B_N2_s1
single,active,0.006915503349741543,0.022762406579186097,4110456,0.971017302379683,0.9849032064169793,1021785,7704,22794,760298,3984,7670,28425.872236965224,2129.738865946971,irma_s005,irma,low,0,B_N2_s2
single,land,0.00425030919715984,0.013112990791472583,3684744,0.9536473121873468,0.972342354433084,604888,7294,22107,355009,3395,6703,15661.301312379539,633.5936744923077,irma_s005,irma,low,0,B_N2_s2
single,active,0.006932807811367895,0.022672576581677747,4110456,0.9698492462311558,0.9846890980246238,1006688,7220,24076,751561,3703,7983,28497.00146508403,2112.9623504342503,irma_s006,irma,low,6,B_N2_s2
single,land,0.004285236296164317,0.013237875935876336,3684744,0.9513046282857603,0.9715084770485733,589904,6801,23395,346335,3146,7011,15789.998730873689,645.719547209135,irma_s006,irma,low,6,B_N2_s2
single,active,0.00819843915322385,0.024371601581388982,4110456,0.96395407346416,0.9833164818977382,1116869,8253,33511,823737,4615,9361,33699.3234080039,2441.507953151884,irma_s024,irma,mid,6,B_N2_s2
single,land,0.005537288746116614,0.015225353708244663,3684744,0.9450788060797891,0.9709844198394348,699880,7831,32841,417868,4066,8421,20403.491483520716,854.1656488519144,irma_s024,irma,mid,6,B_N2_s2
single,active,0.007616506619945867,0.02188016386091456,4110456,0.968718514735104,0.984404475300452,1107625,8413,27354,816154,5092,7838,31307.31533499621,1967.8461612419228,irma_s037,irma,low,-6,B_N2_s2
single,land,0.004975510873227728,0.014563546015023894,3684744,0.9519526486668628,0.9722982061445797,689327,8120,26672,408409,4667,6969,18333.48383706063,781.522678480014,irma_s037,irma,low,-6,B_N2_s2
single,active,0.007685505642300026,0.023645102868138538,4110456,0.9687495039253833,0.9844284315569639,1098467,7952,27483,816418,4509,8405,31590.932780425996,2298.1185018860256,irma_s041,irma,mid,0,B_N2_s2
single,land,0.0049511130250078925,0.014303956474705662,3684744,0.9517386191836049,0.9722985741281567,679884,7606,26870,407502,4067,7543,18243.584012219682,753.9103060978273,irma_s041,irma,mid,0,B_N2_s2
single,active,0.008182128645711325,0.022338770171970425,4110456,0.9657026615645049,0.983303376890579,1154062,8924,32063,850700,5528,8917,33632.27978453599,2051.2024364097097,irma_s046,irma,mid,-6,B_N2_s2
single,land,0.005574610147731213,0.015559148660896912,3684744,0.9484016528179773,0.9711007131591128,735623,8634,31388,442685,5121,8053,20541.011294191703,892.02901518681,irma_s046,irma,mid,-6,B_N2_s2
single,active,0.008366741982672603,0.024655341777433698,4110456,0.9655698651953246,0.9833157037079391,1161652,8630,32792,859885,5152,9438,34391.1247831285,2498.6881552065397,irma_s049,irma,high,-6,B_N2_s2
single,land,0.005665634322871109,0.015501153028475032,3684744,0.9483467329113892,0.9713461799576282,742895,8305,32158,450692,4708,8587,20876.412077393383,885.391457956185,irma_s049,irma,high,-6,B_N2_s2
single,active,0.007442483053842652,0.023790471020290607,4110456,0.9714840985491862,0.9848753176866817,1054239,7255,23690,792475,3861,8309,30591.999123565853,2326.4626515687337,irma_s059,irma,mid,0,B_N2_s2
single,land,0.004552059030647737,0.014048162053440193,3684744,0.9546893573481394,0.9720398847321041,634477,6969,23144,381166,3473,7491,16773.172200825065,727.1873865193447,irma_s059,irma,mid,0,B_N2_s2
single,active,0.007845613288353249,0.025127333366433264,4110456,0.9686956441071835,0.9838146966122862,1044220,6717,27028,794088,3293,9771,32249.048214791343,2595.2715560575884,irma_s063,irma,high,6,B_N2_s2
single,land,0.00483006391964788,0.01478304318213299,3684744,0.949875861061753,0.9697456071068491,624380,6415,26533,381848,2916,8997,17797.54904753901,805.2579318742945,irma_s063,irma,high,6,B_N2_s2
single,active,0.007965139082666276,0.024208132437818452,4110456,0.9686482261874301,0.9846231940556208,1112971,7960,28063,836015,4459,8597,32740.35373318009,2408.865640238111,irma_s068,irma,high,0,B_N2_s2
single,land,0.005120844716713054,0.014870755352215381,3684744,0.951675930095893,0.9727398355910724,693117,7668,27527,424456,4054,7841,18869.001844840124,814.8419474095805,irma_s068,irma,high,0,B_N2_s2
single,active,0.003995744436988919,0.021187875155469722,4110456,0.9853055962703304,0.9881634981065225,557949,2939,5382,490304,2116,3757,16424.331695487723,1845.2907905919428,ian_s005,ian,low,0,B_N2_s2
single,land,0.001099699303619727,0.0075953334906487995,3684744,0.9557569191372008,0.9592929282530139,145557,2305,4433,93179,1413,2541,4052.1104108169675,212.5695313166676,ian_s005,ian,low,0,B_N2_s2
single,active,0.004007077021215571,0.021208876678013962,4110456,0.9854723817940787,0.9881979851497026,557531,2898,5321,490163,2083,3771,16470.913784317672,1848.9507255677452,ian_s006,ian,low,6,B_N2_s2
single,land,0.0011029977397813955,0.007611986855188045,3684744,0.956302332782144,0.9593694585343725,145160,2271,4362,93055,1395,2546,4064.2643036730587,213.50270397086814,ian_s006,ian,low,6,B_N2_s2
single,active,0.004325622724073828,0.021435221964246753,4110456,0.9813925112483795,0.9874510267162798,591974,3910,7314,501556,2380,3994,17780.28187990561,1888.626041844063,ian_s024,ian,mid,6,B_N2_s2
single,land,0.0014301202274759897,0.008218762413555717,3684744,0.94919133192389,0.9591236582855462,179587,3265,6348,104368,1691,2757,5269.626927470788,248.89729262236847,ian_s024,ian,mid,6,B_N2_s2
single,active,0.004132593303194701,0.019375677109953714,4110456,0.984305728265571,0.9882218332241314,582583,3502,5787,505263,2314,3708,16986.842938676476,1543.1344989480892,ian_s037,ian,low,-6,B_N2_s2
single,land,0.0012608783359640359,0.007603386391540132,3684744,0.9554976338152397,0.9610853787519603,168996,2989,4882,105408,1667,2601,4646.013883173466,213.02052108116501,ian_s037,ian,low,-6,B_N2_s2
single,active,0.004244286928158469,0.02083615496598394,4110456,0.984317640889104,0.9879926461024149,585606,3410,5920,508916,2316,3869,17445.95466957055,1784.5353742616214,ian_s041,ian,mid,0,B_N2_s2
single,land,0.0013137713414207537,0.008067982487115469,3684744,0.9557093078918365,0.9608826657213754,171697,2859,5098,108426,1653,2761,4840.911067672074,239.84861446529953,ian_s041,ian,mid,0,B_N2_s2
single,active,0.004308229891360458,0.019470234316151233,4110456,0.9819272506830101,0.987927433587398,604171,3980,7140,512762,2520,3746,17708.789406321943,1558.2328650302663,ian_s046,ian,mid,-6,B_N2_s2
single,land,0.0014514249513900598,0.007941622728476497,3684744,0.9515910781782866,0.9615400996635292,190578,3466,6229,112880,1884,2631,5348.129381084815,232.39448844484002,ian_s046,ian,mid,-6,B_N2_s2
single,active,0.00444465297393464,0.020994359825243645,4110456,0.9816257255974987,0.987562222328381,608445,3990,7399,516816,2529,3980,18269.550484627485,1811.7375117729948,ian_s049,ian,high,-6,B_N2_s2
single,land,0.0015215982425841993,0.008423546520946262,3684744,0.951002009396741,0.9607085026932355,194517,3446,6576,116288,1867,2889,5606.699994772673,261.45519635434806,ian_s049,ian,high,-6,B_N2_s2
single,active,0.004328902135962613,0.02079351516728447,4110456,0.9863626288655433,0.9884605969738232,582963,3025,5035,516870,2276,3758,17793.761758180335,1777.2389829241806,ian_s059,ian,mid,0,B_N2_s2
single,land,0.0012804736903990973,0.008186035864479047,3684744,0.9612416404940475,0.9627901866828926,168026,2542,4233,113926,1646,2757,4718.2177478559315,246.91905513527692,ian_s059,ian,mid,0,B_N2_s2
single,active,0.004485434305153953,0.021997960786880152,4110456,0.9857878710646689,0.9879559382074087,587916,3019,5457,521537,2315,4043,18437.1803522259,1989.0919088775142,ian_s063,ian,high,6,B_N2_s2
single,land,0.001390942136560494,0.009062055350383623,3684744,0.9596466372197683,0.9615613704419912,172722,2558,4705,117848,1705,3006,5125.265692038462,302.5942988971631,ian_s063,ian,high,6,B_N2_s2
single,active,0.004459289541797278,0.020881035564272902,4110456,0.9847125373030916,0.9882176691401796,596916,3416,5851,521773,2365,3856,18329.713452817872,1792.23135007841,ian_s068,ian,high,0,B_N2_s2
single,land,0.00142220568239285,0.008434684256555107,3684744,0.9580095605112978,0.9628723102484095,181972,2925,5051,118804,1724,2857,5240.46385496296,262.14705316314604,ian_s068,ian,high,0,B_N2_s2
single,active,0.004294567624490243,0.017669892510551656,4110456,0.9804034582132565,0.9876247136773817,627669,5494,7052,513952,2563,3877,17652.631259491667,1283.387541130796,milton_s005,milton,low,0,B_N2_s2
single,land,0.0016260336534774187,0.00802250029641385,3684744,0.9482732946161448,0.9569475883684485,210144,5088,6375,109915,2027,2918,5991.517748448998,237.15200676614623,milton_s005,milton,low,0,B_N2_s2
single,active,0.004291173155225242,0.017672616485163717,4110456,0.9808582958881945,0.9881820385454462,625613,5306,6903,513659,2325,3818,17638.678442934528,1283.7832633504913,milton_s006,milton,low,6,B_N2_s2
single,land,0.0016179136391543981,0.008031953441349134,3684744,0.9492792628409816,0.9592731281387251,208101,4897,6222,109643,1792,2863,5961.597574392334,237.71122222686327,milton_s006,milton,low,6,B_N2_s2
single,active,0.005477505535346012,0.01879280170801368,4110456,0.9754664907184641,0.9865926472400345,848610,6377,14966,616503,3120,5258,22515.045492796227,1451.6872629555196,milton_s024,milton,mid,6,B_N2_s2
single,land,0.0029399538302977038,0.010261461455888675,3684744,0.9550745286426192,0.9686328349495078,431028,5991,14284,212365,2577,4300,10832.977236466482,387.9946674280387,milton_s024,milton,mid,6,B_N2_s2
single,active,0.005102329177985284,0.01802227984226564,4110456,0.9757909626108625,0.986736300668473,778850,7180,12143,587785,3216,4685,20972.899583624676,1335.0866756024056,milton_s037,milton,low,-6,B_N2_s2
single,land,0.002474672729094907,0.009447058651290242,3684744,0.951425077454168,0.9652005078037488,360220,6850,11541,180950,2710,3814,9118.535490496084,328.8520425271889,milton_s037,milton,low,-6,B_N2_s2
single,active,0.0051601759103340914,0.0183993423910467,4110456,0.9758489131570368,0.9864981586876465,775270,6810,12377,589334,3105,4961,21210.67603168823,1391.5365120633917,milton_s041,milton,mid,0,B_N2_s2
single,land,0.002516002556149503,0.00967279218659299,3684744,0.9511087013424073,0.9642479531169473,356097,6474,11831,181484,2606,4123,9270.825322756544,344.75536639965475,milton_s041,milton,mid,0,B_N2_s2
single,active,0.005523018516247344,0.018293269488366702,4110456,0.9758764912030311,0.9868710868269729,875208,6853,14782,637573,3418,5064,22702.12459821999,1375.5382397702836,milton_s046,milton,mid,-6,B_N2_s2
single,land,0.002992819107673713,0.01028735844696177,3684744,0.9566279652084997,0.9700740578753254,456544,6509,14190,230671,2913,4203,11027.77225008607,389.9555135485588,milton_s046,milton,mid,-6,B_N2_s2
single,active,0.0055888793490947355,0.018664515703057223,4110456,0.9756644625093688,0.9864238115847276,879983,6788,15161,642736,3430,5416,22972.84265376255,1431.9354958767142,milton_s049,milton,high,-6,B_N2_s2
single,land,0.003047723594963168,0.010470962398415941,3684744,0.9562698976012884,0.9689538909775212,460771,6441,14630,234794,2933,4590,11230.081230198964,403.9992142185058,milton_s049,milton,high,-6,B_N2_s2
single,active,0.00451408560143576,0.01750335465798179,4110456,0.9813446883057083,0.9885162570406819,654289,5387,7051,547036,2547,3808,18554.95024493523,1259.3098173489843,milton_s059,milton,mid,0,B_N2_s2
single,land,0.0017990819687966463,0.008557454599089017,3684744,0.952354775923709,0.963651415875352,233885,5097,6604,136189,2131,3006,6629.15649003163,269.8339107715269,milton_s059,milton,mid,0,B_N2_s2
single,active,0.004641021714980995,0.017986100901200015,4110456,0.9815769465853695,0.9889787946428571,658432,5362,6996,552942,2336,3826,19076.71555447392,1329.7317992521746,milton_s063,milton,high,6,B_N2_s2
single,land,0.001875533832771998,0.00907587311135373,3684744,0.9529965265800852,0.965421891255544,237603,5111,6608,141052,1934,3118,6910.862037103623,303.5177899255358,milton_s063,milton,high,6,B_N2_s2
single,active,0.0053323459950923285,0.01859022589275597,4110456,0.9762959032894671,0.9871095217100214,787574,6738,12384,604496,3111,4783,21918.37358960323,1420.5592018400118,milton_s068,milton,high,0,B_N2_s2
single,land,0.002622968293216534,0.009985893746732413,3684744,0.9522733756970562,0.9667841594440229,367149,6463,11938,193643,2693,3960,9664.966680619866,367.4355745720699,milton_s068,milton,high,0,B_N2_s2
single,active,0.003961151727436677,0.016619408229678584,4110456,0.982846807947872,0.9864548424932976,549948,3387,6211,470973,2532,3935,16282.139884952456,1135.3273892651875,dorian_s005,dorian,low,0,B_N2_s2
single,land,0.0011372194601071057,0.0071625850489929295,3684744,0.95122837141725,0.9533122237915167,144035,2554,4831,83697,1674,2425,4190.362582312897,189.0370381203567,dorian_s005,dorian,low,0,B_N2_s2
single,active,0.003983130404263474,0.016696549559244087,4110456,0.9828981692934826,0.9864311975615121,550479,3365,6213,470868,2524,3953,16372.482268987224,1145.891414421284,dorian_s006,dorian,low,6,B_N2_s2
single,land,0.0011549961524210338,0.00720666512643098,3684744,0.9516010111649463,0.9531597495466521,144552,2522,4830,83574,1683,2424,4255.86514265649,191.37094634934857,dorian_s006,dorian,low,6,B_N2_s2
single,active,0.005049849512573588,0.017834991417364585,4110456,0.971446193819053,0.9852141909530534,652058,5934,13232,506473,2879,4722,20757.18422805518,1307.4822841391942,dorian_s024,dorian,mid,6,B_N2_s2
single,land,0.002301700249212941,0.009469264952954993,3684744,0.935613957664389,0.9577846411896103,245928,5112,11812,118772,2040,3195,8481.176183085889,330.39986194446965,dorian_s024,dorian,mid,6,B_N2_s2
single,active,0.00442368283401282,0.01686308148757969,4110456,0.9783398094180775,0.9854079725440278,592193,4556,8555,489259,2915,4330,18183.353647165,1168.8637256891234,dorian_s037,dorian,low,-6,B_N2_s2
single,land,0.0016345970832015958,0.008193793347156437,3684744,0.9435962074279707,0.9529011872845653,184909,3854,7199,99521,2193,2726,6023.071794744581,247.38726170575973,dorian_s037,dorian,low,-6,B_N2_s2
single,active,0.004404547923209558,0.016958447541931078,4110456,0.9784935054645215,0.9852660995818134,592788,4598,8431,490764,3005,4334,18104.70043824427,1182.1216964213024,dorian_s041,dorian,mid,0,B_N2_s2
single,land,0.001625106267312438,0.008178188649403721,3684744,0.9438562294939764,0.9520413485703447,184976,3906,7097,100388,2299,2758,5988.100567841902,246.44588393258033,dorian_s041,dorian,mid,0,B_N2_s2
single,active,0.004905323425334961,0.017402606041181812,4110456,0.9745841111833835,0.9851298385039389,645776,5071,11770,509718,2974,4720,20163.116105608642,1244.8544646888574,dorian_s046,dorian,mid,-6,B_N2_s2
single,land,0.0021455667457211656,0.00916304842141688,3684744,0.9415690843387768,0.9569807463485143,238410,4366,10429,119836,2273,3114,7905.864192895591,309.37647260252237,dorian_s046,dorian,mid,-6,B_N2_s2
single,active,0.004912358169269902,0.017576794991248163,4110456,0.9747217316147457,0.9851461907290681,648458,5161,11656,512012,3007,4713,20192.032111024484,1269.8995764328533,dorian_s049,dorian,high,-6,B_N2_s2
single,land,0.002150528173371826,0.009163061221008795,3684744,0.9419399040814329,0.9571798728863616,240595,4487,10343,121536,2311,3126,7924.145783662796,309.3773369208542,dorian_s049,dorian,high,-6,B_N2_s2
single,active,0.004069757849980747,0.01672544085459991,4110456,0.9836298686133912,0.986205817703403,568602,3227,6236,491738,2678,4200,16728.56057300046,1149.86048962829,dorian_s059,dorian,mid,0,B_N2_s2
single,land,0.0012379957210971663,0.0075111815831566415,3684744,0.9547575269364605,0.9556794209293774,159413,2572,4982,98758,1928,2652,4561.697305338457,207.88532976714686,dorian_s059,dorian,mid,0,B_N2_s2
single,active,0.004155517198558911,0.017273298917315417,4110456,0.983616796139056,0.9862801531257859,571683,3237,6285,494152,2615,4259,17081.070601919666,1226.4238313373844,dorian_s063,dorian,high,6,B_N2_s2
single,land,0.0012792091432725938,0.007695100184813474,3684744,0.9551346667374043,0.9562404870624048,162030,2587,5024,100520,1873,2727,4713.5582154188305,218.19051992904107,dorian_s063,dorian,high,6,B_N2_s2
single,active,0.004494820159159155,0.017141191713444283,4110456,0.9786732209113371,0.985433281635031,601656,4502,8609,500675,2981,4420,18475.760492136702,1207.7360454242103,dorian_s068,dorian,high,0,B_N2_s2
single,land,0.001686203159962879,0.008418879297401193,3684744,0.9448730351258845,0.9549847789621293,192413,3890,7336,107601,2264,2808,6213.226976454258,261.1655483328875,dorian_s068,dorian,high,0,B_N2_s2
single,active,0.005008520506536164,0.019019524195618573,4110456,0.9668420754823742,0.980880806488575,615132,6198,14898,457986,3368,5559,20587.303167214617,1486.9258100690165,beryl_s005,beryl,low,0,B_N2_s2
single,land,0.002359271085595887,0.009959312682385493,3684744,0.9244269100198312,0.9391426086587616,220021,4788,13199,88548,2034,3704,8693.309977022931,365.4820529491268,beryl_s005,beryl,low,0,B_N2_s2
single,active,0.004894604725161073,0.01885856713334155,4110456,0.9677689248775047,0.9811330566961722,603792,5892,14217,452788,3226,5481,20119.057360166684,1461.8654026392744,beryl_s006,beryl,low,6,B_N2_s2
single,land,0.0022277919401053545,0.009726624996395377,3684744,0.9246288778008491,0.9376355931250773,208845,4532,12492,83413,1919,3629,8208.842984551564,348.60343717669696,beryl_s006,beryl,low,6,B_N2_s2
single,active,0.0060595908198670095,0.02026817256790173,4110456,0.9612132865402001,0.9784176776174031,737860,8164,21610,530365,3818,7881,24907.681443067268,1688.570471347198,beryl_s024,beryl,mid,6,B_N2_s2
single,land,0.0034867826687715333,0.012255118232181558,3684744,0.9275304939229096,0.9492899404772502,342038,6860,19864,159962,2568,5977,12847.901518059894,553.4040477220409,beryl_s024,beryl,mid,6,B_N2_s2
single,active,0.005779004688172603,0.01887326279848582,4110456,0.9649383805170155,0.9802401110366394,721909,6827,19404,516266,3490,6917,23754.344494527206,1464.1446272177025,beryl_s037,beryl,low,-6,B_N2_s2
single,land,0.0032104877160560475,0.011469226823004983,3684744,0.93249752537925,0.9504633642242816,324069,5714,17745,142560,2374,5056,11829.825348811224,484.70288398616094,beryl_s037,beryl,low,-6,B_N2_s2
single,active,0.005715688677666973,0.019989112161098162,4110456,0.9648361971969457,0.9804110728562516,706592,6949,18803,509151,3536,6637,23494.086819248274,1642.3927279645104,beryl_s041,beryl,mid,0,B_N2_s2
single,land,0.0031219774826916217,0.011405926480201585,3684744,0.93075602773982,0.9494750886555949,308554,5750,17205,135210,2344,4851,11503.687797483057,479.36735608177815,beryl_s041,beryl,mid,0,B_N2_s2
single,active,0.006272196745386195,0.019213644778071942,4110456,0.961424368747899,0.9788461035735759,783682,8092,23352,561657,3766,8372,25781.58874525316,1517.4329775045176,beryl_s046,beryl,mid,-6,B_N2_s2
single,land,0.0037733371738462055,0.012593778891048008,3684744,0.9306918020276373,0.9531822437515265,385379,7012,21687,187327,2695,6506,13903.781511306763,584.4124355618048,beryl_s046,beryl,mid,-6,B_N2_s2
single,active,0.006284287780538584,0.02048593298522863,4110456,0.9615111735232165,0.9788805453146595,784671,8212,23198,562361,3820,8313,25831.288413241506,1725.04925172472,beryl_s049,beryl,high,-6,B_N2_s2
single,land,0.003761569008112827,0.012591973744272029,3684744,0.9309238031668157,0.9533826729634721,386325,7106,21560,187947,2703,6487,13860.41883322969,584.2449124336564,beryl_s049,beryl,high,-6,B_N2_s2
single,active,0.005042846818690043,0.01860608376020401,4110456,0.9699966717252372,0.9822513915359404,635342,5768,13884,479819,3258,5412,20728.3999629654,1422.9837713619181,beryl_s059,beryl,mid,0,B_N2_s2
single,land,0.002381823903459528,0.009902579957329401,3684744,0.9325945860376761,0.9460064486411792,235648,4670,12362,102689,2159,3702,8776.411337329075,361.3300123156561,beryl_s059,beryl,mid,0,B_N2_s2
single,active,0.004948894829946378,0.018837223116245937,4110456,0.9709540864146189,0.9825467861728436,625710,5595,13123,475983,3088,5367,20342.214447122067,1458.5582136298342,beryl_s063,beryl,high,6,B_N2_s2
single,land,0.002276324390179706,0.00976292813356378,3684744,0.9331697077879149,0.9456763813692739,225842,4516,11658,98513,1994,3665,8387.67263876833,351.21051117603855,beryl_s063,beryl,high,6,B_N2_s2
single,active,0.005744347900539206,0.019632410233530028,4110456,0.966064560170851,0.9809215289929403,716077,6757,18397,520218,3471,6647,23611.88929385878,1584.2993515623953,beryl_s068,beryl,high,0,B_N2_s2
single,land,0.003137525409279992,0.011388737245960408,3684744,0.9334152413974383,0.9512609747805044,316046,5680,16865,142692,2395,4916,11560.977926691994,477.923589317952,beryl_s068,beryl,high,0,B_N2_s2
single,active,0.006436680661311684,0.02132193609639213,4110456,0.9735063989465131,0.9856824261742014,1026838,10204,17741,761968,5068,6000,26457.692644372582,1868.7158900546253,irma_s005,irma,low,0,B_N3_s0
single,land,0.0040919809856411835,0.01294796157709838,3684744,0.9576648778365678,0.9736576145445804,609773,9734,17222,356458,4390,5254,15077.902384955436,617.7462593469245,irma_s005,irma,low,0,B_N3_s0
single,active,0.006423720202908682,0.02138870868493102,4110456,0.9726489318241895,0.985475180497149,1011871,9561,18893,753177,4734,6367,26404.41925036721,1880.4385007961466,irma_s006,irma,low,6,B_N3_s0
single,land,0.004091216033193193,0.012999356036091321,3684744,0.9558827546205174,0.9727852333033993,594929,9088,18370,347725,4107,5621,15075.083731012419,622.6600436321579,irma_s006,irma,low,6,B_N3_s0
single,active,0.007528328721422781,0.022817966288013507,4110456,0.9680081128987686,0.9843731935490407,1124445,11227,25935,825896,5909,7202,30944.863962944597,2140.148317261983,irma_s024,irma,mid,6,B_N3_s0
single,land,0.0052042384012151045,0.01471540715816508,3684744,0.9513446988802583,0.9727719503124588,707301,10754,25420,419826,5288,6463,19176.28622344695,797.9062857944681,irma_s024,irma,mid,6,B_N3_s0
single,active,0.007411602741386988,0.022124508592873366,4110456,0.9714265778789504,0.9846836855965235,1113794,11576,21185,817767,6495,6225,30465.066957950592,2012.043057966381,irma_s037,irma,low,-6,B_N3_s0
single,land,0.004866782034265626,0.014572213918290475,3684744,0.9561783229284123,0.9725658088339995,695352,11221,20647,409812,5994,5566,17932.84590006806,782.4532456492118,irma_s037,irma,low,-6,B_N3_s0
single,active,0.007208255490703791,0.022330061237715096,4110456,0.9715479875888631,0.9847733331728541,1104379,10771,21571,818194,6022,6629,29629.217031296343,2049.603395382742,irma_s041,irma,mid,0,B_N3_s0
single,land,0.004769436449037017,0.014130202267474062,3684744,0.9561006219148284,0.9726837805191223,685658,10386,21096,409068,5511,5977,17574.152338970453,735.7056267714752,irma_s041,irma,mid,0,B_N3_s0
single,active,0.00792750153890375,0.022485497577949026,4110456,0.9692501501701929,0.9838727544633791,1161782,12515,24343,852632,6991,6985,32585.64626559615,2078.236693964086,irma_s046,irma,mid,-6,B_N3_s0
single,land,0.005418518669515235,0.015436700884744678,3684744,0.9538203276803384,0.9719335924258098,743192,12163,23819,444404,6499,6334,19965.854156384245,878.0440378617528,irma_s046,irma,mid,-6,B_N3_s0
single,active,0.00784609409906843,0.023160808077404012,4110456,0.9693733521973327,0.9842521303120805,1169579,12087,24865,862134,6605,7189,32251.02456608042,2204.9432654832335,irma_s049,irma,high,-6,B_N3_s0
single,land,0.005447191639565176,0.015215831523994902,3684744,0.95410436142021,0.972809024979855,750675,11732,24378,452721,6096,6558,20071.506710737944,853.0975647304945,irma_s049,irma,high,-6,B_N3_s0
single,active,0.007106630667537775,0.023088514210238054,4110456,0.9736371809792771,0.9854868315397685,1059105,9853,18824,794057,4967,6727,29211.492667164654,2191.199781720185,irma_s059,irma,mid,0,B_N3_s0
single,land,0.004459045725739911,0.014069096107121969,3684744,0.9581633922562329,0.9730127039434363,639232,9522,18389,382574,4528,6083,16430.441983645782,729.3562570221268,irma_s059,irma,mid,0,B_N3_s0
single,active,0.007200580716682235,0.023388191077866164,4110456,0.9715066296593239,0.9847892043317297,1049369,8898,21879,795883,4317,7976,29597.670210370794,2248.450185999284,irma_s063,irma,high,6,B_N3_s0
single,land,0.004612931705663061,0.014502171857096102,3684744,0.9544318653957548,0.9714270514561336,629423,8561,21490,383465,3899,7380,16997.47242485173,774.9495227655098,irma_s063,irma,high,6,B_N3_s0
single,active,0.007564775135520794,0.0234363280340227,4110456,0.9714760293062938,0.9851572238293469,1118847,10664,22187,837758,5768,6854,31094.675344452262,2257.715111993392,irma_s068,irma,high,0,B_N3_s0
single,land,0.004970340343478419,0.014808924632840493,3684744,0.9561176816630299,0.9736088005703735,698879,10311,21765,426059,5311,6238,18314.431758590043,808.0800148708495,irma_s068,irma,high,0,B_N3_s0
single,active,0.0037713025009347614,0.02078032416212373,4110456,0.9860917622744122,0.9884698844170327,559187,3743,4144,491058,2725,3003,15501.772992782295,1774.9848058566579,ian_s005,ian,low,0,B_N3_s0
single,land,0.0011293319108032587,0.007775388977096994,3684744,0.958135065885798,0.9596246247784528,146587,3002,3403,93668,1889,2052,4161.2989823408425,222.76736584244114,ian_s005,ian,low,0,B_N3_s0
single,active,0.003781818288791926,0.020815259758226685,4110456,0.9861328786851915,0.9885023448370293,558735,3740,4117,490913,2689,3021,15544.997676074505,1780.9579828957685,ian_s006,ian,low,6,B_N3_s0
single,land,0.0011313517954335834,0.007789401607412095,3684744,0.9582726831635129,0.9598017790636831,146150,2992,3372,93549,1866,2052,4168.741740113124,223.57102198171216,ian_s006,ian,low,6,B_N3_s0
single,active,0.0040911309856264955,0.02105640038311201,4110456,0.9824151610096311,0.9877988351377818,593868,5210,5420,502353,3008,3197,16816.413906654343,1822.461085686684,ian_s024,ian,mid,6,B_N3_s0
single,land,0.0014496594340091872,0.008377171554779007,3684744,0.9519790331729658,0.9595835772833724,181253,4461,4682,104894,2187,2231,5341.6239015087485,258.5842916936274,ian_s024,ian,mid,6,B_N3_s0
single,active,0.004064170937541528,0.019629077721331017,4110456,0.9848921093867279,0.9887990809502318,583912,4499,4458,506100,2862,2871,16705.5958152432,1583.7615420167594,ian_s037,ian,low,-6,B_N3_s0
single,land,0.001295198521847692,0.007792744546706046,3684744,0.956911149992405,0.9625922023182297,170090,3871,3788,105966,2075,2043,4772.474982187152,223.76296091815098,ian_s037,ian,low,-6,B_N3_s0
single,active,0.004056468277179619,0.020427045362648312,4110456,0.9849427108154731,0.9886258736647765,586951,4398,4575,509779,2859,3006,16673.93436874263,1715.1460615051187,ian_s041,ian,mid,0,B_N3_s0
single,land,0.0013481321259865694,0.008245561255026079,3684744,0.9575612539400284,0.9622325022953598,172858,3724,3937,108994,2085,2193,4967.521762436256,250.5230930564919,ian_s041,ian,mid,0,B_N3_s0
single,active,0.004225846113202615,0.019708116249412665,4110456,0.9828518143117778,0.9884104494559339,606051,5314,5260,513584,3098,2924,17370.154511090368,1596.541582362316,ian_s046,ian,mid,-6,B_N3_s0
single,land,0.0014806336674008892,0.008114921571307285,3684744,0.9540119213646538,0.9624239441281048,192221,4680,4586,113413,2330,2098,5455.756022153422,242.64758541996596,ian_s046,ian,mid,-6,B_N3_s0
single,active,0.004239899548242314,0.020574375523756086,4110456,0.9825212145799828,0.9881218469831248,610296,5309,5548,517680,3107,3116,17427.92053746991,1739.9762819185687,ian_s049,ian,high,-6,B_N3_s0
single,land,0.0015456040970564522,0.008578487780251843,3684744,0.9536058171354691,0.9618467615834088,196192,4644,4901,116874,2333,2303,5695.15542300418,271.16197866013823,ian_s049,ian,high,-6,B_N3_s0
single,active,0.004187184632089045,0.02049532600328838,4110456,0.9868440617480873,0.9887436345090789,584038,3826,3960,517633,2898,2995,17211.238194078207,1726.6315212271122,ian_s059,ian,mid,0,B_N3_s0
single,land,0.0013257230854318777,0.008387574670719026,3684744,0.9624730098503365,0.9627965295835332,168940,3268,3319,114412,2150,2271,4884.9501847065985,259.22693167696264,ian_s059,ian,mid,0,B_N3_s0
single,active,0.00428002929473986,0.021732909629418474,4110456,0.9863592673590296,0.9883533247426094,589036,3809,4337,522322,2897,3258,17592.87209473923,1941.4479511761308,ian_s063,ian,high,6,B_N3_s0
single,land,0.0014274848623666689,0.009202490867711265,3684744,0.9611687557068149,0.9622224389609545,173688,3278,3739,118388,2182,2466,5259.916281696409,312.0456340830179,ian_s063,ian,high,6,B_N3_s0
single,active,0.004313513099965684,0.020580235746257135,4110456,0.9853166458567376,0.9885022463939466,598168,4315,4599,522547,2996,3082,17730.505802832544,1740.9676218800846,ian_s068,ian,high,0,B_N3_s0
single,land,0.0014622646408516654,0.008622822491881439,3684744,0.9595909295815992,0.9628822546669572,183065,3751,3958,119304,2242,2357,5388.070861790329,273.9720201868014,ian_s068,ian,high,0,B_N3_s0
single,active,0.0039919583896095125,0.01693911922583065,4110456,0.980731738865504,0.9877733581243272,629313,6956,5408,514785,3328,3044,16408.769314320758,1179.4285959984088,milton_s005,milton,low,0,B_N3_s0
single,land,0.001641336233365573,0.008185256900051788,3684744,0.9490888377579533,0.9569773282297314,211606,6438,4913,110506,2641,2327,6047.903837876394,246.87206486741732,milton_s005,milton,low,0,B_N3_s0
single,active,0.00398673263568856,0.016942220366439834,4110456,0.9810627269798271,0.9883164733499564,627266,6858,5250,514480,3085,2997,16387.289082761854,1179.860484890897,milton_s006,milton,low,6,B_N3_s0
single,land,0.0016335511895075707,0.008185838543437072,3684744,0.9497178853866897,0.9592007240827125,209560,6332,4763,110216,2398,2290,6019.217944230884,246.9071515133448,milton_s006,milton,low,6,B_N3_s0
single,active,0.00515155705211437,0.018070672871188454,4110456,0.9767460523087717,0.9870049139067556,851998,8706,11578,617643,4014,4118,21175.248594205827,1342.266192495367,milton_s024,milton,mid,6,B_N3_s0
single,land,0.002900191397979414,0.010304401255064672,3684744,0.9575262842224104,0.9694924037858331,434242,8192,11070,213267,3313,3398,10686.462852556258,391.24864280010166,milton_s024,milton,mid,6,B_N3_s0
single,active,0.0049010371385056544,0.018260402216550044,4110456,0.9764160902280061,0.9869051051816286,781583,9468,9410,588681,4022,3789,20145.497512193397,1370.5998579266977,milton_s037,milton,low,-6,B_N3_s0
single,land,0.0024863661159198517,0.009573437704037619,3684744,0.9526752915289218,0.9654122311449359,362814,9076,8947,181651,3395,3113,9161.622627438977,337.70940182670813,milton_s037,milton,low,-6,B_N3_s0
single,active,0.00486129853781111,0.017830141729508347,4110456,0.9769704470597687,0.9868179743648471,778325,9025,9322,590278,3868,4017,19982.153742536902,1306.7713200908654,milton_s041,milton,mid,0,B_N3_s0
single,land,0.0025206084581259297,0.00979204435125597,3684744,0.9534771927494854,0.964848837824959,359008,8597,8920,182231,3263,3376,9287.79689242877,353.3084822081724,milton_s041,milton,mid,0,B_N3_s0
single,active,0.005365533153753086,0.018605703784041066,4110456,0.9767818364376503,0.9870147934298131,878458,9349,11532,638642,4407,3995,22054.787945043296,1422.9256511901276,milton_s046,milton,mid,-6,B_N3_s0
single,land,0.002994935537475373,0.010395090393920827,3684744,0.9582350917789799,0.9702621390141294,459651,8951,11083,231555,3778,3319,11035.570752099156,398.16571451383777,milton_s046,milton,mid,-6,B_N3_s0
single,active,0.005330553174414248,0.018216406879616558,4110456,0.9769124444346153,0.9866938215074921,883461,9196,11683,643871,4402,4281,21911.00427909009,1364.0033590620765,milton_s049,milton,high,-6,B_N3_s0
single,land,0.0030409858440128223,0.010574589584549654,3684744,0.9585627599767028,0.9694368936829941,464115,8777,11286,235737,3785,3647,11205.254342811182,412.03524047104963,milton_s049,milton,high,-6,B_N3_s0
single,active,0.0043191140890917554,0.01714299020213161,4110456,0.9813306878781893,0.9886535088035922,655839,6976,5501,547805,3248,3039,17753.52842219174,1207.9894949628235,milton_s059,milton,mid,0,B_N3_s0
single,land,0.0018418178892747174,0.00875619571787188,3684744,0.9523784470687269,0.9634795840730408,235327,6605,5162,136764,2753,2431,6786.627416597679,282.5128725454197,milton_s059,milton,mid,0,B_N3_s0
single,active,0.004372619207036136,0.017097911543163327,4110456,0.9816111888694369,0.9892010568494239,659948,6883,5480,553732,3009,3036,17973.458855276927,1201.6448666486,milton_s063,milton,high,6,B_N3_s0
single,land,0.0019170872502177472,0.009219041442437695,3684744,0.9531102958768641,0.9657191547375596,239021,6569,5190,141671,2530,2499,7063.975742716342,313.1690644319288,milton_s063,milton,high,6,B_N3_s0
single,active,0.005080581477796259,0.018199818800196277,4110456,0.9769714154341329,0.9873321514139811,790407,9080,9551,605360,3848,3919,20883.5066188965,1361.5203343518972,milton_s068,milton,high,0,B_N3_s0
single,land,0.002641640468423688,0.01012393253482134,3684744,0.9537660194425105,0.9668892626466695,369880,8723,9207,194308,3359,3295,9733.768866181374,377.6641882714755,milton_s068,milton,high,0,B_N3_s0
single,active,0.003694157436170847,0.015930998945538587,4110456,0.9837903523689033,0.987088985781356,551323,4248,4836,471793,3056,3115,15184.671598453075,1043.2202809330045,dorian_s005,dorian,low,0,B_N3_s0
single,land,0.0011406893132931582,0.007170480609612501,3684744,0.9539627652580925,0.9542619306840864,145113,3250,3753,84143,2054,1979,4203.148103021085,189.4540317140781,dorian_s005,dorian,low,0,B_N3_s0
single,active,0.0037168716247421986,0.016000855207119708,4110456,0.9838045708763966,0.9870175526705672,551815,4207,4877,471672,3055,3149,15278.03727115132,1052.3892283258683,dorian_s006,dorian,low,6,B_N3_s0
single,land,0.0011581235317885878,0.0072145628116300296,3684744,0.9541674585023493,0.9542150337338997,145605,3217,3777,84011,2044,1987,4267.388735016808,191.79061775584904,dorian_s006,dorian,low,6,B_N3_s0
single,active,0.0047180537282335505,0.017088868976291163,4110456,0.9735725113693785,0.9860286772622504,655078,7570,10212,507365,3359,3830,19393.35225553997,1200.374175699117,dorian_s024,dorian,mid,6,B_N3_s0
single,land,0.0022591611464085493,0.009422864197911392,3684744,0.9406742474106691,0.9594442479014569,248671,6614,9069,119328,2405,2639,8324.430479262024,327.16978198141163,dorian_s024,dorian,mid,6,B_N3_s0
single,active,0.004212520802132742,0.016512719667129097,4110456,0.9798062055118344,0.9858994293392445,594372,5874,6376,490133,3554,3456,17315.38140625134,1120.7976708886663,dorian_s037,dorian,low,-6,B_N3_s0
single,land,0.001617354876022646,0.008191672797234354,3684744,0.9476575498113055,0.9534185467959166,186825,5036,5283,100026,2666,2221,5959.538675295189,247.25923085763463,dorian_s037,dorian,low,-6,B_N3_s0
single,active,0.004145456337763505,0.01638302695680137,4110456,0.979542755295509,0.9858087337347875,594652,5852,6567,491610,3589,3488,17039.715876298025,1103.2610740474759,dorian_s041,dorian,mid,0,B_N3_s0
single,land,0.0016147238485868418,0.0081828250340445,3684744,0.9465508669757815,0.9527065311827144,186586,5049,5487,100884,2746,2262,5949.844012737274,246.7253936986014,dorian_s041,dorian,mid,0,B_N3_s0
single,active,0.00465525621685762,0.016978279740294318,4110456,0.9765858741298754,0.9857092390937152,648579,6583,8967,510624,3589,3814,19135.225848119706,1184.8881973463403,dorian_s046,dorian,mid,-6,B_N3_s0
single,land,0.0021038940482995113,0.009128657482572225,3684744,0.9464430906284247,0.9578854401222142,240954,5750,7885,120388,2731,2562,7752.310971107334,307.058514603556,dorian_s046,dorian,mid,-6,B_N3_s0
single,active,0.0046130257772991476,0.016924077558381528,4110456,0.9765522950556611,0.9857974746795303,651168,6689,8946,512940,3605,3785,18961.639484453946,1177.3348984676336,dorian_s049,dorian,high,-6,B_N3_s0
single,land,0.0021141731629949192,0.009136559952368393,3684744,0.9463623161886371,0.958184899797555,243076,5915,7862,122113,2780,2549,7790.186877306551,307.59037176516546,dorian_s049,dorian,high,-6,B_N3_s0
single,active,0.0039030927162665174,0.016363175242175523,4110456,0.9844776717544066,0.9867258587323656,569922,4070,4916,492540,3228,3398,16043.490874134004,1100.5889970630867,dorian_s059,dorian,mid,0,B_N3_s0
single,land,0.001250386082632547,0.007591110732428002,3684744,0.9570968511450382,0.9568457689378236,160486,3285,3909,99245,2311,2165,4607.352615663782,212.33323353974865,dorian_s059,dorian,mid,0,B_N3_s0
single,active,0.0039336635073979045,0.01646194707742068,4110456,0.9842944709391019,0.9868117802800728,572946,4120,5022,494969,3173,3442,16169.150765964761,1113.9159075328953,dorian_s063,dorian,high,6,B_N3_s0
single,land,0.001291714404132085,0.007775998840756337,3684744,0.956846818824717,0.9571995867807759,163040,3339,4014,100997,2266,2250,4759.636900339276,222.80231278833006,dorian_s063,dorian,high,6,B_N3_s0
single,active,0.004281226222805343,0.016701777707448247,4110456,0.9796321782371041,0.9858572077323368,603618,5903,6647,501475,3574,3620,17597.792014887556,1146.609146917489,dorian_s068,dorian,high,0,B_N3_s0
single,land,0.0016789832288128233,0.008452468809811157,3684744,0.9472767288538398,0.9553486974125052,194115,5170,5634,108070,2712,2339,6186.623378468677,263.2536940717411,dorian_s068,dorian,high,0,B_N3_s0
single,active,0.004727333351271777,0.018355004638127583,4110456,0.9700545858716338,0.9818574560230979,618792,7864,11238,459092,4030,4453,19431.495737735182,1384.8380917670067,beryl_s005,beryl,low,0,B_N3_s0
single,land,0.0022628649934138337,0.009722112410452441,3684744,0.9326181458297664,0.9422484057603784,223335,6251,9885,89246,2464,3006,8338.078207291663,348.2800489393806,beryl_s005,beryl,low,0,B_N3_s0
single,active,0.004617140386869097,0.01819247377246735,4110456,0.9706079817384883,0.9819441228595974,607191,7569,10818,453777,3852,4492,18978.552406048402,1360.4215996059547,beryl_s006,beryl,low,6,B_N3_s0
single,land,0.0021401702410336404,0.009508154461525328,3684744,0.9320380235161635,0.9400331222165029,211883,5996,9454,84007,2324,3035,7885.979454627261,333.1192859783418,beryl_s006,beryl,low,6,B_N3_s0
single,active,0.005699976058272939,0.01945114629126713,4110456,0.9648097764329266,0.9799238069973767,742918,10545,16552,531934,4586,6312,23429.50078858435,1555.1790745759426,beryl_s024,beryl,mid,6,B_N3_s0
single,land,0.00333623239391015,0.011871293561188833,3684744,0.9347794438782938,0.9528372192057916,346734,9024,15168,161100,3135,4839,12293.16229606606,519.2821683883091,beryl_s024,beryl,mid,6,B_N3_s0
single,active,0.005547678947263422,0.019023107942707212,4110456,0.9679927925142371,0.9812361005519017,726315,9018,14998,517552,4266,5631,22803.490214852616,1487.4862097954733,beryl_s037,beryl,low,-6,B_N3_s0
single,land,0.003096931503405707,0.011210842099406117,3684744,0.9389103310549641,0.9528273058220179,328167,7705,13647,143431,2916,4185,11411.39977558516,463.10960858622605,beryl_s037,beryl,low,-6,B_N3_s0
single,active,0.005419365679928357,0.019352994630969476,4110456,0.9678523279724375,0.9816034089554305,710723,8935,14672,510475,4254,5313,22276.064175255597,1539.523618386771,beryl_s041,beryl,mid,0,B_N3_s0
single,land,0.003010792685606339,0.011153009941641015,3684744,0.9372676454438253,0.9521078290794379,312366,7514,13393,136120,2906,3941,11094.000283531845,458.343945599021,beryl_s041,beryl,mid,0,B_N3_s0
single,active,0.005975505444234693,0.019161369073962792,4110456,0.9649261835578644,0.9802857590365639,789024,10670,18010,563282,4581,6747,24562.05220628716,1509.1870703587622,beryl_s046,beryl,mid,-6,B_N3_s0
single,land,0.0036176494508832883,0.01222416838782736,3684744,0.9374335159069571,0.9564094759803176,390397,9387,16669,188537,3297,5296,13330.112108245492,550.6123747170841,beryl_s046,beryl,mid,-6,B_N3_s0
single,active,0.005930492510174494,0.019690124049325478,4110456,0.9649769607771279,0.9804210584865256,789934,10735,17935,564048,4638,6626,24377.028521401808,1593.6278403190584,beryl_s049,beryl,high,-6,B_N3_s0
single,land,0.0036064151295809254,0.012225751674425318,3684744,0.937595257038237,0.9566400048537308,391251,9407,16634,189210,3352,5224,13288.716510232538,550.7550156923438,beryl_s049,beryl,high,-6,B_N3_s0
single,active,0.004810320960626114,0.01818640146869044,4110456,0.9727280757059359,0.983212742859129,638738,7420,10488,480910,3890,4321,19772.612654531375,1359.5135851538466,beryl_s059,beryl,mid,0,B_N3_s0
single,land,0.002309989857092606,0.009754544512783162,3684744,0.9392371494223929,0.9491250126178045,238709,6142,9301,103429,2582,2962,8511.721265982836,350.607587240639,beryl_s059,beryl,mid,0,B_N3_s0
single,active,0.004662831702116868,0.018230841557625027,4110456,0.9734125718673275,0.9832939595212474,628807,7149,10026,476990,3744,4360,19166.364546956494,1366.1658876200838,beryl_s063,beryl,high,6,B_N3_s0
single,land,0.002207769743181275,0.009605099836809057,3684744,0.9392882380975859,0.9476269663780416,228619,5896,8881,99154,2456,3024,8135.066314568743,339.94690146125464,beryl_s063,beryl,high,6,B_N3_s0
single,active,0.005481514221626548,0.01913148534671944,4110456,0.9689144130445898,0.982071773163962,720072,8700,14402,521541,4197,5324,22531.523021370173,1504.4833390214512,beryl_s068,beryl,high,0,B_N3_s0
single,land,0.0030422816952376387,0.011185456466692407,3684744,0.9392502497209002,0.954248366013072,319702,7469,13209,143664,2944,3944,11210.029222836718,461.0146687213683,beryl_s068,beryl,high,0,B_N3_s0
single,active,0.006455594539692557,0.021693709840506396,4110456,0.9729285420893914,0.9855342560714738,1025635,9594,18944,762021,5238,5947,26535.43730924651,1934.4506630804551,irma_s005,irma,low,0,B_N3_s1
single,land,0.00411091012523621,0.012989371596111134,3684744,0.9567922680404268,0.9734409130624727,608628,9118,18367,356513,4528,5199,15147.651418503374,621.7039156056871,irma_s005,irma,low,0,B_N3_s1
single,active,0.006421623952336844,0.02163772020785143,4110456,0.9719873973582924,0.9854726839363598,1010655,9018,20109,753317,4878,6227,26395.802704626694,1924.478241177029,irma_s006,irma,low,6,B_N3_s1
single,land,0.004101552072659457,0.012985825212936277,3684744,0.9548562643526589,0.9728641304803801,593764,8537,19535,347868,4225,5478,15113.169390419498,621.3644843544787,irma_s006,irma,low,6,B_N3_s1
single,active,0.007593164008411645,0.023273669950165287,4110456,0.9675700492621021,0.9842520247737018,1123284,10553,27096,826378,6502,6720,31211.366557359695,2226.4848588744267,irma_s024,irma,mid,6,B_N3_s1
single,land,0.005248550824110567,0.014809924652233217,3684744,0.9507247703581242,0.9726581844941937,706186,10066,26535,420307,5833,5982,19339.566157836467,808.1891548645203,irma_s024,irma,mid,6,B_N3_s1
single,active,0.007428764631002792,0.022041295204202224,4110456,0.970794081469279,0.984408357582453,1112032,10508,22947,818002,6966,5990,30535.610150093213,1996.9363668104097,irma_s037,irma,low,-6,B_N3_s1
single,land,0.004895853082039538,0.014594857795847046,3684744,0.9551954544077427,0.9720986138210129,693619,10155,22380,410038,6429,5340,18039.965268926695,784.8868554607103,irma_s037,irma,low,-6,B_N3_s1
single,active,0.007250107578044249,0.02263056601273023,4110456,0.97092962864502,0.9844679973397762,1102978,10052,22972,818594,6686,6229,29801.248194817454,2105.139286200616,irma_s041,irma,mid,0,B_N3_s1
single,land,0.0048083144269589475,0.014218197341875042,3684744,0.9551233197939785,0.9721977544522767,684279,9676,22475,409479,6144,5566,17717.40773485042,744.8972926527448,irma_s041,irma,mid,0,B_N3_s1
single,active,0.007955766575538028,0.022451062633703178,4110456,0.9686756102102347,0.983841391686234,1160145,11536,25980,853081,7475,6536,32701.828455019742,2071.8762238992254,irma_s046,irma,mid,-6,B_N3_s1
single,land,0.005449935025568331,0.015465869243540016,3684744,0.9529418870019326,0.9719225954175124,741587,11197,25424,444848,6961,5890,20081.615385852754,881.3653822872176,irma_s046,irma,mid,-6,B_N3_s1
single,active,0.00786963696230089,0.023227538925200537,4110456,0.9687454122143546,0.9840951461672041,1167965,11203,26479,862522,7139,6801,32347.796469511464,2217.667320649634,irma_s049,irma,high,-6,B_N3_s1
single,land,0.005473609664907843,0.01523359755947392,3684744,0.9531354974653393,0.9726292923026727,749073,10851,25980,453112,6584,6167,20168.850371111184,855.0908846171574,irma_s049,irma,high,-6,B_N3_s1
single,active,0.007053460770756569,0.02290167604229665,4110456,0.9731566347532151,0.9856368617485904,1057722,8969,20207,794376,5168,6408,28992.940145920962,2155.8797723604002,irma_s059,irma,mid,0,B_N3_s1
single,land,0.004445285575934674,0.013991145023968652,3684744,0.957385749621767,0.9733426207920439,637864,8635,19757,382876,4705,5781,16379.739354211837,721.2965199685435,irma_s059,irma,mid,0,B_N3_s1
single,active,0.007140408447736291,0.02341720521050241,4110456,0.9709140119600738,0.9850570319158543,1048191,8344,23057,796327,4548,7532,29350.334746448323,2254.032259136852,irma_s063,irma,high,6,B_N3_s1
single,land,0.0045908372932467,0.014365541996246832,3684744,0.9534774307716123,0.9719847175558217,628252,7993,22661,383898,4118,6947,16916.060171267018,760.4161859652646,irma_s063,irma,high,6,B_N3_s1
single,active,0.007570045037690718,0.023461082935605174,4110456,0.9706702575908953,0.9851515172885563,1117290,10016,23744,838161,6182,6451,31116.33704544604,2262.48710804173,irma_s068,irma,high,0,B_N3_s1
single,land,0.0049913025225449045,0.014812715054390751,3684744,0.9548601412006988,0.9736068238689292,697342,9664,23302,426432,5695,5865,18391.672022132203,808.4937324053022,irma_s068,irma,high,0,B_N3_s1
single,active,0.003762570609930931,0.021340862896452605,4110456,0.985945511067513,0.9883235576603623,558828,3463,4503,490842,2580,3219,15465.880939014256,1872.0349610566197,ian_s005,ian,low,0,B_N3_s1
single,land,0.0011019414899474799,0.0076673696072132504,3684744,0.9576747292466049,0.9593792976046306,146258,2732,3732,93480,1718,2240,4060.372293435037,216.62078154546683,ian_s005,ian,low,0,B_N3_s1
single,active,0.0037740219892480596,0.02136984854447518,4110456,0.9859902033839645,0.988410269218529,558384,3466,4468,490720,2540,3214,15512.951329836622,1877.123695919378,ian_s006,ian,low,6,B_N3_s1
single,land,0.0011036163590688844,0.007684352282742561,3684744,0.9578213152761449,0.9595568208680637,145835,2735,3687,93362,1696,2239,4066.5437573809177,217.5814433563753,ian_s006,ian,low,6,B_N3_s1
single,active,0.004091919360386723,0.0216326817724864,4110456,0.9823576743123367,0.987642884677413,593346,4714,5942,502169,2902,3381,16819.65448641777,1923.5820996041493,ian_s024,ian,mid,6,B_N3_s1
single,land,0.0014267253022349953,0.008288897967009039,3684744,0.9518629288738178,0.9591251705789151,180774,3981,5161,104724,2062,2401,5257.117497058585,253.16339304273413,ian_s024,ian,mid,6,B_N3_s1
single,active,0.004005600769549334,0.01953529904273247,4110456,0.9846763018560932,0.9886850194738828,583402,4111,4968,505921,2740,3050,16464.845716798678,1568.6647270380872,ian_s037,ian,low,-6,B_N3_s1
single,land,0.001266419693928414,0.007686265695359413,3684744,0.9563739280942206,0.9622548841270419,169633,3493,4245,105798,1939,2211,4666.43236868456,217.68981290947613,ian_s037,ian,low,-6,B_N3_s1
single,active,0.004028769415705651,0.020857401504351,4110456,0.9848765235147725,0.988493350506665,586492,3972,5034,509596,2743,3189,16560.079417403787,1788.176596007387,ian_s041,ian,mid,0,B_N3_s1
single,land,0.0013175837070476737,0.008137026924457492,3684744,0.9572900589600382,0.9618593879823926,172429,3327,4366,108819,1947,2368,4854.958659041673,243.97134835000514,ian_s041,ian,mid,0,B_N3_s1
single,active,0.004175966432590618,0.01964933487779291,4110456,0.9827674646616151,0.9882814906067139,605428,4733,5883,513432,3012,3076,17165.126278640702,1587.0321042246364,ian_s046,ian,mid,-6,B_N3_s1
single,land,0.001456491737232535,0.008027642777970414,3684744,0.9538574862757004,0.9620245638473168,191650,4114,5157,113263,2223,2248,5366.79918981716,237.4561365625974,ian_s046,ian,mid,-6,B_N3_s1
single,active,0.0042236811085800754,0.02103705383225724,4110456,0.9824095216762843,0.9879495530719857,609647,4719,6197,517486,3002,3310,17361.25535484962,1819.113681779775,ian_s049,ian,high,-6,B_N3_s1
single,land,0.001523295517948589,0.008493640999174736,3684744,0.9531909501203856,0.9613179099312867,195570,4081,5523,116679,2197,2498,5612.954019987956,265.8245710672662,ian_s049,ian,high,-6,B_N3_s1
single,active,0.0041311768432205215,0.020684794867008995,4110456,0.9868311602239835,0.9888159805555131,583683,3474,4315,517483,2708,3145,16981.020642276853,1758.702740513736,ian_s059,ian,mid,0,B_N3_s1
single,land,0.0012907164164031556,0.00825555708694255,3684744,0.9625343943735942,0.963356655146253,168611,2915,3648,114283,1947,2400,4755.959571043029,251.13086359506198,ian_s059,ian,mid,0,B_N3_s1
single,active,0.004236390156487412,0.022011325099100688,4110456,0.9864207750077917,0.9884232224554655,588690,3421,4683,522183,2719,3397,17413.495337074623,1991.5094893464864,ian_s063,ian,high,6,B_N3_s1
single,land,0.0013961109667077253,0.00910206413457557,3684744,0.9613936439808576,0.9625499564534378,173371,2906,4056,118256,2003,2598,5144.31150791049,305.2720920357741,ian_s063,ian,high,6,B_N3_s1
single,active,0.004262157649489871,0.020778306963029018,4110456,0.9851937926999118,0.9885590582322363,597722,3938,5045,522407,2824,3222,17519.411483291537,1774.6402179732793,ian_s068,ian,high,0,B_N3_s1
single,land,0.001429419200859852,0.008501706798425112,3684744,0.9592430553002411,0.9634560356952325,182637,3374,4386,119193,2053,2468,5267.043823853135,266.32967969360635,ian_s068,ian,high,0,B_N3_s1
single,active,0.0040209352744771856,0.017305175018483783,4110456,0.9806790865853335,0.9877549688451395,628681,6346,6040,514567,3117,3262,16527.877524586394,1230.9544866492436,milton_s005,milton,low,0,B_N3_s1
single,land,0.0016409059565106964,0.00814629293243525,3684744,0.9489157124996627,0.9569989501357882,210999,5839,5520,110297,2420,2536,6046.31837781705,244.52730757908256,milton_s005,milton,low,0,B_N3_s1
single,active,0.004017317876227421,0.01732115951619652,4110456,0.9810148083555508,0.9881878869634395,626634,6245,5882,514251,2921,3226,16513.008368246257,1233.2295606010541,milton_s006,milton,low,6,B_N3_s1
single,land,0.001631655793073253,0.008152234064646383,3684744,0.9495905624880713,0.9587992783118774,208965,5735,5358,110004,2225,2502,6012.233893591911,244.88410761843494,milton_s006,milton,low,6,B_N3_s1
single,active,0.0051853329487816895,0.018351579425242334,4110456,0.9762104545438892,0.9868657451216082,850456,7605,13120,617399,3855,4362,21314.08293131739,1384.3212929111535,milton_s024,milton,mid,6,B_N3_s1
single,land,0.002913664532852223,0.010278337001611598,3684744,0.9565189520870726,0.9690172495360093,432733,7092,12579,213021,3167,3644,10736.107905440032,389.27187452825376,milton_s024,milton,mid,6,B_N3_s1
single,active,0.004874971821281554,0.01804135700598812,4110456,0.9763411695676706,0.9868239918039796,780410,8328,10583,588529,3917,3941,20038.35717261769,1337.9146360545471,milton_s037,milton,low,-6,B_N3_s1
single,land,0.0024835652227100723,0.009523639947779787,3684744,0.9524945810057337,0.965122586821252,361646,7922,10115,181472,3266,3292,9151.302052989602,334.20524116770883,milton_s037,milton,low,-6,B_N3_s1
single,active,0.004859230421012058,0.01799242457441011,4110456,0.9765973520239432,0.9866654405002759,776933,7904,10714,590095,3775,4200,19973.65283943154,1330.6669955585714,milton_s041,milton,mid,0,B_N3_s1
single,land,0.002514485341763345,0.009722588362780456,3684744,0.9526498754645107,0.9644703937608613,357620,7467,10308,182038,3137,3569,9265.234776150435,348.3141503261277,milton_s041,milton,mid,0,B_N3_s1
single,active,0.005323774316855181,0.01834028020253144,4110456,0.976561377720614,0.9868492854216746,876957,8015,13033,638378,4248,4259,21883.14008336328,1382.6171410396028,milton_s046,milton,mid,-6,B_N3_s1
single,land,0.0029882847353132126,0.010336785811232504,3684744,0.9578123464739442,0.9697997693678583,458159,7605,12575,231273,3601,3601,11011.064248736948,393.7117308633195,milton_s046,milton,mid,-6,B_N3_s1
single,active,0.005315632822864216,0.01831180784331671,4110456,0.9764556723747515,0.9865495390822111,881842,7961,13302,643619,4242,4533,21849.674830539152,1378.3275866479423,milton_s049,milton,high,-6,B_N3_s1
single,land,0.0030327812263930957,0.010492671001683895,3684744,0.9577442039609373,0.969019683694592,462510,7515,12891,235465,3609,3919,11175.022427264601,405.67610878913945,milton_s049,milton,high,-6,B_N3_s1
single,active,0.004291165033636597,0.01725944398462775,4110456,0.9814897757112663,0.9887556465503233,655220,6237,6120,547650,3034,3194,17638.645059501752,1224.4571884798836,milton_s059,milton,mid,0,B_N3_s1
single,land,0.0018157903023018002,0.008661534929609471,3684744,0.9527385499669174,0.9639953706317393,234710,5864,5779,136602,2509,2593,6690.722421664745,276.43755465631546,milton_s059,milton,mid,0,B_N3_s1
single,active,0.004345606389772489,0.017426365866398966,4110456,0.981712455003171,0.9892885288614639,659430,6286,5998,553593,2819,3175,17862.423858478665,1248.2559915140885,milton_s063,milton,high,6,B_N3_s1
single,land,0.0018856486584102746,0.00911499691881631,3684744,0.953329602686066,0.9660882742426518,238504,5969,5707,141530,2328,2640,6948.132580185309,306.14020784744304,milton_s063,milton,high,6,B_N3_s1
single,active,0.0050547666160197765,0.018202578713047812,4110456,0.9768120104180077,0.9873859852618975,789100,7874,10858,605237,3690,4042,20777.395765418187,1361.9333013628652,milton_s068,milton,high,0,B_N3_s1
single,land,0.002623548310607001,0.010036071067349106,3684744,0.9533710117561852,0.9671277088511134,368578,7518,10509,194177,3174,3426,9667.103896219283,371.13744728087755,milton_s068,milton,high,0,B_N3_s1
single,active,0.0037319368859581124,0.016325551455195517,4110456,0.9833230973584043,0.9868331028306842,550775,3957,5384,471648,3033,3260,15339.962364507839,1095.533655375156,dorian_s005,dorian,low,0,B_N3_s1
single,land,0.001127920743386111,0.0071504166550379975,3684744,0.952633763017317,0.9537579473206176,144626,2951,4240,84007,1958,2115,4156.099191667512,188.39528009994083,dorian_s005,dorian,low,0,B_N3_s1
single,active,0.003757931903246823,0.016418384414850395,4110456,0.9834792567538639,0.9865886272228477,551307,3876,5385,471469,3057,3352,15446.813739292324,1108.0282762086658,dorian_s006,dorian,low,6,B_N3_s1
single,land,0.0011471699962661566,0.007199355026171983,3684744,0.9533730484528837,0.9526807427441533,145152,2869,4230,83834,2000,2164,4227.027760721743,190.98290797924284,dorian_s006,dorian,low,6,B_N3_s1
single,active,0.004792904936298188,0.017534454396879177,4110456,0.9728051092348945,0.9856020738921234,653762,6748,11528,507179,3393,4016,19701.024852836505,1263.788844428022,dorian_s024,dorian,mid,6,B_N3_s1
single,land,0.0022822942672161397,0.009438455177387792,3684744,0.938888509385128,0.9584539897039897,247399,5762,10341,119155,2353,2812,8409.670107359067,328.253341543882,dorian_s024,dorian,mid,6,B_N3_s1
single,active,0.004229354967296894,0.01650932696702,4110456,0.9793925853568388,0.985605272634728,593555,5296,7193,489902,3468,3687,17384.577501455322,1120.3371604672002,dorian_s037,dorian,low,-6,B_N3_s1
single,land,0.0016258007680075325,0.008189483645125901,3684744,0.9465201465201465,0.9524640999952292,186048,4452,6060,99823,2558,2424,5990.659625111148,247.1270928309486,dorian_s037,dorian,low,-6,B_N3_s1
single,active,0.004179030857702813,0.016574987269412228,4110456,0.9792627108024509,0.9855463101677205,593915,5273,7304,491420,3529,3678,17177.72246322967,1129.2664112251985,dorian_s041,dorian,mid,0,B_N3_s1
single,land,0.0016132668540524114,0.008173218002782659,3684744,0.9458179209427041,0.9521622004820643,185892,4468,6181,100734,2649,2412,5944.475360868499,246.14639875783848,dorian_s041,dorian,mid,0,B_N3_s1
single,active,0.0046950170920267735,0.017022644085430864,4110456,0.9759769311008073,0.9852536074513778,647467,5858,10079,510386,3587,4052,19298.661176024005,1191.088527227252,dorian_s046,dorian,mid,-6,B_N3_s1
single,land,0.002133498457739494,0.00915448083062831,3684744,0.9448731432352906,0.9565483865832498,239874,5030,8965,120175,2684,2775,7861.395641164854,308.798199583752,dorian_s046,dorian,mid,-6,B_N3_s1
single,active,0.004676330412595866,0.017178348852669417,4110456,0.9760163333933826,0.9854483600334432,650144,6006,9970,512714,3560,4011,19221.85040243715,1212.9777644646783,dorian_s049,dorian,high,-6,B_N3_s1
single,land,0.002137445943041117,0.009155666713128622,3684744,0.9450059534266362,0.9574093850116213,242068,5217,8870,121928,2690,2734,7875.941113945097,308.87820894893184,dorian_s049,dorian,high,-6,B_N3_s1
single,active,0.003893861407311758,0.016369978616104546,4110456,0.9841806171512322,0.9865819010943655,569441,3756,5397,492405,3164,3533,16005.545984853059,1101.5043787021202,dorian_s059,dorian,mid,0,B_N3_s1
single,land,0.001233096712712297,0.007536329263404043,3684744,0.9561336424252563,0.9561794500723589,160030,2977,4365,99108,2240,2302,4543.64571358636,209.27967371208766,dorian_s059,dorian,mid,0,B_N3_s1
single,active,0.003928764202602307,0.016593064642609515,4110456,0.9843124716366187,0.9865535227218349,572610,3768,5358,494800,3133,3611,16149.012389171869,1131.731004687163,dorian_s063,dorian,high,6,B_N3_s1
single,land,0.001274135377173053,0.007715073164504686,3684744,0.9568720156187519,0.9563815664706998,162718,2998,4336,100860,2213,2387,4694.862686226144,219.3246365229314,dorian_s063,dorian,high,6,B_N3_s1
single,active,0.0042926730457899034,0.016746085710089186,4110456,0.979524895699302,0.9857219255542535,602925,5263,7340,501350,3517,3745,17644.843677105382,1152.7008756779687,dorian_s068,dorian,high,0,B_N3_s1
single,land,0.0016758882765696705,0.008430959445283553,3684744,0.9469273469547596,0.9549145525952659,193444,4537,6305,107955,2643,2454,6175.219271760434,261.9155726083838,dorian_s068,dorian,high,0,B_N3_s1
single,active,0.004788124117827949,0.018190891821122598,4110456,0.9681001749355377,0.980888912659785,616492,6776,13538,458492,3880,5053,19681.3735088706,1360.1850152650295,beryl_s005,beryl,low,0,B_N3_s1
single,land,0.002341766555471682,0.00996086752683943,3684744,0.9274456020266076,0.9390820525296973,221129,5208,12091,88778,2285,3474,8628.810264674947,365.596179720732,beryl_s005,beryl,low,0,B_N3_s1
single,active,0.004676113241721317,0.01808166451549699,4110456,0.9688715143206729,0.9809261592141889,604975,6403,13034,453182,3725,5087,19220.957731112838,1343.8995793313327,beryl_s006,beryl,low,6,B_N3_s1
single,land,0.0022141221700587056,0.009756021547786676,3684744,0.9272900881466222,0.9364086701185753,209766,4877,11571,83552,2184,3490,8158.473381390795,350.71377341578625,beryl_s006,beryl,low,6,B_N3_s1
single,active,0.005780887002344655,0.019442090718934723,4110456,0.9630859865443139,0.9788165885439698,740225,9127,19245,531239,4490,7007,23762.081664109603,1553.7313698312469,beryl_s024,beryl,mid,6,B_N3_s1
single,land,0.0034150393792994737,0.012112143690176462,3684744,0.931234999174701,0.9501512272789152,344150,7661,17752,160529,3012,5410,12583.54586263746,540.5667750525678,beryl_s024,beryl,mid,6,B_N3_s1
single,active,0.005559592606541404,0.018611661060751267,4110456,0.9662315535354722,0.9804557851255343,723634,7611,17679,516961,4083,6222,22852.460787113756,1423.8369974104837,beryl_s037,beryl,low,-6,B_N3_s1
single,land,0.003167813834053724,0.01141685077510286,3684744,0.935110294117647,0.950699963422339,325568,6346,16246,142952,2749,4664,11672.583018146455,480.2860465859676,beryl_s037,beryl,low,-6,B_N3_s1
single,active,0.0054694995485250145,0.019121783717096687,4110456,0.9663249786871271,0.9806849615468959,708437,7730,16958,509813,4066,5975,22482.137236231938,1502.9578705025833,beryl_s041,beryl,mid,0,B_N3_s1
single,land,0.0030810451520540145,0.011339361168474844,3684744,0.9339678601431449,0.9496956664868916,310181,6352,15578,135589,2710,4472,11352.862637760118,473.78847988349196,beryl_s041,beryl,mid,0,B_N3_s1
single,active,0.0060096137008258214,0.018883866185205413,4110456,0.9634706721366918,0.9794023854450254,786273,9050,20761,562651,4455,7378,24702.252694241703,1465.7902624174174,beryl_s046,beryl,mid,-6,B_N3_s1
single,land,0.0036930325851216596,0.012440610829023454,3684744,0.9345304233601273,0.9543532660281301,387732,7829,19334,188020,3180,5813,13607.879659831524,570.283399077873,beryl_s046,beryl,mid,-6,B_N3_s1
single,active,0.005986855870159643,0.01960729268208723,4110456,0.9634651559266317,0.979518600171084,787231,9214,20638,563376,4482,7298,24608.707632632926,1580.2480645218413,beryl_s049,beryl,high,-6,B_N3_s1
single,land,0.0036787853191154597,0.01243040460554594,3684744,0.9346596511141358,0.9548484066376183,388667,7953,19218,188679,3167,5755,13555.382131898776,569.3480668237576,beryl_s049,beryl,high,-6,B_N3_s1
single,active,0.004819452617057588,0.017765080734043648,4110456,0.9711157140765326,0.9823679539300935,636679,6390,12547,480374,3765,4857,19810.147926500067,1297.252076962565,beryl_s059,beryl,mid,0,B_N3_s1
single,land,0.002368283891097842,0.009914246060842378,3684744,0.9352361388192072,0.9462608663689328,236741,5125,11269,102974,2431,3417,8726.519858019426,362.1818703865234,beryl_s059,beryl,mid,0,B_N3_s1
single,active,0.004707255879381176,0.018251643586887533,4110456,0.9720803013082222,0.9824746264594167,626915,6088,11918,476455,3604,4895,19348.96817293763,1369.2853526466884,beryl_s063,beryl,high,6,B_N3_s1
single,land,0.0022618569826394347,0.009785248426963796,3684744,0.9357833368404115,0.9449368300153139,226803,4867,10697,98727,2302,3451,8334.363945638761,352.8182424964946,beryl_s063,beryl,high,6,B_N3_s1
single,active,0.005497782848775137,0.018755445961319204,4110456,0.9676726374421667,0.9811405334443342,718016,7529,16458,520914,4062,5951,22598.394497444853,1445.921761324198,beryl_s068,beryl,high,0,B_N3_s1
single,land,0.003098868303032021,0.01132820762530174,3684744,0.9366662834334162,0.9519046605660779,317735,6308,15176,143136,2760,4472,11418.536386387423,472.856889245437,beryl_s068,beryl,high,0,B_N3_s1
single,active,0.007008579047613112,0.022393577076592414,4110456,0.9714782516208129,0.984889001695115,1022987,8442,21592,760550,4251,7418,28808.4557977356,2061.2798008787163,irma_s005,irma,low,0,B_N3_s2
single,land,0.004253220473414761,0.013201776849775505,3684744,0.9544458162211192,0.9723455384463798,606096,8029,20899,355262,3654,6450,15672.028620092198,642.2026532383546,irma_s005,irma,low,0,B_N3_s2
single,active,0.0070329648635698095,0.022517267090800635,4110456,0.9706121356484433,0.9846123420829983,1008103,7862,22661,751785,3990,7759,28908.692621249706,2084.1134783067037,irma_s006,irma,low,6,B_N3_s2
single,land,0.004283494745446138,0.013313312736448974,3684744,0.9526113229553806,0.9713974203023661,591323,7440,21976,346581,3440,6765,15783.581562314183,653.0998562883714,irma_s006,irma,low,6,B_N3_s2
single,active,0.008275865149157534,0.023963833751622976,4110456,0.9650409785869417,0.983291693809909,1118855,9006,31525,824142,5048,8956,34017.57955754548,2360.4923633795975,irma_s024,irma,mid,6,B_N3_s2
single,land,0.005540187005475301,0.01532353077947898,3684744,0.9468001440714205,0.9710098498724369,701862,8578,30859,418279,4478,8010,20414.17082730308,865.2169330879614,irma_s024,irma,mid,6,B_N3_s2
single,active,0.00781346009823525,0.02232669556103486,4110456,0.9692893995427885,0.9841713401196854,1109185,9349,25794,816378,5516,7614,32116.88394155167,2048.985593003412,irma_s037,irma,low,-6,B_N3_s2
single,land,0.005021646563271231,0.01480696798823491,3684744,0.9528992153547179,0.971932186297408,690891,9042,25108,408645,5068,6733,18503.48204413429,807.8664921489432,irma_s037,irma,low,-6,B_N3_s2
single,active,0.007775253219361474,0.023182801790644813,4110456,0.9695049456084425,0.9842926259090334,1100042,8693,25908,816830,5042,7993,31959.836247043684,2209.132922020655,irma_s041,irma,mid,0,B_N3_s2
single,land,0.00495316337940107,0.014387215450000096,3684744,0.9529413903483073,0.9721325265889631,681436,8333,25318,407935,4584,7110,18251.139043267816,762.7124136274871,irma_s041,irma,mid,0,B_N3_s2
single,active,0.00839410440115848,0.0229070346587922,4110456,0.9664750757654927,0.9831855104712193,1156025,10000,30100,851009,5946,8608,34503.59680036828,2156.888771390938,irma_s046,irma,mid,-6,B_N3_s2
single,land,0.005629755376132869,0.015789289385,3684744,0.9496248287653596,0.9709436253290403,737585,9701,29426,442994,5513,7744,20744.207343673334,918.6127932340869,irma_s046,irma,mid,-6,B_N3_s2
single,active,0.008464567075472378,0.024009092412471043,4110456,0.9663531408773296,0.9831589029228189,1163638,9710,30806,860208,5620,9115,34793.230522777885,2369.416945966484,irma_s049,irma,high,-6,B_N3_s2
single,land,0.005688627568950691,0.015613461161908399,3684744,0.9495555354417938,0.9711179054345017,744857,9374,30196,451026,5161,8253,20961.136302925646,898.2675167161644,irma_s049,irma,high,-6,B_N3_s2
single,active,0.007532461581939913,0.023404154336086898,4110456,0.9721620546370789,0.9849625554710756,1055628,7927,22301,792820,4140,7964,30961.851904254407,2251.5205251948373,irma_s059,irma,mid,0,B_N3_s2
single,land,0.004548318270046508,0.014128188451907022,3684744,0.9557855084576337,0.9722459360211615,635843,7636,21778,381520,3754,7137,16759.38845564425,735.4959383551404,irma_s059,irma,mid,0,B_N3_s2
single,active,0.007830534259055185,0.02431696988022202,4110456,0.9694939013762234,0.9839118750696603,1045700,7356,25548,794499,3631,9360,32187.06652833894,2430.5743889306336,irma_s063,irma,high,6,B_N3_s2
single,land,0.004781338066204358,0.014718492942993119,3684744,0.9512011258940432,0.9699744733543433,625858,7053,25055,382265,3253,8580,17618.006751418114,798.2409588673421,irma_s063,irma,high,6,B_N3_s2
single,active,0.0080530657646533,0.023874994498441774,4110456,0.9694650380425897,0.9846071262083806,1114656,8730,26378,836408,4872,8204,33101.772490713745,2343.0230660607776,irma_s068,irma,high,0,B_N3_s2
single,land,0.005119433131260987,0.014950820117435757,3684744,0.9529757732785971,0.972729354122307,694787,8427,25857,424859,4473,7438,18863.800513815135,823.6398538300725,irma_s068,irma,high,0,B_N3_s2
single,active,0.00415342006601504,0.022443551960236764,4110456,0.9853173559234653,0.9878377915332163,558067,3052,5264,490093,2066,3968,17072.45043087192,2070.490224211707,ian_s005,ian,low,0,B_N3_s2
single,land,0.0011130740169395428,0.007715414259455439,3684744,0.9558869845935802,0.9579749703867745,145681,2414,4309,93005,1365,2715,4101.392805473879,219.34403029360374,ian_s005,ian,low,0,B_N3_s2
single,active,0.004164715876320283,0.022455268292436308,4110456,0.985431463021116,0.9878584548260727,557633,3025,5219,489961,2049,3973,17118.881362115964,2072.6525275083472,ian_s006,ian,low,6,B_N3_s2
single,land,0.001116654708920142,0.0077325523473259685,3684744,0.9562899084984531,0.9579495642308288,145270,2388,4252,92878,1354,2723,4114.58673876524,220.3195611425966,ian_s006,ian,low,6,B_N3_s2
single,active,0.004480423128160284,0.02266812066876012,4110456,0.9814376654836348,0.9870736326517755,592331,4246,6957,501388,2404,4162,18416.58212968521,2112.131897750523,ian_s024,ian,mid,6,B_N3_s2
single,land,0.0014426165454101078,0.008331430502824028,3684744,0.9493858556866387,0.9576415241700588,179939,3597,5996,104223,1708,2902,5315.672660000622,255.76815595321855,ian_s024,ian,mid,6,B_N3_s2
single,active,0.004303649635033846,0.020340589651869693,4110456,0.9843448854835467,0.9879953835921912,582743,3641,5627,505083,2249,3888,17689.962464222685,1700.6583694072738,ian_s037,ian,low,-6,B_N3_s2
single,land,0.0012697536751780996,0.007701728918975109,3684744,0.9556512208625696,0.960276622144369,169156,3128,4722,105254,1599,2755,4678.7172360904515,218.56659038112073,ian_s037,ian,low,-6,B_N3_s2
single,active,0.004396728088323381,0.021875254629189426,4110456,0.9844176401790635,0.9878364630414861,585823,3570,5703,508799,2279,3986,18072.55735101737,1966.9632127324817,ian_s041,ian,mid,0,B_N3_s2
single,land,0.001326541765070556,0.008172556851669259,3684744,0.9561539616597428,0.9602854483400558,171927,3016,4868,108325,1618,2862,4887.966809593141,246.10657762904188,ian_s041,ian,mid,0,B_N3_s2
single,active,0.004482132509357571,0.02043538923220977,4110456,0.9821068294568859,0.9876475178466488,604583,4287,6728,512594,2497,3914,18423.60846588388,1716.5475248662515,ian_s046,ian,mid,-6,B_N3_s2
single,land,0.0014601245215615948,0.008038172581547414,3684744,0.9521642021716804,0.9605657805044309,190987,3775,5820,112732,1849,2779,5380.185070076957,238.07948426305575,ian_s046,ian,mid,-6,B_N3_s2
single,active,0.0045931889640145,0.02200426750200056,4110456,0.9817676965571954,0.9873175839777728,608856,4319,6988,516686,2527,4110,18880.101136267185,1990.2325995428123,ian_s049,ian,high,-6,B_N3_s2
single,land,0.0015325932010910486,0.008524297802932611,3684744,0.9515825132771009,0.9598638444124985,194945,3771,6148,116180,1861,2997,5647.213602161035,267.7469595317297,ian_s049,ian,high,-6,B_N3_s2
single,active,0.004480157697723684,0.021637092320954343,4110456,0.9862674448109617,0.9882488399937266,583032,3152,4966,516698,2214,3930,18415.491089554504,1924.366553150043,ian_s059,ian,mid,0,B_N3_s2
single,land,0.0012973511376991379,0.008280758251080593,3684744,0.9609933740760009,0.9621186498004465,168096,2660,4163,113784,1581,2899,4780.406820530072,252.66642316426638,ian_s059,ian,mid,0,B_N3_s2
single,active,0.004642734997381109,0.023433980017748678,4110456,0.9856835837309185,0.9877276206209317,587978,3145,5395,521374,2272,4206,19083.757926395163,2257.262747078203,ian_s063,ian,high,6,B_N3_s2
single,land,0.0014094991500895597,0.009147040208154761,3684744,0.95935704172566,0.9608243215670271,172785,2678,4642,117725,1671,3129,5193.643536297604,308.29643064276576,ian_s063,ian,high,6,B_N3_s2
single,active,0.004605958593966187,0.02171318162364254,4110456,0.984744230845351,0.988004545885027,597078,3561,5689,521617,2321,4012,18932.59013831988,1937.9248598583306,ian_s068,ian,high,0,B_N3_s2
single,land,0.0014355923333158039,0.00852404898344032,3684744,0.9581571028765019,0.9623071372396403,182138,3069,4885,118690,1678,2971,5289.790236631408,267.73132899141694,ian_s068,ian,high,0,B_N3_s2
single,active,0.004539959580010962,0.018146232617256966,4110456,0.9803407049185702,0.9871966088211388,628019,5892,6702,513746,2580,4083,18661.304095413536,1353.5146205060976,milton_s005,milton,low,0,B_N3_s2
single,land,0.0016668054221533402,0.008269458850055015,3684744,0.9481249577693192,0.9551286515093486,210479,5476,6040,109729,2051,3104,6141.751278446987,251.97734825297937,milton_s005,milton,low,0,B_N3_s2
single,active,0.004538211439597156,0.018167055978718084,4110456,0.9807514833970772,0.9876981852178162,625946,5715,6570,513447,2365,4030,18654.11844116077,1356.62280237509,milton_s006,milton,low,6,B_N3_s2
single,land,0.0016589697553135586,0.008283100398171105,3684744,0.9489675583380762,0.9573373914412405,208417,5302,5906,109461,1833,3045,6112.878852073103,252.80937278321707,milton_s006,milton,low,6,B_N3_s2
single,active,0.005662085009331963,0.019095641592719537,4110456,0.975539783167953,0.9864301327862713,849422,7144,14154,616434,3153,5327,23273.751299118623,1498.8511768612314,milton_s024,milton,mid,6,B_N3_s2
single,land,0.002966715140117632,0.010417475098520075,3684744,0.9552522425864681,0.9682556331316153,431817,6733,13495,212322,2618,4343,10931.585812257603,399.8823745836517,milton_s024,milton,mid,6,B_N3_s2
single,active,0.005319906029675913,0.018684006430992602,4110456,0.9758613611558911,0.9863382016776823,779682,7975,11311,587682,3352,4788,21867.239659117535,1434.9277018438816,milton_s037,milton,low,-6,B_N3_s2
single,land,0.0025026261464830414,0.009616372030912706,3684744,0.9516614960449357,0.9640525140319924,361048,7626,10713,180863,2843,3901,9221.536677496508,340.74526817062537,milton_s037,milton,low,-6,B_N3_s2
single,active,0.005376891183085534,0.01885037155099026,4110456,0.9760642812682725,0.9861658756033392,776220,7608,11427,589242,3213,5053,22101.47462486103,1460.5950797261446,milton_s041,milton,mid,0,B_N3_s2
single,land,0.002545289867432312,0.009845518750744218,3684744,0.951668403615341,0.9633287666868449,357046,7251,10882,181416,2715,4191,9378.741567282006,357.1778572862737,milton_s041,milton,mid,0,B_N3_s2
single,active,0.005717861668327526,0.018853515645957393,4110456,0.9761070553647442,0.9865911292543956,876182,7639,13808,637549,3577,5088,23503.01880174689,1461.0823520966096,milton_s046,milton,mid,-6,B_N3_s2
single,land,0.003017303553189571,0.010428923402943397,3684744,0.9570752871723746,0.969390414067885,457504,7289,13230,230649,3058,4225,11117.991163793951,400.76176053884063,milton_s046,milton,mid,-6,B_N3_s2
single,active,0.005775001791128571,0.019051357898213044,4110456,0.9759693726647044,0.9861594881158797,881030,7579,14114,642690,3558,5462,23737.89076235518,1491.9074243498778,milton_s049,milton,high,-6,B_N3_s2
single,land,0.003071442879781939,0.01061208748584968,3684744,0.9568529864554347,0.9683466768960439,461805,7228,13596,234765,3055,4619,11317.48072261922,414.9626071763946,milton_s049,milton,high,-6,B_N3_s2
single,active,0.004744296326484996,0.017970006685892326,4110456,0.9813456885981611,0.9882266412224776,654693,5798,6647,546853,2524,3991,19501.221300978214,1327.3531386360437,milton_s059,milton,mid,0,B_N3_s2
single,land,0.0018309327497547626,0.008756686055368184,3684744,0.9523749517286234,0.9626279996320121,234289,5516,6200,136028,2114,3167,6746.518464062363,282.5445142623783,milton_s059,milton,mid,0,B_N3_s2
single,active,0.004874408240929489,0.018296181694319645,4110456,0.9814800744312993,0.9887206748277515,658792,5795,6636,552770,2308,3998,20036.040600378066,1375.9762335919543,milton_s063,milton,high,6,B_N3_s2
single,land,0.0019107315321775901,0.009241509659561095,3684744,0.9528154943281694,0.9646497491117941,237959,5532,6252,140917,1911,3253,7040.556548802182,314.6974065946977,milton_s063,milton,high,6,B_N3_s2
single,active,0.005548207193513117,0.01899286788704866,4110456,0.9765315890433691,0.9867910172386205,788560,7553,11398,604372,3183,4907,22805.661547819152,1482.7608081007165,milton_s068,milton,high,0,B_N3_s2
single,land,0.002648946932904059,0.01014693615346883,3684744,0.9528139267633631,0.9658686549585024,368133,7277,10954,193534,2770,4069,9760.691317336634,379.3823966797754,milton_s068,milton,high,0,B_N3_s2
single,active,0.004028637561906853,0.016730599968070296,4110456,0.9827977778452819,0.9861835518074914,550010,3478,6149,470806,2494,4102,16559.537438165396,1150.5699687651834,dorian_s005,dorian,low,0,B_N3_s2
single,land,0.00113666569234528,0.007170987448897092,3684744,0.9511834514804695,0.95209226000547,144110,2640,4756,83548,1630,2574,4188.322089875117,189.480815452789,dorian_s005,dorian,low,0,B_N3_s2
single,active,0.004055768985181324,0.016832206005223987,4110456,0.9828675898219629,0.9861725374022388,550512,3416,6180,470711,2490,4110,16671.059959752485,1164.5873788599515,dorian_s006,dorian,low,6,B_N3_s2
single,land,0.0011559873498645616,0.007221034806457983,3684744,0.951552083813184,0.9519940662977121,144595,2575,4787,83428,1637,2570,4259.517451489344,192.1348727503652,dorian_s006,dorian,low,6,B_N3_s2
single,active,0.005122933587318891,0.017986783349531556,4110456,0.9712767525916748,0.9849116719120181,652190,6187,13100,506349,2911,4846,21057.59310159646,1329.8327094459908,dorian_s024,dorian,mid,6,B_N3_s2
single,land,0.0023034397460758274,0.009483472970159152,3684744,0.9353097681489928,0.9568768797826105,246080,5360,11660,118669,2050,3298,8487.585783714429,331.39209285414773,dorian_s024,dorian,mid,6,B_N3_s2
single,active,0.004504958861513883,0.017010988375814575,4110456,0.9784987962232122,0.9850816010441067,592573,4846,8175,489094,2912,4495,18517.43518206291,1189.4579663146633,dorian_s037,dorian,low,-6,B_N3_s2
single,land,0.0016365385212179443,0.008210734131506777,3684744,0.9441757838576037,0.9516118222639234,185286,4133,6822,99393,2200,2854,6030.225496826693,248.41127255932548,dorian_s037,dorian,low,-6,B_N3_s2
single,active,0.004486316411657974,0.017085286804547253,4110456,0.9783540141589825,0.9850065149784273,592997,4898,8222,490615,2985,4483,18440.80621219799,1199.8709831493343,dorian_s041,dorian,mid,0,B_N3_s2
single,land,0.0016288779720931002,0.008198049918466002,3684744,0.9435628079005955,0.9512683324795568,185211,4216,6862,100277,2268,2869,6001.9983344022185,247.64435753220744,dorian_s041,dorian,mid,0,B_N3_s2
single,active,0.004980099524795692,0.017520780588491717,4110456,0.9745836588551485,0.9847517374129361,646186,5492,11360,509546,2998,4892,20470.4799722936,1261.818544342688,dorian_s046,dorian,mid,-6,B_N3_s2
single,land,0.0021477369539789908,0.00918699769896794,3684744,0.94159996845799,0.9557895913511442,238818,4791,10021,119705,2292,3245,7913.860854752362,310.9958083290631,dorian_s046,dorian,mid,-6,B_N3_s2
single,active,0.004991451416828614,0.017693161362485055,4110456,0.9746304911812114,0.9848691248566569,648793,5567,11321,511868,3007,4857,20517.14142501168,1286.769861354922,dorian_s049,dorian,high,-6,B_N3_s2
single,land,0.002153699675677265,0.009183754420816384,3684744,0.941841193899169,0.9564761942267554,240955,4896,9983,121439,2303,3223,7935.831957753748,310.7762659055836,dorian_s049,dorian,high,-6,B_N3_s2
single,active,0.004151574648132953,0.016833508565295023,4110456,0.9835567109270819,0.9859561153676442,568662,3331,6176,491578,2642,4360,17064.864921865985,1164.7676289962503,dorian_s059,dorian,mid,0,B_N3_s2
single,land,0.001240908677833049,0.007535761720945398,3684744,0.9544787956783288,0.954709127867583,159460,2670,4935,98631,1900,2779,4572.43080519326,209.24815422187405,dorian_s059,dorian,mid,0,B_N3_s2
single,active,0.00420405204801825,0.0170402346148411,4110456,0.9835981539107265,0.986032465834629,571802,3369,6166,494021,2608,4390,17280.570965088904,1193.5514469811387,dorian_s063,dorian,high,6,B_N3_s2
single,land,0.0012855249150647262,0.007736388425144798,3684744,0.9551013195098963,0.955249438715324,162138,2706,4916,100412,1869,2835,4736.830217635259,220.53821407477125,dorian_s063,dorian,high,6,B_N3_s2
single,active,0.004584966140479394,0.017270852771004815,4110456,0.9786502788209855,0.985167514968292,601958,4825,8307,500538,2979,4557,18846.30158193037,1226.076497603128,dorian_s068,dorian,high,0,B_N3_s2
single,land,0.0016917188927294611,0.00845440556675118,3684744,0.9448042556320937,0.9539193410962795,192707,4216,7042,107480,2263,2929,6233.551039671525,263.3743491948,dorian_s068,dorian,high,0,B_N3_s2
single,active,0.0051636791769845885,0.019093500133276372,4110456,0.9665248623733544,0.9804601222393844,615022,6293,15008,457668,3244,5877,21225.076055111364,1498.5150217218231,beryl_s005,beryl,low,0,B_N3_s2
single,land,0.002388094131528861,0.010072080833735758,3684744,0.9240477620465608,0.9373467633229672,220013,4877,13207,88314,1965,3938,8799.515522586182,373.80553302006274,beryl_s005,beryl,low,0,B_N3_s2
single,active,0.005051466837575555,0.018993137876724877,4110456,0.9672252787317684,0.9804816096712042,603536,5978,14473,452405,3142,5864,20763.832171313465,1482.8029642361962,beryl_s006,beryl,low,6,B_N3_s2
single,land,0.0022588885492930665,0.009866176082822456,3684744,0.9234912219365289,0.9347740535435196,208673,4624,12664,83136,1895,3906,8323.426028676331,358.67825197618794,beryl_s006,beryl,low,6,B_N3_s2
single,active,0.0062233710094096685,0.020331386073770157,4110456,0.9609846392730228,0.9777163143075396,737721,8202,21749,529889,3720,8357,25580.89270585403,1699.1197118460711,beryl_s024,beryl,mid,6,B_N3_s2
single,land,0.0035380303062092365,0.01238958997965386,3684744,0.9273435212199433,0.9472609529236485,342008,6902,19894,159586,2532,6353,13036.735942622647,565.6153519020112,beryl_s024,beryl,mid,6,B_N3_s2
single,active,0.005989403527535671,0.019452512731920234,4110456,0.9646237540540432,0.9796351648518593,721854,7014,19459,515870,3411,7313,24619.179666180164,1555.3975845312054,beryl_s037,beryl,low,-6,B_N3_s2
single,land,0.0032554863959815246,0.01160619940490545,3684744,0.9320162762944111,0.9485708950744896,324104,5931,17710,142242,2338,5374,11995.633964674547,496.3492569590414,beryl_s037,beryl,low,-6,B_N3_s2
single,active,0.005890466195847905,0.02002787764000796,4110456,0.9644208715596331,0.979796404141246,706419,7085,18976,508773,3476,7015,24212.5021175202,1648.7691869990074,beryl_s041,beryl,mid,0,B_N3_s2
single,land,0.003165923983180145,0.01151773829576707,3684744,0.9301007993390603,0.9475391875948087,308467,5890,17292,134922,2331,5139,11665.61940147914,488.81185820880165,beryl_s041,beryl,mid,0,B_N3_s2
single,active,0.006485405794135979,0.019735083540949164,4110456,0.9612584710680445,0.9782265401951454,783690,8241,23344,561234,3697,8795,26657.975158941,1600.9137768596772,beryl_s046,beryl,mid,-6,B_N3_s2
single,land,0.0038248727523595375,0.012721947076992585,3684744,0.9305269561396944,0.9515572519083969,385468,7181,21598,186981,2667,6852,14093.676925020292,596.3682163568317,beryl_s046,beryl,mid,-6,B_N3_s2
single,active,0.006459418662812065,0.02049135505572702,4110456,0.9614404012658399,0.9782607181901107,784744,8348,23125,561956,3770,8718,26551.15619906783,1725.9625200098637,beryl_s049,beryl,high,-6,B_N3_s2
single,land,0.003810819633242528,0.012719072580312064,3684744,0.9309730974542791,0.9518369334726717,386473,7243,21412,187628,2688,6806,14041.894778672606,596.0987505617926,beryl_s049,beryl,high,-6,B_N3_s2
single,active,0.0052212406905011825,0.01872414326795858,4110456,0.9696972934690364,0.9817509131709554,635303,5930,13923,479495,3177,5736,21461.68012371473,1441.0993246539992,beryl_s059,beryl,mid,0,B_N3_s2
single,land,0.0024132916878413513,0.010010764522676114,3684744,0.932089829690627,0.9441269724229465,235664,4824,12346,102434,2105,3957,8892.362067023292,369.2681171763946,beryl_s059,beryl,mid,0,B_N3_s2
single,active,0.005130303153753659,0.019327144376212562,4110456,0.9706371087986272,0.9817846651817508,625596,5688,13237,475603,3077,5747,21087.88538016565,1535.4136085875866,beryl_s063,beryl,high,6,B_N3_s2
single,land,0.0023087171966917034,0.009890881531292308,3684744,0.9324712228284439,0.9428149115061235,225769,4619,11731,98230,2010,3948,8507.031838206574,360.47680120083703,beryl_s063,beryl,high,6,B_N3_s2
single,active,0.005925666521033637,0.019681319396569162,4110456,0.9658944068715655,0.9803447170416187,716089,6900,18385,519867,3425,6998,24357.191505381837,1592.2029429858871,beryl_s068,beryl,high,0,B_N3_s2
single,land,0.0031816244557942397,0.011496245939768047,3684744,0.933124328409319,0.9495262670107149,316094,5837,16817,142409,2371,5199,11723.47162374109,486.9892926579275,beryl_s068,beryl,high,0,B_N3_s2
single,active,0.006402357820209387,0.021352997242580427,4110456,0.9737065357822967,0.9856816911901658,1027238,10398,17341,762066,5168,5902,26316.6101162266,1874.1644324271763,irma_s005,irma,low,0,B_N5_s0
single,land,0.004076245542197335,0.012930577710484718,3684744,0.9580214038084711,0.9736081111708823,610160,9901,16835,356546,4499,5166,15019.921304138377,616.0886069715472,irma_s005,irma,low,0,B_N5_s0
single,active,0.006383757103956354,0.021385679457353302,4110456,0.9727015830601986,0.9854130908025286,1011989,9626,18775,753234,4840,6310,26240.15269050002,1879.9058952167939,irma_s006,irma,low,6,B_N5_s0
single,land,0.004068546243543634,0.012974458051619344,3684744,0.9560052376629741,0.9726535406645038,595032,9116,18267,347782,4214,5564,14991.551359619945,620.2771358271489,irma_s006,irma,low,6,B_N5_s0
single,active,0.0074073849062970005,0.022586327265993286,4110456,0.9684921895513458,0.9844734634341662,1124986,11205,25394,826115,6046,6983,30447.729732397944,2096.916982030319,irma_s024,irma,mid,6,B_N5_s0
single,land,0.005120297543952646,0.01457785486661967,3684744,0.9521187802906286,0.9729563827569433,707827,10702,24894,420035,5421,6254,18866.98565329425,783.0591429613125,irma_s024,irma,mid,6,B_N5_s0
single,active,0.007338031167523719,0.021822635735980093,4110456,0.9717016264565852,0.9848239839811396,1114156,11624,20823,817917,6529,6075,30162.654240734875,1957.5118989205744,irma_s037,irma,low,-6,B_N5_s0
single,land,0.004843085434428146,0.014501566704278162,3684744,0.9565812830776043,0.9728243716881779,695690,11268,20309,409955,6029,5423,17845.529995996505,774.884849265907,irma_s037,irma,low,-6,B_N5_s0
single,active,0.007145984045606416,0.022211805391422052,4110456,0.9720336806251957,0.9847931668527861,1105004,10846,20946,818371,6185,6452,29373.252996167168,2027.9522419679556,irma_s041,irma,mid,0,B_N5_s0
single,land,0.004732738074702278,0.014062354464565458,3684744,0.9568458771367223,0.9727934167960124,686269,10466,20485,409261,5662,5784,17438.928224330768,728.6574372737545,irma_s041,irma,mid,0,B_N5_s0
single,active,0.007815250968780245,0.022146457673581182,4110456,0.9697017226534603,0.9840836135297362,1162300,12491,23825,852860,7037,6757,32124.24523612857,2016.0372168824351,irma_s046,irma,mid,-6,B_N5_s0
single,land,0.005365315262246796,0.015303032005836546,3684744,0.9544826824992235,0.9723239082420346,743689,12143,23322,444634,6552,6104,19769.81322067231,862.9036250926843,irma_s046,irma,mid,-6,B_N5_s0
single,active,0.007772144545287247,0.023137826354994916,4110456,0.969861624044397,0.9844213395798659,1170204,12124,24240,862359,6683,6964,31947.058179043233,2200.569648371164,irma_s049,irma,high,-6,B_N5_s0
single,land,0.005398995435003038,0.015109357572878,3684744,0.9548469585530488,0.9731680173250947,751286,11760,23767,452963,6173,6316,19893.916035154834,841.2001059591572,irma_s049,irma,high,-6,B_N5_s0
single,active,0.007075476428617001,0.022929296250438703,4110456,0.9738443196995337,0.9853868689036988,1059454,9980,18475,794142,5135,6642,29083.434538867325,2161.0830382786735,irma_s059,irma,mid,0,B_N5_s0
single,land,0.00445473493203938,0.01402258227719073,3684744,0.958506367092838,0.9728833036302204,639572,9638,18049,382671,4680,5986,16414.557812422514,724.5415805600378,irma_s059,irma,mid,0,B_N5_s0
single,active,0.0071873228006394145,0.023283945495998618,4110456,0.9716850413233085,0.9847238630108178,1049792,9135,21456,796036,4526,7823,29543.174129825085,2228.451321212952,irma_s063,irma,high,6,B_N5_s0
single,land,0.004610364305157849,0.014501666034921094,3684744,0.9547490597984839,0.9713480542958929,629847,8786,21066,383631,4102,7214,16988.012211244553,774.8954646808414,irma_s063,irma,high,6,B_N5_s0
single,active,0.007511854189807708,0.02321118055415607,4110456,0.9718884079184746,0.9852048255103001,1119458,10804,21576,837897,5868,6715,30877.14612562023,2214.5447642291106,irma_s068,irma,high,0,B_N5_s0
single,land,0.004941128700590774,0.014713943538636812,3684744,0.9567634257701472,0.9736970164973373,699484,10450,21160,426194,5410,6103,18206.794332729653,797.7475714440162,irma_s068,irma,high,0,B_N5_s0
single,active,0.003783878612685572,0.021253734727540066,4110456,0.9863214408505462,0.9883350409732944,559407,3834,3924,490992,2726,3069,15553.466546785086,1856.7802807455012,ian_s005,ian,low,0,B_N5_s0
single,land,0.0011174144700277506,0.0077683962628752115,3684744,0.9587686798789851,0.9592411913009613,146729,3049,3261,93597,1854,2123,4117.386263947934,222.36685904863506,ian_s005,ian,low,0,B_N5_s0
single,active,0.0037927748527983455,0.021283868687932674,4110456,0.9863642459835672,0.9884258047368019,558945,3820,3907,490874,2688,3060,15590.034150334075,1862.0491719946556,ian_s006,ian,low,6,B_N5_s0
single,land,0.0011196604269888184,0.007781464134277857,3684744,0.9588610084165815,0.9594892795927374,146280,3034,3242,93484,1830,2117,4125.662040384486,223.1156122060763,ian_s006,ian,low,6,B_N5_s0
single,active,0.004099625556732251,0.021525304188718165,4110456,0.9826500979043183,0.987604175063257,594181,5384,5107,502334,3089,3216,16851.330467423424,1904.5334233697545,ian_s024,ian,mid,6,B_N5_s0
single,land,0.0014375799265570798,0.008366335544348591,3684744,0.9525758911701726,0.9588419791695242,181500,4601,4435,104858,2234,2267,5297.114008901641,257.9157582076911,ian_s024,ian,mid,6,B_N5_s0
single,active,0.004054301720519094,0.01991376722124977,4110456,0.985044821683069,0.9887484370115661,584038,4535,4332,506081,2869,2890,16665.028832918033,1630.0347240170943,ian_s037,ian,low,-6,B_N5_s0
single,land,0.001280550044378707,0.007751005241313125,3684744,0.9574835577209792,0.9623764355284198,170186,3865,3692,105923,2055,2086,4718.499092724174,221.3723531053759,ian_s037,ian,low,-6,B_N5_s0
single,active,0.004065955173301576,0.02089066479440382,4110456,0.9851703305923812,0.9885308023783943,587063,4374,4463,509728,2857,3057,16712.929837828502,1793.8846959825607,ian_s041,ian,mid,0,B_N5_s0
single,land,0.0013369234816817946,0.008237245606764825,3684744,0.9582765384487516,0.9618987911806518,172944,3679,3851,108936,2064,2251,4926.2207775861025,250.0180427939356,ian_s041,ian,mid,0,B_N5_s0
single,active,0.004218264387051023,0.0200066055826553,4110456,0.9830786043902233,0.9882444402109805,606298,5423,5013,513560,3161,2948,17338.990159340203,1645.268657628854,ian_s046,ian,mid,-6,B_N5_s0
single,land,0.0014671339614866618,0.008081177179487118,3684744,0.9547777336773169,0.9617903559672877,192445,4753,4362,113372,2365,2139,5406.013061784208,240.63377148538137,ian_s046,ian,mid,-6,B_N5_s0
single,active,0.0042510531714867366,0.02105002659527717,4110456,0.9828226211479273,0.9879033566372172,610553,5380,5291,517609,3151,3187,17473.767015056685,1821.3579320608767,ian_s049,ian,high,-6,B_N5_s0
single,land,0.0015351362091882278,0.008571832439974962,3684744,0.9544288296693685,0.9609729204894224,196410,4695,4683,116788,2354,2389,5656.583935989067,270.74139749592814,ian_s049,ian,high,-6,B_N5_s0
single,active,0.004200902712936707,0.020928675225115614,4110456,0.987034555932696,0.9887063066642724,584207,3883,3791,517566,2850,3062,17267.625761806965,1800.4185581557783,ian_s059,ian,mid,0,B_N5_s0
single,land,0.0013196431117201714,0.008386612862795522,3684744,0.9630192935386298,0.9628681609214759,169059,3292,3200,114356,2083,2327,4862.547038052231,259.1674836883714,ian_s059,ian,mid,0,B_N5_s0
single,active,0.004289123022154683,0.02212313253803175,4110456,0.9865402970578878,0.9883729732184761,589152,3817,4221,522280,2844,3300,17630.25146115385,2011.7927838887044,ian_s063,ian,high,6,B_N5_s0
single,land,0.0014264770525035007,0.009230005618324136,3684744,0.9616840637141497,0.9620739005984907,173759,3255,3668,118312,2122,2542,5256.202760349959,313.9144092782267,ian_s063,ian,high,6,B_N5_s0
single,active,0.00432687361644569,0.021017726545015776,4110456,0.9855689326017595,0.9884242706287859,598332,4326,4435,522487,2977,3142,17785.423617960885,1815.772683329639,ian_s068,ian,high,0,B_N5_s0
single,land,0.001454879706719574,0.008621460627766732,3684744,0.9602730246602919,0.9627976070335774,183174,3729,3849,119255,2202,2406,5360.85927005671,273.885486294007,ian_s068,ian,high,0,B_N5_s0
single,active,0.004048111298527872,0.017701779616058587,4110456,0.9811978811967903,0.987561349045852,629618,6962,5103,514715,3369,3114,16639.58337570168,1288.0237254440535,milton_s005,milton,low,0,B_N5_s0
single,land,0.0016397945967503076,0.008246957230317677,3684744,0.9503218426895732,0.9561445282398068,211860,6416,4659,110428,2660,2405,6042.223301608115,250.60792746405798,milton_s005,milton,low,0,B_N5_s0
single,active,0.00404168242291878,0.017696646973721936,4110456,0.9815113432859165,0.9880904129745346,627544,6849,4972,514389,3112,3088,16613.15776538104,1287.2769071217822,milton_s006,milton,low,6,B_N5_s0
single,land,0.0016314722334374071,0.008247767758814282,3684744,0.9509339546099419,0.9582571920847909,209796,6298,4527,110121,2412,2385,6011.557523325086,250.65719044500568,milton_s006,milton,low,6,B_N5_s0
single,active,0.005203801072976174,0.01872709514623534,4110456,0.9773067723238896,0.9868602899236126,852707,8931,10869,617665,4128,4096,21389.99534322135,1441.5537417186144,milton_s024,milton,mid,6,B_N5_s0
single,land,0.0029033830833324367,0.01034348096150744,3684744,0.9585850593232107,0.9690166571249421,434911,8389,10401,213267,3421,3398,10698.223396010697,394.22191128274073,milton_s024,milton,mid,6,B_N5_s0
single,active,0.0049369152523044925,0.018693295216868275,4110456,0.9766902503450128,0.9866934841818563,782031,9702,8962,588686,4155,3784,20292.972920326516,1436.3548100415558,milton_s037,milton,low,-6,B_N5_s0
single,land,0.002489639918600635,0.009606261813279683,3684744,0.9532740204183398,0.9648379198070866,363226,9269,8535,181651,3507,3113,9173.685752224177,340.0291565550376,milton_s037,milton,low,-6,B_N5_s0
single,active,0.004917007479227474,0.01846947322214538,4110456,0.9770692564918159,0.9865740291951771,778690,9318,8957,590285,4023,4010,20211.142895035446,1402.1646743127137,milton_s041,milton,mid,0,B_N5_s0
single,land,0.002525502244441967,0.009844879948998747,3684744,0.953689082566129,0.9641133896260555,359351,8873,8577,182229,3405,3378,9305.829242194071,357.1315096143082,milton_s041,milton,mid,0,B_N5_s0
single,active,0.005401634791578091,0.018994301721898865,4110456,0.9773666760800778,0.98681961883512,879069,9436,10921,638644,4537,3993,22203.182138850912,1482.9846936544427,milton_s046,milton,mid,-6,B_N5_s0
single,land,0.0029994056424105966,0.010410134354386133,3684744,0.9593343922358267,0.9697237485760236,460233,9008,10501,231539,3894,3335,11052.041944438592,399.3190135137221,milton_s046,milton,mid,-6,B_N5_s0
single,active,0.005378347983332913,0.01878146518591484,4110456,0.9773773514818648,0.9865639876871029,884073,9392,11071,643880,4497,4272,22107.46273817867,1449.9363669233408,milton_s049,milton,high,-6,B_N5_s0
single,land,0.003046416445159394,0.010607958798066279,3684744,0.9594659883468846,0.9690287678103084,464702,8933,10699,235724,3874,3660,11225.264717802405,414.63978326931897,milton_s049,milton,high,-6,B_N5_s0
single,active,0.004363985194457385,0.017699421995565547,4110456,0.9816403794930117,0.9885673441908066,655991,6920,5349,547693,3183,3151,17937.969126468524,1287.6806561056933,milton_s059,milton,mid,0,B_N5_s0
single,land,0.0018383864249980155,0.00880459019848477,3684744,0.9531534011553767,0.9631644980757573,235447,6530,5042,136648,2679,2547,6773.9833491928875,285.644334228599,milton_s059,milton,mid,0,B_N5_s0
single,active,0.004417461762038189,0.017730745223486714,4110456,0.9817924900156922,0.9891257736674338,660064,6877,5364,553586,2904,3182,18157.782204540446,1292.2423875733475,milton_s063,milton,high,6,B_N5_s0
single,land,0.0019162563916589209,0.009298430348756074,3684744,0.9536263788854059,0.9654429119087573,239118,6535,5093,141532,2428,2638,7060.914241626859,318.58593964663226,milton_s063,milton,high,6,B_N5_s0
single,active,0.005132975664271343,0.01872106403449366,4110456,0.9771397785153461,0.9871623010009882,790766,9308,9192,605322,3915,3957,21098.870617058128,1440.6253786554394,milton_s068,milton,high,0,B_N5_s0
single,land,0.002648581733316836,0.010177614002636677,3684744,0.9541202121572933,0.9663559119672066,370212,8927,8875,194253,3413,3350,9759.345650348812,381.6798842492075,milton_s068,milton,high,0,B_N5_s0
single,active,0.0037513381092216655,0.0165392613257572,4110456,0.9839973453790328,0.9869644702328909,551562,4373,4597,471846,3170,3062,15419.71023907885,1124.4035864862685,dorian_s005,dorian,low,0,B_N5_s0
single,land,0.001134873182777717,0.007165566713313189,3684744,0.954732158700324,0.9540878792001088,145273,3295,3593,84162,2090,1960,4181.717151001096,189.1944567913825,dorian_s005,dorian,low,0,B_N5_s0
single,active,0.00377278859303596,0.016614802072036146,4110456,0.9840357929073716,0.9868761846581281,552049,4313,4643,471713,3165,3108,15507.881508976221,1134.6981523914085,dorian_s006,dorian,low,6,B_N5_s0
single,land,0.001150984476351983,0.007206517804788661,3684744,0.9550332844113639,0.9538823101987988,145761,3242,3621,84017,2081,1981,4241.0831433311105,191.3631222605512,dorian_s006,dorian,low,6,B_N5_s0
single,active,0.0047818413853968,0.017701820775477682,4110456,0.9737867048519923,0.9857026318345149,655561,7918,9729,507489,3655,3706,19655.548613652587,1288.029715166116,dorian_s024,dorian,mid,6,B_N5_s0
single,land,0.002263506627266829,0.009433841403571775,3684744,0.9412467214415831,0.9586253401729162,249052,6858,8688,119415,2602,2552,8340.442463781685,327.93250164315185,dorian_s024,dorian,mid,6,B_N5_s0
single,active,0.004240828970036652,0.016878040848816098,4110456,0.9797023895823174,0.9855046819736475,594648,6220,6100,490124,3744,3465,17431.740884860978,1170.9384604234726,dorian_s037,dorian,low,-6,B_N5_s0
single,land,0.0016155064522983156,0.008165983855725825,3684744,0.947497733040866,0.9516680150383097,187037,5293,5071,99987,2818,2260,5952.7277070675045,245.7108613204902,dorian_s037,dorian,low,-6,B_N5_s0
single,active,0.004197376644349529,0.016911957918938104,4110456,0.9796875823365127,0.9855558762688219,594929,6045,6290,491682,3790,3416,17253.132012026384,1175.6492804096629,dorian_s041,dorian,mid,0,B_N5_s0
single,land,0.0016167616150188427,0.008187074125449518,3684744,0.9469870966106422,0.9516516884659997,186779,5162,5294,100916,2897,2230,5957.352660370991,246.98169416592404,dorian_s041,dorian,mid,0,B_N5_s0
single,active,0.004694214792871427,0.017376929265551178,4110456,0.9766958526593967,0.9854492479570868,648989,6928,8557,510714,3817,3724,19295.363360647112,1241.1837192747116,dorian_s046,dorian,mid,-6,B_N5_s0
single,land,0.002109192665419475,0.009124389569563709,3684744,0.9467806679196864,0.9568968941928,241288,6012,7551,120436,2911,2514,7771.8350187484175,306.7714641400813,dorian_s046,dorian,mid,-6,B_N5_s0
single,active,0.0046704614163032895,0.017477813163836786,4110456,0.9767419548750451,0.9856270605504023,651566,6967,8548,513011,3767,3714,19197.726151412353,1255.6372429114078,dorian_s049,dorian,high,-6,B_N5_s0
single,land,0.0021189286392610048,0.009148486052883523,3684744,0.946898695518544,0.9575702458605118,243388,6099,7550,122140,2890,2522,7807.709589945152,308.3939012973317,dorian_s049,dorian,high,-6,B_N5_s0
single,active,0.003954502164950982,0.016850405195932214,4110456,0.9846448274313508,0.9866450594532227,570068,4120,4770,492549,3278,3389,16254.807150935754,1167.1070730345798,dorian_s059,dorian,mid,0,B_N5_s0
single,land,0.0012484639772199976,0.007578892533925469,3684744,0.9577384147432456,0.956279096665992,160584,3275,3811,99213,2339,2197,4600.270149277523,211.65026582963318,dorian_s059,dorian,mid,0,B_N5_s0
single,active,0.003996900156231867,0.01704594230947847,4110456,0.9845200387514342,0.9866538022211103,573160,4204,4808,494946,3230,3465,16429.082228584215,1194.3511505383035,dorian_s063,dorian,high,6,B_N5_s0
single,land,0.0012897763935683505,0.00778556995965198,3684744,0.9577388742495291,0.9567038444408646,163192,3339,3862,100960,2282,2287,4752.495827542618,223.3511245481045,dorian_s063,dorian,high,6,B_N5_s0
single,active,0.004335687743789143,0.017189083508845696,4110456,0.9797989959533089,0.9855938932257887,603856,6041,6409,501482,3717,3613,17821.653700584546,1214.4942044563265,dorian_s068,dorian,high,0,B_N5_s0
single,land,0.001683665259604658,0.008454789065217613,3684744,0.9477797236057113,0.9540666307582273,194292,5248,5457,108049,2842,2360,6203.875463336706,263.3982434707533,dorian_s068,dorian,high,0,B_N5_s0
single,active,0.004788628606802447,0.018586939772751797,4110456,0.9698285119464732,0.9814219845193892,618641,7857,11389,459120,4266,4425,19683.44718860276,1420.0570330708924,beryl_s005,beryl,low,0,B_N5_s0
single,land,0.002286732074042677,0.009769959295393139,3684744,0.9323279680422537,0.9405595142724628,223121,6096,10099,89229,2616,3023,8426.02228943631,351.7165698361727,beryl_s005,beryl,low,0,B_N5_s0
single,active,0.00467539901321492,0.01843555856212637,4110456,0.9704252952195845,0.9814613363322772,607133,7627,10876,453813,4116,4456,19218.021926263347,1397.0199387727896,beryl_s006,beryl,low,6,B_N5_s0
single,land,0.00215558907347706,0.009543903822239106,3684744,0.9318117804457275,0.9382056980756989,211730,5887,9607,84006,2497,3036,7942.7939049601555,335.6289610779905,beryl_s006,beryl,low,6,B_N5_s0
single,active,0.005754796795465068,0.01970528676467397,4110456,0.9643353999992206,0.979688392051419,742383,10369,17087,531961,4744,6285,23654.839016700163,1596.0831858615984,beryl_s024,beryl,mid,6,B_N5_s0
single,land,0.0033448591586325077,0.011901997654793717,3684744,0.9339354086674024,0.9524186777973537,346123,8705,15779,161094,3203,4845,12324.949715616181,521.9718006914925,beryl_s024,beryl,mid,6,B_N5_s0
single,active,0.005554691522046691,0.018991371121435428,4110456,0.967778350879578,0.9810631978574555,726127,8990,15186,517606,4414,5577,22832.315094945952,1482.5271142790411,beryl_s037,beryl,low,-6,B_N5_s0
single,land,0.003111995872209142,0.011215192770857273,3684744,0.9384982196627091,0.9522731497463951,327885,7558,13929,143439,3012,4177,11466.908118147403,463.4691228298826,beryl_s037,beryl,low,-6,B_N5_s0
single,active,0.005464875231323628,0.01951632346700922,4110456,0.967648308662893,0.9812988890448169,710459,8817,14936,510455,4395,5333,22463.129183845595,1565.618768077363,beryl_s041,beryl,mid,0,B_N5_s0
single,land,0.003031540210437364,0.01117984689230188,3684744,0.9369651511238958,0.9514403579918892,312045,7279,13714,136075,2959,3986,11170.449601167813,460.55238135463173,beryl_s041,beryl,mid,0,B_N5_s0
single,active,0.005969460493216147,0.019115457665950988,4110456,0.9647596436701049,0.9802081665889493,788746,10523,18288,563357,4703,6672,24537.20470110327,1501.9635892398526,beryl_s046,beryl,mid,-6,B_N5_s0
single,land,0.003624142606842569,0.012216549859254798,3684744,0.9370965068030725,0.9562113013889664,390028,9143,17038,188562,3364,5271,13354.037725707516,549.9262668714225,beryl_s046,beryl,mid,-6,B_N5_s0
single,active,0.0059480883869954485,0.01977997782834466,4110456,0.9647664557402807,0.9802533027015943,789616,10584,18253,564075,4764,6599,24449.355598855764,1608.205727947542,beryl_s049,beryl,high,-6,B_N5_s0
single,land,0.0036139993312476405,0.012224627563889073,3684744,0.9372708503684378,0.9564617391040612,390871,9146,17014,189213,3392,5221,13316.662351818755,550.6537407654267,beryl_s049,beryl,high,-6,B_N5_s0
single,active,0.004829989487697884,0.01824689984337341,4110456,0.9725319574692304,0.9829203241398339,638617,7428,10609,480938,4064,4293,19853.459269644693,1368.5736694101288,beryl_s059,beryl,mid,0,B_N5_s0
single,land,0.0023234446847530416,0.009764075950449255,3684744,0.9390073490338402,0.948000513394085,238552,6037,9458,103406,2687,2985,8561.298861475661,351.293098909365,beryl_s059,beryl,mid,0,B_N5_s0
single,active,0.004689552560497967,0.01838661814984163,4110456,0.9732891015509504,0.9828986737662895,628736,7158,10097,476985,3934,4365,19276.199459614232,1389.6125168045382,beryl_s063,beryl,high,6,B_N5_s0
single,land,0.002215386719509507,0.009618330012599973,3684744,0.9391084530488932,0.9461324780205619,228471,5785,9029,99114,2579,3064,8163.1329223923385,340.88404003058076,beryl_s063,beryl,high,6,B_N5_s0
single,active,0.005504979114480115,0.019219133197641618,4110456,0.9686855746405637,0.981766740018862,719838,8634,14636,521541,4362,5324,22627.974430989474,1518.3000174071926,beryl_s068,beryl,high,0,B_N5_s0
single,land,0.003055122147584773,0.01118996364987534,3684744,0.939001913630872,0.9533722782793415,319440,7280,13471,143616,3032,3992,11257.343002580106,461.38627558584307,beryl_s068,beryl,high,0,B_N5_s0
single,active,0.007016322380657243,0.02235425484057698,4110456,0.9730425119671757,0.9852080047446267,1024497,8301,20082,760819,4274,7149,28840.28442750685,2054.0471049478797,irma_s005,irma,low,0,B_N5_s1
single,land,0.004174096954740367,0.013131233204728959,3684744,0.9569566778815257,0.9728315457309648,607545,7877,19450,355460,3675,6252,15380.478709397838,635.3577750855758,irma_s005,irma,low,0,B_N5_s1
single,active,0.007002974645004295,0.02237072370282252,4110456,0.9721658300942637,0.9850951739747774,1009462,7600,21302,752065,3900,7479,28785.419147405773,2057.074741512003,irma_s006,irma,low,6,B_N5_s1
single,land,0.004167657185460629,0.013144480373626345,3684744,0.9551384125428711,0.9721667750689663,592629,7165,20670,346768,3350,6578,15356.74980818294,636.6403564131496,irma_s006,irma,low,6,B_N5_s1
single,active,0.008102684896027185,0.023506234847980638,4110456,0.9676818971361152,0.9841816739341808,1122002,9094,28378,824946,5107,8152,33305.72974698432,2271.204004996792,irma_s024,irma,mid,6,B_N5_s1
single,land,0.005298007468944943,0.014810427696426544,3684744,0.950872763127191,0.9725830261728579,704959,8660,27762,419016,4539,7273,19521.801233150065,808.244058825975,irma_s024,irma,mid,6,B_N5_s1
single,active,0.007848513394798987,0.022995781414388582,4110456,0.9711481903270268,0.9846048320406584,1111146,9178,23833,816775,5554,7217,32260.968974731863,2173.633642866838,irma_s037,irma,low,-6,B_N5_s1
single,land,0.004921472048134116,0.014751299562829502,3684744,0.9557728202673303,0.972640856542864,692812,8872,23187,408977,5103,6401,18134.364600529894,801.8033851350194,irma_s037,irma,low,-6,B_N5_s1
single,active,0.007757807614414753,0.023045511139996176,4110456,0.9712008389217388,0.9845224958680076,1102109,8840,23841,817260,5285,7563,31888.126855516806,2183.0450286083255,irma_s041,irma,mid,0,B_N5_s1
single,land,0.004848324075834093,0.014256595399274794,3684744,0.9555871842336322,0.9724081263248148,683478,8490,23276,408285,4825,6760,17864.83304848522,748.9261059840577,irma_s041,irma,mid,0,B_N5_s1
single,active,0.008364094439521219,0.023353818451988913,4110456,0.9689685756776029,0.983783496568764,1159118,10114,27007,851684,6106,7933,34380.242173496634,2241.8461399269095,irma_s046,irma,mid,-6,B_N5_s1
single,land,0.005467397774549396,0.015554891084658263,3684744,0.9534205946263247,0.9719633130442022,740640,9813,26371,443606,5664,7132,20145.961145384237,891.5408956888324,irma_s046,irma,mid,-6,B_N5_s1
single,active,0.008393075235213413,0.02396383075617269,4110456,0.9690073757164377,0.9839720442100067,1166900,9778,27544,861070,5773,8253,34499.36645903438,2360.4917732622425,irma_s049,irma,high,-6,B_N5_s1
single,land,0.005506913264660873,0.01529873411311738,3684744,0.9535745470073486,0.9725047891689447,748084,9452,26969,451816,5311,7463,20291.565610479563,862.4189961103706,irma_s049,irma,high,-6,B_N5_s1
single,active,0.007556047186349953,0.023479715431897953,4110456,0.9730874182321851,0.9852449771059882,1056626,7920,21303,793136,4230,7648,31058.79949341528,2266.082212544311,irma_s059,irma,mid,0,B_N5_s1
single,land,0.004490533045998974,0.01409013931987722,3684744,0.9572829573776603,0.9726208887382831,636821,7617,20800,381743,3832,6914,16546.464698046446,731.5396918086623,irma_s059,irma,mid,0,B_N5_s1
single,active,0.007772923770753475,0.024036090027421103,4110456,0.9708692487098285,0.9844790345592898,1046932,7097,24316,794892,3565,8967,31950.261151036248,2374.7486403763164,irma_s063,irma,high,6,B_N5_s1
single,land,0.004655461355031651,0.014483744613304976,3684744,0.9534265279188435,0.9709333901823738,627061,6779,23852,382573,3181,8272,17154.183295184746,772.9813884287257,irma_s063,irma,high,6,B_N5_s1
single,active,0.008040949790212118,0.0238692907566295,4110456,0.9710420596797101,0.9849632555446229,1116476,8737,24558,836876,5040,7736,33051.970310876146,2341.9037022595694,irma_s068,irma,high,0,B_N5_s1
single,land,0.005018606265402797,0.014826879236887606,3684744,0.9554439963788989,0.9733021763360927,696576,8416,24068,425262,4630,7035,18492.279324805364,810.0406639257782,irma_s068,irma,high,0,B_N5_s1
single,active,0.004212656354264967,0.022290699252133516,4110456,0.985742611317983,0.9879552300454348,558298,3042,5033,490337,2254,3724,17315.938587326556,2042.3839477672161,ian_s005,ian,low,0,B_N5_s1
single,land,0.0011105744529867165,0.007822597891927179,3684744,0.9573363268146339,0.9583509100449621,145832,2341,4158,93145,1473,2575,4092.1825521960855,225.48067879714594,ian_s005,ian,low,0,B_N5_s1
single,active,0.0042243923481477185,0.022314000710731367,4110456,0.9857393787529113,0.9879897855736344,557824,3042,5028,490202,2227,3732,17364.17887379788,2046.6561689933565,ian_s006,ian,low,6,B_N5_s1
single,land,0.0011142024952720685,0.007838669580641925,3684744,0.9573299618735307,0.9584548330259348,145383,2341,4139,93019,1450,2582,4105.5509592387825,226.40813997401932,ian_s006,ian,low,6,B_N5_s1
single,active,0.0045365908245513335,0.022521447548111986,4110456,0.9822572973617963,0.9872641425880695,592697,4115,6591,501622,2543,3928,18647.456974321976,2084.8874049257433,ian_s024,ian,mid,6,B_N5_s1
single,land,0.001435193176845185,0.008411055974231085,3684744,0.9519239910006021,0.9582728792080663,180243,3411,5692,104354,1773,2771,5288.319447221234,260.6803927462484,ian_s024,ian,mid,6,B_N5_s1
single,active,0.004408847868576551,0.020693783164652067,4110456,0.9848482288579741,0.9883489222068604,582910,3508,5460,505411,2398,3560,18122.375174477696,1760.231513539489,ian_s037,ian,low,-6,B_N5_s1
single,land,0.0012704431752485752,0.007792962298171499,3684744,0.957165236767542,0.9615363576690249,169245,2941,4633,105469,1679,2540,4681.257867338136,223.77546624104866,ian_s037,ian,low,-6,B_N5_s1
single,active,0.004462535433543069,0.02173787282633079,4110456,0.984980896237912,0.988081997410649,585974,3383,5552,509047,2402,3738,18343.055548019707,1942.3347987188793,ian_s041,ian,mid,0,B_N5_s1
single,land,0.001327006619958461,0.008290441381644678,3684744,0.957924927600802,0.9609033081134717,172005,2765,4790,108461,1687,2726,4889.6796808522195,253.25768120157744,ian_s041,ian,mid,0,B_N5_s1
single,active,0.004582566302019197,0.020775337527845304,4110456,0.9828623053587184,0.9879396694533267,604880,4116,6431,512879,2632,3629,18836.43715153262,1774.1330252972627,ian_s046,ian,mid,-6,B_N5_s1
single,land,0.0014583925476560585,0.008112691244975689,3684744,0.9543859649122807,0.9614261263485954,191216,3548,5591,112907,1926,2604,5373.803189620376,242.51422395142018,ian_s046,ian,mid,-6,B_N5_s1
single,active,0.004650998676735505,0.021864367814161786,4110456,0.982606970438463,0.9876292008177145,609178,4117,6666,516935,2614,3861,19117.725416779518,1965.0058745066806,ian_s049,ian,high,-6,B_N5_s1
single,land,0.00152775639558126,0.008611671900124256,3684744,0.9540002932407996,0.960819940205811,195198,3517,5895,116338,1905,2839,5629.391212079674,273.2639052046248,ian_s049,ian,high,-6,B_N5_s1
single,active,0.004557832302431041,0.02161233167777221,4110456,0.9867605133367736,0.9884898578822485,583210,3037,4788,516997,2389,3631,18734.769134521484,1919.964733414179,ian_s059,ian,mid,0,B_N5_s1
single,land,0.0013033964120972906,0.00841816402813182,3684744,0.9623700516646546,0.9628468848996832,168204,2522,4055,113977,1692,2706,4802.682109097019,261.1211728883877,ian_s059,ian,mid,0,B_N5_s1
single,active,0.004693311922692044,0.022801659767783936,4110456,0.986065773038587,0.9880924421952181,588134,3072,5239,521697,2404,3883,19291.652152501047,2137.090559915145,ian_s063,ian,high,6,B_N5_s1
single,land,0.0014136152000239534,0.00927157635135066,3684744,0.9603424140076438,0.9618700400466531,172877,2589,4550,117932,1753,2922,5208.810126597062,316.74843551865996,ian_s063,ian,high,6,B_N5_s1
single,active,0.004682393345324583,0.021689249409592833,4110456,0.9852737618559746,0.9882859766893587,597203,3362,5564,521899,2456,3730,19246.771820649505,1933.6552623349776,ian_s068,ian,high,0,B_N5_s1
single,land,0.001438805867408409,0.008652069358776802,3684744,0.959602450187767,0.9629719656457625,182193,2840,4830,118850,1759,2811,5301.631287097931,275.8336872109037,ian_s068,ian,high,0,B_N5_s1
single,active,0.00459599310103962,0.0190851280961072,4110456,0.9812983360674947,0.9874620856312466,628080,5329,6641,514054,2752,3775,18891.62741812691,1497.2011847723986,milton_s005,milton,low,0,B_N5_s1
single,land,0.00164893853083365,0.008331158784014456,3684744,0.9506883841942653,0.9559808612440192,210471,4869,6048,109890,2117,2943,6075.9163578581065,255.75147313132842,milton_s005,milton,low,0,B_N5_s1
single,active,0.004588313314824442,0.019052372822784113,4110456,0.981534819181712,0.9879256501572993,626018,5279,6498,513749,2551,3728,18860.059994800016,1492.0663856001122,milton_s006,milton,low,6,B_N5_s1
single,land,0.0016402550877933453,0.008335356846465103,3684744,0.9510675872391495,0.9579877467903058,208416,4816,5907,109612,1913,2894,6043.920093216002,256.00928388542616,milton_s006,milton,low,6,B_N5_s1
single,active,0.005698481902604172,0.01975204054844832,4110456,0.976530989802977,0.9867534940279522,849830,6678,13746,616716,3234,5045,23423.359127450734,1603.6660702074737,milton_s024,milton,mid,6,B_N5_s1
single,land,0.002924941139343797,0.010392356624261738,3684744,0.9570917627257527,0.9689623407302013,432170,6233,13142,212476,2617,4189,10777.659313550219,397.956317543,milton_s024,milton,mid,6,B_N5_s1
single,active,0.005387350895072864,0.019795752742765443,4110456,0.9765954941911437,0.9866823069010017,779749,7443,11244,587963,3429,4507,22144.468810757622,1610.7719010955734,milton_s037,milton,low,-6,B_N5_s1
single,land,0.002480511929768428,0.00960948357374365,3684744,0.9530525354428809,0.9651448522160924,361063,7088,10698,181066,2841,3698,9140.051450142637,340.2572736349849,milton_s037,milton,low,-6,B_N5_s1
single,active,0.005429626176770519,0.01963919941251441,4110456,0.976877987149124,0.9864518871302969,776280,7007,11367,589478,3279,4817,22318.23949606344,1585.3952895081468,milton_s041,milton,mid,0,B_N5_s1
single,land,0.0025208573034615172,0.009859997648327954,3684744,0.9531976697619035,0.9639896992062017,357024,6626,10904,181553,2728,4054,9288.713823786005,358.2291669025178,milton_s041,milton,mid,0,B_N5_s1
single,active,0.005789395817947052,0.019888233832038783,4110456,0.9768258168648752,0.9869136318269387,876329,7129,13661,637788,3608,4849,23797.05677625537,1625.8573498580727,milton_s046,milton,mid,-6,B_N5_s1
single,land,0.002988150557727264,0.010391911313420012,3684744,0.9583371727748691,0.9702075968946632,457606,6766,13128,230825,3039,4049,11010.56983868219,397.92221354285056,milton_s046,milton,mid,-6,B_N5_s1
single,active,0.005829989927997892,0.019743437646394617,4110456,0.9767608373502455,0.9865659251712058,881260,7083,13884,642946,3549,5206,23963.917079478502,1602.269437017491,milton_s049,milton,high,-6,B_N5_s1
single,land,0.003040288276820778,0.010601258449584651,3684744,0.9582526124526565,0.9692437806840216,461987,6713,13414,234935,3006,4449,11202.683986285701,414.11614744410656,milton_s049,milton,high,-6,B_N5_s1
single,active,0.004810642464432078,0.018967604546501756,4110456,0.981920292083359,0.9884164792383636,654606,5319,6734,547133,2701,3711,19773.934181779623,1478.8188465056062,milton_s059,milton,mid,0,B_N5_s1
single,land,0.0018205283881716989,0.008801551717118489,3684744,0.9538407013312911,0.9629627010783101,234145,4987,6344,136187,2230,3008,6708.181055145338,285.4472154062426,milton_s059,milton,mid,0,B_N5_s1
single,active,0.004917634204034314,0.018929230500891753,4110456,0.9821976773485572,0.9890381857392697,658759,5271,6669,553084,2446,3684,20213.719019778073,1472.841195822625,milton_s063,milton,high,6,B_N5_s1
single,land,0.0018979357116161734,0.009302998976355647,3684744,0.9545810241942927,0.9653969296445284,237873,4980,6338,141114,2002,3056,6993.407225763425,318.8990802585352,milton_s063,milton,high,6,B_N5_s1
single,active,0.005609822796150819,0.019847615717314755,4110456,0.9771268395929474,0.9870554969650862,788514,7014,11444,604609,3259,4670,23058.92977137491,1619.2230932110867,milton_s068,milton,high,0,B_N5_s1
single,land,0.002628218156334312,0.010147605228329689,3684744,0.9540254912786854,0.966307385229541,368043,6692,11044,193648,2797,3955,9684.31108224392,379.43243022471984,milton_s068,milton,high,0,B_N5_s1
single,active,0.004132966965414611,0.01735380232687777,4110456,0.9833386357055789,0.98636720590545,550176,3339,5983,471015,2617,3893,16988.378860790282,1237.8821373050027,dorian_s005,dorian,low,0,B_N5_s1
single,land,0.0011359752484820032,0.007235566551207595,3684744,0.952720519717407,0.9529308597264455,144159,2447,4707,83674,1685,2448,4185.7779809925705,192.90896244660698,dorian_s005,dorian,low,0,B_N5_s1
single,active,0.004154759728822881,0.01742754963800585,4110456,0.9833486603037419,0.9862630629724821,550690,3323,6002,470841,2578,3980,17077.957055898383,1248.4255851287905,dorian_s006,dorian,low,6,B_N5_s1
single,land,0.0011535381817057888,0.0072760356950483775,3684744,0.9530127069239231,0.9525509971249942,144674,2425,4708,83493,1654,2505,4250.492893811315,195.07290986222128,dorian_s006,dorian,low,6,B_N5_s1
single,active,0.0052070202935656455,0.018502260828420068,4110456,0.97242079041231,0.9851361129048571,652683,5904,12607,506490,2937,4705,21403.227807808667,1407.1474293324961,dorian_s024,dorian,mid,6,B_N5_s1
single,land,0.002292517602665659,0.009505001663171364,3684744,0.9379473850451143,0.957642428543777,246471,5037,11269,118740,2025,3227,8447.34048131667,332.89840529874715,dorian_s024,dorian,mid,6,B_N5_s1
single,active,0.00462246813443072,0.01768802482642671,4110456,0.979233912931436,0.985319615531001,592791,4614,7957,489291,2992,4298,19000.45187797956,1286.0228404871327,dorian_s037,dorian,low,-6,B_N5_s1
single,land,0.0016338143697330189,0.008258019074601206,3684744,0.946311190952517,0.9523048202575272,185424,3836,6684,99473,2208,2774,6020.187695987523,251.28067136038567,dorian_s037,dorian,low,-6,B_N5_s1
single,active,0.004601183886364707,0.01764341557174816,4110456,0.9791709651275838,0.9851093812102794,593218,4618,8001,490748,3068,4350,18912.96391281113,1279.544312875281,dorian_s041,dorian,mid,0,B_N5_s1
single,land,0.0016293825793331548,0.008262422200271994,3684744,0.9459295323249025,0.9513918528003035,185353,3875,6720,100310,2289,2836,6003.857682902366,251.5487054574149,dorian_s041,dorian,mid,0,B_N5_s1
single,active,0.005096716724129088,0.01817489986476882,4110456,0.9756837300539439,0.9850280771861751,646610,5179,10936,509754,3064,4684,20949.829838996753,1357.7945378430788,dorian_s046,dorian,mid,-6,B_N5_s1
single,land,0.0021437613521290535,0.009222193852896897,3684744,0.9443597681360858,0.9565918709574384,239161,4413,9678,119794,2280,3156,7899.211779689416,313.3832746035865,dorian_s046,dorian,mid,-6,B_N5_s1
single,active,0.005092540576337948,0.018193189311605074,4110456,0.9756490871601272,0.9852139598689362,649193,5282,10921,512062,3022,4663,20932.663967251778,1360.5286168322948,dorian_s049,dorian,high,-6,B_N5_s1
single,land,0.002148487526746112,0.00923273566038115,3684744,0.9443392017033668,0.9574654145526739,241273,4556,9665,121533,2270,3129,7916.626523252577,314.1001353365454,dorian_s049,dorian,high,-6,B_N5_s1
single,active,0.004280710678840365,0.017401073480277692,4110456,0.9838880153058664,0.9861787655945116,568765,3241,6073,491761,2715,4177,17595.672894103453,1244.6352180687263,dorian_s059,dorian,mid,0,B_N5_s1
single,land,0.00124813325722891,0.007637106253527487,3684744,0.9553851683239487,0.9555146880898224,159492,2545,4903,98719,1905,2691,4599.051530774683,214.91413795312545,dorian_s059,dorian,mid,0,B_N5_s1
single,active,0.004317468806811826,0.01746783930652292,4110456,0.983893000801737,0.9861698454734683,571876,3270,6092,494149,2668,4262,17746.76556177251,1254.204572445242,dorian_s063,dorian,high,6,B_N5_s1
single,land,0.0012905459245261348,0.007853856808426669,3684744,0.9560057306928125,0.9555959392215255,162151,2559,4903,100436,1856,2811,4755.331352122128,227.2863101722973,dorian_s063,dorian,high,6,B_N5_s1
single,active,0.00470647433364056,0.017805781190066785,4110456,0.9794313989576624,0.9853034942575785,602127,4507,8138,500680,3053,4415,19345.75566355884,1303.202990875651,dorian_s068,dorian,high,0,B_N5_s1
single,land,0.0016948473227685918,0.008524384617560256,3684744,0.9469005687119999,0.9541505834331603,192806,3869,6943,107528,2286,2881,6245.078503487632,267.75241322926513,dorian_s068,dorian,high,0,B_N5_s1
single,active,0.0052082697888186065,0.019423928703464478,4110456,0.967808644644865,0.9809345498090242,615415,5855,14615,457913,3268,5632,21408.363803068176,1550.829859586447,beryl_s005,beryl,low,0,B_N5_s1
single,land,0.002347114363240825,0.009952676145182394,3684744,0.9268314236059972,0.9388309730567528,220255,4423,12965,88436,1946,3816,8648.515567265451,364.99512635631527,beryl_s005,beryl,low,0,B_N5_s1
single,active,0.005088393144725417,0.01925323224919024,4110456,0.968366821721834,0.9810033178097688,603921,5640,14088,452683,3180,5586,20915.616132095456,1523.6924061397058,beryl_s006,beryl,low,6,B_N5_s1
single,land,0.0022127503726709825,0.009720799021450911,3684744,0.9259702551144802,0.9368039775922968,208885,4248,12452,83280,1856,3762,8153.418659197167,348.18595492589446,beryl_s006,beryl,low,6,B_N5_s1
single,active,0.006206049668324073,0.02047242921957696,4110456,0.9627317861377881,0.9786204605845882,738810,7940,20660,530334,3674,7912,25509.694095460698,1722.7757908822355,beryl_s024,beryl,mid,6,B_N5_s1
single,land,0.0034459066548127694,0.012147396416512569,3684744,0.930613186425499,0.9497187791391731,342917,6583,18985,159907,2434,6032,12697.283870881423,543.7180231287772,beryl_s024,beryl,mid,6,B_N5_s1
single,active,0.005994033682542422,0.01990806592945747,4110456,0.9659256803366791,0.9800870042400801,722524,6699,18789,516154,3458,7029,24638.211714608595,1629.1015029787877,beryl_s037,beryl,low,-6,B_N5_s1
single,land,0.0031811814370988544,0.011395898551955589,3684744,0.93452235313082,0.9499676500603643,324654,5587,17160,142422,2307,5194,11721.83921326138,478.5248207018435,beryl_s037,beryl,low,-6,B_N5_s1
single,active,0.005897794890828416,0.020321476430304956,4110456,0.9658445889178655,0.9804154588441499,707005,6612,18390,509017,3397,6771,24242.626395775005,1697.4637925599418,beryl_s041,beryl,mid,0,B_N5_s1
single,land,0.0031028563195884197,0.01136258550209579,3684744,0.9329699531934169,0.949147896974595,308953,5391,16806,135059,2234,5002,11433.231206465513,475.73121540521305,beryl_s041,beryl,mid,0,B_N5_s1
single,active,0.006459087395867322,0.020066129886860483,4110456,0.963214867677085,0.979002743622907,784997,7942,22037,561648,3665,8381,26549.79454086721,1655.073335298719,beryl_s046,beryl,mid,-6,B_N5_s1
single,land,0.0037219622992425297,0.012445946111001513,3684744,0.9341170388301432,0.9535771745107223,386660,6865,20406,187294,2579,6539,13714.478250360116,570.7726475903623,beryl_s046,beryl,mid,-6,B_N5_s1
single,active,0.00642275877634286,0.020640846991587504,4110456,0.9632042961205503,0.979170583933981,785967,8123,21902,562416,3706,8258,26400.46734877117,1751.2374365402472,beryl_s049,beryl,high,-6,B_N5_s1
single,land,0.0037098881352565505,0.012450180573409863,3684744,0.9342005992281864,0.9539246288542064,387569,6982,20316,187947,2591,6487,13669.988047057763,571.1610996131824,beryl_s049,beryl,high,-6,B_N5_s1
single,active,0.005257855717970471,0.019141098031572816,4110456,0.9706876011852033,0.9822451891874185,635548,5514,13678,479759,3200,5472,21612.18458306603,1505.9955851661311,beryl_s059,beryl,mid,0,B_N5_s1
single,land,0.0023766497413422938,0.00992165998628877,3684744,0.9342946241416339,0.9457433665849206,235787,4359,12223,102581,2075,3810,8757.345874512568,362.7237559455426,beryl_s059,beryl,mid,0,B_N5_s1
single,active,0.005141284070123352,0.01933337320942473,4110456,0.9716120258450723,0.9822766258295575,625860,5313,12973,475859,3095,5491,21133.02195374295,1536.4034471514092,beryl_s063,beryl,high,6,B_N5_s1
single,land,0.0022664395236592113,0.009783145808573705,3684744,0.9346929318256106,0.9445762077143927,225905,4189,11595,98371,1965,3807,8351.249436166137,352.6666341999024,beryl_s063,beryl,high,6,B_N5_s1
single,active,0.005932789084808689,0.020049407376786316,4110456,0.967203666861923,0.9809631219423877,716607,6432,17867,520140,3369,6725,24386.46849038638,1652.31590792266,beryl_s068,beryl,high,0,B_N5_s1
single,land,0.003122002058282933,0.011358670965562983,3684744,0.9357128497433835,0.9513036400512382,316503,5337,16408,142589,2280,5019,11503.778352245688,475.4034825249955,beryl_s068,beryl,high,0,B_N5_s1
single,active,0.007250363430250494,0.022729835152533646,4110456,0.9713740203974129,0.9846646120987955,1021596,7123,22983,759781,3646,8187,29802.299864053726,2123.6482092173296,irma_s005,irma,low,0,B_N5_s2
single,land,0.004276811384707341,0.013147277132217902,3684744,0.954219107009859,0.971878974606377,604723,6741,22272,354557,3104,7155,15758.955088932067,636.9113018987133,irma_s005,irma,low,0,B_N5_s2
single,active,0.007274782027868845,0.022863546969922165,4110456,0.9707149109108646,0.9845327852521418,1007008,6624,23756,751104,3360,8440,29902.67143514566,2148.707086240091,irma_s006,irma,low,6,B_N5_s2
single,land,0.004292850269572575,0.01323656148864383,3684744,0.9527442124734876,0.9712332612784593,590246,6223,23053,345963,2864,7383,15818.05427370593,645.5913208777905,irma_s006,irma,low,6,B_N5_s2
single,active,0.008509569875081108,0.02430782534761599,4110456,0.96562504586752,0.9830680477752786,1118413,7847,31967,823406,4490,9692,34978.21255044639,2428.7466704552794,irma_s024,irma,mid,6,B_N5_s2
single,land,0.00554959342959048,0.01522276963112893,3684744,0.9476590311881489,0.9706176294223466,701443,7464,31278,417616,3969,8673,20448.831092122942,853.87573209322,irma_s024,irma,mid,6,B_N5_s2
single,active,0.007957055373616606,0.022434017627349576,4110456,0.9694254108457684,0.9842937118128423,1108061,8029,26918,815634,4657,8358,32707.12600281462,2068.73145180338,irma_s037,irma,low,-6,B_N5_s2
single,land,0.005021119226591497,0.014647730505354756,3684744,0.9530827932014541,0.9721359056724271,689787,7744,26212,407951,4266,7427,18501.53894346766,790.5839666700955,irma_s037,irma,low,-6,B_N5_s2
single,active,0.007994018576011473,0.023393831591450524,4110456,0.9697408386639742,0.9841054283236709,1099241,7591,26709,815972,4328,8851,32859.061619877815,2249.534831073378,irma_s041,irma,mid,0,B_N5_s2
single,land,0.004967490882460502,0.014307255796975605,3684744,0.9532735410936266,0.9717585056258623,680664,7274,26090,407126,3913,7919,18303.93222420104,754.2581371242186,irma_s041,irma,mid,0,B_N5_s2
single,active,0.008530088671992921,0.022934727699895636,4110456,0.9668923725905404,0.9831408506243979,1155214,8645,30911,850174,5136,9443,35062.55416232534,2162.106986277969,irma_s046,irma,mid,-6,B_N5_s2
single,land,0.005625950738783518,0.015620989915610957,3684744,0.950254973728807,0.9708300494178963,736803,8363,30208,442216,4765,8522,20730.188229028136,899.1340081787953,irma_s046,irma,mid,-6,B_N5_s2
single,active,0.008682515959673995,0.024215959927723678,4110456,0.9667817503302455,0.9831163394027577,1162935,8449,31509,859458,4895,9865,35689.09982153773,2410.4236637569393,irma_s049,irma,high,-6,B_N5_s2
single,land,0.005696747025522108,0.015525486709145725,3684744,0.9501689210756812,0.9710133989986329,744178,8153,30875,450323,4487,8956,20991.054421810433,888.1734114645318,irma_s049,irma,high,-6,B_N5_s2
single,active,0.007740479514433755,0.02368422838827502,4110456,0.9720902919387728,0.9845960104524852,1054473,6819,23456,792011,3618,8773,31816.900462981313,2305.730181429669,irma_s059,irma,mid,0,B_N5_s2
single,land,0.0045625842438500736,0.0140435203595315,3684744,0.9556459930229652,0.9715599420278022,634720,6558,22901,380766,3255,7891,16811.954917021096,726.7069217275949,irma_s059,irma,mid,0,B_N5_s2
single,active,0.008118269713957375,0.024728508605370375,4110456,0.9698281102522244,0.9838139659377044,1044983,6245,26265,793930,3133,9929,33369.79045535438,2513.540300153411,irma_s063,irma,high,6,B_N5_s2
single,land,0.004792488990086352,0.01467176702131243,3684744,0.9517267627290235,0.9698316926008257,625156,5952,25757,381750,2780,9095,17659.095051286742,793.1807478881005,irma_s063,irma,high,6,B_N5_s2
single,active,0.00825643718405291,0.02411243517965985,4110456,0.9698061923380634,0.9843474286575871,1113932,7579,27102,835646,4322,8966,33937.72176181339,2389.8582922512683,irma_s068,irma,high,0,B_N5_s2
single,land,0.005128994838832764,0.014856303913692078,3684744,0.9534937392248041,0.9723021343608952,694091,7301,26553,424160,3946,8137,18899.032958419994,813.258985921406,irma_s068,irma,high,0,B_N5_s2
single,active,0.004318124091675987,0.02286299154815157,4110456,0.9853841927385603,0.9877621214473358,557758,2700,5573,489931,1940,4130,17749.45908137411,2148.6026908722274,ian_s005,ian,low,0,B_N5_s2
single,land,0.0011063150365218126,0.00770286053060193,3684744,0.9561817703538077,0.9576626831506553,145397,2070,4593,92877,1263,2843,4076.4876929335296,218.6308228846895,ian_s005,ian,low,0,B_N5_s2
single,active,0.004330892568992573,0.022889306464050248,4110456,0.9854232457148515,0.9878348099491571,557314,2706,5538,489809,1907,4125,17801.943345570937,2153.551547845208,ian_s006,ian,low,6,B_N5_s2
single,land,0.0011101907878836351,0.0077194133650504175,3684744,0.956322688321712,0.9580114833326449,144968,2067,4554,92770,1235,2831,4090.7688445094973,219.5714729796812,ian_s006,ian,low,6,B_N5_s2
single,active,0.004647498398881474,0.02309697137310142,4110456,0.9815243030558385,0.987060433879211,591708,3558,7580,501175,2195,4375,19103.337678672746,2192.8053183260454,ian_s024,ian,mid,6,B_N5_s2
single,land,0.0014379845307657287,0.008318315014609947,3684744,0.9497034526583351,0.9576465391093073,179342,2905,6593,104055,1532,3070,5298.604871831834,254.96352009686257,ian_s024,ian,mid,6,B_N5_s2
single,active,0.004456244282404515,0.020671191360465465,4110456,0.984551532928159,0.9880189958497942,582377,3145,5993,504936,2088,4035,18317.196048075333,1756.3902537500674,ian_s037,ian,low,-6,B_N5_s2
single,land,0.0012683811184011353,0.007688931742183825,3684744,0.956248088013687,0.9602400394585411,168795,2640,5083,105129,1473,2880,4673.659715741873,217.8408542371579,ian_s037,ian,low,-6,B_N5_s2
single,active,0.004569937677552021,0.022216422526292353,4110456,0.9845375302093337,0.9877058254576813,585407,3075,6119,508548,2093,4237,18784.52774631977,2028.795424412363,ian_s041,ian,mid,0,B_N5_s2
single,land,0.0013278798115097918,0.008203834163312997,3684744,0.9565239213236894,0.9596921656695485,171521,2522,5274,108117,1471,3070,4892.897168181837,247.99393845702167,ian_s041,ian,mid,0,B_N5_s2
single,active,0.004635757788787169,0.020766460853003862,4110456,0.9822149943080176,0.9876732634143615,603964,3589,7347,512396,2283,4112,19055.078417466953,1772.617282165635,ian_s046,ian,mid,-6,B_N5_s2
single,land,0.001459928034793513,0.008025673577388074,3684744,0.9524052507303798,0.960584028808902,190382,3089,6425,112567,1675,2944,5379.461066637188,237.3396536986321,ian_s046,ian,mid,-6,B_N5_s2
single,active,0.0047659565618142375,0.022349120170935995,4110456,0.9817153391306593,0.9872547782633464,608154,3637,7690,516431,2302,4365,19590.254745248705,2053.103602952017,ian_s049,ian,high,-6,B_N5_s2
single,land,0.0015347942030889145,0.008546056218205514,3684744,0.9513627347748366,0.9596097512536617,194254,3092,6839,115965,1669,3212,5655.323731066659,269.11556134054433,ian_s049,ian,high,-6,B_N5_s2
single,active,0.004663307695459465,0.021984714036862595,4110456,0.9863986567911933,0.9882344838668947,582788,2826,5210,516564,2086,4064,19168.32109664753,1986.6970441805663,ian_s059,ian,mid,0,B_N5_s2
single,land,0.0013044293681400902,0.008349974175074396,3684744,0.9614571698599536,0.9620234951587785,167856,2326,4403,113665,1469,3018,4806.488287677988,256.90797439985494,ian_s059,ian,mid,0,B_N5_s2
single,active,0.004844429424118301,0.02374298238282449,4110456,0.9858729200214708,0.9876523792288612,587738,2787,5635,521197,2133,4383,19912.813992943615,2317.1841236127475,ian_s063,ian,high,6,B_N5_s2
single,land,0.0014220291065546052,0.009255723158094167,3684744,0.9598571412677044,0.960445377533432,172542,2331,4885,117571,1559,3283,5239.813218202442,315.66616408238735,ian_s063,ian,high,6,B_N5_s2
single,active,0.004790131066496814,0.022059641188258813,4110456,0.9849039786747654,0.9879878741947707,596709,3088,6058,521460,2171,4169,19689.622983068228,2000.262034310744,ian_s068,ian,high,0,B_N5_s2
single,land,0.0014439368959020184,0.008594830205123902,3684744,0.9586370204731718,0.9621675148740676,181771,2591,5252,118540,1540,3121,5320.537813553587,272.1961155461427,ian_s068,ian,high,0,B_N5_s2
single,active,0.0047440248683753555,0.019109160988188316,4110456,0.9809736858149143,0.9874380216133702,627522,4972,7199,513607,2312,4222,19500.10548436269,1500.9742513693225,milton_s005,milton,low,0,B_N5_s2
single,land,0.001660321352294762,0.008268906169371358,3684744,0.9498479968151714,0.9562728518198557,209962,4529,6557,109586,1764,3247,6117.859140940011,251.94366809037766,milton_s005,milton,low,0,B_N5_s2
single,active,0.004740926377502266,0.01911257032730635,4110456,0.9813772868484639,0.9879535463804824,625471,4824,7045,513313,2095,4164,19487.369273962453,1501.5098883588096,milton_s006,milton,low,6,B_N5_s2
single,land,0.001651872685682655,0.008278333626538294,3684744,0.9507137566185951,0.9584571814363749,207923,4379,6400,109313,1545,3193,6086.727967333049,252.51848223817822,milton_s006,milton,low,6,B_N5_s2
single,active,0.005876368985547214,0.01993995278906657,4110456,0.9752972520292282,0.9865194410507758,847822,5720,15754,616110,2768,5651,24154.55615485646,1634.3243641991942,milton_s024,milton,mid,6,B_N5_s2
single,land,0.0029831779400708637,0.01041685411170636,3684744,0.9547472048504001,0.9684451936826428,430211,5290,15101,211982,2224,4683,10992.247015608475,399.83470194166034,milton_s024,milton,mid,6,B_N5_s2
single,active,0.005498346492520801,0.019656255371588775,4110456,0.9760686097569234,0.9863793529059116,778240,6328,12753,587382,3023,5088,22600.71133026108,1588.1502061871988,milton_s037,milton,low,-6,B_N5_s2
single,land,0.0025006117728770586,0.009568374647439388,3684744,0.951946800512511,0.9641712943186672,359596,5987,12165,180570,2516,4194,9214.114226438105,337.3522908848998,milton_s037,milton,low,-6,B_N5_s2
single,active,0.005573857957297183,0.019731186248759518,4110456,0.9760714618642466,0.9862505839859743,774827,6175,12820,588978,2894,5317,22911.09788371995,1600.2815411072202,milton_s041,milton,mid,0,B_N5_s2
single,land,0.0025487860448464507,0.00985669334605491,3684744,0.9515195136700041,0.9633959534497798,355619,5810,12309,181130,2405,4477,9391.62408603169,357.9891061740793,milton_s041,milton,mid,0,B_N5_s2
single,active,0.005901004161998551,0.019767935315695685,4110456,0.9759680466756021,0.9867173175083007,874523,6067,15467,637151,3091,5486,24255.817963711917,1606.2480976107129,milton_s046,milton,mid,-6,B_N5_s2
single,land,0.0030249687930360295,0.010376216469863699,3684744,0.9567423937134798,0.9696788484700453,455838,5714,14896,230258,2584,4616,11146.235610326752,396.7211619633327,milton_s046,milton,mid,-6,B_N5_s2
single,active,0.005977037994831084,0.019860854696174022,4110456,0.9757948554082122,0.9863083320026041,879480,6152,15664,642355,3120,5797,24568.3516880814,1621.3839582874934,milton_s049,milton,high,-6,B_N5_s2
single,land,0.003083914906806237,0.010604607203203026,3684744,0.9564781871383919,0.9686822064189287,460242,5783,15159,234424,2619,4960,11363.436949364841,414.3778129779738,milton_s049,milton,high,-6,B_N5_s2
single,active,0.004928826880538045,0.018968925077662874,4110456,0.9817150952513874,0.9882863128819828,654158,5002,7182,546719,2355,4125,20259.726024068892,1479.0247654282512,milton_s059,milton,mid,0,B_N5_s2
single,land,0.001825445698749813,0.008768522565999295,3684744,0.9533559565373446,0.9625549100184214,233740,4687,6749,135855,1945,3340,6726.300085794181,283.30886767584167,milton_s059,milton,mid,0,B_N5_s2
single,active,0.005074333770405549,0.019215501008219386,4110456,0.9819678048722278,0.9887479625922089,658323,4984,7105,552632,2153,4136,20857.82569256611,1517.7261900556002,milton_s063,milton,high,6,B_N5_s2
single,land,0.0019088006977721222,0.0093143578591102,3684744,0.9539693316353381,0.9646119581977043,237463,4710,6748,140761,1755,3409,7033.441918311641,319.67830181793204,milton_s063,milton,high,6,B_N5_s2
single,active,0.005735859354089884,0.019901962650950063,4110456,0.9764767757156573,0.9868832214677398,787218,6224,12740,604163,2914,5116,23576.99749717489,1628.1027785303404,milton_s068,milton,high,0,B_N5_s2
single,land,0.0026522830758684865,0.010151693759397437,3684744,0.9526935064935065,0.9659544059885865,366787,5913,12300,193301,2511,4302,9772.98415010795,379.7382430273467,milton_s068,milton,high,0,B_N5_s2
single,active,0.004199016516094676,0.01725092642639699,4110456,0.9828681689506128,0.9861952904291259,549613,3034,6546,470569,2248,4339,17259.87263268046,1223.2489442333654,dorian_s005,dorian,low,0,B_N5_s2
single,land,0.0011365577519384716,0.00717930026966824,3684744,0.9510737566592766,0.9520819299667759,143712,2239,5154,83390,1465,2732,4187.924357108772,189.92037361198075,dorian_s005,dorian,low,0,B_N5_s2
single,active,0.004223373776522363,0.017339804270234845,4110456,0.9827917988118104,0.9862121447169265,550044,2983,6648,470437,2193,4384,17359.992079949006,1235.8859228328554,dorian_s006,dorian,low,6,B_N5_s2
single,land,0.0011548223326616279,0.0072259529874211205,3684744,0.9510840162041618,0.9521184114202049,144152,2184,5230,83238,1426,2760,4255.224661340937,192.39668449858496,dorian_s006,dorian,low,6,B_N5_s2
single,active,0.0053117037460063445,0.018468595322890333,4110456,0.9707040311981107,0.9850285120209952,650660,5007,14630,505953,2448,5242,21833.524532994255,1402.031380844842,dorian_s024,dorian,mid,6,B_N5_s2
single,land,0.0023256884354737476,0.009509471060218034,3684744,0.9336130155288513,0.957299518002135,244573,4224,13167,118372,1685,3595,8569.566508481279,333.2115467390827,dorian_s024,dorian,mid,6,B_N5_s2
single,active,0.004681316420022681,0.017547555009710385,4110456,0.9784013850099461,0.9851988768642501,591699,4013,9049,488768,2522,4821,19242.34516658075,1265.6779928345068,dorian_s037,dorian,low,-6,B_N5_s2
single,land,0.0016458058481732163,0.008215257484850906,3684744,0.9438105082178603,0.9518697063399082,184447,3320,7661,99122,1887,3125,6064.37322422117,248.68505111712085,dorian_s037,dorian,low,-6,B_N5_s2
single,active,0.00467037748622447,0.01761969831767166,4110456,0.9783044351008203,0.9851843069800341,592153,4066,9066,490275,2550,4823,19197.381160516292,1276.1065567102553,dorian_s041,dorian,mid,0,B_N5_s2
single,land,0.0016389632705375056,0.008224271994671049,3684744,0.9431556008000778,0.9516993271216606,184369,3408,7704,99996,1925,3150,6039.16007733345,249.23110917462833,dorian_s041,dorian,mid,0,B_N5_s2
single,active,0.005172331075259141,0.018057293447931323,4110456,0.9740620118972451,0.9848533496321169,644831,4456,12715,509181,2574,5257,21260.639302285388,1340.2793158180104,dorian_s046,dorian,mid,-6,B_N5_s2
single,land,0.0021754240679552153,0.009213774047922205,3684744,0.9402089361988496,0.9558832949013579,237509,3774,11330,119386,1946,3564,8015.8807818535715,312.81130190987227,dorian_s046,dorian,mid,-6,B_N5_s2
single,active,0.00518526218447875,0.01820540317154809,4110456,0.9741368415351191,0.9850176591344135,647462,4538,12652,511498,2553,5227,21313.792057763785,1362.3559912020157,dorian_s049,dorian,high,-6,B_N5_s2
single,land,0.0021782191217585203,0.009223210290223355,3684744,0.9404301741966118,0.9567233262772108,239647,3889,11291,121125,1942,3537,8026.179839584976,313.4523583848953,dorian_s049,dorian,high,-6,B_N5_s2
single,active,0.004332899287638953,0.017390068141130487,4110456,0.9835557063429968,0.9859875449303692,568208,2870,6630,491289,2333,4649,17810.19187427126,1243.0613725057926,dorian_s059,dorian,mid,0,B_N5_s2
single,land,0.0012491758637915868,0.007581270416759222,3684744,0.954366234374156,0.9547125879214164,159027,2236,5368,98407,1665,3003,4602.893269050866,211.78309750227538,dorian_s059,dorian,mid,0,B_N5_s2
single,active,0.004392819104866924,0.017573715576838216,4110456,0.9835435083883518,0.9859430011562725,571306,2897,6662,493708,2336,4703,18056.489646514878,1269.4546483902454,dorian_s063,dorian,high,6,B_N5_s2
single,land,0.001293025192401149,0.00779687192410677,3684744,0.9547274789141683,0.954696659200305,161643,2254,5411,100162,1668,3085,4764.466819548979,224.00005293618537,dorian_s063,dorian,high,6,B_N5_s2
single,active,0.004774141775171743,0.017820744350244312,4110456,0.9785721379184595,0.9851843389678279,601085,3982,9180,500184,2611,4911,19623.89970460534,1305.3942149904162,dorian_s068,dorian,high,0,B_N5_s2
single,land,0.0017060610043160389,0.0084938943769302,3684744,0.9444876540778955,0.9537915324518161,191867,3395,7882,107189,1973,3220,6286.398049287498,265.8404311766836,dorian_s068,dorian,high,0,B_N5_s2
single,active,0.005371379050472274,0.01963674345457136,4110456,0.9653741465541805,0.9802747129024995,613224,5189,16806,457107,2760,6438,22078.81724628806,1584.9987946599128,beryl_s005,beryl,low,0,B_N5_s2
single,land,0.002420959925253002,0.010066538953597283,3684744,0.9205164218260345,0.9364390976802668,218248,3873,14972,87882,1595,4370,8920.617558816448,373.39429415544896,beryl_s005,beryl,low,0,B_N5_s2
single,active,0.005256692160283003,0.01952990293642811,4110456,0.9661323307981007,0.9805144227118386,601856,4945,16153,451924,2636,6345,21607.401830388233,1567.7982429844767,beryl_s006,beryl,low,6,B_N5_s2
single,land,0.0022851279105427906,0.009843685825418025,3684744,0.9200661301003062,0.9348633904469318,207025,3674,14312,82770,1495,4272,8420.111357605085,357.04487914327814,beryl_s006,beryl,low,6,B_N5_s2
single,active,0.006460904481601999,0.020854791928560126,4110456,0.9600540268959983,0.9771364276291723,735675,6815,23795,528879,3008,9367,26557.263591827825,1787.7291682262864,beryl_s024,beryl,mid,6,B_N5_s2
single,land,0.0035999871623423607,0.012415470626714525,3684744,0.9251143515633716,0.9453945448155495,339986,5605,21916,158710,1938,7229,13265.03109651804,567.9808507619732,beryl_s024,beryl,mid,6,B_N5_s2
single,active,0.0061952033992546136,0.01996387056138467,4110456,0.9637595607349284,0.9792073824533654,719992,5753,21321,515067,2821,8116,25465.11098368652,1638.247426818248,beryl_s037,beryl,low,-6,B_N5_s2
single,land,0.003305884766684131,0.011585752903761012,3684744,0.9299292482773744,0.9470560685133146,322280,4750,19534,141547,1844,6069,12181.339058730751,494.601972433111,beryl_s037,beryl,low,-6,B_N5_s2
single,active,0.006101410935294657,0.020548684185408114,4110456,0.9636461607052497,0.9794179174981442,704620,5807,20775,507980,2867,7808,25079.581187447533,1735.633558679565,beryl_s041,beryl,mid,0,B_N5_s2
single,land,0.0032148636085166564,0.011525358236195245,3684744,0.9281373884097442,0.94606823932395,306703,4691,19056,134231,1822,5830,11845.9493923001,489.4588514377417,beryl_s041,beryl,mid,0,B_N5_s2
single,active,0.006705908735418502,0.020219480711236696,4110456,0.9605810173948841,0.9774308554915111,781668,6711,25366,560106,3010,9923,27564.342796953395,1680.4670402483248,beryl_s046,beryl,mid,-6,B_N5_s2
single,land,0.003889151097637865,0.012711800612809729,3684744,0.9289420645148787,0.949298664706603,383471,5738,23595,185979,2079,7854,14330.526172114536,595.417321703119,beryl_s046,beryl,mid,-6,B_N5_s2
single,active,0.006681189371895394,0.020949904399094284,4110456,0.9607945185974405,0.9776099892285329,782742,6813,25127,560892,3064,9782,27462.734940843657,1804.072949414606,beryl_s049,beryl,high,-6,B_N5_s2
single,land,0.0038711373230351036,0.012705645976217088,3684744,0.9295093697422112,0.9499483505243821,384512,5787,23373,186681,2083,7753,14264.15002422966,594.8408982343068,beryl_s049,beryl,high,-6,B_N5_s2
single,active,0.005397132064053451,0.019214683942377152,4110456,0.9686587951829333,0.9818390498344999,633591,4865,15635,479054,2684,6177,22184.67387548089,1517.597121772411,beryl_s059,beryl,mid,0,B_N5_s2
single,land,0.0024402564066376194,0.009991047351858424,3684744,0.9291361407270634,0.9440199796503561,233989,3825,14021,102058,1719,4333,8991.72015281953,367.8149310014197,beryl_s059,beryl,mid,0,B_N5_s2
single,active,0.005311638293141956,0.01978919967956699,4110456,0.9697245154663845,0.9819089517110556,624073,4724,14760,475186,2591,6164,21833.255491875112,1609.7056377317767,beryl_s063,beryl,high,6,B_N5_s2
single,land,0.002330605640965596,0.009875590953491414,3684744,0.9297912477456001,0.9431137147592161,224261,3695,13239,97882,1608,4296,8587.685151914135,359.36312128036093,beryl_s063,beryl,high,6,B_N5_s2
single,active,0.006119173451123522,0.02017223036764217,4110456,0.965021057083138,0.9801431025694274,714242,5657,20232,519172,2825,7693,25152.593227211386,1672.6221436098447,beryl_s068,beryl,high,0,B_N5_s2
single,land,0.003226687643055698,0.01149477563238894,3684744,0.9311110979446495,0.9485990687219011,314304,4647,18607,141789,1864,5819,11889.517932623625,486.86473405566625,beryl_s068,beryl,high,0,B_N5_s2
single,active,0.007026928996061758,0.022167334145162965,4110456,0.9725878546909342,0.9854032560970871,1023958,8239,20621,760820,4122,7148,28883.882453436032,2019.839863915211,irma_s005,irma,low,0,B_N10_s0
single,land,0.004141283961035521,0.012990931074464205,3684744,0.9561473014632794,0.9732444493114683,606969,7812,20026,355497,3558,6215,15259.57122772187,621.8532056604663,irma_s005,irma,low,0,B_N10_s0
single,active,0.0070371005647339,0.02224506975006837,4110456,0.9718065585357938,0.9852035542909693,1009156,7669,21608,752064,3815,7480,28925.69223891385,2034.0309053084748,irma_s006,irma,low,6,B_N10_s0
single,land,0.004148528798210853,0.013075104441195194,3684744,0.9544836299643527,0.972453706299981,592280,7225,21019,346812,3290,6534,15286.26659803465,629.9377770668041,irma_s006,irma,low,6,B_N10_s0
single,active,0.008074089907566296,0.023254640955394708,4110456,0.967190923992753,0.9842319254283324,1121071,8720,29309,824746,4861,8352,33188.19130509533,2222.8455146299984,irma_s024,irma,mid,6,B_N10_s0
single,land,0.005229775212110224,0.014703467657897542,3684744,0.9500650468823381,0.9726999549488878,704002,8283,28719,418866,4333,7423,19270.382834171876,796.6120317577431,irma_s024,irma,mid,6,B_N10_s0
single,active,0.007754128419984734,0.022419545330728072,4110456,0.9709288301264124,0.9847725590155276,1110929,9213,24050,816729,5366,7263,31873.003688696772,2066.06321478016,irma_s037,irma,low,-6,B_N10_s0
single,land,0.0048671099537280806,0.01454610338690958,3684744,0.9553849549586834,0.9729263563586187,692549,8891,23450,408955,4957,6423,17934.054199339822,779.6517541760327,irma_s037,irma,low,-6,B_N10_s0
single,active,0.007723691018333752,0.02286753073750562,4110456,0.9709368229360402,0.9846158108985595,1101522,8544,24428,817303,5250,7520,31747.89208845608,2149.4559372731273,irma_s041,irma,mid,0,B_N10_s0
single,land,0.004776279086035334,0.014077442914688081,3684744,0.9551198756834404,0.9726940996007964,682862,8195,23892,408372,4791,6673,17599.36570459418,730.2219277289234,irma_s041,irma,mid,0,B_N10_s0
single,active,0.008257126478885018,0.022777951442538007,4110456,0.9685619830841212,0.9840891047116728,1158435,9911,27690,851551,5702,8066,33940.5550778918,2132.6487343783197,irma_s046,irma,mid,-6,B_N10_s0
single,land,0.005396912519372263,0.015361042057351917,3684744,0.9527572540000978,0.9725334122729117,739917,9595,27094,443519,5307,7219,19886.24102428183,869.4581380553509,irma_s046,irma,mid,-6,B_N10_s0
single,active,0.008368344874809721,0.023744949631358953,4110456,0.9683319173179922,0.9842638955575371,1165952,9639,28492,860975,5417,8348,34397.71340073086,2317.568124733276,irma_s049,irma,high,-6,B_N10_s0
single,land,0.005451086785779315,0.015197881507675454,3684744,0.9525139700417029,0.9731044287437532,747111,9304,27942,451754,4961,7525,20085.859327379614,851.0859647999565,irma_s049,irma,high,-6,B_N10_s0
single,active,0.007586526039325652,0.023477385300813332,4110456,0.9731039118903787,0.9852073504897759,1056713,7991,21216,793153,4278,7631,31184.08147750236,2265.632462068273,irma_s059,irma,mid,0,B_N10_s0
single,land,0.004474054704609757,0.014024766020133275,3684744,0.9572728707454363,0.9726709277058405,636888,7694,20733,381821,3892,6836,16485.746228482574,724.7672644934506,irma_s059,irma,mid,0,B_N10_s0
single,active,0.007909271885167475,0.024433824457781965,4110456,0.9708549114716893,0.9844771676805146,1047201,7390,24047,795112,3790,8747,32510.71407601796,2453.990643445125,irma_s063,irma,high,6,B_N10_s0
single,land,0.004671591653011587,0.014579661563648419,3684744,0.9533846013556643,0.9709948639908693,627308,7067,23605,382839,3430,8006,17213.619313884526,783.2532508472767,irma_s063,irma,high,6,B_N10_s0
single,active,0.008022807000077941,0.023740802911290434,4110456,0.9710453562437257,0.9850814610610125,1116238,8488,24796,836873,4935,7739,32977.395170312375,2316.7587343365763,irma_s068,irma,high,0,B_N10_s0
single,land,0.004958880489481245,0.01468634921357303,3684744,0.9554132262021388,0.9736598721681959,696330,8182,24314,425318,4527,6979,18272.20513033308,794.7582077803933,irma_s068,irma,high,0,B_N10_s0
single,active,0.004203280078281672,0.02234987896679952,4110456,0.9860380002152886,0.9880970132712156,558769,3350,4562,490355,2201,3706,17277.39781745337,2053.2430189966776,ian_s005,ian,low,0,B_N10_s0
single,land,0.0010856759348999484,0.007607874823447822,3684744,0.9579587450528136,0.9585326953748007,146196,2622,3794,93155,1465,2565,4000.4378870669752,213.2720959099025,ian_s005,ian,low,0,B_N10_s0
single,active,0.0042145315639165295,0.022364341860744572,4110456,0.9861018876988724,0.9881455829647935,558323,3340,4529,490221,2168,3713,17323.646554090083,2055.9012386988857,ian_s006,ian,low,6,B_N10_s0
single,land,0.0010900817440471931,0.007623745764091372,3684744,0.9582325410180901,0.9587493945857937,145774,2606,3748,93038,1440,2563,4016.6721658874303,214.16284646335595,ian_s006,ian,low,6,B_N10_s0
single,active,0.0045157265571097015,0.02257612083235157,4110456,0.9823977881344006,0.9874554158432213,593383,4727,5905,501655,2478,3895,18561.695321030915,2095.022277491535,ian_s024,ian,mid,6,B_N10_s0
single,land,0.001409010764876588,0.008224064945729625,3684744,0.9520244300531775,0.9585981411410308,180818,3995,5117,104376,1759,2749,5191.843961814418,249.21856037084464,ian_s024,ian,mid,6,B_N10_s0
single,active,0.004339710256834049,0.020400151314188226,4110456,0.9850589772769484,0.9885509321191923,583413,3892,4957,505454,2337,3517,17838.18806346506,1710.6327454428783,ian_s037,ian,low,-6,B_N10_s0
single,land,0.0012385833348944114,0.0075509105702098525,3684744,0.9576665819998307,0.9618853094311063,169665,3287,4213,105489,1660,2520,4563.862511752173,210.0902867087334,ian_s037,ian,low,-6,B_N10_s0
single,active,0.004440050926370507,0.021775682121209373,4110456,0.9851470096640187,0.9882509619379313,586459,3775,5067,509054,2321,3731,18250.63397060521,1949.0973901099862,ian_s041,ian,mid,0,B_N10_s0
single,land,0.0012978227869467898,0.008085232053887802,3684744,0.9581534152481619,0.9613230289279637,172413,3148,4382,108468,1645,2719,4782.144727265462,240.87531662061087,ian_s041,ian,mid,0,B_N10_s0
single,active,0.004515140880680621,0.020508733088952263,4110456,0.9830388509016292,0.9882040394855474,605548,4685,5763,512953,2568,3555,18559.287923838943,1728.8912235846778,ian_s046,ian,mid,-6,B_N10_s0
single,land,0.001427402850993121,0.007899223809760722,3684744,0.9547445764179966,0.9620478490090366,191791,4075,5016,112955,1900,2556,5259.614090779796,229.91968627518526,ian_s046,ian,mid,-6,B_N10_s0
single,active,0.004628770794447347,0.021911252857584745,4110456,0.9828191432780301,0.9877745145060602,609798,4614,6046,516935,2537,3861,19026.358684660867,1973.44226432167,ian_s049,ian,high,-6,B_N10_s0
single,land,0.0014990559654545833,0.008429568692861909,3684744,0.9544525874889679,0.961020505956807,195742,3990,5351,116320,1861,2857,5523.637474372983,261.82916970833503,ian_s049,ian,high,-6,B_N10_s0
single,active,0.004541961213525461,0.021565363744215943,4110456,0.986941633056845,0.9885998592669645,583623,3347,4375,517014,2348,3614,18669.53172190301,1911.6288637581313,ian_s059,ian,mid,0,B_N10_s0
single,land,0.0012793989394720984,0.008245003056646664,3684744,0.9628601299124205,0.96279651280665,168540,2782,3719,113972,1693,2711,4714.257565826178,250.4891749648523,ian_s059,ian,mid,0,B_N10_s0
single,active,0.004710723386235223,0.023094526816858196,4110456,0.9863791222510645,0.9881520627344016,588603,3358,4770,521685,2360,3895,19363.221207290888,2192.3411750257496,ian_s063,ian,high,6,B_N10_s0
single,land,0.0013965315675800874,0.009176292526767089,3684744,0.9613788435291115,0.9615481871201925,173277,2811,4150,117881,1741,2973,5145.861314451322,310.27145330591225,ian_s063,ian,high,6,B_N10_s0
single,active,0.0046607619597438706,0.021635894830339567,4110456,0.985487221764221,0.9883652669890962,597698,3733,5069,521930,2445,3699,19157.85696200095,1924.1535534470743,ian_s068,ian,high,0,B_N10_s0
single,land,0.0014130105007169242,0.008479840930700693,3684744,0.9601554243410502,0.9629521610564264,182611,3166,4412,118862,1774,2799,5206.581964453682,264.9614742720356,ian_s068,ian,high,0,B_N10_s0
single,active,0.004611021907583727,0.018845560566621254,4110456,0.9812375828912726,0.9876571195847413,628727,6028,5994,514118,2714,3711,18953.402666158974,1459.849629868281,milton_s005,milton,low,0,B_N10_s0
single,land,0.0016398346209517828,0.008235635381347755,3684744,0.9504596412051113,0.9567343245665167,211022,5502,5497,109968,2108,2865,6042.3707805443555,249.92030476898378,milton_s005,milton,low,0,B_N10_s0
single,active,0.004604728932282263,0.018834706885847596,4110456,0.9817915213001446,0.9882400001538512,626706,5813,5810,513868,2506,3609,18927.535668073222,1458.1685783451821,milton_s006,milton,low,6,B_N10_s0
single,land,0.0016304547591550812,0.008240519134938978,3684744,0.9517232900290972,0.9590602384365277,209007,5286,5316,109728,1906,2778,6007.808391068131,250.21679945915673,milton_s006,milton,low,6,B_N10_s0
single,active,0.005694422910377587,0.019710835001170192,4110456,0.9768278414942609,0.9869750460377166,850777,7383,12799,616890,3270,4871,23406.674818499014,1596.9821013416906,milton_s024,milton,mid,6,B_N10_s0
single,land,0.002917171259910364,0.010371568641871129,3684744,0.9575802474596137,0.9693754730228783,433013,6883,12299,212617,2669,4048,10749.029296927154,396.3658342272293,milton_s024,milton,mid,6,B_N10_s0
single,active,0.0053432763101585986,0.019394588067015852,4110456,0.9766807582162825,0.9867195089825784,780658,8304,10335,588072,3517,4398,21963.302168749273,1546.1482146698586,milton_s037,milton,low,-6,B_N10_s0
single,land,0.002464600138858452,0.009516624676810284,3684744,0.9531927447437323,0.9649672366949017,361872,7881,9889,181134,2946,3630,9081.420574057847,333.7130602735451,milton_s037,milton,low,-6,B_N10_s0
single,active,0.0054307977426241265,0.01944291189776387,4110456,0.9768575367912754,0.9865940258749356,777224,7990,10423,589632,3349,4663,22323.055165955797,1553.8626230252116,milton_s041,milton,mid,0,B_N10_s0
single,land,0.0025160327387013324,0.009835317116281024,3684744,0.953254798767382,0.9641084970997034,357910,7533,10018,181666,2822,3941,9270.936537733302,356.4380465697605,milton_s041,milton,mid,0,B_N10_s0
single,active,0.005748435484337746,0.01963058579408172,4110456,0.9771763644564727,0.986998720450055,877392,7895,12598,637918,3684,4719,23628.691127208993,1584.0049074370509,milton_s046,milton,mid,-6,B_N10_s0
single,land,0.0029723445709730024,0.010318336535943825,3684744,0.9589759246518766,0.970322781246586,458589,7473,12145,230931,3120,3943,10952.328823825344,392.30757795660946,milton_s046,milton,mid,-6,B_N10_s0
single,active,0.005826984925601044,0.019656258114973766,4110456,0.9771179693097518,0.9867460970101625,882360,7879,12784,643169,3656,4983,23951.565149346367,1588.1506494972457,milton_s049,milton,high,-6,B_N10_s0
single,land,0.003032421941091335,0.010579597219947584,3684744,0.9589830683995236,0.9695630121112903,463021,7424,12380,235120,3117,4264,11173.69855290465,412.4255744477508,milton_s049,milton,high,-6,B_N10_s0
single,active,0.00484092550893454,0.018714134714610253,4110456,0.9816830333196487,0.9886026144074227,655189,6074,6151,547239,2704,3605,19898.411303753033,1439.559124449327,milton_s059,milton,mid,0,B_N10_s0
single,land,0.0018231974709760745,0.008761768116006739,3684744,0.9531107202768515,0.9635731153753694,234653,5708,5836,136282,2239,2913,6718.015941994265,282.8725664546946,milton_s059,milton,mid,0,B_N10_s0
single,active,0.004948532773084293,0.01891250538614044,4110456,0.982191566543266,0.9891112108569579,659301,5827,6127,553110,2431,3658,20340.72622832097,1470.2396579052026,milton_s063,milton,high,6,B_N10_s0
single,land,0.001900934033117638,0.009309074895421666,3684744,0.954556012077817,0.9655184207286208,238366,5503,5845,141153,2024,3017,7004.455272926018,319.31577120847555,milton_s063,milton,high,6,B_N10_s0
single,active,0.005622007155289877,0.019663693841276357,4110456,0.9769905261659746,0.9871211428720668,789423,8057,10535,604742,3353,4537,23109.01304350421,1589.352433387079,milton_s068,milton,high,0,B_N10_s0
single,land,0.0026317356838938023,0.010149959711596811,3684744,0.9537465549068984,0.9663843752182023,368892,7695,10195,193762,2899,3841,9697.272270813584,379.60852516120696,milton_s068,milton,high,0,B_N10_s0
single,active,0.004092468943738474,0.01711382974634328,4110456,0.9836594069591744,0.9868318532171582,550745,3735,5414,471153,2532,3755,16821.91352460347,1203.8833776167223,dorian_s005,dorian,low,0,B_N10_s0
single,land,0.0011058517577272082,0.007032856517502145,3684744,0.9537589026642047,0.9538517607398296,144628,2774,4238,83752,1682,2370,4074.780629174784,182.25138384829756,dorian_s005,dorian,low,0,B_N10_s0
single,active,0.004117632136927266,0.01720332102408803,4110456,0.9836276198038884,0.9868674128300432,551220,3703,5472,471018,2465,3803,16925.3457230255,1216.50694013962,dorian_s006,dorian,low,6,B_N10_s0
single,land,0.0011245409584491565,0.007076310656367376,3684744,0.9537724251727289,0.9542538863651928,145085,2735,4297,83606,1616,2392,4143.645549399778,184.51050669430575,dorian_s006,dorian,low,6,B_N10_s0
single,active,0.00515620967070665,0.01831830276050781,4110456,0.9727631498637116,0.9856791554962393,653441,6447,11849,506645,2811,4550,21194.372978214175,1379.3055033238393,dorian_s024,dorian,mid,6,B_N10_s0
single,land,0.002255203650207657,0.00936943171444226,3684744,0.938750313409362,0.9589801516862998,247111,5494,10629,118856,1973,3111,8309.848118880764,323.469860370966,dorian_s024,dorian,mid,6,B_N10_s0
single,active,0.004546816004805299,0.01738676968451532,4110456,0.9794702391068679,0.9854119258110638,593605,5299,7143,489326,2981,4263,18689.48712784797,1242.589862546974,dorian_s037,dorian,low,-6,B_N10_s0
single,land,0.0015952332111968128,0.008039033932354911,3684744,0.9468827574980669,0.9521358034142233,186142,4476,5966,99502,2257,2745,5878.026003558189,238.13051102102446,dorian_s037,dorian,low,-6,B_N10_s0
single,active,0.00453995268546614,0.01744236684679854,4110456,0.9793450100677615,0.9855055297809167,593866,5172,7353,490901,3023,4197,18661.27575569041,1250.5493542967151,dorian_s041,dorian,mid,0,B_N10_s0
single,land,0.001591494787788744,0.008081843297394975,3684744,0.9463671167043395,0.952192217249488,185893,4355,6180,100422,2318,2724,5864.250870335847,240.6734431983257,dorian_s041,dorian,mid,0,B_N10_s0
single,active,0.005022103257039481,0.017925881241262657,4110456,0.9758685818250883,0.9852927534439307,647400,5863,10146,509822,2994,4616,20643.134465517476,1320.8424968852871,dorian_s046,dorian,mid,-6,B_N10_s0
single,land,0.0021045823417111345,0.009040124489756602,3684744,0.9448190834823574,0.9570859319475832,239865,5035,8974,119853,2277,3097,7754.847156126052,301.1314688564423,dorian_s046,dorian,mid,-6,B_N10_s0
single,active,0.005035283470838817,0.01804300061418802,4110456,0.9758554630730611,0.9854240418654764,649990,5958,10124,512184,3035,4541,20697.311154410243,1338.1584212236023,dorian_s049,dorian,high,-6,B_N10_s0
single,land,0.0021119480397210387,0.009091717788203101,3684744,0.9447227547645729,0.9576118368728985,241952,5171,8986,121610,2331,3052,7781.987867673859,304.57847888503204,dorian_s049,dorian,high,-6,B_N10_s0
single,active,0.004231844541070352,0.017227448484915777,4110456,0.9843014400143846,0.9864465382316724,569317,3559,5521,491860,2680,4078,17394.810784909874,1219.9216070962275,dorian_s059,dorian,mid,0,B_N10_s0
single,land,0.0012176930068910027,0.007440268948368604,3684744,0.9567674906841958,0.955977277346056,159961,2794,4434,98784,1923,2626,4486.887000983581,203.97859191253576,dorian_s059,dorian,mid,0,B_N10_s0
single,active,0.004300130760137178,0.01748248284137775,4110456,0.9840627654343064,0.986285842007791,572325,3626,5643,494216,2677,4195,17675.498283790424,1256.3082884552393,dorian_s063,dorian,high,6,B_N10_s0
single,land,0.001261275299050218,0.007678114026513706,3684744,0.9563346791755442,0.9556121866798524,162487,2852,4567,100496,1917,2751,4647.476590523496,217.22831591091887,dorian_s063,dorian,high,6,B_N10_s0
single,active,0.004649789991647168,0.01764445657671251,4110456,0.9796839985894825,0.9854611003750832,602875,5112,7390,500766,3059,4329,19112.75716990605,1279.6953098602346,dorian_s068,dorian,high,0,B_N10_s0
single,land,0.0016579205807230458,0.008348291352772484,3684744,0.947586787951819,0.9541246164488036,193447,4398,6302,107589,2353,2820,6109.012912295759,256.80443230627014,dorian_s068,dorian,high,0,B_N10_s0
single,active,0.005169305207698986,0.01908658261322978,4110456,0.9679544811543177,0.9811898053415896,615832,6190,14198,457936,3170,5609,21248.201606817544,1497.429403072211,beryl_s005,beryl,low,0,B_N10_s0
single,land,0.0023314701854967044,0.009869220696978874,3684744,0.9271364494310228,0.9387204672152907,220550,4663,12670,88404,1923,3848,8590.870777187869,358.89965596712227,beryl_s005,beryl,low,0,B_N10_s0
single,active,0.005043825803270789,0.01893714317160898,4110456,0.9686596583442838,0.9812606621304969,604463,6011,13546,452684,3060,5585,20732.424036009237,1474.0727876918133,beryl_s006,beryl,low,6,B_N10_s0
single,land,0.0021859568749448195,0.009600739254699522,3684744,0.9267857459131081,0.9367903401865794,209309,4507,12028,83246,1821,3796,8054.691479211673,339.63830916861934,beryl_s006,beryl,low,6,B_N10_s0
single,active,0.006188399243728738,0.02029831160478226,4110456,0.9626196971257049,0.9786588798588334,738569,7779,20901,530209,3525,8037,25437.142801780254,1693.5960577429107,beryl_s024,beryl,mid,6,B_N10_s0
single,land,0.0034377751201364855,0.012128880216877252,3684744,0.9303087251238377,0.9492584846468295,342562,6322,19340,159764,2365,6175,12667.321247272193,542.0617145448475,beryl_s024,beryl,mid,6,B_N10_s0
single,active,0.005943444118656214,0.019475760267853193,4110456,0.96614813032903,0.9802845258219529,722930,6947,18383,516110,3307,7073,24430.265538195148,1559.117491413287,beryl_s037,beryl,low,-6,B_N10_s0
single,land,0.0031697840074037874,0.011323267561965451,3684744,0.934736448383013,0.9497637669166912,324877,5746,16937,142324,2236,5292,11679.84260257706,472.4445674158808,beryl_s037,beryl,low,-6,B_N10_s0
single,active,0.005873091128229966,0.020063543410272024,4110456,0.9660138681555517,0.9805095111967252,707297,6786,18098,509007,3337,6781,24141.082666579634,1654.64669273585,beryl_s041,beryl,mid,0,B_N10_s0
single,land,0.0030972874529645276,0.011318579284988056,3684744,0.9331445460501091,0.9489881274558734,309092,5478,16667,135004,2200,5057,11412.711358586326,472.05342723693644,beryl_s041,beryl,mid,0,B_N10_s0
single,active,0.006416352959004072,0.019695214933228775,4110456,0.9629683251700547,0.9790507273665565,784850,7998,22184,561560,3547,8469,26374.13651845604,1594.452012183597,beryl_s046,beryl,mid,-6,B_N10_s0
single,land,0.0037221013945644317,0.012421995391376766,3684744,0.9334067808485604,0.9531686052433236,386338,6835,20728,187168,2531,6665,13714.990781012923,568.5779952917832,beryl_s046,beryl,mid,-6,B_N10_s0
single,active,0.006402541802532486,0.020439816877081917,4110456,0.9631829735499795,0.979237591400396,785913,8085,21956,562336,3585,8338,26317.366367470473,1717.2914388790914,beryl_s049,beryl,high,-6,B_N10_s0
single,land,0.0037124980159574357,0.012437224188536827,3684744,0.9340197236756443,0.9537312523482163,387366,6845,20519,187845,2524,6589,13679.604789311066,569.9729509825335,beryl_s049,beryl,high,-6,B_N10_s0
single,active,0.00519690306848526,0.018771839806199113,4110456,0.971108061194424,0.9825872378768021,636102,5801,13124,479817,3089,5414,21361.64139927365,1448.4505816846502,beryl_s059,beryl,mid,0,B_N10_s0
single,land,0.0023535893524252636,0.009810365931360665,3684744,0.9351655007779189,0.9464567364896649,236220,4587,11790,102612,2026,3779,8672.374244812876,354.63184744143433,beryl_s059,beryl,mid,0,B_N10_s0
single,active,0.005099607636847393,0.019265562407131672,4110456,0.9718651663077142,0.9824949677419355,626336,5635,12497,475896,3025,5454,20961.71280852519,1525.6446377113373,beryl_s063,beryl,high,6,B_N10_s0
single,land,0.002234727563465698,0.009643164994095786,3684744,0.9352445430910842,0.9446978937561828,226274,4441,11226,98361,1941,3817,8234.39898111485,342.64667001429837,beryl_s063,beryl,high,6,B_N10_s0
single,active,0.005888666411618712,0.01975203529515004,4110456,0.9671692944994299,0.981220914110441,716774,6631,17700,520156,3246,6709,24205.104183636606,1603.6652171781307,beryl_s068,beryl,high,0,B_N10_s0
single,land,0.003107860470965862,0.011292261083366697,3684744,0.9355176174025598,0.9514573474740868,316567,5476,16344,142554,2219,5054,11451.670223228633,469.86072210051685,beryl_s068,beryl,high,0,B_N10_s0
single,active,0.00654202601754267,0.022042025162223595,4110456,0.9730812781955601,0.9854268587675568,1025218,9000,19361,761800,5098,6168,26890.710095964372,1997.0686370643264,irma_s005,irma,low,0,B_N10_s1
single,land,0.00409661660635475,0.013014481340712022,3684744,0.9569957782536793,0.973170731707317,608189,8524,18806,356307,4418,5405,15094.983460566029,624.1098695906378,irma_s005,irma,low,0,B_N10_s1
single,active,0.006488305854105493,0.02202162853977918,4110456,0.9725066233737488,0.9855039655382232,1010554,8359,20210,753131,4665,6413,26669.895727843046,1993.374365934246,irma_s006,irma,low,6,B_N10_s1
single,land,0.004053417850295539,0.01296441262810362,3684744,0.9556830585257952,0.9729080856017192,593634,7863,19665,347694,4030,5652,14935.807103369385,619.317013352868,irma_s006,irma,low,6,B_N10_s1
single,active,0.0075356578036604475,0.023032139027457713,4110456,0.9678508124586184,0.9843545693692363,1122645,9556,27735,825841,5869,7257,30974.98983300291,2180.512348439629,irma_s024,irma,mid,6,B_N10_s1
single,land,0.005138847804014037,0.014643387620289529,3684744,0.9510942391014217,0.9728007341507559,705516,9073,27205,419782,5230,6507,18935.338612753898,790.1152379047536,irma_s024,irma,mid,6,B_N10_s1
single,active,0.007540091396729734,0.022619393255329977,4110456,0.9713049538605038,0.9846415067074492,1112150,10027,22829,817666,6428,6326,30993.213922236115,2103.0611760431534,irma_s037,irma,low,-6,B_N10_s1
single,land,0.004896678134859834,0.01475636815440369,3684744,0.955959745175884,0.9726383452453576,693718,9678,22281,409756,5905,5622,18043.005377355963,802.3544839813995,irma_s037,irma,low,-6,B_N10_s1
single,active,0.00729436272222249,0.022788941624300688,4110456,0.971451744571578,0.9848814902359123,1103133,9601,22817,818340,6079,6483,29983.157017735764,2134.707203214596,irma_s041,irma,mid,0,B_N10_s1
single,land,0.004759154623514796,0.01416943439725253,3684744,0.9559325726879999,0.9730570884441728,684420,9217,22334,409261,5548,5784,17536.266444068402,739.7966322886776,irma_s041,irma,mid,0,B_N10_s1
single,active,0.008036169890406217,0.02305120980427626,4110456,0.9689299024313223,0.9839791050874218,1159812,10878,26313,852550,6814,7067,33032.32274303958,2184.1248032142207,irma_s046,irma,mid,-6,B_N10_s1
single,land,0.005431608071203459,0.015561916751564446,3684744,0.953309574855282,0.9722745502162768,741243,10536,25768,444381,6315,6357,20014.08525071852,892.346440888199,irma_s046,irma,mid,-6,B_N10_s1
single,active,0.007938597541409154,0.02381825296445239,4110456,0.9689174811989517,0.9842347073921502,1167532,10542,26912,862040,6525,7283,32631.255895670503,2331.8993992687024,irma_s049,irma,high,-6,B_N10_s1
single,land,0.005443422060957921,0.015244663173306706,3684744,0.95338545414256,0.9729176741137152,748624,10174,26429,452684,6006,6595,20057.616778582335,856.3336038236606,irma_s049,irma,high,-6,B_N10_s1
single,active,0.007162935123225269,0.023136062766744306,4110456,0.9736881085412674,0.9854598427111847,1058324,8994,19605,794188,5122,6596,29442.929654872045,2200.234201919627,irma_s059,irma,mid,0,B_N10_s1
single,land,0.0044484272032068355,0.014030331371273698,3684744,0.9581993183056398,0.9729921440012204,638430,8660,19191,382707,4673,5950,16391.31544645317,725.3425874080599,irma_s059,irma,mid,0,B_N10_s1
single,active,0.007183168362964138,0.023553164845091863,4110456,0.9718781702374059,0.9849542205996786,1049021,8127,22227,796171,4474,7688,29526.097496556118,2280.281936762337,irma_s063,irma,high,6,B_N10_s1
single,land,0.004545392326470525,0.014263073710303746,3684744,0.9550648794640214,0.9718551683270615,629085,7770,21828,383772,4041,7073,16748.60710260831,749.6068966580343,irma_s063,irma,high,6,B_N10_s1
single,active,0.007634993415731734,0.02357942929044259,4110456,0.9716837065062549,0.985166425044944,1117960,9505,23074,837887,5891,6725,31383.304495655,2285.370317280318,irma_s068,irma,high,0,B_N10_s1
single,land,0.004953389520563481,0.014765329371392747,3684744,0.9564180176131171,0.9735874831809241,697991,9153,22653,426185,5450,6112,18251.972315559164,803.3292842498835,irma_s068,irma,high,0,B_N10_s1
single,active,0.00396484964461079,0.022795533686792813,4110456,0.9859292299172298,0.9880949025324255,559013,3660,4318,490765,2617,3296,16297.340010788292,2135.9423776084177,ian_s005,ian,low,0,B_N10_s1
single,land,0.0011116936809440654,0.007671458507045792,3684744,0.9577347777167229,0.9585847391536346,146407,2878,3583,93416,1732,2304,4096.30662069656,216.85188475276348,ian_s005,ian,low,0,B_N10_s1
single,active,0.003975778632346134,0.02282037012834356,4110456,0.9860177509779278,0.9881734030468794,558583,3652,4269,490636,2574,3298,16342.26313399896,2140.5992641833004,ian_s006,ian,low,6,B_N10_s1
single,land,0.0011157360874400537,0.00768744916835217,3684744,0.9580016668088486,0.9588810211401498,145987,2865,3535,93302,1702,2299,4111.201853778213,217.75685452852704,ian_s006,ian,low,6,B_N10_s1
single,active,0.0042874644169435035,0.023049137824037006,4110456,0.9824686242321542,0.9874529485570891,593694,5000,5594,502106,2936,3444,17623.433837411925,2183.7321765292936,ian_s024,ian,mid,6,B_N10_s1
single,land,0.0014355026000057033,0.008289608150957592,3684744,0.9523383801465136,0.9586256158537703,181090,4218,4845,104680,2073,2445,5289.459592355415,253.20677644087323,ian_s024,ian,mid,6,B_N10_s1
single,active,0.00425388753298063,0.02087544548895647,4110456,0.985008032616473,0.9886408713680783,583700,4214,4670,505934,2776,3037,17485.417533265427,1791.2718797357445,ian_s037,ian,low,-6,B_N10_s1
single,land,0.0012866200921796643,0.007739656611651641,3684744,0.9574816993795541,0.9621557234694527,169908,3575,3970,105815,1968,2194,4740.865664938465,220.72458327342935,ian_s037,ian,low,-6,B_N10_s1
single,active,0.0042702728816305,0.022247726417459007,4110456,0.9851343682526251,0.9883776187696026,586748,4076,4778,509565,2772,3220,17552.768787935376,2034.5167717333052,ian_s041,ian,mid,0,B_N10_s1
single,land,0.0013439812289283458,0.008232385031222526,3684744,0.9583058165411531,0.961661850094122,172680,3398,4115,108813,1964,2374,4952.2267694063485,249.723072095158,ian_s041,ian,mid,0,B_N10_s1
single,active,0.004419257347319546,0.02094700234278816,4110456,0.9831232254400909,0.9881666599300547,605948,5039,5363,513401,3041,3107,18165.16287883371,1803.5731706511158,ian_s046,ian,mid,-6,B_N10_s1
single,land,0.0014758337642401334,0.008080702189503203,3684744,0.9549920729192034,0.9617272418478261,192153,4402,4654,113253,2249,2258,5438.069607781246,240.60548469754713,ian_s046,ian,mid,-6,B_N10_s1
single,active,0.00445429407047344,0.022372715807415233,4110456,0.9828766737161532,0.9878193576958906,610218,5005,5626,517483,3068,3313,18309.179787741974,2057.4411212995456,ian_s049,ian,high,-6,B_N10_s1
single,land,0.0015454409379917306,0.008574615818378878,3684744,0.9547669465741755,0.9610079466381192,196133,4332,4960,116700,2258,2477,5694.5542236194015,270.9172521015164,ian_s049,ian,high,-6,B_N10_s1
single,active,0.004401273838672979,0.022080458700709387,4110456,0.9867426674868356,0.9887326150383382,583903,3750,4095,517472,2741,3156,18091.242457816377,2004.0390792179762,ian_s059,ian,mid,0,B_N10_s1
single,land,0.0013360964830319653,0.008437407013637772,3684744,0.9623537594928049,0.9633896590956976,168793,3137,3466,114311,1972,2372,4923.173499273136,262.3163251659924,ian_s059,ian,mid,0,B_N10_s1
single,active,0.004483313189464597,0.023428940463413903,4110456,0.9862591124441697,0.9883407528542443,588918,3750,4455,522176,2756,3404,18428.46159951389,2256.291987943539,ian_s063,ian,high,6,B_N10_s1
single,land,0.0014468554925879792,0.009289214362341399,3684744,0.9610775790464589,0.9623294081265614,173561,3163,3866,118252,2027,2602,5331.292095180601,317.9547301723288,ian_s063,ian,high,6,B_N10_s1
single,active,0.004531501201362889,0.022178051126560294,4110456,0.9853288889401506,0.9885008098820751,598003,4140,4764,522395,2843,3234,18626.536302149296,2021.793352658253,ian_s068,ian,high,0,B_N10_s1
single,land,0.0014710341124816561,0.008673765120349758,3684744,0.9597848333770664,0.9634850076780086,182887,3527,4136,119212,2069,2449,5420.384119762108,277.21877206709155,ian_s068,ian,high,0,B_N10_s1
single,active,0.004166781524773835,0.018130016223131293,4110456,0.9812517356614859,0.9875581502464189,628949,6245,5772,514581,3235,3248,17127.37211919576,1351.0965627662683,milton_s005,milton,low,0,B_N10_s1
single,land,0.0016393732005813865,0.008199203862355803,3684744,0.9506092263927586,0.9563520627184348,211194,5648,5325,110276,2476,2557,6040.6705646030605,247.7140784556352,milton_s005,milton,low,0,B_N10_s1
single,active,0.00415998262771169,0.01811165815249219,4110456,0.9816778234488158,0.988067151332575,626924,6109,5592,514285,3019,3192,17099.425551973283,1348.3617645099796,milton_s006,milton,low,6,B_N10_s1
single,land,0.001630082843224244,0.00820376323148393,3684744,0.9515045374940296,0.9584538705517409,209174,5512,5149,109996,2258,2510,6006.437976073474,247.98965007496608,milton_s006,milton,low,6,B_N10_s1
single,active,0.005343122922745559,0.019123656593688813,4110456,0.9766230785561415,0.9869988940669568,851044,7839,12532,617581,3955,4180,21962.671676537022,1503.252298313948,milton_s024,milton,mid,6,B_N10_s1
single,land,0.002916539100467961,0.010323782846077103,3684744,0.9572417480683443,0.9693975005002637,433239,7279,12073,213155,3219,3510,10746.699951214716,392.72182934612556,milton_s024,milton,mid,6,B_N10_s1
single,active,0.005042116429405892,0.018703634238093972,4110456,0.9767347347097,0.9868395246740054,781085,8697,9908,588708,4089,3762,20725.397729950026,1437.9441081837413,milton_s037,milton,low,-6,B_N10_s1
single,land,0.0024928643475975775,0.009554669267877016,3684744,0.9534056876378355,0.9655062450172734,362277,8221,9484,181660,3386,3104,9185.566947624087,336.3865615797888,milton_s037,milton,low,-6,B_N10_s1
single,active,0.005048182311746456,0.01885256703622794,4110456,0.9771353759633724,0.986700811725217,777704,8255,9943,590276,3937,4019,20750.33127241209,1460.9353278394133,milton_s041,milton,mid,0,B_N10_s1
single,land,0.0025313633915220847,0.00982333608422425,3684744,0.9538762527117133,0.964736529989834,358357,7757,9571,182204,3257,3403,9327.426068730652,355.57017529950105,milton_s041,milton,mid,0,B_N10_s1
single,active,0.005520487028513099,0.01904420852579472,4110456,0.9770487898270672,0.9869708400879634,877765,8394,12225,638656,4450,3981,22691.719029273838,1490.7879030534823,milton_s046,milton,mid,-6,B_N10_s1
single,land,0.0030084726191750458,0.010390979198841986,3684744,0.9587559514731658,0.9702478230625466,458921,7929,11813,231538,3764,3336,11085.451432669535,397.8508325523058,milton_s046,milton,mid,-6,B_N10_s1
single,active,0.005522772685034263,0.019181739648007713,4110456,0.9770217861933708,0.9866398001869416,882747,8364,12397,643891,4458,4261,22701.114119835198,1512.3976288934202,milton_s049,milton,high,-6,B_N10_s1
single,land,0.0030590702806805284,0.010603519843735053,3684744,0.9588183928785741,0.9695059260904253,463372,7873,12029,235747,3778,3637,11271.890862315893,414.2928396207724,milton_s049,milton,high,-6,B_N10_s1
single,active,0.004493877865171328,0.018161616503437762,4110456,0.981580503874518,0.9884679669760407,655524,6485,5816,547633,3178,3211,18471.887234160677,1355.8105396209376,milton_s059,milton,mid,0,B_N10_s1
single,land,0.0018367517904331035,0.008803811706154855,3684744,0.9529978139461314,0.9631215177374991,234974,6074,5515,136561,2595,2634,6767.960139287636,285.59382373638414,milton_s059,milton,mid,0,B_N10_s1
single,active,0.0045370240486007785,0.018183445716231,4110456,0.9819584060876982,0.9889854854962159,659661,6353,5767,553551,2948,3217,18649.237722715363,1359.0717100434817,milton_s063,milton,high,6,B_N10_s1
single,land,0.0019071617967391988,0.009261338752318531,3684744,0.9540514722634127,0.9653191416777539,238697,5982,5514,141482,2395,2688,7027.402987563983,316.0493196297066,milton_s063,milton,high,6,B_N10_s1
single,active,0.005243242543152592,0.019062118719137183,4110456,0.9772337067310547,0.9872119967842461,790027,8474,9931,605389,3952,3890,21552.11777095683,1493.5932551095418,milton_s068,milton,high,0,B_N10_s1
single,land,0.002648459528727248,0.010149266317109443,3684744,0.9543309527191951,0.9667968652817515,369474,8068,9613,194302,3372,3301,9758.895357720554,379.5566610207967,milton_s068,milton,high,0,B_N10_s1
single,active,0.003933700024705648,0.017464242684914408,4110456,0.9835983926853259,0.9867060066752461,551001,4030,5158,471532,2977,3376,16169.300868751481,1253.6881451079664,dorian_s005,dorian,low,0,B_N10_s1
single,land,0.001134789773993158,0.00714792302066826,3684744,0.9535073624318415,0.9538982127041082,144792,2986,4074,84006,1944,2116,4181.409810982645,188.26390117443788,dorian_s005,dorian,low,0,B_N10_s1
single,active,0.003957651106372839,0.017541636826695985,4110456,0.983626294245124,0.9866499494506552,551475,3963,5217,471373,2930,3448,16267.750736096874,1264.824398034641,dorian_s006,dorian,low,6,B_N10_s1
single,land,0.0011537408853876591,0.00719107454501752,3684744,0.9538094862905767,0.9536209132482424,145269,2922,4113,83829,1908,2169,4251.239804986864,190.54383506011942,dorian_s006,dorian,low,6,B_N10_s1
single,active,0.0049828102881963035,0.018573906031123872,4110456,0.9726486795452313,0.9857851226817971,653439,6524,11851,507148,3266,4047,20481.622445978224,1418.0661548231867,dorian_s024,dorian,mid,6,B_N10_s1
single,land,0.002292453003022501,0.009437640017688232,3684744,0.9384083570750238,0.9594880669698556,247036,5510,10704,119202,2268,2765,8447.102448169142,328.1966442697176,dorian_s024,dorian,mid,6,B_N10_s1
single,active,0.004417760508077172,0.017618556053874333,4110456,0.9796401929223311,0.9855533780548167,593708,5299,7040,489822,3413,3767,18159.01018698886,1275.941105174579,dorian_s037,dorian,low,-6,B_N10_s1
single,land,0.0016343756815220198,0.008169157751728466,3684744,0.9474608182373295,0.9528731353966845,186195,4412,5913,99843,2534,2404,6022.255986234173,245.90190070770083,dorian_s037,dorian,low,-6,B_N10_s1
single,active,0.004395478293496957,0.017815658761691965,4110456,0.9795426065162908,0.9855348611450967,594073,5261,7146,491366,3480,3732,18067.42012437433,1304.649268484526,dorian_s041,dorian,mid,0,B_N10_s1
single,land,0.001630209123527663,0.008212627937338478,3684744,0.9469253126606569,0.9525322139973719,186032,4386,6041,100756,2631,2390,6006.903286663815,248.52587789495166,dorian_s041,dorian,mid,0,B_N10_s1
single,active,0.004882038623391929,0.018087268492350705,4110456,0.9758376414909491,0.985297496423324,647439,5924,10107,510324,3501,4114,20067.404951753095,1344.732727096483,dorian_s046,dorian,mid,-6,B_N10_s1
single,land,0.002148588776997844,0.009147448080598022,3684744,0.9447599990546491,0.9571323927513615,239850,5035,8989,120212,2646,2738,7916.999604510143,308.32392553053114,dorian_s046,dorian,mid,-6,B_N10_s1
single,active,0.004882950184669638,0.01835135627866701,4110456,0.9760070983317118,0.9854922299713189,650091,5958,10023,512657,3479,4068,20071.15188427642,1384.2876277240407,dorian_s049,dorian,high,-6,B_N10_s1
single,land,0.0021545653362681394,0.009191753016232124,3684744,0.9451624115884975,0.958097991311657,242006,5109,8932,121963,2635,2699,7939.021695422009,311.3178431287355,dorian_s049,dorian,high,-6,B_N10_s1
single,active,0.004135622958069795,0.017732298710552364,4110456,0.9842448519703871,0.9863502292327915,569551,3830,5287,492244,3118,3694,16999.296201735735,1292.4688382670638,dorian_s059,dorian,mid,0,B_N10_s1
single,land,0.0012570895899843713,0.007621274175802124,3684744,0.956464600606915,0.9556301807409123,160116,3009,4279,99031,2219,2379,4632.053324157372,214.0240074732916,dorian_s059,dorian,mid,0,B_N10_s1
single,active,0.004174122759814778,0.017924055670461972,4110456,0.984222568706089,0.9863193156666866,572539,3749,5429,494649,3099,3762,17157.54794281721,1320.5734815237251,dorian_s063,dorian,high,6,B_N10_s1
single,land,0.0013003066898386244,0.007825297482936767,3684744,0.956844520265898,0.955764380132375,162654,2936,4400,100793,2211,2454,4791.297273542732,225.63633313458394,dorian_s063,dorian,high,6,B_N10_s1
single,active,0.004528238816641489,0.01806924641295451,4110456,0.9798710277002864,0.9854837060401312,603092,5216,7173,501150,3437,3945,18613.126413296908,1342.0542899164705,dorian_s068,dorian,high,0,B_N10_s1
single,land,0.001701781451645886,0.008513338909173126,3684744,0.948124387855044,0.9543109474969691,193607,4451,6142,107840,2594,2569,6270.628993263468,267.0589675278135,dorian_s068,dorian,high,0,B_N10_s1
single,active,0.00496080388725208,0.019177850474116048,4110456,0.9670456278007523,0.9811742039068772,615247,6183,14783,458331,3580,5214,20391.166103178635,1511.7844018156998,beryl_s005,beryl,low,0,B_N10_s1
single,land,0.002356356569472531,0.009922349070112328,3684744,0.9247039130581071,0.9397686181775765,219865,4548,13355,88623,2051,3629,8682.570731224492,362.7741418190171,beryl_s005,beryl,low,0,B_N10_s1
single,active,0.004838504230166458,0.019017457866579587,4110456,0.9677371277838587,0.9812385217783014,603867,5990,14142,453081,3475,5188,19888.4587439131,1486.6027408851942,beryl_s006,beryl,low,6,B_N10_s1
single,land,0.0022139165817084195,0.009659894062136921,3684744,0.9242594742111838,0.9375940863234997,208622,4381,12715,83459,1972,3583,8157.715840950608,343.8365556103018,beryl_s006,beryl,low,6,B_N10_s1
single,active,0.005945830955232403,0.020321111487565633,4110456,0.9621059162581417,0.9790581999457781,738119,7721,21351,530862,3971,7384,24440.07652492076,1697.4028253830686,beryl_s024,beryl,mid,6,B_N10_s1
single,land,0.0034138990303837595,0.01207167238757326,3684744,0.9291860127092972,0.9507807538681591,342012,6175,19890,160198,2552,5741,12579.343968812376,536.960329878028,beryl_s024,beryl,mid,6,B_N10_s1
single,active,0.005688673497613681,0.019150612247414208,4110456,0.9654449352159358,0.9805625142336598,722399,6942,18914,516678,3737,6505,23383.042110307142,1507.4930883957834,beryl_s037,beryl,low,-6,B_N10_s1
single,land,0.0031727725738475787,0.011339229374091202,3684744,0.9333258502637782,0.950776960392345,324285,5637,17529,142685,2456,4931,11690.854704849422,473.777466512125,beryl_s037,beryl,low,-6,B_N10_s1
single,active,0.00565360076319426,0.02007355580357364,4110456,0.9653385561783634,0.9804868286093112,706790,6773,18605,509509,3861,6279,23238.877178676426,1656.2985552076757,beryl_s041,beryl,mid,0,B_N10_s1
single,land,0.003107756010913959,0.011351965062493502,3684744,0.9317686924849521,0.9491841688062068,308517,5350,17242,135310,2493,4751,11451.285314679146,474.84231324420966,beryl_s041,beryl,mid,0,B_N10_s1
single,active,0.00613153003086413,0.019411361693824437,4110456,0.9625927420987475,0.9795940055540263,784541,7995,22493,562285,3969,7744,25203.38440454565,1548.823778381872,beryl_s046,beryl,mid,-6,B_N10_s1
single,land,0.003691926134268633,0.012373777069805013,3684744,0.9327062963088271,0.9546726214698462,385952,6732,21114,187681,2759,6152,13603.80267168954,564.172476564464,beryl_s046,beryl,mid,-6,B_N10_s1
single,active,0.006133185687520658,0.02045533800569083,4110456,0.9627548950761852,0.9796476221629861,785582,8104,22287,563027,4050,7647,25210.189908383414,1719.9005054391498,beryl_s049,beryl,high,-6,B_N10_s1
single,land,0.003681347613278921,0.01238747129441795,3684744,0.9332228821959037,0.9550168097481326,386973,6778,20912,188336,2773,6098,13564.823529943824,565.421922025118,beryl_s049,beryl,high,-6,B_N10_s1
single,active,0.00500685635955173,0.018887655597427642,4110456,0.9702186126038105,0.9826333902126633,635532,5814,13694,480266,3523,4965,20580.462764257565,1466.3785996560225,beryl_s059,beryl,mid,0,B_N10_s1
single,land,0.0023864206897173893,0.009909461618063957,3684744,0.9330986054948494,0.9468815581164169,235599,4481,12411,102873,2253,3518,8793.349317912012,361.8323893862006,beryl_s059,beryl,mid,0,B_N10_s1
single,active,0.004883289653328213,0.019488959483577258,4110456,0.971120590001443,0.9825725182494549,625861,5640,12972,476360,3459,4990,20072.54725526087,1561.2315143138799,beryl_s063,beryl,high,6,B_N10_s1
single,land,0.002268915549197424,0.009747785975930302,3684744,0.9333647591993021,0.9454348534514156,225724,4339,11776,98641,2156,3537,8360.372956411913,350.12191138007597,beryl_s063,beryl,high,6,B_N10_s1
single,active,0.005682429706881773,0.01978748962136903,4110456,0.9666984235796429,0.9811827805009508,716368,6572,18106,520646,3766,6219,23357.377283230424,1609.42744847384,beryl_s068,beryl,high,0,B_N10_s1
single,land,0.003124991410284789,0.011355672823507234,3684744,0.9346015451526969,0.9516568421753755,316100,5308,16811,142877,2527,4731,11514.793349098414,475.15254840253243,beryl_s068,beryl,high,0,B_N10_s1
single,active,0.007063349427197141,0.022238547438564925,4110456,0.9719701146366039,0.9849014401364327,1022532,7441,22047,760012,3695,7956,29033.587033119053,2032.8383140131464,irma_s005,irma,low,0,B_N10_s2
single,land,0.004202070797497527,0.013133825934701724,3684744,0.9551559464028868,0.9722143052891203,605630,7069,21365,354761,3188,6951,15483.555158654228,635.6086995417928,irma_s005,irma,low,0,B_N10_s2
single,active,0.007093916245323485,0.022306808780117714,4110456,0.9713411243638508,0.9847256408441659,1007950,6925,22814,751324,3434,8220,29159.230594087392,2045.3370835211342,irma_s006,irma,low,6,B_N10_s2
single,land,0.00422021628887511,0.013246094579121853,3684744,0.9537535231377585,0.9715268831690059,591166,6532,22133,346156,2955,7190,15550.41664913483,646.5215770829379,irma_s006,irma,low,6,B_N10_s2
single,active,0.008201261738912807,0.02353456714389538,4110456,0.9661991651450205,0.9833263083486669,1119134,7905,31246,823523,4389,9575,33710.92552228458,2276.6823135615336,irma_s024,irma,mid,6,B_N10_s2
single,land,0.005374555826910066,0.015009722193932245,3684744,0.9485488411803803,0.9709916175793727,702150,7515,30571,417707,3897,8582,19803.862335871905,830.14246215865,irma_s024,irma,mid,6,B_N10_s2
single,active,0.007862830635917136,0.022699588673981416,4110456,0.9701523220984267,0.9844051687519308,1108985,8125,25994,815749,4680,8243,32319.819364389405,2118.0001134528966,irma_s037,irma,low,-6,B_N10_s2
single,land,0.0049588871320857784,0.014799266047773077,3684744,0.9541713810477047,0.9722714004884733,690676,7850,25323,408038,4297,7340,18272.22960663028,807.026276733412,irma_s037,irma,low,-6,B_N10_s2
single,active,0.007766758218605653,0.022976311646085455,4110456,0.9702736842848095,0.9845276028337318,1099943,7692,26007,816325,4331,8498,31924.917920216918,2169.9545134555206,irma_s041,irma,mid,0,B_N10_s2
single,land,0.004843497522307042,0.014183860327206487,3684744,0.9540716448173592,0.9725113551469904,681335,7380,25419,407456,3928,7589,17847.04843433574,741.3037760207642,irma_s041,irma,mid,0,B_N10_s2
single,active,0.008404586257421465,0.02306792273626595,4110456,0.9675519952325672,0.9832836642485513,1156005,8648,30120,850268,5106,9349,34546.68200933561,2187.29308484671,irma_s046,irma,mid,-6,B_N10_s2
single,land,0.005532652204837553,0.01569563946350681,3684744,0.951217845047499,0.9710717037967291,737561,8375,29450,442295,4733,8443,20386.407015861943,907.7481003573945,irma_s046,irma,mid,-6,B_N10_s2
single,active,0.008494504372012372,0.024054783785502926,4110456,0.9673256183178695,0.9834291558089469,1163714,8578,30730,859700,4863,9623,34916.28646296449,2378.443936871653,irma_s049,irma,high,-6,B_N10_s2
single,land,0.0055812496960326325,0.015498157931932783,3684744,0.9509638841832612,0.9715591265682482,744929,8288,30124,450545,4455,8734,20565.476329958066,885.0493444761214,irma_s049,irma,high,-6,B_N10_s2
single,active,0.007610199101532709,0.023423980800346366,4110456,0.9725717845665831,0.9848361307771856,1055325,7158,22604,792344,3760,8440,31281.388558089733,2255.33682195053,irma_s059,irma,mid,0,B_N10_s2
single,land,0.004517220331101128,0.01409268407284474,3684744,0.9564073045755175,0.9719328674182524,635547,6894,22074,381056,3403,7601,16644.800511702895,731.803955470728,irma_s059,irma,mid,0,B_N10_s2
single,active,0.00791755825754487,0.02415944747268583,4110456,0.9706282080896971,0.9841038976484769,1046278,6691,24970,794348,3320,9511,32544.774845074862,2399.1864455616605,irma_s063,irma,high,6,B_N10_s2
single,land,0.004716344977447686,0.014629907643158153,3684744,0.9530296299451703,0.9702737496413399,626434,6395,24479,382120,2982,8725,17378.523857580498,788.6612255758403,irma_s063,irma,high,6,B_N10_s2
single,active,0.008062968428669756,0.023754947125637884,4110456,0.9704154529483561,0.9847154421743064,1114691,7640,26343,835921,4284,8691,33142.47695543617,2319.5200978569114,irma_s068,irma,high,0,B_N10_s2
single,land,0.005020550216068988,0.01476140552972872,3684744,0.9544155865562656,0.9729242125532988,694826,7368,25818,424409,3923,7888,18499.442285358906,802.9023763224316,irma_s068,irma,high,0,B_N10_s2
single,active,0.004227980023724024,0.021841412593207862,4110456,0.9856456119158375,0.9879688548744379,558110,2907,5221,490160,2068,3901,17378.925856396556,1960.8819532849518,ian_s005,ian,low,0,B_N10_s2
single,land,0.0011132628456149531,0.00780371457297544,3684744,0.9568030584695828,0.958376251493552,145657,2243,4333,93043,1364,2677,4102.088590802625,224.3933969098383,ian_s005,ian,low,0,B_N10_s2
single,active,0.004239893671863174,0.021863244051870307,4110456,0.985709412344876,0.987995701517574,557672,2905,5180,490035,2055,3899,17427.896382872015,1964.8038889953052,ian_s006,ian,low,6,B_N10_s2
single,land,0.0011178041883246818,0.007821323360728364,3684744,0.9569978914074855,0.9584347539089897,145234,2238,4288,92926,1355,2675,4118.822276104242,225.4072099183092,ian_s006,ian,low,6,B_N10_s2
single,active,0.0045483222078959475,0.022079425275672925,4110456,0.9819877608932028,0.9872999745999492,592445,4024,6843,501423,2323,4127,18695.678309379146,2003.8514947368901,ian_s024,ian,mid,6,B_N10_s2
single,land,0.0014379087076222738,0.008399962838762877,3684744,0.9508743198267209,0.9584379281491086,179991,3355,5944,104233,1628,2892,5298.325482958928,259.99323622704367,ian_s024,ian,mid,6,B_N10_s2
single,active,0.004413929015388611,0.020366567278475935,4110456,0.9849081730777356,0.988307422644514,582781,3341,5589,505202,2208,3769,18143.261004878208,1705.0050751932972,ian_s037,ian,low,-6,B_N10_s2
single,land,0.0012791075088414287,0.0078055486801222205,3684744,0.9572068120461608,0.9609888304862023,169126,2809,4752,105309,1575,2700,4713.183718558401,224.49888767164663,ian_s037,ian,low,-6,B_N10_s2
single,active,0.004490840029419057,0.021392297767902177,4110456,0.9848790525954768,0.9880502301990917,585810,3278,5716,508835,2204,3950,18459.40034396574,1881.069639043464,ian_s041,ian,mid,0,B_N10_s2
single,land,0.001337209078751614,0.008314854461827805,3684744,0.9573721359055636,0.960683972931984,171855,2712,4940,108320,1566,2867,4927.273129675537,254.75142637626837,ian_s041,ian,mid,0,B_N10_s2
single,active,0.004587924233314302,0.020459872481019627,4110456,0.9827299517088814,0.9880152858582686,604602,3916,6709,512692,2403,3816,18858.460692372173,1720.663114281856,ian_s046,ian,mid,-6,B_N10_s2
single,land,0.0014671702450108656,0.00813499355601468,3684744,0.9538279400157853,0.9614387777720941,190943,3379,5864,112771,1783,2740,5406.146757282317,243.8494311775754,ian_s046,ian,mid,-6,B_N10_s2
single,active,0.0046831756450958625,0.02153581114710896,4110456,0.982290433026019,0.9876947424554321,608802,3934,7042,516753,2395,4043,19249.98742943816,1906.393163619568,ian_s049,ian,high,-6,B_N10_s2
single,land,0.001539460840319239,0.008646000013326667,3684744,0.952873051660643,0.9609224485070986,194833,3376,6260,116213,1762,2964,5672.5190946012735,275.44683346023385,ian_s049,ian,high,-6,B_N10_s2
single,active,0.00460415192694321,0.021357897573409248,4110456,0.986542714571196,0.9884391184277966,583028,2983,4970,516839,2256,3789,18925.163913015276,1875.0247406518222,ian_s059,ian,mid,0,B_N10_s2
single,land,0.0013237377489275714,0.008493444314783207,3684744,0.9615796251251968,0.962460165171892,168012,2466,4247,113860,1618,2823,4877.634727934375,265.81225998921093,ian_s059,ian,mid,0,B_N10_s2
single,active,0.004758076316481363,0.022578433563875348,4110456,0.9858710031135098,0.9879395499781184,588006,3060,5367,521475,2261,4105,19557.863343538716,2095.4515338971105,ian_s063,ian,high,6,B_N10_s2
single,land,0.0014403633681670277,0.009386242764536635,3684744,0.9597742021513024,0.9611504684796448,172744,2557,4683,117764,1670,3090,5307.3702786732465,324.6316696726701,ian_s063,ian,high,6,B_N10_s2
single,active,0.0047270153452921,0.021439503535938848,4110456,0.9850976276980851,0.9881887675861599,597046,3311,5721,521736,2343,3893,19430.188588147983,1889.3806032297778,ian_s068,ian,high,0,B_N10_s2
single,land,0.0014584332069660958,0.008723165619076935,3684744,0.9590221800748117,0.9624846996263061,182032,2787,4991,118735,1702,2926,5373.95300876908,280.3855039034471,ian_s068,ian,high,0,B_N10_s2
single,active,0.004608167110072237,0.018939801479789315,4110456,0.981225387512438,0.9876626720884291,628154,5452,6567,513952,2543,3877,18941.668146599084,1474.486663718162,milton_s005,milton,low,0,B_N10_s2
single,land,0.0016484895596980231,0.008343965414661406,3684744,0.9504860637639803,0.9568843073866558,210507,4954,6012,109813,1928,3020,6074.262014159933,256.53835815906376,milton_s005,milton,low,0,B_N10_s2
single,active,0.004604977013334209,0.01893526567481684,4110456,0.9816502972830586,0.9882416766384123,626073,5260,6443,513690,2325,3787,18928.55539432168,1473.7805123774324,milton_s006,milton,low,6,B_N10_s2
single,land,0.00164060584064942,0.008350140509303404,3684744,0.951354657319166,0.9593314421797297,208438,4773,5885,109571,1710,2935,6045.212527697906,256.91820988431886,milton_s006,milton,low,6,B_N10_s2
single,active,0.005713355896989262,0.019777977610151022,4110456,0.9761352755845777,0.9868832409952345,849225,6411,14351,616503,2936,5258,23484.498026914895,1607.8804899984268,milton_s024,milton,mid,6,B_N10_s2
single,land,0.002945784001296668,0.010440540199825026,3684744,0.9562447510763756,0.969225852110586,431537,5971,13775,212275,2350,4390,10854.45992407389,401.6550763132444,milton_s024,milton,mid,6,B_N10_s2
single,active,0.0053709014477797915,0.019576851335446142,4110456,0.9764197741188732,0.9866851539130406,779472,7303,11521,587794,3256,4676,22076.85408143513,1575.3450381610992,milton_s037,milton,low,-6,B_N10_s2
single,land,0.002487120823149731,0.009613972559530838,3684744,0.9526359708886565,0.9649453187516671,360748,6923,11013,180879,2686,3885,9164.403530376032,340.5752442754889,milton_s037,milton,low,-6,B_N10_s2
single,active,0.005448610888149764,0.019562758914092985,4110456,0.9765964059710057,0.9865816300908954,776108,7060,11539,589374,3095,4921,22396.275316860527,1573.0778262206666,milton_s041,milton,mid,0,B_N10_s2
single,land,0.0025385168330371902,0.009915994137515954,3684744,0.952669909392336,0.9642236500167403,356853,6654,11075,181437,2562,4170,9353.784669432789,362.30960122782693,milton_s041,milton,mid,0,B_N10_s2
single,active,0.005782856038882071,0.019799431530789252,4110456,0.9765078444709582,0.9869380198360054,875742,6820,14248,637559,3360,5078,23770.17530215904,1611.3706395282695,milton_s046,milton,mid,-6,B_N10_s2
single,land,0.0030065482455839962,0.010409511923754715,3684744,0.9577341408722259,0.970207591783842,457002,6436,13732,230597,2804,4277,11078.360608626157,399.27126370631333,milton_s046,milton,mid,-6,B_N10_s2
single,active,0.005844175436773158,0.019722419587313755,4110456,0.9764956696422632,0.9866227460900505,880803,6860,14341,642764,3327,5388,24022.225989136845,1598.859831362292,milton_s049,milton,high,-6,B_N10_s2
single,land,0.0030646629389370758,0.010649655205812762,3684744,0.9578073344802754,0.9693407328493918,461530,6460,13871,234753,2794,4631,11292.498376270756,417.9058155899939,milton_s049,milton,high,-6,B_N10_s2
single,active,0.004853812904246684,0.018865051719304252,4110456,0.9815874110670455,0.9883971981275079,654655,5595,6685,547065,2643,3779,19951.38437513821,1462.8709108094458,milton_s059,milton,mid,0,B_N10_s2
single,land,0.0018390120897285582,0.008878458191214467,3684744,0.9529175263185737,0.9628492608049798,234169,5250,6320,136118,2175,3077,6776.288763554767,290.4573884417505,milton_s059,milton,mid,0,B_N10_s2
single,active,0.004960002209209101,0.01894788843409272,4110456,0.9818915700183186,0.9890441043653682,658754,5475,6674,553025,2383,3743,20387.870840856805,1475.7460910645957,milton_s063,milton,high,6,B_N10_s2
single,land,0.0019179865173427943,0.009403521732176595,3684744,0.9536711429041145,0.9653584260051326,237837,5180,6374,141063,1955,3107,7067.289311859757,325.8279871527343,milton_s063,milton,high,6,B_N10_s2
single,active,0.005628059033478999,0.019781709007005956,4110456,0.9768162197255413,0.9870922127098842,788404,7158,11554,604516,3142,4763,23133.88902251795,1608.4872462887313,milton_s068,milton,high,0,B_N10_s2
single,land,0.002650508865816524,0.010215834283793707,3684744,0.9533420571887592,0.9664138678223185,367909,6828,11178,193564,2688,4039,9766.446640264243,384.5519333727009,milton_s068,milton,high,0,B_N10_s2
single,active,0.004178325486218074,0.01721442230954577,4110456,0.9829415844911794,0.9864551967495825,549830,3213,6329,470767,2323,4141,17174.823064778,1218.077468074167,dorian_s005,dorian,low,0,B_N10_s2
single,land,0.0011406958456527793,0.007239836204993683,3684744,0.9516348773841962,0.9528340635268346,143891,2338,4975,83514,1526,2608,4203.172173094004,193.13669789544264,dorian_s005,dorian,low,0,B_N10_s2
single,active,0.004201681954614308,0.01728704578332602,4110456,0.9829887866025084,0.9864516764583207,550342,3174,6350,470643,2286,4178,17270.82880043611,1228.376694299942,dorian_s006,dorian,low,6,B_N10_s2
single,land,0.0011586752090624076,0.0072809045656116395,3684744,0.9519062782249824,0.9530199807964885,144388,2301,4994,83374,1486,2624,4269.4215245414525,195.33406925446002,dorian_s006,dorian,low,6,B_N10_s2
single,active,0.00524880914940521,0.018369062563795027,4110456,0.9714458634141833,0.9851266820550947,651676,5541,13614,506164,2611,5031,21574.99906102754,1386.9601730739712,dorian_s024,dorian,mid,6,B_N10_s2
single,land,0.00230527671983197,0.009526688739120272,3684744,0.9355293490064585,0.9575779608983681,245525,4705,12215,118529,1813,3438,8494.354561740533,334.4192528573455,dorian_s024,dorian,mid,6,B_N10_s2
single,active,0.004646978773061212,0.017581846801963417,4110456,0.9788147425993704,0.9851139924038645,592364,4437,8384,488917,2716,4672,19101.201779602095,1270.6296542669504,dorian_s037,dorian,low,-6,B_N10_s2
single,land,0.0016394215926811026,0.008257945988405747,3684744,0.9450538787600224,0.9513312942845911,185051,3702,7057,99221,2050,3026,6040.848877102137,251.2762235462484,dorian_s037,dorian,low,-6,B_N10_s2
single,active,0.004642894827501869,0.017607855137232977,4110456,0.9786628052888108,0.9851666914390619,592733,4437,8486,490481,2768,4617,19084.414901074022,1274.3916486863584,dorian_s041,dorian,mid,0,B_N10_s2
single,land,0.0016389065485937326,0.008283300195127841,3684744,0.9443644275557734,0.9512987629923804,184899,3719,7174,100128,2108,3018,6038.951071491465,252.82156897789577,dorian_s041,dorian,mid,0,B_N10_s2
single,active,0.005122892594945246,0.018095125257403456,4110456,0.9747132925397194,0.984975287538577,645769,4976,11777,509378,2710,5060,21057.424604248255,1345.9012334158901,dorian_s046,dorian,mid,-6,B_N10_s2
single,land,0.002155667357116713,0.009239588539131996,3684744,0.9419488160197876,0.9563356506852054,238395,4248,10444,119541,2049,3409,7943.082360131666,314.56658191344127,dorian_s046,dorian,mid,-6,B_N10_s2
single,active,0.005133590831153631,0.01817170178408887,4110456,0.9747756659365505,0.9850973552185246,648412,5077,11702,511697,2713,5028,21101.399233460426,1357.3167410497715,dorian_s049,dorian,high,-6,B_N10_s2
single,land,0.0021624700526839333,0.009266329972207521,3684744,0.9420927299645154,0.9568291393445857,240537,4384,10401,121258,2067,3404,7968.1485518068075,316.39006879485345,dorian_s049,dorian,high,-6,B_N10_s2
single,active,0.004337327008700165,0.017465015222246093,4110456,0.9836982101081133,0.986096035664772,568491,3074,6347,491489,2481,4449,17828.391826873645,1253.7990622926739,dorian_s059,dorian,mid,0,B_N10_s2
single,land,0.0012616169166515948,0.007680356881217447,3684744,0.9549687299502917,0.9550445290771482,159263,2378,5132,98552,1781,2858,4648.735363930464,217.3552436195079,dorian_s059,dorian,mid,0,B_N10_s2
single,active,0.004391375544639202,0.017631693043025264,4110456,0.9836335287213501,0.9859348671548702,571556,3098,6412,493839,2473,4572,18050.555955715477,1277.844583935244,dorian_s063,dorian,high,6,B_N10_s2
single,land,0.0013045046996975921,0.007897766223395272,3684744,0.9551516582084267,0.95480823261617,161860,2406,5194,100252,1750,2995,4806.765865182504,229.83484328590305,dorian_s063,dorian,high,6,B_N10_s2
single,active,0.0047591662008475005,0.01786100767324502,4110456,0.9789651278947556,0.9851719276690925,601717,4381,8548,500357,2793,4738,19562.343265270814,1311.2995669876461,dorian_s068,dorian,high,0,B_N10_s2
single,land,0.001708925788551842,0.008563502490865066,3684744,0.9457391389817181,0.9535850733007553,192439,3731,7310,107326,2141,3083,6296.954045811668,270.2154501520501,dorian_s068,dorian,high,0,B_N10_s2
single,active,0.005230408818076849,0.019268968037244916,4110456,0.9662584700021086,0.9809215633296021,614036,5448,15994,457441,2793,6104,21499.365308716893,1526.1840707626297,beryl_s005,beryl,low,0,B_N10_s2
single,land,0.0023810988261258386,0.010002990407534917,3684744,0.9227495660087978,0.9385562311648759,218998,4112,14222,88137,1655,4115,8773.739612974226,368.6948106753972,beryl_s005,beryl,low,0,B_N10_s2
single,active,0.005105846830462503,0.019112645298982222,4110456,0.9670779780231064,0.9810859062994193,602771,5282,15238,452260,2710,6009,20987.35873935558,1501.5216681384547,beryl_s006,beryl,low,6,B_N10_s2
single,land,0.002234255184274797,0.009724588918083492,3684744,0.9225658709342422,0.9367602757500197,207879,3990,13458,83026,1589,4016,8232.658384725451,348.45750585756554,beryl_s006,beryl,low,6,B_N10_s2
single,active,0.0063001553081010195,0.020505064968565478,4110456,0.9608813377961335,0.9777839771207295,736357,6865,23113,529251,3030,8995,25896.511187115684,1728.2728319968753,beryl_s024,beryl,mid,6,B_N10_s2
single,land,0.003540860785274868,0.01231926435610684,3684744,0.926770404512297,0.9470725214252959,340615,5627,21287,159022,1970,6917,13047.165533376858,559.2124990515352,beryl_s024,beryl,mid,6,B_N10_s2
single,active,0.006053372879520658,0.019801668553052904,4110456,0.9645388647620271,0.9796771844983168,720933,6125,20380,515368,2876,7815,24882.122872862965,1611.7347788345364,beryl_s037,beryl,low,-6,B_N10_s2
single,land,0.0032541515740252686,0.011499067614360549,3684744,0.9315471299955893,0.948315989406383,323136,5067,18678,141796,1908,5820,11990.715487480164,487.22837834832126,beryl_s037,beryl,low,-6,B_N10_s2
single,active,0.005967980580191099,0.02031266441616165,4110456,0.9644555109340838,0.9798304003269391,705342,5942,20053,508288,2963,7500,24531.121583729982,1695.9919672366666,beryl_s041,beryl,mid,0,B_N10_s2
single,land,0.003178549162425537,0.011491819431494073,3684744,0.9298324691589577,0.9471512078315374,307371,4807,18388,134486,1929,5575,11712.139954952523,486.61434467280407,beryl_s041,beryl,mid,0,B_N10_s2
single,active,0.006546839824830289,0.020008224100830533,4110456,0.9614546982153451,0.978061114096864,782727,7073,24307,560519,3063,9510,26910.49703901261,1645.5348701982603,beryl_s046,beryl,mid,-6,B_N10_s2
single,land,0.0038286734114987954,0.01261311099593276,3684744,0.9306241406688743,0.9507973362590258,384452,6046,22614,186323,2132,7510,14107.681380979717,586.2080195635649,beryl_s046,beryl,mid,-6,B_N10_s2
single,active,0.00652210786852252,0.020688281523492228,4110456,0.9616679632570022,0.978225407293286,783719,7089,24150,561294,3114,9380,26808.837420815602,1759.2956890210914,beryl_s049,beryl,high,-6,B_N10_s2
single,land,0.0038128030551507477,0.012615733249061093,3684744,0.9312049403714943,0.9512574777194481,385422,6011,22463,187002,2150,7432,14049.203180648386,586.4517890195453,beryl_s049,beryl,high,-6,B_N10_s2
single,active,0.005270154077690554,0.01897809874421723,4110456,0.9695410527988704,0.9823906793952097,634457,5163,14769,479443,2806,5788,21662.7364495676,1480.4556700087835,beryl_s059,beryl,mid,0,B_N10_s2
single,land,0.0024050852050853623,0.009951867926199173,3684744,0.9312648255837016,0.9458123527509585,234770,4088,13240,102370,1844,4021,8862.123278927058,364.9358490307296,beryl_s059,beryl,mid,0,B_N10_s2
single,active,0.005159968555124979,0.01924803774392669,4110456,0.9705084340380724,0.9823167532236807,624890,5046,13943,475514,2724,5836,21209.8237072248,1522.8703352879727,beryl_s063,beryl,high,6,B_N10_s2
single,land,0.0022830587186369175,0.00977219888093734,3684744,0.9317804418493902,0.9446315829996921,225011,3985,12489,98151,1726,4027,8412.48691514507,351.8778375762973,beryl_s063,beryl,high,6,B_N10_s2
single,active,0.00598963914724308,0.02001352455309811,4110456,0.9657834944872657,0.9805188064017456,714956,5812,19518,519472,2928,7393,24620.148170620203,1646.4068350752214,beryl_s068,beryl,high,0,B_N10_s2
single,land,0.0031911097515145257,0.01147123389840753,3684744,0.9326117856085283,0.9496266286944371,314943,4789,17968,142048,1975,5560,11758.422510234639,484.8725415179934,beryl_s068,beryl,high,0,B_N10_s2
single,active,0.006588209107514846,0.021762115664297563,4110456,0.9728140117365567,0.9851901625081565,1024987,9052,19592,760953,4424,7015,27080.543655239046,1946.6695342388036,irma_s005,irma,low,0,Bp_N1_s0
single,land,0.004177230969712769,0.012967480960233216,3684744,0.9564339019105895,0.9724461905921429,607874,8568,19121,355432,3791,6280,15392.026752263308,619.6101998190421,irma_s005,irma,low,0,Bp_N1_s0
single,active,0.006550107858725566,0.02177858235020666,4110456,0.9715705352141953,0.9851512186688356,1009557,8334,21207,752160,3953,7384,26923.930148545653,1949.6166119812808,irma_s006,irma,low,6,Bp_N1_s0
single,land,0.004176701724382157,0.013030577755072189,3684744,0.9539903820611111,0.9719757437109431,592553,7832,20746,346695,3345,6651,15390.076618706807,625.6546324202717,irma_s006,irma,low,6,Bp_N1_s0
single,active,0.00767270074728081,0.023580907204673828,4110456,0.9661093214882038,0.9836745360470445,1120767,9703,29613,824335,4918,8763,31538.29882286489,2285.6568116754256,irma_s024,irma,mid,6,Bp_N1_s0
single,land,0.005344515137973065,0.014904422679291608,3684744,0.9483243386043703,0.9713233347422398,703577,9195,29144,418246,4305,8043,19693.170087555423,818.5357214552455,irma_s024,irma,mid,6,Bp_N1_s0
single,active,0.007559089306484329,0.022290339890796984,4110456,0.9702503066798542,0.9846509317009874,1110467,9537,24512,816508,5244,7484,31071.30399437435,2042.3180953773356,irma_s037,irma,low,-6,Bp_N1_s0
single,land,0.004933497878961397,0.014626960495376063,3684744,0.9542168209504136,0.9726146412291873,691978,9180,24021,408610,4737,6768,18178.676708515733,788.3435110520076,irma_s037,irma,low,-6,Bp_N1_s0
single,active,0.007380640990111888,0.02302065954036867,4110456,0.9703467969236652,0.9842227333439415,1101331,9037,24619,816460,4725,8363,30337.800041651353,2178.3393044675076,irma_s041,irma,mid,0,Bp_N1_s0
single,land,0.004871556089876492,0.014248799725195549,3684744,0.9540784020463647,0.971679165712541,682562,8661,24192,407359,4187,7686,17950.437072835863,748.1072867050163,irma_s041,irma,mid,0,Bp_N1_s0
single,active,0.008151920624733315,0.02279645108608912,4110456,0.9675204131014958,0.9833510310713737,1157554,10288,28571,851050,5842,8567,33508.111043458804,2136.1143017661125,irma_s046,irma,mid,-6,Bp_N1_s0
single,land,0.005545782091452314,0.015674549399564048,3684744,0.9510885094486791,0.9710927907384669,738933,9923,28078,442896,5342,7842,20434.787286786363,905.3102763467788,irma_s046,irma,mid,-6,Bp_N1_s0
single,active,0.008137824721110421,0.02423816221225692,4110456,0.9677445335839795,0.9836012920540504,1165507,9910,28937,860539,5563,8784,33450.17045183666,2414.8456602871493,irma_s049,irma,high,-6,Bp_N1_s0
single,land,0.005605448526386251,0.015597664988887039,3684744,0.9515215473950925,0.9716843778402849,746560,9543,28493,451155,5023,8124,20654.64282491058,896.4508776827661,irma_s049,irma,high,-6,Bp_N1_s0
single,active,0.007285285732260278,0.02390505544161693,4110456,0.9727473697100719,0.9847691208893581,1056498,8168,21431,792813,4291,7971,29945.846449883655,2348.9269689545663,irma_s059,irma,mid,0,Bp_N1_s0
single,land,0.00454315914784215,0.01426174115178412,3684744,0.9566709695646359,0.9715938912470763,636610,7822,21011,381337,3829,7320,16740.378411056474,749.4668359088811,irma_s059,irma,mid,0,Bp_N1_s0
single,active,0.0074443419035633285,0.024737686354007526,4110456,0.9707650222551929,0.9840296422520979,1046873,7152,24375,794600,3637,9259,30599.639843553305,2515.4063990989425,irma_s063,irma,high,6,Bp_N1_s0
single,land,0.004726647182965082,0.014824231708001425,3684744,0.9531625111559461,0.9698830038321955,626915,6808,23998,382163,3185,8682,17416.484847547486,809.7514035158098,irma_s063,irma,high,6,Bp_N1_s0
single,active,0.007767183270298464,0.024256647790654343,4110456,0.9700224729263855,0.9844900996627668,1115359,8794,25675,836092,4652,8520,31926.665076497942,2418.5304975264994,irma_s068,irma,high,0,Bp_N1_s0
single,land,0.005077597985925321,0.015020962727690995,3684744,0.9537691971125294,0.9723554250130021,695375,8437,25269,424403,4172,7894,18709.64871305041,831.3862877614791,irma_s068,irma,high,0,Bp_N1_s0
single,active,0.0036076267368309748,0.018857394536802647,4110456,0.9864074347186401,0.9886050154846141,559149,3523,4182,490963,2561,3098,14828.990966167301,1461.6836152312617,ian_s005,ian,low,0,Bp_N1_s0
single,land,0.001071805314948053,0.007427310628250311,3684744,0.9589516562102974,0.9606190055657103,146430,2708,3560,93547,1662,2173,3949.3282034229487,203.26869335054513,ian_s005,ian,low,0,Bp_N1_s0
single,active,0.003610610892424261,0.018887305327355542,4110456,0.9864978679450168,0.9886838135024786,558708,3503,4144,490839,2523,3095,14841.257206430659,1466.3242124111282,ian_s006,ian,low,6,Bp_N1_s0
single,land,0.0010691396313791744,0.007425192970092268,3684744,0.9592210812621953,0.9608486394208026,146004,2689,3518,93431,1637,2170,3939.5058418866247,203.152798846247,ian_s006,ian,low,6,Bp_N1_s0
single,active,0.003908670249977891,0.01911496978083294,4110456,0.9827436031608301,0.9881674034986238,593471,4604,5817,502243,2707,3307,16066.417081043124,1501.8869207818561,ian_s024,ian,mid,6,Bp_N1_s0
single,land,0.0013840843064205494,0.008010835692008994,3684744,0.952695437679204,0.9613838671193906,180753,3793,5182,104762,1845,2363,5099.996343577281,236.46287665183382,ian_s024,ian,mid,6,Bp_N1_s0
single,active,0.0038569736183516824,0.017756951521588467,4110456,0.9851296785215096,0.9888993573003487,583579,4018,4791,505913,2621,3058,15853.920351395383,1296.0651164208437,ian_s037,ian,low,-6,Bp_N1_s0
single,land,0.001235399828558839,0.007480171364274274,3684744,0.957358567220774,0.9631811889844092,169665,3344,4213,105765,1799,2244,4552.132105883211,206.17234705068753,ian_s037,ian,low,-6,Bp_N1_s0
single,active,0.0038961927959911416,0.018760217002316237,4110456,0.9851355368319934,0.9886041765285614,586596,3921,4930,509578,2667,3207,16015.129055438563,1446.6574867714603,ian_s041,ian,mid,0,Bp_N1_s0
single,land,0.0012859393719950292,0.0079205606116178,3684744,0.9578082983309999,0.9621591492223028,172394,3193,4401,108749,1839,2438,4738.357385322452,231.1634480507343,ian_s041,ian,mid,0,Bp_N1_s0
single,active,0.004023241402222833,0.017841056768835736,4110456,0.9826530280889755,0.988701968441769,605216,4589,6095,513427,2786,3081,16537.356761215255,1308.3717365522707,ian_s046,ian,mid,-6,Bp_N1_s0
single,land,0.0014208006590926653,0.007805447517974384,3684744,0.9530836642271036,0.963970481840544,191302,3912,5505,113254,1976,2257,5235.286703787744,224.49306856951165,ian_s046,ian,mid,-6,Bp_N1_s0
single,active,0.004075225396267324,0.018869442208172556,4110456,0.9822300010959186,0.9882517172697083,609458,4640,6386,517499,2855,3297,16751.0346814394,1463.5519018747448,ian_s049,ian,high,-6,Bp_N1_s0
single,land,0.0014857212960038056,0.00825856234485458,3684744,0.9523210270367823,0.9625968496530327,195242,3924,5851,116660,2016,2517,5474.502631122246,251.3137344480741,ian_s049,ian,high,-6,Bp_N1_s0
single,active,0.0040548482805472155,0.019082184328679908,4110456,0.9871708373704529,0.9889550904039227,583800,3389,4198,517538,2690,3090,16667.275443864986,1496.739351647769,ian_s059,ian,mid,0,Bp_N1_s0
single,land,0.0012646484771792516,0.00814273537968086,3684744,0.963207989122362,0.9636662591171634,168598,2779,3661,114286,1912,2397,4659.905888395384,244.31378006331838,ian_s059,ian,mid,0,Bp_N1_s0
single,active,0.0041819786720504225,0.02023724959049043,4110456,0.9867656422802372,0.9885935157563184,588882,3407,4491,522270,2716,3310,17189.83932440169,1683.421926859449,ian_s063,ian,high,6,Bp_N1_s0
single,land,0.0013650104370766562,0.00898041764112563,3684744,0.9621568540422982,0.963092931233818,173423,2817,4004,118289,1968,2565,5029.714017955586,297.16686935565565,ian_s063,ian,high,6,Bp_N1_s0
single,active,0.004186985577558128,0.019184132402156565,4110456,0.9855547458973961,0.988654235215967,597804,3799,4963,522396,2762,3233,17210.41998918727,1512.7749691633026,ian_s068,ian,high,0,Bp_N1_s0
single,land,0.0014068641267526113,0.008388782411651625,3684744,0.9599802319590339,0.9634275546928707,182594,3183,4429,119123,1984,2538,5183.934149866924,259.30159009227174,ian_s068,ian,high,0,Bp_N1_s0
single,active,0.003834995922144531,0.015120096981094601,4110456,0.9808578612308091,0.988221920975119,628468,6012,6253,514664,2969,3165,15763.581998154521,939.7214869734913,milton_s005,milton,low,0,Bp_N1_s0
single,land,0.0016098644252420873,0.007859575326664684,3684744,0.9493039599945938,0.9589760961712182,210717,5451,5802,110405,2295,2428,5931.9382817242295,227.61741223405264,milton_s005,milton,low,0,Bp_N1_s0
single,active,0.003833001625142387,0.015121584737492151,4110456,0.9813473401905526,0.9887409121841131,626447,5838,6069,514345,2725,3132,15755.384528076276,939.9064256598573,milton_s006,milton,low,6,Bp_N1_s0
single,land,0.0016014577060433164,0.007862816706700497,3684744,0.9503611012449569,0.9611117415480233,208705,5283,5618,110104,2053,2402,5900.961673596874,227.8051950703156,milton_s006,milton,low,6,Bp_N1_s0
single,active,0.005079644844591962,0.016448632266832748,4110456,0.9759384045200024,0.9868544585921044,850016,7397,13560,617012,3470,4749,20879.656629322097,1112.1147133989828,milton_s024,milton,mid,6,Bp_N1_s0
single,land,0.0029051838372368913,0.01011108512481115,3684744,0.9558888574360426,0.969053845943557,432230,6864,13082,212686,2813,3979,10704.858713155612,376.70627433348363,milton_s024,milton,mid,6,Bp_N1_s0
single,active,0.004788265934849425,0.01651976188979745,4110456,0.9758462389518977,0.9869092727522915,779707,8013,11286,588117,3448,4353,19681.95644149743,1121.7538537559337,milton_s037,milton,low,-6,Bp_N1_s0
single,land,0.0024683599008298116,0.009328341550870515,3684744,0.9513246927150467,0.965363420275643,360905,7610,10856,181135,2870,3629,9095.274334423244,320.6388915937757,milton_s037,milton,low,-6,Bp_N1_s0
single,active,0.004779180136111323,0.016272311227040287,4110456,0.976239451211539,0.9868079353180552,776454,7705,11193,589748,3337,4547,19644.609665559605,1088.3998864516857,milton_s041,milton,mid,0,Bp_N1_s0
single,land,0.0025030137825078898,0.009539948713379848,3684744,0.9517558822588726,0.9647763951414253,357095,7268,10833,181733,2761,3874,9222.965017013252,335.3508413385949,milton_s041,milton,mid,0,Bp_N1_s0
single,active,0.005273946444526394,0.016954029942996482,4110456,0.9760241206746572,0.9869043530456468,876293,7829,13697,637933,3761,4704,21678.324806582183,1181.5059019198438,milton_s046,milton,mid,-6,Bp_N1_s0
single,land,0.0029951708068467965,0.010223860339546505,3684744,0.9567181503518807,0.9699715595212589,457450,7411,13284,230893,3167,3981,11036.437659503892,385.1564160998219,milton_s046,milton,mid,-6,Bp_N1_s0
single,active,0.005282139299946286,0.016791876119168183,4110456,0.9759475711100601,0.9867024010235531,881145,7717,13999,643179,3695,4973,21712.001178300008,1159.0133728013693,milton_s049,milton,high,-6,Bp_N1_s0
single,land,0.0030422138127457446,0.010403229818385833,3684744,0.9566345133916733,0.9694079517058809,461756,7287,13645,235095,3130,4289,11209.779093232006,398.78949139974316,milton_s049,milton,high,-6,Bp_N1_s0
single,active,0.004219942817239554,0.01593686240883931,4110456,0.9816180659243136,0.988792230050043,654806,5728,6534,547517,2879,3327,17345.889272779226,1043.9883444453599,milton_s059,milton,mid,0,Bp_N1_s0
single,land,0.0018160511880373734,0.008506286459423308,3684744,0.9528545569182582,0.9641280626046177,234245,5346,6244,136508,2392,2687,6691.683718813583,266.6166875114078,milton_s059,milton,mid,0,Bp_N1_s0
single,active,0.004263490715582638,0.016034737587748312,4110456,0.9819656569600315,0.9894740417498691,658951,5625,6477,553491,2611,3277,17524.89099281095,1056.850890518804,milton_s063,milton,high,6,Bp_N1_s0
single,land,0.0018808114037771992,0.008937374046844757,3684744,0.9538205647181419,0.9668140534556166,237983,5294,6228,141471,2157,2699,6930.308535199612,294.32502471045206,milton_s063,milton,high,6,Bp_N1_s0
single,active,0.0050486404843950745,0.016989409050910106,4110456,0.9763986154713032,0.987317388514964,788437,7537,11521,604802,3292,4477,20752.21457092464,1186.4421016345652,milton_s068,milton,high,0,Bp_N1_s0
single,land,0.0026334553852895553,0.009923124978063757,3684744,0.9523768840838602,0.9669217797379686,367867,7175,11220,193804,2831,3799,9703.608930213377,362.83088046926684,milton_s068,milton,high,0,Bp_N1_s0
single,active,0.0035793560132710554,0.015146927454254255,4110456,0.9840181426287541,0.9870337474081095,551491,4289,4668,471736,3025,3172,14712.785400886089,943.0595002728085,dorian_s005,dorian,low,0,Bp_N1_s0
single,land,0.0010890030420798173,0.006991964150947484,3684744,0.9549214036149731,0.9549849457478838,145128,3113,3738,84053,1893,2069,4012.6974252853543,180.13815328972848,dorian_s005,dorian,low,0,Bp_N1_s0
single,active,0.0035964973380945542,0.015198000513211601,4110456,0.9840766148009755,0.9869813247616417,552004,4244,4688,471631,3031,3190,14783.244062354788,949.4299190784116,dorian_s006,dorian,low,6,Bp_N1_s0
single,land,0.001105220784342938,0.007023905063382574,3684744,0.9552306360201511,0.9548820859356336,145623,3066,3759,83937,1905,2061,4072.455653782934,181.78773819869195,dorian_s006,dorian,low,6,Bp_N1_s0
single,active,0.0045942879226333186,0.016213943252851182,4110456,0.9731983765958743,0.9859348212307226,654872,7617,10418,507226,3267,3969,18884.61835731566,1080.605817097296,dorian_s024,dorian,mid,6,Bp_N1_s0
single,land,0.0022224472885840145,0.00925739316654301,3684744,0.9396762803652726,0.9597178153236587,248301,6501,9439,119172,2207,2795,8189.149311926216,315.7800855362129,dorian_s024,dorian,mid,6,Bp_N1_s0
single,active,0.004121871205657903,0.016054931965853104,4110456,0.9799163400762704,0.9860756411262651,594088,5516,6660,489980,3310,3609,16942.77022852376,1059.5145931030213,dorian_s037,dorian,low,-6,Bp_N1_s0
single,land,0.0015740661458858046,0.008011703175211616,3684744,0.9477883261043115,0.9545202546406928,186393,4553,5715,99860,2371,2387,5800.030786655843,236.51409195269082,dorian_s037,dorian,low,-6,Bp_N1_s0
single,active,0.004063651093438035,0.015786220451566295,4110456,0.9798266476140561,0.9858347108764384,594501,5522,6718,491411,3374,3687,16703.45901892893,1024.3451851266016,dorian_s041,dorian,mid,0,Bp_N1_s0
single,land,0.0015664494269743128,0.008013733253179082,3684744,0.9472032790720145,0.9535626000397791,186259,4568,5814,100680,2437,2466,5771.965127347037,236.63396730701658,dorian_s041,dorian,mid,0,Bp_N1_s0
single,active,0.004563397841064571,0.0164275343712858,4110456,0.9763545269399019,0.9859659559509485,648151,6302,9395,510475,3303,3963,18757.646036190912,1109.263627418078,dorian_s046,dorian,mid,-6,Bp_N1_s0
single,land,0.0020643732904531698,0.008944682003616308,3684744,0.9456235665306797,0.9592401710492724,240369,5352,8470,120235,2394,2715,7606.687095757574,294.8065518192839,dorian_s046,dorian,mid,-6,Bp_N1_s0
single,active,0.004523010570663158,0.01624960513100978,4110456,0.9763208671045801,0.9859652158864757,650712,6380,9402,512766,3340,3959,18591.635938245803,1085.3645376635816,dorian_s049,dorian,high,-6,Bp_N1_s0
single,land,0.0020742244580873245,0.008960899997621655,3684744,0.945616943268912,0.9594571203776554,242442,5447,8496,121947,2438,2715,7642.98612659052,295.87657428921534,dorian_s049,dorian,high,-6,Bp_N1_s0
single,active,0.0038398060241555893,0.015953956463738147,4110456,0.984712909194888,0.9869781332050588,569941,3951,4897,492433,2992,3505,15783.353710826486,1046.2291324400044,dorian_s059,dorian,mid,0,Bp_N1_s0
single,land,0.0012006641218023613,0.007423988958461893,3684744,0.9579015273239874,0.9583720120677651,160369,3022,4026,99111,2006,2299,4424.13991882652,203.08692082733052,dorian_s059,dorian,mid,0,Bp_N1_s0
single,active,0.0038441899564574345,0.015993610684396427,4110456,0.9846578910742912,0.9869686441725867,573064,4025,4904,494872,2995,3539,15801.3736716602,1051.4364877815244,dorian_s063,dorian,high,6,Bp_N1_s0
single,land,0.0012386168935929378,0.007561363421595962,3684744,0.958082565356404,0.9585688634701071,163012,3090,4042,100898,2012,2349,4563.986166965216,210.67235228436186,dorian_s063,dorian,high,6,Bp_N1_s0
single,active,0.004230676668867793,0.016306644165880353,4110456,0.9798424030609925,0.986156379021741,603336,5483,6929,501355,3298,3740,17390.01029760763,1092.9975600749917,dorian_s068,dorian,high,0,Bp_N1_s0
single,land,0.0016364314719650118,0.00830330653781101,3684744,0.9479180429750772,0.9568567299422805,193708,4602,6041,107921,2378,2488,6029.831047734246,254.0443046189889,dorian_s068,dorian,high,0,Bp_N1_s0
single,active,0.004568945753747672,0.01717084938439202,4110456,0.9704846456575767,0.9822111530362468,619702,8519,10328,459444,4220,4101,18780.450487166643,1211.918908029139,beryl_s005,beryl,low,0,Bp_N1_s0
single,land,0.0022397486857970907,0.009567342820424022,3684744,0.9331314082400437,0.942435960928527,223973,6803,9247,89440,2651,2812,8252.900531498715,337.27953653491505,beryl_s005,beryl,low,0,Bp_N1_s0
single,active,0.004449294048590141,0.016989279010186275,4110456,0.9712808950729155,0.98246574157194,608287,8264,9722,454189,4026,4080,18288.627417791635,1186.423939119465,beryl_s006,beryl,low,6,Bp_N1_s0
single,land,0.0021091094870158973,0.009314387433257545,3684744,0.9333225093028155,0.9408919815482906,212693,6551,8644,84239,2489,2803,7771.528527624905,319.6803318512103,beryl_s006,beryl,low,6,Bp_N1_s0
single,active,0.0055457526235718636,0.01830946473856584,4110456,0.9645197200605135,0.9802163440289932,743392,11268,16078,532281,4778,5965,22795.57214607671,1377.9748787861,beryl_s024,beryl,mid,6,Bp_N1_s0
single,land,0.0033030446574107003,0.0117707259342068,3684744,0.9337767059798787,0.9530617670516646,346941,9644,14961,161320,3326,4619,12170.873983126134,510.5212407349097,beryl_s024,beryl,mid,6,Bp_N1_s0
single,active,0.005387671955648822,0.01791559291875662,4110456,0.9679806203047321,0.9818204226353562,726846,9576,14467,517817,4222,5366,22145.788516128436,1319.3267718039274,beryl_s037,beryl,low,-6,Bp_N1_s0
single,land,0.003050756490335864,0.011031953327335153,3684744,0.9383934056200803,0.9541948215033188,328433,8181,13381,143613,2891,4003,11241.256673226133,448.4480624652873,beryl_s037,beryl,low,-6,Bp_N1_s0
single,active,0.0052826602547759345,0.018248424524587144,4110456,0.9682401832736895,0.9820859528099957,711307,9244,14088,510668,4195,5120,21714.14254020527,1368.8023905363839,beryl_s041,beryl,mid,0,Bp_N1_s0
single,land,0.0029858648402790043,0.01103988536974036,3684744,0.9376096231512102,0.9533228844512238,312720,7770,13039,136247,2857,3814,11002.14755502902,449.0931681386136,beryl_s041,beryl,mid,0,Bp_N1_s0
single,active,0.005853255503433494,0.018337476173678206,4110456,0.9649152832449084,0.9807915837242647,789320,10986,17714,563657,4667,6372,24059.549203621224,1382.1943991898709,beryl_s046,beryl,mid,-6,Bp_N1_s0
single,land,0.00357647171276897,0.012097121312500497,3684744,0.9369957233984343,0.957437314605887,390433,9620,16633,188821,3382,5012,13178.382684795186,539.2267046937919,beryl_s046,beryl,mid,-6,Bp_N1_s0
single,active,0.005809056915215063,0.018945386301280925,4110456,0.9648114361916486,0.9808057650492154,790059,11005,17810,564286,4655,6388,23877.87285148725,1475.3563622644951,beryl_s049,beryl,high,-6,Bp_N1_s0
single,land,0.0035759539216224322,0.012127193421655092,3684744,0.9368499968862126,0.9574674635197039,391133,9613,16752,189366,3344,5068,13176.474756974727,541.9109531367811,beryl_s049,beryl,high,-6,Bp_N1_s0
single,active,0.004684752601881708,0.01727094109150341,4110456,0.9730890517703209,0.9834111499967293,639374,7830,9852,481069,3953,4162,19256.46944092028,1226.0890375704248,beryl_s059,beryl,mid,0,Bp_N1_s0
single,land,0.0022836112576651276,0.009582180198613783,3684744,0.9396451796695416,0.949162800080694,239135,6485,8875,103510,2663,2881,8414.522880014032,338.326478113428,beryl_s059,beryl,mid,0,Bp_N1_s0
single,active,0.004554989966482504,0.017307184345431992,4110456,0.9738178510714325,0.9834291720769183,629545,7638,9288,477150,3840,4200,18723.085837667808,1231.240358778674,beryl_s063,beryl,high,6,Bp_N1_s0
single,land,0.002174496495994017,0.00939450940488284,3684744,0.9398212520559295,0.9481037924151696,229135,6307,8365,99275,2531,2903,8012.462916634977,325.203739899241,beryl_s063,beryl,high,6,Bp_N1_s0
single,active,0.005359189327161372,0.01812229676056175,4110456,0.9692200907443702,0.9823744326635153,720525,8933,13949,521631,4125,5234,22028.711924966425,1349.946258341817,beryl_s068,beryl,high,0,Bp_N1_s0
single,land,0.0030158651877766935,0.011067846577904942,3684744,0.9395543731684256,0.9547441570003056,319969,7643,12942,143710,2914,3898,11112.691155469045,451.37092541814,beryl_s068,beryl,high,0,Bp_N1_s0
single,active,0.006522396378635683,0.021596720249304868,4110456,0.9718486564930156,0.9852476590984421,1023275,8337,21304,760958,4384,7010,26810.023328941315,1917.1920046713205,irma_s005,irma,low,0,Bp_N1_s1
single,land,0.004192106849028535,0.01295572156316503,3684744,0.9548653331233266,0.9726634964239005,606244,7905,20751,355491,3770,6221,15446.840559316799,618.4869379193927,irma_s005,irma,low,0,Bp_N1_s1
single,active,0.006487683634413254,0.02167133610946488,4110456,0.9707522044649683,0.9852572322208586,1008198,7810,22566,752237,3949,7307,26667.338121175766,1930.462542987018,irma_s006,irma,low,6,Bp_N1_s1
single,land,0.004196648677339074,0.013022926733511934,3684744,0.9526563914838219,0.9722828067617953,591270,7355,22029,346823,3364,6523,15463.576033933088,624.9201305682561,irma_s006,irma,low,6,Bp_N1_s1
single,active,0.0077154335449077,0.023557934318613468,4110456,0.9645686644395394,0.9834398674807499,1118264,8961,32116,824040,4818,9058,31713.950107267126,2281.205536248865,irma_s024,irma,mid,6,Bp_N1_s1
single,land,0.0054835557449168714,0.015203872196671048,3684744,0.9459289909056445,0.970941914024301,701150,8508,31571,418007,4228,8282,20205.499129747972,851.7570578336031,irma_s024,irma,mid,6,Bp_N1_s1
single,active,0.007516169204978116,0.021935544611279247,4110456,0.9689005445290441,0.9846108380326287,1107993,8578,26986,816267,5033,7725,30894.882805617526,1977.820375148496,irma_s037,irma,low,-6,Bp_N1_s1
single,land,0.005003580422100891,0.014723971011934093,3684744,0.9521629334876034,0.9725626163862284,689624,8272,26375,408416,4560,6962,18436.912938853726,798.835263295091,irma_s037,irma,low,-6,Bp_N1_s1
single,active,0.007330937447852331,0.022706897097937658,4110456,0.9692496924969249,0.9842756185875909,1099260,8185,26690,816308,4526,8515,30133.4958181493,2119.3641676532875,irma_s041,irma,mid,0,Bp_N1_s1
single,land,0.004927615518448922,0.014294980552970982,3684744,0.9523839510111781,0.9717238433620231,680585,7858,26169,407231,4036,7814,18157.001715911552,752.9644256051149,irma_s041,irma,mid,0,Bp_N1_s1
single,active,0.008172113362545665,0.022630706459098145,4110456,0.9657763503864581,0.9832265730289027,1154434,9218,31691,850666,5561,8951,33591.11240375601,2105.1654154705575,irma_s046,irma,mid,-6,Bp_N1_s1
single,land,0.005683120001301268,0.015930598840708788,3684744,0.948458670405879,0.9708167706496083,735929,8910,31082,442541,5106,8197,20940.84232607484,935.1289954772047,irma_s046,irma,mid,-6,Bp_N1_s1
single,active,0.00812697520400665,0.0239450731164312,4110456,0.9661423336765724,0.9835255617922927,1162504,8799,31940,860159,5244,9164,33405.57398916036,2356.797879261688,irma_s049,irma,high,-6,Bp_N1_s1
single,land,0.005724395191151023,0.01583756527172719,3684744,0.949097360041351,0.9714673620240071,743651,8482,31402,450790,4751,8489,21092.930834222585,924.2387136286909,irma_s049,irma,high,-6,Bp_N1_s1
single,active,0.007143525583086197,0.023317180732853784,4110456,0.9720871181165622,0.9850676366491379,1055081,7448,22848,792943,4179,7841,29363.147594150156,2234.8175932787153,irma_s059,irma,mid,0,Bp_N1_s1
single,land,0.0045226291471386765,0.014110243715712206,3684744,0.9555931295711849,0.9721939770181729,635242,7141,22379,381486,3740,7171,16664.730614144355,733.6287635480971,irma_s059,irma,mid,0,Bp_N1_s1
single,active,0.007266207817858159,0.0242732103087424,4110456,0.9700366090401233,0.9843380969660791,1045844,6901,25404,794791,3578,9068,29867.427522161976,2421.8343860907653,irma_s063,irma,high,6,Bp_N1_s1
single,land,0.004694263259872288,0.014635747944592927,3684744,0.9519890615304124,0.9705525520952308,625929,6583,24984,382388,3145,8457,17297.158381234854,789.2910229426809,irma_s063,irma,high,6,Bp_N1_s1
single,active,0.007679527982603333,0.023786090886580225,4110456,0.9690584376308161,0.9846353154553699,1113484,8003,27550,836044,4478,8568,31566.361873259768,2325.6060666442986,irma_s068,irma,high,0,Bp_N1_s1
single,land,0.005114199780453756,0.014983316154226049,3684744,0.952251564520868,0.9726013269620819,693561,7694,27083,424380,4038,7917,18844.516955828294,827.2241546327332,irma_s068,irma,high,0,Bp_N1_s1
single,active,0.0035440121511222723,0.01944192011983442,4110456,0.985934190086146,0.988641902697825,558512,3149,4819,490835,2413,3226,14567.506010653451,1553.7041028037756,ian_s005,ian,low,0,Bp_N1_s1
single,land,0.0010532300003823312,0.007274282903294589,3684744,0.9571061228238196,0.9609296301626133,145907,2456,4083,93485,1566,2235,3880.8829245287925,194.97893533605935,ian_s005,ian,low,0,Bp_N1_s1
single,active,0.0035490453781979775,0.019466394737216473,4110456,0.9861054178975787,0.9887127906929887,558112,3124,4740,490712,2380,3222,14588.194869086146,1557.6183507866544,ian_s006,ian,low,6,Bp_N1_s1
single,land,0.001052730287627164,0.0072765852417525576,3684744,0.9577538945525624,0.9611607510499877,145524,2421,3998,93371,1543,2230,3879.0416109524667,195.10237803075802,ian_s006,ian,low,6,Bp_N1_s1
single,active,0.0038552047287229224,0.019715765023588,4110456,0.9820515200434914,0.9881392355740279,592509,4050,6779,502119,2596,3431,15846.64940840751,1597.7810672065825,ian_s024,ian,mid,6,Bp_N1_s1
single,land,0.0013695115213995211,0.007883117518323315,3684744,0.9504430015268628,0.9614413355494541,179897,3342,6038,104700,1774,2425,5046.299361407757,228.98304281465678,ian_s024,ian,mid,6,Bp_N1_s1
single,active,0.0037564711286857096,0.017614730759623436,4110456,0.9847664029757712,0.9889427899364723,582963,3611,5407,505776,2460,3195,15440.809289732948,1275.3871074121578,ian_s037,ian,low,-6,Bp_N1_s1
single,land,0.001212205288994058,0.0073193823282940666,3684744,0.956278685930046,0.9633055953042828,169181,3038,4697,105691,1708,2318,4466.666165389121,197.40410822607177,ian_s037,ian,low,-6,Bp_N1_s1
single,active,0.003815808652005553,0.01916378352986781,4110456,0.9847939417773341,0.9886971440104955,585978,3500,5548,509444,2483,3341,15684.713568488136,1509.5674289015167,ian_s041,ian,mid,0,Bp_N1_s1
single,land,0.0012634168357171086,0.007777339764497733,3684744,0.9568663686814991,0.9626962829130908,171902,2856,4893,108699,1724,2488,4655.367604907602,222.8791612232968,ian_s041,ian,mid,0,Bp_N1_s1
single,active,0.003926638154038817,0.017700994290231076,4110456,0.9821283179296997,0.9886832504401494,604334,4020,6977,513267,2634,3241,16140.27336009778,1287.909443616761,ian_s046,ian,mid,-6,Bp_N1_s1
single,land,0.0013997443818152178,0.007660188333391272,3684744,0.9515465358994077,0.9639519927767698,190551,3447,6256,113167,1888,2344,5157.699712427333,216.21519664940496,ian_s046,ian,mid,-6,Bp_N1_s1
single,active,0.003999751718035579,0.01928382642845042,4110456,0.9817084285767289,0.9883450150630316,608564,4059,7280,517366,2671,3430,16440.803447909653,1528.5386735584436,ian_s049,ian,high,-6,Bp_N1_s1
single,land,0.0014651499819097402,0.008128592247256544,3684744,0.9508837982544067,0.9630082341572996,194470,3422,6623,116602,1904,2575,5398.702604942024,243.46581898610455,ian_s049,ian,high,-6,Bp_N1_s1
single,active,0.003944964485172935,0.019232990007587186,4110456,0.9869021271987709,0.9892348339438246,583271,3014,4727,517445,2448,3183,16215.602937866002,1520.4901660418207,ian_s059,ian,mid,0,Bp_N1_s1
single,land,0.0012323850093396572,0.007963899148531853,3684744,0.9624875530782525,0.9647112469706054,168187,2483,4072,114244,1740,2439,4541.0232688542455,233.70005988827998,ian_s059,ian,mid,0,Bp_N1_s1
single,active,0.004078067438599936,0.02074472278653643,4110456,0.9864467249325606,0.9888119621864017,588377,3088,4996,522156,2484,3424,16762.71677139774,1768.9081181916133,ian_s063,ian,high,6,Bp_N1_s1
single,land,0.0013363829845063826,0.008804235147606788,3684744,0.9612735131051188,0.9638963855618157,173035,2579,4392,118219,1793,2635,4924.229183861986,285.6212971026244,ian_s063,ian,high,6,Bp_N1_s1
single,active,0.0040798256283241284,0.019337170513914172,4110456,0.9850924033447652,0.98897447258103,597164,3434,5603,522315,2509,3314,16769.943732898682,1537.0070422505764,ian_s068,ian,high,0,Bp_N1_s1
single,land,0.0013757126602867665,0.008216867782951446,3684744,0.9587238568630342,0.9647549615228838,182077,2893,4946,119099,1789,2562,5069.148970715702,248.78255172829486,ian_s068,ian,high,0,Bp_N1_s1
single,active,0.0037137828988349805,0.014893858404640968,4110456,0.9808500766278138,0.9884876856848127,627849,5386,6872,514580,2744,3249,15265.341199213639,911.8101978297909,milton_s005,milton,low,0,Bp_N1_s1
single,land,0.0015559049384966436,0.007641399577614629,3684744,0.949087953765577,0.9600615641467105,210204,4961,6315,110409,2169,2424,5733.111386695877,215.15584086227264,milton_s005,milton,low,0,Bp_N1_s1
single,active,0.0037082240806218638,0.014869517822588399,4110456,0.981238435726158,0.9890267331549969,625775,5224,6741,514285,2514,3192,15242.491921536624,908.8323455029723,milton_s006,milton,low,6,Bp_N1_s1
single,land,0.0015483246454672886,0.007645154924144651,3684744,0.9498811148280158,0.9623309216734822,208137,4796,6186,110133,1938,2373,5705.1799474377185,215.3673684164118,milton_s006,milton,low,6,Bp_N1_s1
single,active,0.004954747944298153,0.016309394973511672,4110456,0.9754636194608707,0.9872079555126096,848866,6642,14710,617080,3315,4681,20366.27341612801,1093.3663520344194,milton_s024,milton,mid,6,Bp_N1_s1
single,land,0.0028590561894255586,0.009974120082378586,3684744,0.9549123782231149,0.9700236091993838,431184,6231,14128,212829,2741,3836,10534.89013964869,366.5696505079704,milton_s024,milton,mid,6,Bp_N1_s1
single,active,0.004635502381756295,0.015985079507019034,4110456,0.975614399402822,0.9872837900214007,778952,7429,12041,588199,3305,4271,19054.02857810445,1050.3150901175902,milton_s037,milton,low,-6,Bp_N1_s1
single,land,0.0024178275456788792,0.009178428373567797,3684744,0.9508757944971177,0.966532840683099,360245,7095,11516,181280,2793,3484,8909.075541974977,310.415905852976,milton_s037,milton,low,-6,Bp_N1_s1
single,active,0.004635234159412435,0.015935674571137114,4110456,0.9758822700461015,0.9872306451126964,775600,7121,12047,589817,3151,4478,19052.9260619618,1043.8327250429954,milton_s041,milton,mid,0,Bp_N1_s1
single,land,0.0024490754322402256,0.009364043767057365,3684744,0.9509964316883158,0.9661069172700663,356326,6759,11602,181859,2632,3748,9024.216004494578,323.09794080817136,milton_s041,milton,mid,0,Bp_N1_s1
single,active,0.005119907084073126,0.016508249918019694,4110456,0.9754094431929268,0.9871001782487064,875072,7143,14918,637951,3651,4686,21045.152793170884,1120.1909862881291,milton_s046,milton,mid,-6,Bp_N1_s1
single,land,0.0029460129403474757,0.010098409844269818,3684744,0.9555869665368346,0.9704828212120321,456331,6806,14403,230972,3123,3902,10855.30350586772,375.762386558152,milton_s046,milton,mid,-6,Bp_N1_s1
single,active,0.005132144888409823,0.016506356425857342,4110456,0.9753822075764277,0.9869972840680671,879983,7049,15161,643236,3558,4916,21095.455749433488,1119.934029770007,milton_s049,milton,high,-6,Bp_N1_s1
single,land,0.0029869564592023574,0.010249297006614014,3684744,0.9556004978220286,0.9701416816185114,460695,6699,14706,235206,3061,4178,11006.16989130713,387.0753161324479,milton_s049,milton,high,-6,Bp_N1_s1
single,active,0.004052985687264858,0.01537495851403534,4110456,0.9817386541823283,0.9892059098276089,654265,5095,7075,547477,2607,3367,16659.61933613196,971.6680192004296,milton_s059,milton,mid,0,Bp_N1_s1
single,land,0.0017471569633182578,0.008272214314865163,3684744,0.9531910035392168,0.9656652967681241,233772,4763,6717,136519,2178,2676,6437.82613764517,252.14529887826083,milton_s059,milton,mid,0,Bp_N1_s1
single,active,0.0041115210903086424,0.01564652483511655,4110456,0.9821060481765979,0.9897539810853734,658453,5022,6975,553415,2376,3353,16900.226534785703,1006.296104064601,milton_s063,milton,high,6,Bp_N1_s1
single,land,0.0018126803177414433,0.008692078158207172,3684744,0.9541634866439044,0.9678849799152814,237539,4739,6672,141438,1961,2732,6679.262924715877,278.39059931137507,milton_s063,milton,high,6,Bp_N1_s1
single,active,0.004879915569918225,0.016489855578205107,4110456,0.975985455194414,0.9877800839700764,787509,6928,12449,604878,3082,4401,20058.678233863786,1117.6960284228228,milton_s068,milton,high,0,Bp_N1_s1
single,land,0.0025706169875788793,0.009737708710269338,3684744,0.9515122917455264,0.9683391668622272,367004,6619,12083,193938,2676,3665,9472.06552127935,349.39837318195686,milton_s068,milton,high,0,Bp_N1_s1
single,active,0.0035298309686308065,0.015071727548166138,4110456,0.9838026383000004,0.9872350044266217,550837,3747,5322,471692,2883,3216,14509.214883994311,933.7187355649833,dorian_s005,dorian,low,0,Bp_N1_s1
single,land,0.0010872960058384163,0.006948139877053985,3684744,0.954114038848399,0.95571037288752,144658,2749,4208,84092,1867,2030,4006.4074337370694,177.88708814100784,dorian_s005,dorian,low,0,Bp_N1_s1
single,active,0.0035461435642939873,0.015126104883400757,4110456,0.98385663507109,0.987198650153658,551369,3724,5323,471569,2863,3252,14576.267090713605,940.4684235246796,dorian_s006,dorian,low,6,Bp_N1_s1
single,land,0.0011040527529261066,0.00698248731934046,3684744,0.9543578011806624,0.9556111996357842,145175,2736,4207,83960,1862,2038,4068.151757027954,179.6501696590388,dorian_s006,dorian,low,6,Bp_N1_s1
single,active,0.0045592726807265165,0.01618849412687984,4110456,0.9722446892023694,0.9859598508501464,653924,7302,11366,507160,3187,4035,18740.689746128395,1077.2162787226505,dorian_s024,dorian,mid,6,Bp_N1_s1
single,land,0.0022255320422754766,0.009223640754428152,3684744,0.9373071257909026,0.9596830688214122,247540,6357,10200,119184,2224,2783,8200.51583958231,313.4816178649818,dorian_s024,dorian,mid,6,Bp_N1_s1
single,active,0.004038283704349865,0.015727978330377198,4110456,0.9789343512559479,0.9863320054510941,592919,4930,7829,489991,3192,3598,16599.18748224713,1016.8006331048247,dorian_s037,dorian,low,-6,Bp_N1_s1
single,land,0.0015700599529136314,0.007941655294757604,3684744,0.9448292382102758,0.95574341123819,185384,4101,6724,99944,2325,2303,5785.268991138786,232.39639441293113,dorian_s037,dorian,low,-6,Bp_N1_s1
single,active,0.003995677959719454,0.015618450460100353,4110456,0.9794041320418846,0.9859667568240006,593657,4922,7562,491394,3290,3704,16424.058443596587,1002.68817333726,dorian_s041,dorian,mid,0,Bp_N1_s1
single,land,0.0015631931054985863,0.007969239900358315,3684744,0.946011388023714,0.9541958704300056,185580,4098,6493,100744,2434,2402,5759.966416327283,234.01361296331632,dorian_s041,dorian,mid,0,Bp_N1_s1
single,active,0.004483958875044237,0.01613836926751942,4110456,0.9752519434778151,0.9861339968203621,646830,5698,10716,510491,3231,3947,18431.115661678836,1070.5557801618431,dorian_s046,dorian,mid,-6,Bp_N1_s1
single,land,0.002062511598727057,0.008886593661265192,3684744,0.942834170220481,0.9600067014503854,239214,4879,9625,120333,2396,2617,7599.827238339931,290.9899336121101,dorian_s046,dorian,mid,-6,Bp_N1_s1
single,active,0.004460745138196575,0.016117328808165615,4110456,0.9756145180499424,0.9860366727243007,649610,5733,10504,512744,3280,3981,18335.69661777094,1067.766117651546,dorian_s049,dorian,high,-6,Bp_N1_s1
single,land,0.0020725607892464917,0.008916782248342506,3684744,0.9438269868067279,0.9597916814173216,241514,4950,9424,122002,2451,2660,7636.855932811275,292.9703315677019,dorian_s049,dorian,high,-6,Bp_N1_s1
single,active,0.0037427826334192667,0.015667231351332606,4110456,0.9845272662185275,0.9870026519881894,569296,3405,5542,492387,2933,3551,15384.543332234025,1008.9613188035237,dorian_s059,dorian,mid,0,Bp_N1_s1
single,land,0.0011935507283802678,0.007368361447023183,3684744,0.9571449098354767,0.9582705022619186,159870,2633,4525,99135,2042,2275,4397.928885094821,200.05488633140135,dorian_s059,dorian,mid,0,Bp_N1_s1
single,active,0.00376043182358673,0.015801400262066955,4110456,0.9843392368580798,0.9871114586533359,572410,3549,5558,494837,2887,3574,15457.089551853016,1026.3161245129345,dorian_s063,dorian,high,6,Bp_N1_s1
single,land,0.0012300171698467987,0.0074968854062948675,3684744,0.9570056473885981,0.9591770798688649,162512,2759,4542,100939,1988,2308,4532.2983864899725,207.09473853756245,dorian_s063,dorian,high,6,Bp_N1_s1
single,active,0.004140412509033887,0.016046895857722728,4110456,0.9795133880878782,0.9862077512791912,602388,4722,7877,501318,3234,3777,17018.983440233395,1058.4542033151422,dorian_s068,dorian,high,0,Bp_N1_s1
single,land,0.001628969524085354,0.008252064179385798,3684744,0.9468078840943892,0.9570516798156192,192914,4003,6835,107965,2401,2444,6002.335680056363,250.91840274810306,dorian_s068,dorian,high,0,Bp_N1_s1
single,active,0.004563539770843785,0.017202726435189396,4110456,0.9698015774102066,0.9821535894940594,618618,7851,11412,459201,4000,4344,18758.22943230346,1216.422850675635,beryl_s005,beryl,low,0,Bp_N1_s1
single,land,0.0022583176910518678,0.009593844928511295,3684744,0.9315327498340908,0.942285985547761,223185,6369,10035,89324,2543,2928,8321.322562197223,339.15069327161495,beryl_s005,beryl,low,0,Bp_N1_s1
single,active,0.004443706351499685,0.016991824367202653,4110456,0.970401934631079,0.9822430533465764,607131,7640,10878,453923,3860,4346,18265.65943475999,1186.7794690647606,beryl_s006,beryl,low,6,Bp_N1_s1
single,land,0.00213268636131949,0.009347343149486018,3684744,0.9310316030064613,0.9402893301135855,211819,6173,9518,84107,2406,2935,7858.403273753822,321.9464888284539,beryl_s006,beryl,low,6,Bp_N1_s1
single,active,0.005597250150344611,0.018460754534045727,4110456,0.9633609437946592,0.9798467089957615,741786,10528,17684,531948,4643,6298,23007.250463984907,1400.841176794284,beryl_s024,beryl,mid,6,Bp_N1_s1
single,land,0.003368780221365029,0.011898468098882163,3684744,0.931417175351363,0.9523542170241184,345607,9153,16295,161145,3268,4794,12413.092707993463,521.6622634968958,beryl_s024,beryl,mid,6,Bp_N1_s1
single,active,0.005374647385475371,0.017818457016627154,4110456,0.9669919609646842,0.9815379888829677,725331,8777,15982,517564,4116,5619,22092.25159351155,1305.0591357825974,beryl_s037,beryl,low,-6,Bp_N1_s1
single,land,0.0030798104916161463,0.011084334205122772,3684744,0.9363285911756373,0.9534656557535002,327171,7605,14643,143488,2875,4128,11348.313230119646,452.7167298896182,beryl_s037,beryl,low,-6,Bp_N1_s1
single,active,0.0052898967406975195,0.018308606099754966,4110456,0.9672216916157671,0.9819301326675272,709903,8566,15492,510477,4083,5311,21743.887797180563,1377.8456390748333,beryl_s041,beryl,mid,0,Bp_N1_s1
single,land,0.0030134598199151644,0.011091531581561707,3684744,0.9354978173018609,0.9530841043010904,311590,7315,14169,136190,2833,3871,11103.827990673482,453.30484470867384,beryl_s041,beryl,mid,0,Bp_N1_s1
single,active,0.005874634638333103,0.018284313676974417,4110456,0.963555891652717,0.9805661336248007,787441,10190,19593,563398,4535,6631,24147.427196944132,1374.1917286359012,beryl_s046,beryl,mid,-6,Bp_N1_s1
single,land,0.003641039605586276,0.012220335396683987,3684744,0.9344444310931135,0.9569278987326365,388827,9039,18239,188688,3348,5145,13416.298840446398,550.2671305405593,beryl_s046,beryl,mid,-6,Bp_N1_s1
single,active,0.005849932869413908,0.019023233862553973,4110456,0.9634563108694801,0.9805661695935914,788246,10275,19623,564055,4560,6619,24045.891662679613,1487.505902125042,beryl_s049,beryl,high,-6,Bp_N1_s1
single,land,0.003636973735336285,0.01225008935657282,3684744,0.9343004599807182,0.9569266706778778,389579,9089,18306,189260,3345,5174,13401.317149437964,552.9499633037624,beryl_s049,beryl,high,-6,Bp_N1_s1
single,active,0.004657363995608467,0.017153405268235115,4110456,0.9723938856181025,0.9835340700154822,638362,7259,10864,480898,3718,4333,19143.889779932797,1209.4577466642666,beryl_s059,beryl,mid,0,Bp_N1_s1
single,land,0.0023011651120355913,0.009613662821715888,3684744,0.9382125723640972,0.949313408723748,238397,6087,9613,103422,2553,2969,8479.204339582473,340.5532996876423,beryl_s059,beryl,mid,0,Bp_N1_s1
single,active,0.004549061569451809,0.01745629814258963,4110456,0.9730157722749134,0.9835440245282903,628575,7174,10258,477010,3641,4340,18698.717422522604,1252.5477906938886,beryl_s063,beryl,high,6,Bp_N1_s1
single,land,0.0021994194125513023,0.009445670632247041,3684744,0.9379935365448028,0.9485654738573026,228423,6023,9077,99219,2421,2959,8104.2974838819355,328.7554157607298,beryl_s063,beryl,high,6,Bp_N1_s1
single,active,0.005353574006769869,0.01809099635876427,4110456,0.9681764210152205,0.9824229899002839,719175,8340,15299,521477,3942,5388,22005.63039757125,1345.287095001158,beryl_s068,beryl,high,0,Bp_N1_s1
single,land,0.0030422838623081734,0.011116159566423246,3684744,0.9375562285008673,0.9549433967281116,318891,7219,14020,143655,2825,3953,11210.037207936868,455.3201442553869,beryl_s068,beryl,high,0,Bp_N1_s1
single,active,0.006699342027843091,0.02241782548248815,4110456,0.9710252734401348,0.9849230291181688,1022108,8028,22471,760725,4402,7243,27537.3506343998,2065.746243241252,irma_s005,irma,low,0,Bp_N1_s2
single,land,0.004296737758692914,0.013120325463330912,3684744,0.9534912674973129,0.9719970664375277,605015,7531,21980,355193,3714,6519,15832.378675917163,634.3026662791357,irma_s005,irma,low,0,Bp_N1_s2
single,active,0.006670031863484601,0.022480590334118138,4110456,0.9699608641669692,0.9848637448905152,1006993,7415,23771,751974,3987,7570,27416.87249345146,2077.32968256198,irma_s006,irma,low,6,Bp_N1_s2
single,land,0.004301874981815766,0.013191128171975111,3684744,0.9512985965998504,0.9715029102694943,590003,6909,23296,346504,3322,6842,15851.30802799575,641.1670576255299,irma_s006,irma,low,6,Bp_N1_s2
single,active,0.007800437519757623,0.024389740985745187,4110456,0.9637878561696378,0.9833655567490154,1116927,8513,33453,823962,4802,9136,32063.35520571284,2445.143658511846,irma_s024,irma,mid,6,Bp_N1_s2
single,land,0.0055139006934341525,0.015172779533094243,3684744,0.944672222439725,0.970746417063351,699748,8010,32973,417851,4154,8438,20317.312496727332,848.2768502410485,irma_s024,irma,mid,6,Bp_N1_s2
single,active,0.0074686698546474915,0.021682831689911922,4110456,0.9683458057383559,0.9844784516085453,1107133,8345,27846,816173,5049,7819,30699.63881605491,1932.5111174891124,irma_s037,irma,low,-6,Bp_N1_s2
single,land,0.0050221526191741245,0.01460186913886082,3684744,0.9512353795919269,0.9721948361838627,688683,7989,27316,408246,4544,7132,18505.34673058614,785.641153020832,irma_s037,irma,low,-6,Bp_N1_s2
single,active,0.007440915556403769,0.023401068882378216,4110456,0.968557485586496,0.9841386194956573,1098350,8056,27600,816280,4613,8543,30585.55599431321,2250.9269122547257,irma_s041,irma,mid,0,Bp_N1_s2
single,land,0.004994738257394294,0.014345739110006623,3684744,0.9512780961392566,0.9714230495760103,679614,7668,27140,407137,4069,7908,18404.33182550408,758.32116494756,irma_s041,irma,mid,0,Bp_N1_s2
single,active,0.008080978110071408,0.022253540291639264,4110456,0.965289933896745,0.9831886054691067,1153618,8975,32507,850642,5570,8975,33216.50495841168,2035.5802484980393,irma_s046,irma,mid,-6,Bp_N1_s2
single,land,0.005663244329197224,0.015735541062489703,3684744,0.9476431015499498,0.9707241302144353,735028,8627,31983,442458,5064,8280,20867.605562543496,912.3693381138213,irma_s046,irma,mid,-6,Bp_N1_s2
single,active,0.008185739284816909,0.02451152189236994,4110456,0.9652222626724051,0.9833652711590001,1161284,8682,33160,860067,5293,9256,33647.12115771137,2469.622411029037,irma_s049,irma,high,-6,Bp_N1_s2
single,land,0.005759656523569406,0.015772910016942535,3684744,0.9476806380702664,0.971153162355588,742377,8309,32676,450651,4758,8628,21222.859817283228,916.7078952527133,irma_s049,irma,high,-6,Bp_N1_s2
single,active,0.007266181561881074,0.023827631196761,4110456,0.9712939029952866,0.9847481481757528,1054053,7276,23876,792739,4233,8045,29867.31959812343,2333.736091464659,irma_s059,irma,mid,0,Bp_N1_s2
single,land,0.004620761839617565,0.01419620310821418,3684744,0.9542725409527708,0.9714938099825181,634158,6925,23463,381220,3749,7437,17026.324463959783,742.5945009726652,irma_s059,irma,mid,0,Bp_N1_s2
single,active,0.007436964819717235,0.02518557517360995,4110456,0.9690270249205286,0.9839271340293,1044365,6498,26883,794531,3651,9328,30569.316664995626,2607.316485770795,irma_s063,irma,high,6,Bp_N1_s2
single,land,0.004831167777140607,0.01486481058077062,3684744,0.9502959354344825,0.9696200668454965,624410,6156,26503,382072,3198,8773,17801.61647981219,814.1905910001086,irma_s063,irma,high,6,Bp_N1_s2
single,active,0.007761484307783341,0.024223025365811886,4110456,0.9683648422811781,0.9844214968976063,1112535,7846,28499,835954,4571,8658,31903.23974183388,2411.8304371178583,irma_s068,irma,high,0,Bp_N1_s2
single,land,0.005176697957974571,0.01500176320666966,3684744,0.9511409285366038,0.9721953589418058,692559,7491,28085,424233,4069,8064,19074.806740459055,829.2623204113961,irma_s068,irma,high,0,Bp_N1_s2
single,active,0.0036870985074137046,0.020048435301627233,4110456,0.9859716044525291,0.9884936691024016,558828,3448,4503,491054,2709,3007,15155.656182389706,1652.1556900885887,ian_s005,ian,low,0,Bp_N1_s2
single,land,0.0011012803038253334,0.007490951063486547,3684744,0.9573323724982803,0.9602112495513511,146132,2655,3858,93635,1795,2085,4057.9359918385744,206.7670065009567,ian_s005,ian,low,0,Bp_N1_s2
single,active,0.0036925509296709042,0.02006615666751404,4110456,0.9861026496790543,0.9885203516586188,558425,3443,4427,490917,2684,3017,15178.068124171346,1655.077753088839,ian_s006,ian,low,6,Bp_N1_s2
single,land,0.0011012914533090289,0.007494162805278342,3684744,0.9577698040298096,0.9602008440378277,145740,2644,3782,93513,1788,2088,4057.977074831724,206.944347026289,ian_s006,ian,low,6,Bp_N1_s2
single,active,0.003995589020227076,0.02030175504562759,4110456,0.9820343014646202,0.9880019983556837,592860,4418,6428,502318,2868,3232,16423.692861726508,1694.1707156368718,ian_s024,ian,mid,6,Bp_N1_s2
single,land,0.0014214091711549671,0.008092127687431732,3684744,0.9503835318695464,0.9607489140196851,180149,3619,5786,104835,1993,2290,5237.528914958239,241.28636140043122,ian_s024,ian,mid,6,Bp_N1_s2
single,active,0.00387268244346997,0.018145038232831753,4110456,0.9848231079114341,0.9887321631667194,583293,3912,5077,505956,2751,3015,15918.4907858558,1353.336449795593,ian_s037,ian,low,-6,Bp_N1_s2
single,land,0.0012653480350555302,0.007510225423721993,3684744,0.9563155844815615,0.9623866643628195,169418,3279,4460,105825,1952,2184,4662.483580082655,207.83240630482362,ian_s037,ian,low,-6,Bp_N1_s2
single,active,0.0039350652516517625,0.019772878379068305,4110456,0.9848297036820554,0.98862820855978,586342,3848,5184,509711,2789,3074,16174.912574043497,1607.0514975310275,ian_s041,ian,mid,0,Bp_N1_s2
single,land,0.0013123596446500884,0.007974664833287627,3684744,0.9568926233425583,0.962112108574256,172189,3151,4606,108888,1989,2299,4835.7093264665455,234.3323234725901,ian_s041,ian,mid,0,Bp_N1_s2
single,active,0.004038706761746688,0.01824041712770986,4110456,0.9822532781732863,0.9885042423215616,604737,4352,6574,513438,2901,3070,16600.92644106224,1367.6013948851669,ian_s046,ian,mid,-6,Bp_N1_s2
single,land,0.0014550113658575734,0.007847790125613284,3684744,0.9518012806447108,0.9630523863771615,190859,3717,5948,113280,2115,2231,5361.344400275499,226.9353128388333,ian_s046,ian,mid,-6,Bp_N1_s2
single,active,0.004125187650139509,0.019929444655285854,4110456,0.981743986946862,0.9882881713203397,608911,4390,6933,517610,2948,3186,16956.402327641845,1632.6022764824052,ian_s049,ian,high,-6,Bp_N1_s2
single,land,0.0015199105138479219,0.00832564336438704,3684744,0.9508869932077757,0.9625196798470124,194735,3700,6358,116770,2140,2407,5600.481146438047,255.41295845071247,ian_s049,ian,high,-6,Bp_N1_s2
single,active,0.004030881892848715,0.019758859971980125,4110456,0.9869943394088428,0.9891078402152066,583591,3283,4407,517703,2776,2925,16568.76266175136,1604.7735979040394,ian_s059,ian,mid,0,Bp_N1_s2
single,land,0.001277861683491441,0.00813673642579096,3684744,0.9627032433204743,0.964045019544413,168449,2716,3810,114436,2021,2247,4708.5931710749865,243.95392869860012,ian_s059,ian,mid,0,Bp_N1_s2
single,active,0.0041479076896960365,0.021036927496736014,4110456,0.9864437566712971,0.9886657191467779,588683,3400,4690,522408,2817,3172,17049.79205055721,1819.0918329042704,ian_s063,ian,high,6,Bp_N1_s2
single,land,0.0013791309951571686,0.00897846749486398,3684744,0.9611085532337426,0.9632241690663282,173260,2844,4167,118413,2080,2441,5081.744659619406,297.0378205831622,ian_s063,ian,high,6,Bp_N1_s2
single,active,0.004163211182050436,0.01985705164430369,4110456,0.9851883729634631,0.9888790069257843,597500,3716,5267,522583,2831,3046,17112.69638252631,1620.7630769586779,ian_s068,ian,high,0,Bp_N1_s2
single,land,0.0014201504492783572,0.008381893423313259,3684744,0.9588843724858154,0.9642510749733277,182352,3148,4671,119301,2063,2360,5232.890847075731,258.8758805996328,ian_s068,ian,high,0,Bp_N1_s2
single,active,0.003890196448897715,0.01623532808556616,4110456,0.9806523432803895,0.9882457958995623,628099,5770,6622,514797,3091,3032,15990.481334550306,1083.458153929339,milton_s005,milton,low,0,Bp_N1_s2
single,land,0.0016264410958114056,0.007822058635018652,3684744,0.9486289169774395,0.9591156769513761,210367,5240,6152,110540,2419,2293,5993.019069144502,225.4495924945033,milton_s005,milton,low,0,Bp_N1_s2
single,active,0.0038823825455523903,0.016202789556008547,4110456,0.9812934125730334,0.9887882724638127,626128,5548,6388,514514,2871,2963,15958.362628661096,1079.119614276356,milton_s006,milton,low,6,Bp_N1_s2
single,land,0.0016169991501671266,0.007827471236023927,3684744,0.9501513604201619,0.961388581342028,208410,5021,5913,110278,2201,2228,5958.227916583419,225.761707486308,milton_s006,milton,low,6,Bp_N1_s2
single,active,0.005135323888650368,0.017483444146406815,4110456,0.9749124083145739,0.9870678004865169,848399,6655,15177,617175,3500,4586,21108.52289004624,1256.446452889929,milton_s024,milton,mid,6,Bp_N1_s2
single,land,0.0029434242824191072,0.01013066866886586,3684744,0.9538972373340894,0.9696370569128654,430635,6136,14677,212846,2846,3819,10845.76496409811,378.1669263000785,milton_s024,milton,mid,6,Bp_N1_s2
single,active,0.004760551672235167,0.01684074794186203,4110456,0.9757357823913397,0.9870935915957334,778764,7137,12229,588291,3513,4179,19568.038184449077,1165.7696785226728,milton_s037,milton,low,-6,Bp_N1_s2
single,land,0.0024858156259193907,0.009299985644113428,3684744,0.9510800642543118,0.9658916545904015,359980,6735,11781,181294,2932,3470,9159.59421271272,318.69252466229483,milton_s037,milton,low,-6,Bp_N1_s2
single,active,0.0047601657469959514,0.017067661863766636,4110456,0.9756690599495335,0.9868951359924513,775252,6938,12395,589884,3422,4411,19566.45185573399,1197.3967200652041,milton_s041,milton,mid,0,Bp_N1_s2
single,land,0.002519397086544468,0.009511804880268239,3684744,0.9505358769125585,0.9651051726699637,355912,6505,12016,181876,2845,3731,9283.333298262209,333.37512076127337,milton_s041,milton,mid,0,Bp_N1_s2
single,active,0.005254302007104858,0.01725422369188772,4110456,0.9754745635710017,0.9870776808823006,874829,6834,15161,638048,3764,4589,21597.577210916206,1223.7166016671206,milton_s046,milton,mid,-6,Bp_N1_s2
single,land,0.0030148007720334977,0.010185267948742567,3684744,0.955686652555693,0.9702770251821982,456025,6436,14709,230989,3191,3885,11108.769055945799,382.25417518771434,milton_s046,milton,mid,-6,Bp_N1_s2
single,active,0.005275234336786476,0.017487814393298252,4110456,0.9751030168385554,0.9868794870221513,879579,6893,15565,643327,3728,4825,21683.61863104999,1257.0746663512155,milton_s049,milton,high,-6,Bp_N1_s2
single,land,0.0030663717233552447,0.010371092607156764,3684744,0.9550721990943465,0.9698770094706418,460213,6461,15188,235233,3155,4151,11298.794809402898,396.3294502291892,milton_s049,milton,high,-6,Bp_N1_s2
single,active,0.004185561477996203,0.01642142179912802,4110456,0.981613456670146,0.989055793603932,654532,5452,6808,547748,2965,3096,17204.566290598363,1108.4382823198648,milton_s059,milton,mid,0,Bp_N1_s2
single,land,0.0018176696216288517,0.008418555990960523,3684744,0.9527891228484521,0.9649963648170762,233985,5090,6504,136712,2476,2483,6697.6472322791815,261.1454898715209,milton_s059,milton,mid,0,Bp_N1_s2
single,active,0.0042518538565776455,0.016859203482663034,4110456,0.9821560883831946,0.9896373612625333,658792,5333,6636,553712,2742,3056,17477.05819589272,1168.3261800374157,milton_s063,milton,high,6,Bp_N1_s2
single,land,0.0018826985080986286,0.008921617757846041,3684744,0.9543296913181474,0.9675095429621081,237839,5010,6372,141685,2273,2485,6937.2620315253735,293.2881693046296,milton_s063,milton,high,6,Bp_N1_s2
single,active,0.00496282926080629,0.01741074898196057,4110456,0.9759136202329557,0.9874565836205996,787331,6805,12627,604987,3393,4292,20399.49131205678,1246.019709449908,milton_s068,milton,high,0,Bp_N1_s2
single,land,0.0026362517870622453,0.009845025753991979,3684744,0.951315417476131,0.9671405278457849,366773,6456,12314,193961,2948,3642,9713.912954866886,357.1420880963635,milton_s068,milton,high,0,Bp_N1_s2
single,active,0.0036950357601352028,0.015959488778210237,4110456,0.9836238793289628,0.9870333881365646,551092,4108,5067,471875,3166,3033,15188.281910462305,1046.954854882694,dorian_s005,dorian,low,0,Bp_N1_s2
single,land,0.0011353622331710543,0.007163524653775435,3684744,0.9533661697308118,0.954656237601315,144782,2998,4084,84215,2093,1907,4183.519176503643,189.0866380215615,dorian_s005,dorian,low,0,Bp_N1_s2
single,active,0.0037117958138898908,0.016017272947612293,4110456,0.9837562347419347,0.9870745296262744,551660,4077,5032,471793,3150,3028,15257.173373978585,1054.5499524907661,dorian_s006,dorian,low,6,Bp_N1_s2
single,land,0.001152805190232092,0.007200026342707623,3684744,0.9539702542695494,0.9547374157073769,145345,2976,4037,84099,2088,1899,4247.79200787656,191.01852671488453,dorian_s006,dorian,low,6,Bp_N1_s2
single,active,0.004732830657757911,0.017071355877146383,4110456,0.9720503130061531,0.9859084310375988,653559,7061,11731,507312,3368,3883,19454.09217416495,1197.915089623298,dorian_s024,dorian,mid,6,Bp_N1_s2
single,land,0.002292748130161201,0.009433556833032819,3684744,0.9367438015902205,0.9591084943979281,247054,5997,10686,119245,2362,2722,8448.189916122705,327.9127178631942,dorian_s024,dorian,mid,6,Bp_N1_s2
single,active,0.004146635041518753,0.01607018437219447,4110456,0.9791249647269661,0.9861775907963277,593337,5239,7411,490149,3430,3440,17044.560886221007,1061.5286562350338,dorian_s037,dorian,low,-6,Bp_N1_s2
single,land,0.0016213696374949237,0.008114836041786104,3684744,0.9451941824179516,0.9546422060381609,185673,4331,6435,100015,2520,2232,5974.332043541595,242.6424705406056,dorian_s037,dorian,low,-6,Bp_N1_s2
single,active,0.0041218215098603045,0.016258001890527063,4110456,0.9793313952050288,0.9859710837864235,593893,5208,7326,491618,3515,3480,16942.56595613435,1086.4865218087036,dorian_s041,dorian,mid,0,Bp_N1_s2
single,land,0.0016148922701807688,0.008151700651124267,3684744,0.9455808292978517,0.9536688661587037,185696,4310,6377,100881,2636,2265,5950.464603194967,244.85206236069672,dorian_s041,dorian,mid,0,Bp_N1_s2
single,active,0.004600453142680712,0.016555199633184216,4110456,0.9753396284437691,0.9859069538437775,647013,5826,10533,510616,3477,3822,18909.960223050788,1126.5717274502472,dorian_s046,dorian,mid,-6,Bp_N1_s2
single,land,0.0021235827684747753,0.009066099515101659,3684744,0.9428384534148764,0.9586691942523975,239266,4933,9573,120359,2598,2591,7824.858864640817,302.8644394342553,dorian_s046,dorian,mid,-6,Bp_N1_s2
single,active,0.004600410034376623,0.016833183293611075,4110456,0.9754696016456703,0.985828348684514,649653,5876,10461,512891,3539,3834,18909.7830282636,1164.7226161260887,dorian_s049,dorian,high,-6,Bp_N1_s2
single,land,0.0021355945483051047,0.009112742596455975,3684744,0.9432543201966017,0.9584982409850483,241425,5011,9513,122059,2682,2603,7869.119198299944,305.9887972919617,dorian_s049,dorian,high,-6,Bp_N1_s2
single,active,0.003850893127907117,0.01615888754890405,4110456,0.9842589216436803,0.9868219135270714,569568,3839,5270,492584,3224,3354,15828.926762964576,1073.2797144214483,dorian_s059,dorian,mid,0,Bp_N1_s2
single,land,0.0012380912118632873,0.007521120074872189,3684744,0.9562263609801567,0.9569665413171343,160035,2966,4360,99247,2300,2163,4562.049164365977,208.4358246454002,dorian_s059,dorian,mid,0,Bp_N1_s2
single,active,0.003910437778040388,0.016697536416300004,4110456,0.9841790588206989,0.9869729570231193,572681,3919,5287,495038,3161,3373,16073.682427372783,1146.0268752771647,dorian_s063,dorian,high,6,Bp_N1_s2
single,land,0.0012770636060301826,0.007676024053437373,3684744,0.9564133617091324,0.9579865390084368,162684,3044,4370,101058,2243,2189,4705.652459938079,217.11007345168863,dorian_s063,dorian,high,6,Bp_N1_s2
single,active,0.004232263201629581,0.01649164217119082,4110456,0.9792944984660185,0.9862111820784696,602650,5127,7615,501516,3433,3579,17396.531670717523,1117.938235038929,dorian_s068,dorian,high,0,Bp_N1_s2
single,land,0.0016767503047592563,0.0083933884694315,3684744,0.9461128317716705,0.9565459807244696,193060,4307,6689,108083,2584,2326,6178.395624959841,259.58641950920554,dorian_s068,dorian,high,0,Bp_N1_s2
single,active,0.004749106623861777,0.018109597906971888,4110456,0.9689206696760472,0.9817203243830182,617747,7532,12283,459290,4297,4255,19520.993816692382,1348.0550230441213,beryl_s005,beryl,low,0,Bp_N1_s2
single,land,0.002307878119112533,0.009746874944832251,3684744,0.9292960138546682,0.9405599561810062,222151,5833,11069,89293,2684,2959,8503.94005213119,350.0564694336575,beryl_s005,beryl,low,0,Bp_N1_s2
single,active,0.004626965079400979,0.017883776731513992,4110456,0.9697338923480858,0.9820282746494865,606458,7377,11551,454083,4124,4186,19018.93637241423,1314.6449646890592,beryl_s006,beryl,low,6,Bp_N1_s2
single,land,0.002175524318181607,0.009491370863757882,3684744,0.9292893700613994,0.9395127071329671,210984,5701,10353,84139,2514,2903,8016.250178273767,331.9442933715061,beryl_s006,beryl,low,6,Bp_N1_s2
single,active,0.005749541014172996,0.019335951076144935,4110456,0.9628384000166404,0.9796977124935312,740623,9738,18847,531969,4747,6277,23633.235358953476,1536.813195344212,beryl_s024,beryl,mid,6,Bp_N1_s2
single,land,0.003397286951709861,0.012019366217385993,3684744,0.930436498070458,0.9518894248959515,344295,8134,17607,161014,3213,4925,12518.132711591199,532.3171472441996,beryl_s024,beryl,mid,6,Bp_N1_s2
single,active,0.005450555322468943,0.018008342838962046,4110456,0.9665576246267801,0.9814209204227688,724491,8245,16822,517675,4292,5508,22404.267828574404,1333.022573508781,beryl_s037,beryl,low,-6,Bp_N1_s2
single,land,0.0031204916075225114,0.011201468455510056,3684744,0.935489144463246,0.9530747561721014,326177,6856,15637,143453,2900,4163,11498.21272786893,462.3354990765511,beryl_s037,beryl,low,-6,Bp_N1_s2
single,active,0.0054270007511481805,0.01903880163890134,4110456,0.9664012760562228,0.9814306422279384,708865,8115,16530,510499,4370,5289,22307.447799561545,1489.9415168860642,beryl_s041,beryl,mid,0,Bp_N1_s2
single,land,0.0030595606933580544,0.011216988435189375,3684744,0.9337256069863216,0.9514260343031345,310390,6662,15369,136072,2958,3989,11273.69790748693,463.61754677844334,beryl_s041,beryl,mid,0,Bp_N1_s2
single,active,0.005923499283418916,0.018378565270404008,4110456,0.9629353861376924,0.9803178724507642,786308,9540,20726,563323,4604,6706,24348.283170524985,1388.3955522254341,beryl_s046,beryl,mid,-6,Bp_N1_s2
single,land,0.0036743022262158997,0.01232909974410505,3684744,0.933231548731385,0.9561425759451287,387530,8190,19536,188471,3283,5362,13538.863082235679,560.105777627508,beryl_s046,beryl,mid,-6,Bp_N1_s2
single,active,0.005945752202627522,0.019556697923045496,4110456,0.9628420862059686,0.9801674409550774,787108,9615,20761,563956,4693,6718,24439.752815803513,1572.1032260966117,beryl_s049,beryl,high,-6,Bp_N1_s2
single,land,0.003675191077979485,0.012364907534821255,3684744,0.9330654734727423,0.9558896406646642,388284,8253,19601,189031,3320,5403,13542.138273438439,563.3639677199275,beryl_s049,beryl,high,-6,Bp_N1_s2
single,active,0.004777189132620523,0.017685268113470872,4110456,0.9716189381828378,0.9832519161982627,637554,6951,11672,481056,4019,4175,19636.425733314827,1285.6220134193466,beryl_s059,beryl,mid,0,Bp_N1_s2
single,land,0.0023475235951526926,0.009744693008497262,3684744,0.9361850613506608,0.9484977360635002,237439,5614,10571,103483,2711,2908,8650.023482097313,349.8997596283088,beryl_s059,beryl,mid,0,Bp_N1_s2
single,active,0.004664180468816444,0.017972165051393086,4110456,0.9724925358341903,0.9834871006497587,627989,6919,10844,477244,3907,4106,19171.908593129367,1327.6720127826425,beryl_s063,beryl,high,6,Bp_N1_s2
single,land,0.00224001511199491,0.009580927685225487,3684744,0.9365102217103369,0.9481573419896887,227675,5610,9825,99310,2562,2868,8253.882243832573,338.23803670670276,beryl_s063,beryl,high,6,Bp_N1_s2
single,active,0.005463724026942949,0.01870141899860709,4110456,0.967502980420155,0.9820529429708772,718221,7871,16253,521531,4197,5334,22458.39720889181,1437.603511068698,beryl_s068,beryl,high,0,Bp_N1_s2
single,land,0.0030869784223018135,0.011230766977092695,3684744,0.9360767044199302,0.9538711927458731,317784,6574,15127,143591,2927,4017,11374.725219706073,464.75722829100533,beryl_s068,beryl,high,0,Bp_N1_s2
single,active,0.006610031377626665,0.021689060756939906,4110456,0.9726470345310778,0.985299565074357,1024529,8762,20050,760736,4118,7232,27170.24313635379,1933.6216246925005,irma_s005,irma,low,0,Bp_N2_s0
single,land,0.004150859845264949,0.012883782093781954,3684744,0.9561481383539693,0.9726924519571687,607439,8303,19556,355273,3535,6439,15294.855909680948,611.637440321302,irma_s005,irma,low,0,Bp_N2_s0
single,active,0.0065766821002734505,0.021726931115917402,4110456,0.9715171810373787,0.9852528053082039,1009316,8143,21448,751941,3652,7603,27033.162399161607,1940.3799509403057,irma_s006,irma,low,6,Bp_N2_s0
single,land,0.004152206110949477,0.012944982464482911,3684744,0.9538629512251682,0.9721845052404785,592326,7677,20973,346541,3110,6805,15299.81655408442,617.4620255780852,irma_s006,irma,low,6,Bp_N2_s0
single,active,0.007719110172431157,0.02350948211500894,4110456,0.9662516642636884,0.9837529008413634,1120535,9292,29845,824078,4590,9020,31729.062722930685,2271.831558950141,irma_s024,irma,mid,6,Bp_N2_s0
single,land,0.005330527088120097,0.014841342045745496,3684744,0.9485026693978718,0.9714430452695936,703365,8832,29356,418044,4044,8245,19641.627704788,811.6217353027944,irma_s024,irma,mid,6,Bp_N2_s0
single,active,0.007467309998231795,0.02187899921215213,4110456,0.9702771181530001,0.9846976814888273,1110161,9190,24818,816210,4902,7782,30694.04918609187,1967.6366757357785,irma_s037,irma,low,-6,Bp_N2_s0
single,land,0.004880327490411306,0.014440924978231573,3684744,0.9542564991143215,0.9726651914699009,691710,8869,24289,408355,4453,7023,17982.757438328117,768.4176716057307,irma_s037,irma,low,-6,Bp_N2_s0
single,active,0.007399078282460602,0.02286958986669769,4110456,0.9701917365917451,0.9842030175745801,1100960,8836,24990,816110,4386,8713,30413.585720609874,2149.843054429798,irma_s041,irma,mid,0,Bp_N2_s0
single,land,0.004844015175377753,0.014151532672858486,3684744,0.9538529939768132,0.9716343881725614,682230,8482,24524,407074,3913,7971,17848.955853382125,737.9284886472562,irma_s041,irma,mid,0,Bp_N2_s0
single,active,0.008069539327336775,0.022421953938527656,4110456,0.9676346667268688,0.9834885484534748,1157263,9846,28862,850753,5419,8864,33169.48634528741,2066.5071669845843,irma_s046,irma,mid,-6,Bp_N2_s0
single,land,0.005496795652284561,0.015504888355317771,3684744,0.9512334263962006,0.9712875089143672,738667,9525,28344,442640,4987,8098,20254.284798981622,885.8182165264458,irma_s046,irma,mid,-6,Bp_N2_s0
single,active,0.008131793352474858,0.024044739090345643,4110456,0.9677119296517552,0.9837025567957662,1165190,9623,29254,860241,5170,9082,33425.3787764404,2376.457990424624,irma_s049,irma,high,-6,Bp_N2_s0
single,land,0.005564026785767531,0.015453242613137956,3684744,0.9514729468882356,0.9718137439787924,746284,9293,28769,450907,4706,8372,20502.014314696193,879.9268427618941,irma_s049,irma,high,-6,Bp_N2_s0
single,active,0.007276576554944812,0.023727389807199767,4110456,0.972656444260257,0.9848382807937475,1056159,7921,21770,792588,4006,8196,29910.04775973223,2314.1416242244795,irma_s059,irma,mid,0,Bp_N2_s0
single,land,0.00450688302233927,0.014134431543517135,3684744,0.9565064451877184,0.9717525647039628,636292,7604,21329,381168,3591,7489,16606.71017526649,736.1460971584065,irma_s059,irma,mid,0,Bp_N2_s0
single,active,0.007523368330552593,0.024830280927710075,4110456,0.9705934724705638,0.9841075567458956,1046556,7016,24692,794410,3380,9449,30924.474494529888,2534.2722609404336,irma_s063,irma,high,6,Bp_N2_s0
single,land,0.004707224701020288,0.014750408257013627,3684744,0.9528408330596206,0.9700582229433438,626611,6711,24302,382039,2986,8806,17344.9179737363,801.7064946303021,irma_s063,irma,high,6,Bp_N2_s0
single,active,0.007764393008508697,0.02407946976100992,4110456,0.9699877435309939,0.9844661932397081,1115095,8563,25939,835799,4375,8813,31915.195828182623,2383.3281492363885,irma_s068,irma,high,0,Bp_N2_s0
single,land,0.005044089674421469,0.014907832852620005,3684744,0.9537035131549523,0.9723092016889553,695144,8245,25500,424166,3949,8131,18586.179163286462,818.9103308017309,irma_s068,irma,high,0,Bp_N2_s0
single,active,0.0036495233635474456,0.01931714256421323,4110456,0.986516774614828,0.9885806945451615,558990,3299,4341,490771,2379,3290,15001.20520683378,1533.8248643481909,ian_s005,ian,low,0,Bp_N2_s0
single,land,0.001070030562911597,0.007382847832330636,3684744,0.9592624890992899,0.9603725290652851,146300,2523,3690,93426,1561,2294,3942.7886965051293,200.84228554588017,ian_s005,ian,low,0,Bp_N2_s0
single,active,0.0036534098613065615,0.01934018139364074,4110456,0.986607221713894,0.9886095971146194,558544,3274,4308,490642,2361,3292,15017.180484866723,1537.4857165860426,ian_s006,ian,low,6,Bp_N2_s0
single,land,0.0010681886149549369,0.007381716595569471,3684744,0.9595250624917774,0.960445057433406,145867,2498,3655,93313,1555,2288,3936.001589823514,200.78074214815797,ian_s006,ian,low,6,Bp_N2_s0
single,active,0.003960843180518933,0.019578964164586626,4110456,0.9826239349084982,0.9880287954405907,593214,4416,6074,502053,2586,3497,16280.87161642313,1575.6850943280854,ian_s024,ian,mid,6,Bp_N2_s0
single,land,0.0013858564155499354,0.007980177126652575,3684744,0.9521581576407168,0.9607657699017538,180513,3648,5422,104637,1785,2488,5106.526112059131,234.65638848847493,ian_s024,ian,mid,6,Bp_N2_s0
single,active,0.003865311794517059,0.017893468191810282,4110456,0.9852469120167506,0.9888179132376433,583478,3845,4892,505724,2472,3247,15888.194057643414,1316.0701985067437,ian_s037,ian,low,-6,Bp_N2_s0
single,land,0.0012325000890359501,0.007421186356376357,3684744,0.9575805140250238,0.9624345132340212,169599,3234,4279,105632,1746,2377,4541.447308074683,202.93361661362974,ian_s037,ian,low,-6,Bp_N2_s0
single,active,0.00393843129875557,0.019130627845532485,4110456,0.9851820868043132,0.9885555367952009,586472,3767,5054,509374,2486,3411,16188.748562557623,1504.348475751445,ian_s041,ian,mid,0,Bp_N2_s0
single,land,0.0012855991289387897,0.007880504316768006,3684744,0.9579430159833218,0.9616051983923228,172310,3080,4485,108621,1771,2566,4737.103676762432,228.8312552349566,ian_s041,ian,mid,0,Bp_N2_s0
single,active,0.004037424271745543,0.01800084924991401,4110456,0.9827137314009787,0.9885107948449776,605048,4380,6263,513218,2675,3290,16595.654822342098,1331.9134159231285,ian_s046,ian,mid,-6,Bp_N2_s0
single,land,0.001419520020748315,0.007757673426636131,3684744,0.9531091079512594,0.9627558143494398,191167,3765,5640,113093,1957,2418,5230.5678793322295,221.75340996089895,ian_s046,ian,mid,-6,Bp_N2_s0
single,active,0.004123594059077879,0.019262727265566226,4110456,0.9822025619283137,0.9881009916158697,609274,4470,6570,517260,2693,3536,16949.851941701025,1525.1956396319276,ian_s049,ian,high,-6,Bp_N2_s0
single,land,0.0014860696573621658,0.008221588156298783,3684744,0.9521885127484284,0.9615035409478845,195092,3795,6001,116490,1977,2687,5475.786253547296,249.06847183143125,ian_s049,ian,high,-6,Bp_N2_s0
single,active,0.004086739513191575,0.01933084183440245,4110456,0.987184084381734,0.9890349368017801,583641,3220,4357,517380,2488,3248,16798.36295243539,1536.001141909059,ian_s059,ian,mid,0,Bp_N2_s0
single,land,0.0012611645248972343,0.008080102990268597,3684744,0.9632443743139407,0.9638054882629504,168483,2653,3776,114183,1788,2500,4647.068416127935,240.56980332391626,ian_s059,ian,mid,0,Bp_N2_s0
single,active,0.0042297801088272136,0.020581219495497616,4110456,0.9868078522613554,0.9884793892031198,588697,3194,4676,522013,2517,3567,17386.325027009472,1741.1340647265488,ian_s063,ian,high,6,Bp_N2_s0
single,land,0.0013646045918779925,0.008921903340662734,3684744,0.9622311447278543,0.9624311373341592,173268,2642,4159,118098,1854,2756,5028.218582294881,293.30694603421455,ian_s063,ian,high,6,Bp_N2_s0
single,active,0.004219637453601716,0.019431733395576255,4110456,0.9853882453033646,0.988789806505358,597636,3731,5131,522259,2551,3370,17344.634088981897,1552.0763820020738,ian_s068,ian,high,0,Bp_N2_s0
single,land,0.0014037666220503297,0.008329518166986558,3684744,0.959439279855298,0.9639355146921887,182470,3161,4553,119047,1840,2614,5172.52063800022,255.65075511151537,ian_s068,ian,high,0,Bp_N2_s0
single,active,0.0038990252790417844,0.015678161086569196,4110456,0.9807867210595695,0.9882107996604219,628699,6294,6022,514508,2817,3321,16026.771852388978,1010.3695480410416,milton_s005,milton,low,0,Bp_N2_s0
single,land,0.0015908829613525844,0.007751195916249414,3684744,0.9490014393666787,0.9586794813862143,210982,5801,5537,110321,2243,2512,5861.996446546167,221.38324477095884,milton_s005,milton,low,0,Bp_N2_s0
single,active,0.0038966278453603834,0.015659222288326065,4110456,0.9812249653155114,0.9887360017228649,626624,6098,5892,514206,2587,3271,16016.917306728661,1007.930023721764,milton_s006,milton,low,6,Bp_N2_s0
single,land,0.001584089774679275,0.0077547130935104866,3684744,0.9499477106352021,0.96081307627829,208922,5607,5401,110040,2022,2466,5836.965292710811,221.58419976717144,milton_s006,milton,low,6,Bp_N2_s0
single,active,0.005146821567893948,0.01698522896729727,4110456,0.9760756759611928,0.9869756503375676,850036,7295,13540,616919,3299,4842,21155.783594679087,1185.8583477133245,milton_s024,milton,mid,6,Bp_N2_s0
single,land,0.0028765848003214265,0.010019166370552866,3684744,0.9561508278812169,0.9694237553900431,432293,6806,13019,212678,2721,3987,10599.478583475575,369.8882169677537,milton_s024,milton,mid,6,Bp_N2_s0
single,active,0.004844294636138255,0.01691513442841167,4110456,0.9762265907759773,0.9870222947308704,780048,8051,10945,588059,3321,4411,19912.259952882305,1176.0909574537525,milton_s037,milton,low,-6,Bp_N2_s0
single,land,0.0024454177419147034,0.00926300511816057,3684744,0.9521655940163507,0.9657461214479928,361284,7673,10477,181145,2806,3619,9010.738352013752,316.1630615377312,milton_s037,milton,low,-6,Bp_N2_s0
single,active,0.004859709871407586,0.01684407366484819,4110456,0.9765870266831453,0.9868753138075314,776749,7724,10898,589658,3205,4637,19975.62359918654,1166.230158051119,milton_s041,milton,mid,0,Bp_N2_s0
single,land,0.002480831676739462,0.009463497674421053,3684744,0.9524892002739572,0.9649265342318087,357413,7313,10515,181714,2712,3893,9141.229635875672,329.99752284766447,milton_s041,milton,mid,0,Bp_N2_s0
single,active,0.0053162001988310776,0.017305920571053266,4110456,0.9762375311095614,0.9871318693223146,876304,7644,13686,637855,3533,4782,21852.007004486397,1231.060554464081,milton_s046,milton,mid,-6,Bp_N2_s0
single,land,0.0029620509937757973,0.010146315836383398,3684744,0.957076121997703,0.9705867516373389,457491,7275,13243,230889,3012,3985,10914.399627009407,379.3360121976968,milton_s046,milton,mid,-6,Bp_N2_s0
single,active,0.005347133112253691,0.017287847891444236,4110456,0.9761585897423116,0.9868017438086659,881234,7613,13910,643076,3525,5076,21979.155384061858,1228.4906887660316,milton_s049,milton,high,-6,Bp_N2_s0
single,land,0.0030109023873784607,0.010315647334481811,3684744,0.9570172312333718,0.969646842372315,461868,7211,13533,235055,3029,4329,11094.404506478459,392.1031154193833,milton_s049,milton,high,-6,Bp_N2_s0
single,active,0.004280102461531386,0.01642284478823526,4110456,0.9814119208830462,0.98886490294726,655011,6077,6329,547401,2721,3443,17593.172843616456,1108.6303928400032,milton_s059,milton,mid,0,Bp_N2_s0
single,land,0.0017975461895038544,0.008411125611187745,3684744,0.9523186769448213,0.9643331637268204,234478,5729,6011,136457,2309,2738,6623.497536497191,260.68470922313634,milton_s059,milton,mid,0,Bp_N2_s0
single,active,0.004355019706306791,0.016636746545831527,4110456,0.981862217197603,0.989393069733593,659184,5933,6244,553325,2489,3443,17901.116881906986,1137.697501729322,milton_s063,milton,high,6,Bp_N2_s0
single,land,0.001866276037489059,0.008860634705460158,3684744,0.9535635809115178,0.96636041726481,238245,5636,5966,141365,2116,2805,6876.749431481585,289.29237383165434,milton_s063,milton,high,6,Bp_N2_s0
single,active,0.005119731911654257,0.017528879887170105,4110456,0.9766634677893694,0.9873787057703642,788729,7617,11229,604727,3178,4552,21044.432754650712,1262.9854110095437,milton_s068,milton,high,0,Bp_N2_s0
single,land,0.0026106696167164565,0.009850591309587318,3684744,0.9529768637265991,0.9670936737413106,368195,7276,10892,193793,2784,3810,9619.649206178263,357.5459988701038,milton_s068,milton,high,0,Bp_N2_s0
single,active,0.003620715938407455,0.015235715626919747,4110456,0.9840351180987098,0.9870588703145178,551224,4008,4935,471596,2871,3312,14882.793553322554,954.1479459565296,dorian_s005,dorian,low,0,Bp_N2_s0
single,land,0.0010986779165321782,0.0069698680933680535,3684744,0.9548512502882747,0.9545811027380912,144913,2899,3953,83985,1859,2137,4048.3468608744442,179.00140442585368,dorian_s005,dorian,low,0,Bp_N2_s0
single,active,0.003640483738111274,0.015302767720929734,4110456,0.9840163795548057,0.987024813630854,551737,4007,4955,471483,2860,3338,14964.048224221915,962.5648003373601,dorian_s006,dorian,low,6,Bp_N2_s0
single,land,0.00111598610862213,0.007006607457585539,3684744,0.9548564599585008,0.9545495936440003,145417,2910,3965,83861,1856,2137,4112.123117828742,180.8934719260902,dorian_s006,dorian,low,6,Bp_N2_s0
single,active,0.004652489659069152,0.01638115298308008,4110456,0.9731988194098536,0.9858467269948551,654520,7255,10770,507019,3103,4176,19123.85403405875,1103.0086952872646,dorian_s024,dorian,mid,6,Bp_N2_s0
single,land,0.0022282323707072645,0.009250154153141366,3684744,0.9395814231914588,0.9592045573577639,247995,6202,9745,119044,2140,2923,8210.465858569369,315.2864168625218,dorian_s024,dorian,mid,6,Bp_N2_s0
single,active,0.004133872940045172,0.015872376841419192,4110456,0.9794495013312131,0.9861993851629801,593756,5466,6992,489862,3128,3727,16992.10282964632,1035.5568256596912,dorian_s037,dorian,low,-6,Bp_N2_s0
single,land,0.0015805169893744419,0.007993956207846148,3684744,0.9462272641754085,0.9544206690070115,186086,4553,6022,99778,2296,2469,5823.800493495539,235.46743336418652,dorian_s037,dorian,low,-6,Bp_N2_s0
single,active,0.0040914931683087635,0.01579145946463983,4110456,0.9794500675876167,0.9859923459609592,594154,5401,7065,491319,3201,3779,16817.902642633766,1025.0252020235844,dorian_s041,dorian,mid,0,Bp_N2_s0
single,land,0.0015754521721712631,0.008008298130074832,3684744,0.9459397589748546,0.9536241222791839,185950,4504,6123,100635,2383,2511,5805.137938695028,236.31309348772106,dorian_s041,dorian,mid,0,Bp_N2_s0
single,active,0.004586060278217357,0.016322653558763313,4110456,0.9762116780952467,0.9859716844797873,647899,6141,9647,510335,3158,4103,18850.798986960202,1095.1447605423245,dorian_s046,dorian,mid,-6,Bp_N2_s0
single,land,0.0020689955772550876,0.008930134573878177,3684744,0.9452047246263869,0.9588683611986752,240151,5234,8688,120151,2355,2799,7623.71903931722,293.84839811571356,dorian_s046,dorian,mid,-6,Bp_N2_s0
single,active,0.00456640786129764,0.01632435360050081,4110456,0.9761863313023381,0.9859898559170932,650472,6226,9642,512625,3184,4100,18770.01859191805,1095.3728960902315,dorian_s049,dorian,high,-6,Bp_N2_s0
single,land,0.0020812583791501643,0.008959313544925905,3684744,0.9451897114139002,0.9590370358711221,242237,5346,8701,121861,2404,2801,7668.9043250232935,295.7718185977447,dorian_s049,dorian,high,-6,Bp_N2_s0
single,active,0.0038502396803027513,0.015887311797599935,4110456,0.9846753758560253,0.9868427119690625,569680,3708,5158,492248,2873,3690,15826.240795338526,1037.5065364379159,dorian_s059,dorian,mid,0,Bp_N2_s0
single,land,0.001210110928488532,0.007416428714647143,3684744,0.9576157673172598,0.9573467966573816,160144,2837,4251,98982,1982,2428,4458.948983082548,202.67350295653708,dorian_s059,dorian,mid,0,Bp_N2_s0
single,active,0.003897453034440171,0.01616872338957822,4110456,0.9844547384343013,0.9867900288855908,572741,3817,5227,494666,2877,3745,16020.309210132807,1074.5867129530495,dorian_s063,dorian,high,6,Bp_N2_s0
single,land,0.0012463779762688983,0.007547281192909805,3684744,0.9573818515511947,0.9575204082602374,162753,2944,4301,100757,1980,2490,4592.583769788966,209.88837366480075,dorian_s063,dorian,high,6,Bp_N2_s0
single,active,0.0042457560934586885,0.01625976297757283,4110456,0.9795632912523413,0.9860132568118725,602979,5294,7286,501158,3172,3937,17451.993608893827,1086.721913707737,dorian_s068,dorian,high,0,Bp_N2_s0
single,land,0.0016444273045839025,0.008299980534585468,3684744,0.9469511866697351,0.9562093648273476,193393,4478,6356,107804,2332,2605,6059.293644001707,253.84082352524405,dorian_s068,dorian,high,0,Bp_N2_s0
single,active,0.004549472020116978,0.01716803905447761,4110456,0.9708125667288031,0.9825777785384074,619226,7813,10804,459305,3904,4240,18700.404561921954,1211.5222342052703,beryl_s005,beryl,low,0,Bp_N2_s0
single,land,0.002227325474442168,0.009550305897344243,3684744,0.9339225817770185,0.9436219640971489,223582,6181,9638,89361,2448,2891,8207.124177997932,336.0793936348061,beryl_s005,beryl,low,0,Bp_N2_s0
single,active,0.004428164439699312,0.01695605348844086,4110456,0.9715359433244458,0.9828561038331327,607789,7587,10220,454052,3703,4217,18201.775090148672,1181.787955634741,beryl_s006,beryl,low,6,Bp_N2_s0
single,land,0.002095657500073519,0.009287565836333365,3684744,0.9338964781451418,0.9421472797912958,212270,5958,9067,84146,2271,2896,7721.961399450898,317.84188744710923,beryl_s006,beryl,low,6,Bp_N2_s0
single,active,0.005539851841139054,0.018312549184643305,4110456,0.964867617107943,0.980360358035999,742840,10418,16630,531970,4381,6276,22771.31723952107,1378.4391902530024,beryl_s024,beryl,mid,6,Bp_N2_s0
single,land,0.0032949454206424177,0.01175111428905837,3684744,0.9344407315408909,0.953261956759764,346471,8877,15431,161066,3024,4873,12141.030369039625,508.8214610182951,beryl_s024,beryl,mid,6,Bp_N2_s0
single,active,0.0053295534689298775,0.01762957326303166,4110456,0.9682854350837292,0.9820580244665027,726308,8784,15005,517631,3905,5552,21906.895033683628,1277.5373432695962,beryl_s037,beryl,low,-6,Bp_N2_s0
single,land,0.0030346310843653726,0.010999373213747663,3684744,0.9389580494061867,0.9545251924445952,327948,7454,13866,143468,2687,4148,11181.838680328801,445.8032154161755,beryl_s037,beryl,low,-6,Bp_N2_s0
single,active,0.005252239934450326,0.018180948910671683,4110456,0.9684969845945894,0.9822817107924162,710778,8503,14617,510481,3901,5307,21589.10115200095,1358.698501919887,beryl_s041,beryl,mid,0,Bp_N2_s0
single,land,0.002971129614819327,0.011015249282845606,3684744,0.9380334241587632,0.9536358413094354,312246,7114,13513,136101,2657,3960,10947.852021427825,447.09105432901345,beryl_s041,beryl,mid,0,Bp_N2_s0
single,active,0.00579442609655511,0.017984274608248172,4110456,0.9650919049489539,0.9808382753925499,788676,10169,18358,563317,4293,6712,23817.733515141532,1329.4617733545888,beryl_s046,beryl,mid,-6,Bp_N2_s0
single,land,0.0035663532149615693,0.012067772517730387,3684744,0.9372546191111591,0.9573485948751282,389837,8869,17229,188523,3089,5310,13141.098610710353,536.6134455235672,beryl_s046,beryl,mid,-6,Bp_N2_s0
single,active,0.0057730367998221075,0.018757055185537164,4110456,0.965139990170981,0.9809266058715999,789471,10117,18398,563971,4263,6703,23729.81375204958,1446.1698932151783,beryl_s049,beryl,high,-6,Bp_N2_s0
single,land,0.0035658929162286474,0.012091078285689569,3684744,0.9374365521826049,0.9574655546947394,390612,8796,17273,189087,3053,5347,13139.40252771601,538.6881058892607,beryl_s049,beryl,high,-6,Bp_N2_s0
single,active,0.004635977239134654,0.01705388467122646,4110456,0.9733240914942074,0.9836832125477875,638924,7209,10302,480906,3652,4325,19055.980458464473,1195.4643983316807,beryl_s059,beryl,mid,0,Bp_N2_s0
single,land,0.0022697641984144143,0.009559720847026222,3684744,0.9402450214029464,0.949818582648234,238763,5927,9247,103402,2474,2989,8363.500011522323,336.7423525550104,beryl_s059,beryl,mid,0,Bp_N2_s0
single,active,0.004527795909523167,0.017279208588834274,4110456,0.9739252405900494,0.9837302299298599,629070,7079,9763,476998,3537,4352,18611.30586307496,1227.2631616645374,beryl_s063,beryl,high,6,Bp_N2_s0
single,land,0.002162408998932488,0.00936975881852622,3684744,0.9401293101676593,0.9488599940679506,228725,5791,8775,99172,2339,3006,7967.923584362492,323.492446620073,beryl_s063,beryl,high,6,Bp_N2_s0
single,active,0.005313567529276344,0.017951408930976253,4110456,0.9692701026708421,0.9826532842863819,719937,8288,14537,521443,3783,5422,21841.185532119125,1324.6071169209897,beryl_s068,beryl,high,0,Bp_N2_s0
single,land,0.00300045848031384,0.011035660462207064,3684744,0.9396871994140504,0.955304028426558,319457,7050,13454,143565,2674,4043,11055.92138258554,448.7495026045178,beryl_s068,beryl,high,0,Bp_N2_s0
single,active,0.006799373150241693,0.02210978526744077,4110456,0.9723447978017076,0.985048304581069,1024409,8966,20170,760740,4319,7228,27948.524161649868,2009.3660170200062,irma_s005,irma,low,0,Bp_N2_s1
single,land,0.004228924715497828,0.013087849023940478,3684744,0.9557457374294293,0.9723857134648377,607407,8537,19588,355371,3751,6341,15582.504971882328,631.1664030919284,irma_s005,irma,low,0,Bp_N2_s1
single,active,0.006747088008352526,0.022070235277321847,4110456,0.9713452515579509,0.9849975766626059,1009252,8261,21512,751957,3866,7587,27733.60838646069,2002.1837376070143,irma_s006,irma,low,6,Bp_N2_s1
single,land,0.0042156176928703475,0.013093284678238629,3684744,0.9536875288798871,0.9718936528718939,592342,7808,20957,346656,3335,6690,15533.472000097856,631.6907848764548,irma_s006,irma,low,6,Bp_N2_s1
single,active,0.007900848623578807,0.023750700836122077,4110456,0.9660567344704366,0.9835895796097485,1120592,9585,29788,824372,5028,8726,32476.090629881248,2318.6909254309808,irma_s024,irma,mid,6,Bp_N2_s1
single,land,0.0054171205833300545,0.01501369543347923,3684744,0.9482875290489208,0.9713792246924701,703489,9131,29232,418442,4482,7847,19960.70256670192,830.5820161188329,irma_s024,irma,mid,6,Bp_N2_s1
single,active,0.007701348101198539,0.02225164688889927,4110456,0.9700205525418042,0.9845833624766953,1110076,9405,24903,816450,5242,7542,31656.05251066014,2035.233875812457,irma_s037,irma,low,-6,Bp_N2_s1
single,land,0.004975264732642314,0.014673291023574097,3684744,0.953948420907461,0.972635602276162,691708,9101,24291,408683,4803,6695,18332.576872015372,793.3455367691308,irma_s037,irma,low,-6,Bp_N2_s1
single,active,0.0075755719162134754,0.023123984422936235,4110456,0.970146361059184,0.9842008711939504,1101250,9188,24700,816558,4843,8265,31139.05503643118,2197.9375061908822,irma_s041,irma,mid,0,Bp_N2_s1
single,land,0.004927415966299533,0.01431783914404842,3684744,0.9538627509069262,0.9717449198791691,682588,8850,24166,407578,4384,7467,18156.266417326406,755.3744277940593,irma_s041,irma,mid,0,Bp_N2_s1
single,active,0.008303388623420003,0.02281140791420394,4110456,0.9672779377292684,0.9833144420604082,1157054,10071,29071,851038,5862,8579,34130.71358746849,2138.9182448368765,irma_s046,irma,mid,-6,Bp_N2_s1
single,land,0.005598866390940535,0.015714396397024627,3684744,0.9507856099178023,0.9711635003661012,738556,9774,28455,443004,5420,7734,20630.38934081979,909.9189892255386,irma_s046,irma,mid,-6,Bp_N2_s1
single,active,0.008302078864731088,0.02422988481825431,4110456,0.9672871238459322,0.9835521766017739,1164930,9883,29514,860438,5504,8885,34125.32988200709,2413.1965900542764,irma_s049,irma,high,-6,Bp_N2_s1
single,land,0.005654427447743168,0.015599829069292371,3684744,0.9509119805865581,0.9716664584796026,746096,9558,28957,451170,5047,8109,20835.117611506954,896.6996490675987,irma_s049,irma,high,-6,Bp_N2_s1
single,active,0.0073972893500212356,0.023657660026755945,4110456,0.9726574297100008,0.9848498588214541,1056376,8143,21553,792813,4225,7971,30406.23239253089,2300.560064644178,irma_s059,irma,mid,0,Bp_N2_s1
single,land,0.004552414291445033,0.014158323771621482,3684744,0.9565727664255295,0.971901896137912,636559,7837,21062,381454,3825,7203,16774.481245916337,738.6368992195007,irma_s059,irma,mid,0,Bp_N2_s1
single,active,0.007544003798630454,0.024568114982965152,4110456,0.9704847750986962,0.9841662806797663,1046728,7314,24520,794669,3595,9190,31009.295678103343,2481.039483461429,irma_s063,irma,high,6,Bp_N2_s1
single,land,0.004715786924027986,0.014595827171813526,3684744,0.9527463908876183,0.9703383378505953,626829,7005,24084,382356,3199,8489,17376.467573590577,784.991121734791,irma_s063,irma,high,6,Bp_N2_s1
single,active,0.00789489567349508,0.0240413637412566,4110456,0.9700572400586489,0.9844665726388461,1115463,8860,25571,836200,4782,8412,32451.621290491894,2375.7908330667315,irma_s068,irma,high,0,Bp_N2_s1
single,land,0.005103917691243538,0.014934885586040225,3684744,0.9538591501394675,0.9724363466479794,695556,8558,25088,424626,4365,7671,18806.63008930348,821.8851245132812,irma_s068,irma,high,0,Bp_N2_s1
single,active,0.00380330282211179,0.020017631541219237,4110456,0.9860736232058028,0.9881424358168545,558590,3148,4741,490506,2331,3555,15633.30890496634,1647.082624798332,ian_s005,ian,low,0,Bp_N2_s1
single,land,0.0010938584738409195,0.00750639345700627,3684744,0.9577623698728083,0.9589218528341454,146008,2457,3982,93282,1558,2438,4030.5884483344853,207.62037440382016,ian_s005,ian,low,0,Bp_N2_s1
single,active,0.003808211147946892,0.020048950408498183,4110456,0.986201462185646,0.9882094292323937,558192,3150,4660,490393,2310,3541,15653.484362345189,1652.2405892508357,ian_s006,ian,low,6,Bp_N2_s1
single,land,0.0010928626651619093,0.007507994678239892,3684744,0.9582425825640081,0.9590328457761629,145627,2451,3895,93171,1550,2430,4026.919148279354,207.70896065011678,ian_s006,ian,low,6,Bp_N2_s1
single,active,0.004118496750283598,0.020283864655678073,4110456,0.9824718386176315,0.9876296329829216,592908,4198,6380,501784,2519,3766,16928.89967818372,1691.1861441055585,ian_s024,ian,mid,6,Bp_N2_s1
single,land,0.0014106233144060582,0.008100068490251917,3684744,0.9518932815296174,0.9596308370448597,180320,3498,5615,104499,1770,2626,5197.785794017836,241.7601422358108,ian_s024,ian,mid,6,Bp_N2_s1
single,active,0.004010045583518838,0.01823145839303575,4110456,0.9849743943140514,0.9883747306340025,583160,3686,5210,505441,2415,3530,16483.11592904851,1366.2583368633063,ian_s037,ian,low,-6,Bp_N2_s1
single,land,0.00125597138983222,0.007567495236318399,3684744,0.956931663474955,0.9611441693472694,169397,3143,4481,105475,1730,2534,4627.933042855933,211.01417625107783,ian_s037,ian,low,-6,Bp_N2_s1
single,active,0.004082564763842528,0.01975754900886649,4110456,0.9850116025655028,0.9880521466736796,586207,3601,5319,509083,2454,3702,16781.202828925103,1604.5606575619327,ian_s041,ian,mid,0,Bp_N2_s1
single,land,0.0013072050296741937,0.008009035451298191,3684744,0.9574762768241537,0.9604830926429312,172137,2987,4658,108476,1752,2711,4816.715889861807,236.35661001954907,ian_s041,ian,mid,0,Bp_N2_s1
single,active,0.004182977189619397,0.01831754517131449,4110456,0.9827118693634049,0.9880952610277758,604868,4198,6443,512941,2613,3567,17193.943686934188,1379.1914179361963,ian_s046,ian,mid,-6,Bp_N2_s1
single,land,0.0014436247979003575,0.00789757610683068,3684744,0.9533171371701944,0.961651113684354,191101,3652,5706,112944,1937,2567,5319.387812314555,229.82377816098776,ian_s046,ian,mid,-6,Bp_N2_s1
single,active,0.004271532439074581,0.019886773707393064,4110456,0.9822364209008707,0.9877574414428184,609074,4245,6770,517012,2624,3784,17557.946143388748,1625.618629088468,ian_s049,ian,high,-6,Bp_N2_s1
single,land,0.001511516720426642,0.00835199107531968,3684744,0.9523872322758689,0.9609261461223412,194987,3642,6106,116372,1927,2805,5569.552166491747,257.03209941511915,ian_s049,ian,high,-6,Bp_N2_s1
single,active,0.004202446834532785,0.01979939536843728,4110456,0.986937801876179,0.9887499952200863,583374,3097,4624,517138,2394,3490,17273.972805686295,1611.364753409881,ian_s059,ian,mid,0,Bp_N2_s1
single,land,0.0012806296422808777,0.00819722369936535,3684744,0.9625098658247829,0.9630739871312043,168291,2587,3968,114053,1743,2630,4718.792390616611,247.59444366490257,ian_s059,ian,mid,0,Bp_N2_s1
single,active,0.004329771046611239,0.0212088943573038,4110456,0.9863768805973653,0.9882483953993557,588360,3113,5013,521808,2433,3772,17797.333377169445,1848.953808064748,ian_s063,ian,high,6,Bp_N2_s1
single,land,0.0013850286706316728,0.009023673546111263,3684744,0.9610193403614793,0.9620186074576603,173020,2611,4407,117981,1785,2873,5103.476083938032,300.0364862919423,ian_s063,ian,high,6,Bp_N2_s1
single,active,0.004333473051766292,0.019894958200405197,4110456,0.9852719737039585,0.9885939047554119,597397,3560,5370,522028,2422,3601,17812.550306471065,1626.9569660500044,ian_s068,ian,high,0,Bp_N2_s1
single,land,0.0014200742349037168,0.008440043427544489,3684744,0.9591314915848121,0.9635417932576623,182305,3050,4718,118929,1768,2732,5232.610016616061,262.480281332551,ian_s068,ian,high,0,Bp_N2_s1
single,active,0.0040237503402887845,0.01581791856684698,4110456,0.9805714714053474,0.9878927739017318,627906,5626,6815,514132,2604,3697,16539.448728742078,1028.4630055920147,milton_s005,milton,low,0,Bp_N2_s1
single,land,0.0016029425771203237,0.007822107610181659,3684744,0.9484564908562022,0.9580664810302819,210306,5216,6213,110101,2087,2732,5906.43304338865,225.45241565541866,milton_s005,milton,low,0,Bp_N2_s1
single,active,0.004019730508754303,0.015799064847343558,4110456,0.9810148110180557,0.9884546727605682,625859,5455,6657,513862,2387,3615,16522.925388092175,1026.0127720730532,milton_s006,milton,low,6,Bp_N2_s1
single,land,0.0015950049584017565,0.007828894328001644,3684744,0.9493921312103131,0.9604143899986887,208271,5050,6052,109857,1879,2649,5877.184950441122,225.84380523425693,milton_s006,milton,low,6,Bp_N2_s1
single,active,0.005274303791010948,0.017158775773351943,4110456,0.9758109451021616,0.9866953648212899,849380,6859,14196,616581,3134,5180,21679.793663583696,1210.215195780331,milton_s024,milton,mid,6,Bp_N2_s1
single,land,0.002902853947783698,0.010081709552312062,3684744,0.9556616553336167,0.9689361119978112,431745,6464,13567,212478,2625,4187,10696.273666972294,374.52057666503003,milton_s024,milton,mid,6,Bp_N2_s1
single,active,0.0049450524492619125,0.016739079824257,4110456,0.9760265823006766,0.9867075887797745,779285,7433,11708,587686,3133,4784,20326.420510383323,1151.736590459078,milton_s037,milton,low,-6,Bp_N2_s1
single,land,0.0024571175076622503,0.009307533046738856,3684744,0.951824401368301,0.965005788796944,360612,7103,11149,180872,2667,3892,9053.848993653432,319.2100043445782,milton_s037,milton,low,-6,Bp_N2_s1
single,active,0.00495901446120352,0.016775717798270317,4110456,0.9761366396009729,0.9865401259937957,775768,7086,11879,589291,3036,5004,20383.810746140778,1156.7838780966936,milton_s041,milton,mid,0,Bp_N2_s1
single,land,0.0024906583574544183,0.009490904885465766,3684744,0.9516242249867217,0.9643012763967564,356546,6743,11382,181468,2579,4139,9177.438438680023,331.9117006006305,milton_s041,milton,mid,0,Bp_N2_s1
single,active,0.005414825688621555,0.017199054948379634,4110456,0.9761308506832415,0.9867133289271447,875850,7277,14140,637477,3424,5160,22257.4027407486,1215.9036767083892,milton_s046,milton,mid,-6,Bp_N2_s1
single,land,0.0029793787089224502,0.010192155502223337,3684744,0.9569850155120223,0.9696875407340754,457146,6960,13588,230614,2949,4260,10978.247821429744,382.7713311961848,milton_s046,milton,mid,-6,Bp_N2_s1
single,active,0.005444358776805718,0.017268533772415287,4110456,0.9758863110488568,0.9863910601835296,880632,7248,14512,642690,3405,5462,22378.797200273722,1225.7472632775289,milton_s049,milton,high,-6,Bp_N2_s1
single,land,0.0030277890347698857,0.010343823196066575,3684744,0.956621350124712,0.9689146752609014,461389,6910,14012,234800,2949,4584,11156.627479134127,394.24799894017417,milton_s049,milton,high,-6,Bp_N2_s1
single,active,0.004345646375840697,0.016090174929369813,4110456,0.9814863975115222,0.988661623372164,654409,5413,6931,547068,2498,3776,17862.58821945265,1064.1712827897743,milton_s059,milton,mid,0,Bp_N2_s1
single,land,0.0017985262474741412,0.008442718559105264,3684744,0.9525676732141112,0.9641017294573863,233943,5103,6546,136243,2121,2952,6627.108799222857,262.64669767139276,milton_s059,milton,mid,0,Bp_N2_s1
single,active,0.004418351866824737,0.01641076283882627,4110456,0.9818284007084375,0.9892104411162328,658583,5344,6845,553027,2291,3741,18161.44094110094,1106.9997996639975,milton_s063,milton,high,6,Bp_N2_s1
single,land,0.0018654857626925034,0.008860211039877606,3684744,0.9535156124642983,0.966304823961014,237700,5077,6511,141181,1934,2989,6873.837471166626,289.264709833302,milton_s063,milton,high,6,Bp_N2_s1
single,active,0.005182279991664551,0.017193438878306697,4110456,0.9764064953396694,0.9871658138308037,787879,6959,12079,604413,2992,4866,21301.533885417506,1215.1097394383514,milton_s068,milton,high,0,Bp_N2_s1
single,land,0.002610751661102818,0.009849069692896947,3684744,0.9524430457189668,0.9667337551752209,367403,6661,11684,193572,2630,4031,9619.951518738642,357.4355474417724,milton_s068,milton,high,0,Bp_N2_s1
single,active,0.003786847238807039,0.015772663598546552,4110456,0.9837282966581674,0.9867973464906313,550939,3893,5220,471400,2799,3508,15565.668953837827,1022.5865711150316,dorian_s005,dorian,low,0,Bp_N2_s1
single,land,0.001131814725987413,0.007194695293048225,3684744,0.9537448852517346,0.9540659740377839,144747,2901,4119,83933,1852,2189,4170.447520693764,190.73576323396878,dorian_s005,dorian,low,0,Bp_N2_s1
single,active,0.003807003400991944,0.01583417789122089,4110456,0.9838579614789019,0.986665605888991,551476,3832,5216,471268,2816,3553,15648.519971627742,1030.5784176697125,dorian_s006,dorian,low,6,Bp_N2_s1
single,land,0.0011500203947581013,0.007229972883062276,3684744,0.9544415393307144,0.9534484131951161,145287,2840,4095,83790,1883,2208,4237.530749462545,192.6108098119516,dorian_s006,dorian,low,6,Bp_N2_s1
single,active,0.004838464495701911,0.016902334887425798,4110456,0.9725288045248425,0.9854279164098306,653906,7087,11384,506777,3076,4418,19888.295417144895,1174.3117544475401,dorian_s024,dorian,mid,6,Bp_N2_s1
single,land,0.0022763497788299025,0.00942403490323623,3684744,0.9380438407664554,0.958063814533474,247516,6124,10224,118935,2174,3032,8387.76618944481,327.2510827815057,dorian_s024,dorian,mid,6,Bp_N2_s1
single,active,0.004283371518481811,0.016295940600124383,4110456,0.9792973920391342,0.9858629993556701,593370,5166,7378,489619,3051,3970,17606.61015837267,1091.5631592779346,dorian_s037,dorian,low,-6,Bp_N2_s1
single,land,0.0016180772505579042,0.008182201739577217,3684744,0.9458774300942258,0.9539452280251851,185811,4335,6297,99693,2259,2554,5962.200440529734,246.6878084599339,dorian_s037,dorian,low,-6,Bp_N2_s1
single,active,0.0042516879391056046,0.016218955380882503,4110456,0.9793573177871414,0.9856918930093186,593848,5146,7371,491120,3151,3978,17476.376199424267,1081.2740039476296,dorian_s041,dorian,mid,0,Bp_N2_s1
single,land,0.0016113170807335964,0.008197595596718411,3684744,0.945801320726858,0.9531079710762991,185762,4334,6311,100571,2373,2575,5937.290945330635,247.61691024880392,dorian_s041,dorian,mid,0,Bp_N2_s1
single,active,0.0047402024253489425,0.01673217905700337,4110456,0.9758357111741183,0.9855186711569413,647386,5871,10160,510068,3125,4370,19484.393500490114,1150.7871681541012,dorian_s046,dorian,mid,-6,Bp_N2_s1
single,land,0.0021137589562718884,0.009106214689259717,3684744,0.9443481617444325,0.9579495937814241,239753,5043,9086,120033,2352,2917,7788.660631569102,305.5505645626201,dorian_s046,dorian,mid,-6,Bp_N2_s1
single,active,0.0047341456948440845,0.016754134585861922,4110456,0.9759053510299681,0.9856060168888376,649992,5926,10122,512387,3145,4338,19459.497576246038,1153.8092153817565,dorian_s049,dorian,high,-6,Bp_N2_s1
single,land,0.002123953810651618,0.009129805592541205,3684744,0.9445748315923069,0.9582949653310666,241882,5137,9056,121760,2397,2902,7826.226060075685,307.13575687310333,dorian_s049,dorian,high,-6,Bp_N2_s1
single,active,0.003972364401025656,0.016188294925300568,4110456,0.9843122001815118,0.986509893546641,569400,3637,5438,492081,2872,3857,16328.229086382315,1077.189768305805,dorian_s059,dorian,mid,0,Bp_N2_s1
single,land,0.0012380931803246471,0.007599867304534543,3684744,0.9564684499396142,0.9563170613823103,159977,2863,4418,98931,2040,2479,4562.056417642161,212.8233814828147,dorian_s059,dorian,mid,0,Bp_N2_s1
single,active,0.004012945434468372,0.016414032960450797,4110456,0.9842123722187265,0.9865331822389632,572475,3690,5493,494482,2821,3929,16495.035638783127,1107.4410204279848,dorian_s063,dorian,high,6,Bp_N2_s1
single,land,0.0012752162697582537,0.0077218352812751115,3684744,0.9566266194415354,0.9569835268187951,162594,2912,4460,100734,2015,2513,4698.845498694107,219.70927286410117,dorian_s063,dorian,high,6,Bp_N2_s1
single,active,0.004378238075213046,0.016577070431322713,4110456,0.9794797283900054,0.9857696621475375,602668,5029,7597,500978,3115,4117,17996.554965687916,1129.5502838539117,dorian_s068,dorian,high,0,Bp_N2_s1
single,land,0.0016745016548919242,0.008464881296082838,3684744,0.946787552070571,0.9555920177383592,193192,4301,6557,107743,2341,2666,6170.1099258530885,264.0274401105774,dorian_s068,dorian,high,0,Bp_N2_s1
single,active,0.004755039843630329,0.01768419020899016,4110456,0.9694225977139916,0.9816256791137873,617782,7238,12248,458750,3792,4795,19545.382055489346,1285.4653027052325,beryl_s005,beryl,low,0,Bp_N2_s1
single,land,0.0022909456898988186,0.009738308668983313,3684744,0.9304432615209495,0.9407008940838283,222335,5736,10885,89011,2370,3241,8441.548385180533,349.44142870201006,beryl_s005,beryl,low,0,Bp_N2_s1
single,active,0.004630482349680893,0.017497306613210167,4110456,0.9701429254845114,0.981958243932856,606350,7002,11659,453540,3604,4729,19033.393957139924,1258.4396931424435,beryl_s006,beryl,low,6,Bp_N2_s1
single,land,0.0021561353191520095,0.009486581155243097,3684744,0.9303811140256133,0.9397229879647684,211043,5498,10294,83859,2196,3183,7944.806680433452,331.6093543484887,beryl_s006,beryl,low,6,Bp_N2_s1
single,active,0.005771879125081707,0.018893877338157523,4110456,0.9637186646721918,0.9794223440874481,741542,9989,17928,531509,4430,6737,23725.055180966854,1467.3448318149935,beryl_s024,beryl,mid,6,Bp_N2_s1
single,land,0.0033794416367198257,0.011972240932661908,3684744,0.9321960699632909,0.9512873302096645,345360,8578,16542,160798,3093,5141,12452.377294253558,528.1511339741089,beryl_s024,beryl,mid,6,Bp_N2_s1
single,active,0.005541615747595607,0.01807971323430011,4110456,0.9673673016546513,0.9811369082516066,725006,8150,16307,517119,3878,6064,22778.567699398845,1343.6095413778737,beryl_s037,beryl,low,-6,Bp_N2_s1
single,land,0.003097099344398838,0.011186080900509402,3684744,0.9371448069412824,0.9526293725837254,326833,6940,14981,143164,2667,4452,11412.018226677552,461.0661429165379,beryl_s037,beryl,low,-6,Bp_N2_s1
single,active,0.005470896970414351,0.018649860991471697,4110456,0.9671983422627568,0.9813850564759761,709469,8135,15926,510016,3902,5772,22487.88127742149,1429.687769350645,beryl_s041,beryl,mid,0,Bp_N2_s1
single,land,0.0030399286000355867,0.011188331406148366,3684744,0.9355592303066746,0.9516796861316426,311167,6841,14592,135838,2674,4223,11201.358669409528,461.2516835618032,beryl_s041,beryl,mid,0,Bp_N2_s1
single,active,0.006037078812366908,0.018554941301188982,4110456,0.9638634905554113,0.9799809873353368,787249,9730,19785,562856,4325,7173,24815.14682676643,1415.1718242443283,beryl_s046,beryl,mid,-6,Bp_N2_s1
single,land,0.003650602643649204,0.01229672236098962,3684744,0.9350798718969786,0.955766048386278,388622,8537,18444,188284,3165,5549,13451.536187570542,557.1678587322302,beryl_s046,beryl,mid,-6,Bp_N2_s1
single,active,0.006022542910932285,0.019356142628188217,4110456,0.9637807177816423,0.980088999563523,788070,9817,19799,563609,4385,7065,24755.397643499076,1540.024503167158,beryl_s049,beryl,high,-6,Bp_N2_s1
single,land,0.0036490705935956916,0.012321532617760249,3684744,0.9350715770972498,0.956026717943528,389433,8589,18452,188930,3186,5504,13445.890975328162,559.4184459336932,beryl_s049,beryl,high,-6,Bp_N2_s1
single,active,0.004840127997935962,0.01750879344983184,4110456,0.972095675454806,0.9830591701448563,637582,6658,11644,480480,3529,4751,19895.133169883862,1260.092545941793,beryl_s059,beryl,mid,0,Bp_N2_s1
single,land,0.0023293927924738483,0.009742736890741588,3684744,0.9373619351173946,0.9481842419784867,237625,5494,10385,103134,2379,3257,8583.216115711257,349.75929826430666,beryl_s059,beryl,mid,0,Bp_N2_s1
single,active,0.004741930249232137,0.017929092415100538,4110456,0.9729748156458169,0.9830714743926915,627920,6528,10913,476596,3453,4754,19491.495644537732,1321.3157606218783,beryl_s063,beryl,high,6,Bp_N2_s1
single,land,0.002219991589372849,0.009568162238545935,3684744,0.9377977428160861,0.9471240378355609,227762,5369,9738,98929,2274,3249,8180.100688992068,337.3373132457299,beryl_s063,beryl,high,6,Bp_N2_s1
single,active,0.005529690525814915,0.01840003863316572,4110456,0.968304195662892,0.9818122889532079,718809,7864,15665,521036,3823,5829,22729.549599979073,1391.6418272034791,beryl_s068,beryl,high,0,Bp_N2_s1
single,land,0.003066620375856511,0.01120569945557314,3684744,0.9377079297410925,0.9535937406438993,318500,6747,14411,143328,2695,4280,11299.711030215025,462.6848302323355,beryl_s068,beryl,high,0,Bp_N2_s1
single,active,0.006695741929529557,0.022406408356940802,4110456,0.9716455152952616,0.9850259194173537,1023339,8623,21240,760638,4233,7330,27522.552588686347,2063.6426602260935,irma_s005,irma,low,0,Bp_N2_s2
single,land,0.004261042197199436,0.013104487294778372,3684744,0.9545556171354436,0.972304727386209,606265,8133,20730,355180,3585,6532,15700.84966987744,632.7721967871054,irma_s005,irma,low,0,Bp_N2_s2
single,active,0.00665209534531545,0.022385699332803176,4110456,0.9706648799708122,0.9849313238272132,1008316,8025,22448,751934,3894,7610,27343.145224723965,2059.829797790497,irma_s006,irma,low,6,Bp_N2_s2
single,land,0.00425975548020517,0.013151817209433436,3684744,0.952514951830381,0.9717422394212164,591347,7528,21952,346533,3264,6813,15696.108447153121,637.3512600338847,irma_s006,irma,low,6,Bp_N2_s2
single,active,0.007841344981554747,0.02428169066788504,4110456,0.9645818491679762,0.9834120677266965,1118396,9082,31984,823940,4740,9158,32231.503527501598,2423.5269197781868,irma_s024,irma,mid,6,Bp_N2_s2
single,land,0.005501474742270981,0.015178066112590496,3684744,0.9459427011247716,0.9709881275992658,701233,8585,31488,417923,4121,8366,20271.526047734544,848.868075368574,irma_s024,irma,mid,6,Bp_N2_s2
single,active,0.007489348995116753,0.021762691079350548,4110456,0.9689647756935327,0.9845974008113869,1108424,8947,26555,816183,4959,7809,30784.639513071626,1946.7724799063474,irma_s037,irma,low,-6,Bp_N2_s2
single,land,0.00500045203526802,0.014627900048229527,3684744,0.9522496487727056,0.972502869990616,690002,8603,25997,408317,4484,7061,18425.385634241626,788.4447917226464,irma_s037,irma,low,-6,Bp_N2_s2
single,active,0.00744997493012606,0.02339866051298663,4110456,0.9692437592488624,0.9842088255012517,1099703,8649,26247,816228,4501,8595,30622.794151386246,2250.463618501313,irma_s041,irma,mid,0,Bp_N2_s2
single,land,0.004963413276044325,0.01432963727623551,3684744,0.952406859118429,0.9716031794893822,680989,8265,25765,407161,4016,7884,18288.90728842467,756.6198223091983,irma_s041,irma,mid,0,Bp_N2_s2
single,active,0.008115145558530214,0.022347502626831557,4110456,0.9658906053846726,0.9832699681305204,1154870,9528,31255,850618,5474,8999,33356.94875193387,2052.8064220855476,irma_s046,irma,mid,-6,Bp_N2_s2
single,land,0.005654534755538089,0.015776273831825744,3684744,0.9486241983401228,0.970916136223508,736324,9191,30687,442496,5013,8242,20835.51301326044,917.0989409728227,irma_s046,irma,mid,-6,Bp_N2_s2
single,active,0.008196933894161595,0.024520840734065134,4110456,0.9659766963673749,0.9834233105121781,1162722,9231,31722,859985,5158,9338,33693.13610685989,2471.5005804185635,irma_s049,irma,high,-6,Bp_N2_s2
single,land,0.005730381278866021,0.015743390580380476,3684744,0.9488651366772671,0.9713264661696271,743841,8874,31212,450644,4668,8635,21114.9880350139,913.2798178584072,irma_s049,irma,high,-6,Bp_N2_s2
single,active,0.007249631459581583,0.02376287941072018,4110456,0.9721177881382939,0.9849278697119882,1055473,7817,22456,792732,4079,8052,29799.291130825877,2321.069431265121,irma_s059,irma,mid,0,Bp_N2_s2
single,land,0.004571334367276981,0.014127275821510585,3684744,0.955640589995339,0.9718871714349803,635587,7469,22034,381283,3655,7374,16844.196881817654,735.4009206149165,irma_s059,irma,mid,0,Bp_N2_s2
single,active,0.00743906342379326,0.025052062895511287,4110456,0.96994397182456,0.9841460348366112,1045974,7138,25274,794569,3510,9290,30577.94288471155,2579.7462536379117,irma_s063,irma,high,6,Bp_N2_s2
single,land,0.004772416509945011,0.014721325686227332,3684744,0.9517987110036018,0.9701268997519883,626018,6808,24895,382165,3088,8680,17585.13310052082,798.5482497404441,irma_s063,irma,high,6,Bp_N2_s2
single,active,0.007757446724099414,0.024146208787706493,4110456,0.9692814443672063,0.9844996937862157,1114095,8369,26939,835919,4468,8693,31886.643431754783,2396.5577951140654,irma_s068,irma,high,0,Bp_N2_s2
single,land,0.0051390229867719055,0.014938048114335543,3684744,0.9526040594507802,0.9723732340780535,694134,8026,26510,424262,4019,8035,18935.98411636986,822.2332370109052,irma_s068,irma,high,0,Bp_N2_s2
single,active,0.003719044254163544,0.020338563081576184,4110456,0.9859621882471262,0.9883675031216015,558799,3424,4532,490764,2479,3297,15286.967768792063,1700.3195068571624,ian_s005,ian,low,0,Bp_N2_s2
single,land,0.0010992894767022808,0.0075023533147775545,3684744,0.9573340495640382,0.9595456459448078,146138,2661,3852,93430,1649,2290,4050.600303541869,207.3969408440461,ian_s005,ian,low,0,Bp_N2_s2
single,active,0.0037244471098510016,0.020349890456750827,4110456,0.9861141034652049,0.98842025528623,558395,3406,4457,490636,2450,3298,15309.17596936971,1702.2139888101974,ian_s006,ian,low,6,Bp_N2_s2
single,land,0.0010997740160779122,0.007506188675040496,3684744,0.957878756013565,0.9596449911042093,145747,2634,3775,93313,1636,2288,4052.3857070989907,207.6090463729365,ian_s006,ian,low,6,Bp_N2_s2
single,active,0.0040314448799370775,0.02057358451459181,4110456,0.982225350946209,0.9878631654548853,592994,4437,6294,502037,2655,3513,16571.07679540664,1739.8424930970825,ian_s024,ian,mid,6,Bp_N2_s2
single,land,0.0014167687846401132,0.008098382952695665,3684744,0.9510596103334423,0.9602558455383035,180319,3663,5616,104641,1847,2484,5220.430278589949,241.65953730831507,ian_s024,ian,mid,6,Bp_N2_s2
single,active,0.003904084214614687,0.018403155678808545,4110456,0.9850067368378398,0.9885777846414895,583386,3896,4984,505704,2576,3267,16047.566384468228,1392.1133673564395,ian_s037,ian,low,-6,Bp_N2_s2
single,land,0.0012636684277130235,0.007563687894367356,3684744,0.9567948616645408,0.9617660446062813,169523,3300,4355,105650,1841,2359,4656.294657004997,210.80189966623814,ian_s037,ian,low,-6,Bp_N2_s2
single,active,0.003981356933815385,0.020066316031819628,4110456,0.985002930886505,0.9883752066500571,586454,3857,5072,509373,2579,3412,16365.192496743053,1655.104042265045,ian_s041,ian,mid,0,Bp_N2_s2
single,land,0.0013126147173567826,0.008001854198729216,3684744,0.9574994165823952,0.9612842721779367,172325,3179,4470,108653,1842,2534,4836.6492040921,235.93294463062148,ian_s041,ian,mid,0,Bp_N2_s2
single,active,0.004072524380895723,0.018486176098145537,4110456,0.9824555704619502,0.9883215052624483,604892,4383,6419,513181,2737,3327,16739.93227659911,1404.70191751734,ian_s046,ian,mid,-6,Bp_N2_s2
single,land,0.0014508548161227552,0.00789320881939073,3684744,0.952336085187844,0.9622996290371983,191031,3785,5776,113101,2021,2410,5346.028578579426,229.56966754124102,ian_s046,ian,mid,-6,Bp_N2_s2
single,active,0.004171983773055879,0.02020909186190752,4110456,0.9819602254407573,0.9880295679413226,609106,4452,6738,517273,2744,3523,17148.755731860176,1678.7406226308094,ian_s049,ian,high,-6,Bp_N2_s2
single,land,0.0015171893457422878,0.008342637302914626,3684744,0.9515995197047942,0.9616682758563777,194958,3781,6135,116534,2002,2643,5590.4543385878205,256.45669806714096,ian_s049,ian,high,-6,Bp_N2_s2
single,active,0.004084391264218845,0.020025429541579067,4110456,0.9867415403553625,0.9889762665728747,583555,3398,4443,517377,2516,3251,16788.71057835594,1648.3661385444288,ian_s059,ian,mid,0,Bp_N2_s2
single,land,0.0012828178492538724,0.008174585162118329,3684744,0.9620806250785346,0.9637634072861374,168443,2823,3816,114205,1816,2478,4726.855373131111,246.22875297679354,ian_s059,ian,mid,0,Bp_N2_s2
single,active,0.00421218630745336,0.02129061056842562,4110456,0.9863183329311778,0.988444986358533,588619,3411,4754,522066,2589,3514,17314.00648058951,1863.2290046116855,ian_s063,ian,high,6,Bp_N2_s2
single,land,0.0013858938808729128,0.008995665777256186,3684744,0.9609325597133316,0.9626790282371727,173235,2851,4192,118165,1892,2689,5106.66416218318,298.176864197211,ian_s063,ian,high,6,Bp_N2_s2
single,active,0.004216141863348634,0.020122271333674762,4110456,0.9850963789476461,0.9887752127011052,597524,3797,5243,522277,2577,3352,17330.265619052574,1664.347489949433,ian_s068,ian,high,0,Bp_N2_s2
single,land,0.001422972814214786,0.008417861929640408,3684744,0.9587897647231975,0.963992552416417,182404,3221,4619,119082,1869,2579,5243.290539341047,261.1024317717499,ian_s068,ian,high,0,Bp_N2_s2
single,active,0.003879247988676207,0.016292380472106894,4110456,0.9807605565657117,0.9881682944865404,628388,5994,6333,514475,2806,3354,15945.478170542046,1091.086269948448,milton_s005,milton,low,0,Bp_N2_s2
single,land,0.0015921868731471592,0.007757024923720656,3684744,0.9490510120436345,0.9587544647900789,210714,5507,5805,110321,2234,2512,5866.801027707756,221.71633654618762,milton_s005,milton,low,0,Bp_N2_s2
single,active,0.003873282145066594,0.01626445982748883,4110456,0.9813568456409485,0.9887028789871626,626404,5788,6112,514169,2567,3308,15920.955832881853,1087.3498326927784,milton_s006,milton,low,6,Bp_N2_s2
single,land,0.0015835035243233124,0.007765419986222162,3684744,0.9504389239987615,0.961038961038961,208743,5305,5580,110038,1993,2468,5834.805110229179,222.1965025201366,milton_s006,milton,low,6,Bp_N2_s2
single,active,0.005132590229326543,0.017590704727962904,4110456,0.9756254171074653,0.986971616908259,849359,7003,14217,616877,3259,4884,21097.286303676665,1271.910290915536,milton_s024,milton,mid,6,Bp_N2_s2
single,land,0.002901126167932518,0.010053663983394112,3684744,0.9552783181620002,0.9694875383514244,431632,6527,13680,212660,2688,4005,10689.907240532339,372.4397722274904,milton_s024,milton,mid,6,Bp_N2_s2
single,active,0.004776928963023962,0.016910207345754807,4110456,0.9763474846035749,0.9870420662868806,779674,7569,11319,588054,3304,4416,19635.356317635626,1175.4059078093749,milton_s037,milton,low,-6,Bp_N2_s2
single,land,0.0024491676333282795,0.0092641211682789,3684744,0.9524026916479746,0.9657481658420065,360913,7189,10848,181128,2788,3636,9024.555741900578,316.23925173183727,milton_s037,milton,low,-6,Bp_N2_s2
single,active,0.004790541783005822,0.017157221789047845,4110456,0.9764201257861636,0.9868920282711771,776254,7353,11393,589667,3204,4628,19691.31121520698,1209.9959994596966,milton_s041,milton,mid,0,Bp_N2_s2
single,land,0.0024832707973713075,0.009451183505628635,3684744,0.9521600533511171,0.9651356073520587,356941,6947,10987,181736,2694,3871,9150.21717098914,329.1392775196588,milton_s041,milton,mid,0,Bp_N2_s2
single,active,0.0052540373899720464,0.01734149853132145,4110456,0.976150539479946,0.9870734613658522,875854,7263,14136,637837,3553,4800,21596.48951383494,1236.1274498641146,milton_s046,milton,mid,-6,Bp_N2_s2
single,land,0.0029720856564916867,0.010143301589890415,3684744,0.9570274305024843,0.970317753866846,457083,6873,13651,230858,3046,4016,10951.374790243804,379.11066096251085,milton_s046,milton,mid,-6,Bp_N2_s2
single,active,0.005283049000637043,0.01758504969801942,4110456,0.9757982038681655,0.9868412774165629,880653,7351,14491,643084,3507,5068,21715.740462962538,1271.0926392358851,milton_s049,milton,high,-6,Bp_N2_s2
single,land,0.0030210468800026136,0.010295771720591167,3684744,0.9564129409447595,0.9698384867674663,461321,6944,14080,235084,3011,4300,11131.78436480835,390.5936062171814,milton_s049,milton,high,-6,Bp_N2_s2
single,active,0.004188145614580646,0.01644577987285607,4110456,0.9816823186407141,0.9888897520156519,654895,5775,6445,547393,2699,3451,17215.188270326704,1111.7290382607448,milton_s059,milton,mid,0,Bp_N2_s2
single,land,0.0017836184860090178,0.008370648362921396,3684744,0.9530370002887153,0.9643977947413062,234368,5428,6121,136443,2285,2752,6572.177514610812,258.1817362027478,milton_s059,milton,mid,0,Bp_N2_s2
single,active,0.004266527423090503,0.016871915205069317,4110456,0.9820778276443698,0.9893465794795595,659096,5696,6332,553299,2489,3469,17537.373245406896,1170.0886638981176,milton_s063,milton,high,6,Bp_N2_s2
single,land,0.0018514098316080778,0.00883130049770891,3684744,0.9541238827436731,0.9664829679872003,238156,5396,6055,141352,2084,2818,6821.971268558875,287.380069433541,milton_s063,milton,high,6,Bp_N2_s2
single,active,0.004992806640957332,0.017489927371332502,4110456,0.976695408706856,0.9873935035969579,788369,7222,11589,604741,3183,4538,20522.712014162913,1257.3784586450479,milton_s068,milton,high,0,Bp_N2_s2
single,land,0.0025981725024060275,0.00979181584796973,3684744,0.9529615370664953,0.9671430852762696,367826,6895,11261,193800,2781,3803,9573.600539205596,353.2919930656853,milton_s068,milton,high,0,Bp_N2_s2
single,active,0.0037431543412578296,0.016129718074940135,4110456,0.9835308395202741,0.9869106386896828,551092,4161,5067,471614,2961,3294,15386.071220949292,1069.4083157968382,dorian_s005,dorian,low,0,Bp_N2_s2
single,land,0.001145668878236778,0.007252811726460926,3684744,0.9531395019714453,0.9541465629789408,144800,3053,4066,84046,1963,2076,4221.496525069699,193.82961276786486,dorian_s005,dorian,low,0,Bp_N2_s2
single,active,0.003760954772691523,0.016192031482581772,4110456,0.9835870607911732,0.9868705261835992,551633,4146,5059,471507,2959,3314,15459.239111138508,1077.687096259189,dorian_s006,dorian,low,6,Bp_N2_s2
single,land,0.001163243664437626,0.007288698941984333,3684744,0.9534784548365087,0.9538256925577747,145333,3042,4049,83909,1973,2089,4286.255113074556,195.75251236960548,dorian_s006,dorian,low,6,Bp_N2_s2
single,active,0.004787205384787112,0.01726015184184351,4110456,0.9726591426149797,0.9856496628195632,654123,7220,11167,507031,3218,4164,19677.597097130492,1224.5576272461312,dorian_s024,dorian,mid,6,Bp_N2_s2
single,land,0.0022898229486708064,0.009485068504192128,3684744,0.9383575919027788,0.958354797166774,247626,6153,10114,119066,2273,2901,8437.411371177062,331.503611459887,dorian_s024,dorian,mid,6,Bp_N2_s2
single,active,0.004203554074307275,0.016291214122523445,4110456,0.9790460353752809,0.9859790511001796,593484,5438,7264,489862,3239,3727,17278.52406606078,1090.9300567459384,dorian_s037,dorian,low,-6,Bp_N2_s2
single,land,0.001629692411853168,0.008207705849434227,3684744,0.9451649324097525,0.9537697085523172,185844,4518,6264,99812,2403,2435,6004.99933642149,248.22806831299417,dorian_s037,dorian,low,-6,Bp_N2_s2
single,active,0.004180961742633172,0.016452329537313803,4110456,0.9791649151611962,0.9857608047944175,593982,5402,7237,491316,3315,3782,17185.659280776978,1112.6147247010786,dorian_s041,dorian,mid,0,Bp_N2_s2
single,land,0.0016225338912438756,0.008239007694642702,3684744,0.945153774938195,0.9529763651336027,185804,4513,6269,100681,2503,2465,5978.622020557523,250.12502051549154,dorian_s041,dorian,mid,0,Bp_N2_s2
single,active,0.00465985039879696,0.016772340823680235,4110456,0.9756013761239778,0.9856800434195608,647412,6057,10134,510325,3301,4113,19154.110030837357,1156.318200666406,dorian_s046,dorian,mid,-6,Bp_N2_s2
single,land,0.0021259389934494733,0.009137968455824761,3684744,0.9437495324600672,0.9578683035714286,239702,5150,9137,120155,2490,2795,7833.540950478986,307.6852161045244,dorian_s046,dorian,mid,-6,Bp_N2_s2
single,active,0.004663892670594347,0.01702473685955341,4110456,0.9757978687473825,0.98572832279911,650058,6067,10056,512629,3326,4096,19170.725611200556,1191.3814115125224,dorian_s049,dorian,high,-6,Bp_N2_s2
single,land,0.002136595345872496,0.009180434348375493,3684744,0.9441750605137815,0.9581790596577286,241841,5202,9097,121889,2547,2773,7872.806881131604,310.5516054535529,dorian_s049,dorian,high,-6,Bp_N2_s2
single,active,0.0039012430735310254,0.016340758942022596,4110456,0.984211544908193,0.9865954321465144,569577,3876,5261,492320,3071,3618,16035.887999054044,1097.5756168169848,dorian_s059,dorian,mid,0,Bp_N2_s2
single,land,0.0012508657136563626,0.007627942350281904,3684744,0.9560623346215185,0.9559863742074942,160063,3024,4332,99066,2217,2344,4609.119933201,214.39868859048943,dorian_s059,dorian,mid,0,Bp_N2_s2
single,active,0.003964329824448469,0.01686383214612226,4110456,0.9841697859629946,0.9867118446663902,572651,3894,5317,494761,3013,3650,16295.203312883154,1168.9677917307322,dorian_s063,dorian,high,6,Bp_N2_s2
single,land,0.001287638103925275,0.007751188666199851,3684744,0.956335933504588,0.9569589511531055,162689,3063,4365,100874,2164,2373,4744.616777610034,221.38283063131806,dorian_s063,dorian,high,6,Bp_N2_s2
single,active,0.0042943274526754185,0.01669941722759092,4110456,0.9793288538268589,0.9859031651495244,602820,5279,7445,501245,3317,3850,17651.64404381439,1146.2850668604674,dorian_s068,dorian,high,0,Bp_N2_s2
single,land,0.00168590022125051,0.008490666769050116,3684744,0.9462391915314486,0.9553867134229496,193258,4489,6491,107888,2517,2521,6212.110724851489,265.6384353404675,dorian_s068,dorian,high,0,Bp_N2_s2
single,active,0.004742360332580372,0.01826518911176698,4110456,0.9690312745545482,0.9814351459782209,617865,7581,12165,458923,4059,4622,19493.263483216986,1371.3185472289706,beryl_s005,beryl,low,0,Bp_N2_s2
single,land,0.00231114552819296,0.009785427157919845,3684744,0.9297185395842917,0.9401606552877967,222305,5890,10915,89068,2485,3184,8515.97961813584,352.83113130931645,beryl_s005,beryl,low,0,Bp_N2_s2
single,active,0.004622608554080893,0.018048605433678123,4110456,0.9697917949193547,0.9816964585168051,606501,7384,11508,453692,3882,4577,19001.02906677313,1338.9899127775413,beryl_s006,beryl,low,6,Bp_N2_s2
single,land,0.00217894705060981,0.009533436523284549,3684744,0.9296722560639896,0.9386917017276878,211070,5700,10267,83889,2326,3153,8028.862071052194,334.8931610903244,beryl_s006,beryl,low,6,Bp_N2_s2
single,active,0.005773280389107834,0.019496615625280628,4110456,0.9630367994510493,0.9792784394068921,741026,9998,18444,531521,4522,6725,23730.81501509063,1562.458399469643,beryl_s024,beryl,mid,6,Bp_N2_s2
single,land,0.003417253523229977,0.012064857611581855,3684744,0.9309173395263428,0.9513739694489326,344728,8408,17174,160747,3024,5192,12591.704416200519,536.3542445948068,beryl_s024,beryl,mid,6,Bp_N2_s2
single,active,0.00546761037736324,0.018109812190860126,4110456,0.9668533638166784,0.9810284175492827,724849,8386,16464,517311,4132,5872,22474.371881294996,1348.0869252633095,beryl_s037,beryl,low,-6,Bp_N2_s2
single,land,0.0031226809518303316,0.011236208153284917,3684744,0.9362658532669771,0.9522647481249003,326592,7010,15222,143213,2776,4403,11506.279901171103,465.20767634398464,beryl_s037,beryl,low,-6,Bp_N2_s2
single,active,0.005429830316715174,0.01915129863557228,4110456,0.9666082951192756,0.9812276284686092,709302,8410,16093,510153,4125,5635,22319.07860432379,1507.6011521938462,beryl_s041,beryl,mid,0,Bp_N2_s2
single,land,0.0030626061164032406,0.011239823661994582,3684744,0.934339563666309,0.9510400403273799,310880,6968,14879,135838,2770,4223,11284.919511780143,465.5071070750182,beryl_s041,beryl,mid,0,Bp_N2_s2
single,active,0.005961906439681705,0.01852203715041157,4110456,0.9630658966501342,0.9798171621137062,786612,9745,20422,562903,4469,7126,24506.154096428305,1410.157123459292,beryl_s046,beryl,mid,-6,Bp_N2_s2
single,land,0.003687749049442565,0.012377781329589322,3684744,0.9336582782732186,0.9552291081861698,387893,8389,19173,188183,3170,5650,13588.411183439195,564.5376776954495,beryl_s046,beryl,mid,-6,Bp_N2_s2
single,active,0.005969344821786248,0.01969857798312001,4110456,0.9631231588176812,0.9798703342136512,787593,9880,20276,563593,4497,7081,24536.729238780215,1594.9965789219164,beryl_s049,beryl,high,-6,Bp_N2_s2
single,land,0.0036846457335686185,0.012399053117210035,3684744,0.9337923448974789,0.955421394087224,388833,8517,19052,188797,3172,5637,13576.976258892566,566.4797130308539,beryl_s049,beryl,high,-6,Bp_N2_s2
single,active,0.004776636218549442,0.0178333658792749,4110456,0.9717220321008798,0.983176434737615,637747,7080,11479,480731,3726,4500,19634.153004353866,1307.243958776589,beryl_s059,beryl,mid,0,Bp_N2_s2
single,land,0.002344768571236748,0.00977602338572553,3684744,0.9365845007980138,0.9483167116645546,237663,5745,10347,103266,2503,3125,8639.87192425318,352.1533174008512,beryl_s059,beryl,mid,0,Bp_N2_s2
single,active,0.004677371906335033,0.018203705694490428,4110456,0.9725567315211248,0.9832803089503647,628082,6972,10751,476888,3647,4462,19226.131416626275,1362.1019501126327,beryl_s063,beryl,high,6,Bp_N2_s2
single,land,0.002239134195465422,0.00961194661185158,3684744,0.9369509787794045,0.9475632502750012,227829,5660,9671,99063,2367,3115,8250.63629193604,340.4317208940551,beryl_s063,beryl,high,6,Bp_N2_s2
single,active,0.005469863195729237,0.01881017152865619,4110456,0.9677773827607382,0.9818513369427208,718656,8110,15818,521204,3973,5661,22483.631992064416,1454.3720356571328,beryl_s068,beryl,high,0,Bp_N2_s2
single,land,0.0030867621358845808,0.011248431264396626,3684744,0.9368012998251594,0.9533477867631411,318267,6827,14644,143353,2760,4255,11373.928259627894,466.2203628131045,beryl_s068,beryl,high,0,Bp_N2_s2
single,active,0.006599773050541232,0.02145836114296305,4110456,0.973144870291744,0.9853369244315533,1025901,9633,18678,760956,4312,7012,27128.07673423551,1892.705761026808,irma_s005,irma,low,0,Bp_N3_s0
single,land,0.004177371539261753,0.01301407654474106,3684744,0.9570043244041958,0.9727794166744202,608805,9162,18190,355475,3710,6237,15392.544715065509,624.0710461869103,irma_s005,irma,low,0,Bp_N3_s0
single,active,0.006558534211160548,0.021487802061133272,4110456,0.9721223990396454,0.9852800947271355,1010634,8852,20130,752218,3912,7326,26958.56629947014,1897.902916680465,irma_s006,irma,low,6,Bp_N3_s0
single,land,0.004169601809317874,0.013035411208513082,3684744,0.9549451150460699,0.9722756455185175,593655,8365,19644,346801,3344,6545,15363.915249273181,626.118868688964,irma_s006,irma,low,6,Bp_N3_s0
single,active,0.007717006799090105,0.02318146347747569,4110456,0.9669077925949412,0.9837988126845858,1122257,10286,28123,824448,4927,8650,31720.416899360716,2208.8778686090113,irma_s024,irma,mid,6,Bp_N3_s0
single,land,0.0053750063876075865,0.014958326003183756,3684744,0.9495720003663182,0.9715382400475563,705080,9803,27641,418391,4359,7898,19805.52253669873,824.4670590842682,irma_s024,irma,mid,6,Bp_N3_s0
single,active,0.007486026515637873,0.02188894614011515,4110456,0.9708505474909901,0.9847393791312758,1111753,10154,23226,816539,5201,7453,30770.982607362792,1969.4261898823675,irma_s037,irma,low,-6,Bp_N3_s0
single,land,0.004917129432253436,0.014565368349280692,3684744,0.9551890464256634,0.9727198290020518,693302,9828,22697,408661,4744,6717,18118.363172719255,781.7182743400707,irma_s037,irma,low,-6,Bp_N3_s0
single,active,0.0073879373831668115,0.022577876483575555,4110456,0.9708398308345654,0.9843095036305747,1102576,9743,23374,816468,4660,8355,30367.79154426232,2095.348132537179,irma_s041,irma,mid,0,Bp_N3_s0
single,land,0.004880673381796318,0.014265723116050542,3684744,0.954892772063485,0.971772462288544,683835,9384,22919,407402,4191,7643,17984.03195953369,749.88540566863,irma_s041,irma,mid,0,Bp_N3_s0
single,active,0.008089235216446174,0.02244124647708728,4110456,0.9681847001537887,0.9835812099150633,1159011,10972,27114,851142,5733,8475,33250.44543085247,2070.0648695123327,irma_s046,irma,mid,-6,Bp_N3_s0
single,land,0.005541896644917102,0.015616619456445718,3684744,0.9521250535265819,0.9714620283142993,740421,10640,26590,443010,5286,7728,20420.47041097842,898.6309569931813,irma_s046,irma,mid,-6,Bp_N3_s0
single,active,0.008106449104918416,0.023682294908835774,4110456,0.9682377406275776,0.9837921814251402,1166802,10634,27642,860585,5440,8738,33321.20236200653,2305.353736830693,irma_s049,irma,high,-6,Bp_N3_s0
single,land,0.0055976781107416615,0.015533141344212298,3684744,0.9522790880082714,0.9719485454083325,747880,10305,27173,451231,4975,8048,20626.010832486674,889.0494315801524,irma_s049,irma,high,-6,Bp_N3_s0
single,active,0.007237995709252251,0.023404407527212616,4110456,0.9732102925776167,0.9849699436139963,1057574,8757,20355,792888,4203,7896,29751.462891070172,2251.5692403153844,irma_s059,irma,mid,0,Bp_N3_s0
single,land,0.004519066219154554,0.014185994497869846,3684744,0.9574109995435874,0.9720260831674893,637697,8443,19924,381459,3780,7198,16651.602136632428,741.5268729432796,irma_s059,irma,mid,0,Bp_N3_s0
single,active,0.007437976454519962,0.024328581556574348,4110456,0.9712389360028099,0.9842213274644268,1048028,7815,23220,794679,3560,9180,30573.474945340306,2432.896206306129,irma_s063,irma,high,6,Bp_N3_s0
single,land,0.004700883819981,0.01471806534947878,3684744,0.9539276335474386,0.9703273358561824,628065,7486,22848,382308,3154,8537,17321.55345037207,798.1945794315868,irma_s063,irma,high,6,Bp_N3_s0
single,active,0.00773649989734957,0.023769788831814447,4110456,0.9707312451541796,0.9845639543783544,1116803,9442,24231,836137,4634,8475,31800.542422059923,2322.4194004628644,irma_s068,irma,high,0,Bp_N3_s0
single,land,0.005072812659586631,0.014967303158687998,3684744,0.9548758847026098,0.9724837057994754,696835,9121,23809,424494,4208,7803,18692.01601053588,825.4569546034602,irma_s068,irma,high,0,Bp_N3_s0
single,active,0.0036634887903217277,0.019655307257322556,4110456,0.9864783802285125,0.9884111795662953,559132,3465,4199,490759,2452,3302,15058.609479110688,1587.9970018739414,ian_s005,ian,low,0,Bp_N3_s0
single,land,0.0010914829624925943,0.007556097698857723,3684744,0.9591695048467382,0.9596659029968049,146446,2690,3544,93411,1617,2309,4021.835297146812,210.3790306010235,ian_s005,ian,low,0,Bp_N3_s0
single,active,0.0036686670667017947,0.019683243973830297,4110456,0.9865391033485371,0.9884981515246144,558684,3455,4168,490646,2421,3288,15079.894556326792,1592.5143517225326,ian_s006,ian,low,6,Bp_N3_s0
single,land,0.0010902943417790375,0.0075572986544687705,3684744,0.9593671152228763,0.9599654288977374,146008,2670,3514,93300,1590,2301,4017.455534104258,210.44591061388283,ian_s006,ian,low,6,Bp_N3_s0
single,active,0.0039710961973707356,0.019912915348749127,4110456,0.9829103979681884,0.9879085893288627,593671,4705,5617,502067,2662,3483,16323.016191059723,1629.8952675254484,ian_s024,ian,mid,6,Bp_N3_s0
single,land,0.001403178771342535,0.008134148346690611,3684744,0.9532375048063502,0.9603197180901341,180975,3918,4960,104647,1846,2478,5170.354558631778,243.79876288765055,ian_s024,ian,mid,6,Bp_N3_s0
single,active,0.003892229337920605,0.018159571087658196,4110456,0.9852786771234593,0.9887023211168261,583685,4036,4685,505742,2550,3229,15998.837435431778,1355.5051659105661,ian_s037,ian,low,-6,Bp_N3_s0
single,land,0.0012525721781321297,0.007600266400362871,3684744,0.9578078111955958,0.9620172475025726,169804,3406,4074,105642,1804,2367,4615.407817939296,212.8457342820112,ian_s037,ian,low,-6,Bp_N3_s0
single,active,0.003947752629883529,0.019408890369949968,4110456,0.9853356083404987,0.988393075427547,586724,3930,4802,509400,2597,3385,16227.063484020531,1548.4294318557265,ian_s041,ian,mid,0,Bp_N3_s0
single,land,0.0013067197172627913,0.008056134589972149,3684744,0.9583592534992224,0.9610056439199589,172543,3245,4252,108634,1855,2553,4814.927637865767,239.14469246552287,ian_s041,ian,mid,0,Bp_N3_s0
single,active,0.0040583877435425,0.01825106254098817,4110456,0.9829579305362781,0.9883913956130722,605507,4694,5804,513242,2762,3266,16681.824250770733,1369.19817091195,ian_s046,ian,mid,-6,Bp_N3_s0
single,land,0.0014356466526352595,0.007917209402105236,3684744,0.9539788115341724,0.9623768441472255,191620,4057,5187,113112,2023,2399,5289.990389417857,230.96787773693993,ian_s046,ian,mid,-6,Bp_N3_s0
single,active,0.0041251394685474715,0.019524749778303097,4110456,0.9827107450270024,0.9879415449489702,609773,4657,6071,517302,2820,3494,16956.204279327765,1566.9709939803563,ian_s049,ian,high,-6,Bp_N3_s0
single,land,0.0015025770822854328,0.008377847209270282,3684744,0.9536376048371368,0.9609414947135765,195572,3987,5521,116518,2077,2659,5536.611888488755,258.62600522011127,ian_s049,ian,high,-6,Bp_N3_s0
single,active,0.004090161820393013,0.01952209882596483,4110456,0.9871086431610202,0.9889004423002672,583780,3406,4218,517367,2546,3261,16812.430195605382,1566.545515193943,ian_s059,ian,mid,0,Bp_N3_s0
single,land,0.001283716517457723,0.008257499346825977,3684744,0.963152092579582,0.9634045497502363,168620,2812,3639,114175,1829,2508,4730.16673540324,251.24904308889538,ian_s059,ian,mid,0,Bp_N3_s0
single,active,0.004218577877069547,0.02082199694264573,4110456,0.9866420687702224,0.9884650923247043,588827,3426,4546,522044,2556,3536,17340.27874626778,1782.111039286789,ian_s063,ian,high,6,Bp_N3_s0
single,land,0.0013855807291777847,0.009070293173558534,3684744,0.9618431124571505,0.9624237190089379,173403,2855,4024,118125,1883,2729,5105.510278353468,303.14469309123183,ian_s063,ian,high,6,Bp_N3_s0
single,active,0.004219671717449942,0.019616180050711494,4110456,0.9854583216575733,0.9886568000514911,597848,3903,4919,522254,2617,3375,17344.774929022416,1581.6809426047594,ian_s068,ian,high,0,Bp_N3_s0
single,land,0.001422776683590496,0.008495852626024605,3684744,0.9598211470965301,0.9634173977791447,182677,3301,4346,119036,1895,2625,5242.5678481999785,265.9630231868992,ian_s068,ian,high,0,Bp_N3_s0
single,active,0.003875101723789868,0.01567769273019621,4110456,0.9809459790354301,0.9879839683823007,628960,6456,5761,514464,2892,3365,15928.435131162405,1010.3091830599577,milton_s005,milton,low,0,Bp_N3_s0
single,land,0.0015951458869106836,0.007879220270785628,3684744,0.9494599441740045,0.9578842228688061,211233,5958,5286,110286,2302,2547,5877.70423591882,228.7566899777441,milton_s005,milton,low,0,Bp_N3_s0
single,active,0.00387315051105412,0.015653677320294893,4110456,0.9813264497869503,0.9886063001814994,626889,6302,5627,514186,2635,3291,15920.414757065475,1007.216329244753,milton_s006,milton,low,6,Bp_N3_s0
single,land,0.0015890927126180731,0.007882587796386814,3684744,0.9503084709110567,0.9604071015833668,209180,5795,5143,110030,2060,2476,5855.399838263169,228.95226989641108,milton_s006,milton,low,6,Bp_N3_s0
single,active,0.00510736412092967,0.01696022940972119,4110456,0.9766352566426922,0.9870157915616242,851122,7908,12454,617027,3383,4734,20993.595495060086,1182.3701266188511,milton_s024,milton,mid,6,Bp_N3_s0
single,land,0.0028730576975562845,0.01010130349317274,3684744,0.9571896514784392,0.9695564010845048,433359,7429,11953,212774,2790,3891,10586.482112724334,375.97776308140334,milton_s024,milton,mid,6,Bp_N3_s0
single,active,0.004813240194585464,0.016917561067321125,4110456,0.9764229045360866,0.9869609651235184,780779,8639,10214,588133,3433,4337,19784.612037274987,1176.4284248033218,milton_s037,milton,low,-6,Bp_N3_s0
single,land,0.0024425671664253072,0.009332484182341278,3684744,0.9526414677276747,0.9656521090436302,362019,8255,9742,181222,2904,3542,9000.234711082652,320.9237404484813,milton_s037,milton,low,-6,Bp_N3_s0
single,active,0.004814335411360485,0.01676400219653843,4110456,0.9767964006025799,0.9867939746254221,777443,8264,10204,589714,3311,4581,19789.113877639174,1155.1687237301498,milton_s041,milton,mid,0,Bp_N3_s0
single,land,0.0024791342116142027,0.009552979532466406,3684744,0.9529779312950895,0.9648210267079954,358111,7853,9817,181780,2801,3827,9134.974911440164,336.26759272636116,milton_s041,milton,mid,0,Bp_N3_s0
single,active,0.005284189422691866,0.01731721727137055,4110456,0.9766184788041307,0.9870692923156906,877354,8369,12636,637934,3654,4703,21720.428117640316,1232.6682656604369,milton_s046,milton,mid,-6,Bp_N3_s0
single,land,0.002959013809041414,0.010212687166959104,3684744,0.957846626894604,0.9704624330887975,458548,7994,12186,230972,3128,3902,10903.208378782496,384.3150377034132,milton_s046,milton,mid,-6,Bp_N3_s0
single,active,0.005300581156400414,0.017216010416595925,4110456,0.9766199035219577,0.9867493890175033,882296,8274,12848,643182,3667,4970,21787.80561781302,1218.3022245731217,milton_s049,milton,high,-6,Bp_N3_s0
single,land,0.0030078452458490407,0.01039379484065285,3684744,0.9579345750107082,0.9696786030882141,462942,7870,12459,235181,3151,4203,11083.139722570777,398.0664729049845,milton_s049,milton,high,-6,Bp_N3_s0
single,active,0.004250261826911509,0.016323642273169067,4110456,0.9816245916201427,0.988763131656142,655310,6237,6030,547403,2780,3441,17470.514227999374,1095.2774372778924,milton_s059,milton,mid,0,Bp_N3_s0
single,land,0.0018029220392678678,0.00853252886423669,3684744,0.9529233167183517,0.9640048888355105,234766,5875,5723,136452,2352,2743,6643.306166660041,268.26428206163615,milton_s059,milton,mid,0,Bp_N3_s0
single,active,0.004321358756705404,0.016482164613732028,4110456,0.9819533936227084,0.9892990473738414,659420,6111,6008,553311,2528,3457,17762.755029652268,1116.6536717137603,milton_s063,milton,high,6,Bp_N3_s0
single,land,0.0018745224256763206,0.008978005901770888,3684744,0.9537895452545695,0.9659977855844281,238476,5819,5735,141339,2144,2831,6907.135260876268,297.0072792726453,milton_s063,milton,high,6,Bp_N3_s0
single,active,0.005064248232247725,0.017397363073945845,4110456,0.9767847619141898,0.9872813497343139,789372,8175,10586,604774,3286,4505,20816.369531732053,1244.1044910370329,milton_s068,milton,high,0,Bp_N3_s0
single,land,0.002605941549998146,0.009926110098751599,3684744,0.9532451823670499,0.9668505531558313,368822,7825,10265,193840,2883,3763,9602.22749070637,363.04921025561106,milton_s068,milton,high,0,Bp_N3_s0
single,active,0.003658639722943052,0.015382316023486988,4110456,0.9841305247830059,0.9869561577901015,551491,4225,4668,471617,2942,3291,15038.677601009607,972.5982028074932,dorian_s005,dorian,low,0,Bp_N3_s0
single,land,0.0011241363950901173,0.00714590834964165,3684744,0.9553357550869989,0.9542635130529616,145169,3090,3697,84000,1904,2122,4142.154836989939,188.15779024577515,dorian_s005,dorian,low,0,Bp_N3_s0
single,active,0.0036780544172850967,0.015444023134644009,4110456,0.9841570671853744,0.9868742177067242,551995,4189,4697,471491,2941,3330,15118.48084785603,980.4171300377196,dorian_s006,dorian,low,6,Bp_N3_s0
single,land,0.0011412883127663303,0.007177756505900346,3684744,0.9554924366660982,0.9538108074293968,145661,3064,3721,83860,1923,2138,4205.355262735859,189.8387052994654,dorian_s006,dorian,low,6,Bp_N3_s0
single,active,0.004673554991235936,0.016474547339056535,4110456,0.9735404699195905,0.9857452495504689,655367,7889,9923,507092,3230,4103,19210.4421550557,1115.6217814939812,dorian_s024,dorian,mid,6,Bp_N3_s0
single,land,0.0022429482496967197,0.009365389377254596,3684744,0.9405438710555363,0.9587576579695211,248819,6808,8921,119094,2250,2873,8264.69010538049,323.19080562862496,dorian_s024,dorian,mid,6,Bp_N3_s0
single,active,0.004165847853142227,0.01608022576006649,4110456,0.9797313338345269,0.9862210153169166,594258,5804,6490,489926,3182,3663,17123.534303035587,1062.855654222427,dorian_s037,dorian,low,-6,Bp_N3_s0
single,land,0.001596830085440467,0.008139089708092899,3684744,0.9471928764703195,0.9546571556974977,186579,4873,5529,99839,2334,2408,5883.910076346248,244.09506033946735,dorian_s037,dorian,low,-6,Bp_N3_s0
single,active,0.004115942062560169,0.015898088865891565,4110456,0.9798007756765752,0.9859281821611166,594694,5735,6525,491359,3274,3739,16918.39874670282,1038.9145872544896,dorian_s041,dorian,mid,0,Bp_N3_s0
single,land,0.0015939646902858849,0.008154090537924305,3684744,0.9471553593831744,0.9535341863747004,186475,4806,5598,100677,2437,2469,5873.351828742772,244.99565313167656,dorian_s041,dorian,mid,0,Bp_N3_s0
single,active,0.004606305515294372,0.016490211982681448,4110456,0.976544737848524,0.9859324712255093,648580,6612,8966,510364,3208,4074,18934.016143174842,1117.7443437244006,dorian_s046,dorian,mid,-6,Bp_N3_s0
single,land,0.002080328857235548,0.009053096649620855,3684744,0.9461955817123909,0.9588682587429884,240838,5694,8001,120174,2379,2776,7665.4792747255415,301.99630832999134,dorian_s046,dorian,mid,-6,Bp_N3_s0
single,active,0.004575945459381249,0.016386498925938305,4110456,0.9765687565424219,0.9859106443293517,651178,6688,8936,512641,3242,4084,18809.22246918641,1103.7287402848392,dorian_s049,dorian,high,-6,Bp_N3_s0
single,land,0.0020933138825885472,0.009077162638631559,3684744,0.9463505270292378,0.9589476499929193,242949,5784,7989,121888,2444,2774,7713.325768984854,303.60404548902,dorian_s049,dorian,high,-6,Bp_N3_s0
single,active,0.0038775465094842525,0.016005096855335483,4110456,0.9847150442600205,0.9867568385585058,569893,3901,4945,492292,2961,3646,15938.484315188602,1052.9472555681914,dorian_s059,dorian,mid,0,Bp_N3_s0
single,land,0.0012345180543604272,0.007592866214492219,3684744,0.9577464788732394,0.9570209434709913,160344,3023,4051,99022,2059,2388,4548.8829936962575,212.43145112504683,dorian_s059,dorian,mid,0,Bp_N3_s0
single,active,0.003912313392612368,0.016158687403132282,4110456,0.9844828978544784,0.9867341097532516,572972,4035,4996,494710,2950,3701,16081.392058543861,1073.2531270631578,dorian_s063,dorian,high,6,Bp_N3_s0
single,land,0.0012715045055723684,0.007720533963048818,3684744,0.9577655154581621,0.9573811287779488,162982,3115,4072,100795,2035,2452,4685.168597880751,219.6352263248285,dorian_s063,dorian,high,6,Bp_N3_s0
single,active,0.004261897423095279,0.01635405679207029,4110456,0.9798954341754887,0.9860560002675486,603498,5615,6767,501231,3224,3864,17518.34183414653,1099.3627228835928,dorian_s068,dorian,high,0,Bp_N3_s0
single,land,0.001660606739372009,0.00844368847941355,3684744,0.9479520098561665,0.9562060620029964,193896,4793,5853,107861,2392,2548,6118.910719260573,262.7070481372142,dorian_s068,dorian,high,0,Bp_N3_s0
single,active,0.0045921589546738945,0.017318074956881636,4110456,0.9707227985320676,0.9823593464871653,619757,8419,10273,459197,3898,4348,18875.86732819304,1232.7903716404392,beryl_s005,beryl,low,0,Bp_N3_s0
single,land,0.0022511123601023308,0.009619385161456906,3684744,0.9339456729206431,0.9432782209075062,224104,6734,9116,89286,2403,2966,8294.772762212902,340.95883537107875,beryl_s005,beryl,low,0,Bp_N3_s0
single,active,0.004472030505234026,0.017117483446186466,4110456,0.9714606511871564,0.9826108227226087,608249,8109,9760,453921,3685,4348,18382.084622422233,1204.397476227448,beryl_s006,beryl,low,6,Bp_N3_s0
single,land,0.0021200227167722865,0.00936469122668284,3684744,0.9339476849859949,0.9417307132133814,212729,6437,8608,84057,2216,2985,7811.740985490382,323.1426223814491,beryl_s006,beryl,low,6,Bp_N3_s0
single,active,0.005594562930482852,0.0184455940294487,4110456,0.9647579549832721,0.9802158273381295,743702,11399,15768,531920,4410,6326,22996.204764980823,1398.5412991100789,beryl_s024,beryl,mid,6,Bp_N3_s0
single,land,0.003337492132371837,0.011826898024914828,3684744,0.9343414235216262,0.9533073699661451,347319,9824,14583,161067,3017,4872,12297.804109804332,515.4054716137164,beryl_s024,beryl,mid,6,Bp_N3_s0
single,active,0.0053787857481769315,0.01791299481590866,4110456,0.9684531578807171,0.9818935427574171,727134,9507,14179,517615,3977,5568,22109.262151308358,1318.9441444340803,beryl_s037,beryl,low,-6,Bp_N3_s0
single,land,0.0030584621433220266,0.011066271171975672,3684744,0.9394260634513343,0.9542923665391652,328770,8155,13044,143454,2709,4162,11269.650031832978,451.24243758295506,beryl_s037,beryl,low,-6,Bp_N3_s0
single,active,0.005294671762526816,0.018311128384587216,4110456,0.9684151355824472,0.9820477252307284,711513,9324,13882,510436,3979,5352,21763.515314308926,1378.2253029909532,beryl_s041,beryl,mid,0,Bp_N3_s0
single,land,0.003000578554540421,0.011082046532341894,3684744,0.9380900715129209,0.9532321442329917,312990,7887,12769,136092,2708,3969,11056.363825371489,452.52987863692357,beryl_s041,beryl,mid,0,Bp_N3_s0
single,active,0.005849011558663912,0.018235483257998005,4110456,0.9651552228662509,0.9807202486137346,789607,11080,17427,563311,4356,6718,24042.10465537943,1366.8616470521438,beryl_s046,beryl,mid,-6,Bp_N3_s0
single,land,0.003601174896736662,0.012138877706279885,3684744,0.9375310389501338,0.9571413340914745,390777,9749,16289,188531,3140,5302,13269.407593701035,542.9556948000454,beryl_s046,beryl,mid,-6,Bp_N3_s0
single,active,0.00582087394516832,0.018878356104032906,4110456,0.9650717089878929,0.9808362490522464,790331,11066,17538,564024,4370,6650,23926.446233160794,1464.9349878757912,beryl_s049,beryl,high,-6,Bp_N3_s0
single,land,0.0036004004782441363,0.01216474604255951,3684744,0.9374640790834898,0.9574104069649727,391470,9699,16415,189146,3126,5288,13266.554059807211,545.2722723938317,beryl_s049,beryl,high,-6,Bp_N3_s0
single,active,0.004677565119805624,0.017206818130765848,4110456,0.9732415867232245,0.9835626356230839,639446,7801,9780,480910,3716,4321,19226.925612095743,1217.0015756745117,beryl_s059,beryl,mid,0,Bp_N3_s0
single,land,0.002295370426043214,0.00964186185750821,3684744,0.9403475957892421,0.9495830731366859,239310,6481,8700,103402,2501,2989,8457.852405140176,342.5540686240958,beryl_s059,beryl,mid,0,Bp_N3_s0
single,active,0.004568989079026301,0.01751455918053361,4110456,0.973965520442071,0.9837036884273915,629583,7579,9250,476993,3545,4357,18780.628573818132,1260.922591776562,beryl_s063,beryl,high,6,Bp_N3_s0
single,land,0.0021886938510987646,0.009458404642370981,3684744,0.9403876525484566,0.94890566832228,229243,6275,8257,99154,2315,3024,8064.776535673067,329.6424246028648,beryl_s063,beryl,high,6,Bp_N3_s0
single,active,0.0053551474474874995,0.018077819356712713,4110456,0.96943518645545,0.9824942533067038,720777,9028,13697,521449,3875,5416,22012.097956409678,1343.328065816109,beryl_s068,beryl,high,0,Bp_N3_s0
single,land,0.0030310846249360568,0.011110943845150436,3684744,0.9402057134805735,0.9550579736175138,320298,7757,12613,143571,2719,4037,11168.770885225385,454.89297049764684,beryl_s068,beryl,high,0,Bp_N3_s0
single,active,0.006592558686275965,0.021847947338872242,4110456,0.9730609298214199,0.9854889744912672,1027059,10914,17520,762121,5375,5847,27098.42240735516,1962.055483768106,irma_s005,irma,low,0,Bp_N3_s1
single,land,0.004168979745997309,0.013044682333054948,3684744,0.9569284452379981,0.973271564832357,609906,10363,17089,356523,4602,5189,15361.623105185106,627.0098095558984,irma_s005,irma,low,0,Bp_N3_s1
single,active,0.006521439318563301,0.02177906157065166,4110456,0.9721551334889664,0.9855378441237027,1011926,10146,18838,753422,4934,6122,26806.089375624433,1949.7024124621912,irma_s006,irma,low,6,Bp_N3_s1
single,land,0.004135074433128648,0.012987330287670368,3684744,0.9550630706420089,0.9729298873174047,594883,9574,18416,347874,4207,5472,15236.690707024187,621.5085266723445,irma_s006,irma,low,6,Bp_N3_s1
single,active,0.007590923615401166,0.023400230360517933,4110456,0.9671428854192036,0.9840828644172196,1123821,11621,26559,825987,6249,7111,31202.157520467415,2250.7656018791067,irma_s024,irma,mid,6,Bp_N3_s1
single,land,0.005289948477683336,0.014836519924308986,3684744,0.9499922020371506,0.9722356668280019,706589,11063,26132,419824,5524,6465,19492.105913452804,811.0944106515718,irma_s024,irma,mid,6,Bp_N3_s1
single,active,0.00750103492873855,0.02182793834448023,4110456,0.9707589943808562,0.9846663070543415,1112915,11459,22064,817789,6532,6203,30832.674029042944,1958.4633128973896,irma_s037,irma,low,-6,Bp_N3_s1
single,land,0.00492512620358635,0.014600159038529386,3684744,0.95504284319254,0.9726651318443975,694383,11071,21616,409813,5952,5565,18147.829227907583,785.4571428081932,irma_s037,irma,low,-6,Bp_N3_s1
single,active,0.007327211412672717,0.022776704286145654,4110456,0.9709731372473153,0.984583559969001,1104179,11238,21771,818185,6173,6638,30118.18011448905,2132.415203835052,irma_s041,irma,mid,0,Bp_N3_s1
single,land,0.004853785486317967,0.014264485262982837,3684744,0.9551374778767229,0.9723993476079752,685378,10816,21376,408997,5561,6048,17884.956947997212,749.7552744906006,irma_s041,irma,mid,0,Bp_N3_s1
single,active,0.00805986000401411,0.022322174478149326,4110456,0.9682555841867048,0.9836732621980413,1160342,12259,25783,852647,7182,6970,33129.699912659824,2048.1558512492734,irma_s046,irma,mid,-6,Bp_N3_s1
single,land,0.005523294977347092,0.015590114400826163,3684744,0.9522496289563016,0.9716717101925869,741692,11873,25319,444396,6614,6342,20351.928028009832,895.5831717819124,irma_s046,irma,mid,-6,Bp_N3_s1
single,active,0.007980500436152926,0.023711536726500722,4110456,0.9682660466427112,0.9839704519410317,1168121,11961,26323,862088,6809,7235,32803.49590078741,2311.050342921425,irma_s049,irma,high,-6,Bp_N3_s1
single,land,0.005552435119753918,0.015429599972185239,3684744,0.9523544980943833,0.9723477158723509,749143,11569,25910,452623,6216,6656,20459.301992902532,877.2364197124551,irma_s049,irma,high,-6,Bp_N3_s1
single,active,0.007179281478394216,0.023279057824253338,4110456,0.9733685282472271,0.9853187289795685,1059060,10107,18869,794227,5277,6557,29510.120628554374,2227.515844417197,irma_s059,irma,mid,0,Bp_N3_s1
single,land,0.004502212370419306,0.014099730151729656,3684744,0.9576778880301128,0.9726875964322299,639114,9737,18507,382666,4754,5991,16589.500018628314,732.5359150336953,irma_s059,irma,mid,0,Bp_N3_s1
single,active,0.007194420767695182,0.024108531517350425,4110456,0.9714702999575178,0.9848594114714697,1049628,9205,21620,796183,4564,7676,29572.350011097267,2389.084546712971,irma_s063,irma,high,6,Bp_N3_s1
single,land,0.004620613034534499,0.014427819305734488,3684744,0.9543414501057227,0.9716061887518675,629622,8832,21291,383697,4065,7148,17025.77615532279,767.0235696869386,irma_s063,irma,high,6,Bp_N3_s1
single,active,0.007657865695526181,0.023638615415753357,4110456,0.9709127747843004,0.9849119028191569,1118442,10915,22592,837705,5926,6907,31477.319995369762,2296.857615927978,irma_s068,irma,high,0,Bp_N3_s1
single,land,0.005037786695598837,0.014870096773257025,3684744,0.9552074685675443,0.9731408687864269,698420,10527,22224,425935,5394,6362,18562.954299887642,814.769775436437,irma_s068,irma,high,0,Bp_N3_s1
single,active,0.0038644545649618007,0.02060844202066568,4110456,0.9859916281119189,0.9882414960100764,559427,4044,3904,491158,2941,2903,15884.670453274623,1745.7430639480897,ian_s005,ian,low,0,Bp_N3_s1
single,land,0.0011328926903622846,0.0076481623886529805,3684744,0.9575996186969098,0.9593385214007782,146665,3169,3325,93689,1940,2031,4174.419543456286,215.53684493370602,ian_s005,ian,low,0,Bp_N3_s1
single,active,0.0038699051733570517,0.02064125819507527,4110456,0.9861206907196672,0.9883020455318524,559019,4035,3833,491027,2905,2907,15907.074939256534,1751.3072129515651,ian_s006,ian,low,6,Bp_N3_s1
single,land,0.001132066629187494,0.0076512255855212714,3684744,0.9579913939338368,0.9593962759412682,146269,3161,3253,93568,1927,2033,4171.375719498843,215.70953059881478,ian_s006,ian,low,6,Bp_N3_s1
single,active,0.004164666114349021,0.020879527655030542,4110456,0.9824324078499338,0.9877532646493954,594070,5405,5218,502477,3157,3073,17118.67681772262,1791.9725099812754,ian_s024,ian,mid,6,Bp_N3_s1
single,land,0.0014457353808262467,0.008233715595648412,3684744,0.9518589107481321,0.9600384245917387,181292,4526,4643,104937,2180,2188,5327.164770087227,249.80380191687544,ian_s024,ian,mid,6,Bp_N3_s1
single,active,0.004084311801558601,0.018698652774573925,4110456,0.9850413260771679,0.9887178465463055,584097,4597,4273,506183,2988,2788,16788.383950587362,1437.1782557152799,ian_s037,ian,low,-6,Bp_N3_s1
single,land,0.0013006481214228789,0.0077423917562087115,3684744,0.9570608056794722,0.9622499296215912,170130,3885,3748,105962,2110,2047,4792.555361524224,220.8806161175455,ian_s037,ian,low,-6,Bp_N3_s1
single,active,0.004124629978735242,0.02027542145266416,4110456,0.9850313064136205,0.9884399899191594,587122,4518,4404,509867,3045,2918,16954.110043872148,1689.7785172698411,ian_s041,ian,mid,0,Bp_N3_s1
single,land,0.0013518189191927103,0.008169387967045728,3684744,0.9575881111560383,0.9614044373869701,172882,3744,3913,108980,2168,2207,4981.106651581824,245.91576044293348,ian_s041,ian,mid,0,Bp_N3_s1
single,active,0.004241951946306823,0.018780425647317057,4110456,0.9828830830561336,0.9883516665351884,606029,5272,5282,513677,3223,2831,17436.356829408556,1449.775865802699,ian_s046,ian,mid,-6,Bp_N3_s1
single,land,0.0014857312973920564,0.008066135681525298,3684744,0.9538291923460849,0.9622896022804398,192064,4554,4743,113427,2361,2084,5474.539483677596,239.73882169730084,ian_s046,ian,mid,-6,Bp_N3_s1
single,active,0.0043039190363552094,0.020413114334215717,4110456,0.9824538243708153,0.9880508725229222,610262,5317,5582,517793,3259,3003,17691.06982650049,1712.807436365437,ian_s049,ian,high,-6,Bp_N3_s1
single,land,0.0015519590643393187,0.008504064147541342,3684744,0.9531142869646826,0.9616143999473493,196007,4556,5086,116890,2379,2287,5718.571850569919,266.47739569756186,ian_s049,ian,high,-6,Bp_N3_s1
single,active,0.004230900108963688,0.020219011775206797,4110456,0.9868928725877074,0.9888481019427489,584209,3970,3789,517749,2960,2879,17390.928738290444,1680.3890933994066,ian_s059,ian,mid,0,Bp_N3_s1
single,land,0.0013302709407371134,0.008369994509659816,3684744,0.9624762913726227,0.9633622866377134,168981,3310,3278,114459,2129,2224,4901.707867255434,258.1414032751737,ian_s059,ian,mid,0,Bp_N3_s1
single,active,0.004327518223919038,0.02158272690126514,4110456,0.9863995687504813,0.9884726061218351,589210,3961,4163,522474,2987,3106,17788.07324861735,1914.7083642626064,ian_s063,ian,high,6,Bp_N3_s1
single,land,0.0014315079602135825,0.009163145247084656,3684744,0.9611456581393291,0.9628001105349567,173729,3325,3698,118461,2184,2393,5274.740367349237,309.3830109815522,ian_s063,ian,high,6,Bp_N3_s1
single,active,0.0043591855017058095,0.0203178872445419,4110456,0.9851471290487247,0.9886300872367954,598270,4523,4497,522665,3047,2964,17918.240200599656,1696.8642322998744,ian_s068,ian,high,0,Bp_N3_s1
single,land,0.0014682542220353005,0.008608466366737016,3684744,0.958915951109877,0.9636836326056065,183035,3854,3988,119358,2195,2303,5410.1409351192415,273.0605083375323,ian_s068,ian,high,0,Bp_N3_s1
single,active,0.003938854545856028,0.016094771149984356,4110456,0.9807472030146196,0.9880143919405133,629319,6952,5402,514879,3296,2950,16190.488301141188,1064.7793388984321,milton_s005,milton,low,0,Bp_N3_s1
single,land,0.0016235104150758746,0.00788934565916589,3684744,0.9490174966352625,0.9580680095299978,211536,6381,4983,110585,2592,2248,5982.220260888338,229.34500672192976,milton_s005,milton,low,0,Bp_N3_s1
single,active,0.0039323443917213775,0.016063225552674146,4110456,0.9811926053027968,0.9884565290056363,627299,6807,5217,514545,3077,2932,16163.728599017486,1060.6095147016151,milton_s006,milton,low,6,Bp_N3_s1
single,land,0.0016151706350958524,0.00789391691835732,3684744,0.9500090678273486,0.9598220891469157,209534,6237,4789,110273,2383,2233,5951.490306645632,229.6108587322,milton_s006,milton,low,6,Bp_N3_s1
single,active,0.005139959906038969,0.017340172650647283,4110456,0.9765641304372754,0.9869802778456971,851644,8506,11932,617596,3982,4165,21127.579035537317,1235.938435651917,milton_s024,milton,mid,6,Bp_N3_s1
single,land,0.002898565844270117,0.010090239871413002,3684744,0.9571177062374245,0.9694058487615029,433827,7952,11485,213215,3279,3450,10680.473103279248,375.1546222290654,milton_s024,milton,mid,6,Bp_N3_s1
single,active,0.004793052567065133,0.016756040566473944,4110456,0.9766085380336271,0.9867999081324569,781238,8957,9755,588637,4041,3833,19701.631682608277,1154.0717491547994,milton_s037,milton,low,-6,Bp_N3_s1
single,land,0.0024765498134220764,0.009354479581684918,3684744,0.9529864071338223,0.9651214081108802,362395,8512,9366,181604,3403,3160,9125.452065708116,322.4382705699392,milton_s037,milton,low,-6,Bp_N3_s1
single,active,0.0047786088863366995,0.016872400236690767,4110456,0.9767735632746802,0.9868563814758903,777880,8730,9767,590299,3866,3996,19642.261568496004,1170.1559399782343,milton_s041,milton,mid,0,Bp_N3_s1
single,land,0.002505055362382646,0.009527251824977904,3684744,0.9530126054664448,0.9650554431747175,358510,8258,9418,182243,3235,3364,9230.48771620728,334.4587864921695,milton_s041,milton,mid,0,Bp_N3_s1
single,active,0.005283674288320167,0.017218394655462783,4110456,0.9766682797403508,0.9868736669654725,877932,8915,12058,638527,4383,4110,21718.31068047136,1218.639692381534,milton_s046,milton,mid,-6,Bp_N3_s1
single,land,0.0029924035877618507,0.01022802478263534,3684744,0.9579860516947065,0.9699509660114832,459065,8464,11669,231440,3736,3434,11026.241165583953,385.47024836855275,milton_s046,milton,mid,-6,Bp_N3_s1
single,active,0.005284248100662459,0.01733772541158129,4110456,0.9765769054216235,0.9868050787189171,882889,8921,12255,643839,4296,4313,21720.66931085661,1235.589601364216,milton_s049,milton,high,-6,Bp_N3_s1
single,land,0.0030354026310494514,0.010365290805374756,3684744,0.9579248897899965,0.9697397329032577,463491,8448,11910,235703,3674,3681,11184.68163234368,395.8861446248592,milton_s049,milton,high,-6,Bp_N3_s1
single,active,0.00425899603440594,0.016310181142823486,4110456,0.9815947981654672,0.988775057126458,655776,6732,5564,547815,3190,3029,17506.415803600103,1093.4717626632116,milton_s059,milton,mid,0,Bp_N3_s1
single,land,0.0018294734044301815,0.008533968049515821,3684744,0.9529310233055654,0.9639468824449864,235191,6319,5298,136759,2679,2436,6741.141150133684,268.3547861951965,milton_s059,milton,mid,0,Bp_N3_s1
single,active,0.004310834786911149,0.016667217836802604,4110456,0.9819215798307325,0.989325057796549,659922,6644,5506,553747,2954,3021,17719.49671486765,1141.8688532684523,milton_s063,milton,high,6,Bp_N3_s1
single,land,0.0018946031660672469,0.008948227479038914,3684744,0.9538071572560526,0.9662040983327083,238943,6304,5268,141689,2475,2481,6981.127648547292,295.0403078178667,milton_s063,milton,high,6,Bp_N3_s1
single,active,0.004981041077939463,0.017218044303072073,4110456,0.9770018278822538,0.9873385927456644,789990,8628,9968,605360,3844,3919,20474.350185062736,1218.5901001873194,milton_s068,milton,high,0,Bp_N3_s1
single,land,0.0026255936979166223,0.009882350931107607,3684744,0.9536995440439122,0.9669708973644399,369385,8231,9702,194307,3341,3296,9674.640624836087,359.85526764556016,milton_s068,milton,high,0,Bp_N3_s1
single,active,0.003929329056473513,0.016524117784384916,4110456,0.983471162757539,0.9867098106597436,551806,4921,4353,472040,3490,2868,16151.33419615589,1122.3454949393079,dorian_s005,dorian,low,0,Bp_N3_s1
single,land,0.0011817803621707661,0.007445522113602075,3684744,0.9532747053847214,0.9531716586734232,145362,3621,3504,84268,2286,1854,4354.558098826557,204.26672975546344,dorian_s005,dorian,low,0,Bp_N3_s1
single,active,0.003950440626568845,0.01658397997519342,4110456,0.9836073164259854,0.9865429321648381,552326,4839,4366,471899,3515,2922,16238.112376123667,1130.492103317072,dorian_s006,dorian,low,6,Bp_N3_s1
single,land,0.0012004022448579073,0.0074808448964255566,3684744,0.9539429371104964,0.9524300208352205,145876,3537,3506,84111,2314,1887,4423.174969326705,206.20947720439335,dorian_s006,dorian,low,6,Bp_N3_s1
single,active,0.004923403947252258,0.017514930763234886,4110456,0.9730627837498089,0.9855521576622494,655639,8499,9651,507584,3830,3611,20237.43529540673,1260.976094920784,dorian_s024,dorian,mid,6,Bp_N3_s1
single,land,0.00231645900021311,0.00961219496557647,3684744,0.9395923512074359,0.9581534560510985,248976,7243,8764,119407,2655,2560,8535.558402281255,340.44931328852823,dorian_s024,dorian,mid,6,Bp_N3_s1
single,active,0.00437034427944186,0.01668385377979811,4110456,0.9793790321650864,0.9859486001886121,594629,6401,6119,490329,3728,3260,17964.10786549747,1144.149443292247,dorian_s037,dorian,low,-6,Bp_N3_s1
single,land,0.0016614346093989625,0.008379327408940573,3684744,0.9462771829958776,0.9537425206753306,186850,5350,5258,100101,2709,2146,6121.961208375171,258.7174014789072,dorian_s037,dorian,low,-6,Bp_N3_s1
single,active,0.004337980382416474,0.016770666039969993,4110456,0.979378541767135,0.9856625796133667,595042,6352,6177,491820,3876,3278,17831.07749078609,1156.0872864226512,dorian_s041,dorian,mid,0,Bp_N3_s1
single,land,0.0016584500753151355,0.008418610191118352,3684744,0.9461079361219196,0.9526626102542333,186739,5303,5334,100987,2859,2159,6110.963964316994,261.1488524843838,dorian_s041,dorian,mid,0,Bp_N3_s1
single,active,0.004796066640327832,0.01708164663381987,4110456,0.9762425569940938,0.9857089653761768,648926,7172,8620,510821,3789,3617,19714.02089813538,1199.3597514694404,dorian_s046,dorian,mid,-6,Bp_N3_s1
single,land,0.0021523443624623354,0.009273625249232241,3684744,0.945537195593086,0.9581123102249863,241077,6124,7762,120474,2791,2476,7930.837975516915,316.8884455628163,dorian_s046,dorian,mid,-6,Bp_N3_s1
single,active,0.004787107692957981,0.017256611410505784,4110456,0.976343605865623,0.9856747448710094,651559,7232,8555,513161,3894,3564,19677.19553916529,1224.0553121344878,dorian_s049,dorian,high,-6,Bp_N3_s1
single,land,0.0021647869774622745,0.00932123672515319,3684744,0.9459080019911642,0.9582262009281325,243227,6198,7711,122239,2906,2423,7976.685826482251,320.15065563193355,dorian_s049,dorian,high,-6,Bp_N3_s1
single,active,0.004088180223284778,0.01675727196455555,4110456,0.9841864013060931,0.986575474663586,570275,4600,4563,492754,3521,3184,16804.284927882254,1154.2413803933111,dorian_s059,dorian,mid,0,Bp_N3_s1
single,land,0.0012933071549192747,0.00785808400477705,3684744,0.9560838561445697,0.956041311734188,160624,3607,3771,99326,2483,2084,4765.505779245868,227.53104150533795,dorian_s059,dorian,mid,0,Bp_N3_s1
single,active,0.004131658129659595,0.01712021397614059,4110456,0.9842055035289594,0.9866152635406393,573406,4640,4562,495197,3504,3214,16982.998949008062,1204.7817506674555,dorian_s063,dorian,high,6,Bp_N3_s1
single,land,0.0013312076677499814,0.007975075135895264,3684744,0.9566839876039109,0.9570709460098783,163305,3645,3749,101149,2439,2098,4905.159466495737,234.356437247603,dorian_s063,dorian,high,6,Bp_N3_s1
single,active,0.004444694782547567,0.017037340363413225,4110456,0.9796228532871388,0.9858050672608731,603961,6259,6304,501690,3819,3405,18269.72233709134,1193.1460365284213,dorian_s068,dorian,high,0,Bp_N3_s1
single,land,0.0017229263160629409,0.008686912955751525,3684744,0.947192627447156,0.9551026175421244,194255,5336,5494,108152,2827,2257,6348.542405555025,278.05983455354624,dorian_s068,dorian,high,0,Bp_N3_s1
single,active,0.004866510729336534,0.018084303183277764,4110456,0.96934353649907,0.9811401756975252,619174,8726,10856,459361,4646,4184,20003.578226465732,1344.2918400394199,beryl_s005,beryl,low,0,Bp_N3_s1
single,land,0.0023223270484604742,0.009844412235765581,3684744,0.9308500222889734,0.9400296695319158,223431,6809,9789,89347,2795,2905,8557.180657852441,357.0975770186611,beryl_s005,beryl,low,0,Bp_N3_s1
single,active,0.004747194357214915,0.017918343990938942,4110456,0.9700996253473957,0.9814001538820641,607716,8438,10293,454086,4423,4183,19513.133528780192,1319.7319877374366,beryl_s006,beryl,low,6,Bp_N3_s1
single,land,0.0021867170159886786,0.009593498751581107,3684744,0.9308127797770561,0.9384467795551391,212095,6523,9242,84128,2604,2914,8057.492404362187,339.1262184070438,beryl_s006,beryl,low,6,Bp_N3_s1
single,active,0.0058520016395088095,0.01925651369409302,4110456,0.9636645789605376,0.9791867106945428,743314,11871,16156,532281,5349,5965,24054.395251128823,1524.2118346385157,beryl_s024,beryl,mid,6,Bp_N3_s1
single,land,0.0034006998403769365,0.012020503646897324,3684744,0.9324939438668377,0.9513429349941611,346829,10035,15073,161304,3615,4635,12530.708332629874,532.4179016218609,beryl_s024,beryl,mid,6,Bp_N3_s1
single,active,0.005563084739641409,0.018085047539350176,4110456,0.9676922421437493,0.9810247901324363,726793,9745,14520,517934,4769,5249,22866.81504656747,1344.4025053359767,beryl_s037,beryl,low,-6,Bp_N3_s1
single,land,0.0031223801800424073,0.011253827260473796,3684744,0.9380699609169657,0.9524264184220821,328347,8210,13467,143644,3203,3972,11505.17163413018,466.66777216285874,beryl_s037,beryl,low,-6,Bp_N3_s1
single,active,0.0055275748805792,0.01888502585962577,4110456,0.9674409810823899,0.9811525525306328,711251,9793,14144,510789,4813,4999,22720.853333326057,1465.9702988199808,beryl_s041,beryl,mid,0,Bp_N3_s1
single,land,0.003071108678118102,0.011271490532546674,3684744,0.9362644537017349,0.9513058165017239,312629,8152,13130,136305,3221,3756,11316.249275043607,468.1338242674918,beryl_s041,beryl,mid,0,Bp_N3_s1
single,active,0.006021770401105758,0.01849283759808865,4110456,0.9640776568571523,0.9800015644147785,789220,11593,17814,563790,5266,6239,24752.22227584757,1405.7144695636935,beryl_s046,beryl,mid,-6,Bp_N3_s1
single,land,0.003663453888485482,0.01232345980052067,3684744,0.9356768885564697,0.955978439658881,390312,10078,16754,188887,3752,4946,13498.889734873548,559.593454340523,beryl_s046,beryl,mid,-6,Bp_N3_s1
single,active,0.006026774509301053,0.0194404037556488,4110456,0.9641190710931933,0.9800836172081993,790138,11675,17731,564487,5284,6187,24772.79144240357,1553.4617512906382,beryl_s049,beryl,high,-6,Bp_N3_s1
single,land,0.003661196670217629,0.012340603563700453,3684744,0.9358382415563413,0.9562246746496712,391186,10121,16699,189496,3737,4938,13490.572463404387,561.1514925589371,beryl_s049,beryl,high,-6,Bp_N3_s1
single,active,0.0048878553260262554,0.017684079488795256,4110456,0.9720853958701599,0.9829125301303264,639012,8136,10214,481175,4309,4056,20091.314251996577,1285.4492062346985,beryl_s059,beryl,mid,0,Bp_N3_s1
single,land,0.0023630588266756567,0.009867605879921467,3684744,0.9378026699763167,0.9477398802658318,238773,6599,9237,103533,2851,2858,8707.266833240166,358.7822181490575,beryl_s059,beryl,mid,0,Bp_N3_s1
single,active,0.004789530175542424,0.018243164766384438,4110456,0.9730077856209555,0.9829066517837836,629249,7872,9584,477269,4219,4081,19687.153047239408,1368.0134422057579,beryl_s063,beryl,high,6,Bp_N3_s1
single,land,0.0022530121931085816,0.009695918561416645,3684744,0.9382641639400723,0.9465715811150942,228837,6394,8663,99284,2710,2894,8301.773160483688,346.40586664815584,beryl_s063,beryl,high,6,Bp_N3_s1
single,active,0.005556185235691279,0.01853380361041049,4110456,0.968599787080748,0.9818545124764338,720584,9470,13890,521838,4617,5027,22838.454939158633,1411.949348322258,beryl_s068,beryl,high,0,Bp_N3_s1
single,land,0.0030986209198819547,0.011297563258266042,3684744,0.9386957108411116,0.9536761975492016,320007,7995,12904,143822,3200,3786,11417.624842809513,470.30206304860957,beryl_s068,beryl,high,0,Bp_N3_s1
single,active,0.006943448021584688,0.022408153768570405,4110456,0.9720741374762057,0.9849634868237875,1024397,9247,20182,760576,4219,7392,28540.737581010908,2063.9641795103566,irma_s005,irma,low,0,Bp_N3_s2
single,land,0.004280059092205483,0.013187579872894676,3684744,0.9553181851070055,0.9722908881862604,607355,8767,19640,355173,3583,6539,15770.922059649602,640.822167261851,irma_s005,irma,low,0,Bp_N3_s2
single,active,0.006904596541383158,0.022439745023202364,4110456,0.9711274144276333,0.984741913174688,1009317,8561,21447,751815,3920,7729,28381.04028110765,2069.787879286496,irma_s006,irma,low,6,Bp_N3_s2
single,land,0.004277859882918599,0.013217025992805881,3684744,0.9533303184752329,0.9714473160364927,592368,8068,20931,346490,3328,6856,15762.81853642501,643.6871043255754,irma_s006,irma,low,6,Bp_N3_s2
single,active,0.008139429460250923,0.02417092596823538,4110456,0.9652318052050147,0.9831189892873722,1119777,9732,30603,823837,4885,9261,33456.76666146517,2401.4667620354185,irma_s024,irma,mid,6,Bp_N3_s2
single,land,0.005560652050891766,0.015315194263434499,3684744,0.9469800502988007,0.9705294890911034,702627,9245,30094,417877,4277,8412,20489.579280611128,864.2757749541421,irma_s024,irma,mid,6,Bp_N3_s2
single,active,0.007764610306267419,0.022187068001322263,4110456,0.9695156737470306,0.9844407825690442,1109728,9642,25251,816064,4970,7928,31916.089021058753,2023.4376777855175,irma_s037,irma,low,-6,Bp_N3_s2
single,land,0.005042174246615417,0.014761844516312059,3684744,0.9531248707449229,0.97232204733973,691311,9311,24688,408279,4523,7099,18579.12130217068,802.9501317493991,irma_s037,irma,low,-6,Bp_N3_s2
single,active,0.007726392411378429,0.023354864890418773,4110456,0.9697887405207185,0.983976685468449,1100942,9289,25008,816065,4531,8758,31758.99604570493,2242.047049813937,irma_s041,irma,mid,0,Bp_N3_s2
single,land,0.005001912338052658,0.014443241378161883,3684744,0.9532598367985692,0.9712817967726619,682229,8926,24525,407071,4062,7974,18430.766476165503,768.6642078077123,irma_s041,irma,mid,0,Bp_N3_s2
single,active,0.008418192607555207,0.022875492939843277,4110456,0.9664208295165054,0.9830188352106897,1156280,10331,29845,850444,5518,9173,34602.61031288095,2150.95302786859,irma_s046,irma,mid,-6,Bp_N3_s2
single,land,0.005715705021565569,0.01593105843133229,3684744,0.9494608765485804,0.970563264410684,737733,9991,29278,442407,5087,8331,21060.909783983603,935.1829523587776,irma_s046,irma,mid,-6,Bp_N3_s2
single,active,0.008481377530649144,0.024396036663304515,4110456,0.9665159926467536,0.9832626844883953,1164039,9922,30405,859876,5190,9447,34862.32915912196,2446.4061420175194,irma_s049,irma,high,-6,Bp_N3_s2
single,land,0.005778103359693027,0.015855031799175075,3684744,0.9496924680806592,0.9710994493593819,745161,9581,29892,450595,4726,8684,21290.83168600872,926.2784391047243,irma_s049,irma,high,-6,Bp_N3_s2
single,active,0.007496090432469666,0.023775229717724156,4110456,0.9725747330010844,0.984825178300738,1056541,8405,21388,792607,4036,8177,30812.349894687533,2323.482722082524,irma_s059,irma,mid,0,Bp_N3_s2
single,land,0.004588084408666422,0.01420165769068587,3684744,0.9563830825966456,0.9718320630146066,636669,8084,20952,381240,3633,7417,16905.916496327147,743.1652621944144,irma_s059,irma,mid,0,Bp_N3_s2
single,active,0.007709296386413075,0.024902739771541452,4110456,0.9704596727401478,0.9840249299279277,1047027,7650,24221,794485,3524,9374,31688.72358730994,2549.084688590999,irma_s063,irma,high,6,Bp_N3_s2
single,land,0.004780274486850478,0.014727714711835736,3684744,0.9526630185434448,0.9700025636665,627079,7325,23834,382149,3122,8696,17614.087733775377,799.2415368047838,irma_s063,irma,high,6,Bp_N3_s2
single,active,0.008025038878289158,0.024200571158263403,4110456,0.9697845580204659,0.9844091175687739,1115260,8974,25774,835848,4474,8764,32986.56920749694,2407.3610828730007,irma_s068,irma,high,0,Bp_N3_s2
single,land,0.005173615992660993,0.015030690885892848,3684744,0.953386553607863,0.9722814254612123,695301,8652,25343,424255,4053,8042,19063.450487261638,832.4635125021239,irma_s068,irma,high,0,Bp_N3_s2
single,active,0.003935262146908625,0.02116729874915942,4110456,0.9858715291991925,0.9880250619497553,558721,3397,4610,490426,2309,3635,16175.72190333344,1841.7084572102115,ian_s005,ian,low,0,Bp_N3_s2
single,land,0.0010980146021564836,0.007498407208660694,3684744,0.9571620426479741,0.9584288961339491,146106,2655,3884,93189,1511,2531,4045.90271720849,207.17882392317614,ian_s005,ian,low,0,Bp_N3_s2
single,active,0.003941036232125544,0.02119145322458591,4110456,0.986012751002243,0.9880596834455824,558310,3378,4542,490293,2284,3641,16199.456026557833,1845.914084380465,ian_s006,ian,low,6,Bp_N3_s2
single,land,0.0010987525217951437,0.007503495350467566,3684744,0.9576539096029603,0.9584676381236805,145708,2629,3814,93072,1504,2529,4048.621762169525,207.46008709321623,ian_s006,ian,low,6,Bp_N3_s2
single,active,0.004253601160184231,0.021413079546227152,4110456,0.9821200870397541,0.9874467846409107,593065,4574,6223,501699,2527,3851,17484.240410486236,1884.72618504294,ian_s024,ian,mid,6,Bp_N3_s2
single,land,0.0014163609797262838,0.008103041328859903,3684744,0.9509251598147045,0.9589598508298964,180439,3816,5496,104401,1744,2724,5218.927621880546,241.93763351865806,ian_s024,ian,mid,6,Bp_N3_s2
single,active,0.004109464500609201,0.018896270264952303,4110456,0.9850689062463065,0.9882611985975231,583411,3884,4959,505378,2410,3593,16891.773013316095,1467.7165364740017,ian_s037,ian,low,-6,Bp_N3_s2
single,land,0.0012599673782852524,0.007565638649000281,3684744,0.9571928438399459,0.9606533171705387,169605,3312,4273,105400,1708,2609,4642.657237332314,210.91064974093365,ian_s037,ian,low,-6,Bp_N3_s2
single,active,0.004205313204463223,0.020791313616848522,4110456,0.984958339841421,0.9880422567741459,586457,3887,5069,509070,2446,3715,17285.75489316508,1776.8626661643523,ian_s041,ian,mid,0,Bp_N3_s2
single,land,0.001311680045619162,0.008006503013079494,3684744,0.9574378260072548,0.9604020901603046,172357,3224,4438,108439,1723,2748,4833.205178014934,236.20716283962443,ian_s041,ian,mid,0,Bp_N3_s2
single,active,0.004284440264228368,0.018988812541254316,4110456,0.9824174253901601,0.9879069928709431,605009,4526,6302,512865,2635,3643,17611.00319073908,1482.1276792983351,ian_s046,ian,mid,-6,Bp_N3_s2
single,land,0.0014476980886611642,0.007899872084685,3684744,0.9524400145449474,0.9608949962963909,191209,3950,5598,112860,1942,2651,5334.396846005693,229.95742600429764,ian_s046,ian,mid,-6,Bp_N3_s2
single,active,0.004396419791140968,0.020924003114073875,4110456,0.981992770031895,0.9876530709714395,609300,4629,6544,516987,2654,3809,18071.29010901414,1799.6147981073289,ian_s049,ian,high,-6,Bp_N3_s2
single,land,0.0015148232693622625,0.008348671014517731,3684744,0.9517772066962827,0.9606060606060606,195180,3976,5913,116339,1933,2838,5581.735952842981,256.8277906275964,ian_s049,ian,high,-6,Bp_N3_s2
single,active,0.004310448389103763,0.02063203731006155,4110456,0.9866617065169603,0.9886726503015401,583492,3382,4506,517058,2354,3570,17717.908443681896,1749.7428707664874,ian_s059,ian,mid,0,Bp_N3_s2
single,land,0.0012854718514686441,0.008188517495895177,3684744,0.9618113069603262,0.9629285436696349,168392,2819,3867,113978,1683,2705,4736.634691867977,247.0687869408347,ian_s059,ian,mid,0,Bp_N3_s2
single,active,0.0044520972932842635,0.022330120393727528,4110456,0.9862633541413549,0.9881563445854058,588528,3352,4845,521709,2382,3871,18300.15003176406,2049.6142548715043,ian_s063,ian,high,6,Bp_N3_s2
single,land,0.001389698376348602,0.008999685952551652,3684744,0.9608549218485577,0.9619087245255927,173172,2800,4255,117905,1720,2949,5120.6827540602535,298.44343504329254,ian_s063,ian,high,6,Bp_N3_s2
single,active,0.004441816527093266,0.020723674744495935,4110456,0.9851051132242196,0.9884931652128461,597549,3817,5218,521958,2405,3671,18257.89139468968,1765.3203947402383,ian_s068,ian,high,0,Bp_N3_s2
single,land,0.0014246315174233587,0.008432988030153373,3684744,0.9588481691902602,0.9632553163900415,182441,3248,4582,118858,1731,2803,5249.402436036617,262.0416275115748,ian_s068,ian,high,0,Bp_N3_s2
single,active,0.004158573248585999,0.01666677964827474,4110456,0.9806104683814445,0.9876206430196103,628587,6295,6134,514100,2715,3729,17093.63236108981,1141.8088135834291,milton_s005,milton,low,0,Bp_N3_s2
single,land,0.0015982415715174287,0.007829213490682618,3684744,0.9486783932932451,0.9570037388053213,210932,5824,5587,110065,2177,2768,5889.111041199416,225.86221968222654,milton_s005,milton,low,0,Bp_N3_s2
single,active,0.0041560671364944835,0.01666292658705968,4110456,0.9810857787103442,0.9882537588164129,626541,6104,5975,513804,2434,3673,17083.33109760657,1141.280943075828,milton_s006,milton,low,6,Bp_N3_s2
single,land,0.0015904067827188033,0.007837384935569854,3684744,0.9497274516846168,0.9596349841791515,208903,5638,5420,109788,1900,2718,5860.241850182414,226.3339359870026,milton_s006,milton,low,6,Bp_N3_s2
single,active,0.0054153664673124505,0.018003390418912378,4110456,0.9758915412058017,0.9866724271735913,850185,7612,13391,616616,3184,5145,22259.625587763265,1332.289493288839,milton_s024,milton,mid,6,Bp_N3_s2
single,land,0.0029036316206545866,0.010104070108082655,3684744,0.9558055861279443,0.9688470253536795,432481,7166,12831,212504,2672,4161,10699.139192417264,376.1837420686635,milton_s024,milton,mid,6,Bp_N3_s2
single,active,0.00507149434434001,0.01744377439403974,4110456,0.9763037266490184,0.9865724049494116,780383,8331,10610,587788,3318,4682,20846.15435665846,1250.7511936836336,milton_s037,milton,low,-6,Bp_N3_s2
single,land,0.00245292583547794,0.009322376123255932,3684744,0.9524106729027093,0.9646695095948827,361657,7967,10104,180972,2836,3792,9038.403754722327,320.2289287956963,milton_s037,milton,low,-6,Bp_N3_s2
single,active,0.005097263382463602,0.017600085922363642,4110456,0.9764974265191079,0.9864051574377496,776916,7968,10731,589383,3211,4912,20952.076854027808,1273.2672825296956,milton_s041,milton,mid,0,Bp_N3_s2
single,land,0.002488433078319132,0.009511930842571441,3684744,0.9524056808528203,0.9639999362830731,357635,7579,10293,181553,2726,4054,9169.238854737952,333.38395041592236,milton_s041,milton,mid,0,Bp_N3_s2
single,active,0.005528567798153097,0.017837697444061072,4110456,0.9763188079779949,0.9867184803787291,876705,7980,13285,637579,3524,5058,22724.93467732519,1307.879071588345,milton_s046,milton,mid,-6,Bp_N3_s2
single,land,0.0029743940877752866,0.010200678975047481,3684744,0.9573716823039486,0.969661816256021,457953,7610,12781,230700,3044,4174,10959.880768565461,383.41180518303327,milton_s046,milton,mid,-6,Bp_N3_s2
single,active,0.00557088695307284,0.018012075243249263,4110456,0.976064015306275,0.9864004665152538,881541,8015,13603,642778,3488,5374,22898.885701579973,1333.5751945701074,milton_s049,milton,high,-6,Bp_N3_s2
single,land,0.0030229049507694734,0.010351805905254675,3684744,0.9569565010361826,0.9689558864177362,462232,7622,13169,234872,3013,4512,11138.630879918113,394.8567451370536,milton_s049,milton,high,-6,Bp_N3_s2
single,active,0.004462881103998184,0.01684711913027962,4110456,0.9814613668608824,0.9884682796378946,655097,6131,6243,547048,2586,3796,18344.47641121596,1166.6519128810996,milton_s059,milton,mid,0,Bp_N3_s2
single,land,0.0017879900624255263,0.008434489480437827,3684744,0.9525839840498321,0.9633333804869079,234590,5778,5899,136198,2187,2997,6588.285654582083,262.1349461549706,milton_s059,milton,mid,0,Bp_N3_s2
single,active,0.004557090800816415,0.017235665559510303,4110456,0.9818328316684812,0.9890557034111722,659233,6003,6195,552985,2336,3783,18731.721224760637,1221.0856306021599,milton_s063,milton,high,6,Bp_N3_s2
single,land,0.0018587304454232155,0.00886694553262075,3684744,0.953541690840779,0.9657140510799047,238312,5712,5899,141114,1954,3056,6848.945856390521,289.7046071270284,milton_s063,milton,high,6,Bp_N3_s2
single,active,0.005304060295885909,0.017944395958849075,4110456,0.9767752781309305,0.9869623287223899,789042,7845,10916,604471,3177,4808,21802.10646758601,1323.5723660218368,milton_s068,milton,high,0,Bp_N3_s2
single,land,0.0026025272773937073,0.009856097156283623,3684744,0.9532153305345822,0.9661375555766246,368514,7514,10573,193613,2796,3990,9589.6467702128,357.9458009841709,milton_s068,milton,high,0,Bp_N3_s2
single,active,0.0039020522027745073,0.01623618087807108,4110456,0.9834994690202308,0.9865463154655619,551040,4126,5119,471286,2805,3622,16039.213889207691,1083.571978455057,dorian_s005,dorian,low,0,Bp_N3_s2
single,land,0.0011447568647950026,0.007221543023174397,3684744,0.9531096762303445,0.9530257039891773,144805,3063,4061,83831,1841,2291,4218.135989012197,192.1619186220235,dorian_s005,dorian,low,0,Bp_N3_s2
single,active,0.003920256411440332,0.016292617027763315,4110456,0.9836074051091116,0.9864870806524894,551609,4110,5083,471163,2796,3658,16114.041487943381,1091.117954023466,dorian_s006,dorian,low,6,Bp_N3_s2
single,land,0.0011632276183075171,0.007260565901746936,3684744,0.9534805912183217,0.9525348874268673,145340,3049,4042,83684,1856,2314,4286.195987192914,194.24429118294728,dorian_s006,dorian,low,6,Bp_N3_s2
single,active,0.0049634974458091265,0.017384404906173757,4110456,0.9726669014513557,0.98523493064656,654563,7667,10727,506728,3127,4467,20402.2378571108,1242.251875696268,dorian_s024,dorian,mid,6,Bp_N3_s2
single,land,0.002288547563601438,0.00946712830383777,3684744,0.9384624113475177,0.9572622729029764,248106,6635,9634,118869,2209,3098,8432.711903695017,330.2507756253968,dorian_s024,dorian,mid,6,Bp_N3_s2
single,active,0.004372745490659718,0.0165000966625249,4110456,0.9788943265311506,0.9856573673095081,593672,5724,7076,489577,3112,4012,17973.97793855518,1119.0847578312362,dorian_s037,dorian,low,-6,Bp_N3_s2
single,land,0.001631630302679675,0.00820007165269548,3684744,0.9448252401551616,0.9527402434709432,186089,4848,6019,99629,2324,2618,6012.139968017116,247.7665165370899,dorian_s037,dorian,low,-6,Bp_N3_s2
single,active,0.004357339472322624,0.016595709685416134,4110456,0.9789863072385441,0.9854545162643312,594137,5671,7082,491051,3201,4047,17910.652178045362,1132.0918440628102,dorian_s041,dorian,mid,0,Bp_N3_s2
single,land,0.0016246394217640568,0.008231658679531328,3684744,0.94498963793734,0.9518442040653949,186042,4799,6031,100490,2428,2656,5986.380361508578,249.67900739869637,dorian_s041,dorian,mid,0,Bp_N3_s2
single,active,0.004837576201649231,0.016985850386328858,4110456,0.9755865051851004,0.9853503984544796,647807,6472,9739,510042,3187,4396,19884.64412352629,1185.9451205708212,dorian_s046,dorian,mid,-6,Bp_N3_s2
single,land,0.0021266487427887893,0.009133956524904925,3684744,0.9437774363045435,0.9570534040601444,240147,5614,8692,119981,2415,2969,7836.156195098534,307.41510336335375,dorian_s046,dorian,mid,-6,Bp_N3_s2
single,active,0.004849217161070453,0.017161080929744943,4110456,0.9756785378922199,0.9853563124217475,650440,6540,9674,512337,3226,4388,19932.49377502501,1210.540384794117,dorian_s049,dorian,high,-6,Bp_N3_s2
single,land,0.0021374007845168432,0.009172926523611652,3684744,0.9441950542813277,0.9571653295579676,242305,5688,8633,121694,2478,2968,7875.774716343731,310.0438705121875,dorian_s049,dorian,high,-6,Bp_N3_s2
single,active,0.004058934431498851,0.016466894683262647,4110456,0.9841874418910092,0.9862193242157041,569504,3816,5334,492012,2949,3926,16684.071387561038,1114.5855786256702,dorian_s059,dorian,mid,0,Bp_N3_s2
single,land,0.0012527420384289918,0.007623312077872551,3684744,0.9559282953724113,0.9550543347017628,160031,3014,4364,98872,2115,2538,4616.033709648997,214.13848131892786,dorian_s059,dorian,mid,0,Bp_N3_s2
single,active,0.004118066229900798,0.016803359298906834,4110456,0.9840909481499304,0.9862906587784265,572613,3902,5355,494464,2926,3947,16927.130043093115,1160.5991050377124,dorian_s063,dorian,high,6,Bp_N3_s2
single,land,0.0012906524841554729,0.007746103734043436,3684744,0.9562071681301502,0.9559376424122741,162691,3088,4363,100687,2081,2560,4755.723997076973,221.09246292729674,dorian_s063,dorian,high,6,Bp_N3_s2
single,active,0.004471208626156094,0.016867740814782633,4110456,0.9792259085011051,0.9854833537603799,602975,5502,7290,500934,3218,4161,18378.706324635074,1169.5097370303195,dorian_s068,dorian,high,0,Bp_N3_s2
single,land,0.0016886854782689805,0.008497117269996999,3684744,0.9460058194977626,0.9541700634459291,193444,4736,6305,107680,2443,2729,6222.373683938757,266.042208545313,dorian_s068,dorian,high,0,Bp_N3_s2
single,active,0.004876710884902783,0.01827026120116409,4110456,0.9691113820959809,0.9811146365311009,618295,7972,11735,458572,3854,4973,20045.505517113954,1372.0802602291387,beryl_s005,beryl,low,0,Bp_N3_s2
single,land,0.002316636268408514,0.00982887910846344,3684744,0.9300261728745497,0.9393494250929997,222798,6341,10422,88885,2372,3367,8536.211590200663,355.9715644312684,beryl_s005,beryl,low,0,Bp_N3_s2
single,active,0.004754622039027449,0.01805149872272567,4110456,0.9697892728266463,0.9813563211423475,606834,7729,11175,453314,3657,4955,19543.66468805261,1339.4192418336868,beryl_s006,beryl,low,6,Bp_N3_s2
single,land,0.002184839228496718,0.009575158317865378,3684744,0.9298753946130374,0.9379349762969438,211489,6101,9848,83691,2187,3351,8050.573238167912,337.8308043367635,beryl_s006,beryl,low,6,Bp_N3_s2
single,active,0.00593120746047596,0.019498055731929607,4110456,0.9630577119363795,0.9789129148720898,741618,10596,17852,531165,4361,7081,24379.967293158174,1562.68922823239,beryl_s024,beryl,mid,6,Bp_N3_s2
single,land,0.0034406559489858915,0.012119846639752924,3684744,0.9311741108978369,0.9503632176286358,345406,9034,16496,160523,2968,5416,12677.93636409007,541.2545612598767,beryl_s024,beryl,mid,6,Bp_N3_s2
single,active,0.005650366869960723,0.018456469231157173,4110456,0.9671122178423983,0.9806844481541905,725486,8844,15827,516958,3957,6225,23225.58440283127,1400.1908965484324,beryl_s037,beryl,low,-6,Bp_N3_s2
single,land,0.003132433433957602,0.011280396540206945,3684744,0.9368398756604821,0.951552811560263,327300,7552,14514,143026,2692,4590,11542.21530117467,468.87389507379004,beryl_s037,beryl,low,-6,Bp_N3_s2
single,active,0.005590295375521324,0.019175375518775146,4110456,0.9668092628986941,0.9808127778857308,709871,8846,15524,509800,3985,5988,22978.663168083876,1511.3942269676154,beryl_s041,beryl,mid,0,Bp_N3_s2
single,land,0.0030744967352031465,0.01128499571485718,3684744,0.9348744665654316,0.9501604113254599,311517,7459,14242,135643,2697,4418,11328.733398059383,469.2563058389702,beryl_s041,beryl,mid,0,Bp_N3_s2
single,active,0.006167989021163853,0.018893084082715263,4110456,0.9633245941029157,0.9794325450854351,787409,10353,19625,562541,4325,7488,25353.247479977086,1467.2216220769433,beryl_s046,beryl,mid,-6,Bp_N3_s2
single,land,0.0037095350986242085,0.01243741315360857,3684744,0.9341806463705636,0.9545687663442253,388749,9073,18317,187988,3102,5845,13668.68719744496,569.9902708918879,beryl_s046,beryl,mid,-6,Bp_N3_s2
single,active,0.006155517652699931,0.01977936285311048,4110456,0.9631873503103768,0.9794250776863298,788234,10491,19635,563237,4395,7437,25301.984468646348,1608.1057287131405,beryl_s049,beryl,high,-6,Bp_N3_s2
single,land,0.0037042255448565702,0.012457123499294124,3684744,0.9340751823452403,0.954716866524598,389571,9181,18314,188611,3123,5823,13649.122851056978,571.7983007944894,beryl_s049,beryl,high,-6,Bp_N3_s2
single,active,0.004935288657259523,0.01787721790579848,4110456,0.9718410243836322,0.9827181657689578,638139,7403,11087,480389,3606,4842,20286.286872964352,1313.6808566948046,beryl_s059,beryl,mid,0,Bp_N3_s2
single,land,0.0023494186828719355,0.00981158201724896,3684744,0.9370359148306568,0.9468920011762976,238128,6119,9882,103037,2425,3354,8657.006395200267,354.71977270696334,beryl_s059,beryl,mid,0,Bp_N3_s2
single,active,0.004849370018757039,0.01844282306819366,4110456,0.9726514193557374,0.9828007243537124,628433,7270,10400,476507,3496,4843,19933.122089819983,1398.1211432000637,beryl_s063,beryl,high,6,Bp_N3_s2
single,land,0.0022451314204582663,0.009640885027407153,3684744,0.9372931194506731,0.9463278729332019,228229,5998,9271,98843,2271,3335,8272.734530745074,342.4846629055408,beryl_s063,beryl,high,6,Bp_N3_s2
single,active,0.005637000910000259,0.018836952129971704,4110456,0.9678403929616795,0.9814069168228966,719178,8601,15296,520867,3870,5998,23170.644212516025,1458.5162492266243,beryl_s068,beryl,high,0,Bp_N3_s2
single,land,0.0030977284435538773,0.011292240466408292,3684744,0.9369945220294352,0.9521652364797446,318833,7361,14078,143139,2722,4469,11414.336296014488,469.859006396275,beryl_s068,beryl,high,0,Bp_N3_s2
single,active,0.006777895923636981,0.021900686112608557,4110456,0.972938392629174,0.9852830916773391,1025048,8980,19531,760876,4273,7092,27860.24296668917,1971.5393304181562,irma_s005,irma,low,0,Bp_N5_s0
single,land,0.004174193625060833,0.013087397087864275,3684744,0.9566816317088945,0.9727559365454724,607953,8486,19042,355410,3652,6302,15380.834914781153,631.1228142726811,irma_s005,irma,low,0,Bp_N5_s0
single,active,0.006727600326566347,0.021895093202550592,4110456,0.9718703678749495,0.9852502158105635,1009715,8176,21049,752141,3857,7403,27653.5051279366,1970.532491260325,irma_s006,irma,low,6,Bp_N5_s0
single,land,0.00415674230100438,0.013084006471344703,3684744,0.9545258370801716,0.9722930248860848,592730,7669,20569,346744,3279,6602,15316.531253172085,630.7958404322828,irma_s006,irma,low,6,Bp_N5_s0
single,active,0.0078412392689103,0.02343290410716803,4110456,0.9670603266121767,0.9839903873116332,1121760,9589,28620,824642,4961,8456,32231.06900032796,2257.055479075132,irma_s024,irma,mid,6,Bp_N5_s0
single,land,0.00531189059410533,0.014877168043210532,3684744,0.9498028484190802,0.9720085355971086,704578,9094,28143,418612,4378,7677,19572.956995286047,815.5448648001121,irma_s024,irma,mid,6,Bp_N5_s0
single,active,0.007602537311289178,0.022206935438152116,4110456,0.9707751330448329,0.9848379778985669,1111090,9560,23889,816605,5185,7387,31249.89510641247,2027.0630796675819,irma_s037,irma,low,-6,Bp_N5_s0
single,land,0.0048910748283722575,0.014559173887449315,3684744,0.9550669941106957,0.9729255583776283,692627,9214,23372,408727,4723,6651,18022.358627395704,781.0535064868365,irma_s037,irma,low,-6,Bp_N5_s0
single,active,0.0075438540940377715,0.02293276786317673,4110456,0.9708237018661555,0.9844850135911329,1102048,9218,23902,816714,4762,8109,31008.680323962122,2161.7374858705957,irma_s041,irma,mid,0,Bp_N5_s0
single,land,0.0048568904757859185,0.014283937173686145,3684744,0.9548518094631211,0.9721575014964597,683291,8845,23463,407648,4278,7397,17896.398039309308,751.8014915545182,irma_s041,irma,mid,0,Bp_N5_s0
single,active,0.008178558612130063,0.02269697473830713,4110456,0.968340677048161,0.9837139083500019,1158608,10363,27517,851307,5784,8310,33617.605318581685,2117.5123515492523,irma_s046,irma,mid,-6,Bp_N5_s0
single,land,0.005484708826754524,0.015529626563097474,3684744,0.9523521493267991,0.9717084764938946,740010,10023,27001,443170,5335,7568,20209.747941130772,888.6471355413285,irma_s046,irma,mid,-6,Bp_N5_s0
single,active,0.008236477073362279,0.024012511476941424,4110456,0.9683104672518523,0.9838596114236597,1166237,9960,28207,860765,5563,8558,33855.67660506442,2370.0918374608896,irma_s049,irma,high,-6,Bp_N5_s0
single,land,0.005550631252665368,0.01545449361903925,3684744,0.9523898733854574,0.9721271688499631,747307,9612,27746,451416,5080,7863,20452.6552044712,880.0693161906149,irma_s049,irma,high,-6,Bp_N5_s0
single,active,0.007403700609922403,0.023726580992686073,4110456,0.9728971489340152,0.9849323390093283,1056649,8156,21280,792840,4185,7944,30432.585594259202,2313.983858920637,irma_s059,irma,mid,0,Bp_N5_s0
single,land,0.0045199623666705765,0.014208823578239275,3684744,0.9568864471066283,0.9719693803704119,636762,7831,20859,381428,3771,7229,16654.904210815206,743.9154256438178,irma_s059,irma,mid,0,Bp_N5_s0
single,active,0.007635789781890264,0.024654768395293077,4110456,0.9709412630911293,0.9841969094802443,1047065,7154,24183,794677,3578,9182,31386.577923709527,2498.5719380786886,irma_s063,irma,high,6,Bp_N5_s0
single,land,0.004703545149079545,0.014730206309312197,3684744,0.9534457305234543,0.9702658460757566,627107,6814,23806,382309,3180,8536,17331.359766799957,799.5119869980633,irma_s063,irma,high,6,Bp_N5_s0
single,active,0.007877210121490893,0.02404642771820038,4110456,0.9706628959335043,0.9846787867370007,1116174,8875,24860,836268,4668,8344,32378.92560714297,2376.791792680091,irma_s068,irma,high,0,Bp_N5_s0
single,land,0.005044988853181749,0.014939306374217696,3684744,0.9547701135238471,0.972733624254086,696205,8542,24439,424642,4248,7655,18589.49240682833,822.371759348017,irma_s068,irma,high,0,Bp_N5_s0
single,active,0.0038616144075796443,0.02041956001323879,4110456,0.9863582872699108,0.9881772168725416,559059,3460,4272,490629,2438,3432,15872.996111322194,1713.8892850064076,ian_s005,ian,low,0,Bp_N5_s0
single,land,0.001107887257532094,0.00770348219587561,3684744,0.9586652342521749,0.9584669132757913,146346,2666,3644,93278,1600,2442,4082.2809248678386,218.6661138455925,ian_s005,ian,low,0,Bp_N5_s0
single,active,0.0038667475238152687,0.020444736538836945,4110456,0.9864770606236657,0.9882839101719434,558639,3445,4213,490511,2392,3423,15894.095559751615,1718.1182084924649,ian_s006,ian,low,6,Bp_N5_s0
single,land,0.0011068677962546862,0.007705310538908041,3684744,0.9590586781801812,0.9587629926932181,145939,2647,3583,93163,1569,2438,4078.5244710426778,218.76992251272375,ian_s006,ian,low,6,Bp_N5_s0
single,active,0.004169519598678719,0.020659489226966622,4110456,0.9830818381918187,0.9877791028562657,593574,4501,5714,501936,2596,3614,17138.62685150653,1754.4022023494806,ian_s024,ian,mid,6,Bp_N5_s0
single,land,0.0014190093230397104,0.008264926971067956,3684744,0.9536847101009834,0.9597076324101962,180852,3700,5083,104516,1779,2609,5228.6860890146345,251.70124362109755,ian_s024,ian,mid,6,Bp_N5_s0
single,active,0.004071725736113456,0.018903451405563782,4110456,0.9851644622434129,0.9884570943706829,583507,3924,4863,505579,2512,3392,16736.649482361972,1468.832299681341,ian_s037,ian,low,-6,Bp_N5_s0
single,land,0.0012694718661156958,0.007739463418756008,3684744,0.9575051791974079,0.961111009893053,169623,3273,4255,105505,1765,2504,4677.678841838613,220.71356420855048,ian_s037,ian,low,-6,Bp_N5_s0
single,active,0.00414765152275173,0.020151298758990768,4110456,0.9852335239822957,0.9881994737209789,586544,3809,4982,509235,2531,3550,17048.739087603986,1669.1527694083663,ian_s041,ian,mid,0,Bp_N5_s0
single,land,0.0013242979299401291,0.008192699003189263,3684744,0.9581322957198444,0.9604004213097778,172368,3105,4427,108507,1794,2680,4879.698851559311,247.32118518488204,ian_s041,ian,mid,0,Bp_N5_s0
single,active,0.004240584107219095,0.018995077290305477,4110456,0.9830294329719441,0.9881949139320817,605322,4461,5989,513054,2675,3454,17430.734387023374,1483.105801508167,ian_s046,ian,mid,-6,Bp_N5_s0
single,land,0.0014524742386058938,0.008047264391992442,3684744,0.954298931249003,0.9616370246132627,191440,3801,5367,112951,1946,2560,5351.995735857636,238.61836239037578,ian_s046,ian,mid,-6,Bp_N5_s0
single,active,0.004328430171552592,0.020271905140432075,4110456,0.9826976678203704,0.987860600341546,609588,4477,6256,517147,2706,3649,17791.82176923938,1689.1924605361382,ian_s049,ian,high,-6,Bp_N5_s0
single,land,0.0015217577389918262,0.008505098576973664,3684744,0.9537651256668961,0.9608895199101896,195395,3774,5698,116406,1967,2771,5607.287698203698,266.5422279522235,ian_s049,ian,high,-6,Bp_N5_s0
single,active,0.004288259338712541,0.020238453416118428,4110456,0.9869605061596053,0.9887576656624203,583722,3436,4276,517231,2484,3397,17626.701328366995,1683.6222116584709,ian_s059,ian,mid,0,Bp_N5_s0
single,land,0.0013038531448134574,0.008387515825657403,3684744,0.9625957381187639,0.9628663560237709,168538,2828,3721,114065,1781,2618,4804.365052232519,259.223294351071,ian_s059,ian,mid,0,Bp_N5_s0
single,active,0.004417655463824298,0.02147295399795542,4110456,0.9864740322196864,0.9881896026086265,588706,3405,4667,521857,2514,3723,18158.578407209367,1895.2809224826021,ian_s063,ian,high,6,Bp_N5_s0
single,land,0.0014063123119286871,0.009195607465013916,3684744,0.9613532466379655,0.9614030512452731,173282,2821,4145,117968,1850,2886,5181.900853505358,311.5789925031908,ian_s063,ian,high,6,Bp_N5_s0
single,active,0.004415403111991445,0.020323254103557436,4110456,0.9854239758368725,0.9884946704784263,597703,3777,5064,522113,2561,3516,18149.320214103907,1697.7607855441656,ian_s068,ian,high,0,Bp_N5_s0
single,land,0.0014411795300209758,0.00862022749485808,3684744,0.9596658008475913,0.9628454145784586,182515,3163,4508,118922,1850,2739,5310.37762616761,273.80714387210185,ian_s068,ian,high,0,Bp_N5_s0
single,active,0.004128707450625523,0.016802116593022647,4110456,0.9813320469649355,0.9877529460349779,628605,5842,6116,514239,2786,3590,16970.870312668383,1160.4274453143505,milton_s005,milton,low,0,Bp_N5_s0
single,land,0.0016153536286403235,0.008006578094932717,3684744,0.9505237914931213,0.9568225875153211,210868,5325,5651,110070,2204,2763,5952.16459101066,236.21159297714055,milton_s005,milton,low,0,Bp_N5_s0
single,active,0.0041239650334945,0.01676761559913545,4110456,0.9818045065655457,0.9884072687271266,626568,5664,5948,513953,2504,3524,16951.376815717667,1155.666759875716,milton_s006,milton,low,6,Bp_N5_s0
single,land,0.0016077789083161487,0.008009359454368448,3684744,0.951614373069177,0.9595690393387043,208847,5143,5476,109815,1936,2691,5924.253685744479,236.37573387455086,milton_s006,milton,low,6,Bp_N5_s0
single,active,0.005367632255336738,0.017986367795033542,4110456,0.9766310970532465,0.9868527579288253,850340,7111,13236,616781,3237,4980,22063.416209742427,1329.7712630417484,milton_s024,milton,mid,6,Bp_N5_s0
single,land,0.0028982297305857256,0.01019172516129177,3684744,0.9571937511063905,0.9691325658269692,432575,6608,12737,212555,2660,4110,10679.234610397369,382.73900855477774,milton_s024,milton,mid,6,Bp_N5_s0
single,active,0.005070434421796672,0.017935660487122335,4110456,0.9766323024054983,0.9866846375663418,780129,7802,10864,587845,3308,4625,20841.79759168066,1322.2840290095126,milton_s037,milton,low,-6,Bp_N5_s0
single,land,0.002465620589298469,0.00942316180224193,3684744,0.9530670591151974,0.9648341687106751,361363,7397,10398,180945,2776,3819,9085.180672693998,327.19044845382973,milton_s037,milton,low,-6,Bp_N5_s0
single,active,0.005082049005146152,0.017801105351238997,4110456,0.9769161204794121,0.9865728001285476,776704,7410,10943,589422,3149,4873,20889.53882549703,1302.5186325778757,milton_s041,milton,mid,0,Bp_N5_s0
single,land,0.0025055881904141038,0.009652486659551878,3684744,0.9532122718761503,0.9641434262948207,357365,6978,10563,181500,2643,4107,9232.451051099226,343.3094361090969,milton_s041,milton,mid,0,Bp_N5_s0
single,active,0.005533914676447043,0.018258006139513987,4110456,0.9767757188441449,0.9867940528361683,876707,7562,13283,637690,3587,4947,22746.91278528981,1370.2401892464952,milton_s046,milton,mid,-6,Bp_N5_s0
single,land,0.0029827188406498293,0.010279724928416903,3684744,0.9581478854230095,0.9698426775499225,457896,7163,12838,230744,3045,4130,10990.555351771414,389.3770116428115,milton_s046,milton,mid,-6,Bp_N5_s0
single,active,0.005562147656345992,0.01817389075786862,4110456,0.9765738038736038,0.9865677780130808,881477,7478,13667,642889,3490,5263,22862.963206913322,1357.6437670756607,milton_s049,milton,high,-6,Bp_N5_s0
single,land,0.003035660027534801,0.010472184251755908,3684744,0.9578490059197108,0.9691996022560827,462120,7055,13281,234902,2983,4482,11185.630072498694,404.093504804431,milton_s049,milton,high,-6,Bp_N5_s0
single,active,0.004492814459208639,0.017300214269107907,4110456,0.9819767406989786,0.988523876371507,654896,5576,6444,547145,2653,3699,18467.516150740907,1230.2488501621276,milton_s059,milton,mid,0,Bp_N5_s0
single,land,0.0018267816603747967,0.008641541384952925,3684744,0.9538011957720626,0.9630022412171859,234348,5210,6141,136208,2246,2987,6731.22276237607,275.16281809964045,milton_s059,milton,mid,0,Bp_N5_s0
single,active,0.004568875590148673,0.01745364609415989,4110456,0.98235574701507,0.9890412722710926,659033,5442,6395,553061,2421,3707,18780.162082780153,1252.1672329100145,milton_s063,milton,high,6,Bp_N5_s0
single,land,0.0018986466778280078,0.009107224731109873,3684744,0.9548382180727337,0.9651460228438548,238087,5137,6124,141114,2040,3056,6996.026954246685,305.6183503515018,milton_s063,milton,high,6,Bp_N5_s0
single,active,0.005322113371059518,0.01835824689373958,4110456,0.9769919573436935,0.9871488593183834,788624,7238,11334,604527,3118,4752,21876.312838751823,1385.3273747416902,milton_s068,milton,high,0,Bp_N5_s0
single,land,0.0026327243504302754,0.010013740754300513,3684744,0.9536206275633535,0.9664584986945821,368068,6882,11019,193600,2716,4003,9700.915253901854,369.4877189496423,milton_s068,milton,high,0,Bp_N5_s0
single,active,0.0038469713089304444,0.01612521457220046,4110456,0.9838022728205421,0.9866966342924229,551371,4290,4788,471492,2941,3416,15812.806298620999,1068.8112302284896,dorian_s005,dorian,low,0,Bp_N5_s0
single,land,0.0011408471184319064,0.007302442746761408,3684744,0.9543919919445596,0.9528926652505311,145017,3081,3849,83886,1911,2236,4203.729574559256,196.4914428354109,dorian_s005,dorian,low,0,Bp_N5_s0
single,active,0.0038664037370354505,0.016190239339079655,4110456,0.9838770922432127,0.9866500053374861,551897,4249,4795,471375,2932,3446,15892.68243931979,1077.4485513864997,dorian_s006,dorian,low,6,Bp_N5_s0
single,land,0.0011582206590923898,0.007335589350694588,3684744,0.9546912826972661,0.9526458276458276,145515,3039,3867,83749,1914,2249,4267.746624266729,198.2792845016506,dorian_s006,dorian,low,6,Bp_N5_s0
single,active,0.0048824542163246045,0.017228834995419936,4110456,0.9734048877342956,0.985573034931102,654973,7578,10317,506963,3189,4232,20069.113228216767,1220.117980016978,dorian_s024,dorian,mid,6,Bp_N5_s0
single,land,0.00226730697617855,0.009493741805530599,3684744,0.9402628570563341,0.9579729751493775,248393,6434,9347,118963,2215,3004,8354.445776632056,332.1101532670742,dorian_s024,dorian,mid,6,Bp_N5_s0
single,active,0.004340119511394531,0.016690758192497136,4110456,0.9797269219352923,0.985930123707812,594126,5672,6622,489746,3146,3843,17839.870286328718,1145.0966242786087,dorian_s037,dorian,low,-6,Bp_N5_s0
single,land,0.0016167157716577615,0.008279948664168743,3684744,0.9471996829542163,0.9534267540293654,186425,4709,5683,99676,2298,2571,5957.183739321306,252.61702057970945,dorian_s037,dorian,low,-6,Bp_N5_s0
single,active,0.00429885850737553,0.01654071706615661,4110456,0.9797815657585291,0.9857402297697286,594505,5554,6714,491219,3227,3879,17670.26874479279,1124.6015290338735,dorian_s041,dorian,mid,0,Bp_N5_s0
single,land,0.0016125638316393926,0.008286915057607131,3684744,0.9471457698819868,0.9525957656513581,186278,4600,5795,100516,2372,2630,5941.884903250262,253.0422816407445,dorian_s041,dorian,mid,0,Bp_N5_s0
single,active,0.004796320010454113,0.017144830031287354,4110456,0.9766360067606449,0.9856981681754781,648332,6296,9214,510223,3188,4215,19715.06236489117,1208.248797864863,dorian_s046,dorian,mid,-6,Bp_N5_s0
single,land,0.0021065685095386154,0.00918791853664075,3684744,0.9463960437329598,0.958051334440046,240554,5340,8285,120040,2346,2910,7762.165676111355,311.05815535862246,dorian_s046,dorian,mid,-6,Bp_N5_s0
single,active,0.004777411520885463,0.017065133035044564,4110456,0.9765955084501633,0.9857172256874522,650897,6382,9217,512501,3202,4224,19637.339850492775,1197.0419219775615,dorian_s049,dorian,high,-6,Bp_N5_s0
single,land,0.002118206250471604,0.009209600739349873,3684744,0.9463791913195758,0.9582106704869255,242645,5455,8293,121733,2380,2929,7805.04777218774,312.5279951058721,dorian_s049,dorian,high,-6,Bp_N5_s0
single,active,0.004042775804908649,0.01655007200423097,4110456,0.9845160264827434,0.9865302318123051,569830,3954,5008,492175,2957,3763,16617.652063941583,1125.8739711756994,dorian_s059,dorian,mid,0,Bp_N5_s0
single,land,0.001249887923795828,0.007716383053901989,3684744,0.9570807505344752,0.9559636574521554,160267,3059,4128,98904,2050,2506,4605.517027879134,219.399118099038,dorian_s059,dorian,mid,0,Bp_N5_s0
single,active,0.004091324718335881,0.016772734385187817,4110456,0.9842300508769006,0.9865753605004418,572815,4025,5153,494587,2906,3824,16817.21023643203,1156.3724671135665,dorian_s063,dorian,high,6,Bp_N5_s0
single,land,0.0012860878811921524,0.007844114096686816,3684744,0.95676625452494,0.9566787346655644,162811,3114,4243,100678,1990,2569,4738.904603695497,226.72276245713718,dorian_s063,dorian,high,6,Bp_N5_s0
single,active,0.00443387294092756,0.016905344529339252,4110456,0.9799262011797417,0.9858408437653086,603368,5463,6897,501096,3198,3999,18225.239633273333,1174.7299892719518,dorian_s068,dorian,high,0,Bp_N5_s0
single,land,0.0016775796318393701,0.008553910302867966,3684744,0.9480627513921375,0.9552751073113626,193748,4613,6001,107713,2347,2696,6181.451482942328,269.6104393534909,dorian_s068,dorian,high,0,Bp_N5_s0
single,active,0.004754332839885898,0.017882209542428983,4110456,0.9701887673770849,0.9818920884857302,618962,7951,11068,458956,3875,4589,19542.47594770603,1314.4145651491424,beryl_s005,beryl,low,0,Bp_N5_s0
single,land,0.0022629667820256104,0.009678907829893122,3684744,0.9328220743581068,0.9419905273396203,223326,6189,9894,89101,2336,3151,8338.453272268176,345.1914488309665,beryl_s005,beryl,low,0,Bp_N5_s0
single,active,0.004625674077177173,0.017683883550955036,4110456,0.9709573077377928,0.9820754002186455,607561,7725,10448,453655,3666,4614,19013.629764577374,1285.420721094038,beryl_s006,beryl,low,6,Bp_N5_s0
single,land,0.0021252105189033055,0.009421501110959456,3684744,0.9329810729715698,0.9402841157541849,212061,5957,9276,83863,2147,3179,7830.856708265841,327.07513377344577,beryl_s006,beryl,low,6,Bp_N5_s0
single,active,0.005736670313474659,0.01892685665923717,4110456,0.9643546517439091,0.9798349276080719,742907,10897,16563,531728,4425,6518,23580.33091004379,1472.4718123389334,beryl_s024,beryl,mid,6,Bp_N5_s0
single,land,0.003332184330528758,0.01184489157089117,3684744,0.9337795634166781,0.9524872279085738,346534,9207,15368,160897,2984,5042,12278.246218809858,516.974949389112,beryl_s024,beryl,mid,6,Bp_N5_s0
single,active,0.005520958086922005,0.018314146777738866,4110456,0.9682801826118831,0.9815784481123127,726428,8912,14885,517390,3917,5793,22693.655294137076,1378.679711763195,beryl_s037,beryl,low,-6,Bp_N5_s0
single,land,0.003066287295511682,0.01110864004287275,3684744,0.9392446304747399,0.9535851216784706,328065,7472,13749,143259,2616,4357,11298.483714412898,454.704350191595,beryl_s037,beryl,low,-6,Bp_N5_s0
single,active,0.005447606238113635,0.01878913832313048,4110456,0.9682017738026968,0.981663591357837,710785,8734,14610,510201,3943,5587,22392.14574709162,1451.1213472485824,beryl_s041,beryl,mid,0,Bp_N5_s0
single,land,0.0030089286001274682,0.011113707645068414,3684744,0.9377426998585471,0.9522451239426156,312243,7214,13516,135873,2626,4188,11087.131605748087,455.1193040185013,beryl_s041,beryl,mid,0,Bp_N5_s0
single,active,0.005978298108571956,0.018558987642851296,4110456,0.9649143407922773,0.9803628007381359,788858,10508,18176,563140,4391,6889,24573.531330168247,1415.7891145922351,beryl_s046,beryl,mid,-6,Bp_N5_s0
single,land,0.003598371806236938,0.012160858546650957,3684744,0.9371353741169686,0.9564299131847489,390017,9114,17049,188388,3137,5445,13259.07892280072,544.9238220412122,beryl_s046,beryl,mid,-6,Bp_N5_s0
single,active,0.005955309889048616,0.01925725995812086,4110456,0.9649795794665487,0.9805010294649564,789637,10425,18232,563843,4382,6831,24479.039265299216,1524.3299750788499,beryl_s049,beryl,high,-6,Bp_N5_s0
single,land,0.0035963059462286516,0.012180436647079695,3684744,0.9374173877372816,0.9569679601425793,390769,8972,17116,189005,3070,5429,13251.466757530347,546.6798100888789,beryl_s049,beryl,high,-6,Bp_N5_s0
single,active,0.004817441469396479,0.017634083293976786,4110456,0.9728162201021067,0.9832779682373445,638720,7342,10506,480701,3645,4530,19801.881192529574,1278.191070941215,beryl_s059,beryl,mid,0,Bp_N5_s0
single,land,0.002301466660056586,0.009678567680879152,3684744,0.939384154985037,0.9488900124097992,238566,5950,9444,103225,2394,3166,8480.315466843545,345.1671869060035,beryl_s059,beryl,mid,0,Bp_N5_s0
single,active,0.004710622721732634,0.01798557851613997,4110456,0.9737992618463749,0.9833511399684018,629012,7103,9821,476766,3488,4584,19362.807430282235,1329.6545593943279,beryl_s063,beryl,high,6,Bp_N5_s0
single,land,0.0021880165696637004,0.009494914014648392,3684744,0.9401147875279569,0.9478301678974035,228666,5732,8834,98962,2231,3216,8062.280926968902,332.1921707880231,beryl_s063,beryl,high,6,Bp_N5_s0
single,active,0.00549557326138222,0.01849466380062517,4110456,0.9691564909333678,0.9821962930300221,720029,8470,14445,521228,3811,5637,22589.312085688114,1405.992117174046,beryl_s068,beryl,high,0,Bp_N5_s0
single,land,0.0030352032793740345,0.011129721898673194,3684744,0.9397096795064082,0.9544341204973243,319537,7127,13374,143398,2636,4210,11183.947072453797,456.431853759911,beryl_s068,beryl,high,0,Bp_N5_s0
single,active,0.006731770635377109,0.021897326760153404,4110456,0.972932074021717,0.9852535898421674,1025485,9436,19094,761135,4559,6833,27670.64699880965,1970.934546851398,irma_s005,irma,low,0,Bp_N5_s1
single,land,0.0041944539472434945,0.013155788388437497,3684744,0.956698683473918,0.9727705643098822,608380,8921,18615,355642,3885,6070,15455.489015381783,637.7362133865242,irma_s005,irma,low,0,Bp_N5_s1
single,active,0.0066627608095033595,0.021916942283042137,4110456,0.9720998658730663,0.9852281640418865,1010317,8550,20447,752402,4139,7142,27386.985145987943,1974.4672363227244,irma_s006,irma,low,6,Bp_N5_s1
single,land,0.0041602717672260345,0.013093572305555886,3684744,0.9549565354548688,0.9723046571780063,593325,8012,19974,346964,3501,6382,15329.536432655528,631.7185385724774,irma_s006,irma,low,6,Bp_N5_s1
single,active,0.007788763164381804,0.023266342946437955,4110456,0.9669633493867724,0.9838655814974191,1122160,10119,28220,824928,5358,8170,32015.368281612173,2225.0831981138217,irma_s024,irma,mid,6,Bp_N5_s1
single,land,0.0053356490211228,0.014949945266005448,3684744,0.9496948036464599,0.9718808876349225,704967,9588,27754,418869,4699,7420,19660.50071668811,823.5434656163739,irma_s024,irma,mid,6,Bp_N5_s1
single,active,0.007649074271639461,0.022376505662010385,4110456,0.970704598809424,0.9845339389096011,1111449,10013,23530,816792,5631,7200,31441.183234306052,2058.1382260391224,irma_s037,irma,low,-6,Bp_N5_s1
single,land,0.00495128272901064,0.0147373061099728,3684744,0.9549891958635592,0.9723807621330594,692986,9649,23013,408890,5126,6488,18244.20932802558,800.2828850547753,irma_s037,irma,low,-6,Bp_N5_s1
single,active,0.007498281087161851,0.022760859430464672,4110456,0.9708647758591844,0.9844548536565972,1102582,9720,23368,817131,5211,7692,30821.354484410957,2129.4493613401996,irma_s041,irma,mid,0,Bp_N5_s1
single,land,0.004889227922577166,0.014377261904227518,3684744,0.9549378069676865,0.9721377128385703,683809,9323,22945,408048,4698,6997,18015.553252348676,761.6574399453159,irma_s041,irma,mid,0,Bp_N5_s1
single,active,0.008237671387134148,0.022925280667194414,4110456,0.9681770675382028,0.9834355211811213,1158876,10842,27249,851546,6272,8071,33860.58577927388,2160.326168215325,irma_s046,irma,mid,-6,Bp_N5_s1
single,land,0.0055606679801892605,0.015723743637319505,3684744,0.9521306971647296,0.971241506507844,740274,10481,26737,443397,5788,7341,20489.637975994498,911.0017875421796,irma_s046,irma,mid,-6,Bp_N5_s1
single,active,0.008192362613519352,0.02365641815103401,4110456,0.9681483042970203,0.983698520893268,1166549,10484,27895,860990,5935,8333,33674.3460589163,2300.3185416279084,irma_s049,irma,high,-6,Bp_N5_s1
single,land,0.0056008035394091715,0.015554936459988476,3684744,0.9521389662607668,0.9718361383145151,747590,10116,27463,451621,5430,7658,20637.527237016708,891.5460971423594,irma_s049,irma,high,-6,Bp_N5_s1
single,active,0.00733239730172852,0.023369067027886235,4110456,0.9730965929222679,0.9850630610045055,1057358,8662,20571,793224,4468,7560,30139.496483273804,2244.7746649902324,irma_s059,irma,mid,0,Bp_N5_s1
single,land,0.004530742206803754,0.014201258744367543,3684744,0.9572586554864131,0.972211752961669,637473,8315,20148,381772,4027,6885,16694.62516206689,743.123509479712,irma_s059,irma,mid,0,Bp_N5_s1
single,active,0.007439173526088824,0.024279657632682597,4110456,0.9710732159406859,0.9844026826692485,1047788,7752,23460,795105,3844,8754,30578.395455352962,2423.121107074051,irma_s063,irma,high,6,Bp_N5_s1
single,land,0.004658856791457919,0.014525268445409523,3684744,0.9537159124052109,0.9706842456354833,627835,7391,23078,382701,3414,8144,17166.694609183818,777.4199035139139,irma_s063,irma,high,6,Bp_N5_s1
single,active,0.007822808437344479,0.02376486874231523,4110456,0.9708055590081817,0.9847198242126585,1116905,9459,24129,836680,5051,7932,32155.309878133237,2321.4580685129986,irma_s068,irma,high,0,Bp_N5_s1
single,land,0.005070765602503588,0.014967748724349613,3684744,0.955054486055078,0.972744647005642,696930,9084,23714,424997,4608,7300,18684.473129231483,825.506101833888,irma_s068,irma,high,0,Bp_N5_s1
single,active,0.0038797541693792823,0.021261457188765563,4110456,0.9858619102294794,0.9880011358441396,558963,3648,4368,490589,2486,3472,15947.558804050088,1858.1298335558874,ian_s005,ian,low,0,Bp_N5_s1
single,land,0.001118212555926847,0.007737796445989901,3684744,0.9572094179852632,0.9577674590618643,146275,2824,3715,93231,1622,2489,4120.327006176114,220.6184971844071,ian_s005,ian,low,0,Bp_N5_s1
single,active,0.0038866864081391816,0.021296180139789688,4110456,0.9860063939499323,0.988075860012732,558546,3621,4306,490469,2454,3465,15976.053466454148,1864.2039643691694,ian_s006,ian,low,6,Bp_N5_s1
single,land,0.0011180926561242075,0.007741086354041812,3684744,0.9576732429504645,0.9580872821546882,145868,2793,3654,93128,1601,2473,4119.885206097737,220.8061394606059,ian_s006,ian,low,6,Bp_N5_s1
single,active,0.004194440204423259,0.021521567904006608,4110456,0.9825149296110437,0.9875032466765837,593440,4713,5848,501861,2662,3689,17241.061904912814,1903.872316657795,ian_s024,ian,mid,6,Bp_N5_s1
single,land,0.0014324974084693385,0.008310186622534799,3684744,0.9521496567819155,0.9587009005204843,180738,3886,5197,104438,1812,2687,5278.386230872944,254.46547911386256,ian_s024,ian,mid,6,Bp_N5_s1
single,active,0.00409863818554239,0.01929934067351401,4110456,0.9850291011721493,0.9883724112585086,583547,4046,4823,505594,2571,3377,16847.271921591833,1530.9991461119648,ian_s037,ian,low,-6,Bp_N5_s1
single,land,0.001280875834811668,0.007793641280711612,3684744,0.9573506511092554,0.9609418408707929,169677,3358,4201,105497,1776,2512,4719.699547067285,223.81446200356913,ian_s037,ian,low,-6,Bp_N5_s1
single,active,0.004149477442299635,0.02081009550887832,4110456,0.9850785872268676,0.9881796185734437,586568,3927,4958,509289,2596,3496,17056.244449565187,1780.0743840085408,ian_s041,ian,mid,0,Bp_N5_s1
single,land,0.0013335703424347373,0.00822858150389356,3684744,0.9577601724482766,0.9603989309923718,172393,3201,4402,108527,1815,2660,4913.8653178643435,249.49237124580475,ian_s041,ian,mid,0,Bp_N5_s1
single,active,0.004268119321471944,0.01939839298077114,4110456,0.9828395161944963,0.988160028348143,605380,4639,5931,513110,2750,3398,17543.91667366028,1546.754934200239,ian_s046,ian,mid,-6,Bp_N5_s1
single,land,0.001465632862659279,0.008108024994364032,3684744,0.953943403087376,0.9616867695503026,191507,3946,5300,112978,1968,2533,5400.481896886602,242.2353259467763,ian_s046,ian,mid,-6,Bp_N5_s1
single,active,0.004334309444418368,0.02094268814139715,4110456,0.9824911440387052,0.9877616267410747,609622,4642,6222,517191,2803,3605,17815.98826166615,1802.830326737011,ian_s049,ian,high,-6,Bp_N5_s1
single,land,0.0015330763076801396,0.008550177826768025,3684744,0.9532510609238574,0.9606406416318043,195426,3917,5667,116421,2014,2756,5648.993726266548,269.37520308511273,ian_s049,ian,high,-6,Bp_N5_s1
single,active,0.004272265139732839,0.020704555901011664,4110456,0.9866007663949182,0.9886325841708686,583674,3603,4324,517215,2534,3413,17560.957877205685,1762.0646675464468,ian_s059,ian,mid,0,Bp_N5_s1
single,land,0.0013121953883530196,0.008415879660912685,3684744,0.9616003652759546,0.9625653102394638,168482,2951,3777,114038,1790,2645,4835.104084061459,260.97947555096215,ian_s059,ian,mid,0,Bp_N5_s1
single,active,0.004394705415739585,0.02217522011931895,4110456,0.986186563476309,0.9881549026698804,588709,3582,4664,521895,2571,3685,18064.24324435927,2021.2772255850464,ian_s063,ian,high,6,Bp_N5_s1
single,land,0.001414544217986018,0.009206316226932503,3684744,0.9605330258752578,0.9617516177932811,173284,2977,4143,118005,1844,2849,5212.233319958672,312.3051148608161,ian_s063,ian,high,6,Bp_N5_s1
single,active,0.004400160000038667,0.02079231135899359,4110456,0.9851673962920963,0.9884537620403465,597705,3937,5062,522125,2595,3504,18086.66407311894,1777.0332078952745,ian_s068,ian,high,0,Bp_N5_s1
single,land,0.0014485709209285254,0.008648164577352478,3684744,0.9590081237585782,0.9628921905995709,182505,3283,4518,118922,1844,2739,5337.613009465858,275.5847693703072,ian_s068,ian,high,0,Bp_N5_s1
single,active,0.004075470319819862,0.016683534876941193,4110456,0.9810035685629276,0.9876965573411501,628425,5873,6296,514181,2757,3648,16752.04142892547,1144.1057041125769,milton_s005,milton,low,0,Bp_N5_s1
single,land,0.0016126633415299214,0.00799034117720724,3684744,0.9496477460706672,0.9567879757845661,210686,5338,5833,110000,2135,2833,5942.251571722329,235.25451513097488,milton_s005,milton,low,0,Bp_N5_s1
single,active,0.0040700837838096955,0.01665407029747354,4110456,0.9815001950563783,0.9883001124989182,626469,5761,6047,513921,2528,3556,16729.900309663266,1140.06809148902,milton_s006,milton,low,6,Bp_N5_s1
single,land,0.0016054509455516587,0.00799323956606472,3684744,0.9507670304443675,0.9592123892258482,208739,5225,5584,109755,1916,2751,5915.675738915801,235.4252169114891,milton_s006,milton,low,6,Bp_N5_s1
single,active,0.005310334073482939,0.017868077366996988,4110456,0.9764596865961104,0.9868871972584067,850388,7313,13188,616842,3277,4919,21827.894554352388,1312.3378422332787,milton_s024,milton,mid,6,Bp_N5_s1
single,land,0.002902268590359967,0.010179233994253644,3684744,0.9568674549564494,0.9692567921835747,432617,6806,12695,212590,2668,4075,10694.116774717346,381.8013994534931,milton_s024,milton,mid,6,Bp_N5_s1
single,active,0.005003392893071342,0.01755196697310609,4110456,0.976477317100033,0.9866914377107259,780221,8023,10772,587927,3387,4543,20566.226337682456,1266.3145290331279,milton_s037,milton,low,-6,Bp_N5_s1
single,land,0.002465186174208274,0.00941899311070898,3684744,0.9527363118507174,0.9650201263561965,361431,7600,10330,181004,2801,3760,9083.579964296892,326.901022381772,milton_s037,milton,low,-6,Bp_N5_s1
single,active,0.004995463989632699,0.017470148519200257,4110456,0.9766297972285684,0.9866210772426097,776742,7682,10905,589513,3212,4782,20533.634928969666,1254.5362009294936,milton_s041,milton,mid,0,Bp_N5_s1
single,land,0.002499738893839144,0.009614116436874888,3684744,0.952666538723985,0.9644171779141104,357410,7240,10518,181566,2658,4041,9210.897890640423,340.58543806956374,milton_s041,milton,mid,0,Bp_N5_s1
single,active,0.005474290713354614,0.01794570147174224,4110456,0.9766060834206683,0.9867279982299871,876878,7893,13112,637745,3686,4892,22501.831108452752,1323.7649613757835,milton_s046,milton,mid,-6,Bp_N5_s1
single,land,0.002990123549169119,0.010293751838106399,3684744,0.9578381656402589,0.9697352994322742,458043,7471,12691,230765,3093,4109,11017.839807059616,390.4403635434645,milton_s046,milton,mid,-6,Bp_N5_s1
single,active,0.005478510797305573,0.01788615013439263,4110456,0.9764553305822651,0.9864995281969452,881663,7778,13481,642956,3603,5196,22519.177577849478,1314.993927800621,milton_s049,milton,high,-6,Bp_N5_s1
single,land,0.0030370482930840506,0.010450052254423001,3684744,0.9576707958735551,0.9690389961804038,462306,7339,13095,234928,3050,4456,11190.745475651696,402.3872808432483,milton_s049,milton,high,-6,Bp_N5_s1
single,active,0.004391587564391732,0.016843315862904402,4110456,0.9816883146084259,0.988579945799458,654899,5775,6441,547179,2656,3665,18051.42745357938,1166.1252248125022,milton_s059,milton,mid,0,Bp_N5_s1
single,land,0.0018114915676234401,0.008595787199560535,3684744,0.9530942426263646,0.9632817306808297,234343,5387,6146,136209,2206,2986,6674.882684851065,272.2567344680339,milton_s059,milton,mid,0,Bp_N5_s1
single,active,0.004460828972725954,0.017131439811190703,4110456,0.982084023144885,0.9891682806053745,659054,5649,6374,553134,2423,3634,18336.041215915233,1206.3622350391706,milton_s063,milton,high,6,Bp_N5_s1
single,land,0.0018813413162207108,0.009021267437169498,3684744,0.954137962818247,0.9656710495710592,238087,5320,6124,141156,2004,3014,6932.2611268963665,299.87650173112416,milton_s063,milton,high,6,Bp_N5_s1
single,active,0.0052111984389575814,0.01785967277966542,4110456,0.9768158942759209,0.9872354390450581,788814,7578,11144,604659,3198,4620,21420.401890603825,1311.1035668523061,milton_s068,milton,high,0,Bp_N5_s1
single,land,0.0026192804022765886,0.00996105521490464,3684744,0.9532861491943835,0.9666914542668776,368243,7201,10844,193695,2766,3908,9651.377746606246,365.60995737331183,milton_s068,milton,high,0,Bp_N5_s1
single,active,0.0039177846030400846,0.016557068849534808,4110456,0.9834161692349959,0.9865725328049115,551250,4387,4909,471484,2993,3424,16103.881228273734,1126.8261399878224,dorian_s005,dorian,low,0,Bp_N5_s1
single,land,0.0011687465604926163,0.007472355390987613,3684744,0.9532793895138477,0.9527747798920762,144908,3144,3958,83868,1903,2254,4306.531876295805,205.7417163634389,dorian_s005,dorian,low,0,Bp_N5_s1
single,active,0.003938794911778381,0.016626704938016698,4110456,0.9835529951124214,0.9865197463426885,551787,4322,4905,471369,2989,3452,16190.243177888915,1136.3245332406168,dorian_s006,dorian,low,6,Bp_N5_s1
single,land,0.001186769616685297,0.00750493034198793,3684744,0.9538373748040483,0.9526528940662541,145423,3079,3959,83742,1906,2256,4372.942224463448,207.53944529062946,dorian_s006,dorian,low,6,Bp_N5_s1
single,active,0.004960965757381498,0.017639864226757368,4110456,0.9727939679525187,0.9854301365815349,654631,7649,10659,506923,3223,4272,20391.831463223323,1279.0292600002972,dorian_s024,dorian,mid,6,Bp_N5_s1
single,land,0.0023059333182886715,0.009627043367927647,3684744,0.9389809978045273,0.9579027074052892,248060,6440,9680,118915,2174,3052,8496.773958964273,341.50194129854543,dorian_s024,dorian,mid,6,Bp_N5_s1
single,active,0.0043975746890589544,0.016927136836300743,4110456,0.9792210747071858,0.9858494554385683,593925,5780,6823,489701,3141,3888,18076.037266090512,1177.7605784120642,dorian_s037,dorian,low,-6,Bp_N5_s1
single,land,0.0016511510233404518,0.008437288854078262,3684744,0.9459309826389947,0.9535618234545332,186233,4770,5875,99631,2236,2616,6084.0688263475895,262.3089781304988,dorian_s037,dorian,low,-6,Bp_N5_s1
single,active,0.00436223838719746,0.016791658514702767,4110456,0.9792360117850999,0.9856493892161742,594267,5649,6952,491224,3278,3874,17930.78895208612,1158.9833338885703,dorian_s041,dorian,mid,0,Bp_N5_s1
single,land,0.0016457545575598923,0.00844371805028968,3684744,0.9458363195535157,0.9527081457612662,186081,4664,5992,100525,2369,2621,6064.184231441468,262.7088882077476,dorian_s041,dorian,mid,0,Bp_N5_s1
single,active,0.004855524387524396,0.017375553290136816,4110456,0.9759591925252562,0.9854946481452506,648033,6450,9513,510162,3233,4276,19958.41935184598,1240.9871631813346,dorian_s046,dorian,mid,-6,Bp_N5_s1
single,land,0.00214730489721598,0.009330810596070122,3684744,0.9448866272896725,0.9574252447948671,240279,5455,8560,119974,2359,2976,7912.268836187199,320.80864881856826,dorian_s046,dorian,mid,-6,Bp_N5_s1
single,active,0.004843137733656851,0.01732037512436727,4110456,0.9760649269796503,0.9855076365678329,650640,6481,9474,512462,3273,4263,19907.504556136206,1233.1178690844388,dorian_s049,dorian,high,-6,Bp_N5_s1
single,land,0.002158190395701944,0.00935180565050903,3684744,0.94523710182452,0.9577597808891932,242407,5513,8531,121692,2397,2970,7952.379111420363,322.2539621833846,dorian_s049,dorian,high,-6,Bp_N5_s1
single,active,0.004080294765226671,0.01670118900242667,4110456,0.9841714041897497,0.9864852947660832,569726,4051,5112,492195,3000,3743,16771.87209949456,1146.5283168791634,dorian_s059,dorian,mid,0,Bp_N5_s1
single,land,0.0012789612014286673,0.007882449012294042,3684744,0.9560231614135626,0.9558331883973951,160153,3125,4242,98923,2084,2487,4712.644613197073,228.94420791114308,dorian_s059,dorian,mid,0,Bp_N5_s1
single,active,0.004125145151081202,0.016942252290637408,4110456,0.9839981172234543,0.9864516913945404,572804,4151,5164,494598,2980,3813,16956.22763713263,1179.8649313133728,dorian_s063,dorian,high,6,Bp_N5_s1
single,land,0.0013145320200527567,0.007989378514413944,3684744,0.9561050096904916,0.9564936545330193,162796,3216,4258,100692,2025,2555,4843.713973697275,235.19783241336825,dorian_s063,dorian,high,6,Bp_N5_s1
single,active,0.004475918451078963,0.017062263846321035,4110456,0.9796242164409367,0.9858780292984658,603233,5515,7032,501108,3191,3987,18398.06585274823,1196.6394345841459,dorian_s068,dorian,high,0,Bp_N5_s1
single,land,0.001708793692109696,0.008707120367002235,3684744,0.9471346242282516,0.9555937976794522,193600,4657,6149,107726,2323,2683,6296.46730423905,279.35497926999716,dorian_s068,dorian,high,0,Bp_N5_s1
single,active,0.004836029710020389,0.018215419552666413,4110456,0.9692636925898925,0.9813282269624939,618240,7815,11790,458663,3845,4882,19878.28733773157,1363.855505449733,beryl_s005,beryl,low,0,Bp_N5_s1
single,land,0.0023086470629768542,0.009832884928717076,3684744,0.9306243598586986,0.9406814645454257,222610,5985,10610,88869,2221,3383,8506.773413421586,356.2617803685659,beryl_s005,beryl,low,0,Bp_N5_s1
single,active,0.004708831303309434,0.018042144195028177,4110456,0.9699666384790855,0.9814828043788384,606783,7562,11226,453395,3680,4874,19355.443883676082,1338.031391652739,beryl_s006,beryl,low,6,Bp_N5_s1
single,land,0.0021700509904718822,0.009576968797080568,3684744,0.9304590994164923,0.9387885657848958,211284,5738,10053,83647,2059,3395,7996.082366835326,337.9585710960159,beryl_s006,beryl,low,6,Bp_N5_s1
single,active,0.0058455794832294045,0.019328498985685894,4110456,0.9635621222645625,0.9792327352533072,742150,10745,17320,531411,4435,6835,24027.997260317206,1535.6288456311113,beryl_s024,beryl,mid,6,Bp_N5_s1
single,land,0.003395044036147067,0.012025729109922835,3684744,0.9323114670117825,0.9515040956177186,345785,8988,16117,160651,2900,5288,12509.868141928688,532.8808996549095,beryl_s024,beryl,mid,6,Bp_N5_s1
single,active,0.005605414661222586,0.018649914637051804,4110456,0.9674857880310157,0.9809717136840508,725684,8759,15629,517080,3927,6103,23040.810326710343,1429.6959942419835,beryl_s037,beryl,low,-6,Bp_N5_s1
single,land,0.0031120456081862053,0.011252624492492334,3684744,0.9376562961010837,0.9522804447699581,327333,7283,14481,143023,2574,4593,11467.091382490471,466.56802599706634,beryl_s037,beryl,low,-6,Bp_N5_s1
single,active,0.00552998556011907,0.019049028064246507,4110456,0.9673004071613539,0.9810986414648553,710102,8712,15293,509927,3963,5861,22730.762325504795,1491.5425491453816,beryl_s041,beryl,mid,0,Bp_N5_s1
single,land,0.0030600089944701012,0.011262437283936635,3684744,0.9359683746973547,0.9510509120991602,311582,7139,14177,135656,2577,4405,11275.34978231974,467.3821171440681,beryl_s041,beryl,mid,0,Bp_N5_s1
single,active,0.006085549660096007,0.019002515612563897,4110456,0.9642017386538523,0.9799175811261823,788152,10380,18882,562848,4354,7181,25014.384113639593,1484.2675739729896,beryl_s046,beryl,mid,-6,Bp_N5_s1
single,land,0.003660543141307064,0.012340992469562922,3684744,0.9358826739230246,0.9558342476329797,389330,8937,17736,188177,3039,5656,13488.164376672357,561.1868617437309,beryl_s046,beryl,mid,-6,Bp_N5_s1
single,active,0.006058731291028541,0.019641321395450054,4110456,0.9641810998507903,0.9799316273796523,789000,10442,18869,563543,4410,7131,24904.14838759601,1585.737906681795,beryl_s049,beryl,high,-6,Bp_N5_s1
single,land,0.0036549726476120255,0.012351251406726898,3684744,0.9360049324783064,0.9558995548938886,390154,8944,17731,188772,3047,5662,13467.638533452526,562.1202670120622,beryl_s049,beryl,high,-6,Bp_N5_s1
single,active,0.004879886739035609,0.017843019816953968,4110456,0.9720863340041835,0.9828500009205033,638059,7155,11167,480479,3632,4752,20058.559725789353,1308.6596721839733,beryl_s059,beryl,mid,0,Bp_N5_s1
single,land,0.002345425265001792,0.009832548061706286,3684744,0.9377096216071351,0.9475901398086829,237926,5721,10084,103022,2329,3369,8642.291672663763,356.23737028218574,beryl_s059,beryl,mid,0,Bp_N5_s1
single,active,0.004781174567198164,0.018556071047366,4110456,0.9729034176162626,0.9830009281220996,628302,6968,10531,476608,3500,4742,19652.8076867871,1415.3441593225755,beryl_s063,beryl,high,6,Bp_N5_s1
single,land,0.002232499021826106,0.009655161802909935,3684744,0.9380124995371304,0.9470904542361185,227983,5549,9517,98809,2151,3369,8226.187375679612,343.49975581751056,beryl_s063,beryl,high,6,Bp_N5_s1
single,active,0.005567251234789845,0.018685934213357954,4110456,0.9683453992800817,0.9817016986838263,719347,8388,15127,520994,3840,5871,22883.941241549328,1435.223823667285,beryl_s068,beryl,high,0,Bp_N5_s1
single,land,0.0030862200669439753,0.011280558555073213,3684744,0.9381213096523461,0.9531579753273816,318874,6996,14037,143171,2599,4437,11371.930874351412,468.88736358735815,beryl_s068,beryl,high,0,Bp_N5_s1
single,active,0.006972004112210613,0.022342199051937527,4110456,0.9713114715162063,0.9845784131466955,1022384,8002,22195,760001,3937,7967,28658.116135060787,2051.8321816174616,irma_s005,irma,low,0,Bp_N5_s2
single,land,0.004322803207419081,0.013250658542241733,3684744,0.9539989850051853,0.9714532303139898,605299,7491,21696,354561,3268,7151,15928.423181718215,646.9671739267021,irma_s005,irma,low,0,Bp_N5_s2
single,active,0.006931588009673631,0.022365388057822466,4110456,0.9704030802991289,0.9845033971708806,1007357,7317,23407,751309,3591,8235,28491.98752389103,2056.093592061257,irma_s006,irma,low,6,Bp_N5_s2
single,land,0.004316499185534698,0.013267007591000126,3684744,0.9520783878625245,0.9708843315941769,590380,6797,22919,345929,2957,7417,15905.194474903867,648.5646527428812,irma_s006,irma,low,6,Bp_N5_s2
single,active,0.00814218011097561,0.02399196018802157,4110456,0.9650350434829131,0.9830923266644144,1118327,8466,32053,823504,4569,9594,33468.07309024036,2366.036651611516,irma_s024,irma,mid,6,Bp_N5_s2
single,land,0.005570169266345477,0.015283288429282742,3684744,0.9466496550420566,0.9704046151414573,701155,7949,31566,417503,3947,8786,20524.647783150896,860.6784695088725,irma_s024,irma,mid,6,Bp_N5_s2
single,active,0.0077576159703934555,0.022095684681515137,4110456,0.9691987063439174,0.9842909445464791,1108207,8447,26772,815676,4702,8316,31887.339111199602,2006.803875142099,irma_s037,irma,low,-6,Bp_N5_s2
single,land,0.005059084819832058,0.014754391338011303,3684744,0.9525762062069804,0.971926647045506,689749,8089,26250,407835,4237,7543,18641.432435367256,802.139525769528,irma_s037,irma,low,-6,Bp_N5_s2
single,active,0.007750741005959918,0.023245259743301414,4110456,0.9693232708794596,0.9838192815404005,1099326,8167,26624,815719,4312,9104,31859.07987239398,2221.052429190731,irma_s041,irma,mid,0,Bp_N5_s2
single,land,0.0050413488050722365,0.014492577586643924,3684744,0.9524778525744195,0.9708905213349345,680574,7776,26180,406674,3822,8371,18576.079761397094,773.9244879014269,irma_s041,irma,mid,0,Bp_N5_s2
single,active,0.008388202087279185,0.02272434347992533,4110456,0.9663058028244428,0.9829863499973983,1155006,9155,31119,850121,5218,9496,34479.33559886925,2122.6221593784844,irma_s046,irma,mid,-6,Bp_N5_s2
single,land,0.005711491160653726,0.015858666564304617,3684744,0.949244912374775,0.970412668304431,736428,8793,30583,442022,4761,8716,21045.382785271853,926.7031863437373,irma_s046,irma,mid,-6,Bp_N5_s2
single,active,0.008468842096581952,0.02422822460381077,4110456,0.96623723528302,0.9830731996330754,1162595,8775,31849,859495,4971,9828,34810.80280894786,2412.8659003621615,irma_s049,irma,high,-6,Bp_N5_s2
single,land,0.005786305797142136,0.015785733609719584,3684744,0.9492175085103368,0.9707053696759823,743673,8406,31380,450185,4492,9094,21321.055568184704,918.1990934423445,irma_s049,irma,high,-6,Bp_N5_s2
single,active,0.00752983342867985,0.023706455606689047,4110456,0.9716495700347585,0.9844440577692709,1054438,7275,23491,792064,3796,8720,30951.048995917663,2310.0599840382542,irma_s059,irma,mid,0,Bp_N5_s2
single,land,0.004644856394892036,0.01426351313178494,3684744,0.9548479130364124,0.9709617763720076,634548,6933,23073,380651,3378,8006,17115.10673194006,749.65308564276,irma_s059,irma,mid,0,Bp_N5_s2
single,active,0.007761077871988657,0.02485126388862177,4110456,0.969333031476045,0.9835892734357093,1044720,6524,26528,793909,3296,9950,31901.56910538301,2538.557271206965,irma_s063,irma,high,6,Bp_N5_s2
single,land,0.004846935481213713,0.014791385229276512,3684744,0.9507769103166994,0.9690525535135575,624746,6177,26167,381547,2887,9298,17859.71643278934,806.1669997684545,irma_s063,irma,high,6,Bp_N5_s2
single,active,0.008047067805616167,0.024088068506098324,4110456,0.9691938281479134,0.9842030361649039,1113626,7989,27408,835425,4222,9187,33077.11814400181,2385.030619477163,irma_s068,irma,high,0,Bp_N5_s2
single,land,0.005218008928634458,0.015071475947424622,3684744,0.9524549691189353,0.9717951363808345,693652,7634,26992,423795,3798,8502,19227.02709173225,836.9873417134171,irma_s068,irma,high,0,Bp_N5_s2
single,active,0.00395121642685703,0.021462062015265692,4110456,0.9858285774770881,0.9879435067171891,558812,3514,4519,490428,2352,3633,16241.30126907304,1893.3586782109358,ian_s005,ian,low,0,Bp_N5_s2
single,land,0.0011111151141646423,0.007629764820413627,3684744,0.956989810618959,0.957736485444281,146140,2718,3850,93137,1527,2583,4094.174750227481,214.5011492189458,ian_s005,ian,low,0,Bp_N5_s2
single,active,0.003957209525232797,0.021478463924589877,4110456,0.9859397402303883,0.9879378717779247,558385,3496,4467,490278,2330,3656,16265.935636250302,1896.2536995533521,ian_s006,ian,low,6,Bp_N5_s2
single,land,0.0011119212182011606,0.007635845708824776,3684744,0.9574283574441247,0.9576395967833277,145734,2692,3788,93005,1518,2596,4097.145037239417,214.84319838212264,ian_s006,ian,low,6,Bp_N5_s2
single,active,0.0042712619427259235,0.021688387200239672,4110456,0.9823094178575807,0.9873717691332656,592920,4310,6368,501652,2518,3898,17556.83428004943,1933.5015287978497,ian_s024,ian,mid,6,Bp_N5_s2
single,land,0.0014323221853456251,0.008221524697929588,3684744,0.9514601545673381,0.9583138087231364,180237,3497,5698,104300,1712,2825,5277.74057851918,249.06462697378512,ian_s024,ian,mid,6,Bp_N5_s2
single,active,0.004130173785435191,0.01911913017810937,4110456,0.9849474748941646,0.9882777594193434,583279,3823,5091,505426,2450,3545,16976.89761738479,1502.5407670936718,ian_s037,ian,low,-6,Bp_N5_s2
single,land,0.0012802910565556352,0.007712115634202979,3684744,0.9568223021704629,0.9604305073315653,169414,3181,4464,105389,1722,2620,4717.5447888970375,219.1565149990927,ian_s037,ian,low,-6,Bp_N5_s2
single,active,0.004227117505369038,0.021024931292576637,4110456,0.9850356386311675,0.9880274036408804,586373,3755,5153,509091,2475,3694,17375.380512649193,1817.017768142157,ian_s041,ian,mid,0,Bp_N5_s2
single,land,0.0013312302185761189,0.008151614511039218,3684744,0.9577267419229272,0.9600942293386234,172228,3035,4567,108410,1729,2777,4905.242560517043,244.84688762061728,ian_s041,ian,mid,0,Bp_N5_s2
single,active,0.004305798762296913,0.019207036240320923,4110456,0.9825331483545225,0.9880448539511122,604814,4255,6497,512901,2599,3607,17698.796357275918,1516.389314143034,ian_s046,ian,mid,-6,Bp_N5_s2
single,land,0.0014695750396751795,0.008036397114139613,3684744,0.9527829753261982,0.9612451971817787,190952,3608,5855,112830,1868,2681,5415.00780999288,237.97432213140277,ian_s046,ian,mid,-6,Bp_N5_s2
single,active,0.0044204669979340735,0.021153805670554717,4110456,0.9820547468089086,0.9876773412096457,609035,4320,6809,516976,2630,3820,18170.1350944601,1839.361214242029,ian_s049,ian,high,-6,Bp_N5_s2
single,land,0.001537073302494473,0.008484670986488342,3684744,0.9520306019258108,0.960532293637092,194874,3600,6219,116283,1884,2894,5663.721628926694,265.263400496619,ian_s049,ian,high,-6,Bp_N5_s2
single,active,0.004336086430926516,0.020851573101777196,4110456,0.9866515401028652,0.9886395356395854,583559,3456,4439,517100,2414,3528,17823.292486520484,1787.1773577390695,ian_s059,ian,mid,0,Bp_N5_s2
single,land,0.0013083649507338777,0.008348825686513931,3684744,0.9616867208424467,0.962718649965793,168400,2850,3859,113983,1714,2700,4820.989902026951,256.8373069769559,ian_s059,ian,mid,0,Bp_N5_s2
single,active,0.004472007581696876,0.022488799979402813,4110456,0.9861205831935561,0.9880988905681246,588500,3410,4873,521734,2438,3846,18381.990396231413,2078.8471919836247,ian_s063,ian,high,6,Bp_N5_s2
single,land,0.001411267769916656,0.009147758365417502,3684744,0.9604216366158114,0.961559793158573,173116,2823,4311,117893,1752,2961,5200.160447593778,308.34484280828616,ian_s063,ian,high,6,Bp_N5_s2
single,active,0.0044671009480557345,0.02093925150767761,4110456,0.9851404582846232,0.9884095896869775,597467,3712,5300,521988,2480,3641,18361.821894541383,1802.2386969420002,ian_s068,ian,high,0,Bp_N5_s2
single,land,0.0014475681644694311,0.008586174457980801,3684744,0.9588639053254437,0.962893046092022,182304,3102,4719,118847,1766,2814,5333.91810861975,271.6481409350131,ian_s068,ian,high,0,Bp_N5_s2
single,active,0.00417700119593513,0.016939466267328177,4110456,0.9808357362207554,0.987712919690075,627933,5481,6788,513990,2555,3839,17169.37962783873,1179.4769237601556,milton_s005,milton,low,0,Bp_N5_s2
single,land,0.0016189540435176957,0.007946174833781489,3684744,0.9492581521984522,0.9570196829820589,210236,4955,6283,109885,1987,2948,5965.431198127568,232.66097991825785,milton_s005,milton,low,0,Bp_N5_s2
single,active,0.004173798035134836,0.016927402792668026,4110456,0.9814889436969744,0.9883457865536002,625975,5265,6541,513754,2335,3723,17156.2131763082,1177.797588260655,milton_s006,milton,low,6,Bp_N5_s2
single,land,0.0016105825184698198,0.007950344996208301,3684744,0.9507372072853426,0.9595831437471563,208278,4747,6045,109665,1778,2841,5934.584271436557,232.90524553963314,milton_s006,milton,low,6,Bp_N5_s2
single,active,0.005460590327060371,0.018247985864881716,4110456,0.9753857508432372,0.9865872143180687,848451,6286,15125,616397,3016,5364,22445.516273407266,1368.7365841720182,milton_s024,milton,mid,6,Bp_N5_s2
single,land,0.0029525256273296623,0.010198539072885622,3684744,0.9548238642787313,0.9685332238043082,430722,5789,14590,212225,2455,4440,10879.301090149209,383.2509575190283,milton_s024,milton,mid,6,Bp_N5_s2
single,active,0.0050952663156252275,0.01767549217636622,4110456,0.9762576905527169,0.9865300756109069,778792,6739,12201,587527,3079,4943,20943.86799865961,1284.2010922103766,milton_s037,milton,low,-6,Bp_N5_s2
single,land,0.0024858004074672824,0.009390669374743935,3684744,0.9521892646028115,0.9644714223176057,360018,6334,11743,180659,2550,4105,9159.538136612624,324.93793848584784,milton_s037,milton,low,-6,Bp_N5_s2
single,active,0.005123909930481035,0.01784161551925967,4110456,0.9761958425513323,0.9864276122576778,775284,6542,12363,589136,2947,5159,21061.606317205355,1308.4536896248474,milton_s041,milton,mid,0,Bp_N5_s2
single,land,0.0025264910895737834,0.009607937265831264,3684744,0.9516935852567582,0.9638967475697178,355961,6101,11967,181255,2437,4352,9309.47288336046,340.1477775984126,milton_s041,milton,mid,0,Bp_N5_s2
single,active,0.005564991779174682,0.01805825170516231,4110456,0.9758894246050999,0.9867656097836639,875001,6629,14989,637345,3256,5292,22874.653848659247,1340.4215704064788,milton_s046,milton,mid,-6,Bp_N5_s2
single,land,0.003017856829443796,0.010266959945613536,3684744,0.9564917474588212,0.9697106158041817,456193,6210,14541,230411,2734,4463,11120.02984515205,388.41058406457813,milton_s046,milton,mid,-6,Bp_N5_s2
single,active,0.0056112979968352995,0.01823656139445305,4110456,0.9754862389390344,0.9864437484647507,879713,6676,15431,642530,3208,5622,23064.993518879637,1367.0232777491242,milton_s049,milton,high,-6,Bp_N5_s2
single,land,0.0030737018713970165,0.01044388141420449,3684744,0.9558471488336846,0.9689171606187653,460379,6244,15022,234570,2711,4814,11325.804528418928,401.9121952800622,milton_s049,milton,high,-6,Bp_N5_s2
single,active,0.004484460787449245,0.017131053663188348,4110456,0.9816455962031164,0.9884804661308716,654416,5312,6924,546947,2477,3897,18433.178750535473,1206.3078520891925,milton_s059,milton,mid,0,Bp_N5_s2
single,land,0.0018154294125228066,0.008554287123851975,3684744,0.9529506199500455,0.963108748132783,233876,4934,6613,136042,2058,3153,6689.3926352169365,269.6341938950309,milton_s059,milton,mid,0,Bp_N5_s2
single,active,0.004576640153706732,0.01750573681367887,4110456,0.9821441354379183,0.9890541176302228,658563,5108,6865,552904,2255,3864,18812.07797964476,1259.6526174865978,milton_s063,milton,high,6,Bp_N5_s2
single,land,0.0018859795792539548,0.00900183835079254,3684744,0.9542424339780248,0.965513699333694,237614,4797,6597,140993,1859,3177,6949.3519387785345,298.58620578966503,milton_s063,milton,high,6,Bp_N5_s2
single,active,0.005330027879947885,0.01818666347744499,4110456,0.9764059574151465,0.9869282433571368,787364,6432,12594,604233,2957,5046,21908.845079299062,1359.5527580520968,milton_s068,milton,high,0,Bp_N5_s2
single,land,0.002645433525852441,0.009951721831695582,3684744,0.9523825596581099,0.9659951635789515,366813,6066,12274,193342,2545,4261,9747.745311783627,364.9251345134619,milton_s068,milton,high,0,Bp_N5_s2
single,active,0.003952141037287527,0.01650032345232853,4110456,0.9832596257152137,0.9865944054041041,550942,4163,5217,471307,2803,3601,16245.10183956474,1119.115521136671,dorian_s005,dorian,low,0,Bp_N5_s2
single,land,0.0011665381804000952,0.007405755847251451,3684744,0.9526070720575354,0.9524833100185381,144641,2971,4225,83749,1805,2373,4298.394561000168,202.09059410439477,dorian_s005,dorian,low,0,Bp_N5_s2
single,active,0.0039698985906539575,0.016559001076719017,4110456,0.983316067534533,0.9865461275626424,551482,4147,5210,471206,2811,3615,16318.093481345102,1127.0891589031885,dorian_s006,dorian,low,6,Bp_N5_s2
single,land,0.0011844115694702177,0.007437952249707509,3684744,0.9528539075064825,0.9522047522001981,145153,2953,4229,83635,1835,2363,4364.253424135968,203.85158484778412,dorian_s006,dorian,low,6,Bp_N5_s2
single,active,0.005025899003517424,0.01762971056742375,4110456,0.9721971706059713,0.9853766310044985,653264,6656,12026,506658,2982,4537,20658.736714402214,1277.5572430333343,dorian_s024,dorian,mid,6,Bp_N5_s2
single,land,0.0023260402519670177,0.009597168370359727,3684744,0.9371756983643422,0.9574004774501581,246719,5518,11021,118710,2025,3257,8570.862862193957,339.3857070424606,dorian_s024,dorian,mid,6,Bp_N5_s2
single,active,0.004422255766856775,0.01675372560944665,4110456,0.9788383536687998,0.985848952113595,593178,5254,7570,489544,2982,4045,18177.487750411034,1153.7528860028824,dorian_s037,dorian,low,-6,Bp_N5_s2
single,land,0.001656468331246631,0.008341208778873035,3684744,0.9445957849821531,0.9533357602697732,185512,4285,6596,99513,2137,2734,6103.661744751036,256.36887854922196,dorian_s037,dorian,low,-6,Bp_N5_s2
single,active,0.004404609087075169,0.016828727843540385,4110456,0.9790001187272439,0.9855577189425722,593697,5213,7522,490995,3092,4103,18104.951849622652,1164.10613419218,dorian_s041,dorian,mid,0,Bp_N5_s2
single,land,0.0016507509341874582,0.008390221008057957,3684744,0.9449699229354808,0.9521862459562277,185525,4256,6548,100369,2263,2777,6082.594600241631,259.39053323155787,dorian_s041,dorian,mid,0,Bp_N5_s2
single,active,0.0049005026662237005,0.017240922903229317,4110456,0.9753310898827616,0.985400063385562,646902,5718,10644,509913,3030,4525,20143.300587395206,1221.8306724381348,dorian_s046,dorian,mid,-6,Bp_N5_s2
single,land,0.002166519290181986,0.009267822370760204,3684744,0.9430665741368705,0.9570070310003196,239173,4773,9666,119779,2210,3171,7983.068955382332,316.4919900745617,dorian_s046,dorian,mid,-6,Bp_N5_s2
single,active,0.004908223146797438,0.017388415714844875,4110456,0.9754386649927014,0.9854535730226401,649529,5770,10585,512223,3059,4502,20175.03528309241,1242.8251491994947,dorian_s049,dorian,high,-6,Bp_N5_s2
single,land,0.0021780885287569175,0.009321746675266068,3684744,0.9434401169746112,0.957304149825482,241315,4844,9623,121502,2259,3160,8025.698637805879,320.1856864617823,dorian_s049,dorian,high,-6,Bp_N5_s2
single,active,0.004104840262885452,0.016691211164502874,4110456,0.9839823615908435,0.9862165461583333,569467,3899,5371,491983,2921,3955,16872.765287619084,1145.1587788850275,dorian_s059,dorian,mid,0,Bp_N5_s2
single,land,0.0012780715175144009,0.0078118018269009186,3684744,0.9553521825100508,0.9545076738701821,159925,3004,4470,98761,2058,2649,4709.366355732083,224.85873087208438,dorian_s059,dorian,mid,0,Bp_N5_s2
single,active,0.004165491437210803,0.01703733161216081,4110456,0.9838543644771959,0.9862837719228252,572496,3923,5472,494428,2893,3983,17122.069271031767,1193.144810806656,dorian_s063,dorian,high,6,Bp_N5_s2
single,land,0.0013151481566944698,0.007921246080951653,3684744,0.9553813952941453,0.9554751251579318,162497,3032,4557,100580,2020,2667,4845.984279491007,231.2034609536396,dorian_s063,dorian,high,6,Bp_N5_s2
single,active,0.004514709209820157,0.01707560571557391,4110456,0.9792873684638199,0.9856835302544887,602580,5060,7685,500881,3061,4214,18557.513559760526,1198.5115951734854,dorian_s068,dorian,high,0,Bp_N5_s2
single,land,0.0017155163296643746,0.0086546861858542,3684744,0.9460914327736242,0.9547132966447719,192979,4226,6770,107558,2251,2851,6321.238502632827,276.00056479534146,dorian_s068,dorian,high,0,Bp_N5_s2
single,active,0.004917384372349528,0.018529492294938246,4110456,0.9683535064490659,0.9812293411430235,616908,7039,13122,458344,3567,5201,20212.69209763035,1411.2925321412292,beryl_s005,beryl,low,0,Bp_N5_s2
single,land,0.0023292742481351653,0.009835016890427178,3684744,0.9280955315999782,0.9399719911729757,221348,5277,11872,88598,2004,3654,8582.779310170561,356.4162861562782,beryl_s005,beryl,low,0,Bp_N5_s2
single,active,0.004792831292591896,0.018320166712192738,4110456,0.9691154605152598,0.9814384045258238,605514,6802,12495,453136,3437,5133,19700.722143622115,1379.5862159698318,beryl_s006,beryl,low,6,Bp_N5_s2
single,land,0.0021934191013317683,0.009581235808975318,3684744,0.9280936898093336,0.938415169032142,210087,5027,11250,83442,1876,3600,8082.187873117626,338.2597926058139,beryl_s006,beryl,low,6,Bp_N5_s2
single,active,0.0059566488228368466,0.019687623948674064,4110456,0.9629087143838325,0.9787620508810881,740238,9282,19232,530767,4038,7479,24484.542893722653,1593.2231727762583,beryl_s024,beryl,mid,6,Bp_N5_s2
single,land,0.0034374692707562202,0.012084746206147582,3684744,0.9308701382705491,0.9501783795655968,343950,7591,17952,160068,2522,5871,12666.194270603359,538.1240333256271,beryl_s024,beryl,mid,6,Bp_N5_s2
single,active,0.005677257205813875,0.018569503019155897,4110456,0.9665650695493013,0.980553609967485,723993,7724,17320,516588,3650,6595,23336.115945180878,1417.393919033113,beryl_s037,beryl,low,-6,Bp_N5_s2
single,land,0.0031438557012056887,0.011278932065561192,3684744,0.9357416797138712,0.9508733551644335,325727,6281,16087,142573,2323,5043,11584.303431883454,468.7521601052352,beryl_s037,beryl,low,-6,Bp_N5_s2
single,active,0.005616762624411555,0.01933543223458137,4110456,0.9663809036658142,0.9807540530447404,708478,7730,16917,509488,3698,6300,23087.455630088225,1536.7307218356457,beryl_s041,beryl,mid,0,Bp_N5_s2
single,land,0.0030866831726188335,0.0112824678322469,3684744,0.9338777256009952,0.9499480307882465,310039,6232,15720,135265,2331,4796,11373.637300208211,469.04609893667447,beryl_s041,beryl,mid,0,Bp_N5_s2
single,active,0.006182712874515772,0.018973703006274198,4110456,0.9630794643152546,0.9792634716871993,785947,9043,21087,562061,3934,7968,25413.769231330603,1479.769938356958,beryl_s046,beryl,mid,-6,Bp_N5_s2
single,land,0.0037109869720102313,0.0124080660008989,3684744,0.9337498733981856,0.954014505662298,387213,7620,19853,187440,2642,6393,13674.036979192868,567.3035616515319,beryl_s046,beryl,mid,-6,Bp_N5_s2
single,active,0.006169598040841045,0.019887438298538916,4110456,0.9631922418235925,0.9792722672610751,786825,9024,21044,562777,4015,7897,25359.861284563318,1625.7272831935188,beryl_s049,beryl,high,-6,Bp_N5_s2
single,land,0.0037064206047410933,0.012421359359338812,3684744,0.9340392192731413,0.9540678886143762,388055,7574,19830,188063,2683,6371,13657.211084796116,568.5197720270845,beryl_s049,beryl,high,-6,Bp_N5_s2
single,active,0.004959659504287188,0.018042102330263207,4110456,0.9711053705460213,0.9828519264462675,636814,6536,12412,480190,3337,5041,20386.4621673543,1338.025182157444,beryl_s059,beryl,mid,0,Bp_N5_s2
single,land,0.002363210870575208,0.009822525711081151,3684744,0.9352307655838871,0.9472990534474972,236720,5104,11290,102781,2108,3610,8707.827076086774,355.51151241086893,beryl_s059,beryl,mid,0,Bp_N5_s2
single,active,0.004872048810387981,0.018690392307237826,4110456,0.9721054157063389,0.9829647346275044,627182,6346,11651,476328,3233,5022,20026.342264952138,1435.9087373283062,beryl_s063,beryl,high,6,Bp_N5_s2
single,land,0.0022526238394317633,0.009653485940136583,3684744,0.9358823650724907,0.946648742077972,226900,4945,10600,98584,1962,3594,8300.342176603153,343.3805224983443,beryl_s063,beryl,high,6,Bp_N5_s2
single,active,0.005656907466078386,0.01894827946785451,4110456,0.9675042422396329,0.9813771975302823,717833,7469,16641,520547,3560,6318,23252.4692353867,1475.8070026012033,beryl_s068,beryl,high,0,Bp_N5_s2
single,land,0.003111190202016104,0.011292235014876285,3684744,0.9363327699065184,0.9520104020804161,317414,6086,15497,142773,2362,4835,11463.939429737628,469.8585527306271,beryl_s068,beryl,high,0,Bp_N5_s2
single,active,0.00652413149307205,0.021495102236224715,4110456,0.9729160052126525,0.9855404943792311,1026548,10546,18031,761673,4880,6295,26817.155440486968,1899.1927067746303,irma_s005,irma,low,0,Bp_N10_s0
single,land,0.004151081840624172,0.0130892164997395,3684744,0.956723794690799,0.9732789582729723,609368,9937,17627,356078,4142,5634,15295.673905748874,631.2983040437638,irma_s005,irma,low,0,Bp_N10_s0
single,active,0.006447260141903774,0.02143736538097939,4110456,0.972281519571329,0.9855124817253614,1011586,9661,19178,752968,4493,6576,26501.17913384922,1889.0037673523136,irma_s006,irma,low,6,Bp_N10_s0
single,land,0.004109403089403076,0.013036928720647647,3684744,0.9553154224378957,0.9728607390772315,594531,9041,18768,347429,3775,5917,15142.098377259448,626.2646559251274,irma_s006,irma,low,6,Bp_N10_s0
single,active,0.007493002775153992,0.02283241601171423,4110456,0.9675780244454067,0.9844176963465637,1123868,11147,26512,825702,5674,7396,30799.658215148374,2142.859719595201,irma_s024,irma,mid,6,Bp_N10_s0
single,land,0.005208146572306846,0.014734998689347627,3684744,0.9507048033183677,0.9728352235441975,706618,10536,26103,419542,4968,6747,19190.68683342822,800.0323040244441,irma_s024,irma,mid,6,Bp_N10_s0
single,active,0.007412163278102155,0.02184737519565278,4110456,0.9711817548132916,0.9849042736484451,1113220,11274,21759,817441,5978,6551,30467.371019454673,1961.9527224399965,irma_s037,irma,low,-6,Bp_N10_s0
single,land,0.004890467942440363,0.014581730913691757,3684744,0.9557371027146314,0.9730091324092403,694667,10840,21332,409451,5431,5927,18020.122408099473,783.4756071985031,irma_s037,irma,low,-6,Bp_N10_s0
single,active,0.007256369613385613,0.022422528216766466,4110456,0.9711671676215157,0.9849149115761918,1104051,10879,21899,817961,5666,6862,29826.98801555857,2066.613024422103,irma_s041,irma,mid,0,Bp_N10_s0
single,land,0.004814783690871157,0.014275827371074657,3684744,0.9554324501067374,0.9729786337704005,685218,10427,21536,408796,5104,6249,17741.24531623535,750.9480530620842,irma_s041,irma,mid,0,Bp_N10_s0
single,active,0.007939302571922184,0.02227151768779248,4110456,0.968718417352044,0.9838758830863,1160762,12120,25363,852312,6663,7305,32634.15389257297,2038.8704408316084,irma_s046,irma,mid,-6,Bp_N10_s0
single,land,0.005450539384818661,0.015480559316345467,3684744,0.9529579765457655,0.9719463134255835,742076,11697,24935,444057,6136,6681,20083.842294974253,883.040486396804,irma_s046,irma,mid,-6,Bp_N10_s0
single,active,0.007907541699778859,0.023481863888574338,4110456,0.968724632658087,0.9841518173222304,1168310,11585,26134,861806,6361,7517,32503.60222510621,2266.4969366679416,irma_s049,irma,high,-6,Bp_N10_s0
single,land,0.005491366662430399,0.01533691575875326,3684744,0.9530370191359869,0.9726372010217509,749292,11162,25761,452358,5805,6921,20234.28036119044,866.7291131200238,irma_s049,irma,high,-6,Bp_N10_s0
single,active,0.007151712015287358,0.023162199190047156,4110456,0.9732355220732701,0.9852689298409357,1058562,9744,19367,793843,4928,6941,29396.797563510016,2205.2081454097424,irma_s059,irma,mid,0,Bp_N10_s0
single,land,0.004506587490938556,0.01418660969398612,3684744,0.9574792831450937,0.9725703295529131,638609,9348,19012,382296,4421,6361,16605.621217710897,741.5911891029909,irma_s059,irma,mid,0,Bp_N10_s0
single,active,0.007243415457679816,0.023983176411237015,4110456,0.9714194706129637,0.9847537172248845,1049100,8718,22148,795875,4338,7984,29773.740528512746,2364.3044935693915,irma_s063,irma,high,6,Bp_N10_s0
single,land,0.0046310880936545895,0.014543572649073282,3684744,0.9543224596788874,0.9713225960917251,629097,8295,21816,383382,3856,7463,17064.374066565186,779.3804894254629,irma_s063,irma,high,6,Bp_N10_s0
single,active,0.007597955749926524,0.023456267633170606,4110456,0.9710911277751484,0.9851928970137578,1118226,10481,22808,837478,5453,7134,31231.06280001998,2261.5584687564133,irma_s068,irma,high,0,Bp_N10_s0
single,land,0.0050079673168177625,0.014887285176581836,3684744,0.9554983208204578,0.9736801780270197,698196,10070,22448,425729,4940,6568,18453.07752284035,816.6544552353563,irma_s068,irma,high,0,Bp_N10_s0
single,active,0.0037986123369040644,0.021049405762296955,4110456,0.9856579109631274,0.9881570816988268,559489,4299,3842,490953,2776,3108,15614.028871901333,1821.2504982395446,ian_s005,ian,low,0,Bp_N10_s0
single,land,0.0011383465270145905,0.007802672458576884,3684744,0.9569165139230433,0.9584140752360739,146702,3317,3288,93477,1813,2243,4194.51553533785,224.3334695575902,ian_s005,ian,low,0,Bp_N10_s0
single,active,0.0038049966968802884,0.02107671889270752,4110456,0.9857459987763141,0.9881895550244726,559055,4287,3797,490813,2745,3121,15640.271502671763,1825.979973854053,ian_s006,ian,low,6,Bp_N10_s0
single,land,0.0011381469333736048,0.007808715337392635,3684744,0.9572310088273208,0.9584775086505191,146285,3299,3237,93349,1792,2252,4193.78008386679,224.68107992227166,ian_s006,ian,low,6,Bp_N10_s0
single,active,0.004100703728945348,0.021285883402300677,4110456,0.9822281872982448,0.9876588364382883,594251,5715,5037,502266,2992,3284,16855.76224686578,1862.4017089166457,ian_s024,ian,mid,6,Bp_N10_s0
single,land,0.0014491803607056346,0.008369041617922637,3684744,0.9517198334190016,0.9592375124806493,181453,4723,4482,104719,2044,2406,5339.858639027923,258.0826298057442,ian_s024,ian,mid,6,Bp_N10_s0
single,active,0.004036891365827851,0.019196393872948445,4110456,0.984673509161165,0.988417094017094,584065,4786,4305,505946,2904,3025,16593.464336015284,1514.7093567524842,ian_s037,ian,low,-6,Bp_N10_s0
single,land,0.0013061895952821646,0.007866919513616405,3684744,0.9561797563293096,0.9611587826782533,170069,3985,3809,105739,2003,2270,4812.974274078384,228.04299396905873,ian_s037,ian,low,-6,Bp_N10_s0
single,active,0.004080009055752024,0.020623983297333757,4110456,0.9849102178088281,0.9882816969142254,587169,4639,4357,509646,2904,3139,16770.69770327024,1748.3770627714582,ian_s041,ian,mid,0,Bp_N10_s0
single,land,0.0013603606491911814,0.008332585535537418,3684744,0.9574219485452914,0.9607146957773597,172897,3791,3898,108775,2036,2412,5012.580739943311,255.83907800315262,ian_s041,ian,mid,0,Bp_N10_s0
single,active,0.004196171493575865,0.019286385930569784,4110456,0.9827005662723457,0.9881584493014967,606170,5530,5141,513458,3103,3050,17248.17829279788,1528.9444599955493,ian_s046,ian,mid,-6,Bp_N10_s0
single,land,0.0014868875592482348,0.008173143977324387,3684744,0.9535174508033224,0.9616652226356115,192170,4731,4637,113213,2215,2298,5478.800012614578,246.14194004464898,ian_s046,ian,mid,-6,Bp_N10_s0
single,active,0.004255084259006425,0.020741444438627465,4110456,0.9823966782541522,0.987862534953189,610422,5516,5422,517556,3119,3240,17490.336622938514,1768.3490711446896,ian_s049,ian,high,-6,Bp_N10_s0
single,land,0.0015549790276536623,0.008637758913233973,3684744,0.9531789154460008,0.9608564957792877,196128,4669,4965,116672,2248,2505,5729.699642272666,274.9219888889836,ian_s049,ian,high,-6,Bp_N10_s0
single,active,0.004212620997666968,0.02052489955006269,4110456,0.9864983747731014,0.9887912163478619,584229,4227,3769,517650,2890,2978,17315.793255586177,1731.617971134775,ian_s059,ian,mid,0,Bp_N10_s0
single,land,0.0013472869845373484,0.008556790444505444,3684744,0.9614272871075302,0.9629844863307898,168967,3487,3292,114339,2051,2344,4964.407632552087,269.79202811304305,ian_s059,ian,mid,0,Bp_N10_s0
single,active,0.004319876419927797,0.021817667965271455,4110456,0.9859808236140627,0.9882415941779429,589232,4237,4141,522259,2893,3321,17756.661949550733,1956.6207725198028,ian_s063,ian,high,6,Bp_N10_s0
single,land,0.0014493500628304419,0.009366542893734587,3684744,0.9600904072193148,0.9616557557028422,173737,3532,3690,118250,2111,2604,5340.483947914094,323.2704240757262,ian_s063,ian,high,6,Bp_N10_s0
single,active,0.004337437333944573,0.020610621121927596,4110456,0.9850636671068099,0.9886450919630256,598306,4611,4461,522580,2953,3049,17828.845313936472,1746.1122672126553,ian_s068,ian,high,0,Bp_N10_s0
single,land,0.001481821730919905,0.008784622984103548,3684744,0.9588506469694589,0.9634076384231915,183035,3867,3988,119240,2108,2421,5460.133732076734,284.35022416706755,ian_s068,ian,high,0,Bp_N10_s0
single,active,0.003975956831983438,0.016868677665722986,4110456,0.9805555079484035,0.9875821809766151,629347,7106,5374,514635,3277,3194,16342.995615767315,1169.6396520836552,milton_s005,milton,low,0,Bp_N10_s0
single,land,0.0016410464709761478,0.008128296559761508,3684744,0.9485874211184916,0.9561554794817351,211498,6442,5021,110326,2552,2507,6046.8361376505345,243.44810657377175,milton_s005,milton,low,0,Bp_N10_s0
single,active,0.003970346226880685,0.016831765291494213,4110456,0.9810914414139661,0.988184074822665,627303,6877,5213,514334,3007,3143,16319.933470359072,1164.5263954180812,milton_s006,milton,low,6,Bp_N10_s0
single,land,0.0016331089868070255,0.008130131185412056,3684744,0.9498222512424276,0.9586672473867596,209470,6213,4853,110055,2294,2451,6017.588540483266,243.55801559158394,milton_s006,milton,low,6,Bp_N10_s0
single,active,0.005198873510648071,0.018071657140341067,4110456,0.9766852328725031,0.9869259520969954,851859,8618,11717,617336,3753,4425,21369.740815084428,1342.4124169550053,milton_s024,milton,mid,6,Bp_N10_s0
single,land,0.0029210112637801915,0.010294867008563593,3684744,0.9574351677200879,0.9692517749863463,433991,7973,11321,212964,3055,3701,10763.178728146479,390.52496460057955,milton_s024,milton,mid,6,Bp_N10_s0
single,active,0.004885458654087191,0.017798992585784438,4110456,0.9762895574858611,0.9868811216959613,781470,9456,9523,588418,3770,4052,20081.46283744462,1302.2094660393102,milton_s037,milton,low,-6,Bp_N10_s0
single,land,0.00248133623918497,0.009490685128314615,3684744,0.9525120440467997,0.9654072985862715,362608,8925,9153,181373,3108,3391,9143.088819319382,331.8963302800565,milton_s037,milton,low,-6,Bp_N10_s0
single,active,0.0048689771767836485,0.01773053672432071,4110456,0.9764861675955214,0.9867008510987016,777947,9033,9700,589981,3638,4314,20013.716450173408,1292.2119963097498,milton_s041,milton,mid,0,Bp_N10_s0
single,land,0.002521935214213757,0.009758885918777402,3684744,0.9525414903310991,0.9644150377215445,358549,8485,9379,181907,3012,3700,9292.685648962855,350.919742995778,milton_s041,milton,mid,0,Bp_N10_s0
single,active,0.005363015458167232,0.018169517988255807,4110456,0.9766937771851252,0.9869545923329431,878203,9169,11787,638304,4104,4333,22044.439068116248,1356.990527845086,milton_s046,milton,mid,-6,Bp_N10_s0
single,land,0.0029991735450449883,0.010339617881932672,3684744,0.9581680994469837,0.9701575206237044,459318,8637,11416,231206,3444,3668,11051.18672506325,393.9274985543734,milton_s046,milton,mid,-6,Bp_N10_s0
single,active,0.005365559419648222,0.01814156765548787,4110456,0.9764596207352623,0.9867160776244716,882989,9132,12155,643553,4065,4599,22054.895909849554,1352.818797577937,milton_s049,milton,high,-6,Bp_N10_s0
single,land,0.003054383502155562,0.010564586046967153,3684744,0.9578282259547537,0.9695237467670461,463563,8572,11838,235412,3428,3972,11254.621283266693,411.25604041434775,milton_s049,milton,high,-6,Bp_N10_s0
single,active,0.004336413252665096,0.017229955437857106,4110456,0.981254714383209,0.9885847963350048,655643,6828,5697,547674,3154,3170,17824.63587289676,1220.2766809872885,milton_s059,milton,mid,0,Bp_N10_s0
single,land,0.0018524836089732675,0.008769596984277839,3684744,0.9520509102103976,0.9630313841901526,235029,6377,5460,136580,2628,2615,6825.927863262594,283.37830032481935,milton_s059,milton,mid,0,Bp_N10_s0
single,active,0.004382294996736536,0.01737855925906311,4110456,0.9816587206637739,0.9890524773527257,659710,6608,5718,553543,2902,3225,18013.230763105676,1241.416581625153,milton_s063,milton,high,6,Bp_N10_s0
single,land,0.0019209650727943037,0.009254056739701517,3684744,0.9531605638302121,0.9650509943036464,238700,6219,5511,141462,2415,2708,7078.264526188374,315.5525080149193,milton_s063,milton,high,6,Bp_N10_s0
single,active,0.005093803375228476,0.018184812397477716,4110456,0.9767535872834556,0.9873166593248821,790095,8941,9863,605156,3651,4123,20937.85464652814,1359.276015393578,milton_s068,milton,high,0,Bp_N10_s0
single,land,0.0026442675065869946,0.010104662257476674,3684744,0.9532552103489734,0.966684101721089,369476,8507,9611,194057,3142,3546,9743.448829291388,376.2278358842968,milton_s068,milton,high,0,Bp_N10_s0
single,active,0.0038841800653033167,0.016673959707883355,4110456,0.9829884344870342,0.9864400046001527,551775,5165,4384,471760,3337,3148,15965.75125450641,1142.7928094630306,dorian_s005,dorian,low,0,Bp_N10_s0
single,land,0.0011878255259787484,0.007520529121168591,3684744,0.9524202798807065,0.9518689312138139,145306,3699,3560,84011,2137,2111,4376.832979897037,208.40307125702552,dorian_s005,dorian,low,0,Bp_N10_s0
single,active,0.00390534274914319,0.016748749925573632,4110456,0.9829988697950502,0.9864272225161712,552293,5153,4399,471673,3342,3148,16052.739535272121,1153.0676823298209,dorian_s006,dorian,low,6,Bp_N10_s0
single,land,0.0012048125521477242,0.0075511767798231415,3684744,0.9526279685101101,0.9517239814384097,145814,3683,3568,83884,2141,2114,4439.425822651014,210.105100561802,dorian_s006,dorian,low,6,Bp_N10_s0
single,active,0.004906483050961578,0.017754426694539457,4110456,0.9728652219504706,0.9854130161973993,655932,8937,9358,507265,3579,3930,20167.882695723325,1295.6965725730633,dorian_s024,dorian,mid,6,Bp_N10_s0
single,land,0.0023206998846901695,0.009702420909672852,3684744,0.9395247321718021,0.957457755197196,249239,7542,8501,119102,2427,2865,8551.184975912794,346.87064094395777,dorian_s024,dorian,mid,6,Bp_N10_s0
single,active,0.0043421469872756795,0.017021063240634012,4110456,0.9787811676281176,0.9857867571036042,594866,7014,5882,490076,3553,3513,17848.20413672924,1190.8673114560245,dorian_s037,dorian,low,-6,Bp_N10_s0
single,land,0.0016627967639873393,0.00844246198369512,3684744,0.9452081786076966,0.9528467543374115,187086,5823,5022,99845,2539,2402,6126.980399321765,262.6307341734435,dorian_s037,dorian,low,-6,Bp_N10_s0
single,active,0.004307966023644809,0.016957980083288686,4110456,0.9788958209318463,0.9855691060985463,595292,6907,5927,491593,3693,3505,17707.704789686948,1182.0565270847949,dorian_s041,dorian,mid,0,Bp_N10_s0
single,land,0.001664196846188283,0.00850376032960328,3684744,0.9453972716332784,0.9518360327329768,186975,5701,5098,100729,2680,2417,6132.139343811199,266.4583555856133,dorian_s041,dorian,mid,0,Bp_N10_s0
single,active,0.00479126069055139,0.017485126046834675,4110456,0.9758341124094042,0.9854902657190396,649240,7772,8306,510549,3628,3889,19694.266253041103,1256.6882038234824,dorian_s046,dorian,mid,-6,Bp_N10_s0
single,land,0.0021565705043814494,0.009351172747295952,3684744,0.9450571391658739,0.9570649360990564,241395,6590,7444,120193,2635,2757,7946.410226596519,322.2103452233764,dorian_s046,dorian,mid,-6,Bp_N10_s0
single,active,0.004774783882683904,0.017481982191491458,4110456,0.9758870387031966,0.9855002007989685,651874,7867,8240,512875,3696,3850,19626.53905928135,1256.236335106109,dorian_s049,dorian,high,-6,Bp_N10_s0
single,land,0.002168981895456185,0.009419915294848894,3684744,0.9452382338670549,0.9571166164280331,243517,6687,7421,121929,2730,2733,7992.143025390804,326.96503722757666,dorian_s049,dorian,high,-6,Bp_N10_s0
single,active,0.0040559889368288315,0.016912204526007973,4110456,0.9838154317494928,0.98636532048907,570306,4850,4532,492507,3377,3431,16671.96406132169,1175.6835668641859,dorian_s059,dorian,mid,0,Bp_N10_s0
single,land,0.0013046811670035646,0.007951029642672783,3684744,0.9553340430720186,0.9551663308880941,160627,3742,3768,99088,2329,2322,4807.416102029383,232.94536068403795,dorian_s059,dorian,mid,0,Bp_N10_s0
single,active,0.004105421836722739,0.01722110717481164,4110456,0.9836556062797333,0.9863864913179256,573364,4923,4604,494950,3370,3461,16875.155821288005,1219.0236822000352,dorian_s063,dorian,high,6,Bp_N10_s0
single,land,0.0013410299759426246,0.008101393414297567,3684744,0.955319360634917,0.95578231292517,163223,3803,3831,100879,2299,2368,4941.35215767473,241.83923786886564,dorian_s063,dorian,high,6,Bp_N10_s0
single,active,0.004429842137163746,0.01723423507170687,4110456,0.9792147431742163,0.9857622214315621,604246,6807,6019,501474,3622,3621,18208.671191757545,1220.882949062637,dorian_s068,dorian,high,0,Bp_N10_s0
single,land,0.001731918166278212,0.008776345628976076,3684744,0.9465214619737912,0.954841391999717,194513,5754,5236,107941,2637,2468,6381.675071684644,283.81461577212156,dorian_s068,dorian,high,0,Bp_N10_s0
single,active,0.004785024282439651,0.018203352509801055,4110456,0.9693626933029027,0.9814692469035233,619257,8799,10773,459042,4164,4503,19668.63177189976,1362.0490961613143,beryl_s005,beryl,low,0,Bp_N10_s0
single,land,0.002311172566523382,0.009816819542342401,3684744,0.931533739263075,0.941214374749118,223515,6723,9705,89101,2414,3151,8516.079247461632,355.09858003452695,beryl_s005,beryl,low,0,Bp_N10_s0
single,active,0.004652765416710091,0.018030196557772396,4110456,0.9702146746200615,0.9816303174400568,607823,8474,10186,453738,3960,4531,19124.987523708493,1336.2598704404277,beryl_s006,beryl,low,6,Bp_N10_s0
single,land,0.002165314893168671,0.009546944496960176,3684744,0.9317329562918792,0.9394407850517543,212191,6401,9146,83862,2226,3180,7978.631060713902,335.8428570031183,beryl_s006,beryl,low,6,Bp_N10_s0
single,active,0.005767909210775168,0.01930013655696207,4110456,0.9636873680990184,0.9792986739881817,743400,11942,16070,531815,4811,6431,23708.737022886053,1531.1254221360764,beryl_s024,beryl,mid,6,Bp_N10_s0
single,land,0.0033747750912406266,0.011965537093723081,3684744,0.9329281574807384,0.951486050169716,346914,9953,14988,160902,3167,5037,12435.182268798351,527.5598246496013,beryl_s024,beryl,mid,6,Bp_N10_s0
single,active,0.00550331991019089,0.018195859906995623,4110456,0.967781230280132,0.9810844677660601,726945,9833,14368,517525,4320,5658,22621.154344763607,1360.9280727019907,beryl_s037,beryl,low,-6,Bp_N10_s0
single,land,0.0031126327723794314,0.011229319568190408,3684744,0.9386230625028577,0.9524584934001515,328458,8122,13356,143305,2842,4311,11469.254932228476,464.63744120914583,beryl_s037,beryl,low,-6,Bp_N10_s0
single,active,0.005452120989380452,0.018958706357263124,4110456,0.9676589134211089,0.9811100580386065,711358,9738,14037,510345,4383,5443,22410.703433524817,1477.431668346533,beryl_s041,beryl,mid,0,Bp_N10_s0
single,land,0.0030595151242534986,0.011239692127188219,3684744,0.9370756147405893,0.9507709312737855,312719,7959,13040,135907,2883,4154,11273.529997002333,465.4962118811515,beryl_s041,beryl,mid,0,Bp_N10_s0
single,active,0.005953444378775634,0.018515411380767184,4110456,0.9644018124046368,0.9799152072065176,789441,11547,17593,563268,4784,6761,24471.371167404577,1409.1484109711876,beryl_s046,beryl,mid,-6,Bp_N10_s0
single,land,0.003638815267011612,0.012274931841094348,3684744,0.9365479859453885,0.9554792610135454,390489,9879,16577,188410,3356,5423,13408.102722229436,555.1949394958052,beryl_s046,beryl,mid,-6,Bp_N10_s0
single,active,0.005944720918209398,0.01943109915280677,4110456,0.9645656318116025,0.97998429186548,790340,11505,17529,563979,4824,6695,24435.51376657933,1551.9750655484293,beryl_s049,beryl,high,-6,Bp_N10_s0
single,land,0.0036371674248579576,0.0122961712725778,3684744,0.9369777875669749,0.9557083628273839,391370,9809,16515,189020,3346,5414,13402.03084574081,557.1179199174725,beryl_s049,beryl,high,-6,Bp_N10_s0
single,active,0.004800855480455334,0.01770225629930239,4110456,0.9722402207275858,0.9830020973960399,639211,8236,10015,480863,3947,4368,19733.70521477051,1288.0930955986532,beryl_s059,beryl,mid,0,Bp_N10_s0
single,land,0.0023445688880112184,0.009819708923478752,3684744,0.9386259182150293,0.9480395486968576,238946,6560,9064,103269,2538,3122,8639.13614268601,355.30764288377515,beryl_s059,beryl,mid,0,Bp_N10_s0
single,active,0.004697086916628018,0.018359875622737536,4110456,0.9730522442290149,0.982932600155814,629341,7937,9492,476913,3844,4437,19307.169098975137,1385.5731959216257,beryl_s063,beryl,high,6,Bp_N10_s0
single,land,0.002225585868291284,0.009642356991639085,3684744,0.9389172382108752,0.9465858346321919,228893,6284,8607,98993,2401,3185,8200.714174671099,342.58925157288934,beryl_s063,beryl,high,6,Bp_N10_s0
single,active,0.005474772667255399,0.01852995841448347,4110456,0.9686167667568105,0.9818064044770329,720647,9522,13827,521404,4201,5461,22503.812158755958,1411.3635367102527,beryl_s068,beryl,high,0,Bp_N10_s0
single,land,0.0030816954283590116,0.01125683553919265,3684744,0.9390955292902499,0.9533291682728735,320040,7885,12871,143436,2850,4172,11355.258739473298,466.9172969387798,beryl_s068,beryl,high,0,Bp_N10_s0
single,active,0.006782345318748908,0.022132360117745883,4110456,0.9728815742858063,0.9852902028589964,1027038,11087,17541,762455,5870,5513,27878.532009523362,2013.4713752704872,irma_s005,irma,low,0,Bp_N10_s1
single,land,0.004193889193729033,0.013279446373232482,3684744,0.956702486469527,0.9728493091666643,609850,10455,17145,356774,5019,4938,15453.408043257892,649.7813756984979,irma_s005,irma,low,0,Bp_N10_s1
single,active,0.006678960478514691,0.022006614445198993,4110456,0.9723608747745661,0.9853804762751394,1012005,10007,18759,753753,5392,5791,27453.573172673583,1990.6571728181032,irma_s006,irma,low,6,Bp_N10_s1
single,land,0.004120372954830743,0.013134699943421979,3684744,0.955470294525289,0.972677488754156,594936,9364,18363,348131,4564,5215,15182.51952307485,635.6932972870361,irma_s006,irma,low,6,Bp_N10_s1
single,active,0.0077024704493814855,0.023332530888230604,4110456,0.9673548093983455,0.9841071747543911,1124223,11782,26157,826404,6652,6694,31660.665873482823,2237.761009933395,irma_s024,irma,mid,6,Bp_N10_s1
single,land,0.005231962300419107,0.014898142065249085,3684744,0.9503495854847751,0.9723237839589022,706947,11160,25774,420180,5851,6109,19278.441694695503,817.8460169444577,irma_s024,irma,mid,6,Bp_N10_s1
single,active,0.007790569898855871,0.022918427554364577,4110456,0.9710308689605867,0.9843557876246737,1113719,11966,21260,818167,7178,5825,32022.794784171507,2159.0347776013755,irma_s037,irma,low,-6,Bp_N10_s1
single,land,0.004988814681928625,0.014919311405147542,3684744,0.9555285537364454,0.972045773446092,695169,11524,20830,410110,6526,5268,18382.50496634841,820.1718856035582,irma_s037,irma,low,-6,Bp_N10_s1
single,active,0.007521541328473404,0.02301953057094593,4110456,0.9711885598324491,0.9846140339061328,1104558,11376,21392,818679,6649,6144,30916.964682871476,2178.1256513217895,irma_s041,irma,mid,0,Bp_N10_s1
single,land,0.004875890113533356,0.01450344672864648,3684744,0.9554862568381391,0.972508158486013,685720,10912,21034,409459,5989,5586,17966.406840501353,775.0857788428242,irma_s041,irma,mid,0,Bp_N10_s1
single,active,0.008313861520580668,0.02334070748423121,4110456,0.9684182169682756,0.9833637675746215,1161147,12889,24978,853013,7827,6604,34173.761970439926,2239.3296759162704,irma_s046,irma,mid,-6,Bp_N10_s1
single,land,0.0055622918248628035,0.01582142354056291,3684744,0.9525392416593432,0.9710985814611649,742471,12454,24540,444701,7198,6037,20495.621427912265,922.3556956364321,irma_s046,irma,mid,-6,Bp_N10_s1
single,active,0.008177248532955357,0.023981256147167927,4110456,0.9684656614305555,0.9836945984722169,1168694,12304,25750,862529,7503,6794,33612.220295777544,2363.925902582643,irma_s049,irma,high,-6,Bp_N10_s1
single,land,0.005584708774259337,0.015583667680620708,3684744,0.9526613082568225,0.9718706892667972,749673,11872,25380,453021,6854,6258,20578.222147699445,894.8426537515971,irma_s049,irma,high,-6,Bp_N10_s1
single,active,0.007427091112936026,0.02366140000707857,4110456,0.9733495191132496,0.985112114739242,1059197,10269,18732,794620,5845,6164,30528.73122771457,2301.2875017160927,irma_s059,irma,mid,0,Bp_N10_s1
single,land,0.004566120751693188,0.014369840732629828,3684744,0.9577101421048295,0.9722790574879546,639238,9844,18383,383006,5269,5651,16824.986043076962,760.8713470454217,irma_s059,irma,mid,0,Bp_N10_s1
single,active,0.007326382500564294,0.024129642296600275,4110456,0.9713772411858952,0.9847867148599938,1049475,9151,21773,796657,5105,7202,30114.772907739505,2393.2704108319676,irma_s063,irma,high,6,Bp_N10_s1
single,land,0.004629752605533249,0.014515045530875927,3684744,0.9542784287388402,0.9714540791809771,629464,8710,21449,384111,4553,6734,17059.453134723008,776.325989067162,irma_s063,irma,high,6,Bp_N10_s1
single,active,0.007883520726478539,0.0240334642917547,4110456,0.9711874146099269,0.9848411142914887,1118872,11032,22162,838151,6440,6461,32404.865071278065,2374.229827074202,irma_s068,irma,high,0,Bp_N10_s1
single,land,0.005078799673847211,0.015107430064581423,3684744,0.9556849246691583,0.9730539673844819,698836,10597,21808,426329,5838,5968,18714.076625410467,840.9854950132178,irma_s068,irma,high,0,Bp_N10_s1
single,active,0.0041397135989052715,0.0221384670990914,4110456,0.9855790992044552,0.98779025795343,559599,4456,3732,491074,3083,2987,17016.110600901768,2014.582682741767,ian_s005,ian,low,0,Bp_N10_s1
single,land,0.001167205597693206,0.007961481817179861,3684744,0.9566098470039357,0.9573026578379098,146809,3478,3181,93539,1991,2181,4300.853822866455,233.55820858333956,ian_s005,ian,low,0,Bp_N10_s1
single,active,0.004147713204422828,0.02217765003285724,4110456,0.9856755799133766,0.9878644830382457,559157,4431,3695,490940,3037,2994,17048.992627399042,2021.7202243887662,ian_s006,ian,low,6,Bp_N10_s1
single,land,0.001167780721583503,0.007969501049008326,3684744,0.9569335765135024,0.9575159379291966,146385,3451,3137,93421,1965,2180,4302.9730071704835,234.02895027055928,ian_s006,ian,low,6,Bp_N10_s1
single,active,0.004439193028101942,0.022384985225280242,4110456,0.9822362496178728,0.9872259654210951,594415,5877,4873,502422,3373,3128,18247.107617519796,2059.698382061993,ian_s024,ian,mid,6,Bp_N10_s1
single,land,0.001483294667525864,0.008525387399912855,3684744,0.9516964917336966,0.9578098014310126,181617,4900,4318,104816,2308,2309,5465.561126397923,267.8154120730532,ian_s024,ian,mid,6,Bp_N10_s1
single,active,0.0044131346489434545,0.02023141689657235,4110456,0.9847614264019539,0.9882830042057006,584256,4927,4114,506161,3191,2810,18139.995796557516,1682.4516892970903,ian_s037,ian,low,-6,Bp_N10_s1
single,land,0.0013428861108044701,0.008061667423477107,3684744,0.9566172463580846,0.9611453984389181,170275,4119,3603,105899,2171,2110,4948.191539470106,239.4732873049796,ian_s037,ian,low,-6,Bp_N10_s1
single,active,0.00440713370041926,0.021657181965599927,4110456,0.98493192955153,0.9880870015174683,587309,4768,4217,509844,3206,2941,18115.329161690548,1927.9416904304437,ian_s041,ian,mid,0,Bp_N10_s1
single,land,0.0013950185947260371,0.008496079311972164,3684744,0.9576584005268488,0.9604478927878681,173046,3902,3749,108934,2233,2253,5140.286396805197,265.97721620245846,ian_s041,ian,mid,0,Bp_N10_s1
single,active,0.004565016962706595,0.020302761541515276,4110456,0.9827175179607189,0.9878935556021393,606377,5730,4934,513676,3463,2832,18764.301364459097,1694.3387028993589,ian_s046,ian,mid,-6,Bp_N10_s1
single,land,0.001527780242345976,0.008366564883043878,3684744,0.9537198604060914,0.961027292761485,192392,4921,4415,113382,2469,2129,5629.479081302881,257.9298984185112,ian_s046,ian,mid,-6,Bp_N10_s1
single,active,0.004577330777367422,0.021777057143501505,4110456,0.9823770261030447,0.9876321853112172,610621,5731,5223,517780,3468,3016,18814.916757814586,1949.343548826097,ian_s049,ian,high,-6,Bp_N10_s1
single,land,0.0015927860798599402,0.008801634410644122,3684744,0.9533099624187925,0.9603363112605098,196338,4861,4755,116847,2496,2330,5869.008951047435,285.4525791757845,ian_s049,ian,high,-6,Bp_N10_s1
single,active,0.004532226099397527,0.02148751281977499,4110456,0.9864319393868797,0.9885567447241514,584310,4349,3688,517808,3174,2820,18629.515963625163,1897.851822732252,ian_s059,ian,mid,0,Bp_N10_s1
single,land,0.0013846365268354516,0.008725580996588928,3684744,0.9611699617328807,0.9625624379824753,169040,3610,3219,114466,2235,2217,5102.03113443777,280.5407985822903,ian_s059,ian,mid,0,Bp_N10_s1
single,active,0.004594231584814905,0.022781446261135683,4110456,0.9859889383714043,0.9881269609521126,589367,4369,4006,522483,3181,3097,18884.386783191934,2133.303208706393,ian_s063,ian,high,6,Bp_N10_s1
single,land,0.001482638062225172,0.009467477789493991,3684744,0.9602575856317586,0.9616334020819461,173870,3639,3557,118429,2300,2425,5463.141703955829,330.2751589517233,ian_s063,ian,high,6,Bp_N10_s1
single,active,0.00465873314254538,0.0215800196081719,4110456,0.9850439414465205,0.9883883630257948,598427,4746,4340,522725,3237,2904,19149.517598174512,1914.228040192442,ian_s068,ian,high,0,Bp_N10_s1
single,land,0.001520257726551247,0.008951503655346324,3684744,0.9588007726818236,0.9629940380628141,183153,4000,3870,119366,2292,2295,5601.760536363348,295.2563910629065,ian_s068,ian,high,0,Bp_N10_s1
single,active,0.004217901802693334,0.017422345398152756,4110456,0.9803272866608723,0.9872157483878267,629376,7285,5345,514834,3672,2995,17337.49977229163,1247.6800831814596,milton_s005,milton,low,0,Bp_N10_s1
single,land,0.0016652857909665697,0.008230294124190813,3684744,0.9480930399318783,0.9550393762048427,211548,6611,4971,110478,2846,2355,6136.151826549321,249.59623608920108,milton_s005,milton,low,0,Bp_N10_s1
single,active,0.004207687922437033,0.01738120023212889,4110456,0.9807737404752004,0.9879312430282097,627348,7130,5168,514563,3372,2914,17295.516066908836,1241.7939197948672,milton_s006,milton,low,6,Bp_N10_s1
single,land,0.0016554869498556486,0.008226507245378408,3684744,0.949007369427069,0.9581229194009613,209519,6454,4804,110233,2545,2273,6100.045605558902,249.36660316580745,milton_s006,milton,low,6,Bp_N10_s1
single,active,0.005416712937098781,0.01852544378159466,4110456,0.9765186881083174,0.9866745665321454,852202,9118,11374,617827,4410,3934,22265.160192575306,1410.6758922063407,milton_s024,milton,mid,6,Bp_N10_s1
single,land,0.0029539297038237485,0.010355431237991148,3684744,0.9571141463156642,0.9688132792139984,434325,8474,10987,213385,3589,3280,10884.474752586335,395.1333611709832,milton_s024,milton,mid,6,Bp_N10_s1
single,active,0.005091102548162549,0.018291056410655555,4110456,0.9761800423737806,0.9866023930042911,781888,9974,9105,588827,4353,3643,20926.75301571004,1375.2054409906364,milton_s037,milton,low,-6,Bp_N10_s1
single,land,0.002519071046002808,0.00958351084114412,3684744,0.9523109976678847,0.9648310574043791,363020,9438,8741,181724,3584,3040,9282.13192233257,338.42044897388365,milton_s037,milton,low,-6,Bp_N10_s1
single,active,0.005040847632720641,0.01809632763765419,4110456,0.9764272721570595,0.986581779292828,778359,9503,9288,590410,4145,3885,20720.182397002354,1346.0801035596633,milton_s041,milton,mid,0,Bp_N10_s1
single,land,0.0025526725703244445,0.009810335011394493,3684744,0.9524110244034463,0.964243770830027,358938,8945,8990,182271,3423,3336,9405.944937467575,354.6296120125985,milton_s041,milton,mid,0,Bp_N10_s1
single,active,0.005611953411525925,0.018741450980473823,4110456,0.97672024951482,0.98658985783674,878722,9676,11268,638812,4858,3825,23067.687572127208,1443.7647240929916,milton_s046,milton,mid,-6,Bp_N10_s1
single,land,0.0030550655962216103,0.010462268534586771,3684744,0.9582588327477483,0.9694216605289588,459832,9128,10902,231653,4086,3221,11257.134625284001,403.32862522882954,milton_s046,milton,mid,-6,Bp_N10_s1
single,active,0.005573978597257623,0.018567213520175267,4110456,0.9766001589464877,0.986482243586111,883537,9563,11607,644093,4767,4059,22911.59376896918,1417.0444296710966,milton_s049,milton,high,-6,Bp_N10_s1
single,land,0.003102383365939582,0.010645918484276587,3684744,0.958110978759246,0.9690713179504664,464108,8998,11293,235902,4047,3482,11431.488493345678,417.6125997691054,milton_s049,milton,high,-6,Bp_N10_s1
single,active,0.004561875143816049,0.01769645409375323,4110456,0.9809712159722108,0.9883001271725307,655741,7121,5599,547879,3521,2965,18751.387056149542,1287.2488465997135,milton_s059,milton,mid,0,Bp_N10_s1
single,land,0.0018783915210216326,0.008861297807747486,3684744,0.9513694168295239,0.9619577073290877,235130,6660,5359,136699,2910,2496,6921.391886735335,289.33567493121814,milton_s059,milton,mid,0,Bp_N10_s1
single,active,0.004577083330927579,0.017787003461295116,4110456,0.9815329372670235,0.9889352203223358,659863,6850,5565,553779,3207,2989,18813.899640111253,1300.4557607994436,milton_s063,milton,high,6,Bp_N10_s1
single,land,0.0019425928454652565,0.009283975091460757,3684744,0.9528771582676412,0.9649795640326976,238852,6453,5359,141659,2630,2511,7157.957331771031,317.5961678417773,milton_s063,milton,high,6,Bp_N10_s1
single,active,0.0052532184346157995,0.018471078701788136,4110456,0.9767411401586011,0.9872754454409249,790502,9368,9456,605576,4102,3703,21593.123233877122,1402.408454376721,milton_s068,milton,high,0,Bp_N10_s1
single,land,0.0026761115841418396,0.010155128925867339,3684744,0.9532768569801215,0.9667047884242455,369880,8922,9207,194414,3507,3189,9860.78610299714,379.9952808804028,milton_s068,milton,high,0,Bp_N10_s1
single,active,0.004248932256154074,0.017898894138185916,4110456,0.9828761634057468,0.9860837482163339,551883,5339,4276,471988,3741,2920,17465.04908590205,1316.8684796382277,dorian_s005,dorian,low,0,Bp_N10_s1
single,land,0.001225007137823025,0.0077405555952423715,3684744,0.9521368192919392,0.9510687816341287,145417,3861,3449,84181,2390,1941,4513.837701050565,220.77586185395867,dorian_s005,dorian,low,0,Bp_N10_s1
single,active,0.004271905282454594,0.017970428279608257,4110456,0.9829889303489227,0.9859917756009495,552427,5295,4265,471872,3755,2949,17559.47869969718,1327.4154213403606,dorian_s006,dorian,low,6,Bp_N10_s1
single,land,0.0012426155122432058,0.007770385858838076,3684744,0.9525525290304894,0.9507217521154804,145932,3819,3450,84040,2398,1958,4578.720053045079,222.4807762189481,dorian_s006,dorian,low,6,Bp_N10_s1
single,active,0.0052352678352663795,0.01880335269285117,4110456,0.9725183349440021,0.9851075597473292,656127,9378,9163,507621,4100,3574,21519.338085077703,1453.3177840701626,dorian_s024,dorian,mid,6,Bp_N10_s1
single,land,0.0023642852010838464,0.009851829137840724,3684744,0.9387436348102957,0.9569817491042873,249427,7963,8313,119394,2794,2573,8711.785708982497,357.63586319048517,dorian_s024,dorian,mid,6,Bp_N10_s1
single,active,0.004708354100345196,0.018227978984842033,4110456,0.9786890045329245,0.9854183580781813,595039,7248,5709,490356,4023,3233,19353.482361888513,1365.7368956566238,dorian_s037,dorian,low,-6,Bp_N10_s1
single,land,0.001710084241045054,0.008676981598606144,3684744,0.9449763059484938,0.951794393767894,187248,6043,4860,100065,2886,2182,6301.222646685317,277.4244113640218,dorian_s037,dorian,low,-6,Bp_N10_s1
single,active,0.004660763834932611,0.018133921369961625,4110456,0.9786725845559529,0.9851519655168269,595351,7106,5868,491845,4160,3253,19157.86466988176,1351.6786691070572,dorian_s041,dorian,mid,0,Bp_N10_s1
single,land,0.0017089858204877818,0.008721373600624752,3684744,0.9447197094817441,0.9508539560822586,187046,5918,5027,100936,3007,2210,6297.175248127431,280.27031535645466,dorian_s041,dorian,mid,0,Bp_N10_s1
single,active,0.005136353412971655,0.01859253936560721,4110456,0.9756012553162402,0.9851841709942978,649408,8103,8138,510884,4129,3554,21112.754704469815,1420.9127886825452,dorian_s046,dorian,mid,-6,Bp_N10_s1
single,land,0.002209524648135819,0.009554508462169275,3684744,0.9445435064833497,0.9564316505640545,241550,6893,7289,120475,3013,2475,8141.5326900705695,336.3752388594727,dorian_s046,dorian,mid,-6,Bp_N10_s1
single,active,0.005107425791070869,0.018564953897289543,4110456,0.9755389612624165,0.9851057131558842,652020,8255,8094,513179,4213,3546,20993.848987462,1416.6995431129012,dorian_s049,dorian,high,-6,Bp_N10_s1
single,land,0.00222226573162392,0.009607702066112299,3684744,0.9443873853273234,0.9563325271405202,243668,7079,7270,122182,3099,2480,8188.480321006849,340.1311243501112,dorian_s049,dorian,high,-6,Bp_N10_s1
single,active,0.00443074276559069,0.018179703839432407,4110456,0.983690581513463,0.986127787650289,570392,5011,4446,492772,3766,3166,18212.373185278848,1358.512414987786,dorian_s059,dorian,mid,0,Bp_N10_s1
single,land,0.001349402601615271,0.008206403367974046,3684744,0.9549884128587557,0.9544436433549628,160715,3895,3680,99286,2615,2124,4972.20313988626,248.14929190224902,dorian_s059,dorian,mid,0,Bp_N10_s1
single,active,0.00445219647678934,0.018360239342435376,4110456,0.9836514645241411,0.9860744924049927,573457,5020,4511,495179,3761,3232,18300.557721197605,1385.628094469566,dorian_s063,dorian,high,6,Bp_N10_s1
single,land,0.0013872688048981593,0.008329797581116525,3684744,0.9553101382811952,0.9549483990473671,163316,3902,3738,101045,2565,2202,5111.730405235663,255.66790703554875,dorian_s063,dorian,high,6,Bp_N10_s1
single,active,0.004777500029553669,0.018420832678607092,4110456,0.9791470223224557,0.9854343189129948,604355,6961,5910,501726,4047,3369,19637.703661479056,1394.7890178629295,dorian_s068,dorian,high,0,Bp_N10_s1
single,land,0.0017789665075593013,0.009006640927299138,3684744,0.9463452112347311,0.953939532955157,194614,5899,5135,108130,2942,2279,6555.03616493009,298.904888610627,dorian_s068,dorian,high,0,Bp_N10_s1
single,active,0.005142539051197565,0.01913079061233615,4110456,0.9691124886178378,0.9810167000924817,619416,9128,10614,459313,4656,4232,21138.18049822934,1504.3740743921817,beryl_s005,beryl,low,0,Bp_N10_s1
single,land,0.002338539900186172,0.00990561000078362,3684744,0.9310109431778922,0.9404443508476361,223667,7021,9553,89314,2718,2938,8616.920865971595,361.5511694578674,beryl_s005,beryl,low,0,Bp_N10_s1
single,active,0.005019914741961975,0.01899094100244291,4110456,0.9699023333429053,0.9811532784564749,607960,8817,10049,454012,4464,4257,20634.13867058605,1482.4599621135908,beryl_s006,beryl,low,6,Bp_N10_s1
single,land,0.0021975007015042447,0.009639977764561946,3684744,0.931134586627726,0.9383768821224873,212335,6702,9002,84072,2551,2970,8097.227524863556,342.4202063772485,beryl_s006,beryl,low,6,Bp_N10_s1
single,active,0.006116020151238009,0.020213418418872368,4110456,0.9635469448584203,0.9791016063237734,743521,12180,15949,532363,5480,5883,25139.63172677718,1679.459501486624,beryl_s024,beryl,mid,6,Bp_N10_s1
single,land,0.0034070017707739366,0.012034175115163715,3684744,0.9326316807946806,0.9514769176345734,347008,10172,14894,161380,3671,4559,12553.929332848638,533.6296767675385,beryl_s024,beryl,mid,6,Bp_N10_s1
single,active,0.005836161384298298,0.019101885119121476,4110456,0.9675042981620368,0.9806855292926042,727064,10171,14249,518003,5022,5180,23989.284579057246,1499.8314682767978,beryl_s037,beryl,low,-6,Bp_N10_s1
single,land,0.003146468942613726,0.011320672460616278,3684744,0.938208438736645,0.9518686821849207,328600,8428,13214,143696,3346,3920,11593.932557482272,472.22803962765835,beryl_s037,beryl,low,-6,Bp_N10_s1
single,active,0.005793783423708121,0.019821644328259627,4110456,0.9671802151274489,0.9806156457099854,711333,10076,14062,510787,5096,5001,23815.09183668159,1614.9882310287187,beryl_s041,beryl,mid,0,Bp_N10_s1
single,land,0.00309703393245252,0.011342316550553738,3684744,0.9362447454460533,0.9500481044074792,312702,8237,13057,136273,3377,3788,11411.77720040083,474.03547941592535,beryl_s041,beryl,mid,0,Bp_N10_s1
single,active,0.006280716584803392,0.01945167939924712,4110456,0.9643468639553316,0.9798454703563355,789640,11800,17394,563953,5524,6076,25816.60917030461,1555.2643229951411,beryl_s046,beryl,mid,-6,Bp_N10_s1
single,land,0.003672536661680292,0.012362116535458278,3684744,0.9364873902444286,0.9558170582464374,390681,10111,16385,189009,3913,4824,13532.357428906485,563.1096720827244,beryl_s046,beryl,mid,-6,Bp_N10_s1
single,active,0.006276935694024564,0.020333160816352915,4110456,0.9644509837651603,0.9798375761361862,790519,11788,17350,564651,5596,6023,25801.067985117435,1699.4163597684073,beryl_s049,beryl,high,-6,Bp_N10_s1
single,land,0.0036658785819202898,0.012372354820142626,3684744,0.9369044941400548,0.9559229066783628,391553,10037,16332,189614,3923,4820,13507.824109459296,564.0427913445097,beryl_s049,beryl,high,-6,Bp_N10_s1
single,active,0.005147968422568057,0.018631200898663384,4110456,0.9719481656837121,0.9825902092646636,639261,8485,9965,481142,4436,4089,21160.497690355405,1426.8282563383184,beryl_s059,beryl,mid,0,Bp_N10_s1
single,land,0.002381920968987963,0.009937956153832765,3684744,0.9380171128032028,0.9473038654816063,238988,6770,9022,103492,2858,2899,8776.768998952582,363.91627039866285,beryl_s059,beryl,mid,0,Bp_N10_s1
single,active,0.0050352180119702175,0.019340525753792432,4110456,0.9727543596115449,0.9824732971530689,629446,8243,9387,477203,4366,4147,20697.04208861105,1537.5404682470887,beryl_s063,beryl,high,6,Bp_N10_s1
single,land,0.0022666677940057995,0.009762602714468233,3684744,0.9383351431088529,0.9456584928856655,228996,6545,8504,99227,2751,2951,8352.090553956106,351.1870983841885,beryl_s063,beryl,high,6,Bp_N10_s1
single,active,0.005813419017639453,0.019399469247740105,4110456,0.9684112503678501,0.9812978836237537,720681,9715,13793,521813,4893,5052,23895.803081570193,1546.9265739260325,beryl_s068,beryl,high,0,Bp_N10_s1
single,land,0.0031261224906019825,0.011374548797984902,3684744,0.938681361867362,0.9524421423556374,320065,8062,12846,143794,3366,3814,11518.961090510711,476.7335065460195,beryl_s068,beryl,high,0,Bp_N10_s1
single,active,0.006509336649677862,0.021465140419983816,4110456,0.9726785905638674,0.9853616239266464,1025710,9942,18869,761384,4727,6584,26756.341887688264,1893.9018638834323,irma_s005,irma,low,0,Bp_N10_s2
single,land,0.004165532534950249,0.01311593977112104,3684744,0.9563539271722066,0.972939934585471,608550,9328,18445,355773,3956,5939,15348.921014962718,633.8786842173247,irma_s005,irma,low,0,Bp_N10_s2
single,active,0.006443940646746523,0.021446484078358228,4110456,0.9720496745075298,0.9853713708236409,1010746,9045,20018,752738,4369,6806,26487.534495063126,1890.6111399844235,irma_s006,irma,low,6,Bp_N10_s2
single,land,0.0041337243447976905,0.013076035557162422,3684744,0.9549358708344995,0.9725915343026025,593697,8415,19602,347186,3624,6160,15231.715977147222,630.0274996399601,irma_s006,irma,low,6,Bp_N10_s2
single,active,0.007528787158843543,0.022967396266789685,4110456,0.9670046891247283,0.9840776333144903,1122471,10391,27909,825155,5408,7943,30946.748349791393,2168.2708477321326,irma_s024,irma,mid,6,Bp_N10_s2
single,land,0.005282117993607084,0.014885817816798139,3684744,0.9497938041583951,0.9721862571756069,705220,9777,27501,418987,4685,7302,19463.252584235743,816.4934766775734,irma_s024,irma,mid,6,Bp_N10_s2
single,active,0.00742458535117554,0.021898625947730475,4110456,0.9708869235154286,0.9848506580303324,1112150,10520,22829,817104,5681,6888,30518.431404251605,1971.168428335495,irma_s037,irma,low,-6,Bp_N10_s2
single,land,0.004913156939134122,0.014656573813483672,3684744,0.9552913047909454,0.9728964872686974,693616,10079,22383,409102,5121,6276,18103.725552532822,791.538856996178,irma_s037,irma,low,-6,Bp_N10_s2
single,active,0.007244017860070126,0.022394045426581372,4110456,0.9708832805072013,0.9848245553800727,1103037,10167,22913,817494,5268,7329,29776.21667703241,2061.366022964996,irma_s041,irma,mid,0,Bp_N10_s2
single,land,0.0048379275042973935,0.014310260223917959,3684744,0.9550160163583198,0.9727850800389771,684226,9701,22528,408310,4688,6735,17826.524343894795,754.5749485987704,irma_s041,irma,mid,0,Bp_N10_s2
single,active,0.007981274675352854,0.022348297263308753,4110456,0.9681840197748606,0.9836804316468662,1159381,11355,26744,851762,6276,7855,32806.678376952186,2052.9524127935674,irma_s046,irma,mid,-6,Bp_N10_s2
single,land,0.005506457874401087,0.015623954569901703,3684744,0.9521565481860264,0.9716063933262646,740714,10922,26297,443515,5738,7223,20289.88761395216,899.4753277058293,irma_s046,irma,mid,-6,Bp_N10_s2
single,active,0.007918781900841665,0.023413308014156486,4110456,0.9681341538185834,0.9839919754235923,1166895,10859,27549,861299,5988,8024,32549.804577006027,2253.282069245719,irma_s049,irma,high,-6,Bp_N10_s2
single,land,0.005545698278513918,0.015456142731353394,3684744,0.9521627040962475,0.9723173264184035,747900,10422,27153,451831,5416,7448,20434.478457564488,880.2571464251816,irma_s049,irma,high,-6,Bp_N10_s2
single,active,0.007128498222712001,0.023079102123373288,4110456,0.9730789857865508,0.9852519789835424,1057804,9140,20125,793585,4680,7199,29301.378290535882,2189.413650414092,irma_s059,irma,mid,0,Bp_N10_s2
single,land,0.004514769043066996,0.01418811758628488,3684744,0.9572508865421181,0.97243965207829,637867,8732,19754,382020,4190,6637,16635.768142826855,741.7488446804332,irma_s059,irma,mid,0,Bp_N10_s2
single,active,0.007184348702699877,0.02382468905406047,4110456,0.9711464171568854,0.984674870103991,1048304,8202,22944,795572,4095,8287,29530.949231104925,2333.159805836855,irma_s063,irma,high,6,Bp_N10_s2
single,land,0.0046434444875419105,0.014523564355017452,3684744,0.9538500075907089,0.9711302989895098,628301,7787,22612,383074,3617,7771,17109.90421480313,777.2375019174958,irma_s063,irma,high,6,Bp_N10_s2
single,active,0.007587807502317478,0.023411568656580447,4110456,0.970856027612,0.9850812487643221,1117265,9770,23769,837059,5124,7553,31189.34887474589,2252.9472923183307,irma_s068,irma,high,0,Bp_N10_s2
single,land,0.00503052555450764,0.014911238015485455,3684744,0.9551381103458101,0.9733909488944175,697247,9352,23397,425293,4622,7004,18536.1988538187,819.2844752592765,irma_s068,irma,high,0,Bp_N10_s2
single,active,0.003818554318068534,0.020938237499674318,4110456,0.985574051265244,0.9881466840303287,559332,4188,3999,490934,2762,3127,15695.999508030713,1802.0641500903303,ian_s005,ian,low,0,Bp_N10_s2
single,land,0.0011434665656716138,0.007793942788303956,3684744,0.9565557934311524,0.958512394998923,146552,3218,3438,93454,1779,2266,4213.381567059085,223.8317794710921,ian_s005,ian,low,0,Bp_N10_s2
single,active,0.00382662313551073,0.02097358654777573,4110456,0.9856903514805213,0.9882113461011871,558916,4178,3936,490809,2730,3125,15729.166027098894,1808.1539677503313,ian_s006,ian,low,6,Bp_N10_s2
single,land,0.0011443699174042922,0.007803245912311261,3684744,0.9569245475735275,0.9587411797331581,146153,3210,3369,93344,1760,2257,4216.710186935961,224.36644533451624,ian_s006,ian,low,6,Bp_N10_s2
single,active,0.004122224150787431,0.02119304485994596,4110456,0.9823480967233014,0.9876757343527843,594020,5406,5268,502242,2959,3308,16944.2209939491,1846.1913784792507,ian_s024,ian,mid,6,Bp_N10_s2
single,land,0.0014551106766460629,0.008368166032576606,3684744,0.9520710214587765,0.9594174739485478,181241,4430,4694,104683,1986,2442,5361.71033510752,258.02863042130974,ian_s024,ian,mid,6,Bp_N10_s2
single,active,0.004066530490736621,0.01916726736138578,4110456,0.984835224503768,0.9885062411716092,584026,4649,4344,505960,2872,3011,16715.29465483129,1510.116334769666,ian_s037,ian,low,-6,Bp_N10_s2
single,land,0.0013148233580729481,0.007888809241217322,3684744,0.9565740839713982,0.9615206262899956,170032,3873,3846,105749,1972,2260,4844.787479719147,229.31382020762524,ian_s037,ian,low,-6,Bp_N10_s2
single,active,0.004098039685769183,0.02055370299960326,4110456,0.9849267814718871,0.9884394520909251,587040,4498,4486,509672,2848,3113,16844.811814608052,1736.4814850995392,ian_s041,ian,mid,0,Bp_N10_s2
single,land,0.0013676475706015253,0.008330011320372527,3684744,0.9576041054743353,0.9613144942519595,172792,3647,4003,108791,1982,2396,5039.4311798885465,255.68102787523353,ian_s041,ian,mid,0,Bp_N10_s2
single,active,0.004223764343763599,0.01925548337676644,4110456,0.9826326552787225,0.9882457555186438,605908,5306,5403,513450,3049,3058,17361.59748940915,1524.0487334796105,ian_s046,ian,mid,-6,Bp_N10_s2
single,land,0.0014961288218509222,0.008199076485714026,3684744,0.9532404831916077,0.962021874176744,191914,4521,4893,113204,2162,2307,5512.851699542254,247.70638191756328,ian_s046,ian,mid,-6,Bp_N10_s2
single,active,0.004273919640463051,0.020684885356878308,4110456,0.9822650676892909,0.9880022678290882,610131,5303,5713,517564,3053,3232,17567.75862965919,1758.7181281576823,ian_s049,ian,high,-6,Bp_N10_s2
single,land,0.001562563523042265,0.008639630613930555,3684744,0.9529059188697421,0.9612966487858338,195866,4453,5227,116662,2182,2515,5757.646566148847,275.04114651634774,ian_s049,ian,high,-6,Bp_N10_s2
single,active,0.00422196181760983,0.02043937926201971,4110456,0.9864725194552529,0.9887833829026818,584118,4130,3880,517637,2881,2991,17354.188284965232,1717.2179054849855,ian_s059,ian,mid,0,Bp_N10_s2
single,land,0.001353651462168455,0.008546807308046533,3684744,0.9613046101995969,0.9630147486165276,168857,3395,3402,114332,2040,2351,4987.859103316441,269.1628671015528,ian_s059,ian,mid,0,Bp_N10_s2
single,active,0.0043170055616660015,0.021693673735834064,4110456,0.9859832635983263,0.9883053551254903,589125,4127,4248,522267,2867,3313,17744.861412983388,1934.4442241034683,ian_s063,ian,high,6,Bp_N10_s2
single,land,0.0014543870853505078,0.009326032538515576,3684744,0.9600305203385988,0.9621003823314082,173634,3436,3793,118271,2076,2583,5359.044086422771,320.4801779513031,ian_s063,ian,high,6,Bp_N10_s2
single,active,0.004348343661171649,0.020532680812924864,4110456,0.9851351929987516,0.988623915696272,598180,4439,4587,522552,2936,3077,17873.67529212497,1732.9311788995137,ian_s068,ian,high,0,Bp_N10_s2
single,land,0.0014889904327275128,0.00877649025461087,3684744,0.959081161289646,0.9634810576674424,182915,3696,4108,119225,2083,2436,5486.548563050106,283.8239698265108,ian_s068,ian,high,0,Bp_N10_s2
single,active,0.003986795384296304,0.01690208595941345,4110456,0.980603223237482,0.987587294824777,629207,6932,5514,514611,3250,3218,16387.54700815305,1174.2771655057986,milton_s005,milton,low,0,Bp_N10_s2
single,land,0.0016398129049514426,0.008099133089110923,3684744,0.9487620295891985,0.9563528534517142,211369,6265,5150,110300,2501,2533,6042.2907626423985,241.70430822511983,milton_s005,milton,low,0,Bp_N10_s2
single,active,0.0039784995563353414,0.01685365925388153,4110456,0.9811485463260785,0.988170603074452,627158,6692,5358,514326,3006,3151,16353.44737233594,1167.5578872094325,milton_s006,milton,low,6,Bp_N10_s2
single,land,0.0016318074229798786,0.008098539800396595,3684744,0.9499882004828726,0.9587707910397044,209328,6025,4995,110041,2267,2465,6012.79261098057,241.66889821656338,milton_s006,milton,low,6,Bp_N10_s2
single,active,0.005190425661868462,0.018025715916061884,4110456,0.9765553581444323,0.9869044992501783,851401,8265,12175,617291,3721,4470,21335.01630438119,1335.5958113718239,milton_s024,milton,mid,6,Bp_N10_s2
single,land,0.002921157695045977,0.010258493172038257,3684744,0.9571334897922688,0.9692968878043451,433525,7629,11787,212908,2987,3757,10763.718289874494,387.77023317175104,milton_s024,milton,mid,6,Bp_N10_s2
single,active,0.00486396190314802,0.017691736090371588,4110456,0.9764541482096253,0.9868540443353141,781218,9063,9775,588391,3759,4079,19993.101388566196,1286.562558285282,milton_s037,milton,low,-6,Bp_N10_s2
single,land,0.002478126282058291,0.00946510519320402,3684744,0.9527809988088759,0.9653120109025478,362355,8552,9406,181330,3082,3434,9131.260949056596,330.1096425499917,milton_s037,milton,low,-6,Bp_N10_s2
single,active,0.004847463287035459,0.017650617000108195,4110456,0.9767451206448121,0.9867768318587031,777746,8616,9901,589984,3595,4311,19925.284552974626,1280.5890569832304,milton_s041,milton,mid,0,Bp_N10_s2
single,land,0.0025186694347314807,0.009705513714739706,3684744,0.9530250605703587,0.9647456296673456,358346,8081,9582,181897,2937,3710,9280.652087610215,347.09181754980136,milton_s041,milton,mid,0,Bp_N10_s2
single,active,0.005351793478650457,0.018097000020364972,4110456,0.9767077773524777,0.9869323997934172,877779,8722,12211,638263,4077,4374,21998.31161507964,1346.1801346622794,milton_s046,milton,mid,-6,Bp_N10_s2
single,land,0.003000544791538746,0.010326954740296136,3684744,0.958126716011233,0.97013102562596,458890,8211,11844,231157,3400,3717,11056.239417353645,392.9631872824228,milton_s046,milton,mid,-6,Bp_N10_s2
single,active,0.005344342738883919,0.018043844628873287,4110456,0.9764138784062911,0.9867417766663242,882560,8735,12584,643552,4047,4600,21967.685677101836,1338.2836167826986,milton_s049,milton,high,-6,Bp_N10_s2
single,land,0.003054148715187144,0.010521612542332285,3684744,0.9577015972273919,0.9695896267799109,463133,8187,12268,235396,3395,3988,11253.756153393537,407.91711755059674,milton_s049,milton,high,-6,Bp_N10_s2
single,active,0.004327413403572508,0.01715549082252586,4110456,0.9813434958193504,0.9885685714234141,655614,6738,5726,547666,3155,3178,17787.64238919504,1209.7518623914755,milton_s059,milton,mid,0,Bp_N10_s2
single,land,0.0018483275722945853,0.008726085995870474,3684744,0.9522912209038449,0.9629757614651725,234995,6279,5494,136549,2604,2646,6810.613932047039,280.5732725233366,milton_s059,milton,mid,0,Bp_N10_s2
single,active,0.004366461682183192,0.01730296587950914,4110456,0.9818219160956559,0.989139543817956,659694,6480,5734,553567,2877,3201,17948.148620299995,1230.6402250533222,milton_s063,milton,high,6,Bp_N10_s2
single,land,0.0019164460717476684,0.009176279214732685,3684744,0.9535764510355408,0.9653889984509666,238684,6093,5527,141471,2373,2699,7061.613164195791,310.27055308586085,milton_s063,milton,high,6,Bp_N10_s2
single,active,0.005061437393093512,0.018036060226965963,4110456,0.9770074563725515,0.987419659596548,789848,8478,10110,605151,3582,4128,20804.815701065585,1337.1291521367966,milton_s068,milton,high,0,Bp_N10_s2
single,land,0.002640004515112962,0.010043196599529363,3684744,0.9537489086240656,0.9670221779217543,369221,8039,9866,194033,3047,3570,9727.740797035396,371.66464375282936,milton_s068,milton,high,0,Bp_N10_s2
single,active,0.003915515729923917,0.016727526917279086,4110456,0.982869413358044,0.9863991384448092,551547,5001,4612,471701,3297,3207,16094.555125160143,1150.1473377491843,dorian_s005,dorian,low,0,Bp_N10_s2
single,land,0.0011969642784091477,0.007569070165355226,3684744,0.9519932290573169,0.9517807349640679,145099,3550,3767,83968,2100,2154,4410.506943082437,211.10201692360906,dorian_s005,dorian,low,0,Bp_N10_s2
single,active,0.00393586007644485,0.016795570299591736,4110456,0.9830177122874988,0.9863277573506344,552106,4952,4586,471585,3301,3236,16178.179666383192,1159.5233903187002,dorian_s006,dorian,low,6,Bp_N10_s2
single,land,0.0012131696297800025,0.007597929070585163,3684744,0.9525796661608498,0.9515248504659107,145638,3506,3744,83836,2109,2162,4470.219514314085,212.71484040295752,dorian_s006,dorian,low,6,Bp_N10_s2
single,active,0.004930085280825968,0.01776700117328584,4110456,0.9726369487994445,0.9853702037874269,655497,8648,9793,507173,3508,4022,20264.898623082787,1297.5325629890267,dorian_s024,dorian,mid,6,Bp_N10_s2
single,land,0.002329736274084724,0.009726380370522801,3684744,0.9389447786087862,0.9574093289254603,248826,7266,8914,119028,2356,2939,8584.481757516041,348.58590255442766,dorian_s024,dorian,mid,6,Bp_N10_s2
single,active,0.0043784736718466095,0.01710331564540274,4110456,0.9787194816824252,0.9857608146793568,594576,6756,6172,490001,3490,3588,17997.523375283927,1202.404589605569,dorian_s037,dorian,low,-6,Bp_N10_s2
single,land,0.001673682681549556,0.008491813424821849,3684744,0.9448204350025291,0.9528474848172339,186791,5592,5317,99786,2477,2461,6167.092218743637,265.71018857753126,dorian_s037,dorian,low,-6,Bp_N10_s2
single,active,0.004339628017811789,0.017018821608170098,4110456,0.9788752206667467,0.9854754271255021,594977,6598,6242,491497,3643,3601,17837.850023582578,1190.5536634770012,dorian_s041,dorian,mid,0,Bp_N10_s2
single,land,0.0016761587398159846,0.008551019325876123,3684744,0.9451622702647967,0.9515670054360671,186679,5437,5394,100652,2629,2494,6176.21585958451,269.4282289174362,dorian_s041,dorian,mid,0,Bp_N10_s2
single,active,0.004819154664052175,0.017545275111658633,4110456,0.9756896357279802,0.9855757999339704,648858,7479,8688,510478,3511,3960,19808.923203781247,1265.3491231624753,dorian_s046,dorian,mid,-6,Bp_N10_s2
single,land,0.0021662508806489186,0.00938861715085732,3684744,0.9445017067655324,0.9574201877560128,241000,6322,7839,120139,2532,2811,7982.079934965819,324.7959310300032,dorian_s046,dorian,mid,-6,Bp_N10_s2
single,active,0.004797844660757165,0.0175168433731778,4110456,0.9757124434785605,0.9854686415937792,651451,7553,8663,512762,3598,3963,19721.329372877255,1261.2515041850234,dorian_s049,dorian,high,-6,Bp_N10_s2
single,land,0.0021799569592502043,0.009452381947452394,3684744,0.9447035050905417,0.9572749628768297,243110,6402,7828,121841,2617,2821,8032.583325855434,329.22275474446354,dorian_s049,dorian,high,-6,Bp_N10_s2
single,active,0.00409309525790753,0.01699212898665561,4110456,0.983773253476482,0.9862909718689541,570133,4699,4705,492461,3368,3477,16824.487961437553,1186.8220212175324,dorian_s059,dorian,mid,0,Bp_N10_s2
single,land,0.0013182279674087514,0.008009712644247572,3684744,0.9551312194570271,0.9544736131991828,160463,3606,3932,99040,2354,2370,4857.332593541592,236.39658132385992,dorian_s059,dorian,mid,0,Bp_N10_s2
single,active,0.004127610391890201,0.017220908529101294,4110456,0.983629118889663,0.986302734869335,573202,4774,4766,494906,3368,3505,16966.36090100743,1218.995559452038,dorian_s063,dorian,high,6,Bp_N10_s2
single,land,0.0013523169769290462,0.008126933106247245,3684744,0.9552147886086477,0.9553420868148317,163080,3672,3974,100844,2311,2403,4982.941866837442,243.36644067126477,dorian_s063,dorian,high,6,Bp_N10_s2
single,active,0.004460635839586732,0.01729543822957834,4110456,0.9792377388349137,0.9857529862307045,603939,6479,6326,501421,3573,3674,18335.24735064432,1229.5696786791875,dorian_s068,dorian,high,0,Bp_N10_s2
single,land,0.0017451149314403704,0.008826421699894185,3684744,0.9464986281074707,0.9545386174006141,194213,5442,5536,107881,2610,2528,6430.301772935316,287.0626344254512,dorian_s068,dorian,high,0,Bp_N10_s2
single,active,0.004860487970235818,0.0183505115557818,4110456,0.9689010644959298,0.9811722191335586,618934,8770,11096,458855,4115,4690,19978.82194018364,1384.1601916361099,beryl_s005,beryl,low,0,Bp_N10_s2
single,land,0.002328267915462331,0.009886595115858255,3684744,0.930522849938525,0.9404203137553385,223265,6715,9955,88960,2344,3292,8579.071231892332,360.1644289400777,beryl_s005,beryl,low,0,Bp_N10_s2
single,active,0.004733287093171917,0.01816722734453264,4110456,0.9698001950640184,0.9813628043635356,607542,8452,10467,453580,3925,4689,19455.968331851065,1356.6483959405316,beryl_s006,beryl,low,6,Bp_N10_s2
single,land,0.0021867997785502045,0.009620043556702235,3684744,0.9308729252656538,0.9387391426169795,211997,6403,9340,83759,2183,3283,8057.797363214195,341.00551057010915,beryl_s006,beryl,low,6,Bp_N10_s2
single,active,0.005858831753264948,0.019454936305545224,4110456,0.9631817503906832,0.9790148220597634,742695,11615,16775,531514,4661,6732,24082.470133198425,1555.785180256371,beryl_s024,beryl,mid,6,Bp_N10_s2
single,land,0.0034141163078779376,0.012061588548472307,3684744,0.9319290143392327,0.9509293240203622,346275,9666,15627,160650,3001,5289,12580.144580755383,536.0636256109841,beryl_s024,beryl,mid,6,Bp_N10_s2
single,active,0.0055633712989082325,0.018408848901547852,4110456,0.9672486728102868,0.9808204218142106,726426,9710,14887,517320,4253,5863,22867.99293582514,1392.9748323742338,beryl_s037,beryl,low,-6,Bp_N10_s2
single,land,0.0031338078305633813,0.011298501725902755,3684744,0.9375560954694869,0.9519676503255585,328004,8036,13810,143135,2741,4481,11547.279600821435,470.38020053492835,beryl_s037,beryl,low,-6,Bp_N10_s2
single,active,0.005521604673988952,0.01910409826164498,4110456,0.9671022376301747,0.9808329007325374,710795,9579,14600,510141,4322,5647,22696.31306182593,1500.1790290614094,beryl_s041,beryl,mid,0,Bp_N10_s2
single,land,0.003082083432339715,0.011313522961504433,3684744,0.9359292979863236,0.9503573903851135,312197,7810,13562,135750,2780,4311,11356.688434813172,471.63176270953744,beryl_s041,beryl,mid,0,Bp_N10_s2
single,active,0.006022116152496289,0.018732318250609652,4110456,0.9640385804619194,0.9795672972347463,788813,11204,18221,562925,4638,7104,24753.643471725285,1442.3579706277787,beryl_s046,beryl,mid,-6,Bp_N10_s2
single,land,0.0036714791841985788,0.012356527499100062,3684744,0.9359212534923241,0.9547902443976347,389931,9562,17135,188108,3182,5725,13528.460895100608,562.6006121701291,beryl_s046,beryl,mid,-6,Bp_N10_s2
single,active,0.006016642647564261,0.019575976070534108,4110456,0.9641297871716984,0.9796866879759167,789684,11195,18185,563650,4663,7024,24731.144870536402,1575.2041765496856,beryl_s049,beryl,high,-6,Bp_N10_s2
single,land,0.003667800118294388,0.012370080777532228,3684744,0.9361486510767668,0.955172064777328,390755,9522,17130,188742,3166,5692,13514.904479084536,563.8354679232463,beryl_s049,beryl,high,-6,Bp_N10_s2
single,active,0.004863539128997734,0.017855529582083685,4110456,0.9718428762218254,0.9827409631781322,638907,8192,10319,480750,3962,4481,19991.36359402351,1310.495321550011,beryl_s059,beryl,mid,0,Bp_N10_s2
single,land,0.0023632434711191182,0.009894463543720276,3684744,0.9377772364559309,0.9471809653197232,238684,6511,9326,103184,2547,3207,8707.947200745344,360.73794398970796,beryl_s059,beryl,mid,0,Bp_N10_s2
single,active,0.0047543176957557795,0.01842301574156103,4110456,0.9727779762153269,0.9827750387494641,629114,7886,9719,476811,3818,4539,19542.413698425516,1395.1196318708505,beryl_s063,beryl,high,6,Bp_N10_s2
single,land,0.0022473318418760615,0.009713241333241269,3684744,0.938307212603594,0.9461359657933252,228703,6240,8797,98910,2363,3268,8280.842520361766,347.6447529272011,beryl_s063,beryl,high,6,Bp_N10_s2
single,active,0.005539341734639446,0.018703639396294804,4110456,0.9680788275358597,0.9815360221756045,720058,9327,14416,521229,4169,5636,22769.22046919912,1437.9449013136134,beryl_s068,beryl,high,0,Bp_N10_s2
single,land,0.003106025597328547,0.011332621868323121,3684744,0.9380420294875784,0.9527339698412276,319514,7707,13397,143295,2796,4313,11444.90918360278,473.2254756927941,beryl_s068,beryl,high,0,Bp_N10_s2
